tree
version=v4
num_class=1
num_tree_per_iteration=1
label_index=0
max_feature_idx=20
objective=quantile
feature_names=pm2_5 pm2_5_lag1 pm2_5_lag3 pm2_5_lag6 pm2_5_lag12 pm2_5_lag24 pm2_5_mean6 pm2_5_mean24 pm10 o3 no2 temp_c rh_pct wind_kmh wind_dir precip_mm boundary_layer_m hour_sin hour_cos dow_sin dow_cos
feature_infos=[0.10000000000000001:85.900000000000006] [0.10000000000000001:85.900000000000006] [0.10000000000000001:85.900000000000006] [0.10000000000000001:85.900000000000006] [0.10000000000000001:85.900000000000006] [0.10000000000000001:85.900000000000006] [0.14999999999999528:83.86666666666666] [0.67499999999999993:66.504166666666677] [0.10000000000000001:87.299999999999997] [21:148] [0:36.799999999999997] [-15:37.5] [9:98] [0:25.699999999999999] [1:360] [0:6.4000000000000004] [10:4085] [-1:1] [-1:1] [-0.97492791218182362:0.97492791218182362] [-0.90096886790241903:1]
tree_sizes=2575 2724 2721 2730 2720 2745 2716 2754 2706 2715 2744 2740 2739 2727 2781 2770 2741 2776 2762 2755 2769 2784 2784 2771 2786 2812 2776 2803 2809 2785 2772 2798 2788 2821 2784 2800 2787 2777 2820 2817 2810 2794 2827 2818 2822 2808 2795 2819 2830 2813 2809 2837 2832 2800 2837 2826 2810 2821 2804 2843 2838 2835 2826 2836 2851 2802 2839 2837 2804 2846 2796 2871 2846 2832 2861 2856 2843 2841 2849 2850 2849 2857 2868 2864 2842 2846 2874 2828 2824 2859 2877 2834 2851 2868 2875 2860 2855 2866 2865 2866 2847 2853 2839 2846 2869 2857 2822 2854 2867 2853 2870 2832 2866 2860 2873 2851 2863 2865 2846 2860 2853 2866 2845 2860 2872 2855 2843 2822 2877 2853 2831 2857 2859 2862 2866 2833 2849 2836 2847 2846 2832 2845 2877 2878 2890 2833 2855 2856 2810 2856 2868 2821 2876 2848 2865 2855 2866 2851 2853 2854 2832 2826 2882 2821 2878 2863 2855 2854 2906 2879 2882 2883 2873 2869 2889 2861 2846 2888 2876 2847 2878 2868 2867 2862 2898 2885 2857 2875 2866 2829 2853 2858 2826 2831 2857 2856 2869 2851 2887 2843

Tree=0
num_leaves=31
num_cat=0
split_feature=8 8 18 11 17 8 11 8 5 18 7 17 14 20 18 12 5 7 9 1 6 13 2 16 16 17 7 20 16 14
split_gain=155.734 38.3376 21.722 11.691 14.7192 7.3744 6.75738 6.45485 4.4812 4.37822 3.55368 3.13959 2.55532 2.23146 2.17609 1.98123 1.84917 3.21798 1.77764 1.76962 1.64485 2.11059 2.1337 1.31762 1.11711 1.16457 1.05515 1.01445 0.990535 0.960884
threshold=13.550000000000002 32.750000000000007 0.25881904510252057 6.1500000000000012 0.37940952255126054 16.950000000000003 15.65 12.15 21.600000000000005 0.78656609248549303 11.593750000000002 -0.60355339059327362 53.500000000000007 1.0000000180025095e-35 0.60355339059327384 67.500000000000014 14.65 13.752083333333337 68.500000000000014 15.750000000000002 20.050000000000001 4.9500000000000011 13.850000000000003 47.500000000000007 77.500000000000014 0.60355339059327384 12.043750000000001 -0.56174490092936669 1182.5000000000002 189.50000000000003
decision_type=2 2 2 2 2 2 2 2 2 2 2 2 2 2 2 2 2 2 2 2 2 2 2 2 2 2 2 2 2 2
left_child=7 2 3 27 8 15 13 10 20 24 -1 -8 -12 -4 -15 -6 19 -18 23 -13 21 -5 -23 -7 -9 28 -14 -2 -26 -28
right_child=1 -3 6 4 5 18 11 9 -10 -11 12 16 26 14 -16 -17 17 -19 -20 -21 -22 22 -24 -25 25 -27 29 -29 -30 -31
leaf_value=14.412799876401987 14.656000361442565 16.534800335598337 14.672000350952148 14.569200352001276 14.599200331497178 15.00000032806398 15.019200323867826 14.556000366210938 14.944400387859387 14.750400340652449 14.817600363159144 14.838000295162201 14.730000296115859 14.632800364685062 15.507199974823015 14.794400323486297 14.730000364780407 15.064000319480874 15.232800296974201 15.325600367927619 14.99520015983583 15.020000338554382 14.702400313949601 14.833600271606411 14.555200328636205 14.720000362396258 14.512000350952148 14.561200341510867 14.714000351428957 14.630800347995814
leaf_weight=5009 43 120 36 158 29 41 27 125 30 45 25 86 46 25 25 29 26 31 27 47 44 30 47 49 68 26 132 130 26 104
leaf_count=5009 43 120 36 158 29 41 27 125 30 45 25 86 46 25 25 29 26 31 27 47 44 30 47 49 68 26 132 130 26 104
internal_value=14.5999 14.6138 14.6111 14.607 14.6102 14.6194 14.62 14.5972 14.6049 14.603 14.5969 14.6237 14.6011 14.6103 14.6157 14.6076 14.6256 14.6188 14.6252 14.6283 14.6033 14.6019 14.6073 14.622 14.6009 14.6036 14.6 14.5981 14.6015 14.5989
internal_weight=6686 1080 960 657 484 175 303 5606 309 290 5316 217 307 86 50 58 190 57 117 133 279 235 77 90 245 120 282 173 94 236
internal_count=6686 1080 960 657 484 175 303 5606 309 290 5316 217 307 86 50 58 190 57 117 133 279 235 77 90 245 120 282 173 94 236
is_linear=0
shrinkage=1


Tree=1
num_leaves=31
num_cat=0
split_feature=0 0 18 0 7 9 17 11 17 11 3 4 4 20 11 3 2 0 0 2 7 13 9 2 5 13 3 5 5 10
split_gain=149.464 41.0852 23.7611 8.79038 5.46391 5.23157 4.98771 6.31371 4.95924 4.52861 4.24594 3.43845 3.02073 2.88159 3.30953 3.20739 2.85452 2.63698 2.34014 3.65119 2.18713 2.77663 1.88383 1.75645 2.47062 2.40447 1.77861 0.907464 1.40154 0.860815
threshold=11.550000000000002 18.750000000000004 0.25881904510252057 32.500000000000007 11.281250000000002 60.500000000000007 0.60355339059327384 8.9500000000000011 -0.60355339059327362 15.750000000000002 14.050000000000002 16.150000000000002 14.550000000000002 -0.56174490092936669 20.450000000000003 6.6500000000000012 25.500000000000004 16.350000000000005 9.5500000000000025 6.8500000000000005 11.927083333333334 7.1500000000000012 108.50000000000001 19.850000000000005 8.6500000000000004 4.7500000000000009 11.65 16.950000000000003 10.350000000000003 1.0500000000000003
decision_type=2 2 2 2 2 2 2 2 2 2 2 2 2 2 2 2 2 2 2 2 2 2 2 2 2 2 2 2 2 2
left_child=4 2 6 9 18 -4 23 -8 -7 11 17 -3 20 14 -6 -15 27 -9 -1 -20 21 -10 -17 24 25 -2 -27 28 -11 -21
right_child=1 3 5 -5 13 8 7 10 12 16 -12 -13 -14 15 -16 22 -18 -19 19 29 -22 -23 -24 -25 -26 26 -28 -29 -30 -31
leaf_value=-0.18851245472451339 0.0085071260773233164 0.11679993194578274 0.069119970703125019 1.8714078982661568 -0.19240327941281801 0.095335976833380534 0.011235154363263746 0.12195190292363836 0.17466718848957283 0.80857595457467824 0.066393542004405989 0.49839994033812546 0.39220784664527175 0.20868796298981834 0.2591999779434197 -0.02450240019118026 0.23820792899322304 0.27119998172758059 0.12935676814876654 0.065849568417388371 0.23247994194030761 0.20087997598651564 0.038979170060710659 0.13181116713485241 -0.042385615032956521 0.39919995857999568 0.068655993194605233 1.127745374920651 0.3149760129394395 -0.069548819128423561
leaf_weight=4741 100 49 48 115 25 26 77 53 52 34 27 25 56 27 31 268 26 27 53 33 34 33 27 25 218 31 27 30 31 337
leaf_count=4741 100 49 48 115 25 26 77 53 52 34 27 25 56 27 31 268 26 27 53 33 34 33 27 25 218 31 27 30 31 337
internal_value=-0.00010528 0.0130515 0.00841198 0.0254662 -0.00282302 0.018736 0.00399317 0.00942703 0.0215644 0.020102 0.0156667 0.0120533 0.0239773 0.0018153 0.0101053 0.000346748 0.0248852 0.0202469 -0.00316283 -0.000311322 0.0200333 0.0234884 -0.000878379 0.00148259 0.000785145 0.00457862 0.010983 0.028125 0.0245455 -0.00172507
internal_weight=6686 1144 834 310 5542 249 585 184 201 195 107 74 175 378 56 322 121 80 5164 423 119 85 295 401 376 158 58 95 65 370
internal_count=6686 1144 834 310 5542 249 585 184 201 195 107 74 175 378 56 322 121 80 5164 423 119 85 295 401 376 158 58 95 65 370
is_linear=0
shrinkage=0.04


Tree=2
num_leaves=31
num_cat=0
split_feature=1 1 18 7 1 17 11 9 11 17 1 11 3 17 3 1 2 18 20 1 2 13 5 18 11 5 3 12 10 19
split_gain=114.968 39.4493 16.8911 10.4775 8.10287 6.36476 5.40686 5.28615 5.06446 4.81705 4.635 3.89508 4.58804 3.59219 3.43137 2.83384 4.35233 2.33922 2.13775 1.86825 1.81314 1.6442 2.36597 1.5835 1.47742 1.42318 1.41297 2.76346 1.90613 1.82139
threshold=11.850000000000003 19.650000000000002 1.0000000180025095e-35 10.650000000000002 32.500000000000007 -0.37940952255126065 24.150000000000002 60.500000000000007 11.65 0.60355339059327384 7.0500000000000007 7.1500000000000012 14.250000000000002 -0.37940952255126065 12.65 9.5500000000000025 6.9500000000000011 -0.70710678118654757 1.0000000180025095e-35 15.550000000000002 14.550000000000002 4.7500000000000009 8.3500000000000032 0.60355339059327384 17.650000000000002 14.65 7.2500000000000009 72.500000000000014 2.2500000000000004 -0.60785761079279388
decision_type=2 2 2 2 2 2 2 2 2 2 2 2 2 2 2 2 2 2 2 2 2 2 2 2 2 2 2 2 2 2
left_child=3 2 9 15 8 -4 26 -7 -3 21 -8 -11 19 -10 -12 -1 -17 -15 -16 -13 24 -2 -23 -18 -9 -26 27 -5 29 -28
right_child=1 4 5 6 -6 7 10 20 13 11 14 12 -14 17 18 16 23 -19 -20 -21 -22 22 -24 -25 25 -27 28 -29 -30 -31
leaf_value=-0.17697148923770442 -0.022711466468959794 0.056959962576293918 0.13689285018142947 -0.028417435581613863 1.7993515707960483 0.078099127464311802 -0.11625193317096716 0.15421330485012308 0.3910329296476539 -0.0044974263199429746 0.1674933228729896 0.12712184247745689 -0.00071900453806263685 0.5392015161466398 0.23883134666587222 0.15806050702167471 -0.055039983017675757 0.83543279584731867 0.025276023979756635 0.27155199066007213 0.30037696336195047 0.2868319531147917 0.0049740741718847081 0.066173679845413197 0.22730713261337068 0.5528125247726714 -0.014651921917626964 0.20603318186884584 -0.081226327564279985 0.17584097793053069
leaf_weight=4693 288 25 64 31 114 57 41 26 40 43 41 31 27 33 29 29 375 55 40 33 46 40 64 36 62 29 27 30 204 33
leaf_count=4693 288 25 64 31 114 57 41 26 40 43 41 31 27 33 29 29 375 55 40 33 46 40 64 36 62 29 27 30 204 33
internal_value=-0.000153134 0.0118108 0.00739827 -0.00245205 0.0251194 0.0152421 0.00322012 0.0184615 0.0188831 0.00314231 0.00944737 0.00965926 0.0143043 0.0220775 0.0136937 -0.00297858 9.0702e-05 0.0266067 0.00805714 0.0200615 0.022122 0.000895673 0.00518095 -0.000980583 0.0248475 0.0273478 0.000306748 0.00574193 -0.000966039 0.0052459
internal_weight=6686 1077 810 5609 267 284 476 220 153 526 151 134 91 128 110 5133 440 88 69 64 163 392 104 411 117 91 325 61 264 60
internal_count=6686 1077 810 5609 267 284 476 220 153 526 151 134 91 128 110 5133 440 88 69 64 163 392 104 411 117 91 325 61 264 60
is_linear=0
shrinkage=0.04


Tree=3
num_leaves=31
num_cat=0
split_feature=0 8 18 8 0 18 17 9 4 7 2 11 8 17 18 17 19 13 0 2 20 9 4 4 4 3 7 9 9 17
split_gain=134.705 32.5559 18.7968 10.6558 9.2219 6.36586 4.94534 4.45099 3.5694 3.30672 3.13649 4.6999 4.48796 2.64005 2.05667 2.16234 1.96639 1.93397 1.77682 1.74625 1.85704 1.70345 1.6769 2.60209 1.63944 1.58401 1.52995 1.44352 1.30202 1.79272
threshold=12.850000000000003 32.750000000000007 0.25881904510252057 12.15 17.650000000000002 0.78656609248549303 0.60355339059327384 56.500000000000007 8.7500000000000018 8.0812500000000025 14.15 5.6500000000000012 16.950000000000003 -0.37940952255126065 0.60355339059327384 -1.0000000180025095e-35 -1.0000000180025095e-35 7.0500000000000007 4.0500000000000007 6.7500000000000009 -0.22252093395631442 58.500000000000007 13.250000000000002 8.1500000000000004 10.450000000000001 4.4500000000000011 8.7520833333333368 106.50000000000001 49.500000000000007 -0.25881904510252113
decision_type=2 2 2 2 2 2 2 2 2 2 2 2 2 2 2 2 2 2 2 2 2 2 2 2 2 2 2 2 2 2
left_child=3 2 4 9 10 17 16 -4 -8 -1 11 -2 28 -9 -11 18 -6 25 -16 -20 -21 -18 23 -15 -7 -5 -17 -22 -13 -30
right_child=1 -3 7 5 6 24 8 13 -10 14 -12 12 -14 22 15 26 21 -19 19 20 27 -23 -24 -25 -26 -27 -28 -29 29 -31
leaf_value=-0.18989262966819623 -0.02681884001772529 1.7105775772009792 0.12131060886124076 0.035512159226890119 0.011604203201164984 0.081104976908737067 0.27456749736495367 0.37859162543172131 0.55578706948925938 -0.07166583340608576 0.013796534387054256 -0.0064403500469450529 0.33175862892771635 0.2308817780037547 -0.017630977917576226 0.037071404247996799 0.43106910617680849 0.11301563578626481 0.18415923768791384 0.11869198931619268 -0.060432394277174686 0.27598277779124408 0.65444972953157743 0.19608848709161286 0.14108566489501723 -0.023666223827890579 -0.074378531488477964 0.046282568360047523 0.059920180176024136 0.29105128427228932
leaf_weight=4254 63 120 35 31 40 33 25 32 46 664 202 25 35 35 43 30 33 46 26 54 56 39 75 56 45 295 163 26 26 33
leaf_count=4254 63 120 35 31 40 33 25 32 46 664 202 25 35 35 43 30 33 46 26 54 56 39 75 56 45 295 163 26 26 33
internal_value=-0.000177061 0.0140282 0.0110861 -0.00244564 0.0071338 0.00345898 0.0145 0.0206325 0.0227222 -0.00294602 0.0035948 0.00738798 0.0120333 0.0229548 -0.000948261 0.00132331 0.00913274 0.00126541 0.00417476 0.00608589 0.00420438 0.0130411 0.025006 0.0208261 0.0137722 0.000171253 -0.00171134 0.000385541 0.00687059 0.0100667
internal_weight=6686 920 800 5766 567 450 183 233 71 5316 384 182 119 198 1062 398 112 372 205 162 136 72 166 91 78 326 193 82 84 59
internal_count=6686 920 800 5766 567 450 183 233 71 5316 384 182 119 198 1062 398 112 372 205 162 136 72 166 91 78 326 193 82 84 59
is_linear=0
shrinkage=0.04


Tree=4
num_leaves=31
num_cat=0
split_feature=8 8 8 18 7 18 6 3 19 8 7 12 3 7 5 16 10 18 8 5 4 2 5 13 5 14 7 10 6 9
split_gain=120.361 23.6533 22.7314 12.3019 8.87881 8.77794 6.51793 4.3521 3.98305 3.65227 3.25727 3.28183 3.23433 3.18403 4.43285 2.36909 2.17749 2.17475 3.52753 1.66415 1.6641 1.46785 1.44545 1.36988 1.46386 1.1649 2.10373 1.08997 1.7903 1.89763
threshold=16.950000000000003 32.750000000000007 12.15 0.60355339059327384 11.039583333333335 -0.70710678118654757 20.050000000000001 14.15 -1.0000000180025095e-35 18.950000000000003 8.0812500000000025 15.500000000000002 5.6500000000000012 8.2708333333333357 14.65 1532.5000000000002 1.6500000000000001 -0.12940952255126037 15.050000000000002 8.1500000000000004 4.5500000000000007 10.350000000000003 9.3500000000000032 4.7500000000000009 8.2500000000000018 179.50000000000003 10.650000000000002 2.4500000000000006 6.0833333333333313 89.500000000000014
decision_type=2 2 2 2 2 2 2 2 2 2 2 2 2 2 2 2 2 2 2 2 2 2 2 2 2 2 2 2 2 2
left_child=2 4 10 17 12 6 -6 16 -9 -10 -1 -12 -2 -5 15 -15 -7 23 25 21 -14 27 -20 -4 -25 -19 -27 28 -13 -30
right_child=1 -3 3 13 5 7 -8 8 9 -11 11 19 20 14 -16 -17 -18 18 22 -21 -22 -23 -24 24 -26 26 -28 -29 29 -31
leaf_value=-0.18229692448146836 0.45064875621902389 1.6421544741129401 -0.037293975958251541 0.055661371007353716 -0.0071664840709073198 0.15034944967738156 0.52642154812449693 0.26924412389945301 0.22738911925727068 0.59027911302223179 0.1064339380478225 -0.013197908459065624 0.11613618828849522 0.16416453262857661 0.17221707029073713 0.13462953716596054 0.38437732019220217 -0.032104796391617271 0.22043715633748318 -0.060908950272474643 -0.014168862826736328 -0.13365344829774842 0.13532672852741362 0.22988416116240953 -0.0058707102756025134 0.00012578230282377285 0.21672630360649539 -0.0047920521220649456 0.15208077659989416 0.021946816507794301
leaf_weight=4254 25 120 308 40 70 25 40 36 27 51 29 39 44 60 26 25 94 69 27 650 90 105 28 47 53 40 25 156 37 46
leaf_count=4254 25 120 308 40 70 25 40 36 27 51 29 39 44 60 26 25 94 69 27 650 90 105 28 47 53 40 25 156 37 46
internal_value=-0.000254824 0.016488 -0.00197461 0.00455007 0.0126282 0.0162442 0.00684685 0.0206325 0.0148174 0.0198481 -0.00289336 -0.000910631 0.004775 0.0147105 0.0181786 0.0225581 0.0260333 0.00195987 0.00549474 -0.0012882 0.00225185 0.000802082 0.0139286 0.000312957 0.00435643 0.00195555 0.00575757 0.00232258 0.00513821 0.00842857
internal_weight=6686 622 6064 748 502 343 110 233 114 78 5316 1062 159 151 111 85 119 597 189 1033 134 383 55 408 100 134 65 278 122 83
internal_count=6686 622 6064 748 502 343 110 233 114 78 5316 1062 159 151 111 85 119 597 189 1033 134 383 55 408 100 134 65 278 122 83
is_linear=0
shrinkage=0.04


Tree=5
num_leaves=31
num_cat=0
split_feature=0 0 0 18 18 7 6 17 7 17 3 5 18 19 3 12 2 12 0 20 0 5 3 4 10 0 18 16 17 18
split_gain=115.634 22.9357 19.0934 11.4357 6.16798 4.3549 4.11526 3.94895 3.86536 6.14162 3.73527 3.73926 2.99657 2.798 2.71271 2.62147 2.59663 3.18958 3.76491 2.4378 3.10344 2.27702 1.85543 1.61838 1.51937 1.41764 3.50365 1.43875 1.33613 1.72974
threshold=15.950000000000001 11.250000000000002 32.500000000000007 0.60355339059327384 -0.70710678118654757 10.756250000000003 20.050000000000001 0.60355339059327384 11.039583333333335 0.12940952255126045 4.8500000000000005 14.65 0.1294095225512602 -0.8783796973249266 18.650000000000002 18.500000000000004 14.550000000000002 72.500000000000014 13.550000000000002 1.0000000180025095e-35 9.5500000000000025 2.7500000000000004 12.450000000000001 5.5500000000000007 1.2500000000000002 6.1500000000000012 0.78656609248549303 22.500000000000004 -0.25881904510252113 0.37940952255126048
decision_type=2 2 2 2 2 2 2 2 2 2 2 2 2 2 2 2 2 2 2 2 2 2 2 2 2 2 2 2 2 2
left_child=1 5 4 7 6 25 22 21 12 14 -5 24 -6 -11 -10 -7 17 18 -9 20 28 -3 -2 -19 -12 -1 -27 -28 29 -17
right_child=2 3 -4 10 8 15 -8 16 9 13 11 -13 -14 -15 -16 19 -18 23 -20 -21 -22 -23 -24 -25 -26 26 27 -29 -30 -31
leaf_value=-0.21900506276099868 0.35778178713770004 0.29292129264945516 1.9956681259664197 0.047577640151614198 -0.0077540641466064698 0.060010321388202136 0.68137130595625295 0.045011337995544402 0.25207834483840752 0.71822399487005673 0.13736713281216656 0.47697233557628949 0.41843113401854759 0.51587290112821338 0.48172651359936974 -0.079984700151256943 -0.026832904902629965 -0.0064246577539660756 0.18770287095844113 -0.047084416667615668 0.14743986951626886 -0.031562104278052699 -0.013046328232782543 0.12638900863054467 0.18034282521214379 -0.10790405738819248 0.070416187472946992 0.03254430854343103 -0.1194199021751364 0.15568256600796535
leaf_weight=3405 25 26 116 29 32 28 43 55 27 26 34 27 34 106 37 27 37 45 39 222 41 321 76 36 40 1393 30 212 73 34
leaf_count=3405 25 26 116 29 32 28 43 55 27 26 34 27 34 106 37 27 37 45 39 222 41 321 76 36 40 1393 30 212 73 34
internal_value=-0.000404973 -0.00193924 0.017652 0.00493333 0.0135037 -0.00280644 0.00678621 0.00243571 0.0171559 0.0199797 0.0155725 0.0191765 0.00859701 0.0249023 0.0096 0.00107981 0.006723 0.00875 0.0137263 0.000231155 0.00375 -0.000195403 0.00231372 0.00287805 0.0237867 -0.0031343 -0.00216382 0.0022716 0.000770369 0.00509677
internal_weight=6676 6154 522 689 406 5465 144 559 262 196 130 101 66 132 64 425 212 175 94 397 175 347 101 81 74 5040 1635 242 134 61
internal_count=6676 6154 522 689 406 5465 144 559 262 196 130 101 66 132 64 425 212 175 94 397 175 347 101 81 74 5040 1635 242 134 61
is_linear=0
shrinkage=0.04


Tree=6
num_leaves=31
num_cat=0
split_feature=0 8 0 18 18 7 1 0 14 16 18 11 11 7 5 2 0 18 4 11 13 0 19 7 0 12 20 11 4 14
split_gain=105.211 22.6732 16.729 10.6571 6.81541 4.16338 6.18836 4.37342 5.15337 3.37205 3.74842 2.95537 2.92732 2.86509 2.27417 2.13074 3.00222 2.02242 1.85781 1.81795 1.60003 2.00086 1.46012 2.41461 1.39792 1.26207 1.17013 1.09396 0.98628 0.969719
threshold=16.450000000000003 12.050000000000002 32.500000000000007 0.37940952255126048 1.0000000180025095e-35 10.102083333333335 14.550000000000002 12.850000000000003 193.50000000000003 57.500000000000007 -0.78656609248549325 10.15 15.15 8.0812500000000025 8.0500000000000025 14.050000000000002 12.950000000000001 0.60355339059327384 11.15 22.750000000000004 7.7500000000000009 12.050000000000002 -1.0000000180025095e-35 6.0333333333333341 6.7500000000000009 72.500000000000014 -0.56174490092936669 17.850000000000005 14.65 27.500000000000004
decision_type=2 2 2 2 2 2 2 2 2 2 2 2 2 2 2 2 2 2 2 2 2 2 2 2 2 2 2 2 2 2
left_child=1 13 4 12 9 20 7 8 -7 10 -2 -6 22 -1 17 16 27 -15 24 -13 21 -5 23 -3 -19 -12 -18 -14 -21 -20
right_child=2 3 -4 5 11 6 -8 -9 -10 -11 25 19 15 14 -16 -17 26 18 29 28 -22 -23 -24 -25 -26 -27 -28 -29 -30 -31
leaf_value=-0.16668890809486547 0.22773396945571808 0.27640442148851646 1.9158414009277629 0.0093327202587729381 0.30594170148260719 -0.029638202658976764 -0.019987289502609869 0.254677314998979 0.14962333085808716 0.12071464722156744 0.52352979238688024 0.40068340522306239 0.099409886927317004 -0.056948614712179525 -0.050445152425778954 0.0093753383223675654 0.044493191245792908 0.068414380332738167 0.10346681089861569 0.31134467940181138 -0.015792514725152685 0.11158488957908431 -0.047649802140641566 -0.005602985804310334 0.15701036741620131 0.21043399629276308 0.2418318738893111 -0.033575534381821745 0.71146593034588013 -0.0064516485249162979
leaf_weight=4248 58 30 116 56 28 26 31 49 30 113 25 48 32 163 666 123 32 35 25 27 30 37 190 154 32 25 42 62 30 113
leaf_count=4248 58 30 116 56 28 26 31 49 30 113 25 48 32 163 666 123 32 35 25 27 30 37 190 154 32 25 42 62 30 113
internal_value=-0.000476862 -0.00185984 0.0177495 0.00391784 0.0133634 0.0107846 0.0155912 0.0201887 0.0122105 0.00899099 0.0140183 0.0205075 0.00123123 -0.0028711 -0.000981643 0.00423288 0.00714793 0.00153929 0.00417476 0.0235849 0.0053871 0.00795745 -0.00110933 0.00142703 0.00958823 0.0219608 0.01312 0.00235789 0.0181379 0.0014964
internal_weight=6676 6206 470 924 354 259 136 105 56 221 108 133 665 5282 1034 291 168 368 205 105 123 93 374 184 67 50 74 94 57 138
internal_count=6676 6206 470 924 354 259 136 105 56 221 108 133 665 5282 1034 291 168 368 205 105 123 93 374 184 67 50 74 94 57 138
is_linear=0
shrinkage=0.04


Tree=7
num_leaves=31
num_cat=0
split_feature=0 8 0 18 18 7 2 7 3 11 7 10 12 20 12 18 17 6 0 18 7 13 0 8 10 9 17 9 16 4
split_gain=97.1023 21.434 16.4127 9.89707 6.53231 3.99582 5.81213 3.29411 3.75025 2.88413 2.74248 2.45605 5.06358 2.35531 2.31559 2.05985 1.87723 3.00403 1.74482 1.58572 2.75301 1.49335 1.80138 1.47935 1.46063 2.28927 1.4551 2.34094 1.44119 1.38012
threshold=16.450000000000003 11.950000000000001 25.150000000000002 0.37940952255126048 -0.70710678118654757 10.102083333333335 14.550000000000002 11.039583333333335 18.650000000000002 14.050000000000002 8.1395833333333361 10.750000000000002 48.500000000000007 1.0000000180025095e-35 16.500000000000004 0.1294095225512602 0.60355339059327384 15.008333333333335 12.850000000000003 0.78656609248549303 8.5437500000000011 7.2500000000000009 12.050000000000002 16.250000000000004 12.450000000000001 60.500000000000007 -1.0000000180025095e-35 89.500000000000014 617.50000000000011 2.7500000000000004
decision_type=2 2 2 2 2 2 2 2 2 2 2 2 2 2 2 2 2 2 2 2 2 2 2 2 2 2 2 2 2 2
left_child=1 10 4 9 24 21 13 15 28 29 -1 12 -4 18 -12 -6 -11 23 -7 -16 -21 22 -5 -18 25 -2 27 -22 -9 -3
right_child=2 3 11 5 7 6 -8 8 -10 16 14 -13 -14 -15 19 -17 17 -19 -20 20 26 -23 -24 -25 -26 -27 -28 -29 -30 -31
leaf_value=-0.16083047559354655 0.39707159694836164 0.059030109527277219 2.0540077734050897 0.0059780123307061695 -0.016174395676820826 0.12835841686290936 -0.042217956679207323 0.35223509513613266 0.46054943472566146 0.024011216934795142 0.062596096240977325 1.453207802588065 0.15844291145369055 0.10822908791622565 -0.053461011240527045 0.39545929923055823 0.082494400755790953 -0.037121117457641087 0.6013063048442302 0.086959098630365231 0.15578663830954786 -0.015014831742808642 0.10713240482738277 0.16708338478877799 -0.030186453159732864 0.0055286638504423022 -0.092807936484667272 -0.022768354037244549 0.17316897732781997 -0.037221221750036101
leaf_weight=4256 30 50 60 52 26 32 32 71 49 214 32 66 32 47 720 27 58 26 31 31 45 37 36 29 42 40 115 60 27 303
leaf_count=4256 30 50 60 52 26 32 32 71 49 214 32 66 32 47 720 27 58 26 31 31 45 37 36 29 42 40 115 60 27 303
internal_value=-0.000524788 -0.00185339 0.0169851 0.00368354 0.0116038 0.010194 0.0147692 0.0159204 0.019 0.001116 -0.00285095 0.0274717 0.0227097 0.0190991 -0.000968128 0.00718518 0.00381707 0.00796491 0.0241875 -0.00132099 0.0014127 0.00492063 0.00773034 0.0115 0.00382301 0.00732394 -0.000180996 0.00320755 0.0235152 -0.00138983
internal_weight=6676 6206 470 947 312 267 142 200 147 680 5259 158 92 110 1003 53 327 113 63 971 251 125 88 87 112 70 220 105 98 353
internal_count=6676 6206 470 947 312 267 142 200 147 680 5259 158 92 110 1003 53 327 113 63 971 251 125 88 87 112 70 220 105 98 353
is_linear=0
shrinkage=0.04


Tree=8
num_leaves=31
num_cat=0
split_feature=0 8 0 18 18 4 14 0 10 12 9 11 7 11 5 3 18 16 5 13 5 4 10 2 0 4 14 5 0 20
split_gain=89.0186 19.5009 16.4105 8.58918 6.64633 3.49396 3.76977 3.97417 2.95011 4.94906 2.90324 2.70223 2.68421 2.59999 2.57946 3.64297 2.21777 1.90974 1.90334 1.83746 1.82237 1.99406 1.83099 1.61467 2.57656 1.43329 1.48154 1.14624 1.11028 1.5432
threshold=16.650000000000002 12.050000000000002 25.150000000000002 0.37940952255126048 -0.70710678118654757 13.250000000000002 193.50000000000003 13.050000000000002 10.750000000000002 41.500000000000007 60.500000000000007 15.350000000000003 8.0812500000000025 14.550000000000002 12.750000000000002 17.250000000000004 0.60355339059327384 32.500000000000007 8.5500000000000025 6.1500000000000012 8.0500000000000025 11.15 1.3500000000000003 14.050000000000002 14.65 2.7500000000000004 189.50000000000003 15.750000000000002 11.65 1.0000000180025095e-35
decision_type=2 2 2 2 2 2 2 2 2 2 2 2 2 2 2 2 2 2 2 2 2 2 2 2 2 2 2 2 2 2
left_child=1 12 4 11 -2 19 7 -7 9 -4 13 25 27 -6 18 -16 -14 -13 -12 28 21 22 -18 24 -19 26 -3 -1 -5 -30
right_child=2 3 8 5 10 6 -8 -9 -10 -11 14 17 16 -15 15 -17 20 23 -20 -21 -22 -23 -24 -25 -26 -27 -28 -29 29 -31
leaf_value=-0.15714408490302226 0.077711944243941539 0.11666933729049783 2.0262476429042544 0.020734515934810224 -0.011656294091517938 -0.02809646261510771 0.1629474931553776 0.67645405959393101 1.3950794904845425 0.30515859113023047 0.56653648424043579 0.11548078610916812 -0.070130262394426934 0.24600478771631573 0.39237064306503117 0.28638118471557517 0.12220876912942258 0.038759695427461924 0.097940537713916309 0.0045931494035714492 -0.017811212003150702 0.017517831352945632 0.036161155364945206 -0.019870362823665149 0.25190664318081452 -0.023376473248430153 -0.011761310905776701 0.013255912426673646 0.1118772257644048 0.10977978871175922
leaf_weight=4203 102 29 49 44 31 27 41 27 66 43 31 29 640 31 33 27 30 115 32 62 189 138 37 126 29 330 25 45 26 39
leaf_count=4203 102 29 49 44 31 27 41 27 66 43 31 29 640 31 33 27 30 115 32 62 189 138 37 126 29 330 25 45 26 39
internal_value=-0.00062663 -0.001862 0.0166368 0.00341474 0.010875 0.00949813 0.015625 0.00843636 0.0269686 0.0218495 0.0153763 0.00103509 -0.00281053 0.00812698 0.0189355 0.024918 -0.000981643 0.00388 0.0129375 0.00602325 0.00137721 0.00398058 0.00958823 0.00280443 0.00568276 -0.00118442 0.0048 -0.00325536 0.00912727 0.0124242
internal_weight=6676 6231 445 949 287 266 95 54 158 92 185 683 5282 62 123 60 1034 299 63 171 394 205 67 270 144 384 54 4248 109 65
internal_count=6676 6231 445 949 287 266 95 54 158 92 185 683 5282 62 123 60 1034 299 63 171 394 205 67 270 144 384 54 4248 109 65
is_linear=0
shrinkage=0.04


Tree=9
num_leaves=31
num_cat=0
split_feature=0 0 0 11 17 16 17 7 17 9 11 3 7 5 2 2 5 8 11 6 8 10 9 17 4 4 5 3 3 4
split_gain=80.3817 18.7538 18.6719 5.55769 4.54793 5.40041 3.80572 5.26353 3.7711 3.36436 3.2118 3.13227 2.98222 2.66878 2.28309 2.12948 2.89755 2.01936 1.76135 1.62746 1.59181 1.46978 3.40624 1.24449 1.65168 2.41911 1.29371 1.22304 1.02713 0.973257
threshold=16.450000000000003 32.500000000000007 10.350000000000003 25.750000000000004 -0.60355339059327362 762.50000000000011 0.37940952255126054 11.039583333333335 -1.0000000180025095e-35 60.500000000000007 19.250000000000004 12.850000000000003 11.039583333333335 6.3500000000000005 13.950000000000001 13.15 4.1500000000000012 14.65 20.150000000000002 20.775000000000002 5.7500000000000009 10.550000000000002 118.50000000000001 -0.25881904510252113 18.350000000000005 16.450000000000003 19.250000000000004 12.950000000000001 8.0500000000000025 13.15
decision_type=2 2 2 2 2 2 2 2 2 2 2 2 2 2 2 2 2 2 2 2 2 2 2 2 2 2 2 2 2 2
left_child=2 6 12 8 -5 -6 11 -8 29 -9 13 -2 20 15 17 16 -10 28 19 -13 -1 22 -3 24 25 27 -25 -14 -12 -4
right_child=1 21 3 4 5 -7 7 9 10 -11 14 18 23 -15 -16 -17 -18 -19 -20 -21 -22 -23 -24 26 -26 -27 -28 -29 -30 -31
leaf_value=-0.21885831387750684 0.33820348273910122 0.847997654123121 -0.11840010177567402 0.022739461194338496 0.47201853272562561 0.11525775116751412 0.073662066571968943 0.23616460334683168 0.053839733179804866 0.52664717983987053 0.010496274661484482 -0.044682680447560505 0.1056461972467107 0.00041678041151617227 -0.029951584841898481 -0.01399901308702934 0.19018131817936751 0.10974957741598015 0.4775469910107466 0.16983308603377315 -0.077464770435313218 1.4144760720647438 2.1075976601312343 -0.094524626673598025 -0.030324777514740039 0.098293701890548257 0.051652005198930678 -0.017129236983638274 0.052625397343148674 0.067130807467270681
leaf_weight=2849 35 32 207 49 31 43 42 51 46 77 27 60 32 299 25 27 49 40 55 34 2078 59 25 128 54 33 27 51 25 86
leaf_count=2849 35 32 207 49 31 43 42 51 46 77 27 60 32 299 25 27 49 40 55 34 2078 59 25 128 54 33 27 51 25 86
internal_value=-0.000644602 0.0152866 -0.00185339 0.00329215 0.0111935 0.0173867 0.0106592 0.0149708 0.00211058 0.0189767 0.00409647 0.00661622 -0.0027885 0.00245498 0.0099322 0.00741463 0.0102083 0.0128172 0.00402667 0.000673683 -0.00303328 0.0291966 0.0236552 0.000920244 0.00327485 0.00594872 -0.00166667 0.00223809 0.00739623 -0.00153742
internal_weight=6676 470 6206 954 123 74 354 170 831 128 538 184 5252 421 117 122 95 92 149 94 4927 116 57 325 170 116 155 83 52 293
internal_count=6676 470 6206 954 123 74 354 170 831 128 538 184 5252 421 117 122 95 92 149 94 4927 116 57 325 170 116 155 83 52 293
is_linear=0
shrinkage=0.04


Tree=10
num_leaves=31
num_cat=0
split_feature=0 0 0 18 18 9 11 7 16 18 10 2 7 16 16 11 6 20 8 18 13 2 2 3 10 12 20 4 8 1
split_gain=74.9995 22.1032 17.4603 8.19086 7.16774 3.64894 2.76505 2.72372 2.65167 2.68879 2.46651 2.39967 2.50888 2.27743 2.05375 2.02533 1.81019 1.60326 1.48928 3.14452 2.94536 2.84677 2.2684 1.40245 1.39647 4.69497 1.35985 1.31956 1.27451 1.60422
threshold=16.350000000000005 32.500000000000007 9.5500000000000025 0.25881904510252057 -0.70710678118654757 60.500000000000007 19.550000000000004 13.052083333333334 57.500000000000007 0.25881904510252057 1.9500000000000002 8.3500000000000032 8.5020833333333368 617.50000000000011 47.500000000000007 4.3500000000000005 20.775000000000002 -0.22252093395631442 5.7500000000000009 0.78656609248549303 3.8500000000000001 4.3500000000000005 5.8500000000000005 5.6500000000000012 10.550000000000002 35.500000000000007 1.0000000180025095e-35 11.950000000000001 15.350000000000003 10.65
decision_type=2 2 2 2 2 2 2 2 2 2 2 2 2 2 2 2 2 2 2 2 2 2 2 2 2 2 2 2 2 2
left_child=2 4 7 15 16 14 11 18 -7 -10 26 12 -5 27 -6 -4 -2 -11 -1 -20 21 -21 -23 -17 25 -3 -9 -8 29 -15
right_child=1 24 3 6 5 8 13 10 9 17 -12 -13 -14 28 -16 23 -18 -19 19 20 -22 22 -24 -25 -26 -27 -28 -29 -30 -31
leaf_value=-0.20210398895180112 -0.019632155099776113 1.8772008280988419 -0.052074813093076183 0.045460786699177705 0.3023191020279869 0.51051353776836872 0.046717562187703107 0.1898496150654318 0.37953494042252239 0.32396716764800376 -0.08471568464559491 -0.0072044322873151883 0.12316853517607555 0.074405097275907314 -0.022749183887329237 0.28520387527943852 0.69838080225808763 0.2780035115942176 -0.11247793557955284 -0.015990354040868102 -0.053821690282876984 0.25588254978012726 0.097355474513960885 0.024912508512580686 1.2718973205299196 0.6940777861051689 0.01231420486672757 0.15167908147472065 0.15485986748065611 0.04749373810891766
leaf_weight=2902 101 29 253 58 39 49 37 26 45 26 61 78 26 35 32 31 33 51 1585 60 237 30 47 526 62 26 37 45 27 63
leaf_count=2902 101 29 253 58 39 49 37 26 45 26 61 78 26 35 32 31 33 51 1585 60 237 30 47 526 62 26 37 45 27 63
internal_value=-0.000526886 0.0144696 -0.00172847 0.00264746 0.00969761 0.0137942 0.00757838 -0.00276374 0.0169535 0.0135935 0.003072 0.0036319 0.00828235 0.0106346 0.00605555 0.000394574 0.00225185 0.0181026 -0.00291321 -0.00205918 0.00123733 0.00588406 0.0109231 0.00174193 0.0295932 0.0239286 0.0085625 0.0158072 0.00714286 0.00492929
internal_weight=6657 493 6164 1179 376 242 369 4985 171 122 124 162 84 207 71 810 134 77 4861 1959 374 137 77 557 117 55 63 82 125 98
internal_count=6657 493 6164 1179 376 242 369 4985 171 122 124 162 84 207 71 810 134 77 4861 1959 374 137 77 557 117 55 63 82 125 98
is_linear=0
shrinkage=0.04


Tree=11
num_leaves=31
num_cat=0
split_feature=0 8 0 18 12 8 18 11 7 14 17 17 4 12 4 14 4 20 20 7 13 17 19 13 10 12 1 17 14 6
split_gain=71.2086 22.1184 12.8603 8.96194 6.67964 3.2716 4.49788 3.02032 2.88843 3.13878 2.7576 2.57988 2.56667 2.16243 1.80158 1.74372 1.66145 1.65767 1.90247 1.62332 1.48123 1.48755 1.76851 1.45731 1.45126 4.16687 1.43946 1.41434 2.04563 1.40514
threshold=19.450000000000003 12.15 32.500000000000007 0.25881904510252057 70.500000000000014 5.7500000000000009 0.78656609248549303 6.1500000000000012 10.102083333333335 104.50000000000001 0.25881904510252091 -1.0000000180025095e-35 5.9500000000000011 68.500000000000014 21.350000000000005 193.50000000000003 15.15 1.0000000180025095e-35 0.81174490092936691 12.043750000000001 7.7500000000000009 0.91597561503675362 -0.60785761079279388 2.2500000000000004 10.550000000000002 35.500000000000007 7.0500000000000007 0.78656609248549325 216.50000000000003 4.849999999999997
decision_type=2 2 2 2 2 2 2 2 2 2 2 2 2 2 2 2 2 2 2 2 2 2 2 2 2 2 2 2 2 2
left_child=1 5 4 7 10 -1 -7 -3 20 -10 16 15 13 -9 27 -8 -2 19 -19 -11 21 22 -5 29 25 -4 -17 -14 -29 -13
right_child=2 3 24 8 -6 6 11 12 9 17 -12 23 14 -15 -16 26 -18 18 -20 -21 -22 -23 -24 -25 -26 -27 -28 28 -30 -31
leaf_value=-0.19401982939372908 0.48548912028150526 -0.041355454566964996 1.8021127949748883 0.086254902050216437 0.053739784736885045 -0.0779514268411865 0.083307390870053552 0.044501997320137744 0.043721562986540174 0.12961311334280562 0.66607966217284986 -0.077096963866918819 -0.014495903869709408 0.28092321935740655 0.21499194495688642 0.098007155456645526 0.13252456953652816 0.056727958659632496 0.17721711153164665 0.2191126002296441 -0.019536636200039804 -0.0068607197631780897 0.051335715456099974 -0.066409260712157275 1.221021427708723 0.66631467466096217 0.15074564961519443 0.13096936625704123 -0.0049136618988299971 0.083942983481084463
leaf_weight=2921 30 237 29 40 68 1921 95 69 45 27 49 29 285 49 29 39 28 43 36 39 32 28 52 208 62 26 26 37 27 51
leaf_count=2921 30 237 29 40 68 1921 95 69 45 27 49 29 285 49 29 39 28 43 36 39 32 28 52 208 62 26 26 37 27 51
internal_value=-0.000604987 -0.0014923 0.0186758 0.00373606 0.0117045 -0.00255528 -0.00144979 0.00123706 0.00907289 0.012356 0.0178889 0.0021559 0.00301006 0.00813445 0.00139314 0.00621118 0.011661 0.0152055 0.01105 0.0199403 0.00491503 0.00694215 0.00937634 -0.000110728 0.0289153 0.0232143 0.0112121 0.000582856 0.00590769 0.00444444
internal_weight=6657 6365 292 1075 175 5290 2369 733 342 190 107 448 496 118 378 160 58 145 79 66 152 120 92 288 117 55 65 349 64 80
internal_count=6657 6365 292 1075 175 5290 2369 733 342 190 107 448 496 118 378 160 58 145 79 66 152 120 92 288 117 55 65 349 64 80
is_linear=0
shrinkage=0.04


Tree=12
num_leaves=31
num_cat=0
split_feature=0 0 12 18 0 7 11 17 16 0 12 4 7 17 10 9 8 17 12 5 12 7 12 0 1 18 13 12 5 18
split_gain=63.6212 20.7983 11.6886 9.19837 5.2381 3.73134 3.11357 3.7023 3.018 2.49336 2.43076 2.22116 2.21299 2.35065 2.11484 4.07811 2.38455 2.11317 2.30602 1.91661 1.79512 1.55809 1.96832 1.58629 3.06667 1.39812 1.38653 1.18575 2.21299 1.09496
threshold=19.450000000000003 8.8500000000000032 70.500000000000014 0.25881904510252057 37.20000000000001 8.2062500000000025 6.1500000000000012 0.37940952255126054 32.500000000000007 13.050000000000002 87.500000000000014 20.050000000000004 11.593750000000002 -0.25881904510252113 8.6500000000000004 72.500000000000014 18.650000000000002 0.37940952255126054 39.500000000000007 2.5500000000000003 33.500000000000007 9.0770833333333361 18.500000000000004 10.65 12.050000000000002 0.1294095225512602 2.2500000000000004 69.500000000000014 8.2500000000000018 0.78656609248549303
decision_type=2 2 2 2 2 2 2 2 2 2 2 2 2 2 2 2 2 2 2 2 2 2 2 2 2 2 2 2 2 2
left_child=1 12 4 6 17 -5 -3 11 26 21 -4 19 29 25 15 -11 20 18 -2 -8 -17 -7 -23 -24 -25 -14 -9 -10 -29 -1
right_child=2 3 10 5 -6 9 7 8 27 14 -12 -13 13 -15 -16 16 -18 -19 -20 -21 -22 22 23 24 -26 -27 -28 28 -30 -31
leaf_value=-0.16682424633067394 0.60009412122911632 -0.051213485127612889 0.039885811914733102 0.019426787535537546 1.6277804917314442 0.082858021723006589 0.24873326776923321 0.11953693940823583 0.01037798384160041 -0.021524408475983869 0.65938056831133307 0.30097438793102343 -0.069279796054038667 -0.10352994439477234 0.16663352730368733 0.17943757457598264 0.095568487507710714 0.73898058304861802 0.25823560004497603 -0.040837747795349148 0.14833771010812707 0.094294158724988794 -0.0074197292059489019 0.11125482164841613 -0.025737229112458612 0.084174576430080278 0.066156423263739952 0.16724813116429324 0.017722946253384858 -0.065108663166499756
leaf_weight=3484 34 395 59 151 79 29 26 32 132 25 32 26 31 95 35 25 25 51 37 419 34 27 78 51 32 68 29 30 34 1052
leaf_count=3484 34 395 59 151 79 29 26 32 132 25 32 26 31 95 35 25 25 51 37 419 34 27 78 51 32 68 29 30 34 1052
internal_value=-0.000641034 -0.00147974 0.0175836 0.00240831 0.0229505 0.006846 0.000380782 0.00193141 0.00578294 0.00904972 0.00560869 -0.000177967 -0.00282393 0.00135385 0.013131 0.0102182 0.0144 0.0174959 0.0127222 -0.000852019 0.0187333 0.00629358 0.00491005 0.00318518 0.007 0.00564 0.0134839 0.00332995 0.00775385 -0.00300287
internal_weight=6657 6365 292 1635 201 512 1123 728 257 361 91 471 4730 194 144 109 84 122 71 445 59 217 188 161 83 99 61 196 64 4536
internal_count=6657 6365 292 1635 201 512 1123 728 257 361 91 471 4730 194 144 109 84 122 71 445 59 217 188 161 83 99 61 196 64 4536
is_linear=0
shrinkage=0.04


Tree=13
num_leaves=31
num_cat=0
split_feature=0 8 0 12 4 3 4 14 10 12 17 17 5 14 6 2 0 16 9 1 0 19 3 9 16 17 13 1 3 16
split_gain=57.9007 19.3619 12.4124 4.69331 3.62755 4.4482 2.9356 2.72073 4.36273 2.70131 2.6994 2.50268 2.24457 2.08459 1.87264 1.73438 2.91056 2.48095 2.39169 2.23465 1.69502 1.65697 1.6346 1.44934 1.27137 1.78757 1.1891 1.74897 1.12004 2.0472
threshold=19.650000000000002 11.950000000000001 32.500000000000007 73.500000000000014 13.15 12.65 10.450000000000001 43.500000000000007 1.8500000000000003 51.500000000000007 -0.60355339059327362 -1.0000000180025095e-35 10.350000000000003 335.50000000000006 7.8999999999999986 13.450000000000001 14.15 97.500000000000014 59.500000000000007 11.950000000000001 5.2500000000000009 1.0000000180025095e-35 8.5500000000000025 79.500000000000014 47.500000000000007 0.78656609248549325 1.5500000000000003 10.750000000000002 5.4500000000000011 2192.5000000000005
decision_type=2 2 2 2 2 2 2 2 2 2 2 2 2 2 2 2 2 2 2 2 2 2 2 2 2 2 2 2 2 2
left_child=1 6 3 10 11 12 20 8 -8 -4 -2 -3 -6 -9 -15 16 17 26 -18 22 -1 -7 -19 -14 25 -17 27 -13 -22 -30
right_child=2 4 9 -5 5 21 7 13 -10 -11 -12 15 23 14 -16 24 18 19 -20 -21 28 -23 -24 -25 -26 -27 -28 -29 29 -31
leaf_value=-0.19164782386207072 0.1464139019140506 -0.046092930966270228 1.6130692474573802 0.011698373807309582 0.15814133216636164 0.18842310212543878 0.15308234939718265 -0.03494828119446719 -0.040259533374012779 0.78027506619575138 0.60987724407892052 -0.0063492542328337336 0.010270010738655185 0.14711819686449576 -0.0053464165721762713 -0.0042876130662602733 0.048297732195032313 0.10029579159830831 0.17428121082613196 0.0073110043809981916 -0.029913634183739077 -0.049084500394307819 0.079474017722668253 0.13104822743662264 -0.022640212662781913 0.079366302857345472 -0.019717357797515649 0.057262565486266695 -0.095923425207778884 0.11420232306263949
leaf_weight=2760 29 263 73 59 28 130 32 590 50 44 79 31 25 30 29 46 38 40 54 38 736 45 28 40 110 26 152 29 991 32
leaf_count=2760 29 263 73 59 28 130 32 590 50 44 79 31 25 30 29 46 38 40 54 38 736 45 28 40 110 26 152 29 991 32
internal_value=-0.000713128 -0.00150173 0.0169263 0.00983333 0.00326334 0.00731598 -0.00252143 -0.0001694 0.0066506 0.0268814 0.0147523 0.00198598 0.0143404 -0.00104 0.00606667 0.00342664 0.00486618 0.00303448 0.0110968 0.008 -0.00290177 0.00352273 0.0122899 0.01 0.000174862 0.00427397 0.000525821 0.0052459 -0.00192955 -0.00278516
internal_weight=6657 6373 284 167 1123 268 5250 731 82 117 108 855 93 649 59 592 410 318 92 106 4519 175 68 65 182 72 212 60 1759 1023
internal_count=6657 6373 284 167 1123 268 5250 731 82 117 108 855 93 649 59 592 410 318 92 106 4519 175 68 65 182 72 212 60 1759 1023
is_linear=0
shrinkage=0.04


Tree=14
num_leaves=31
num_cat=0
split_feature=0 0 18 7 9 11 17 16 8 18 19 11 19 0 10 3 8 7 14 19 7 14 7 16 2 10 9 7 6 8
split_gain=51.9736 25.2817 7.25526 3.70234 3.15191 2.88443 3.6905 2.81619 2.3886 3.23543 2.36595 2.33462 2.25151 3.29968 2.12317 1.92017 1.85712 1.81199 1.76126 1.77079 1.69099 1.64668 1.78796 1.4498 1.66265 1.34509 1.68041 1.2596 1.87747 1.56203
threshold=32.500000000000007 11.250000000000002 0.25881904510252057 11.039583333333335 72.500000000000014 4.3500000000000005 0.60355339059327384 42.500000000000007 5.7500000000000009 0.60355339059327384 -1.0000000180025095e-35 -3.3499999999999992 0.87837969732492682 7.8500000000000005 2.5500000000000003 22.700000000000006 17.150000000000002 33.997916666666676 236.50000000000003 -0.60785761079279388 9.5729166666666696 95.500000000000014 8.6937500000000014 662.50000000000011 13.550000000000002 6.4500000000000011 59.500000000000007 11.593750000000002 20.775000000000002 13.850000000000003
decision_type=2 2 2 2 2 2 2 2 2 2 2 2 2 2 2 2 2 2 2 2 2 2 2 2 2 2 2 2 2 2
left_child=1 3 5 8 25 -3 15 16 -1 -10 17 -11 14 -14 -5 27 -8 -2 -13 -20 -9 -6 -23 24 -24 -4 -27 29 -29 -7
right_child=10 2 4 12 21 6 7 20 9 11 -12 18 13 -15 -16 -17 -18 -19 19 -21 -22 22 23 -25 -26 26 -28 28 -30 -31
leaf_value=-0.17598877673683702 0.73109012930757322 -0.031677822628986871 -0.014619560321566628 0.041154944804739281 0.15121293356585347 -0.088882436852865232 0.048823003732027637 0.057411044008443678 -0.094847700159775047 0.069200272949753783 0.64621004937353466 -0.029097530486944235 -0.036591594458895434 0.11315718896215129 -0.051288822425035276 0.27430494937832911 0.24482888040300971 1.5738408718434884 0.13481425507296385 0.0070161252631657069 0.035444331784966879 0.023683207744207034 0.13622484230440612 0.12969485037130196 0.48163029719070233 0.051601078439620827 0.14475114624358063 -0.044542138923767363 0.76101207535348492 0.22134109645065722
leaf_weight=2851 31 165 41 141 50 64 27 25 1662 26 29 388 26 25 192 28 41 57 42 99 82 25 44 64 36 45 27 174 25 125
leaf_count=2851 31 165 41 141 50 64 27 25 1662 26 29 388 26 25 192 28 41 57 42 99 82 25 44 64 36 45 27 174 25 125
internal_value=-0.000785222 -0.00125975 0.00430487 -0.00237081 0.00922522 0.00213474 0.00343919 0.00829545 -0.00265772 -0.00167178 0.0255254 0.000971222 0.00141299 0.00915385 0.000203592 0.00138129 0.0146087 0.0288539 0.000384905 0.00419718 0.00418518 0.0120182 0.0139059 0.0156138 0.0192593 0.00375439 0.0070137 0.000637531 -0.00158 0.00296842
internal_weight=6657 6540 1088 5452 332 756 591 175 5068 2217 117 555 384 51 333 416 68 88 529 141 107 219 169 144 80 113 72 388 199 189
internal_count=6657 6540 1088 5452 332 756 591 175 5068 2217 117 555 384 51 333 416 68 88 529 141 107 219 169 144 80 113 72 388 199 189
is_linear=0
shrinkage=0.04


Tree=15
num_leaves=31
num_cat=0
split_feature=8 8 18 10 4 14 11 3 7 16 20 12 16 18 3 8 18 11 8 20 8 4 19 9 8 3 7 3 4 14
split_gain=40.0646 22.816 9.08892 3.89491 4.06811 3.85288 3.79855 3.3358 3.09389 2.09536 2.08207 2.33703 2.2382 1.9866 1.7763 1.6695 2.47941 2.54643 1.71174 1.66121 1.6321 1.56151 1.63551 2.63709 1.53706 1.52025 3.15021 1.45995 2.98132 1.17832
threshold=31.250000000000004 11.950000000000001 0.37940952255126048 10.550000000000002 42.850000000000009 194.50000000000003 13.050000000000002 5.2500000000000009 11.145833333333336 262.50000000000006 0.81174490092936691 45.500000000000007 32.500000000000007 -0.12940952255126037 6.6500000000000012 5.7500000000000009 0.60355339059327384 -3.3499999999999992 9.6500000000000004 -0.56174490092936669 19.150000000000002 4.6500000000000012 -1.0000000180025095e-35 63.500000000000007 14.750000000000002 12.750000000000002 15.681250000000004 13.750000000000002 15.15 335.50000000000006
decision_type=2 2 2 2 2 2 2 2 2 2 2 2 2 2 2 2 2 2 2 2 2 2 2 2 2 2 2 2 2 2
left_child=1 8 6 4 -2 20 21 -7 15 -9 12 -12 -8 -14 -10 -1 -17 -18 29 -16 27 22 23 -3 -15 -13 -27 28 -4 -19
right_child=3 2 5 -5 -6 7 10 9 14 -11 11 25 13 24 19 16 17 18 -20 -21 -22 -23 -24 -25 -26 26 -28 -29 -30 -31
leaf_value=-0.17288059471140207 0.32642766666023221 0.061520198567764146 0.046957440118113675 1.1743926771273794 1.5317445793161724 -0.00063451711971862284 0.17812252759129896 0.13073472409951487 0.19108721069029955 0.10122686607234077 -0.0045437585140535629 0.2499005372353281 -0.0089116572312151442 0.047833894643687945 0.19079771300770781 -0.092923173180603988 0.069695577551596818 -0.05466557813254274 0.060501025729913123 -0.01738326654635677 0.41609566311664986 -0.040202362606079393 -0.12255083275968687 -0.0039766232433138303 0.22283162377293322 -0.036509124792020155 0.36127370462176617 -0.049200611434554266 0.65472310608594531 0.053221050631719474
leaf_weight=2809 38 32 104 53 28 25 58 28 30 90 29 26 262 46 40 1541 30 376 91 277 34 278 45 52 59 29 27 32 25 38
leaf_count=2809 38 32 104 53 28 25 58 28 30 90 29 26 262 46 40 1541 30 376 91 277 34 278 45 52 59 29 27 32 25 38
internal_value=-0.000869592 -0.00129137 0.00349142 0.0220333 0.0151642 0.00910914 0.00147034 0.0140833 -0.00246283 0.0168739 0.0036797 0.00853571 0.00239437 0.00122826 0.00118391 -0.00272206 -0.00186038 0.000485074 -0.000197629 0.000289307 0.00540816 -0.00144118 0.00218461 0.00545882 0.00584906 0.0119518 0.008 0.00367901 0.00556923 -0.00129157
internal_weight=6632 6513 1281 119 66 338 943 143 5232 118 536 111 425 367 347 4885 2076 535 505 317 195 407 129 84 105 82 56 161 129 414
internal_count=6632 6513 1281 119 66 338 943 143 5232 118 536 111 425 367 347 4885 2076 535 505 317 195 407 129 84 105 82 56 161 129 414
is_linear=0
shrinkage=0.04


Tree=16
num_leaves=31
num_cat=0
split_feature=0 8 12 18 14 5 16 11 12 20 3 4 8 10 0 14 3 16 10 11 10 19 4 14 10 0 18 14 10 2
split_gain=41.3633 14.215 11.6908 8.14288 4.85076 4.02216 3.08624 2.85341 3.70838 3.47242 2.70049 2.63568 2.59013 2.57245 2.44952 2.44491 2.65548 2.19226 1.78699 1.63074 1.42645 1.39853 1.67383 2.3931 2.47989 1.39116 1.26642 1.24443 1.04304 0.975301
threshold=18.650000000000002 9.6500000000000004 47.500000000000007 0.37940952255126048 200.50000000000003 27.350000000000005 132.50000000000003 15.65 73.500000000000014 -0.22252093395631442 13.550000000000002 12.350000000000003 25.800000000000001 8.6500000000000004 36.550000000000004 317.50000000000006 12.250000000000002 127.50000000000001 12.550000000000002 25.750000000000004 1.3500000000000003 -1.0000000180025095e-35 4.3500000000000005 162.50000000000003 18.750000000000004 15.050000000000002 -0.5 25.500000000000004 13.15 5.7500000000000009
decision_type=2 2 2 2 2 2 2 2 2 2 2 2 2 2 2 2 2 2 2 2 2 2 2 2 2 2 2 2 2 2
left_child=1 11 5 7 25 6 -2 21 26 -10 17 -1 -8 -4 18 27 -17 -6 -15 20 -19 22 23 -3 -25 29 -9 -13 -28 -5
right_child=2 3 13 4 10 -7 12 8 9 -11 -12 15 -14 14 -16 16 -18 19 -20 -21 -22 -23 -24 24 -26 -27 28 -29 -30 -31
leaf_value=-0.13000655791869764 0.64255083548163594 0.22169824168842198 -0.0033158256595047825 0.075728245972692787 0.11538581334559594 1.5158046582334126 0.22618670396494217 -0.040981057554189688 0.014754964977266954 0.27854571030477326 0.15520308654372186 0.066836806785017328 0.14908920708986387 0.28446945461202372 0.69197509094584153 0.054316864355602013 -0.039569240071114641 -0.035075199024866263 0.0089240877593368025 0.071462801978403073 0.062121428100612469 -0.053557198801670425 -0.036362652927014266 -0.038726889532133775 0.0472238394321551 0.29218188651252214 0.035817027740082892 -0.056159544631759636 0.081688201158569979 0.014032826474176113
leaf_weight=4217 31 25 50 67 40 41 26 210 37 30 32 29 26 47 34 36 25 34 48 36 34 421 180 72 25 36 189 302 41 211
leaf_count=4217 31 25 50 67 40 41 26 210 37 30 32 29 26 47 34 36 25 34 48 36 34 421 180 72 25 36 189 302 41 211
internal_value=-0.000899745 -0.00159179 0.0135132 0.00151075 0.00586558 0.022912 0.0174762 -0.000227458 0.00207087 0.0107647 0.0111638 -0.00274968 0.0111698 0.00691111 0.00987692 0.000386767 0.00767742 0.00871724 0.00645833 0.0055619 0.00185507 -0.00183978 0.000237623 0.0038374 0.000938775 0.00286984 0.000725623 -0.000975905 0.00277056 0.00189247
internal_weight=6632 6329 303 1720 490 124 83 1230 507 67 176 4609 52 179 129 392 61 144 95 104 68 723 302 122 97 314 440 331 230 278
internal_count=6632 6329 303 1720 490 124 83 1230 507 67 176 4609 52 179 129 392 61 144 95 104 68 723 302 122 97 314 440 331 230 278
is_linear=0
shrinkage=0.04


Tree=17
num_leaves=31
num_cat=0
split_feature=0 0 18 20 17 7 14 12 19 17 11 9 6 9 12 10 9 5 9 9 11 0 9 7 14 19 14 4 0 11
split_gain=37.1764 16.3159 7.28837 6.62208 4.44999 3.64095 3.93375 3.0131 2.18935 2.12472 2.54344 2.43786 1.99503 3.13114 1.96366 1.456 2.18236 1.25033 3.52061 1.16106 1.15097 1.13178 1.8709 1.15519 1.46319 1.34192 1.08861 0.961928 1.92057 1.06189
threshold=22.450000000000003 10.750000000000002 0.60355339059327384 1.0000000180025095e-35 -0.60355339059327362 7.3854166666666679 317.50000000000006 16.500000000000004 -1.0000000180025095e-35 0.37940952255126054 17.450000000000003 72.500000000000014 7.849999999999997 74.500000000000014 68.500000000000014 1.9500000000000002 79.500000000000014 6.1500000000000012 54.500000000000007 102.50000000000001 24.850000000000005 6.2500000000000009 95.500000000000014 4.2770833333333345 124.50000000000001 0.6078576107927941 14.500000000000002 5.1500000000000012 14.15 15.750000000000002
decision_type=2 2 2 2 2 2 2 2 2 2 2 2 2 2 2 2 2 2 2 2 2 2 2 2 2 2 2 2 2 2
left_child=1 5 9 4 -2 21 7 -7 -5 27 17 14 13 -8 -12 19 -17 18 -11 20 -4 -1 23 24 -23 -26 -9 28 -3 -29
right_child=3 2 15 8 -6 6 12 26 -10 10 11 -13 -14 -15 -16 16 -18 -19 -20 -21 -22 22 -24 -25 25 -27 -28 29 -30 -31
leaf_value=-0.15683373956215951 0.63603169134444926 -0.067714755382042399 0.040289488888112172 1.3107850822130525 0.7998893994747287 0.079196276256526976 0.52231112579991601 0.065802171667769138 0.059689176592889533 0.12655595695630789 0.031773228955063494 0.23270621421268625 0.0073533242109218126 0.028963488154921065 0.09242053071165407 0.084793257399549238 0.24966129599290365 -0.0019267645452182133 -0.023046645247457729 -0.0024412094164794232 0.091166729119911166 0.36318654236846221 0.12624989992071978 -0.067231787643383445 -0.07381788225159619 0.083994003665602016 -0.042915645194485333 -0.051112022561251864 0.28100351036000509 0.012052893253535275
leaf_weight=3086 36 32 45 31 63 32 31 48 44 29 92 42 70 36 26 45 54 211 40 31 31 26 29 723 101 43 1100 200 31 224
leaf_count=3086 36 32 45 31 63 32 31 48 44 29 92 42 70 36 26 45 54 211 40 31 31 26 29 723 101 43 1100 200 31 224
internal_value=-0.000911806 -0.00140455 0.00295238 0.01728 0.02404 -0.00233196 -0.000506829 -0.00125318 0.00815789 0.00143534 0.00344671 0.00745342 0.00588406 0.0107647 0.00443697 0.00973913 0.01324 0.00113879 0.00577143 0.00640741 0.00903896 -0.00293141 -0.00169881 -0.00202685 0.000935672 -0.00066207 -0.00159443 -0.000385247 0.0041875 -0.00107294
internal_weight=6632 6458 1133 174 99 5325 1317 1180 75 927 440 160 137 67 118 206 99 280 69 107 76 4008 922 893 170 144 1148 487 63 424
internal_count=6632 6458 1133 174 99 5325 1317 1180 75 927 440 160 137 67 118 206 99 280 69 107 76 4008 922 893 170 144 1148 487 63 424
is_linear=0
shrinkage=0.04


Tree=18
num_leaves=31
num_cat=0
split_feature=0 8 18 12 17 11 17 0 20 7 14 12 2 12 0 9 16 16 14 11 16 18 11 3 16 3 12 19 17 5
split_gain=33.903 14.9422 7.01099 6.54264 4.01088 2.82333 3.28017 2.40014 2.38939 2.28259 2.12156 2.02114 1.99697 1.76384 1.6926 1.827 1.48142 1.402 1.35676 1.91665 1.93813 1.34656 1.29405 1.91365 1.27246 1.26348 1.41373 1.23674 1.66949 1.23462
threshold=23.000000000000004 10.050000000000002 0.60355339059327384 43.500000000000007 -0.60355339059327362 6.1500000000000012 0.60355339059327384 10.950000000000001 1.0000000180025095e-35 6.9666666666666677 330.50000000000006 68.500000000000014 12.350000000000003 29.500000000000004 12.65 72.500000000000014 1547.5000000000002 57.500000000000007 62.500000000000007 24.750000000000004 1117.5000000000002 0.60355339059327384 -6.8499999999999988 10.15 52.500000000000007 22.150000000000002 69.500000000000014 -1.0000000180025095e-35 -1.0000000180025095e-35 5.4500000000000011
decision_type=2 2 2 2 2 2 2 2 2 2 2 2 2 2 2 2 2 2 2 2 2 2 2 2 2 2 2 2 2 2
left_child=1 9 5 4 -2 22 16 29 -5 -1 21 14 -13 -12 -8 -16 25 -10 -9 -20 -21 -11 23 -3 -14 26 -7 28 -23 -4
right_child=3 2 7 8 -6 6 11 18 17 10 13 12 24 -15 15 -17 -18 -19 19 20 -22 27 -24 -25 -26 -27 -28 -29 -30 -31
leaf_value=-0.12656037472088408 0.68938993149936101 0.047735464644436502 0.07233496708830521 0.63800624593149835 1.2751536306686362 -0.05920793895557977 -0.0037356734332348409 0.12126056361634381 0.58106454265214713 -0.090780479509888864 -0.082853599366743719 0.093046947926839568 0.11305980822700605 0.10413246033748275 0.042275114938748304 0.22755889796057138 0.16534482993915708 -0.01849086898944622 0.063964502111827096 0.42024835191096471 0.064285492273960243 0.12068186708906872 -0.043330755317601853 -0.043978000193288638 -0.011911730978281779 0.33314630871944367 0.069135113130636097 -0.033683320271305404 -0.089352727093517895 0.0023129569905115696
leaf_weight=3586 30 25 62 30 49 331 105 36 31 657 28 46 28 70 93 36 38 27 96 27 36 85 415 25 25 27 163 256 68 101
leaf_count=3586 30 25 62 30 49 331 105 36 31 657 28 46 28 70 93 36 38 27 96 27 36 85 415 25 25 27 163 256 68 101
internal_value=-0.00100226 -0.00146304 0.0017366 0.0167381 0.02505 0.000421207 0.00173796 0.00670752 0.00907865 -0.0026184 -0.00107811 0.00487425 0.00964 0.00452525 0.00282553 0.00587692 -0.000135715 0.00420339 0.00969388 0.011275 0.0166875 -0.001597 -0.00210301 0.00392157 0.00422222 -0.000697319 -0.00116364 0.000204877 0.00303896 0.00309756
internal_weight=6632 6465 1715 167 79 1357 892 358 88 4750 1164 333 99 98 234 129 559 58 195 159 63 1066 465 50 53 521 494 409 153 163
internal_count=6632 6465 1715 167 79 1357 892 358 88 4750 1164 333 99 98 234 129 559 58 195 159 63 1066 465 50 53 521 494 409 153 163
is_linear=0
shrinkage=0.04


Tree=19
num_leaves=31
num_cat=0
split_feature=0 8 12 18 16 14 11 13 16 11 4 16 11 17 11 11 14 17 12 18 5 5 13 18 5 8 18 0 14 14
split_gain=32.619 11.7829 11.1354 6.7673 3.41887 2.4675 2.42476 2.11859 2.08774 2.08544 1.82556 1.81701 2.68683 1.56911 1.38667 1.33877 1.19432 1.16969 1.3626 1.14567 1.29267 1.41234 1.78481 1.07918 1.1217 1.74784 0.989947 2.63688 1.38604 1.02812
threshold=18.750000000000004 9.5500000000000025 43.500000000000007 0.60355339059327384 277.50000000000006 195.50000000000003 15.65 2.4500000000000006 32.500000000000007 20.250000000000004 12.350000000000003 207.50000000000003 25.750000000000004 -0.25881904510252113 -6.8499999999999988 18.750000000000004 95.500000000000014 0.12940952255126045 52.500000000000007 -0.12940952255126037 4.6500000000000012 7.9500000000000011 4.2500000000000009 -0.5 8.6500000000000004 13.050000000000002 0.78656609248549303 7.1500000000000012 165.50000000000003 326.50000000000006
decision_type=2 2 2 2 2 2 2 2 2 2 2 2 2 2 2 2 2 2 2 2 2 2 2 2 2 2 2 2 2 2
left_child=1 10 4 6 -2 17 14 -4 15 -9 26 -7 -13 19 -3 -8 -6 -5 -19 -12 -21 22 -22 24 25 -10 -1 29 -29 -28
right_child=2 3 7 5 16 11 8 9 23 -11 13 12 -14 -15 -16 -17 -18 18 -20 20 21 -23 -24 -25 -26 -27 27 28 -30 -31
leaf_value=-0.14142936596404859 0.86516726429662405 0.037727375563542526 0.48943948062711573 -0.0019319916081302741 1.3568257449004364 0.084283851705089036 0.17569921058912072 0.028697646567697872 -0.04451730647153445 0.66294489553192659 -0.20533757959247637 0.039354367691806606 0.095993716796408668 -0.089145485141073511 -0.026628480613630063 0.028636471262247078 0.15935591042806566 0.15055126560255336 0.0330037282936365 -0.078144022529900797 0.0035072917097100785 0.016085337233244932 0.14891685484527462 0.046991118912731292 -0.069982861475836086 0.20996084311947649 -0.091186577105912547 -0.051756460049021701 0.11047106752109324 0.037746867571449239
leaf_weight=3251 50 49 58 99 28 36 32 105 40 28 50 62 47 164 743 26 30 66 64 51 28 50 42 312 146 36 776 33 37 93
leaf_count=3251 50 49 58 99 28 36 32 105 40 28 50 62 47 164 743 26 30 66 64 51 28 50 42 312 146 36 776 33 37 93
internal_value=-0.00100829 -0.00161857 0.01188 0.0011643 0.0220917 0.00593067 -0.000127077 0.00602083 0.00180776 0.00319403 -0.00268794 0.01 0.00730909 -5.18144e-05 -0.00157377 0.00894915 0.0150508 0.00332174 0.00580153 0.00214414 0.00369767 0.00595041 0.00957746 0.00101682 -0.00111211 0.00280519 -0.00293009 -0.00178298 0.0056338 -0.00238621
internal_weight=6632 6333 299 1758 108 374 1384 191 592 133 4575 145 109 385 792 58 58 229 130 221 171 120 70 534 222 76 4190 939 70 869
internal_count=6632 6333 299 1758 108 374 1384 191 592 133 4575 145 109 385 792 58 58 229 130 221 171 120 70 534 222 76 4190 939 70 869
is_linear=0
shrinkage=0.04


Tree=20
num_leaves=31
num_cat=0
split_feature=0 0 18 17 7 17 11 7 18 14 9 5 5 11 10 13 9 5 2 5 9 5 14 19 14 9 10 12 12 12
split_gain=36.647 17.1902 5.21806 3.84143 3.66316 3.40166 5.10047 3.22802 2.52452 2.11476 1.98553 3.61831 1.87189 1.82279 2.29347 2.16137 1.78813 1.79962 1.64369 1.48613 4.80237 1.35536 1.33682 1.10557 3.18766 1.45381 1.35417 1.8439 1.06245 0.984644
threshold=32.500000000000007 11.250000000000002 0.60355339059327384 -1.0000000180025095e-35 37.454166666666673 0.37940952255126054 23.650000000000002 8.0812500000000025 0.1294095225512602 93.500000000000014 65.500000000000014 8.8500000000000032 20.650000000000002 22.450000000000003 2.0500000000000003 5.3500000000000005 107.50000000000001 5.1500000000000012 8.0500000000000025 6.0500000000000007 53.500000000000007 2.6500000000000008 14.500000000000002 -0.8783796973249266 319.50000000000006 99.500000000000014 19.150000000000002 85.500000000000014 38.500000000000007 17.500000000000004
decision_type=2 2 2 2 2 2 2 2 2 2 2 2 2 2 2 2 2 2 2 2 2 2 2 2 2 2 2 2 2 2
left_child=1 7 5 4 -2 21 19 23 12 -4 11 -10 -9 18 15 -15 22 -18 -11 20 -7 -3 -12 24 25 -1 -25 -28 -5 -19
right_child=3 2 9 28 -6 6 -8 8 10 13 16 -13 -14 14 -16 -17 17 29 -20 -21 -22 -23 -24 26 -26 -27 27 -29 -30 -31
leaf_value=-0.075419241821118227 0.016792695166012856 0.17927230282295059 0.064560696946205504 1.4165730386103059 1.3367418717726225 0.17329812401872663 0.70474060295267249 -0.10158592014897298 0.14807005176111751 0.28900039168909031 0.10223758485748569 -0.085956792563677567 0.043539356345641482 0.030576411652158436 0.33390305257790936 0.14929066644012456 0.11689572381603831 0.053404318977096646 -0.021619889545696058 0.02603730964160016 -0.0052310007553065885 -0.014022016283964203 -0.010237147422231615 -0.11177216176691986 0.21311320596513247 0.11383106437148445 0.10599496774826873 -0.15189710302426718 0.64673513973436703 -0.087085605563221341
leaf_weight=547 26 25 49 27 31 33 26 458 31 28 36 27 34 25 33 35 25 26 33 310 49 456 452 3672 41 30 27 29 33 39
leaf_count=547 26 25 49 27 31 33 26 458 31 28 36 27 34 25 33 35 25 26 33 310 49 456 452 3672 41 30 27 29 33 39
internal_value=-0.0009758 -0.00137206 0.00318404 0.0211186 0.0133103 0.00187111 0.00450597 -0.00228968 -0.00038264 0.00896078 0.001281 0.00827119 -0.00253144 0.0112516 0.014766 0.00983606 0.000566493 0.00571428 0.00574193 0.00333842 0.00809638 -0.000423237 -0.000392639 -0.00278445 -0.00121486 -0.00198616 -0.00304425 0.00308772 0.0281967 0.00212121
internal_weight=6693 6576 1102 117 57 899 418 5474 1128 203 636 58 492 154 93 60 578 90 61 392 82 481 488 4346 618 577 3728 56 60 65
internal_count=6693 6576 1102 117 57 899 418 5474 1128 203 636 58 492 154 93 60 578 90 61 392 82 481 488 4346 618 577 3728 56 60 65
is_linear=0
shrinkage=0.04


Tree=21
num_leaves=31
num_cat=0
split_feature=8 8 11 17 13 5 9 2 2 8 18 11 5 11 17 8 5 17 7 2 13 5 11 10 16 7 14 14 20 10
split_gain=33.0255 15.5491 5.51622 6.06396 4.39633 6.30753 4.03826 4.84227 3.54595 3.34454 2.88875 2.50476 2.03739 1.74124 1.73648 1.76559 1.596 3.32408 2.29999 2.31996 1.65153 1.58202 1.54671 1.6661 1.43653 1.31183 1.20574 1.19791 1.1244 1.06186
threshold=32.750000000000007 13.350000000000003 22.450000000000003 -0.60355339059327362 2.6500000000000008 26.650000000000002 72.500000000000014 10.550000000000002 5.8500000000000005 5.9500000000000011 0.60355339059327384 -3.3499999999999992 20.650000000000002 6.1500000000000012 -1.0000000180025095e-35 8.8500000000000032 8.1500000000000004 -0.25881904510252113 7.2895833333333346 15.050000000000002 2.7500000000000004 18.250000000000004 19.250000000000004 12.750000000000002 32.500000000000007 15.877083333333335 242.50000000000003 49.500000000000007 1.0000000180025095e-35 5.3500000000000005
decision_type=2 2 2 2 2 2 2 2 2 2 2 2 2 2 2 2 2 2 2 2 2 2 2 2 2 2 2 2 2 2
left_child=1 9 8 -4 -2 -6 -5 -8 -3 -1 12 -12 22 -10 26 -16 17 -15 -19 -20 21 -18 -11 -24 -17 -22 27 28 -13 -9
right_child=4 2 3 6 5 -7 7 29 13 10 11 14 -14 16 15 24 20 18 19 -21 25 -23 23 -25 -26 -27 -28 -29 -30 -31
leaf_value=-0.13737962543592452 0.67251382232391932 0.076983656709948514 -0.031928724648608992 -0.01397298948038994 -0.019702779760590788 1.2921848038250425 0.052489210832626754 0.19814884772206462 -0.016379624594157153 -0.08048460322585442 0.075264666582679787 0.10291244776873 0.057504433361026654 -0.012194753391475743 -0.066963408533593435 0.095697928493707882 0.02466727822050762 0.058552777142587095 0.19613450708541083 0.20710569705401352 -0.025145201956429278 0.15511874305634926 -0.013042495508610601 0.12193777164980001 0.0053491467383920159 0.12951690365804544 0.11037776009207396 -0.013713638442752698 -0.029838067583664842 0.89735028592512767
leaf_weight=3032 51 25 69 30 30 43 47 45 223 1418 32 41 46 71 220 32 98 28 26 30 184 31 346 46 143 73 77 98 27 31
leaf_count=3032 51 25 69 30 30 43 47 45 223 1418 32 41 46 71 220 32 98 28 26 30 184 31 346 46 143 73 77 98 27 31
internal_value=-0.0009758 -0.00136317 0.00319763 0.00875336 0.019392 0.0128108 0.0131688 0.0163548 0.00162532 -0.0021932 -0.00111753 0.00113264 -0.00193 0.00112941 0.000575899 -0.00106061 0.00235424 0.00576923 0.0111059 0.0157193 0.000971575 0.00464615 -0.00214246 8.1424e-05 0.00193182 -0.000883722 0.00322951 0.00129341 0.00533333 0.0225455
internal_weight=6693 6569 1011 222 124 73 153 123 789 5558 2526 670 1856 764 638 395 541 155 84 56 386 129 1810 392 175 257 243 166 68 76
internal_count=6693 6569 1011 222 124 73 153 123 789 5558 2526 670 1856 764 638 395 541 155 84 56 386 129 1810 392 175 257 243 166 68 76
is_linear=0
shrinkage=0.04


Tree=22
num_leaves=31
num_cat=0
split_feature=0 12 0 18 5 10 8 14 19 14 0 13 10 2 19 7 9 20 0 11 12 5 11 14 13 14 10 12 14 11
split_gain=32.6415 9.48081 9.40185 5.32964 5.00247 4.26979 2.84464 2.16867 2.35451 1.75807 2.15039 1.92991 1.57778 2.16876 1.92528 1.55659 1.5401 1.34415 1.27992 1.26597 1.80101 2.82299 3.0593 2.36132 1.43025 1.26471 1.10765 1.04371 1.45131 1.03465
threshold=18.750000000000004 52.500000000000007 8.6500000000000004 0.37940952255126048 27.350000000000005 8.0500000000000025 24.350000000000005 317.50000000000006 -0.8783796973249266 183.50000000000003 15.15 3.1500000000000008 0.8500000000000002 8.4500000000000011 1.0000000180025095e-35 7.0479166666666684 90.500000000000014 1.0000000180025095e-35 32.500000000000007 4.3500000000000005 69.500000000000014 8.0500000000000025 15.750000000000002 163.50000000000003 2.2500000000000004 326.50000000000006 16.950000000000003 73.500000000000014 170.50000000000003 22.750000000000004
decision_type=2 2 2 2 2 2 2 2 2 2 2 2 2 2 2 2 2 2 2 2 2 2 2 2 2 2 2 2 2 2
left_child=2 4 7 19 5 6 -2 12 -9 10 29 17 13 -1 -15 -10 -13 -11 27 -4 26 22 23 -22 -23 -18 -21 28 -3 -5
right_child=1 18 3 9 -6 -7 -8 8 15 11 -12 16 -14 14 -16 -17 25 -19 -20 20 21 24 -24 -25 -26 -27 -28 -29 -30 -31
leaf_value=-0.04691444677807504 0.27330671768225084 0.23989641937546186 -0.037877955196284806 -0.011630092800473528 1.2831152986801226 0.48521707694748584 -0.045658672371995349 0.17202329717222553 -0.086990659962343245 0.073984789423812661 0.28559309373502645 0.0078471575890053033 -0.11116153261198085 0.17753972627051465 -0.098729725087721737 0.024880727378343476 0.13824485678234458 0.045768265882689257 0.51472038481806026 -0.01158453162748792 0.24296536888154413 0.096985798561950234 0.19896007916352645 -0.033873528757362215 -0.026700627203148728 0.006721426171259569 0.12662980806186019 -0.0030874733777149516 0.0098597739486226722 0.052690207041072058
leaf_weight=346 27 30 384 134 49 44 37 46 189 25 31 62 3947 28 26 99 37 27 39 525 25 43 37 52 135 25 30 75 33 106
leaf_count=346 27 30 384 134 49 44 37 46 189 25 31 62 3947 28 26 99 37 27 39 525 25 43 37 52 135 25 30 75 33 106
internal_value=-0.000993727 0.0111761 -0.00163459 0.000933888 0.0183038 0.0132844 0.00652308 -0.00255532 0.000549253 0.00466964 0.00263235 0.00777401 -0.00279393 -0.000399003 0.00698182 -0.000802769 0.004992 0.0141887 0.00478652 -0.000425326 0.000438678 0.00297611 0.00786087 0.00323077 -0.000178772 0.00939682 -0.000899282 0.00293525 0.0066875 0.0013278
internal_weight=6693 334 6359 1678 157 108 64 4681 334 447 271 176 4347 400 54 288 124 52 177 1231 847 292 114 77 178 62 555 138 63 240
internal_count=6693 334 6359 1678 157 108 64 4681 334 447 271 176 4347 400 54 288 124 52 177 1231 847 292 114 77 178 62 555 138 63 240
is_linear=0
shrinkage=0.04


Tree=23
num_leaves=31
num_cat=0
split_feature=0 0 11 18 0 20 16 13 14 7 3 11 18 2 7 3 16 19 20 14 0 4 6 0 10 7 5 10 20 7
split_gain=29.1834 8.02433 7.27825 5.46518 4.9346 3.07698 4.18182 2.38973 2.09768 1.98789 2.72021 1.68617 1.60733 1.56735 1.56008 1.72974 1.52666 1.45221 1.42739 1.27423 1.6357 1.11823 1.41672 2.65226 1.11408 1.07083 1.14559 1.52244 4.41394 1.82468
threshold=18.750000000000004 8.6500000000000004 19.250000000000004 0.78656609248549303 55.350000000000009 -0.22252093395631442 277.50000000000006 2.4500000000000006 317.50000000000006 5.1937500000000014 5.2500000000000009 18.450000000000003 -0.5 27.850000000000005 8.2708333333333357 12.250000000000002 672.50000000000011 1.0000000180025095e-35 0.81174490092936691 103.50000000000001 12.850000000000003 13.550000000000002 15.408333333333335 12.950000000000001 1.5500000000000003 4.1104166666666675 8.9500000000000011 7.6500000000000012 -0.22252093395631442 11.145833333333336
decision_type=2 2 2 2 2 2 2 2 2 2 2 2 2 2 2 2 2 2 2 2 2 2 2 2 2 2 2 2 2 2
left_child=1 8 7 12 5 6 13 -2 11 -10 -11 -1 -3 -4 -12 -16 -7 19 -9 -5 -21 -14 23 -23 -19 -13 27 29 -29 -27
right_child=2 3 4 17 -6 16 -8 18 9 10 14 25 21 -15 15 -17 -18 24 -20 20 -22 22 -24 -25 -26 26 -28 28 -30 -31
leaf_value=-0.11943796766991653 0.41455310642562299 -0.023207327124362763 0.82228367512503431 -0.03770612810079934 1.270811583675745 -0.035431675583041139 1.1259288396661906 -0.061041586246260035 -0.089157868746592955 0.18979086005849688 -0.099622323213012953 -0.13557120355176658 0.0034778081069138569 0.33798839916897216 0.047283676801156881 -0.030032703838453613 0.21433146946177051 0.050737751770716162 0.17649283422732104 0.045087628600003982 0.29179865783508235 0.030820067895602717 -0.029727826679880248 0.20056451944688786 0.16772860217317068 -0.035456735826882947 -0.084541187444533344 0.27256126179600659 -0.059118818062426214 0.051331817651810503
leaf_weight=3492 42 701 26 39 29 29 44 68 148 49 76 170 595 28 34 27 27 41 41 73 33 74 50 40 32 357 227 25 46 30
leaf_count=3492 42 701 26 39 29 29 44 68 148 49 76 170 595 28 34 27 27 41 41 73 33 74 50 40 32 357 227 25 46 30
internal_value=-0.00104751 -0.00165346 0.0104597 0.000719475 0.0158043 0.0128 0.0170505 0.00392105 -0.00250406 0.000549253 0.00329412 -0.00273873 -0.000164272 0.0244364 0.000376811 0.00509677 0.00519298 0.00661187 0.000763635 0.00424657 0.00650467 0.00111053 0.00402424 0.00646956 0.0111892 -0.00114486 -0.000437319 0.000714596 0.00605555 -0.000278351
internal_weight=6693 6359 334 1678 183 154 98 151 4681 334 186 4347 1460 54 137 61 56 218 109 145 106 759 164 114 73 855 685 458 71 387
internal_count=6693 6359 334 1678 183 154 98 151 4681 334 186 4347 1460 54 137 61 56 218 109 145 106 759 164 114 73 855 685 458 71 387
is_linear=0
shrinkage=0.04


Tree=24
num_leaves=31
num_cat=0
split_feature=0 0 0 18 13 0 11 17 5 8 18 17 19 4 13 8 11 16 19 11 2 10 19 2 0 5 9 5 12 16
split_gain=25.2385 7.31115 6.41979 4.35023 2.9287 3.71404 2.80444 2.20499 1.95503 1.91308 1.77779 1.93096 3.08111 2.68935 2.44667 3.41926 1.46407 1.2766 1.2394 1.40451 1.15011 1.14259 1.59748 1.1277 1.17563 1.49464 1.28055 1.68056 1.07363 1.36863
threshold=18.750000000000004 8.6500000000000004 55.350000000000009 0.78656609248549303 2.4500000000000006 23.750000000000004 20.450000000000003 0.37940952255126054 18.650000000000002 25.050000000000004 0.1294095225512602 0.12940952255126045 -0.8783796973249266 15.550000000000002 5.6500000000000012 2.8500000000000001 24.850000000000005 257.50000000000006 1.0000000180025095e-35 24.750000000000004 4.7500000000000009 12.750000000000002 0.87837969732492682 15.15 13.450000000000001 20.650000000000002 52.500000000000007 5.5500000000000007 86.500000000000014 62.500000000000007
decision_type=2 2 2 2 2 2 2 2 2 2 2 2 2 2 2 2 2 2 2 2 2 2 2 2 2 2 2 2 2 2
left_child=1 10 4 7 5 -2 -6 17 9 -8 21 12 14 -14 15 -12 23 -3 -5 -20 -17 -1 -23 24 25 26 27 -9 29 -26
right_child=2 3 -4 18 6 -7 8 16 -10 -11 11 -13 13 -15 -16 20 -18 -19 19 -21 -22 22 -24 -25 28 -27 -28 -29 -30 -31
leaf_value=-0.16250932208539598 0.056435462575617733 -0.060891615569864152 1.2042203478489406 0.050890400788616078 0.031195042667681982 0.45881247094261546 0.21246240499965119 0.051828106477022566 1.0813684496201836 -0.017455171174091594 -0.13803625575029044 -0.076146176362261939 -0.055330804823896289 0.084508137328619948 -0.050088906852364057 0.16871371874798982 0.29435942816652366 0.0047508657055814162 0.065376456997096433 0.068808624938221402 0.47403051230895665 -0.073571433050192883 0.068733771265403226 -0.015436761711290919 0.063821392119994352 0.064204882692356927 -0.0055606223529582645 -0.0041985334990633141 -0.051957142944569379 0.024598645174734195
leaf_weight=2063 40 449 32 145 114 46 28 29 42 32 41 970 1130 65 91 35 27 316 40 33 30 214 42 77 63 25 343 55 26 50
leaf_count=2063 40 449 32 145 114 46 28 29 42 32 41 970 1130 65 91 35 27 316 40 33 30 214 42 77 63 25 343 55 26 50
internal_value=-0.00107738 -0.00164088 0.00962388 0.00062418 0.00776238 0.013977 0.00523502 -0.000164272 0.0100194 0.0052459 -0.0024528 -0.00167922 -0.000723619 -0.0014883 0.00389899 0.008 0.00146552 -0.00164491 0.00588128 0.0101081 0.0136364 -0.00323966 -0.000715954 0.00108819 0.00168243 0.000688741 0.000121494 0.00451765 0.00488571 0.0065614
internal_weight=6693 6359 334 1678 302 86 216 1460 102 60 4681 2362 1392 1195 197 106 695 765 218 73 65 2319 256 668 591 452 427 84 139 113
internal_count=6693 6359 334 1678 302 86 216 1460 102 60 4681 2362 1392 1195 197 106 695 765 218 73 65 2319 256 668 591 452 427 84 139 113
is_linear=0
shrinkage=0.04


Tree=25
num_leaves=31
num_cat=0
split_feature=0 0 12 16 18 4 4 8 16 11 11 17 7 17 19 18 16 10 20 12 11 16 3 8 10 18 0 12 10 19
split_gain=21.0071 5.95033 5.93146 5.35731 4.13641 3.51138 2.36931 2.52155 2.10815 2.06551 2.00413 1.86147 1.55743 2.48714 1.87311 1.82449 3.42946 3.43845 1.47082 1.57835 1.41447 2.01419 1.46561 2.0288 2.405 1.14661 1.10856 1.00825 1.46178 1.21517
threshold=18.750000000000004 7.8500000000000005 66.500000000000014 97.500000000000014 0.60355339059327384 16.250000000000004 45.20000000000001 23.050000000000004 1912.5000000000002 3.5500000000000003 22.850000000000005 0.37940952255126054 7.3854166666666679 -0.25881904510252113 1.0000000180025095e-35 -0.12940952255126037 942.50000000000011 2.5500000000000003 -0.22252093395631442 29.500000000000004 6.3500000000000005 22.500000000000004 12.950000000000001 16.250000000000004 7.4500000000000011 1.0000000180025095e-35 9.6500000000000004 72.500000000000014 16.150000000000002 -0.8783796973249266
decision_type=2 2 2 2 2 2 2 2 2 2 2 2 2 2 2 2 2 2 2 2 2 2 2 2 2 2 2 2 2 2
left_child=1 12 3 5 8 -2 7 -5 11 26 -11 -3 27 14 15 -14 17 -17 -12 -20 -13 -22 23 -23 -25 -4 -6 28 29 -1
right_child=2 4 25 6 9 -7 -8 -9 -10 10 18 20 13 -15 -16 16 -18 -19 19 -21 21 22 -24 24 -26 -27 -28 -29 -30 -31
leaf_value=0.01375397548847729 0.45970879376773194 -0.064546320688669848 -0.0063988719488585841 0.27957779164391988 0.094695427103493032 0.69890639452355408 1.1321233541987075 -0.011426235180101408 0.15187413515919673 -0.004523802840890827 0.10809334173738361 -0.024661818100519525 -0.19731555590522615 -0.090117329540885097 -0.028599288109602692 0.12948909696954924 0.0021235936546079707 0.10339788100866706 -0.013634400086245843 0.030838078912944225 0.058341555799223295 0.013423672952628697 -0.011531532489646936 0.0056079373945065701 0.14834093243899218 0.20998938449524307 0.20158749016660346 -0.13688685874233381 0.082808053925021524 -0.087017088759428415
leaf_weight=212 33 845 95 25 27 50 27 63 28 153 80 362 59 349 163 25 112 49 68 51 33 247 70 27 30 27 29 1744 30 1596
leaf_count=212 33 845 95 25 27 50 27 63 28 153 80 362 59 349 163 25 112 49 68 51 33 247 70 27 30 27 29 1744 30 1596
internal_value=-0.001138 -0.00163944 0.00884735 0.0131055 0.000136518 0.0208095 0.00741379 0.00413483 -0.000759587 0.00373594 0.00258357 -0.000951085 -0.00247834 -0.000828497 0.00129095 0.00349593 0.00543315 0.0120533 0.00522 0.00236667 0.000472726 0.00208823 0.00123733 0.00243934 0.00917241 0.00188618 0.010807 -0.00282668 -0.00217075 -0.0023173
internal_weight=6709 6389 320 198 2050 83 115 88 1642 408 352 1614 4339 757 408 245 186 74 199 119 769 407 374 304 57 122 56 3582 1838 1808
internal_count=6709 6389 320 198 2050 83 115 88 1642 408 352 1614 4339 757 408 245 186 74 199 119 769 407 374 304 57 122 56 3582 1838 1808
is_linear=0
shrinkage=0.04


Tree=26
num_leaves=31
num_cat=0
split_feature=8 11 8 8 18 20 16 11 8 8 11 10 9 10 12 20 5 18 3 7 16 4 5 2 3 7 7 9 16 16
split_gain=18.7556 7.35973 5.32469 3.54502 4.09732 2.56152 3.67816 2.48052 2.22849 2.21178 1.81082 1.52879 1.73157 1.49185 3.42116 1.2519 1.73223 1.47501 1.23393 3.37393 1.1379 1.06221 1.0034 1.62959 0.972083 1.16276 0.964578 2.57608 0.941498 0.918426
threshold=16.450000000000003 20.150000000000002 55.050000000000004 5.9500000000000011 0.60355339059327384 -0.22252093395631442 227.50000000000003 -2.7499999999999996 31.250000000000004 19.450000000000003 16.950000000000003 13.15 52.500000000000007 18.750000000000004 77.500000000000014 0.81174490092936691 13.050000000000002 -0.60355339059327384 4.3500000000000005 5.1937500000000014 472.50000000000006 2.8500000000000001 18.250000000000004 10.850000000000003 10.950000000000001 8.6479166666666689 11.145833333333336 64.500000000000014 1047.5000000000002 2382.5000000000005
decision_type=2 2 2 2 2 2 2 2 2 2 2 2 2 2 2 2 2 2 2 2 2 2 2 2 2 2 2 2 2 2
left_child=3 8 5 26 10 6 -3 -6 15 -8 13 24 -13 22 -15 21 -17 -18 -9 -20 -7 -2 -5 -24 -12 -26 29 -28 -22 -1
right_child=1 2 -4 4 7 20 9 18 -10 -11 11 12 -14 14 -16 16 17 -19 19 -21 28 -23 23 -25 25 -27 27 -29 -30 -31
leaf_value=-0.11809736696701291 0.18180407943227692 0.54093176272526511 1.0236308366953204 -0.073020331409581668 0.062844693501264981 -0.0063035412413333996 0.19087279600619181 -0.012274224827073098 0.38289053515810728 0.23044346021490791 -0.021549029432641271 -0.052880414741187015 0.10757200155375073 0.085809728852780598 -0.034744300090130999 0.19945982949378926 -0.029756182141709532 0.13070900047107745 0.36460185871613127 0.021820768354957897 0.29605447816544428 -0.010266493789051694 0.12131060862427964 -0.033912171137168157 0.094276935269370393 0.0029201197803604829 0.074706656518052653 -0.18050327730394486 0.032859249513015276 0.014336151193209306
leaf_weight=2876 29 47 26 1353 42 48 25 227 36 49 403 29 49 29 88 27 44 28 28 461 31 266 26 31 27 196 29 51 35 73
leaf_count=2876 29 47 26 1353 42 48 25 227 36 49 403 29 49 29 88 27 44 28 28 461 31 266 26 31 27 196 29 51 35 73
internal_value=-0.00115589 0.00508092 0.0103664 -0.00187274 -0.000894984 0.00838983 0.0124262 0.00164427 0.00185615 0.00672 -0.00175807 -7.94336e-05 0.00516456 -0.00253141 0.00179661 0.000972151 0.00484 0.00153425 0.00108229 0.00221224 0.00403478 -0.000337839 -0.00289157 0.00227586 -0.000740033 0.001375 -0.00283696 0.00148148 0.00740298 -0.00295458
internal_weight=6709 691 261 6018 2989 235 121 758 430 74 2231 704 78 1527 117 394 99 72 716 489 114 295 1410 57 626 223 3029 80 66 2949
internal_count=6709 691 261 6018 2989 235 121 758 430 74 2231 704 78 1527 117 394 99 72 716 489 114 295 1410 57 626 223 3029 80 66 2949
is_linear=0
shrinkage=0.04


Tree=27
num_leaves=31
num_cat=0
split_feature=0 0 0 18 13 12 16 18 11 12 8 11 13 17 11 17 13 5 10 11 11 10 20 5 16 8 5 17 9 20
split_gain=18.3988 4.93243 4.83747 3.06854 2.86112 1.97102 1.87363 1.53582 1.50771 2.29335 1.46399 1.98718 1.51063 1.86467 1.39173 1.74723 1.96818 1.61399 1.43848 1.38732 1.3371 1.31243 1.49351 1.30815 2.44523 1.07527 1.12895 0.925001 0.902196 0.878319
threshold=18.750000000000004 7.8500000000000005 55.350000000000009 0.37940952255126048 0.8500000000000002 73.500000000000014 202.50000000000003 0.78656609248549303 18.850000000000005 61.500000000000007 5.2500000000000009 -2.7499999999999996 5.4500000000000011 0.12940952255126045 3.9500000000000006 0.37940952255126054 3.2500000000000004 15.850000000000003 13.15 -3.7499999999999996 6.6500000000000012 13.750000000000002 1.0000000180025095e-35 6.5500000000000007 72.500000000000014 24.250000000000004 21.600000000000005 -1.0000000180025095e-35 57.500000000000007 1.0000000180025095e-35
decision_type=2 2 2 2 2 2 2 2 2 2 2 2 2 2 2 2 2 2 2 2 2 2 2 2 2 2 2 2 2 2
left_child=1 7 4 14 -2 6 21 8 -1 -10 27 -12 13 20 -3 -16 17 18 -17 -5 -13 22 -6 24 -18 -8 -27 -9 -7 -21
right_child=2 3 -4 19 5 28 25 10 9 -11 11 12 -14 -15 15 16 23 -19 -20 29 -22 -23 -24 -25 -26 26 -28 -29 -30 -31
leaf_value=-0.1261643403988868 0.35873718365344737 -0.052011742694973828 0.93999399166889275 0.069179292428680594 0.52648949291225478 -0.048642950030776344 0.16182804139747206 -0.014875548475569591 -0.033914742839276868 0.08476890009188065 0.054217540634836123 0.2603645836282476 -0.049450261099418052 -0.025079705222399863 -0.030495896943808432 -0.0063454332012605179 -0.025381298882858606 0.1232155083186551 0.05774263087665453 0.040730783762457687 0.070147868177122458 0.06868486580881783 0.1449095133254362 -0.011668102785919052 0.23158397327323324 -0.039973384748303212 1.0150656105452831 -0.10764421446536242 0.058926792913821358 0.0040475857430712203
leaf_weight=2701 25 494 28 29 31 58 32 345 538 28 25 31 181 86 602 56 46 25 65 270 46 28 29 167 35 37 25 358 27 261
leaf_count=2701 25 494 28 29 31 58 32 345 538 28 25 31 181 86 602 56 46 25 65 270 46 28 29 167 35 37 25 358 27 261
internal_value=-0.00124531 -0.00171455 0.00809969 -9.75144e-05 0.0065256 0.00526866 0.00760656 -0.00247834 -0.00290943 -0.00102998 -0.0011631 0.000875675 6.95643e-05 0.00285366 -0.00104628 -0.000184555 0.00188354 0.00555102 0.00357377 0.00242424 0.00733333 0.0117753 0.015082 -0.000289158 0.00385366 0.00362105 0.000507936 -0.00223296 0.000232557 0.00194737
internal_weight=6709 6389 320 2050 292 267 182 4339 3267 566 1072 369 344 163 1490 996 394 146 121 560 77 88 60 248 81 94 62 703 85 531
internal_count=6709 6389 320 2050 292 267 182 4339 3267 566 1072 369 344 163 1490 996 394 146 121 560 77 88 60 248 81 94 62 703 85 531
is_linear=0
shrinkage=0.04


Tree=28
num_leaves=31
num_cat=0
split_feature=0 8 12 16 18 5 11 14 16 18 19 2 8 13 0 5 19 6 20 4 0 13 6 6 14 19 19 16 5 7
split_gain=15.9833 4.62037 4.28412 3.89806 3.25819 3.00204 2.35736 1.84904 2.35137 3.50581 2.05812 1.73852 1.72131 1.61327 1.57505 1.5006 1.23437 1.48979 2.76248 1.47098 1.20141 1.17309 1.15896 1.12163 0.994928 1.30629 0.938561 0.938545 0.885621 1.21125
threshold=18.750000000000004 5.6500000000000012 66.500000000000014 92.500000000000014 0.60355339059327384 20.650000000000002 17.450000000000003 192.50000000000003 262.50000000000006 0.91597561503675351 -0.8783796973249266 20.850000000000005 24.250000000000004 2.5500000000000003 14.350000000000003 6.0500000000000007 0.6078576107927941 6.2916666666666643 -0.56174490092936669 21.150000000000002 9.5500000000000025 2.4500000000000006 7.8999999999999986 5.5333333333333341 326.50000000000006 -0.8783796973249266 1.0000000180025095e-35 1567.5000000000002 8.7500000000000018 6.7479166666666677
decision_type=2 2 2 2 2 2 2 2 2 2 2 2 2 2 2 2 2 2 2 2 2 2 2 2 2 2 2 2 2 2
left_child=1 24 3 11 6 12 20 10 9 13 15 -2 -5 -9 -12 -6 17 18 -8 27 -3 -4 -22 -10 -1 -26 -25 28 29 -19
right_child=2 4 21 5 7 -7 16 8 23 -11 14 -13 -14 -15 -16 -17 -18 19 -20 -21 22 -23 -24 26 25 -27 -28 -29 -30 -31
leaf_value=-0.11733846906268332 0.25216729174241448 -0.081634259953522442 0.21125074939814922 0.15535491974157309 0.12329713726070705 0.99126298173654503 0.23121485060549571 -0.0041424004887259062 -0.046495047383184766 0.24995001869640823 -0.026420040144818611 0.60377173623850455 -0.031563226954134098 0.067787253472903722 0.081326351576225239 0.017507735141336023 -0.035704756081605456 -0.036921795543555673 -0.0059588429409815546 0.34817399422686007 0.050091630698037168 -0.032574484796154858 -0.012402506292039346 0.076638104513827646 0.10364341073208547 -0.046161584836446445 -0.0042785011941841831 0.14254291905956903 -0.025326686164344549 0.026831150624330769
leaf_weight=2717 25 1117 33 32 38 42 26 42 57 31 416 57 42 25 25 43 239 46 33 25 29 89 694 104 37 141 68 39 247 150
leaf_count=2717 25 1117 33 32 38 42 26 42 57 31 416 57 42 25 25 43 239 46 33 25 29 89 694 104 37 141 68 39 247 150
internal_value=-0.00123338 -0.00167074 0.00747663 0.0110955 -0.000691274 0.0062906 -0.00138322 0.00146353 0.00381707 0.0089697 -1.52973e-05 0.0177349 0.00138667 0.00370588 -0.00109502 0.00580488 0.000421835 0.00143915 0.0074 0.000732283 -0.00217273 0.00156097 -0.000900553 0.00158261 -0.00285221 4.46918e-05 0.00319075 0.000231883 -0.000297298 0.00170558
internal_weight=6709 6389 320 198 3494 116 2645 849 327 98 522 82 74 67 441 81 805 566 59 507 1840 122 723 229 2895 178 172 482 443 196
internal_count=6709 6389 320 198 3494 116 2645 849 327 98 522 82 74 67 441 81 805 566 59 507 1840 122 723 229 2895 178 172 482 443 196
is_linear=0
shrinkage=0.04


Tree=29
num_leaves=31
num_cat=0
split_feature=0 0 12 10 5 18 14 8 19 12 10 3 19 14 3 11 12 2 14 14 11 12 16 14 9 7 9 0 14 12
split_gain=15.3631 4.29954 3.75792 3.99323 2.63223 2.45092 1.99917 1.99222 1.91465 1.67164 1.64704 1.51285 1.47578 2.80796 1.33284 1.28705 1.27334 1.49089 1.24987 1.52406 1.35461 1.23157 1.01565 1.10046 2.08997 1.0017 1.06908 0.788366 0.833568 0.738993
threshold=19.250000000000004 8.5500000000000025 66.500000000000014 8.1500000000000004 33.050000000000004 -0.5 319.50000000000006 24.350000000000005 -0.8783796973249266 72.500000000000014 16.150000000000002 16.250000000000004 -0.8783796973249266 49.500000000000007 20.850000000000005 19.650000000000002 64.500000000000014 5.9500000000000011 338.50000000000006 313.50000000000006 32.050000000000004 31.500000000000004 1497.5000000000002 157.50000000000003 89.500000000000014 7.7729166666666671 75.500000000000014 5.6500000000000012 173.50000000000003 47.500000000000007
decision_type=2 2 2 2 2 2 2 2 2 2 2 2 2 2 2 2 2 2 2 2 2 2 2 2 2 2 2 2 2 2
left_child=1 6 3 4 7 -3 9 -2 -8 10 12 -4 13 -1 -5 16 -7 -18 19 20 21 -17 23 24 -23 -10 -27 -15 -29 -25
right_child=2 5 11 14 -6 15 8 -9 25 -11 -12 -13 -14 27 -16 18 17 -19 -20 -21 -22 22 -24 29 -26 26 -28 28 -30 -31
leaf_value=0.10414779327814756 0.12780974938601505 -0.026945443968004967 0.33247575022445952 0.56238967197445788 0.9946399471041002 -0.013232139070524094 0.11929027364896622 -0.046491815356081601 -0.065223620579867955 -0.11641596142660682 0.088375282813308614 -0.035587829088815019 -0.059147213221178961 -0.069684478573915562 0.38212203066065104 -0.015168664471082394 0.13555658136011378 0.0011241203208486972 -0.046819947902074541 0.16644741202323815 0.13433573475900551 0.21529600243432476 0.068775697425373747 -0.015764406747676211 -0.098709435760150011 0.057870895410385759 0.00084182635684886637 -0.040950537155861007 0.072664055289652849 0.016845092325034186
leaf_weight=37 25 743 34 35 25 186 45 44 213 2001 38 76 1970 192 55 132 46 345 49 43 25 45 29 61 26 25 50 40 30 44
leaf_count=37 25 743 34 35 25 186 45 44 213 2001 38 76 1970 192 55 132 46 345 49 43 25 45 29 61 26 25 50 40 30 44
internal_value=-0.00125127 -0.00166147 0.00767458 0.0111568 0.00530526 1.35202e-05 -0.0023016 0.0012 0.000682634 -0.00253238 -0.00179723 0.0018018 -0.00193656 0.000679999 0.0171429 0.00127519 2.07603e-05 0.00131633 0.00286593 0.00359606 0.00273278 0.00204734 0.00398058 0.00280226 0.00661111 -0.000525953 0.00342105 -0.000790875 0.0028169 0.000188678
internal_weight=6709 6415 294 184 94 1774 4641 69 333 4308 2307 110 2269 299 90 1031 577 391 454 405 362 337 205 176 71 288 75 262 70 105
internal_count=6709 6415 294 184 94 1774 4641 69 333 4308 2307 110 2269 299 90 1031 577 391 454 405 362 337 205 176 71 288 75 262 70 105
is_linear=0
shrinkage=0.04


Tree=30
num_leaves=31
num_cat=0
split_feature=0 0 8 18 13 14 4 18 12 13 6 17 16 12 4 14 7 9 13 6 12 6 8 0 10 7 12 14 10 4
split_gain=13.6853 4.59961 3.62531 2.68945 2.68169 2.15832 1.98764 1.8982 1.77345 3.89673 1.75324 1.36771 1.75493 3.48189 1.36632 1.23984 1.43822 1.22705 1.09184 1.08187 2.21323 1.33487 1.05244 1.38825 1.22799 0.952429 1.19141 0.908338 1.57985 1.37113
threshold=14.350000000000003 32.500000000000007 8.2500000000000018 0.78656609248549303 1.4500000000000002 335.50000000000006 38.300000000000004 1.0000000180025095e-35 63.500000000000007 1.6500000000000001 3.8833333333333306 0.37940952255126054 1497.5000000000002 31.500000000000004 2.5500000000000003 13.500000000000002 5.3937500000000007 60.500000000000007 12.15 20.775000000000002 67.500000000000014 15.199999999999998 17.350000000000005 16.650000000000002 9.2500000000000018 11.483333333333334 79.500000000000014 203.50000000000003 3.4500000000000006 3.9500000000000006
decision_type=2 2 2 2 2 2 2 2 2 2 2 2 2 2 2 2 2 2 2 2 2 2 2 2 2 2 2 2 2 2
left_child=2 7 5 11 -3 15 -6 19 -7 -10 -11 12 -4 -14 -13 16 -1 -9 27 21 -21 25 -19 -24 -25 26 -2 29 -29 -5
right_child=1 4 3 18 6 8 -8 17 9 10 -12 14 13 -15 -16 -17 -18 22 -20 20 -22 -23 23 24 -26 -27 -28 28 -30 -31
leaf_value=-0.071502177552243001 0.16313633487708262 0.4864827797296114 -0.090131524711091093 0.26155652705911892 0.14643243113512808 -0.040340260903323273 0.92633949665755499 -0.0012252323236572012 -0.092528648900731036 0.011962410160864712 0.32293256734397935 -0.022325915330500008 -0.020223945542673229 0.17098715869703038 0.0072545783524566726 -0.095174528388316276 0.11336582456551357 0.11304208024843208 -0.057557197959920876 0.40850202789665629 -0.05367248176963263 -0.015453390342682019 -0.021555366755883796 0.088619474881697816 0.49993740297934586 -0.016720959831745437 -0.0056059005350444138 0.025813309358608264 0.05890173066683211 0.0016249846962024578
leaf_weight=49 40 28 683 28 41 113 33 48 39 26 26 125 56 27 609 3814 49 33 33 25 30 203 32 69 26 27 29 76 33 153
leaf_count=49 40 28 683 28 41 113 33 48 39 26 26 125 56 27 609 3814 49 33 33 25 30 203 32 69 26 27 29 76 33 153
internal_value=-0.0012556 0.00418647 -0.00186465 -0.000379387 0.0119612 -0.00252223 0.00778667 0.00275666 0.00148293 0.00560869 0.0126792 -0.00109261 -0.00227379 0.00319048 0.000141496 -0.00273141 0.00169697 0.0057799 0.00292592 0.000969013 0.00607143 1.33324e-05 0.00745342 0.00571875 0.008125 0.00387629 0.00634286 0.00371134 0.00658182 0.00195604
internal_weight=6603 664 5939 1823 102 4116 74 562 204 91 52 1500 766 83 734 3912 98 208 323 354 55 299 160 127 95 96 69 290 109 181
internal_count=6603 664 5939 1823 102 4116 74 562 204 91 52 1500 766 83 734 3912 98 208 323 354 55 299 160 127 95 96 69 290 109 181
is_linear=0
shrinkage=0.04


Tree=31
num_leaves=31
num_cat=0
split_feature=0 9 8 7 12 9 18 3 14 7 5 1 10 9 18 17 0 11 14 11 5 11 19 11 12 20 0 19 7 7
split_gain=12.7633 4.67907 3.8177 2.96453 3.41857 3.33398 2.58353 2.06107 2.67132 2.01197 1.6568 2.3812 1.46661 1.45941 1.45484 1.55155 2.29231 2.53135 2.18416 1.31876 1.29881 1.16931 1.20985 1.14203 1.044 0.999764 0.96802 0.929972 1.45553 0.921636
threshold=14.350000000000003 115.50000000000001 8.2500000000000018 15.681250000000004 63.500000000000007 63.500000000000007 0.78656609248549303 13.050000000000002 181.50000000000003 22.343750000000004 20.050000000000004 10.65 12.250000000000002 58.500000000000007 0.60355339059327384 0.12940952255126045 4.0500000000000007 1.0000000180025095e-35 335.50000000000006 17.450000000000003 35.500000000000007 2.6500000000000008 -0.60785761079279388 25.750000000000004 70.500000000000014 1.0000000180025095e-35 7.9500000000000011 -1.0000000180025095e-35 4.4895833333333348 7.6187500000000012
decision_type=2 2 2 2 2 2 2 2 2 2 2 2 2 2 2 2 2 2 2 2 2 2 2 2 2 2 2 2 2 2
left_child=2 3 14 7 5 -5 10 8 12 -7 19 -12 13 -2 -1 16 29 -18 -19 27 -11 -8 26 -24 -21 -25 -23 28 -4 -16
right_child=1 -3 6 4 -6 9 21 -9 -10 20 11 -13 -14 -15 15 -17 17 18 -20 24 -22 22 23 25 -26 -27 -28 -29 -30 -31
leaf_value=-0.11825132543206855 -0.018366123153664048 0.91398528198826645 0.1337765809718004 0.43045165565854937 0.010044047648417764 0.44688973010982358 0.13700693397508723 -0.013216085753061864 -0.0042490337713883856 -0.058857659665470394 0.067421115365354875 -0.027500483900691212 0.33014533811162639 0.16958733292661496 -0.063808332469252854 -0.077027746966797234 0.087107375509352672 -0.0011253092790330531 0.12813689468645914 -0.0010974256537825561 0.73290265657124565 0.058202648804419825 -0.022888965616396754 0.072642500421400774 0.026392298516621577 -0.017901857617990461 0.056742563719565674 -0.052170449693692084 -0.01609832511923209 0.016782990214628823
leaf_weight=2733 25 33 36 31 79 45 30 210 109 28 25 33 29 50 538 527 25 197 31 429 25 30 123 42 36 30 68 571 370 65
leaf_count=2733 25 33 36 31 79 45 30 210 109 28 25 33 29 50 538 527 25 197 31 429 25 30 123 42 36 30 68 571 370 65
internal_value=-0.00124955 0.00400601 -0.00183771 0.00322152 0.00711962 0.0111077 -0.000313597 0.00129245 0.00405607 0.00735353 -0.00101266 0.00555932 0.00860952 0.00552631 -0.00251251 -0.00145376 -0.000401401 0.0027874 0.00143231 -0.00128067 0.002 0.00292592 0.00213605 0.000306122 0.000472102 0.00427397 0.00573737 -0.00211452 -0.00064865 -0.00174172
internal_weight=6603 664 5939 631 208 129 1823 423 213 98 1500 58 104 75 4116 1383 856 253 228 1442 53 323 293 195 465 72 98 977 406 603
internal_count=6603 664 5939 631 208 129 1823 423 213 98 1500 58 104 75 4116 1383 856 253 228 1442 53 323 293 195 465 72 98 977 406 603
is_linear=0
shrinkage=0.04


Tree=32
num_leaves=31
num_cat=0
split_feature=0 13 8 18 11 5 17 5 18 17 0 13 2 10 5 14 10 12 3 17 3 11 12 8 8 11 4 10 9 4
split_gain=10.8501 5.47197 5.27948 2.64988 2.07782 4.04589 1.53557 1.83511 1.51146 2.09775 2.28195 3.09014 1.94546 3.20684 1.6308 1.27958 1.27841 1.2666 2.05707 1.20338 1.05404 1.04689 1.32742 1.71899 2.21654 1.00044 1.20783 0.959716 0.868637 0.864303
threshold=19.250000000000004 1.3500000000000003 8.2500000000000018 0.60355339059327384 21.350000000000005 18.650000000000002 0.60355339059327384 17.250000000000004 0.37940952255126048 0.12940952255126045 4.0500000000000007 4.4500000000000011 5.8500000000000005 4.7500000000000009 10.450000000000001 195.50000000000003 12.65 69.500000000000014 2.6500000000000008 -0.37940952255126065 9.1500000000000004 4.3500000000000005 69.500000000000014 10.15 13.850000000000003 32.650000000000013 3.6500000000000008 3.9500000000000006 59.500000000000007 21.350000000000005
decision_type=2 2 2 2 2 2 2 2 2 2 2 2 2 2 2 2 2 2 2 2 2 2 2 2 2 2 2 2 2 2
left_child=2 -2 8 6 -3 -6 29 21 16 10 14 12 13 -12 28 25 -1 18 -18 -7 -9 -8 -23 -24 -25 26 -5 -17 -10 -4
right_child=1 4 3 15 5 19 7 20 9 -11 11 -13 -14 -15 -16 27 17 -19 -20 -21 -22 22 23 24 -26 -27 -28 -29 -30 -31
leaf_value=-0.13898856951585045 0.56964412638519157 0.0083466483265021395 -0.045936259819993157 0.19473931948188802 -0.001615469630728801 0.81700578037364557 -0.030380984478955125 0.069490613825900063 0.030276897556711761 -0.076375558910745156 0.039495699010602507 -0.010427535775689858 0.042880563353466412 0.29665946164719287 0.095575261912586862 0.030302206303856556 -0.066483851876436684 -0.068065020721636157 0.069625595405874624 0.70757599573856766 0.016685052249283783 -0.00022269830321329349 -0.11133469537358355 0.10294530056226966 0.0047425548012387277 0.1401515583609412 -0.0056315594552198613 0.051887048523445903 -0.057011468558868218 0.17981412254081547
leaf_weight=2136 44 131 968 41 54 26 281 28 26 690 26 210 43 33 26 137 31 150 44 25 37 251 25 37 42 25 258 52 701 25
leaf_count=2136 44 131 968 41 54 26 281 28 26 690 26 210 43 33 26 137 31 150 44 25 37 251 25 37 42 25 258 52 701 25
internal_value=-0.00128589 0.00640569 -0.00162745 -4.8914e-05 0.00394937 0.00811321 -0.0008118 0.000621082 -0.00247365 -0.00158314 -0.000469044 0.00240255 0.00807767 0.0127333 -0.00166048 0.00246693 -0.00313463 -0.000265488 0.00394737 0.0160769 0.0069697 -3.76776e-05 0.00140449 0.00518095 0.00805 0.000935384 0.000279999 0.00507368 -0.00201648 -0.00182294
internal_weight=6603 280 6323 2207 236 105 1694 701 4116 1755 1065 312 102 59 753 513 2361 225 75 51 65 636 355 104 79 324 299 189 727 993
internal_count=6603 280 6323 2207 236 105 1694 701 4116 1755 1065 312 102 59 753 513 2361 225 75 51 65 636 355 104 79 324 299 189 727 993
is_linear=0
shrinkage=0.04


Tree=33
num_leaves=31
num_cat=0
split_feature=0 0 13 3 3 14 5 6 7 3 7 11 10 11 11 7 4 3 14 19 13 5 17 16 9 3 14 8 3 5
split_gain=9.38314 5.52155 4.42541 1.99552 4.17636 1.99341 1.92985 1.74669 1.6923 2.97564 1.63499 1.59606 2.13941 1.59053 1.38064 1.68917 1.25095 1.20342 1.13322 1.85096 1.34353 0.992346 0.97286 0.892669 1.57728 0.860006 3.21913 0.842485 0.768659 0.750668
threshold=9.5500000000000025 27.350000000000005 1.3500000000000003 22.700000000000006 26.650000000000002 319.50000000000006 26.350000000000005 8.4250000000000007 5.3645833333333348 5.2500000000000009 8.2708333333333357 18.450000000000003 13.050000000000002 32.050000000000004 20.050000000000004 8.5437500000000011 23.000000000000004 12.250000000000002 77.500000000000014 -0.60785761079279388 3.3500000000000001 7.2500000000000009 -1.0000000180025095e-35 762.50000000000011 92.500000000000014 10.950000000000001 45.500000000000007 4.3500000000000005 31.850000000000005 5.2500000000000009
decision_type=2 2 2 2 2 2 2 2 2 2 2 2 2 2 2 2 2 2 2 2 2 2 2 2 2 2 2 2 2 2
left_child=5 3 -3 7 -5 11 28 14 -7 -10 -11 18 25 16 15 21 22 -12 19 20 -1 -2 23 -9 29 -13 -27 -20 -4 -25
right_child=1 2 6 4 -6 8 -8 13 9 10 17 12 -14 -15 -16 -17 -18 -19 27 -21 -22 -23 -24 24 -26 26 -28 -29 -30 -31
leaf_value=-0.073129304213614812 0.22059030396029741 0.64213892765295044 0.24111941499506326 0.13548163729006332 -0.071713997815738964 -0.067673224214788219 0.8129720889404537 -0.094504759088540308 0.1585301665185446 -0.077466142204699329 0.041552393594323882 -0.043416839917490624 0.080710714998251248 0.094727758299858258 -0.010661010714959744 0.055613090458805213 0.52925919912589137 -0.015134710568960368 -0.15572469757745364 -0.031603586138872854 0.073382552769868367 -0.015932877022100476 0.0026878446787864754 -0.028780063095236612 -0.024407534503676515 0.14295672903842918 -0.014978971678548208 -0.054945485563406539 -0.058711267883497079 0.15470305331968992
leaf_weight=50 59 29 25 30 31 160 40 355 43 76 37 745 50 26 40 26 36 28 1517 328 51 27 753 25 59 26 111 1742 31 47
leaf_count=50 59 29 25 30 31 160 40 355 43 76 37 745 50 26 40 26 36 28 1517 328 51 27 753 25 59 26 111 1742 31 47
internal_value=-0.00130406 0.00131951 0.00936508 0.000649504 0.00767742 -0.00217039 0.0051134 0.00034938 0.000765216 0.00337297 0.00053521 -0.00238909 -0.000908897 -0.000125961 0.00439216 0.00665487 -0.000329155 0.00515151 -0.00276281 -0.000827908 0.00388235 0.00386207 -0.000545162 -0.0019384 0.000878787 -0.00136806 0.00153623 -0.00301718 0.000280701 0.00482192
internal_weight=6603 1639 125 1514 61 4964 96 1453 344 184 141 4620 932 1301 152 112 1275 65 3688 429 101 86 1239 486 131 882 137 3259 56 72
internal_count=6603 1639 125 1514 61 4964 96 1453 344 184 141 4620 932 1301 152 112 1275 65 3688 429 101 86 1239 486 131 882 137 3259 56 72
is_linear=0
shrinkage=0.04


Tree=34
num_leaves=31
num_cat=0
split_feature=8 0 13 18 3 5 19 0 5 10 1 0 18 19 2 4 20 2 8 10 19 11 20 3 11 3 13 4 18 3
split_gain=8.66173 5.14729 5.08452 2.72332 2.43276 1.76518 3.62636 1.55039 1.62466 1.48586 1.64074 2.35083 1.44609 1.40996 1.33375 1.28405 1.35164 2.14642 1.32499 1.24839 1.89088 1.10571 1.07886 1.06399 1.43545 1.28219 0.933908 0.829161 1.29206 0.748338
threshold=8.2500000000000018 27.350000000000005 1.3500000000000003 0.78656609248549303 22.700000000000006 17.250000000000004 0.87837969732492682 15.65 22.150000000000002 3.3500000000000001 6.5500000000000007 9.6500000000000004 0.37940952255126048 -0.60785761079279388 4.4500000000000011 13.15 -0.22252093395631442 16.550000000000004 13.550000000000002 12.65 0.87837969732492682 25.550000000000004 -0.22252093395631442 3.4500000000000006 1.0000000180025095e-35 4.1500000000000012 4.0500000000000007 15.450000000000001 -0.12940952255126037 1.9500000000000002
decision_type=2 2 2 2 2 2 2 2 2 2 2 2 2 2 2 2 2 2 2 2 2 2 2 2 2 2 2 2 2 2
left_child=12 3 -3 4 5 14 7 -7 -9 21 -11 -12 19 -4 -2 29 17 18 -17 27 26 -5 -23 -14 25 -25 -21 -1 -29 -16
right_child=1 2 13 9 -6 6 -8 8 -10 10 11 -13 23 -15 15 16 -18 -19 -20 20 -22 22 -24 24 -26 -27 -28 28 -30 -31
leaf_value=-0.13703902412131172 0.20352178491094639 0.61645337054683236 0.75180664003486397 -0.014200960701991498 0.10873118459635603 -0.017435222045306741 0.16830199423465186 0.278884299981216 -0.018375104758164975 0.28471674938888236 -0.015702467602097075 0.19083766186300724 -0.06279634372244744 -0.018165599060301105 0.044883575497503311 0.019872221419943364 -0.0036724643184066685 -0.089218960554098281 0.21927985053627794 -0.0828677922551668 0.076703679060433669 0.090441948230317898 0.014578701352685294 -0.0072220060595637051 -0.023846949604133062 0.0873510454335827 0.017776751471313142 -0.078108705044637614 0.073646476669661814 -0.022417833864418608
leaf_weight=2074 27 29 46 122 43 95 30 38 26 26 58 52 838 50 34 30 158 26 27 149 48 51 74 26 844 47 28 35 27 1445
leaf_count=2074 27 29 46 122 43 95 30 38 26 26 58 52 838 50 34 30 158 26 27 149 48 51 74 26 844 47 28 35 27 1445
internal_value=-0.00132829 0.000535369 0.0084127 0.000115107 -0.000482829 -0.000693857 0.00296842 0.000524999 0.00529231 0.00319792 0.00654015 0.00432432 -0.00245422 0.00387629 -0.00109153 -0.00123184 0.00147107 0.00557143 0.00986207 -0.00310076 -0.000265488 0.00133871 0.00396825 -0.00158314 -0.000640524 0.0047027 -0.00217978 -0.00339916 0.00114286 -0.00167297
internal_weight=6603 2487 125 2362 1979 1936 189 159 64 383 136 110 4116 96 1747 1720 241 83 57 2361 225 247 125 1755 917 73 177 2136 62 1479
internal_count=6603 2487 125 2362 1979 1936 189 159 64 383 136 110 4116 96 1747 1720 241 83 57 2361 225 247 125 1755 917 73 177 2136 62 1479
is_linear=0
shrinkage=0.04


Tree=35
num_leaves=31
num_cat=0
split_feature=0 0 13 18 5 3 10 11 7 19 14 4 5 9 17 11 7 14 0 17 14 5 4 2 16 4 5 16 0 14
split_gain=7.86428 3.3276 3.17419 2.32693 2.11896 2.15283 1.8525 2.34477 1.73527 1.97036 2.15173 2.37849 1.76492 2.80342 1.68924 3.06123 2.12122 1.27668 1.23338 1.43544 1.22993 1.14465 1.76384 1.53711 1.9342 1.60396 1.13831 1.10822 1.10464 0.999989
threshold=9.3500000000000032 27.350000000000005 0.95000000000000007 -0.12940952255126037 49.100000000000009 29.000000000000004 12.65 20.050000000000004 7.8770833333333341 -0.8783796973249266 77.500000000000014 5.6500000000000012 8.0500000000000025 66.500000000000014 -1.0000000180025095e-35 25.550000000000004 10.927083333333334 319.50000000000006 5.8500000000000005 0.60355339059327384 25.500000000000004 6.5500000000000007 9.4500000000000011 12.250000000000002 77.500000000000014 4.5500000000000007 13.350000000000003 287.50000000000006 2.5500000000000003 261.50000000000006
decision_type=2 2 2 2 2 2 2 2 2 2 2 2 2 2 2 2 2 2 2 2 2 2 2 2 2 2 2 2 2 2
left_child=3 14 -3 6 5 -4 -1 -8 9 10 11 -5 13 -10 27 21 -17 18 -12 -20 -15 22 23 24 -16 -26 -18 -2 -14 -22
right_child=1 2 4 8 -6 -7 7 -9 12 -11 17 -13 28 20 15 16 26 -19 19 -21 29 -23 -24 -25 25 -27 -28 -29 -30 -31
leaf_value=-0.13740128276219057 -0.079012569740912475 0.27274987621075025 0.39059643949678347 0.29260561246627043 0.79748316875484182 -0.053250420128031203 -0.031344013194858834 0.099462771488444734 0.11136581022001547 -0.052069782919113676 -0.065529491606290818 -0.025875084988082612 0.014861007866201772 0.072163771830635257 0.0025790248578393565 -0.016952201935050169 0.18398031762486958 0.10906156082353125 0.077507372710212408 -0.026459034165645334 -0.019060570503164096 -0.00096258942248174514 0.094312461583017412 -0.033575560155737913 0.17988818102028309 0.0060581507123017245 0.45718975037045978 0.0054398482566813408 -0.034601478023936316 0.011612867882539972
leaf_weight=1791 274 27 25 30 27 55 228 35 27 1978 184 26 28 40 136 25 27 27 28 38 152 693 29 56 29 25 28 311 279 81
leaf_count=1791 274 27 25 30 27 55 228 35 27 1978 184 26 28 40 136 25 27 27 28 38 152 693 29 56 29 25 28 311 279 81
internal_value=-0.00133472 0.000957013 0.00699259 -0.00214921 0.00381481 0.000493826 -0.00318054 -4.54555e-05 -0.00142241 -0.00192215 0.000922155 0.008 0.000480262 0.00265781 0.000457771 0.00141849 0.00888889 -0.000532375 -0.00143426 0.00322388 0.00141606 0.000792569 0.00297101 0.00184615 0.00356021 0.00989091 0.0132143 -0.0012628 -0.00164935 0.000290597
internal_weight=6739 1767 134 4972 107 80 2054 263 2918 2311 333 56 607 300 1633 1048 80 277 250 66 273 968 275 246 190 54 55 585 307 233
internal_count=6739 1767 134 4972 107 80 2054 263 2918 2311 333 56 607 300 1633 1048 80 277 250 66 273 968 275 246 190 54 55 585 307 233
is_linear=0
shrinkage=0.04


Tree=36
num_leaves=31
num_cat=0
split_feature=8 0 13 18 5 3 14 19 4 15 14 5 16 0 3 18 1 4 4 0 0 2 4 12 0 16 14 14 5 3
split_gain=7.41203 3.85646 3.17419 2.20072 2.11896 2.15283 2.07736 2.64245 1.36935 1.27729 1.16206 1.58607 1.74656 1.57508 1.66478 1.48664 1.67426 1.30113 1.1154 1.20534 1.00954 1.14345 1.02402 0.959514 0.981646 1.33763 0.970576 0.935229 0.818782 1.58917
threshold=8.2500000000000018 27.350000000000005 0.95000000000000007 -0.5 49.100000000000009 29.000000000000004 75.500000000000014 -0.60785761079279388 9.6500000000000004 0.15000000000000005 196.50000000000003 9.4500000000000011 292.50000000000006 13.65 5.7500000000000009 0.25881904510252057 10.350000000000003 16.350000000000005 6.0500000000000007 2.3500000000000001 12.050000000000002 11.550000000000002 6.0500000000000007 76.500000000000014 5.4500000000000011 22.500000000000004 326.50000000000006 350.50000000000006 13.850000000000003 8.3500000000000032
decision_type=2 2 2 2 2 2 2 2 2 2 2 2 2 2 2 2 2 2 2 2 2 2 2 2 2 2 2 2 2 2
left_child=6 3 -3 20 5 -4 7 8 18 10 13 12 15 28 -15 -12 -17 -16 19 -1 -2 22 -22 24 -8 -26 -25 -28 -5 -30
right_child=1 2 4 9 -6 -7 23 -9 -10 -11 11 -13 -14 14 17 16 -18 -19 -20 -21 21 -23 -24 26 25 -27 27 -29 29 -31
leaf_value=0.0016936294262658198 -0.063706490617692013 0.2618398811623201 0.37497258191691218 -0.0055862678809006482 0.76558384200464835 -0.051120403322909985 -0.090589031297572759 -0.03760672001508835 0.099841040036406398 -0.085951118396390955 0.00799820109880061 0.0011876939227972536 0.018027803366162335 0.26357885144948462 -0.00060251711625777761 0.047141616312492383 0.062579445869667419 0.466452680328377 -0.069265162606143252 0.28090138796761965 0.30737058772696707 -0.0034438336215943033 -0.037741363109896994 -0.10648399474145238 0.10497569793597493 -0.021285166222804904 0.059654999270080562 -0.08400391104968781 0.040660236524962576 -0.0061439534075706306
leaf_weight=34 541 27 25 653 27 55 1601 383 28 78 54 209 159 25 121 43 25 47 36 30 26 350 29 1500 31 466 30 25 25 56
leaf_count=34 541 27 25 653 27 55 1601 383 28 78 54 209 159 25 121 43 25 47 36 30 26 350 29 1500 31 466 30 25 25 56
internal_value=-0.00127537 0.00041149 0.00699259 4.75011e-05 0.00381481 0.000493826 -0.00231837 7.03115e-05 0.00502325 0.00100267 0.00127786 0.00285132 0.00480851 0.000443965 0.00364948 0.00839024 0.0122899 0.00217751 0.00277228 0.00590769 -0.00146146 4.92601e-05 0.00535714 -0.00265244 -0.00209243 -0.000538154 -0.00340617 0.00178571 -0.000402722 0.00336585
internal_weight=6739 2575 134 2441 107 80 4164 511 128 1495 1417 490 281 927 193 122 68 168 100 64 946 405 55 3653 2098 497 1555 55 734 81
internal_count=6739 2575 134 2441 107 80 4164 511 128 1495 1417 490 281 927 193 122 68 168 100 64 946 405 55 3653 2098 497 1555 55 734 81
is_linear=0
shrinkage=0.04


Tree=37
num_leaves=31
num_cat=0
split_feature=0 11 18 0 13 5 8 6 3 3 7 5 4 16 7 9 14 19 15 8 0 9 11 3 9 3 0 16 16 20
split_gain=6.68329 3.20215 2.6066 2.53249 2.99792 2.47795 2.24769 2.16779 2.1358 2.34509 1.71222 1.65774 3.16287 1.54263 1.78519 2.33572 1.53805 1.28645 1.31327 2.38145 1.11399 1.01952 1.36466 0.972109 0.926764 0.894545 0.855877 2.09218 0.831034 1.35371
threshold=13.550000000000002 15.65 0.78656609248549303 32.500000000000007 0.95000000000000007 49.100000000000009 5.9500000000000011 6.8166666666666655 4.2500000000000009 5.4500000000000011 4.5270833333333345 5.6500000000000012 13.15 27.500000000000004 5.0187500000000007 77.500000000000014 126.50000000000001 0.6078576107927941 1.0000000180025095e-35 9.1500000000000004 5.3500000000000005 99.500000000000014 6.4500000000000011 13.350000000000003 63.500000000000007 2.4500000000000006 22.450000000000003 87.500000000000014 1912.5000000000002 1.0000000180025095e-35
decision_type=2 2 2 2 2 2 2 2 2 2 2 2 2 2 2 2 2 2 2 2 2 2 2 2 2 2 2 2 2 2
left_child=1 2 -1 11 -5 -6 21 8 25 -10 -3 12 16 24 15 -15 -2 18 20 -20 -16 -4 -23 -13 -12 -8 -25 -28 -22 -30
right_child=3 10 6 4 5 -7 7 -9 9 -11 13 23 -14 14 17 -17 -18 -19 19 -21 28 22 -24 26 -26 -27 27 -29 29 -31
leaf_value=-0.077660239610971821 0.22324300825221205 -0.080806293373613711 -0.059338198405235978 0.25136628591582744 -0.0048295813102214877 0.73669190498164694 0.024028670556468117 -0.021261976611464051 0.32087059790449168 0.018831014417991686 0.010886724139278348 0.028681669463351659 0.17049463042755628 -0.013162679018757823 -0.045296902084840544 0.19828713678939389 -0.040356052763790652 -0.030355937591533187 0.14376038613444717 -0.0041163182411528268 0.0023552333697027441 -0.048398422142180757 0.049454828101878609 -0.017363513435144935 0.13630182652101458 -0.041953874662220836 0.3807479123031402 -0.10386667360577231 0.082130840467969868 -0.0089646850269775626
leaf_weight=3332 31 323 490 27 60 26 44 81 36 30 30 265 34 39 246 26 64 423 31 27 518 26 36 253 31 54 25 30 64 37
leaf_count=3332 31 323 490 27 60 26 44 81 36 30 30 265 34 39 246 26 64 423 31 27 518 26 36 253 31 54 25 30 64 37
internal_value=-0.00131098 -0.00177823 -0.00239128 0.00208333 0.00761403 0.00386207 -0.000335841 0.00284553 0.00547879 0.0109851 -0.000367484 0.0011835 0.00526154 0.000211812 -5.9491e-05 0.00636364 0.00145833 -0.000374166 0.000463203 0.00623729 6.92831e-05 -0.00175045 0.00304762 0.000257839 0.0063871 0.00169697 -0.00126861 0.00321428 0.000974193 0.00427451
internal_weight=6739 5924 4129 815 113 86 797 245 164 66 1795 702 129 1472 1411 65 95 1346 923 58 865 552 62 573 61 98 308 55 619 101
internal_count=6739 5924 4129 815 113 86 797 245 164 66 1795 702 129 1472 1411 65 95 1346 923 58 865 552 62 573 61 98 308 55 619 101
is_linear=0
shrinkage=0.04


Tree=38
num_leaves=31
num_cat=0
split_feature=0 0 13 12 5 10 18 13 16 0 12 19 18 15 2 9 5 11 2 4 20 2 17 13 12 18 7 16 5 9
split_gain=6.59968 3.68184 2.99792 2.4907 2.47795 1.4781 1.91796 1.87618 1.61285 1.5814 2.36065 1.41684 1.33027 1.15613 0.964093 1.22213 1.30758 1.13008 1.24479 0.978201 2.10726 1.79803 0.956087 0.943196 0.870761 0.691583 0.661546 0.638361 0.728689 0.636741
threshold=8.6500000000000004 32.500000000000007 0.95000000000000007 72.500000000000014 49.100000000000009 12.550000000000002 0.78656609248549303 5.5500000000000007 27.500000000000004 3.7500000000000004 51.500000000000007 -0.60785761079279388 -0.5 1.0000000180025095e-35 12.250000000000002 52.500000000000007 6.7500000000000009 30.350000000000005 11.550000000000002 13.550000000000002 -0.22252093395631442 16.150000000000002 -1.0000000180025095e-35 3.8500000000000001 43.500000000000007 -0.12940952255126037 4.2770833333333345 1032.5000000000002 18.050000000000004 99.500000000000014
decision_type=2 2 2 2 2 2 2 2 2 2 2 2 2 2 2 2 2 2 2 2 2 2 2 2 2 2 2 2 2 2
left_child=3 12 -3 5 -4 6 25 9 -7 22 11 -11 24 14 15 16 -14 18 26 27 21 -21 23 -8 -2 -1 -17 28 -16 -9
right_child=1 2 4 -5 -6 8 7 29 -10 10 -12 -13 13 -15 19 17 -18 -19 -20 20 -22 -23 -24 -25 -26 -27 -28 -29 -30 -31
leaf_value=-0.13076139294071421 0.10845147136959554 0.24131163447919432 -0.0046363980578127432 -0.085997168896627285 0.70722422878238134 0.10073723625852972 -0.022512286021639478 -0.049796194260807954 -0.0013176711300858599 0.067515086449537187 0.070347535289270083 -0.016062460441928991 0.0732333447461231 -0.028009063703438104 -0.014250122854206869 0.20530133509704432 0.032481761277221882 0.11254007278470173 0.038015189482838656 0.57800257751656348 -0.014187584692039734 0.049383205503458781 -0.066381061410777542 0.12897260954499021 -0.019824206505174254 -0.027611060608878173 0.0023308181029598114 0.052129208816838614 0.025575673020679895 0.0091565082795529006
leaf_weight=638 49 27 60 2127 26 37 55 345 98 31 54 67 25 94 183 30 44 25 48 28 109 34 77 28 747 1009 436 31 25 152
leaf_count=638 49 27 60 2127 26 37 55 345 98 31 54 67 25 94 183 30 44 25 48 28 109 34 77 28 747 1009 436 31 25 152
internal_value=-0.00128131 0.000631057 0.00761403 -0.00210045 0.00386207 -0.00126698 -0.00149125 0.000103703 0.00279412 0.00253035 0.00543791 0.00169697 0.000213724 0.00110692 0.00149951 0.00250903 0.00748571 0.00185926 0.00144466 -9.51354e-10 0.00230232 0.00812698 -0.000248448 0.00271428 -0.00103388 -0.00227427 0.000805138 -0.00165 -0.00244976 -0.00142169
internal_weight=6739 2021 113 4718 86 2591 2456 809 135 312 152 98 1908 1112 1018 608 69 539 514 410 171 62 160 83 796 1647 466 239 208 497
internal_count=6739 2021 113 4718 86 2591 2456 809 135 312 152 98 1908 1112 1018 608 69 539 514 410 171 62 160 83 796 1647 466 239 208 497
is_linear=0
shrinkage=0.04


Tree=39
num_leaves=31
num_cat=0
split_feature=8 0 10 18 18 12 5 19 11 13 14 19 7 5 17 14 11 14 13 14 0 2 12 10 2 11 15 5 19 0
split_gain=6.15382 4.13189 3.19401 2.08644 2.00167 1.91771 1.47454 4.13697 1.44108 1.46856 1.39374 2.81511 1.39332 1.28658 1.51325 1.91297 1.66137 1.26632 1.39725 1.05865 1.02689 1.5691 1.0025 0.965821 1.16821 0.877681 0.843097 0.795385 0.792296 1.17786
threshold=7.9500000000000011 27.350000000000005 10.550000000000002 -0.5 0.25881904510252057 72.500000000000014 17.950000000000003 0.87837969732492682 3.3500000000000001 0.55000000000000016 143.50000000000003 -1.0000000180025095e-35 8.2062500000000025 8.0500000000000025 1.0000000180025095e-35 166.50000000000003 17.150000000000002 326.50000000000006 1.7500000000000002 117.50000000000001 13.250000000000002 16.350000000000005 42.500000000000007 12.550000000000002 3.6500000000000008 18.850000000000005 0.15000000000000005 7.1500000000000012 -0.8783796973249266 8.1500000000000004
decision_type=2 2 2 2 2 2 2 2 2 2 2 2 2 2 2 2 2 2 2 2 2 2 2 2 2 2 2 2 2 2
left_child=5 4 22 -4 6 10 8 25 -2 -10 11 12 19 14 20 -16 -17 -7 -19 -1 -11 -22 -3 -12 -25 -8 28 -26 29 -6
right_child=1 2 3 -5 26 17 7 -9 9 13 23 -13 -14 -15 15 16 -18 18 -20 -21 21 -23 -24 24 27 -27 -28 -29 -30 -31
leaf_value=0.0055706142682590311 -0.056691194017937797 0.64480883686707902 0.14434476469144347 0.5917576750762652 0.039214331535234841 -0.093087903909115435 -0.016459466405023184 0.27126006499237804 0.013408309343422183 -0.090212943100704948 -0.072761070663151406 -0.057400056921964537 0.086030449925313807 -0.024781940652640354 0.1308953220679788 -0.0052584684575498362 0.1192600352053939 -0.05464896902994397 0.056752605681642844 0.11683948001673274 0.24517776858281826 -0.083522391457214282 -0.17889586235508914 -0.091145510679381328 0.096183435737155903 0.097715986404876734 -0.077939467222509412 0.0030401677069098795 0.0079512599458061856 0.062174328104796998
leaf_weight=157 455 42 33 27 27 1800 104 26 29 169 1481 343 42 569 39 118 53 42 33 40 29 26 32 36 28 34 46 33 764 82
leaf_count=157 455 42 33 27 27 1800 104 26 29 169 1481 343 42 569 39 118 53 42 33 40 29 26 32 36 28 34 46 33 764 82
internal_value=-0.00130505 0.000171533 0.00699259 0.0137705 -0.000186699 -0.00229435 -0.00101937 0.0025697 -0.00141667 -0.000588578 -0.0014808 0.000192109 0.00351667 -0.000848607 0.000790804 0.00322275 0.00137209 -0.00323028 0.0018421 0.00208081 -0.00149333 0.00321428 0.00138667 -0.00209753 0.0017551 -0.000230217 0.00130869 0.00509677 0.0015881 0.00476364
internal_weight=6739 2704 134 60 2570 4035 1651 164 1487 1032 2160 582 239 1003 434 210 171 1875 75 197 224 55 74 1578 97 138 919 61 873 109
internal_count=6739 2704 134 60 2570 4035 1651 164 1487 1032 2160 582 239 1003 434 210 171 1875 75 197 224 55 74 1578 97 138 919 61 873 109
is_linear=0
shrinkage=0.04


Tree=40
num_leaves=31
num_cat=0
split_feature=8 13 8 11 7 18 14 20 8 4 20 13 18 4 6 8 10 7 11 14 14 8 12 18 11 14 13 9 16 3
split_gain=5.70639 3.16011 3.50766 2.61076 2.29213 2.21076 2.83884 2.23094 1.78915 1.66463 1.95881 1.72315 1.60476 2.54771 1.52963 1.56113 1.47922 1.37247 1.30988 1.25119 1.88054 1.52426 1.18018 1.34893 1.59537 1.06505 1.06048 1.5699 1.00492 0.975485
threshold=16.450000000000003 0.8500000000000002 23.350000000000005 8.7500000000000018 50.372916666666676 0.37940952255126048 326.50000000000006 1.0000000180025095e-35 5.8500000000000005 9.6500000000000004 -0.22252093395631442 2.7500000000000004 0.91597561503675351 6.5500000000000007 10.458333333333334 9.4500000000000011 18.750000000000004 6.9270833333333348 -3.7499999999999996 257.50000000000006 43.500000000000007 11.350000000000003 26.500000000000004 -0.12940952255126037 21.350000000000005 75.500000000000014 2.5500000000000003 73.500000000000014 1497.5000000000002 29.650000000000002
decision_type=2 2 2 2 2 2 2 2 2 2 2 2 2 2 2 2 2 2 2 2 2 2 2 2 2 2 2 2 2 2
left_child=3 2 -2 5 29 16 8 -8 25 10 -5 14 18 -14 15 -11 -1 -18 -10 20 21 -13 -21 -24 -25 26 -7 -28 -26 -3
right_child=1 4 -4 9 -6 6 7 -9 12 11 -12 19 13 -15 -16 -17 17 -19 -20 22 -22 -23 23 24 28 -27 27 -29 -30 -31
leaf_value=-0.098746645837600885 0.0080904618807352922 0.015012534857367078 0.20588708199497407 4.6469398106558622e-05 0.65361094778625817 -0.061617534375347768 0.16165317558563111 -0.024607934834598739 0.035817064972344576 0.030393340016969365 -0.053857404377917292 0.11549522955823711 0.21271253180292046 -0.010821833540375397 -0.011410023106010024 0.076254874149119398 0.049523812198752161 -0.034997746383789212 -0.01713306009399725 -0.028722326614303337 -0.01762846399603615 -0.038821270651164801 -0.14535316332154921 0.067526894149643121 -0.0045232214791160108 -0.070559958816487606 0.21931377180071909 -0.01493961925925516 0.092342660443170591 -0.075536541354903258
leaf_weight=2094 45 489 28 847 33 49 39 30 40 47 1017 44 48 47 54 33 43 43 245 46 429 35 42 40 49 491 25 48 36 63
leaf_count=2094 45 489 28 847 33 49 39 30 40 47 1017 44 48 47 54 33 43 43 245 46 429 35 42 40 49 491 25 48 36 63
internal_value=-0.0012139 0.00231866 0.0101081 -0.00160416 0.00133106 -0.00237065 -0.000873002 0.00691428 -0.00142052 -0.000689707 -0.00135979 0.000771027 0.000734907 0.00520833 0.00491852 0.00839506 -0.0030995 0.00202299 -0.000769232 -5.54112e-06 -0.00108448 0.00455 0.00256075 0.00411905 0.00619048 -0.0027557 0.000585365 0.00362162 0.00302325 0.00070886
internal_weight=6619 658 73 5961 585 3242 1062 69 993 2719 1864 855 380 95 134 80 2180 86 285 721 508 79 213 167 125 613 122 73 85 552
internal_count=6619 658 73 5961 585 3242 1062 69 993 2719 1864 855 380 95 134 80 2180 86 285 721 508 79 213 167 125 613 122 73 85 552
is_linear=0
shrinkage=0.04


Tree=41
num_leaves=31
num_cat=0
split_feature=7 5 8 10 13 5 20 13 11 7 3 3 7 14 11 10 11 14 0 13 0 3 20 11 12 10 10 4 20 7
split_gain=5.83254 3.63137 2.12768 1.53539 2.71804 1.40787 1.4031 3.55642 2.08548 3.21517 2.23117 1.83229 2.33902 1.72836 1.37248 2.56648 1.44737 1.31308 1.27236 1.23027 1.16788 2.30522 0.932372 1.64463 2.5141 1.95168 1.43625 1.11807 1.10934 2.04933
threshold=10.756250000000003 55.350000000000009 5.6500000000000012 1.2500000000000002 2.8500000000000001 8.9500000000000011 -0.56174490092936669 1.3500000000000003 18.150000000000002 18.614583333333339 12.950000000000001 7.3500000000000005 11.80625 211.50000000000003 2.1500000000000008 17.050000000000004 -10.549999999999999 326.50000000000006 3.2500000000000004 1.7500000000000002 12.350000000000003 5.6500000000000012 0.81174490092936691 13.050000000000002 46.500000000000007 5.2500000000000009 10.15 6.3500000000000005 1.0000000180025095e-35 21.412500000000005
decision_type=2 2 2 2 2 2 2 2 2 2 2 2 2 2 2 2 2 2 2 2 2 2 2 2 2 2 2 2 2 2
left_child=2 6 3 4 -1 14 7 -2 -9 10 -10 12 -8 -12 16 20 -4 -5 -19 -20 -16 -22 27 -24 -25 -26 -27 -13 29 -29
right_child=1 -3 5 17 -6 -7 11 8 9 -11 13 22 -14 -15 15 -17 -18 18 19 -21 21 -23 23 24 25 26 -28 28 -30 -31
leaf_value=0.050030707574345606 0.094804620578068891 0.65725557580860428 0.029993088604108903 -0.091612476166190643 -0.025880773872983733 -0.048532828890742244 -0.012769165887130864 -0.057439885446118 0.024668107555917522 -0.07194291094325185 0.11898582941789268 0.15029835029128896 0.15620381802468494 0.2261919389177782 -0.0058186841503006896 0.071066456264024025 -0.044844984600478019 -0.087795767436037411 -0.050303221019106739 0.16366257314394861 0.38793596733287611 0.00017357989457535922 -0.059347479064256796 -0.010985865870809391 0.23422781292726605 -0.074294640055304756 0.084372128351092021 -0.014870122169062742 -0.024510007170704076 0.47903320896209339
leaf_weight=32 31 25 32 2215 410 651 49 68 50 49 26 25 36 26 1360 48 460 62 25 28 30 120 66 67 30 27 27 165 344 35
leaf_count=32 31 25 32 2215 410 651 49 68 50 49 26 25 36 26 1360 48 460 62 25 28 30 120 66 67 30 27 27 165 344 35
internal_value=-0.00121994 0.00137402 -0.00176325 -0.00254165 -0.000379233 -0.000963732 0.0010303 0.00366534 0.00183636 0.00444737 0.00846602 0.000270641 0.00581395 0.0141887 -0.000448563 0.000133418 -0.00228803 -0.00295152 0.0012069 0.0057037 -0.000158836 0.00317881 -0.000335452 0.00188991 0.00418421 0.00875294 0.00407273 -0.00118597 -0.00157064 0.000796019
internal_weight=6619 1146 5473 2772 442 2701 1121 250 219 151 102 871 85 52 2050 1558 492 2330 115 53 1510 150 786 217 151 84 54 569 544 200
internal_count=6619 1146 5473 2772 442 2701 1121 250 219 151 102 871 85 52 2050 1558 492 2330 115 53 1510 150 786 217 151 84 54 569 544 200
is_linear=0
shrinkage=0.04


Tree=42
num_leaves=31
num_cat=0
split_feature=8 13 0 5 11 18 8 16 7 0 20 5 5 7 19 1 0 6 5 17 1 7 5 17 5 5 14 5 13 9
split_gain=5.26455 3.84118 3.43016 2.9118 2.58809 2.00318 2.96592 2.26555 1.10171 1.52205 1.50406 1.69103 1.33358 2.35154 3.16726 1.04192 0.998389 0.921759 0.868451 2.14155 0.830017 1.21646 1.22447 1.74494 1.05738 1.41604 1.87711 1.71481 0.884942 0.768643
threshold=16.550000000000004 0.8500000000000002 22.450000000000003 53.500000000000007 8.7500000000000018 0.91597561503675351 5.2500000000000009 62.500000000000007 7.7729166666666671 2.3500000000000001 -0.22252093395631442 12.850000000000003 6.0500000000000007 9.4395833333333368 1.0000000180025095e-35 7.4500000000000011 3.9500000000000006 9.1916666666666682 5.1500000000000012 -1.0000000180025095e-35 13.450000000000001 11.039583333333335 10.050000000000002 0.78656609248549325 10.65 22.450000000000003 145.50000000000003 17.650000000000002 5.4500000000000011 54.500000000000007
decision_type=2 2 2 2 2 2 2 2 2 2 2 2 2 2 2 2 2 2 2 2 2 2 2 2 2 2 2 2 2 2
left_child=4 2 -2 18 5 16 -7 -8 10 -10 11 -6 13 14 17 -14 -1 -11 19 -3 21 22 23 -17 -23 26 -26 28 -28 -18
right_child=1 3 -4 -5 8 6 7 -9 9 12 -12 -13 15 -15 -16 20 29 -19 -20 -21 -22 24 -24 -25 25 -27 27 -29 -30 -31
leaf_value=-0.13218478191775454 0.0083145345410424974 -0.060845713263038663 0.20083636317394077 0.58889276566569948 -0.0061520834596089828 -0.044313672292106004 0.13232022736768997 -0.0042632710920107253 0.028607961071134322 0.10504369459950409 -0.056203210207521219 0.093567724134488203 -0.043728257309668582 -0.010927633877825011 -0.057992870720850916 -0.0029765873143006117 -0.0068194204886371261 0.039374399512717546 -0.00093596797047128851 0.13004044946255852 -0.036514380872137722 -0.005396679738673347 -0.065157760073981774 0.036795999571835721 0.11963351412439574 -0.018920018850960459 -0.015423737877115984 0.10865849220599719 0.10896312048179371 -0.040097102670658691
leaf_weight=1257 45 33 27 26 698 224 61 60 45 27 872 25 222 118 40 116 372 26 477 36 131 71 137 36 25 33 54 25 29 1271
leaf_count=1257 45 33 27 26 698 224 61 60 45 27 872 25 222 118 40 116 372 26 477 36 131 71 137 36 25 33 54 25 29 1271
internal_value=-0.00122598 0.00220775 0.0108493 0.00110297 -0.00159639 -0.00235983 0.00052023 0.00554098 -0.000688393 0.000264084 -0.00136592 -1.65755e-05 -3.66646e-05 0.00281132 0.00753191 -0.000722728 -0.00270252 0.0138519 0.000468006 0.00462857 7.90264e-05 0.000789373 -0.000951725 0.00151634 0.00290756 0.00464671 0.00647761 0.00411009 0.00128571 -0.0020511
internal_weight=6619 644 72 572 5975 3245 345 121 2730 1135 1595 723 1090 211 93 879 2900 53 546 69 657 526 289 152 237 166 133 108 83 1643
internal_count=6619 644 72 572 5975 3245 345 121 2730 1135 1595 723 1090 211 93 879 2900 53 546 69 657 526 289 152 237 166 133 108 83 1643
is_linear=0
shrinkage=0.04


Tree=43
num_leaves=31
num_cat=0
split_feature=0 5 18 13 0 5 7 10 19 11 17 9 7 4 5 11 8 14 4 2 4 5 7 8 12 13 4 4 13 4
split_gain=4.96375 2.93298 2.6823 2.59872 4.71342 2.10786 1.99176 1.91262 1.83907 2.03981 2.40719 1.8055 3.21629 2.11633 1.80493 1.67779 1.40165 2.8151 1.2171 1.19636 1.61359 1.00044 1.06685 1.19925 0.981827 1.0362 1.11733 2.37687 0.913436 1.70279
threshold=12.250000000000002 55.350000000000009 -0.12940952255126037 0.8500000000000002 22.450000000000003 19.750000000000004 2.5437500000000006 12.550000000000002 -1.0000000180025095e-35 -6.3499999999999988 -1.0000000180025095e-35 66.500000000000014 7.3854166666666679 5.1500000000000012 11.750000000000002 2.3500000000000001 10.250000000000002 181.50000000000003 5.3500000000000005 12.250000000000002 5.7500000000000009 5.8500000000000005 3.3687500000000008 8.9500000000000011 47.500000000000007 11.550000000000002 4.6500000000000012 6.2500000000000009 6.7500000000000009 10.350000000000003
decision_type=2 2 2 2 2 2 2 2 2 2 2 2 2 2 2 2 2 2 2 2 2 2 2 2 2 2 2 2 2 2
left_child=2 3 5 4 18 7 -4 -1 9 -8 11 12 13 -11 24 -9 17 -17 -2 20 -5 22 -12 -24 25 26 -13 -28 -29 -30
right_child=1 -3 6 19 -6 -7 8 15 -10 10 21 14 -14 -15 -16 16 -18 -19 -20 -21 -22 -23 23 -25 -26 -27 27 28 29 -31
leaf_value=-0.10605633707360364 0.05145639774957711 0.60740964214963189 -0.12913817193641156 0.19970548560745763 0.16953885151181275 0.033739030895102155 0.040456934867428025 -0.08487927072366748 -0.016470173169533923 0.37516280187059659 0.068197677079598618 -0.078715116885003295 0.42155286390151803 -0.047744935956360569 0.095161197353282198 0.069764663806850521 -0.04692699847647621 0.01177187562144149 -0.032295068338641847 -0.0031312680997592763 0.0011584524574844099 -0.043273216206215881 -0.03648867927252742 0.015221931032153467 -0.024181127883027058 -0.039129996133189585 0.064051846774537999 -0.010291539903866777 -0.032365998412303233 0.13434441012965601
leaf_weight=2008 40 25 335 66 26 44 33 159 1677 28 38 30 31 58 30 45 62 90 40 646 150 307 181 66 177 51 36 84 28 28
leaf_count=2008 40 25 335 66 26 44 33 159 1677 28 38 30 31 58 30 45 62 90 40 646 150 307 181 66 177 51 36 84 28 28
internal_value=-0.00125015 0.00135614 -0.00171033 0.000998967 0.0068785 -0.0027198 -0.000954335 -0.00288203 -0.000614425 0.000576635 0.000296422 0.00212371 0.00654237 0.00248276 0.000997849 -0.000179273 0.00228283 0.00455882 0.00197531 0.000268829 0.00283871 -0.00149747 0.000209789 -0.000758065 0.000331034 0.00190698 0.00316908 0.00438418 0.00198581 0.00589474
internal_weight=6619 993 5626 968 106 2408 3218 2364 2883 1206 1173 581 117 86 464 356 197 135 80 862 216 592 285 247 434 257 206 176 140 56
internal_count=6619 993 5626 968 106 2408 3218 2364 2883 1206 1173 581 117 86 464 356 197 135 80 862 216 592 285 247 434 257 206 176 140 56
is_linear=0
shrinkage=0.04


Tree=44
num_leaves=31
num_cat=0
split_feature=0 13 11 5 0 3 5 19 4 16 11 14 3 17 7 4 11 11 12 7 16 19 10 11 8 5 14 11 10 14
split_gain=5.02789 5.89946 2.69343 2.06469 1.85268 1.35247 1.61441 1.33646 1.60627 1.23378 2.12126 1.5054 0.940937 1.78676 1.52207 1.27623 1.32194 1.19938 0.935971 0.814343 1.38971 0.80181 0.79066 1.75672 0.768205 1.02514 1.53732 2.5918 3.56338 1.86237
threshold=22.450000000000003 0.95000000000000007 8.7500000000000018 49.100000000000009 3.7500000000000004 23.450000000000003 13.850000000000003 0.6078576107927941 15.550000000000002 972.50000000000011 19.650000000000002 175.50000000000003 5.9500000000000011 0.25881904510252091 7.0479166666666684 2.9500000000000006 2.5500000000000003 -6.3499999999999988 74.500000000000014 14.456250000000002 1707.5000000000002 -1.0000000180025095e-35 16.650000000000002 1.6500000000000001 1.4500000000000002 5.5500000000000007 143.50000000000003 12.850000000000003 4.0500000000000007 321.50000000000006
decision_type=2 2 2 2 2 2 2 2 2 2 2 2 2 2 2 2 2 2 2 2 2 2 2 2 2 2 2 2 2 2
left_child=2 -2 4 5 -1 6 -3 8 24 10 21 -12 13 14 15 16 -6 -15 -17 20 -11 -10 -14 -24 -4 26 27 28 -26 -28
right_child=1 3 7 -5 12 -7 -8 -9 9 19 11 -13 22 17 -16 18 -18 -19 -20 -21 -22 -23 23 -25 25 -27 29 -29 -30 -31
leaf_value=-0.099864216420398416 0.30718434299396308 -0.14563467835280022 -0.12248946676409476 0.5369461590401412 -0.043996257590806921 -0.068783737781377613 0.30363227174062057 -0.034166835823931305 -0.082405684664968393 -0.013070461393660346 0.44024097740417106 0.11270567501286426 -0.061177625196901349 0.031134234085889227 0.50419774440418252 0.0077269034063701036 0.30189332537681796 -0.022651224545439396 -0.046250120635790995 -0.053593888130667504 0.083625827797191438 0.065005780123605361 -0.024753157985870855 0.026110087755070267 0.23711300711484193 -0.0093163380564353932 -0.013353719156578849 0.011107197192188308 -0.0027671930011205648 0.051533309214666721
leaf_weight=1386 29 28 96 27 25 68 29 878 34 39 27 42 904 48 48 83 49 622 117 50 25 31 68 25 40 1087 436 169 32 77
leaf_count=1386 29 28 96 27 25 68 29 878 34 39 27 42 904 48 48 83 49 622 117 50 25 31 68 25 40 1087 436 169 32 77
internal_value=-0.00130453 0.00525275 -0.00148967 0.00203921 -0.00226896 -0.000158731 0.00434483 -0.000630549 -0.000100641 0.00292369 0.00551111 0.0103429 -0.00148543 -0.000612287 0.00183282 0.00066909 0.00512 -0.00178838 -0.000995026 -0.000139131 0.00283077 0.000303029 -0.00235271 0.00114894 -0.000489165 -0.00030619 0.000826489 0.00345454 0.00975342 -0.000412452
internal_weight=6619 181 6438 152 3375 125 57 3063 2185 248 134 69 1989 992 322 274 74 670 200 114 64 65 997 93 1937 1841 754 241 72 513
internal_count=6619 181 6438 152 3375 125 57 3063 2185 248 134 69 1989 992 322 274 74 670 200 114 64 65 997 93 1937 1841 754 241 72 513
is_linear=0
shrinkage=0.04


Tree=45
num_leaves=31
num_cat=0
split_feature=0 0 13 5 18 17 19 0 13 4 5 18 1 8 17 4 8 5 8 14 0 6 7 1 13 16 3 14 7 17
split_gain=4.98358 2.63376 2.99805 2.32966 1.80123 1.7055 2.50587 2.48046 2.21599 1.9527 1.48818 1.42218 1.02489 0.929968 0.891445 0.89034 0.886798 1.34694 0.784808 0.835436 0.913765 0.82131 0.7691 0.91678 0.843232 0.700133 1.86193 1.32349 0.632737 0.624953
threshold=8.5500000000000025 32.500000000000007 0.95000000000000007 47.20000000000001 -0.12940952255126037 -1.0000000180025095e-35 -0.60785761079279388 2.3500000000000001 5.7500000000000009 6.9500000000000011 2.4500000000000006 -0.5 9.1500000000000004 4.4500000000000011 -0.37940952255126065 9.6500000000000004 8.9500000000000011 5.5500000000000007 13.950000000000001 189.50000000000003 9.5500000000000025 7.2999999999999998 3.9062500000000004 2.6500000000000008 5.4500000000000011 32.500000000000007 3.5500000000000003 181.50000000000003 11.483333333333334 0.25881904510252091
decision_type=2 2 2 2 2 2 2 2 2 2 2 2 2 2 2 2 2 2 2 2 2 2 2 2 2 2 2 2 2 2
left_child=4 11 -3 -4 13 6 7 -6 9 10 -9 29 18 -1 28 -11 -7 -18 19 20 21 -13 -16 -24 -25 26 27 -15 -8 -2
right_child=1 2 3 -5 5 16 14 8 -10 15 -12 12 -14 25 22 -17 17 -19 -20 -21 -22 -23 23 24 -26 -27 -28 -29 -30 -31
leaf_value=-0.16515496910503066 -0.062899532918953824 0.15237656840851455 -0.023948336115615271 0.55803540314021693 -0.016591741676501671 -0.047180870853840706 -0.041636126996190813 0.068824892705466933 0.013178326073046958 -0.02120297043683789 0.37625293153001166 -0.034049035729256348 0.0022234595709752659 0.062908550238682512 -0.029434366357795377 0.036728354457374227 0.021576444054253647 -0.025299970973635802 -0.018497965568106078 0.063422978755426351 0.12396412510041341 0.0062545311591996524 0.040285676548473807 0.070120259474453203 -0.054187291010062887 -0.066164393608705491 -0.078520281117793342 -0.01851804395996029 0.021625391069018347 0.00085665440859433186
leaf_weight=910 476 27 65 26 163 1247 773 27 106 31 34 39 902 26 58 41 47 52 30 58 32 58 35 34 44 687 243 29 41 303
leaf_count=910 476 27 65 26 163 1247 773 27 106 31 34 39 902 26 58 41 47 52 30 58 32 58 35 34 44 687 243 29 41 303
internal_value=-0.00131467 0.000345066 0.00611765 0.00256522 -0.00203759 -0.00137966 -0.000394814 0.00226303 0.00485 0.00826866 0.0134839 -1.68519e-05 0.000896428 -0.00298523 -0.00148073 0.00372603 -0.00239347 0.00124 0.0033578 0.00431915 0.00249231 0.000530611 0.00113953 0.00305263 0.000607594 -0.00212982 -0.000508362 0.00607143 -0.0020319 -0.00132821
internal_weight=6644 2016 118 91 4628 2733 1387 402 239 133 61 1898 1119 1895 985 72 1346 99 217 187 129 97 171 113 78 985 298 55 814 779
internal_count=6644 2016 118 91 4628 2733 1387 402 239 133 61 1898 1119 1895 985 72 1346 99 217 187 129 97 171 113 78 985 298 55 814 779
is_linear=0
shrinkage=0.04


Tree=46
num_leaves=31
num_cat=0
split_feature=0 0 13 5 18 10 19 17 19 0 13 19 4 18 14 4 17 16 7 17 0 8 14 2 4 7 4 6 4 8
split_gain=4.7461 2.59297 2.99805 2.32966 1.97357 2.63735 2.26933 1.55856 2.22921 2.34949 2.92794 1.52355 1.83427 1.34025 1.60558 1.29345 1.00941 1.26302 0.937608 0.93183 0.928733 0.907061 1.08071 0.853771 1.27246 1.64617 0.9046 0.887156 0.989918 1.07617
threshold=8.6500000000000004 32.500000000000007 0.95000000000000007 47.20000000000001 -0.12940952255126037 12.550000000000002 0.87837969732492682 0.12940952255126045 -0.60785761079279388 2.3500000000000001 5.7500000000000009 -0.8783796973249266 6.0500000000000007 0.91597561503675351 224.50000000000003 12.65 0.25881904510252091 1912.5000000000002 2.8770833333333337 -0.78656609248549292 10.65 9.2500000000000018 191.50000000000003 12.250000000000002 13.550000000000002 22.343750000000004 16.950000000000003 11.85 2.4500000000000006 11.750000000000002
decision_type=2 2 2 2 2 2 2 2 2 2 2 2 2 2 2 2 2 2 2 2 2 2 2 2 2 2 2 2 2 2
left_child=4 13 -3 -4 5 -1 -7 8 9 -6 11 12 -11 16 -15 -16 17 -2 -10 -20 -19 -9 -23 27 -25 26 -26 28 -18 -30
right_child=1 2 3 -5 7 6 -8 21 18 10 -12 -13 -14 14 15 -17 23 20 19 -21 -22 22 -24 24 25 -27 -28 -29 29 -31
leaf_value=-0.10894220967291426 -0.046825273779035101 0.14628150567217399 -0.022990402670990628 0.53571398701460793 -0.018800658449346089 -0.022702211492012105 0.092097168869696142 -0.047982496458951751 -0.11969220879529212 0.34245842267248017 -0.0017926228643654737 0.0093176991881626786 0.04540946317866925 0.00028540614382703772 0.11001946786550651 0.035397132396917733 -0.025863973589251122 0.098353679843093386 -0.039790131495125058 0.00082102204886958495 -0.039652059351833704 -0.019370934636973414 0.015958064084720527 -0.0097318700379575435 0.0084158501342232583 -0.063431917616762576 0.53359817714959723 0.042069824332116069 0.030832485309622341 -0.00077509498360732064
leaf_weight=1675 714 27 65 26 177 200 41 1070 188 48 130 70 37 95 33 31 92 25 397 570 25 50 25 275 25 30 25 43 205 230
leaf_count=1675 714 27 65 26 177 200 41 1070 188 48 130 70 37 95 33 31 92 25 397 570 25 50 25 275 25 30 25 43 205 230
internal_value=-0.00125448 0.000394508 0.00611765 0.00256522 -0.00194743 -0.00293375 0.000975206 -0.0012624 -0.0004623 0.00188337 0.00412587 0.00782051 0.0113953 2.5959e-05 0.003525 0.00836923 -0.000305326 -0.00138039 -0.00140139 -0.000896695 0.00470588 -0.00239093 0.0018421 0.000583152 -0.000955057 0.00345679 0.00784314 0.00154115 0.00108333 0.00188073
internal_weight=6644 1966 118 91 4678 1916 241 2762 1617 462 285 155 85 1848 159 64 1689 764 1155 967 50 1145 75 925 355 80 50 570 527 435
internal_count=6644 1966 118 91 4678 1916 241 2762 1617 462 285 155 85 1848 159 64 1689 764 1155 967 50 1145 75 925 355 80 50 570 527 435
is_linear=0
shrinkage=0.04


Tree=47
num_leaves=31
num_cat=0
split_feature=0 0 13 5 18 10 19 18 14 4 7 11 14 19 14 14 4 11 11 0 2 2 11 12 11 10 4 7 8 19
split_gain=4.50197 2.64855 2.99805 2.32966 1.89089 2.39163 1.86634 1.3904 1.60558 1.29345 1.22738 1.12303 1.55608 1.11745 1.73469 1.51537 1.52182 0.776697 0.756129 0.732914 0.719514 0.647638 1.02652 1.59372 1.13777 1.21036 0.758374 1.54168 0.718639 1.20016
threshold=8.6500000000000004 32.500000000000007 0.95000000000000007 47.20000000000001 -0.12940952255126037 12.550000000000002 0.87837969732492682 0.91597561503675351 224.50000000000003 12.65 2.5437500000000006 2.5500000000000003 183.50000000000003 -0.8783796973249266 319.50000000000006 75.500000000000014 5.6500000000000012 -7.4499999999999993 31.350000000000005 7.1500000000000012 6.0500000000000007 15.350000000000003 15.350000000000003 76.500000000000014 -6.3499999999999988 4.3500000000000005 20.450000000000003 22.343750000000004 13.850000000000003 1.0000000180025095e-35
decision_type=2 2 2 2 2 2 2 2 2 2 2 2 2 2 2 2 2 2 2 2 2 2 2 2 2 2 2 2 2 2
left_child=4 7 -3 -4 5 -1 11 18 -9 -10 -6 -7 -13 14 15 16 -12 -15 21 -17 -14 22 24 28 -2 -26 -23 -28 -24 -30
right_child=1 2 3 -5 10 6 -8 8 9 -11 13 12 20 17 -16 19 -18 -19 -20 -21 -22 26 23 -25 25 -27 27 -29 29 -31
leaf_value=-0.10458452128599768 0.033405970458839675 0.14043024544528718 -0.022070786564150957 0.51428542753402384 -0.11909118535918235 -0.12320649263104667 0.088413282114908315 0.00027398989807392689 0.10561868915088628 0.033981247101041084 0.2785333160743162 0.032357628677519228 -0.05904807053883708 0.010213880204568046 0.10695189485838259 -0.031519362089415782 0.029183572879934897 -0.016634290691711535 0.042005045071469842 0.056089650251655042 0.032099596419588955 -0.022929930711863347 -0.0025473613483812441 0.068554142723281544 0.18508094726727048 -0.020697836841877645 0.22591171430444429 -0.055880786352231815 0.07575866740034283 -0.026930496416051372
leaf_weight=1675 43 27 65 26 341 94 41 95 33 31 25 28 48 31 35 215 42 2039 27 34 30 360 307 49 31 617 26 39 144 46
leaf_count=1675 43 27 65 26 341 94 41 95 33 31 25 28 48 31 35 215 42 2039 27 34 30 360 307 49 31 617 26 39 144 46
internal_value=-0.00127254 0.000333502 0.00611765 0.00256522 -0.00194743 -0.00291289 0.000809916 -3.89409e-05 0.003525 0.00836923 -0.00127687 -0.000796021 0.00201869 -0.000959539 0.001125 0.000176655 0.00547059 -0.00131338 -0.000376332 -0.001264 -0.000911393 -0.00048587 -2.26181e-05 0.00127239 -0.00104624 -0.00146687 -0.00183099 0.00212121 0.000586344 0.00251309
internal_weight=6644 1966 118 91 4678 1916 241 1848 159 64 2762 200 106 2421 351 316 67 2070 1689 249 78 1662 1237 546 691 648 425 65 497 190
internal_count=6644 1966 118 91 4678 1916 241 1848 159 64 2762 200 106 2421 351 316 67 2070 1689 249 78 1662 1237 546 691 648 425 65 497 190
is_linear=0
shrinkage=0.04


Tree=48
num_leaves=31
num_cat=0
split_feature=0 0 13 5 12 16 3 0 18 5 20 19 4 12 3 20 7 3 19 3 7 9 5 20 0 1 13 5 20 16
split_gain=4.09454 3.06029 2.99805 2.32966 1.70679 1.81931 1.35891 1.70196 1.26841 1.61895 1.10689 1.00796 1.13065 1.2687 1.60185 2.73763 1.64272 1.60527 3.03751 1.06302 0.994197 1.89097 0.982784 0.953318 1.68213 1.92129 0.931261 1.54429 1.55889 1.83713
threshold=32.500000000000007 3.8500000000000001 0.95000000000000007 47.20000000000001 77.500000000000014 22.500000000000004 5.8500000000000005 5.4500000000000011 0.1294095225512602 15.350000000000003 -0.56174490092936669 0.6078576107927941 22.250000000000004 39.500000000000007 16.150000000000002 1.0000000180025095e-35 9.3791666666666682 9.4500000000000011 -1.0000000180025095e-35 5.7500000000000009 5.4229166666666675 64.500000000000014 6.1500000000000012 0.81174490092936691 14.350000000000003 17.550000000000004 4.0500000000000007 6.1500000000000012 1.0000000180025095e-35 442.50000000000006
decision_type=2 2 2 2 2 2 2 2 2 2 2 2 2 2 2 2 2 2 2 2 2 2 2 2 2 2 2 2 2 2
left_child=1 8 -2 -4 5 6 7 -3 -1 -10 -8 12 13 14 16 -16 17 -7 -19 20 26 -22 -9 -21 -25 -26 -15 28 29 -28
right_child=2 4 3 -5 -6 11 10 22 9 -11 -12 -13 -14 19 15 -17 -18 18 -20 23 21 -23 -24 24 25 -27 27 -29 -30 -31
leaf_value=-0.13536742563751664 0.13481303562747568 -0.0083102185495998807 -0.021187955101584954 0.49371401043266305 -0.027673559919194013 0.0033882786155907479 0.025524350924217672 0.11478112926944345 -0.04360969955261676 0.040343918899374109 -0.021935546562550624 -0.025954321068211966 0.26461565332554882 -0.030620232117782364 0.14877177247373255 -0.01327836154833493 -0.01005944129432914 0.12267526811446532 -0.012124662526964303 -0.026239460206230674 0.12362836385284405 0.0032923326478965587 0.0080831623376971078 -0.014121494233287377 0.20548937668045 -0.0034743863629036554 0.18338561283798618 -0.047392137363762854 -0.066741486523548235 -0.043019640931242158
leaf_weight=1024 27 32 65 26 1443 229 28 26 1188 26 79 709 47 137 36 26 194 29 32 662 49 132 31 156 25 31 42 55 33 25
leaf_count=1024 27 32 65 26 1443 229 28 26 1188 26 79 709 47 137 36 26 194 29 32 662 49 132 31 156 25 31 42 55 33 25
internal_value=-0.00123642 -0.00137031 0.00611765 0.00256522 -0.00074423 -0.000175686 0.00353299 0.00715555 -0.002569 -0.00169218 0.000481481 -0.000451322 2.0607e-05 -0.000133053 0.00149177 0.00749206 0.000709277 0.00261168 0.00832258 -0.000792286 0.000734176 0.00305494 0.0112414 -0.00161829 0.000713614 0.00659649 -0.000709899 0.00141026 0.00435643 0.00782353
internal_weight=6644 6526 118 91 4288 2845 196 89 2238 1214 107 2649 1940 1893 546 62 484 290 61 1347 473 181 57 874 212 56 292 155 100 67
internal_count=6644 6526 118 91 4288 2845 196 89 2238 1214 107 2649 1940 1893 546 62 484 290 61 1347 473 181 57 874 212 56 292 155 100 67
is_linear=0
shrinkage=0.04


Tree=49
num_leaves=31
num_cat=0
split_feature=0 7 18 17 19 8 9 11 7 7 10 19 14 17 16 9 8 5 4 14 0 20 9 20 7 5 5 9 8 13
split_gain=4.03438 2.57505 2.16892 1.92299 2.32068 2.21215 2.3509 2.36836 1.67687 2.00721 1.4387 2.49247 1.18842 1.17499 1.42937 1.28722 1.27198 1.17109 2.10438 2.19362 1.43024 1.15314 1.05078 1.77943 2.12319 4.43968 1.02528 1.88525 1.017 1.13952
threshold=7.5500000000000007 50.372916666666676 -0.12940952255126037 -1.0000000180025095e-35 -0.60785761079279388 2.0500000000000003 87.500000000000014 15.65 7.2437500000000012 3.3687500000000008 12.550000000000002 0.87837969732492682 77.500000000000014 -0.37940952255126065 522.50000000000011 87.500000000000014 12.750000000000002 4.3500000000000005 10.850000000000003 126.50000000000001 23.250000000000004 1.0000000180025095e-35 77.500000000000014 -0.56174490092936669 5.3145833333333341 2.9500000000000006 3.6500000000000008 57.500000000000007 8.8500000000000032 0.75000000000000011
decision_type=2 2 2 2 2 2 2 2 2 2 2 2 2 2 2 2 2 2 2 2 2 2 2 2 2 2 2 2 2 2
left_child=2 13 10 4 5 -4 7 8 9 -7 -1 -12 -8 14 -2 16 -16 18 19 -15 -19 -22 -5 24 25 -24 -21 -28 29 -25
right_child=1 -3 3 22 -6 6 12 -9 -10 -11 11 -13 -14 17 15 -17 -18 20 -20 26 21 -23 23 28 -26 -27 27 -29 -30 -31
leaf_value=-0.11412709175274031 -0.085006408199132244 0.46676541892554158 -0.034922563102883164 -0.058052811270731572 -0.018136892494326776 0.25945680154816109 0.056042135166016131 0.09382532182266852 0.47251208735859701 -0.019589729390286029 -0.033596296566721633 0.084622166762372053 -0.058157003168253743 0.18402859300166108 -0.0058146796107323073 -0.0095848964201536834 0.16977127794539842 -0.0011384597270054358 0.092953465056845999 -0.017126501472675703 0.17828954466606653 -0.040803493979442752 -0.083873692678049491 0.010517727807066208 -0.049616791624984904 0.12935551069806389 0.037278711896811631 -0.033026604223764605 0.011303033831574048 -0.062735748509597733
leaf_weight=1485 439 48 106 708 920 26 25 52 25 73 158 34 78 30 65 191 65 1305 27 156 44 27 37 27 62 41 26 27 26 311
leaf_count=1485 439 48 106 708 920 26 25 52 25 73 158 34 78 30 65 191 65 1305 27 156 44 27 37 27 62 41 26 27 26 311
internal_value=-0.00122438 6.52785e-05 -0.00197759 -0.00123431 -0.000168454 0.00243523 0.0043 0.00709604 0.004032 0.00164 -0.00309178 0.000165802 -0.000500001 -0.000119851 -0.00141919 0.000608695 0.00366412 0.000482044 0.00290637 0.00168333 1.16185e-05 0.0055 -0.00238087 -0.000982179 0.00283688 0.00718987 0.000209523 0.00496296 -0.0024548 -0.00304425
internal_weight=6644 2450 4194 2517 1305 385 279 176 124 99 1677 192 103 2402 760 321 130 1642 266 239 1376 71 1212 504 140 78 209 53 364 338
internal_count=6644 2450 4194 2517 1305 385 279 176 124 99 1677 192 103 2402 760 321 130 1642 266 239 1376 71 1212 504 140 78 209 53 364 338
is_linear=0
shrinkage=0.04


Tree=50
num_leaves=31
num_cat=0
split_feature=0 0 12 13 7 0 6 14 16 3 12 7 10 5 6 16 18 18 7 11 11 16 10 12 9 9 11 2 2 5
split_gain=5.14999 2.53303 1.82127 1.63991 1.63023 1.30449 1.39909 1.43179 1.14658 3.52341 2.08509 2.258 1.43733 2.22012 1.14553 1.68729 1.38685 1.03764 1.16028 1.02784 1.02408 1.04113 1.94947 1.00205 0.994659 1.51331 0.951862 0.849195 2.06028 1.09044
threshold=7.5500000000000007 55.350000000000009 72.500000000000014 5.5500000000000007 2.8770833333333337 15.550000000000002 15.199999999999998 183.50000000000003 97.500000000000014 2.0500000000000003 66.500000000000014 5.4229166666666675 12.350000000000003 6.6500000000000012 7.1916666666666655 127.50000000000001 0.78656609248549303 0.78656609248549303 7.5020833333333341 32.850000000000001 20.150000000000002 57.500000000000007 11.450000000000001 71.500000000000014 107.50000000000001 112.50000000000001 24.350000000000005 26.350000000000005 20.050000000000004 32.500000000000007
decision_type=2 2 2 2 2 2 2 2 2 2 2 2 2 2 2 2 2 2 2 2 2 2 2 2 2 2 2 2 2 2
left_child=2 5 3 4 -1 14 7 23 12 -10 17 -12 -6 -14 15 -2 -17 18 -11 -16 21 22 -8 -7 -5 -26 -19 28 -22 -29
right_child=1 -3 -4 24 8 6 20 -9 9 10 11 -13 13 -15 19 16 -18 26 -20 -21 27 -23 -24 -25 25 -27 -28 29 -30 -31
leaf_value=-0.11644881892351461 -0.0012619893607377984 0.45529483325833442 -0.06360345752019135 -0.06027424443893234 -0.040591034796220414 0.19876505027194788 0.061958555388753361 0.034722222379033933 0.080081504362291181 -0.063792102037058665 0.0062392258955712362 0.19315832131539393 0.074239487486273278 -0.059134009539447224 -0.0077844887837762479 0.24113364334424778 0.0046766939296921254 0.02692869538291115 0.015319910035968751 0.083324882807866596 0.048602111925363158 -0.039724222146510946 -0.0070047879974936738 0.18233118483598484 0.057302814068642516 -0.05012882819537734 -0.015890219538057245 -0.065153845475814542 0.24082519535932892 0.35314952205137934
leaf_weight=147 188 26 1915 1185 288 25 39 59 25 184 38 37 43 43 1602 25 50 86 81 30 64 127 94 30 42 47 51 44 30 27
leaf_count=147 188 26 1915 1185 288 25 39 59 25 184 38 37 43 43 1602 25 50 86 81 30 64 127 94 30 42 47 51 44 30 27
internal_value=-0.00119407 0.000260056 -0.0020432 -0.00128286 -8.98447e-05 0.000124845 0.00185926 0.00577391 0.000565563 0.00181312 0.00102929 0.00710526 -0.00110933 0.0034023 -0.000369199 0.00207576 0.00710526 -0.000119108 -0.00157895 -0.000764239 0.000798121 -0.000766284 0.00170149 0.0103571 -0.00224 0.00182222 0.00269565 0.00325301 0.00572631 -5.55565e-05
internal_weight=6672 2460 4212 2297 1023 2434 539 114 876 502 477 75 374 86 1895 263 75 402 265 1632 425 260 133 55 1274 89 137 165 94 71
internal_count=6672 2460 4212 2297 1023 2434 539 114 876 502 477 75 374 86 1895 263 75 402 265 1632 425 260 133 55 1274 89 137 165 94 71
is_linear=0
shrinkage=0.04


Tree=51
num_leaves=31
num_cat=0
split_feature=0 0 18 10 19 17 5 7 9 17 11 3 0 3 11 14 5 14 4 7 14 4 16 17 7 12 14 9 16 3
split_gain=4.61887 2.56014 1.65577 1.88073 1.79723 1.68823 2.26598 1.48349 1.76668 1.35885 1.69286 1.61798 1.10547 1.78959 1.01073 0.980323 0.942238 1.39652 1.81647 1.6762 0.918271 1.41882 1.234 1.00304 0.89761 0.892474 1.35013 0.83277 1.00561 1.03328
threshold=7.5500000000000007 55.350000000000009 0.1294095225512602 12.550000000000002 0.87837969732492682 -1.0000000180025095e-35 11.950000000000001 7.3854166666666679 65.500000000000014 -0.37940952255126065 30.150000000000002 5.8500000000000005 22.450000000000003 21.150000000000002 13.450000000000001 14.500000000000002 4.3500000000000005 147.50000000000003 4.5500000000000007 7.8354166666666671 75.500000000000014 2.4500000000000006 2267.5000000000005 -0.37940952255126065 5.2854166666666673 71.500000000000014 188.50000000000003 89.500000000000014 712.50000000000011 5.4500000000000011
decision_type=2 2 2 2 2 2 2 2 2 2 2 2 2 2 2 2 2 2 2 2 2 2 2 2 2 2 2 2 2 2
left_child=2 9 3 -1 25 6 7 20 -9 11 12 -2 16 -14 -13 -16 17 18 -11 -19 21 -4 -22 -23 -24 26 -5 -7 29 -29
right_child=1 -3 5 4 -6 27 -8 8 -10 10 -12 14 13 -15 15 -17 -18 19 -20 -21 22 23 24 -25 -26 -27 -28 28 -30 -31
leaf_value=-0.092614234417361926 0.29459383033744674 0.43708303992800096 0.30907646530295818 0.071462891852402982 0.078468042049776726 -0.04699211019023624 0.04957910657095968 0.36170985217011825 0.0086777598356095626 0.16379325562568128 0.089058908345761356 -0.12629240460624563 0.30221878890649306 -0.001784912444779405 0.14583537860349549 -0.013067155602576399 -0.00089331774029588929 -0.01038208155095433 -0.022021327318210097 0.062550536190831729 -0.04474521006094672 -0.01189679249426768 0.082070285017159531 0.050998299363830747 -0.098410913646469034 -0.084725121136778658 -0.032813778788395441 0.017838695570102769 -0.065891904816691535 -0.034408575895821643
leaf_weight=1819 25 26 26 26 43 800 25 31 207 44 45 240 39 52 44 446 1289 158 27 25 537 196 34 36 25 113 41 89 121 43
leaf_count=1819 25 26 26 26 43 800 25 31 207 44 45 240 39 52 44 446 1289 158 27 25 537 196 34 36 25 113 41 89 121 43
internal_value=-0.00118208 0.000195042 -0.00198623 -0.00280372 0.000660713 -0.00121603 -0.00013238 -0.000409882 0.00237657 5.91366e-05 0.000692856 -0.00134921 0.00047951 0.00473913 -0.00169631 -0.000651732 0.000225388 0.00244706 0.00716667 0.000586956 -0.00118831 0.000803088 -0.00205025 -0.00020601 0.0034 -0.00110497 0.00252941 -0.00236433 -0.000362206 0.00204511
internal_weight=6672 2460 4212 2042 223 2170 1117 1092 238 2434 1679 755 1634 91 730 490 1543 254 71 183 854 258 596 232 59 180 67 1053 253 132
internal_count=6672 2460 4212 2042 223 2170 1117 1092 238 2434 1679 755 1634 91 730 490 1543 254 71 183 854 258 596 232 59 180 67 1053 253 132
is_linear=0
shrinkage=0.04


Tree=52
num_leaves=31
num_cat=0
split_feature=0 12 0 7 13 9 17 19 11 10 3 10 11 7 7 12 9 2 12 4 16 2 2 7 19 9 16 9 4 7
split_gain=4.25391 1.7954 1.46576 1.3973 1.29326 1.55622 1.25286 1.17094 4.16137 1.14111 3.0647 1.23267 1.16415 0.956181 1.98532 2.59443 0.98344 0.965296 1.80219 1.45065 1.04671 0.997904 0.995902 0.863259 0.827136 1.92724 0.841647 0.821342 0.806272 0.745097
threshold=9.7500000000000018 72.500000000000014 38.300000000000004 2.5854166666666671 7.3500000000000005 107.50000000000001 -0.37940952255126065 -0.60785761079279388 21.750000000000004 3.5500000000000003 2.0500000000000003 12.750000000000002 20.950000000000003 22.343750000000004 15.681250000000004 70.500000000000014 101.50000000000001 12.250000000000002 69.500000000000014 9.7500000000000018 77.500000000000014 11.250000000000002 7.3500000000000005 9.7187500000000018 0.6078576107927941 67.500000000000014 22.500000000000004 112.50000000000001 15.450000000000001 7.9437500000000005
decision_type=2 2 2 2 2 2 2 2 2 2 2 2 2 2 2 2 2 2 2 2 2 2 2 2 2 2 2 2 2 2
left_child=1 3 6 -1 9 -6 -2 8 -4 10 -5 -11 -13 14 16 -16 17 18 21 20 22 -8 -20 -24 26 -26 -19 -7 -3 -12
right_child=2 28 7 4 5 27 13 -9 -10 11 29 12 -14 -15 15 -17 -18 24 19 -21 -22 -23 23 -25 25 -27 -28 -29 -30 -31
leaf_value=-0.11298911402319542 -0.034673188146851247 -0.053848572289197601 -0.10103535323443508 0.061438604567710005 -0.046912645949061638 0.069223026089043183 -0.0068960628971650234 0.00096502484353905825 0.48440866137316047 -0.019642347334608946 -0.0099535594178948236 0.0033930930426524304 0.080221026906740919 -0.039428049329694868 0.46675183085084115 -0.044639044805187718 0.089829118152401702 0.0087504018722241988 0.32830550060611513 0.066960791488219804 0.11156366605104301 0.0085111482700169633 -0.0043818109229058809 0.13016890155068839 -0.054314183181253591 0.014032465625886916 -0.017627022043285454 -0.0023009168569255562 0.017971135021063928 0.014594191210542895
leaf_weight=272 461 2237 26 32 852 32 225 39 28 836 360 113 29 58 49 27 25 53 33 25 44 45 124 25 35 25 259 42 50 211
leaf_count=272 461 2237 26 32 852 32 225 39 28 836 360 113 29 58 49 27 25 53 33 25 44 45 124 25 35 25 259 42 50 211
internal_value=-0.00123603 -0.00180462 0.00055756 -0.00112086 -0.000824562 -0.00201079 0.000256274 0.00540425 0.00916364 -0.000128952 0.00123841 -0.000972422 0.00246154 0.00101804 0.00131055 0.00748052 0.000792164 0.000568232 0.00167816 0.00411111 0.00306608 -0.000590407 0.00170492 0.000293332 -0.000986596 0.00327869 -0.0018147 0.00352 -0.00263462 0.000552447
internal_weight=6672 5066 1606 2779 2507 926 1513 93 54 1581 603 978 142 1052 994 76 918 893 521 251 226 270 182 149 372 60 312 74 2287 571
internal_count=6672 5066 1606 2779 2507 926 1513 93 54 1581 603 978 142 1052 994 76 918 893 521 251 226 270 182 149 372 60 312 74 2287 571
is_linear=0
shrinkage=0.04


Tree=53
num_leaves=31
num_cat=0
split_feature=0 8 10 5 13 18 11 10 16 3 13 14 13 13 20 7 11 6 14 4 11 14 17 19 10 14 11 4 19 5
split_gain=4.05097 2.14562 1.46569 1.43327 1.3169 1.2514 1.41898 1.61174 1.35596 1.70014 1.5085 1.46729 1.28263 1.18514 1.13129 2.23138 1.83813 1.01991 2.91729 1.13857 2.38704 1.01712 0.964355 0.98631 2.03688 0.904315 1.64295 0.831893 0.819109 1.02991
threshold=14.15 4.3500000000000005 1.2500000000000002 55.350000000000009 2.7500000000000004 0.1294095225512602 15.65 7.8500000000000005 67.500000000000014 5.3500000000000005 2.9500000000000006 191.50000000000003 12.15 1.7500000000000002 -0.22252093395631442 13.052083333333334 -3.7499999999999996 15.199999999999998 181.50000000000003 8.7500000000000018 4.4500000000000011 320.50000000000006 0.25881904510252091 0.87837969732492682 12.250000000000002 168.50000000000003 23.450000000000003 1.7500000000000002 -1.0000000180025095e-35 21.150000000000002
decision_type=2 2 2 2 2 2 2 2 2 2 2 2 2 2 2 2 2 2 2 2 2 2 2 2 2 2 2 2 2 2
left_child=1 2 4 17 -1 6 22 21 10 -10 11 13 14 -9 15 16 -7 18 19 20 -2 -8 -3 -24 -25 26 -6 -18 29 -19
right_child=3 5 -4 -5 25 12 7 8 9 -11 -12 -13 -14 -15 -16 -17 27 28 -20 -21 -22 -23 23 24 -26 -27 -28 -29 -30 -31
leaf_value=0.026358625972325311 0.016901451959781499 -0.090814578551726075 -0.084306237592528102 0.38222334478493508 0.049884051781788126 0.065304247017816994 -0.057223306477261308 0.06791981544382103 0.14914670849418996 0.0092492750847389914 -0.021545604838758253 -0.022095035634524626 -0.071295003775622409 0.12719241936150794 -0.0053521289386486556 0.1326862724108312 0.29599637327679112 -0.034563889298810685 -0.0047785897270360986 0.065879853875107919 0.26035505295715866 0.038936243335823129 -0.022069922778798236 -0.035823768084434778 0.073677552152809106 -0.037087627750448333 -0.092520842467999395 -0.00026582503816538732 0.018070493605469518 0.098614640158054642
leaf_weight=25 29 664 1851 31 42 30 276 25 25 72 126 52 148 25 884 41 29 165 127 49 35 41 648 68 43 251 41 536 227 66
leaf_count=25 29 664 1851 31 42 30 276 25 25 72 126 52 148 25 884 41 29 165 127 49 35 41 648 68 43 251 41 536 227 66
internal_value=-0.00121804 -0.00156326 -0.00255088 0.00159452 -0.000211112 -0.000978041 -0.00163601 -7.4651e-05 0.00190184 0.00583673 0.000209606 0.00380582 -0.000162973 0.00862745 0.000184088 0.00146939 0.000838925 0.00121316 0.0033195 0.00796491 0.0114462 -0.00210063 -0.00233989 -0.00136316 0.00210714 -0.000883583 0.00271428 0.00031802 0.000104574 -0.00156897
internal_weight=6672 5943 2210 729 359 3733 2065 642 325 97 228 102 1668 50 1520 636 595 698 240 113 64 317 1423 759 111 334 83 565 458 231
internal_count=6672 5943 2210 729 359 3733 2065 642 325 97 228 102 1668 50 1520 636 595 698 240 113 64 317 1423 759 111 334 83 565 458 231
is_linear=0
shrinkage=0.04


Tree=54
num_leaves=31
num_cat=0
split_feature=0 5 18 17 5 9 10 19 0 19 9 3 16 17 3 3 17 2 16 0 3 9 12 8 13 9 0 9 9 2
split_gain=3.52729 1.88155 1.60911 1.61405 2.02513 2.29644 1.41958 1.51585 1.05952 1.65759 1.45601 1.17361 1.10242 0.876716 1.35944 1.88843 0.861853 1.1769 1.14056 1.00152 1.80819 1.05452 0.857639 0.830475 0.791592 0.710826 0.794971 0.663606 0.669712 0.976967
threshold=7.5500000000000007 55.350000000000009 -0.12940952255126037 -1.0000000180025095e-35 12.15 54.500000000000007 12.550000000000002 0.87837969732492682 3.5500000000000003 -0.60785761079279388 67.500000000000014 9.8500000000000032 2247.5000000000005 -0.78656609248549292 5.2500000000000009 3.9500000000000006 -0.37940952255126065 7.1500000000000012 522.50000000000011 22.450000000000003 20.450000000000003 106.50000000000001 67.500000000000014 9.1500000000000004 2.2500000000000004 93.500000000000014 16.350000000000005 40.500000000000007 77.500000000000014 12.15
decision_type=2 2 2 2 2 2 2 2 2 2 2 2 2 2 2 2 2 2 2 2 2 2 2 2 2 2 2 2 2 2
left_child=2 16 6 4 5 -4 -1 22 12 10 -10 -12 -7 -11 15 -15 17 -2 -19 21 -21 27 24 -5 -8 26 -20 -18 29 -29
right_child=1 -3 3 23 -6 8 7 -9 9 13 11 -13 -14 14 -16 -17 19 18 25 20 -22 -23 -24 -25 -26 -27 -28 28 -30 -31
leaf_value=-0.09943743482777391 0.20924618772793771 0.36441347294588738 0.21914229206327687 -0.038973510663977119 0.054338894364413692 -0.036080101853464955 -0.094180682114693687 0.070676269637740263 0.28415651834571948 -0.041825838702813201 -0.0022515984107254242 0.06817447133888789 0.02388288852542118 -0.012265243957944488 -0.012178900163019818 0.11362422287710261 -0.038153349908731322 -0.081096102934731004 0.0019300493460276849 0.27264009909747661 0.0031092087059642996 0.076578442490687654 -0.061746140966869402 0.011608987068359933 0.024309942121897524 -0.015373733927600282 0.17884262718010202 0.00932560284569528 -0.0054619670817677036 -0.0025368971930202029
leaf_weight=1503 37 32 26 1159 32 721 26 38 29 174 79 31 58 27 116 26 102 411 133 36 60 48 102 37 28 146 25 742 340 348
leaf_count=1503 37 32 26 1159 32 721 26 38 29 174 79 31 58 27 116 26 102 411 133 36 60 48 102 37 28 146 25 742 340 348
internal_value=-0.00123603 -3.25081e-05 -0.00193876 -0.00129571 -0.000330304 -0.000580746 -0.00289046 0.000328204 -0.000827259 0.000645962 0.00431428 0.00216216 -0.00173846 -0.000848838 0.0012 0.00644444 -0.000161384 -0.00128553 -0.00164805 0.00034347 0.00428866 0.000101201 -0.00142675 -0.00235923 0.00261818 0.000209835 0.00206289 -8.34974e-05 0.000139761 0.00062328
internal_weight=6672 2460 4212 2515 1319 1287 1697 194 1261 482 139 110 779 343 169 53 2428 752 715 1676 96 1580 156 1196 54 304 158 1532 1430 1090
internal_count=6672 2460 4212 2515 1319 1287 1697 194 1261 482 139 110 779 343 169 53 2428 752 715 1676 96 1580 156 1196 54 304 158 1532 1430 1090
is_linear=0
shrinkage=0.04


Tree=55
num_leaves=31
num_cat=0
split_feature=8 0 18 10 1 17 7 2 18 11 7 16 14 11 11 4 10 12 0 7 4 0 3 13 3 20 2 10 3 11
split_gain=3.65004 2.58894 1.93386 1.74071 1.75009 1.57451 1.67194 1.23456 1.13094 1.9153 3.15475 1.18195 2.03807 1.05919 1.15302 0.978402 0.969407 3.03868 1.08083 0.895177 1.25533 1.0922 1.00189 2.30497 0.989919 1.616 0.918175 0.889031 1.06828 0.791521
threshold=6.8500000000000005 29.650000000000002 -0.12940952255126037 10.550000000000002 47.20000000000001 -1.0000000180025095e-35 7.3854166666666679 5.7500000000000009 0.78656609248549303 4.7500000000000009 5.8375000000000004 1912.5000000000002 189.50000000000003 24.050000000000004 5.3500000000000005 45.20000000000001 18.750000000000004 70.500000000000014 11.550000000000002 2.8770833333333337 6.9500000000000011 4.6500000000000012 2.0500000000000003 7.5500000000000007 3.8500000000000001 1.0000000180025095e-35 5.7500000000000009 0.75000000000000011 5.0500000000000007 3.9500000000000006
decision_type=2 2 2 2 2 2 2 2 2 2 2 2 2 2 2 2 2 2 2 2 2 2 2 2 2 2 2 2 2 2
left_child=2 8 -1 15 -5 6 19 13 11 10 -10 16 -13 14 -8 -3 18 -18 -2 -4 21 22 23 -21 -24 27 -23 -26 -29 -20
right_child=1 3 5 4 -6 -7 7 -9 9 -11 -12 12 -14 -15 -16 -17 17 -19 29 20 -22 26 24 -25 25 -27 -28 28 -30 -31
leaf_value=-0.099230322861674436 -0.021481058746966659 -0.072535494664473718 -0.10235024522614611 0.15736888593771978 0.11350263723605694 -0.048052461578001797 0.01031342272738303 -0.0034064823106532359 0.26662570902828003 -0.00011749076675324015 -0.001423158225657212 -0.023190307213439402 0.089412012005871094 -0.0046882343864571921 0.072353367957670778 0.34227412589548417 0.078015456399827099 -0.012313466900251063 -0.028967410474043002 0.045144973619771864 -0.040807766620949107 0.21342648589255411 -0.035790814048829382 -0.082559654824259449 0.077319355261219413 -0.099202273468127017 0.002663574380141206 0.056520346870036757 -0.044990103124127205 0.001747705302207856
leaf_weight=1413 1522 41 229 27 31 923 26 95 40 424 58 35 25 25 42 25 29 114 137 36 237 25 165 28 44 87 25 32 48 664
leaf_count=1413 1522 41 229 27 31 923 26 95 40 424 58 35 25 25 42 25 29 114 137 36 237 25 165 28 44 87 25 32 48 664
internal_value=-0.00131189 -0.000330288 -0.00220626 0.005312 0.0103051 -0.00142553 -0.000433189 0.00300529 -0.000561497 0.00113193 0.00614141 -0.000911754 0.00459016 0.00625532 0.00881159 0.00083582 -0.00104743 0.00213889 -0.00124441 -0.00111181 -0.000423078 0.000733197 9.0702e-05 0.00467692 -0.000700266 0.00111321 0.00627451 0.004032 0.00148148 -5.48638e-05
internal_weight=6652 3172 3480 124 58 2067 1144 188 3048 522 98 2526 60 93 68 66 2466 143 2323 956 727 490 440 64 376 211 50 124 80 801
internal_count=6652 3172 3480 124 58 2067 1144 188 3048 522 98 2526 60 93 68 66 2466 143 2323 956 727 490 440 64 376 211 50 124 80 801
is_linear=0
shrinkage=0.04


Tree=56
num_leaves=31
num_cat=0
split_feature=8 0 18 13 19 11 17 9 7 11 10 2 4 13 16 0 11 7 9 11 20 2 17 16 3 8 17 2 1 3
split_gain=3.54813 2.31573 1.94726 1.76856 1.39353 2.41434 1.37539 1.70059 1.36661 0.960822 1.11948 2.02402 0.916391 1.83665 1.30794 1.55044 0.910059 0.654445 0.744452 0.661141 1.56389 1.34708 1.59746 1.49326 0.737833 1.15036 1.03289 1.43678 0.876885 0.875132
threshold=6.4500000000000011 29.650000000000002 -0.12940952255126037 1.0500000000000003 -0.60785761079279388 21.750000000000004 0.37940952255126054 55.500000000000007 2.8770833333333337 2.1500000000000008 18.750000000000004 10.15 3.9500000000000006 7.1500000000000012 117.50000000000001 3.7500000000000004 10.15 3.6562500000000004 79.500000000000014 25.550000000000004 -0.22252093395631442 8.2500000000000018 -1.0000000180025095e-35 1972.5000000000002 5.4500000000000011 10.450000000000001 0.60355339059327384 2.5500000000000003 10.550000000000002 8.2500000000000018
decision_type=2 2 2 2 2 2 2 2 2 2 2 2 2 2 2 2 2 2 2 2 2 2 2 2 2 2 2 2 2 2
left_child=2 9 -1 -3 5 -5 7 -4 -9 -2 17 -12 13 14 15 -10 -16 18 -11 24 21 -21 23 -23 25 -19 27 -27 -28 -26
right_child=1 3 6 4 -6 -7 -8 8 12 10 11 -13 -14 -15 16 -17 -18 19 -20 20 -22 22 -24 -25 29 26 28 -29 -30 -31
leaf_value=-0.1007111890303517 -0.020748763655347752 0.1199440169028414 0.076196585661022706 -0.065736137977759207 -0.033202503551625961 0.323541284764364 -0.062274794949110888 -0.096589548726519009 -0.034657749837536077 0.11580448921572886 0.06347816193672387 -0.028518773063866246 -0.0074531043135371349 -0.03289457566239027 0.16244647268505855 0.1989630592890981 0.026553967286460926 -0.0030642739056928143 -0.056149723380286842 -0.0060820366037657864 -0.0090471180086338417 -0.026532227151690152 0.31841601665016134 0.072047550938272087 -0.026073713985354924 -0.0073824723294763439 0.014487406667415917 0.28643581319759348 -0.031651205444088164 -0.0023445701203128199
leaf_weight=1316 642 29 32 25 43 27 563 301 39 77 32 29 865 83 30 29 29 292 30 47 200 40 36 28 495 28 36 39 37 1153
leaf_count=1316 642 29 32 25 43 27 563 301 39 77 32 29 865 83 30 29 29 292 30 47 200 40 36 28 495 28 36 39 37 1153
internal_value=-0.00126379 -0.000350565 -0.0021983 0.004992 0.00229167 0.00664151 -0.00140162 -0.000732435 -0.000946987 -0.000556448 -0.000213847 0.00509677 -0.000278811 0.00208531 0.00509375 0.00127536 0.0094 -0.000343443 0.0027037 -0.000478619 0.001125 0.00418421 0.00670476 0.00301449 -0.000749641 0.000720553 0.00368794 0.00723529 0.000378377 -0.00113523
internal_weight=6652 3365 3287 124 95 52 1971 1408 1376 3241 2599 61 1075 210 127 68 59 2538 107 2431 351 151 104 68 2080 432 140 67 73 1648
internal_count=6652 3365 3287 124 95 52 1971 1408 1376 3241 2599 61 1075 210 127 68 59 2538 107 2431 351 151 104 68 2080 432 140 67 73 1648
is_linear=0
shrinkage=0.04


Tree=57
num_leaves=31
num_cat=0
split_feature=8 8 13 5 18 17 5 11 5 5 7 4 9 7 13 13 18 14 13 9 9 16 11 12 3 2 4 18 12 12
split_gain=3.58294 2.06428 1.47855 1.57994 1.17323 1.18236 2.46381 0.989375 1.79844 1.04095 1.49224 1.68495 1.45741 1.4004 3.52418 1.18085 1.45587 1.93849 1.46867 1.21791 1.1407 2.3724 1.0115 0.957219 0.930265 2.1171 1.77686 0.866732 1.0683 0.85354
threshold=4.3500000000000005 30.300000000000004 1.0500000000000003 23.750000000000004 -0.12940952255126037 -1.0000000180025095e-35 10.750000000000002 2.1500000000000008 15.65 8.9500000000000011 10.497916666666669 9.7500000000000018 71.500000000000014 11.593750000000002 4.0500000000000007 5.4500000000000011 0.78656609248549303 186.50000000000003 3.6500000000000008 74.500000000000014 67.500000000000014 77.500000000000014 3.7500000000000004 33.500000000000007 17.350000000000005 10.850000000000003 14.050000000000002 0.37940952255126048 69.500000000000014 38.500000000000007
decision_type=2 2 2 2 2 2 2 2 2 2 2 2 2 2 2 2 2 2 2 2 2 2 2 2 2 2 2 2 2 2
left_child=4 7 -3 -4 -1 6 -6 8 27 15 -11 13 -13 14 -12 16 18 -18 -9 -19 21 22 -20 -14 25 -25 -27 -2 -29 -22
right_child=1 2 3 -5 5 -7 -8 9 -10 10 11 12 23 -15 -16 -17 17 19 20 -21 29 -23 -24 24 -26 26 -28 28 -30 -31
leaf_value=-0.11605336325446311 -0.050890445479747436 0.11514625622672771 -0.023193037115993298 0.22851562279330787 -0.02074623165007234 -0.077459452816061272 0.034140564925413223 -0.0091447455723141537 0.056519678169794897 -0.050210475575016941 0.17297783848794393 -0.025329349039293264 -0.012017157897489028 0.00059660758861207648 -0.050598573293696276 -0.010373830700689922 0.0090436471539261046 0.49775461722683861 0.039372658516764351 0.033541322590530907 0.0088186374203643742 0.24725370130811505 -0.0014901115814625063 -0.0056295393288399997 -0.035433090204213265 0.016734563913145119 0.4317644435969924 0.03748065015331261 -0.013821871692901172 -0.015631098649729384
leaf_weight=887 697 29 49 51 807 483 26 647 25 539 31 260 136 89 26 825 149 26 40 65 53 67 132 53 64 34 41 77 145 99
leaf_count=887 697 29 49 51 807 483 26 647 25 539 31 260 136 89 26 825 149 26 40 65 53 67 132 53 64 34 41 77 145 99
internal_value=-0.00128183 -0.000628316 0.00433846 0.0019802 -0.00260073 -0.00184055 -0.00092566 -0.000777599 -0.00192169 -0.000457211 -0.0013595 -0.000185035 -0.00114092 0.00364626 0.00848276 8.93527e-05 0.000850664 0.00365145 0.000200192 0.00821739 0.00213265 0.00385 0.00134104 0.000632218 0.00244559 0.0044031 0.00868421 -0.00221304 -3.58754e-05 -0.000575164
internal_weight=6652 4449 129 100 2203 1316 833 4320 944 3376 1273 734 588 146 57 2103 1278 240 1038 91 391 239 172 328 192 128 75 919 222 152
internal_count=6652 4449 129 100 2203 1316 833 4320 944 3376 1273 734 588 146 57 2103 1278 240 1038 91 391 239 172 328 192 128 75 919 222 152
is_linear=0
shrinkage=0.04


Tree=58
num_leaves=31
num_cat=0
split_feature=0 8 10 19 14 11 4 14 10 18 5 2 2 16 5 2 14 19 10 11 5 0 11 12 1 0 20 9 11 14
split_gain=3.08881 1.80376 1.37734 1.12101 1.10465 1.59735 1.20463 1.09131 1.19627 1.07934 1.53353 1.32337 1.10822 1.03139 1.27117 2.05213 2.54352 1.63168 1.35097 0.969076 1.14074 0.959904 0.87409 0.866535 0.965776 0.863105 1.05512 1.70279 0.835636 0.829716
threshold=15.350000000000003 4.3500000000000005 2.0500000000000003 -1.0000000180025095e-35 151.50000000000003 20.150000000000002 4.6500000000000012 349.50000000000006 11.550000000000002 -0.12940952255126037 44.000000000000007 25.500000000000004 13.15 72.500000000000014 5.5500000000000007 5.6500000000000012 126.50000000000001 -0.60785761079279388 3.4500000000000006 13.65 4.2500000000000009 10.950000000000001 23.450000000000003 39.500000000000007 6.9500000000000011 22.450000000000003 1.0000000180025095e-35 63.500000000000007 21.750000000000004 170.50000000000003
decision_type=2 2 2 2 2 2 2 2 2 2 2 2 2 2 2 2 2 2 2 2 2 2 2 2 2 2 2 2 2 2
left_child=1 2 4 13 5 6 -1 8 -5 12 11 29 -2 -3 15 16 18 -18 -15 -6 -21 23 -22 24 -17 -14 27 -27 -10 -11
right_child=9 3 -4 7 19 -7 -8 -9 28 10 -12 -13 25 14 -16 21 17 -19 -20 20 22 -23 -24 -25 -26 26 -28 -29 -30 -31
leaf_value=0.019883590354816169 0.22071697687374264 -0.015656317228986371 -0.077431745510493755 -0.022997104896919588 -0.11938590571949621 -0.10351986228701984 0.048098673827363402 0.0085299027311808769 -0.0021341688285782309 0.14106824754166419 0.33458465782859548 -0.029194194640265084 -0.011432098752390683 0.19333083015378694 -0.0053977876097178745 0.11058781967310538 -0.0043027360389013619 0.055939530928469337 0.19449298131478002 -0.026077820857828615 0.039091326547800981 0.17066339834941904 -0.0085000400502093718 -0.091052577387731704 -0.039485738916115419 0.16185237555390039 -0.081598576323453506 -0.059434075966505504 0.066148813689824087 0.036806444205267144
leaf_weight=45 27 752 1674 1692 178 57 28 56 451 71 26 43 205 25 500 25 85 27 33 120 41 37 60 134 26 28 46 28 25 107
leaf_count=45 27 752 1674 1692 178 57 28 56 451 71 26 43 205 25 500 25 85 27 33 120 41 37 60 134 26 28 46 28 25 107
internal_value=-0.00134796 -0.00161463 -0.00252813 -0.00109382 -0.000747171 0.00244275 0.00632432 -0.0016791 -0.00182204 0.00143643 0.00343548 0.00232432 -4.77621e-05 -0.000301521 0.00061814 0.00232061 0.00561403 0.0020531 0.012339 -0.00179 -1.8019e-05 -0.000215248 0.00309804 -0.00139785 0.003 -0.000740261 0.00225243 0.00589474 -5.03154e-05 0.00384357
internal_weight=6652 6071 2203 3868 529 130 73 2224 2168 581 247 221 334 1644 892 392 170 112 58 399 221 222 101 185 51 307 102 56 476 178
internal_count=6652 6071 2203 3868 529 130 73 2224 2168 581 247 221 334 1644 892 392 170 112 58 399 221 222 101 185 51 307 102 56 476 178
is_linear=0
shrinkage=0.04


Tree=59
num_leaves=31
num_cat=0
split_feature=11 0 1 19 0 3 0 18 12 3 9 13 13 14 9 8 17 12 12 2 16 4 3 20 9 16 18 17 7 16
split_gain=3.03654 2.44227 1.89524 1.55521 1.47009 1.73617 1.79821 1.29649 1.84609 1.11006 0.803861 0.894436 1.33653 0.778927 0.775965 0.820732 0.752915 0.750312 2.71442 2.8303 1.05787 0.898369 1.05935 0.723406 1.26116 1.99815 1.62623 1.57752 1.37785 1.28822
threshold=8.5500000000000025 38.300000000000004 47.20000000000001 0.6078576107927941 3.7500000000000004 6.1500000000000012 11.550000000000002 0.78656609248549303 77.500000000000014 4.2500000000000009 67.500000000000014 4.3500000000000005 5.1500000000000012 342.50000000000006 39.500000000000007 1.4500000000000002 0.12940952255126045 69.500000000000014 72.500000000000014 6.9500000000000011 32.500000000000007 10.250000000000002 15.850000000000003 1.0000000180025095e-35 81.500000000000014 612.50000000000011 0.1294095225512602 0.12940952255126045 3.3979166666666676 1382.5000000000002
decision_type=2 2 2 2 2 2 2 2 2 2 2 2 2 2 2 2 2 2 2 2 2 2 2 2 2 2 2 2 2 2
left_child=4 3 -3 14 13 6 7 10 9 -9 11 -6 -13 -1 -2 -16 -10 23 19 -19 -20 -22 -23 24 28 26 -26 -28 -17 -27
right_child=1 2 -4 -5 5 -7 -8 8 16 -11 -12 12 -14 -15 15 17 -18 18 20 -21 21 22 -24 -25 25 29 27 -29 -30 -31
leaf_value=-0.075352299447576959 -0.037355861996395102 0.21198880747130538 0.093137614677635594 -0.025187194814445472 -0.021135484281027371 -0.037510258931817267 0.059069661001331125 0.024779075198093456 0.10349711013995749 0.20108044609361403 -0.026761333732305631 0.057526924786857149 -0.032291885269009869 0.021373413422944586 -0.10260093895229241 0.050985344781120309 -0.02521910537108172 0.30371711626246517 0.033968533110275638 0.0093746018111791878 -0.044917949100370454 0.16729759901466001 -0.042296857794298044 -0.0064053534429142677 -0.020627400709873515 -0.02827653091813467 0.049301669498268245 0.1423921705467702 -0.011225584103489828 0.038146203797603216
leaf_weight=1342 78 30 50 907 360 970 68 66 32 28 326 47 50 36 111 37 69 33 44 33 162 38 39 697 27 147 26 79 512 208
leaf_count=1342 78 30 50 907 360 970 68 66 32 28 326 47 50 36 111 37 69 33 44 33 162 38 39 697 27 147 26 79 512 208
internal_value=-0.00131189 -0.0004394 0.00641975 -0.000614031 -0.00214904 -0.00145959 -0.000328559 -0.000768132 0.00214286 0.00614737 -0.0014949 -0.000410481 0.00297959 -0.00315591 -5.45784e-05 8.56873e-05 -0.00160784 0.000265001 0.00195428 0.00919403 0.000239436 -0.000816668 0.00271795 -7.61255e-05 0.00059402 0.00207377 0.00625564 0.00849057 -0.000720001 0.000505617
internal_weight=6652 3258 80 3178 3394 2016 1046 978 195 94 783 457 97 1378 2271 2193 101 2082 349 66 283 239 77 1733 1036 487 132 105 549 355
internal_count=6652 3258 80 3178 3394 2016 1046 978 195 94 783 457 97 1378 2271 2193 101 2082 349 66 283 239 77 1733 1036 487 132 105 549 355
is_linear=0
shrinkage=0.04


Tree=60
num_leaves=31
num_cat=0
split_feature=0 7 18 17 0 7 10 14 12 11 10 10 10 10 14 19 7 6 11 14 6 11 11 3 17 4 8 8 20 4
split_gain=3.27012 2.0867 1.798 1.87507 1.56066 1.82593 1.55962 1.14525 1.69997 0.881442 0.930226 1.09495 0.850098 0.837403 1.2475 0.815128 1.47614 1.73605 1.59388 1.36382 1.88199 1.84204 1.23282 1.46063 2.25902 0.864828 0.890753 1.22234 0.765908 1.09928
threshold=22.450000000000003 2.5854166666666671 -0.12940952255126037 0.25881904510252091 7.0500000000000007 4.2770833333333345 10.550000000000002 313.50000000000006 24.500000000000004 14.550000000000002 7.8500000000000005 11.65 18.150000000000002 10.550000000000002 213.50000000000003 -1.0000000180025095e-35 3.3979166666666676 3.324999999999998 -6.3499999999999988 140.50000000000003 8.1083333333333361 26.750000000000004 7.0500000000000007 5.4500000000000011 -1.0000000180025095e-35 16.550000000000004 7.4500000000000011 5.6500000000000012 1.0000000180025095e-35 10.450000000000001
decision_type=2 2 2 2 2 2 2 2 2 2 2 2 2 2 2 2 2 2 2 2 2 2 2 2 2 2 2 2 2 2
left_child=1 -1 3 -3 -5 -6 -2 15 -9 -7 -11 13 -13 14 -12 16 17 -4 -18 22 -21 -22 -20 24 -24 26 27 -25 29 -10
right_child=6 2 7 4 5 9 -8 8 28 10 11 12 -14 -15 -16 -17 18 -19 19 20 21 -23 23 25 -26 -27 -28 -29 -30 -31
leaf_value=-0.10419619627116523 0.040788195543230307 -0.075107200700067947 0.0040327338745841249 -0.039798230707145194 0.052492237176721128 -0.0092096390722924536 0.12581428100016429 -0.060065108838385381 0.012986346898867693 -0.053130940248959986 -0.0032395779315175788 -0.0038726797944143498 0.093980312607923319 0.018531940160757873 0.11742369388536233 -0.012118459015310426 0.04870990586436863 0.17031158680086569 -0.028953786253520099 -0.029220677551702084 -0.00058689455199489166 0.086137607681416262 0.11401514398117302 -0.04881270310824553 -3.5914339839761396e-05 0.28511553894916303 -0.036362047584282048 0.087935399363932465 0.0019560229160463078 0.07512884849439215
leaf_weight=598 106 1475 73 556 40 369 77 85 117 37 34 100 25 30 25 1598 32 35 158 453 127 29 43 32 44 29 80 32 151 53
leaf_count=598 106 1475 73 556 40 369 77 85 117 37 34 100 25 30 25 1598 32 35 158 453 127 29 43 32 44 29 80 32 151 53
internal_value=-0.00119386 -0.00134345 -0.00111342 -0.0018737 -0.000709943 0.000605143 0.00406522 -0.000467845 0.00151351 6.44113e-05 0.00188889 0.00290232 0.00047619 0.00626667 0.0034 -0.00075922 4.45196e-05 0.00447706 -0.000411322 -0.000688717 -0.00189508 0.00188535 0.00106921 0.00275862 0.00695454 0.000620689 -0.00066207 0.00283077 0.00284472 0.00467836
internal_weight=6643 6460 5862 2691 1216 660 183 3171 406 620 251 214 125 89 59 2765 1167 108 1059 1027 609 156 418 260 87 173 144 64 321 170
internal_count=6643 6460 5862 2691 1216 660 183 3171 406 620 251 214 125 89 59 2765 1167 108 1059 1027 609 156 418 260 87 173 144 64 321 170
is_linear=0
shrinkage=0.04


Tree=61
num_leaves=31
num_cat=0
split_feature=5 18 7 5 0 2 0 17 11 7 0 1 14 5 7 0 14 14 9 1 0 1 6 11 11 1 9 11 14 5
split_gain=2.82132 1.90818 1.66728 1.65017 1.70605 1.703 1.58689 1.61816 1.07577 1.02174 1.83041 1.02039 0.823944 1.04492 1.01577 0.783093 1.33021 1.18782 0.795329 0.781802 0.925479 0.788397 1.27609 1.71654 0.736696 0.700744 0.821643 1.23412 0.688629 0.869966
threshold=20.650000000000002 -0.12940952255126037 2.5437500000000006 21.850000000000005 38.300000000000004 50.45000000000001 5.4500000000000011 1.0000000180025095e-35 0.65000000000000002 4.2770833333333345 7.0500000000000007 5.8500000000000005 343.50000000000006 4.8500000000000005 7.0916666666666677 7.8500000000000005 16.500000000000004 8.5000000000000018 45.500000000000007 10.350000000000003 13.050000000000002 17.550000000000004 11.541666666666666 25.550000000000004 12.250000000000002 5.7500000000000009 107.50000000000001 32.45000000000001 183.50000000000003 10.950000000000001
decision_type=2 2 2 2 2 2 2 2 2 2 2 2 2 2 2 2 2 2 2 2 2 2 2 2 2 2 2 2 2 2
left_child=1 6 -3 -2 -5 -6 -1 -8 -9 10 -10 -11 15 14 -14 16 17 -4 -17 28 -21 22 -22 -24 -19 26 -18 -28 -20 -30
right_child=3 2 12 4 5 -7 7 8 9 11 -12 -13 13 -15 -16 18 25 24 19 20 21 -23 23 -25 -26 -27 27 -29 29 -31
leaf_value=-0.098575783613234352 0.14645242008782583 -0.092364573387953827 -0.013748868302197554 -0.010521898616402219 0.31224423214479319 0.056904357752000222 -0.076438302567611235 -0.03875102001011909 -0.013948755440470256 0.078943370618888134 0.060135921919462813 -0.0023998690995025085 0.019390423376571993 -0.0095898910732291585 0.093747958658582181 0.10059287841275501 -0.0098302288110825413 0.055190304495324506 0.00072883575019210836 -0.0083002646496946695 -0.012632040612938695 -0.013568050273912485 0.018392000632346302 0.30322093560679209 0.012410580049991673 -0.021228115185725205 0.069329495891987739 -0.088554057407646533 0.036328938750799525 -0.0081584842906362552
leaf_weight=1248 26 338 48 140 27 36 693 191 39 33 32 677 66 75 32 29 1430 31 264 188 47 82 77 27 31 482 58 28 137 31
leaf_count=1248 26 338 48 140 27 36 693 191 39 33 32 677 66 75 32 29 1430 31 264 188 47 82 77 27 31 482 58 28 137 31
internal_value=-0.0012059 -0.00136181 -0.000732154 0.00314783 0.00190196 0.0073125 -0.00211805 -0.00130852 -0.000254883 0.000404091 0.00494444 -5.62597e-05 -0.000446271 0.00222988 0.00492929 -0.000601806 -0.00102039 0.00324324 0.00039864 0.000173301 -0.00105213 0.000632478 0.0023421 0.0048 0.00685714 -0.00125663 -0.000833224 0.00294253 0.0013672 0.00336095
internal_weight=6643 6414 3501 229 203 63 2913 1665 972 781 71 710 3163 173 98 2990 2108 110 882 853 421 233 151 104 62 1998 1516 86 432 168
internal_count=6643 6414 3501 229 203 63 2913 1665 972 781 71 710 3163 173 98 2990 2108 110 882 853 421 233 151 104 62 1998 1516 86 432 168
is_linear=0
shrinkage=0.04


Tree=62
num_leaves=31
num_cat=0
split_feature=7 5 18 7 19 14 9 4 14 11 10 16 4 3 9 9 0 20 20 13 5 4 9 2 14 6 3 9 0 7
split_gain=2.42012 1.64762 1.63942 1.45539 1.30001 1.13764 1.78081 1.87137 2.14566 1.10651 1.43422 1.48268 1.07246 1.54956 1.01845 0.909993 0.787952 0.775059 1.03753 1.10718 0.887033 3.05146 1.34863 1.22295 0.784635 0.726498 0.759139 1.38737 1.03166 0.689923
threshold=11.039583333333335 55.350000000000009 -0.12940952255126037 2.5437500000000006 -0.8783796973249266 319.50000000000006 99.500000000000014 4.0500000000000007 151.50000000000003 1.3500000000000003 17.350000000000005 27.500000000000004 8.6500000000000004 11.550000000000002 61.500000000000007 44.500000000000007 4.0500000000000007 1.0000000180025095e-35 0.81174490092936691 4.3500000000000005 20.650000000000002 15.950000000000001 96.500000000000014 15.750000000000002 193.50000000000003 2.8333333333333299 3.1500000000000008 61.500000000000007 4.1500000000000012 16.275000000000002
decision_type=2 2 2 2 2 2 2 2 2 2 2 2 2 2 2 2 2 2 2 2 2 2 2 2 2 2 2 2 2 2
left_child=2 12 9 -4 5 6 7 8 -5 -1 25 -12 13 -2 -15 -6 -8 20 -19 -20 22 -22 29 -24 -21 -11 27 -27 -29 -14
right_child=1 -3 3 4 15 -7 16 -9 -10 10 11 -13 17 14 -16 -17 -18 18 19 24 21 -23 23 -25 -26 26 -28 28 -30 -31
leaf_value=-0.07766199394805734 0.13885518467110594 0.29615445589717754 -0.088669990452435676 0.25427889293030898 0.086893293848953862 0.071148338907623412 0.011960410082548089 -0.017619230655104196 -0.0011858441849295698 -0.11212917126659036 0.090741150563220949 -0.015493883272594227 -0.013847262877878398 -0.055551810370707132 0.0067009697187900719 -0.0091362758087883394 0.053416655575119869 -0.024638845192589694 -0.0066202200178822205 0.0059580249826350282 0.14346407188979818 -0.0056548529795963712 0.10839384529624059 -0.0054041192419971929 0.027453011891466664 -0.043430541594007055 -0.03255663450666442 -0.027122786773925198 0.13442016194601578 0.24775305002077092
leaf_weight=765 34 28 338 34 33 35 26 198 50 276 25 31 247 44 25 2290 30 306 107 59 25 56 36 27 33 72 1325 27 28 33
leaf_count=765 34 28 338 34 33 35 26 198 50 276 25 31 247 44 25 2290 30 306 107 59 25 56 36 27 33 72 1325 27 28 33
internal_value=-0.00122396 0.000527803 -0.00155659 -0.000927843 -0.000616983 0.00157219 0.000849557 -0.000452298 0.00451765 -0.00230431 -0.00175686 0.00449123 0.00026331 0.00411538 0.00062857 -0.00096902 0.00729824 -0.000167743 -0.0012253 0.00102 0.00109176 0.00482927 0.000197673 0.0054375 0.00421505 -0.00196183 -0.0016022 0.00134375 0.00607143 -0.000996442
internal_weight=6643 1060 5583 3034 2696 373 338 282 84 2549 1784 56 1032 103 69 2323 56 929 505 199 424 81 343 63 92 1728 1452 127 55 280
internal_count=6643 1060 5583 3034 2696 373 338 282 84 2549 1784 56 1032 103 69 2323 56 929 505 199 424 81 343 63 92 1728 1452 127 55 280
is_linear=0
shrinkage=0.04


Tree=63
num_leaves=31
num_cat=0
split_feature=0 5 18 17 7 4 17 11 7 9 10 2 3 2 2 3 10 11 14 0 3 3 4 4 0 2 11 5 9 9
split_gain=2.38264 1.81815 1.63975 1.60277 1.41752 1.50907 1.25157 1.03698 1.00812 1.65094 2.36856 1.30465 1.19599 2.11354 1.87063 1.11665 0.946372 1.45586 2.29635 0.888431 2.6144 0.881666 0.996069 1.06688 0.876259 0.842073 0.813386 0.767912 0.749354 0.607021
threshold=8.5500000000000025 55.350000000000009 -0.12940952255126037 -1.0000000180025095e-35 2.8770833333333337 2.0500000000000003 -0.37940952255126065 30.150000000000002 7.8770833333333341 89.500000000000014 2.0500000000000003 6.6500000000000012 5.4500000000000011 4.4500000000000011 5.2500000000000009 4.7500000000000009 12.750000000000002 2.3500000000000001 184.50000000000003 22.450000000000003 20.450000000000003 2.0500000000000003 6.0500000000000007 3.9500000000000006 5.6500000000000012 6.2500000000000009 15.750000000000002 3.4500000000000006 107.50000000000001 40.500000000000007
decision_type=2 2 2 2 2 2 2 2 2 2 2 2 2 2 2 2 2 2 2 2 2 2 2 2 2 2 2 2 2 2
left_child=2 6 16 4 -4 -6 26 19 12 10 24 -12 13 15 27 21 -1 -18 -19 29 -21 22 23 -7 -10 -20 -2 -15 -11 -8
right_child=1 -3 3 -5 5 8 7 -9 9 28 11 -13 -14 14 -16 -17 17 18 25 20 -22 -23 -24 -25 -26 -27 -28 -29 -30 -31
leaf_value=-0.068608824758932763 -0.10973290564461506 0.2843082776612903 -0.078281028898422061 -0.021992782890058429 0.3032842890178476 0.00063575254586183019 -0.041009162470804147 0.047560561073010814 0.016767625513413383 -0.060469956686593322 0.024554932173664338 -0.062446215740769244 -0.037035203302841796 0.087122644115209286 -0.04530960267691761 0.073781694952925719 -0.069021070035385407 0.059033575661734165 -0.036455028858347005 0.24799276624765793 -0.0042113720090305789 -0.016700857944278693 -0.060945444572870169 0.040740797305951378 0.11122651231552851 0.022630050473916089 -0.0067870313691025842 0.093296099188432735 0.012047115670530946 0.00089889645913115545
leaf_weight=1704 197 28 215 1334 25 28 90 30 43 100 35 48 358 25 30 46 99 36 50 36 51 282 25 25 33 27 406 27 42 1168
leaf_count=1704 197 28 215 1334 25 28 90 30 43 100 35 48 358 25 30 46 99 36 50 36 51 282 25 25 33 27 406 27 42 1168
internal_value=-0.00116376 -1.19591e-05 -0.00166192 -0.00103013 -7.78108e-05 0.000470587 -0.000157656 0.00050872 0.000254354 0.00223841 0.005025 0.000333332 -0.000453366 0.000834355 0.0066506 -0.000353809 -0.00255816 -3.75596e-05 0.00305263 0.000341752 0.00422727 -0.00110803 0.00263291 0.0057037 0.0100779 -0.000871796 -0.0016755 0.0111698 -0.000895106 6.98958e-05
internal_weight=6643 2006 4637 2721 1387 1172 1978 1375 1147 301 159 83 846 488 82 406 1916 212 113 1345 87 360 78 53 76 77 603 52 142 1258
internal_count=6643 2006 4637 2721 1387 1172 1978 1375 1147 301 159 83 846 488 82 406 1916 212 113 1345 87 360 78 53 76 77 603 52 142 1258
is_linear=0
shrinkage=0.04


Tree=64
num_leaves=31
num_cat=0
split_feature=0 18 17 19 0 9 0 10 17 11 7 11 12 14 3 6 14 16 7 11 10 14 12 0 4 11 9 6 3 17
split_gain=2.44058 1.56424 1.37011 1.87417 1.35696 1.29274 3.694 1.17208 1.07921 1.08503 0.983083 0.853382 0.917446 1.0953 0.920025 0.888991 0.81862 0.80604 0.84226 0.769661 1.30083 2.34126 0.864069 0.685409 0.664523 0.642267 0.638845 0.735946 0.612004 0.641228
threshold=8.5500000000000025 -0.12940952255126037 -1.0000000180025095e-35 -0.60785761079279388 29.650000000000002 67.500000000000014 3.5500000000000003 10.750000000000002 -0.37940952255126065 30.150000000000002 2.8770833333333337 7.1500000000000012 19.500000000000004 43.500000000000007 2.7500000000000004 6.0416666666666652 349.50000000000006 272.50000000000006 7.5020833333333341 1.2500000000000002 11.550000000000002 183.50000000000003 67.500000000000014 51.95000000000001 44.000000000000007 26.350000000000005 69.500000000000014 1.8166666666666635 15.15 -0.37940952255126065
decision_type=2 2 2 2 2 2 2 2 2 2 2 2 2 2 2 2 2 2 2 2 2 2 2 2 2 2 2 2 2 2
left_child=1 19 3 5 8 6 -3 24 17 -10 -5 -7 -13 -14 -15 -16 26 -2 -19 -1 -21 22 -22 -9 -6 -20 -12 -28 29 -29
right_child=4 2 -4 10 7 11 -8 23 9 -11 16 12 13 14 15 -17 -18 18 25 20 21 -23 -24 -25 -26 -27 27 28 -30 -31
leaf_value=-0.087753448825215019 -0.088281869330753382 -0.0045887500283618779 -0.021113071574456122 -0.081220944387707106 -0.044649959986473531 -0.065614825432951357 0.30048565933535037 0.09881372747045665 0.00060481054833183892 0.055153002838499637 -0.024179598538588962 -0.15367919162171154 0.047394070075227682 0.031631889651113826 -0.010017247170185258 0.052163844696162122 0.025578794431805472 0.11179862329450727 -0.00026971079140953447 -0.060151662096504438 0.04649481599673589 -0.018645166405806927 0.030794063688125581 0.086683233526383657 0.25423600923681272 -0.024819455032545235 0.03637316785662903 -0.018854494601448391 0.0086577432690401902 0.028670311340107505
leaf_weight=599 218 57 1334 157 38 94 41 28 1302 25 184 31 30 29 72 33 46 27 228 1140 28 120 29 26 25 89 46 442 25 100
leaf_count=599 218 57 1334 157 38 94 41 28 1302 25 184 31 30 29 72 33 46 27 228 1140 28 120 29 26 25 89 46 442 25 100
internal_value=-0.00115774 -0.00166192 -0.00104482 -0.000164266 7.97114e-06 0.00219588 0.00614141 0.00416949 -0.000251853 0.000370481 -0.00107892 0.000841378 0.00234694 0.00353939 0.00195555 0.000188678 -0.000535546 -0.00171936 -0.000510146 -0.0025373 -0.00199393 0.00119101 0.0077931 0.00843636 0.000437499 -0.00109434 -0.000837094 -0.000214985 -0.000612677 -0.000898712
internal_weight=6643 4637 2721 1387 2006 387 98 117 1889 1327 1000 289 195 164 134 105 843 562 344 1916 1317 177 57 54 63 317 797 613 567 542
internal_count=6643 4637 2721 1387 2006 387 98 117 1889 1327 1000 289 195 164 134 105 843 562 344 1916 1317 177 57 54 63 317 797 613 567 542
is_linear=0
shrinkage=0.04


Tree=65
num_leaves=31
num_cat=0
split_feature=0 9 11 14 14 13 5 3 11 19 5 15 14 19 9 5 18 10 11 4 11 9 20 17 0 14 4 7 5 10
split_gain=2.41704 1.4382 1.58987 3.04206 1.37287 1.32144 1.20662 1.28772 1.74884 1.07168 1.05831 1.09932 1.24423 2.46744 1.88536 1.49462 1.02721 0.886685 1.29696 3.13908 1.37879 0.954362 1.93306 0.858482 0.899365 0.7213 0.810161 0.691754 0.631885 0.622952
threshold=5.4500000000000011 99.500000000000014 15.15 187.50000000000003 345.50000000000006 1.4500000000000002 55.350000000000009 5.4500000000000011 14.250000000000002 0.87837969732492682 10.450000000000001 1.0000000180025095e-35 140.50000000000003 -1.0000000180025095e-35 78.500000000000014 3.9500000000000006 0.78656609248549303 7.3500000000000005 12.65 4.2500000000000009 -4.3499999999999988 50.500000000000007 -0.22252093395631442 -1.0000000180025095e-35 8.3500000000000032 149.50000000000003 13.850000000000003 5.3937500000000007 6.1500000000000012 7.9500000000000011
decision_type=2 2 2 2 2 2 2 2 2 2 2 2 2 2 2 2 2 2 2 2 2 2 2 2 2 2 2 2 2 2
left_child=1 4 3 -3 25 -6 7 10 23 -4 11 12 13 14 15 -2 -5 -14 20 28 -19 22 -22 -9 -25 26 -1 -7 -20 -10
right_child=6 2 9 16 5 27 -8 8 29 -11 -12 -13 17 -15 -16 -17 -18 18 19 -21 21 -23 -24 24 -26 -27 -28 -29 -30 -31
leaf_value=-0.02342268460767765 0.23307127290705112 0.040325850559986172 -0.071215820521698378 -0.10865767043082852 -0.013469370283605151 0.014539124105823593 0.25196649096869456 -0.063438935770071828 -0.0022919401224437749 0.084188221058222809 -0.022916697736804052 -0.055235871715396172 -0.0094903709133093549 -0.027548367281866364 0.0043092732920059357 0.2865900663302749 0.02693650422250108 0.043694427291353997 0.074796201184124528 0.11113510858477926 -0.03872044054794542 -0.0052802368784036517 0.12558946884359951 -0.04240562035865475 -0.00075057395162419691 -0.065359968384330253 0.012249278672637021 0.045942437413629245 -0.069132273031530564 0.008018641002661156
leaf_weight=871 31 31 146 43 31 32 31 496 944 38 117 55 148 44 26 25 46 26 28 37 28 243 26 215 487 1875 31 26 29 489
leaf_count=871 31 31 146 43 31 32 31 496 944 38 117 55 148 44 26 25 46 26 28 37 28 243 26 215 487 1875 31 26 29 489
internal_value=-0.00107826 -0.00187953 0.000734425 0.00429752 -0.00215696 0.00271111 -0.000357346 -0.000428041 -0.000867782 -0.0016 0.000912036 0.0014672 0.00190173 0.00548031 0.00954217 0.013614 0.000488888 0.00109541 0.00203828 0.00614737 0.00082716 4.02675e-05 0.0048 -0.001995 -0.00109246 -0.0023139 -0.00138206 0.00623729 0.000206896 7.53129e-05
internal_weight=6695 3170 304 120 2866 89 3525 3494 2631 184 863 746 691 126 82 56 89 565 417 94 323 297 54 1198 702 2777 902 58 57 1433
internal_count=6695 3170 304 120 2866 89 3525 3494 2631 184 863 746 691 126 82 56 89 565 417 94 323 297 54 1198 702 2777 902 58 57 1433
is_linear=0
shrinkage=0.04


Tree=66
num_leaves=31
num_cat=0
split_feature=0 0 3 20 16 7 18 17 11 13 9 4 15 0 10 16 3 3 14 3 14 10 11 7 6 4 7 14 3 17
split_gain=2.30569 1.19883 1.05498 1.3974 1.03436 2.05724 0.955138 1.48804 0.862107 0.828179 0.711739 0.95687 0.801303 0.675178 1.24318 0.669061 1.18727 0.978746 0.629966 0.955006 0.672222 1.25343 1.38805 1.28308 1.30951 0.623696 1.97369 0.602228 0.639725 1.45589
threshold=3.7500000000000004 44.000000000000007 55.350000000000009 -0.56174490092936669 2247.5000000000005 5.1354166666666679 -0.5 1.0000000180025095e-35 1.0000000180025095e-35 0.55000000000000016 54.500000000000007 2.6500000000000008 0.15000000000000005 9.5500000000000025 13.350000000000003 122.50000000000001 8.4500000000000011 14.65 349.50000000000006 4.1500000000000012 151.50000000000003 2.2500000000000004 19.850000000000005 2.9729166666666673 2.7083333333333308 22.700000000000006 22.343750000000004 288.50000000000006 5.2500000000000009 -1.0000000180025095e-35
decision_type=2 2 2 2 2 2 2 2 2 2 2 2 2 2 2 2 2 2 2 2 2 2 2 2 2 2 2 2 2 2
left_child=4 6 3 -3 18 -6 7 -2 -9 -10 11 -8 25 -11 15 16 -15 -18 20 -20 21 22 23 -1 -25 27 -27 28 29 -12
right_child=1 2 -4 -5 5 -7 10 8 9 13 12 -13 -14 14 -16 -17 17 -19 19 -21 -22 -23 -24 24 -26 26 -28 -29 -30 -31
leaf_value=-0.028177168515994801 -0.058817843165599869 0.003685619159244354 -0.076597858154641207 0.39654397188830925 0.077363113586403909 -0.074586120767994035 0.024180517724517594 -0.036279001772201072 0.059536496201097897 -0.009784185233637166 0.10859527177217329 0.00081861171899522589 -0.051070883519698962 0.12710292682529106 -0.011465188559044612 -0.0042514157430503892 -0.007243195092174204 0.028401398649173432 -0.037283332374179773 0.03192780307377939 -0.075961398047951045 -0.039538192424968241 -0.061198679657116679 0.04969687723542289 0.0082940178479666941 0.39289575028122964 -0.052950626326689995 0.0035256871203358589 -0.0094969887140100608 -0.0026787224992171972
leaf_weight=32 728 25 25 26 41 43 59 141 29 334 115 276 158 34 98 58 69 47 36 29 1368 526 53 27 30 32 45 361 1116 734
leaf_count=32 728 25 25 26 41 43 59 141 29 334 115 276 158 34 98 58 69 47 36 29 1368 526 53 27 30 32 45 361 1116 734
internal_value=-0.00110215 -0.000585237 0.00436364 0.00761538 -0.00216834 0.0021647 -0.000671027 -0.00147628 -0.000295932 0.000304477 -0.000243011 0.00148809 -0.000469946 -9.52187e-10 0.00135505 0.00310048 0.00450331 0.00252991 -0.00234253 0.00151515 -0.00246637 -0.00142302 0.0019021 0.00493333 0.00848276 -0.000287855 0.00323077 -0.000405673 -0.000681588 0.000145881
internal_weight=6695 4510 76 51 2185 84 4434 1538 810 669 2896 335 2561 640 306 208 150 116 2101 65 2036 668 142 89 57 2403 77 2326 1965 849
internal_count=6695 4510 76 51 2185 84 4434 1538 810 669 2896 335 2561 640 306 208 150 116 2101 65 2036 668 142 89 57 2403 77 2326 1965 849
is_linear=0
shrinkage=0.04


Tree=67
num_leaves=31
num_cat=0
split_feature=8 18 5 17 11 10 13 11 17 16 19 8 10 20 12 7 7 7 10 5 0 11 12 12 11 5 19 6 11 5
split_gain=2.02405 1.50501 2.15534 1.39579 1.21518 1.07688 1.19927 0.98257 0.934943 1.40192 1.84302 1.14577 1.07951 0.912626 1.38025 0.893635 1.48396 0.872531 0.795856 0.774116 0.858173 0.764532 1.04579 0.661289 1.01803 0.700479 1.11516 2.70246 0.652842 1.07593
threshold=3.2500000000000004 0.1294095225512602 41.600000000000001 0.37940952255126054 0.55000000000000016 2.2500000000000004 2.5500000000000003 15.15 0.37940952255126054 107.50000000000001 -0.8783796973249266 9.2500000000000018 12.050000000000002 0.81174490092936691 58.500000000000007 4.9395833333333341 3.8770833333333337 8.6479166666666689 9.1500000000000004 3.4500000000000006 6.1500000000000012 2.9500000000000006 81.500000000000014 33.500000000000007 22.450000000000003 6.5500000000000007 1.0000000180025095e-35 6.8166666666666655 2.5500000000000003 3.1500000000000008
decision_type=2 2 2 2 2 2 2 2 2 2 2 2 2 2 2 2 2 2 2 2 2 2 2 2 2 2 2 2 2 2
left_child=5 3 8 7 -5 6 -1 -2 9 10 -3 -10 -13 -9 -15 16 -12 -14 19 20 -6 22 -21 -20 25 26 -25 -28 29 -11
right_child=1 2 -4 4 18 -7 -8 13 11 28 15 12 17 14 -16 -17 -18 -19 23 21 -22 -23 -24 24 -26 -27 27 -29 -30 -31
leaf_value=0.012184072711511789 -0.051197380309267723 0.2856094200748307 0.38849551849274833 -0.050347634480035819 -0.020093377969936405 -0.07498598043031228 -0.032557884782365154 -0.029528838351837831 -0.019614226808950905 -0.026745511916179066 -0.0062284327345614055 -0.0023574663101803713 0.0318143044258292 -0.026655178127090222 0.15972955880896847 -0.0021917722640683117 0.05813176438429226 0.037444062015891538 -0.055728548051706649 -0.043382980604091029 0.075104236324146867 -0.045659890770754989 0.04033791189592028 0.0015254436739232464 0.095445767314716448 0.00031424751108404317 0.17155015903719512 0.0024810757110687227 -0.000936506474448726 0.031904201840917266
leaf_weight=46 1033 38 25 223 39 1126 362 529 600 35 32 312 57 56 37 116 29 31 37 26 25 240 33 113 27 366 32 45 981 44
leaf_count=46 1033 38 25 223 39 1126 362 529 600 35 32 312 57 56 37 116 29 31 37 26 25 240 33 113 27 366 32 45 981 44
internal_value=-0.00105436 -0.000674933 8.69178e-05 -0.00128721 -0.000251865 -0.00232964 -0.000567238 -0.00204106 -4.39377e-05 0.00067398 0.00361111 -0.000959042 0.000698253 -0.000783308 0.00285106 0.00186517 0.00574193 0.00458427 0.000353658 -0.00113187 0.00283077 -0.00198667 0.00206667 0.00122383 0.00155479 0.00117774 0.00314136 0.00682051 7.53996e-05 0.00355
internal_weight=6695 5161 2300 2861 1206 1534 408 1655 2275 1275 215 1000 400 622 93 177 61 88 983 363 64 299 59 620 583 556 190 77 1060 79
internal_count=6695 5161 2300 2861 1206 1534 408 1655 2275 1275 215 1000 400 622 93 177 61 88 983 363 64 299 59 620 583 556 190 77 1060 79
is_linear=0
shrinkage=0.04


Tree=68
num_leaves=31
num_cat=0
split_feature=11 9 14 11 8 11 18 14 12 5 17 3 5 5 7 15 3 10 7 7 10 7 7 2 3 20 3 7 13 17
split_gain=2.08203 1.73107 1.78187 1.84361 1.3005 1.23233 1.34226 1.83487 1.17469 2.36302 2.02506 1.18049 1.30598 1.25536 2.40724 0.891999 0.940676 0.864011 0.858286 2.02271 0.809355 1.02954 1.83392 1.25998 0.836162 0.860836 0.948804 2.48181 1.6224 0.790525
threshold=15.65 99.500000000000014 49.500000000000007 11.65 3.3500000000000001 -12.249999999999998 0.60355339059327384 335.50000000000006 65.500000000000014 51.95000000000001 -0.78656609248549292 16.250000000000004 18.750000000000004 8.9500000000000011 8.3604166666666675 1.0000000180025095e-35 7.7500000000000009 7.9500000000000011 4.7062500000000007 4.8770833333333341 10.950000000000001 9.0770833333333361 6.5437500000000011 8.3500000000000032 10.15 1.0000000180025095e-35 17.950000000000003 13.581250000000002 5.2500000000000009 0.12940952255126045
decision_type=2 2 2 2 2 2 2 2 2 2 2 2 2 2 2 2 2 2 2 2 2 2 2 2 2 2 2 2 2 2
left_child=1 4 -3 -4 -1 -6 -7 15 9 18 -10 12 13 14 17 16 29 -12 -2 -20 24 22 -22 -24 -21 26 27 -26 -29 -8
right_child=8 2 3 -5 5 6 7 -9 10 -11 11 -13 -14 -15 -16 -17 -18 -19 19 20 21 -23 23 -25 25 -27 -28 28 -30 -31
leaf_value=-0.062581331804261814 -0.053522816521854637 0.035589718919892342 -0.028187499255640746 0.043607593358767217 0.018323317900542799 -0.02278051709255207 0.064742341860390601 0.042707058036020804 0.055505451738354576 0.29424004004558457 -0.052090459966157909 -0.050398421615269577 0.11416862476103239 -0.016380035066552431 0.22474178083958468 -0.068848012953124357 -0.034392668184039507 0.081726638610751592 0.26184459225853962 -0.013489063364298431 -0.0098028753925025764 -0.0066227936407506132 0.10806578212679797 0.044565929865477937 0.0032478292782504117 -0.013844886980721314 -0.0097391922730653054 0.053182504183982342 0.37841034025374709 -0.00020905635007664427
leaf_weight=1271 320 28 130 29 29 2264 135 32 37 25 36 60 27 99 28 87 83 30 27 779 44 111 28 27 199 283 92 30 25 300
leaf_count=1271 320 28 130 29 29 2264 135 32 37 25 36 60 27 99 28 87 83 30 27 779 44 111 28 27 199 283 92 30 25 300
internal_value=-0.00105436 -0.00156573 0.00219149 0.000524999 -0.00173346 -0.00126919 -0.00135217 0.000269592 -8.14568e-05 -0.00044199 0.0021761 0.00099644 0.00235294 0.00117526 0.00446316 -0.000231024 0.00040077 0.000238805 -0.000600204 -0.000230864 -0.000415072 0.00189573 0.00484 0.00964286 -0.000760824 0.000323809 0.00165994 0.00291765 0.0103571 0.00114679
internal_weight=6695 4388 187 159 4201 2930 2901 637 2307 1990 317 280 220 193 94 605 518 66 1965 1645 1618 210 99 55 1408 629 346 254 55 435
internal_count=6695 4388 187 159 4201 2930 2901 637 2307 1990 317 280 220 193 94 605 518 66 1965 1645 1618 210 99 55 1408 629 346 254 55 435
is_linear=0
shrinkage=0.04


Tree=69
num_leaves=31
num_cat=0
split_feature=8 5 10 13 5 16 12 12 11 7 3 19 7 0 12 16 11 12 20 5 7 4 5 13 19 4 9 8 9 11
split_gain=1.95543 1.20469 1.10339 1.12248 0.8901 1.52643 0.870112 0.864865 0.828189 0.804495 1.17451 1.16909 2.3832 1.07025 0.790542 0.737147 0.700274 0.671321 0.687797 0.639359 1.26931 1.19515 2.01241 0.843289 0.675476 0.86916 0.887984 0.599811 0.749386 1.0027
threshold=6.8500000000000005 55.350000000000009 0.75000000000000011 3.1500000000000008 5.0500000000000007 2167.5000000000005 91.500000000000014 35.500000000000007 -10.549999999999999 10.756250000000003 5.7500000000000009 0.87837969732492682 12.441666666666668 14.350000000000003 21.500000000000004 412.50000000000006 32.45000000000001 86.500000000000014 0.81174490092936691 6.4500000000000011 6.3500000000000005 3.2500000000000004 4.1500000000000012 3.9500000000000006 -0.8783796973249266 4.4500000000000011 64.500000000000014 3.2500000000000004 103.50000000000001 21.750000000000004
decision_type=2 2 2 2 2 2 2 2 2 2 2 2 2 2 2 2 2 2 2 2 2 2 2 2 2 2 2 2 2 2
left_child=2 6 3 -1 5 7 8 -5 -2 10 13 16 -13 15 -7 17 -11 18 19 20 21 22 -10 -23 -21 -26 -27 -4 -29 -30
right_child=1 -3 27 4 -6 14 -8 -9 9 11 -12 12 -14 -15 -16 -17 -18 -19 -20 24 -22 23 -24 -25 25 26 -28 28 29 -31
leaf_value=0.01701946360487502 0.009137613144625115 0.19871665011288137 -0.060449586027298795 -0.038000533505906126 -0.076563689835437668 0.069464549485580299 -0.048470667607435236 0.018583565776622624 0.18203016445704731 -0.00045706107024861788 -0.015377296906082756 0.11193386466574184 -0.00742638494964744 0.14612046852227262 0.010467149473361239 -0.025524938041946634 0.046553867892078431 -0.040006404920109324 -0.0035335776187006159 0.011258232538139101 0.10507228462121376 -0.022878919815851856 -0.005902635786876274 0.026400868461625641 -0.048266541165475775 0.039788695937598609 -0.0047184192148459802 -0.020222702191162768 0.0090778582680197967 -0.041528713605691686
leaf_weight=25 37 31 1376 89 116 27 127 47 59 865 1312 39 38 30 26 122 26 72 62 28 25 60 50 51 90 31 54 1715 29 36
leaf_count=25 37 31 1376 89 116 27 127 47 59 865 1312 39 38 30 26 122 26 72 62 28 25 60 50 51 90 31 54 1715 29 36
internal_value=-0.00106034 -0.000347665 -0.00171609 0.000483383 -0.000196079 0.00149474 -0.000425292 -0.000759125 -0.000289647 -0.000363517 -0.000812898 0.00058617 0.00528205 0.000468026 0.00718518 0.000147517 0.000174887 0.000740994 0.00125245 0.00179955 0.00317073 0.00217194 0.00512727 -0.000750001 0.000137254 -0.000795455 0.00209302 -0.00194615 -0.00145985 0.00272727
internal_weight=6695 3209 3486 330 305 189 3178 136 3051 3014 2046 968 77 734 53 704 891 582 510 448 245 220 109 111 203 175 85 3156 1780 65
internal_count=6695 3209 3486 330 305 189 3178 136 3051 3014 2046 968 77 734 53 704 891 582 510 448 245 220 109 111 203 175 85 3156 1780 65
is_linear=0
shrinkage=0.04


Tree=70
num_leaves=31
num_cat=0
split_feature=7 5 18 0 5 1 9 17 19 4 0 14 9 1 0 5 7 14 6 3 14 7 13 19 9 3 10 19 16 7
split_gain=1.74867 1.59894 1.00719 1.4984 1.61245 1.98399 1.64245 1.27534 1.93239 3.96755 1.39053 1.27593 1.80736 1.2137 1.65065 1.09036 1.00157 1.51168 1.52286 0.973934 0.941025 1.08395 1.67268 1.04937 1.99435 1.01823 0.927697 1.20671 0.909365 0.891718
threshold=2.839583333333334 55.350000000000009 -0.12940952255126037 11.550000000000002 2.5500000000000003 12.65 54.500000000000007 -1.0000000180025095e-35 -0.8783796973249266 4.0500000000000007 7.8500000000000005 319.50000000000006 99.500000000000014 2.8500000000000001 1.2500000000000002 19.750000000000004 7.6187500000000012 93.500000000000014 2.7083333333333308 10.550000000000002 193.50000000000003 8.2062500000000025 6.9500000000000011 -0.60785761079279388 84.500000000000014 12.750000000000002 12.65 0.87837969732492682 2247.5000000000005 11.80625
decision_type=2 2 2 2 2 2 2 2 2 2 2 2 2 2 2 2 2 2 2 2 2 2 2 2 2 2 2 2 2 2
left_child=-1 2 3 15 -5 6 -6 8 9 -4 -9 12 -11 14 -10 26 17 18 -16 -8 23 -22 25 24 -15 -23 -2 -28 -19 -24
right_child=1 -3 7 4 5 -7 19 10 13 11 -12 -13 -14 20 16 -17 -18 28 -20 -21 21 22 29 -25 -26 -27 27 -29 -30 -31
leaf_value=-0.068732182968976666 -0.045196100506096848 0.21203366064956214 0.23160234582030956 0.18426018863975815 0.063333619027514637 -0.006275382688172495 -0.0062135816653020098 -0.019030974504957408 -0.080107207355315083 -0.040295280026491326 0.00093328998583150759 0.12787222139172408 0.041483374866890702 0.10490253027392257 0.050805241257058986 0.0224059955111038 0.039984794189398785 -0.019918319601777465 -0.010534219750504845 0.0047436982948148325 -0.011481680089881667 0.0050091713244325865 0.012127616236919787 -0.031864933245852871 -0.013491945456735762 -0.01453902363846107 -0.010006735823353137 0.050666683447756496 0.060247394987896559 0.11194675174182103
leaf_weight=806 1666 28 26 25 39 509 49 1024 70 112 670 29 41 47 38 43 38 120 28 29 169 46 27 481 45 59 285 50 25 29
leaf_count=806 1666 28 26 25 39 509 49 1024 70 112 670 29 41 47 38 43 38 120 28 29 169 46 27 481 45 59 285 50 25 29
internal_value=-0.00105981 -0.000818742 -0.000865293 -0.00143175 0.000239263 -0.00016587 0.00450847 -0.000376321 0.000503144 0.00405742 -0.00111859 0.0019235 0.000441557 -0.000104662 0.0020125 -0.00196382 0.003536 0.00243396 0.00740298 0.00111392 -0.000853983 0.00084592 0.00318518 -0.00183275 0.00206452 0.000188678 -0.0020999 -0.000178572 0.000136985 0.00870175
internal_weight=6653 5847 5819 2695 651 626 117 3124 1430 208 1694 182 153 1222 319 2044 249 211 66 78 903 330 161 573 92 105 2001 335 145 56
internal_count=6653 5847 5819 2695 651 626 117 3124 1430 208 1694 182 153 1222 319 2044 249 211 66 78 903 330 161 573 92 105 2001 335 145 56
is_linear=0
shrinkage=0.04


Tree=71
num_leaves=31
num_cat=0
split_feature=5 7 8 10 8 17 10 5 11 13 11 13 11 11 5 13 9 12 0 12 14 0 2 16 11 16 17 3 7 5
split_gain=1.6768 1.4474 0.983619 1.0957 1.50069 1.62686 1.20961 0.840056 0.791461 1.17082 1.13512 0.939005 2.35935 1.04301 0.788357 1.72596 1.91726 0.820374 0.833561 0.713488 0.641509 0.772956 0.93996 0.772497 1.54025 0.650274 0.60304 0.960292 0.849206 1.35684
threshold=55.350000000000009 2.3937500000000003 1.4500000000000002 2.6500000000000008 2.5500000000000003 -0.78656609248549292 8.5500000000000025 3.6500000000000008 -6.8499999999999988 0.95000000000000007 -1.3499999999999999 0.55000000000000016 4.7500000000000009 24.750000000000004 2.5500000000000003 3.2500000000000004 107.50000000000001 65.500000000000014 5.3500000000000005 72.500000000000014 299.50000000000006 10.15 9.9500000000000011 117.50000000000001 5.3500000000000005 572.50000000000011 0.60355339059327384 5.1500000000000012 4.7895833333333346 6.5500000000000007
decision_type=2 2 2 2 2 2 2 2 2 2 2 2 2 2 2 2 2 2 2 2 2 2 2 2 2 2 2 2 2 2
left_child=1 -1 -3 4 5 -4 20 -8 9 -9 -10 12 -12 -13 15 -6 -17 18 -16 -19 21 26 -23 24 -22 -24 27 28 -5 -30
right_child=-2 2 3 6 14 -7 7 8 10 -11 11 13 -14 -15 17 16 -18 19 -20 -21 23 22 25 -25 -26 -27 -28 -29 29 -31
leaf_value=-0.079245322425933518 0.20355231422357947 -0.099438919630483874 0.031138839955130459 -0.027962503162751954 0.014795351786732301 0.0024764679776140735 -0.039485450445985587 -0.033225543149621457 -0.03121338221323822 0.03334748291389765 0.046814836030801346 -0.00092936297048602844 -0.0039396722483922564 0.05812675495551841 -0.044115339869202366 -0.012201083042353714 0.041945853257425551 0.097865021057373727 -0.00082711221088141776 -0.0034526733560283455 -0.0052767272296964816 0.045701196095180391 -0.01598052361896728 -0.0078825237407713546 0.19431089188457343 0.021132820832162766 -0.039321003968485799 -0.047239757881812852 0.040856466581726376 -0.01996563691836881
leaf_weight=470 28 233 48 519 29 96 396 28 202 27 42 1347 52 27 315 160 28 29 597 26 47 49 276 137 25 34 469 729 109 79
leaf_count=470 28 233 48 519 29 96 396 28 202 27 42 1347 52 27 315 160 28 29 597 26 47 49 276 137 25 34 469 729 109 79
internal_value=-0.00104779 -0.00108965 -0.000925927 -0.000825258 0.000186606 0.00402759 -0.00111774 -0.000416589 -3.47634e-05 0.00464286 -0.000191503 0.000196051 0.0040421 -6.98191e-05 -0.000283545 0.00188991 0.000465608 -0.000772728 -0.00106024 0.00392857 -0.00171868 -0.00191435 -0.000211112 0.000399999 0.00372603 -0.00102894 -0.00223505 -0.00182603 -0.000774012 0.00152381
internal_weight=6653 6625 6155 5922 1328 144 4594 2121 1725 55 1670 1468 94 1374 1184 217 188 967 912 55 2473 2264 359 209 72 310 1905 1436 707 188
internal_count=6653 6625 6155 5922 1328 144 4594 2121 1725 55 1670 1468 94 1374 1184 217 188 967 912 55 2473 2264 359 209 72 310 1905 1436 707 188
is_linear=0
shrinkage=0.04


Tree=72
num_leaves=31
num_cat=0
split_feature=5 7 8 18 17 3 3 12 14 4 7 14 9 16 8 0 0 3 5 2 4 19 11 14 12 12 5 12 12 14
split_gain=1.68728 1.44504 0.954704 0.853195 1.2941 2.16129 1.7613 2.34659 1.76863 2.87581 1.32801 1.29537 1.24857 1.08813 0.994562 0.988973 0.986741 1.26662 1.322 1.0669 1.66982 0.984914 0.89499 0.82787 0.812663 0.800538 0.797168 0.76746 0.731668 0.723594
threshold=55.350000000000009 2.839583333333334 1.4500000000000002 -0.12940952255126037 0.37940952255126054 5.2500000000000009 4.5500000000000007 66.500000000000014 88.500000000000014 3.2500000000000004 7.8770833333333341 190.50000000000003 69.500000000000014 162.50000000000003 10.65 2.8500000000000001 11.550000000000002 8.9500000000000011 19.250000000000004 12.250000000000002 4.4500000000000011 1.0000000180025095e-35 -0.94999999999999984 325.50000000000006 40.500000000000007 42.500000000000007 3.9500000000000006 61.500000000000007 88.500000000000014 5.5000000000000009
decision_type=2 2 2 2 2 2 2 2 2 2 2 2 2 2 2 2 2 2 2 2 2 2 2 2 2 2 2 2 2 2
left_child=1 28 -3 12 5 6 8 15 9 -5 -10 29 16 -11 -6 -8 17 18 22 20 -18 -22 -4 26 -15 -21 -13 -24 -1 -7
right_child=-2 2 3 4 14 11 7 -9 10 13 -12 23 -14 24 -16 -17 19 -19 -20 25 21 -23 27 -25 -26 -27 -28 -29 -30 -31
leaf_value=-0.067229246024928344 0.19541022165463603 -0.09448476971416149 -0.059643561937674588 0.18482743267623039 -0.017204063060899728 0.019652798053276379 0.037308026349205749 0.25557769562863664 -0.0071920861081155489 -0.036144864554400899 0.095472011395252784 -0.0064538805040740789 -0.040152039911939837 -0.0022240306065147231 0.0013718250177428826 -0.015795371146988167 0.091952917670944351 -0.07582885508121516 0.054656245826792287 0.22658746970047614 0.050909563652238782 -0.033351361341289056 -0.022075667388120623 -0.0052988706880003822 0.050616400213112644 -0.0040422837367025738 0.042824064892002273 0.00073284451854273931 0.011208995780704046 -0.028139703552702757
leaf_weight=772 28 203 137 36 819 28 25 48 373 54 25 78 693 29 378 54 37 290 26 27 49 48 224 159 36 371 176 719 34 677
leaf_count=772 28 203 137 36 819 28 25 48 373 54 25 78 693 29 378 54 37 290 26 27 49 48 224 159 36 371 176 719 34 677
internal_value=-0.00107785 -0.00111983 -0.000899657 -0.000801852 -0.000340455 0.000337965 0.00211454 0.00634375 0.00113357 0.00474359 -0.000280703 -0.000743522 -0.00132876 0.0017 -0.00135893 0.00205 -0.000804563 -0.00136292 -0.000744355 0.000660412 0.00373333 0.000938775 -0.000962073 0.00103382 0.00515151 -0.000380953 0.00244706 -0.000521187 -0.00270632 -0.0017847
internal_weight=6653 6625 5819 5616 2995 1798 680 127 553 155 398 1118 2621 119 1197 79 1928 1396 1106 532 134 97 1080 413 65 398 254 943 806 705
internal_count=6653 6625 5819 5616 2995 1798 680 127 553 155 398 1118 2621 119 1197 79 1928 1396 1106 532 134 97 1080 413 65 398 254 943 806 705
is_linear=0
shrinkage=0.04


Tree=73
num_leaves=31
num_cat=0
split_feature=0 1 14 5 8 10 8 3 10 6 20 11 10 20 7 11 14 4 17 8 17 14 7 11 0 19 1 3 1 19
split_gain=1.93344 1.19755 2.88809 1.46929 1.15207 1.16376 1.18064 1.04688 1.04887 1.81753 1.01661 1.10248 1.84314 1.69968 1.0727 1.8503 1.29176 1.03365 1.02306 1.00856 1.27926 0.83986 1.0417 0.732595 0.766833 0.78295 0.708331 0.933412 1.69421 0.694623
threshold=14.350000000000003 15.350000000000003 174.50000000000003 55.350000000000009 1.3500000000000003 2.0500000000000003 4.3500000000000005 5.4500000000000011 18.750000000000004 9.3333333333333339 1.0000000180025095e-35 18.250000000000004 7.9500000000000011 -0.56174490092936669 3.1020833333333337 1.5500000000000003 181.50000000000003 5.9500000000000011 0.25881904510252091 2.5500000000000003 -0.78656609248549292 319.50000000000006 5.3937500000000007 2.8500000000000001 6.1500000000000012 1.0000000180025095e-35 16.150000000000002 12.050000000000002 17.350000000000005 0.6078576107927941
decision_type=2 2 2 2 2 2 2 2 2 2 2 2 2 2 2 2 2 2 2 2 2 2 2 2 2 2 2 2 2 2
left_child=4 2 -2 26 -1 19 21 10 -9 -10 11 14 -13 -14 15 -8 -17 -12 -19 20 -6 -7 -23 24 -16 -26 -3 28 -28 -21
right_child=1 3 -4 -5 5 6 7 8 9 -11 17 12 13 -15 23 16 -18 18 -20 29 -22 22 -24 -25 25 -27 27 -29 -30 -31
leaf_value=-0.090347600154086272 0.1201777594644358 -0.024580580149535011 0.00059320298694898231 0.18969872629379367 0.016711166742143083 -0.04769085568578639 -0.04019323882789802 -0.01565087066683344 0.03676529802199259 -0.0071965040685398399 -0.02132805772738236 -0.0028710877204214075 0.17263872214831769 0.0046690721517876135 -0.026160608540819079 0.1051181437038203 0.0049410067126529848 0.1022161723741245 -0.0078964439826754301 0.00042959560348692917 -0.0006562033189500446 -0.026273060453168177 0.053416079325138553 -0.016689826654664126 0.0042231003112024332 0.031957365512656051 0.1259925902045666 -0.0050197542930446575 -0.0075014624028178316 -0.035643842982254953
leaf_weight=306 42 76 93 27 58 1428 56 1748 25 49 349 57 26 25 101 41 25 47 86 664 97 52 26 340 55 49 35 369 43 258
leaf_count=306 42 76 93 27 58 1428 56 1748 25 49 349 57 26 25 101 41 25 47 86 664 97 52 26 340 55 49 35 369 43 258
internal_value=-0.00110791 0.000903789 0.0042647 7.25943e-05 -0.00133892 -0.00120925 -0.00148714 -0.00103766 -0.00165003 0.00298667 -0.000149445 0.000747422 0.00447706 0.00992308 0.000137724 0.00351219 0.008 -0.00159006 0.00140298 -2.5975e-05 0.00294872 -0.00240478 0.00162025 -0.000622712 0.00126213 0.00365714 -0.000404581 0.000205356 0.0041519 -0.000528712
internal_weight=6653 685 135 550 5968 5662 4585 3079 1822 74 1257 775 108 51 667 122 66 482 133 1077 155 1506 78 545 205 104 523 447 78 922
internal_count=6653 685 135 550 5968 5662 4585 3079 1822 74 1257 775 108 51 667 122 66 482 133 1077 155 1506 78 545 205 104 523 447 78 922
is_linear=0
shrinkage=0.04


Tree=74
num_leaves=31
num_cat=0
split_feature=5 7 18 0 17 11 20 5 9 11 13 8 0 7 14 20 0 11 7 13 13 5 10 7 2 7 13 4 0 2
split_gain=1.68728 1.40675 1.00961 1.30061 0.969755 0.820189 0.860214 0.876693 0.74391 0.861912 0.823836 0.694821 0.808719 1.31345 0.819055 1.05065 0.680887 0.662334 0.635934 1.2438 0.720575 1.44351 0.901133 1.00892 0.730546 0.64158 1.20831 0.976622 0.60718 1.50571
threshold=55.350000000000009 2.3937500000000003 -0.12940952255126037 5.9500000000000011 1.0000000180025095e-35 11.950000000000001 0.81174490092936691 5.5500000000000007 40.500000000000007 -1.0000000180025095e-35 5.4500000000000011 1.4500000000000002 1.5500000000000003 3.4729166666666669 349.50000000000006 1.0000000180025095e-35 4.2500000000000009 21.150000000000002 4.3479166666666673 3.0500000000000003 4.4500000000000011 6.4500000000000011 17.950000000000003 9.6354166666666696 9.8500000000000032 11.039583333333335 3.3500000000000001 9.9500000000000011 14.350000000000003 18.050000000000004
decision_type=2 2 2 2 2 2 2 2 2 2 2 2 2 2 2 2 2 2 2 2 2 2 2 2 2 2 2 2 2 2
left_child=1 -1 3 -3 5 -5 7 -7 -6 -10 17 -4 13 -13 28 16 -16 18 19 -11 22 -22 25 -24 -23 -20 27 -27 -14 -30
right_child=-2 2 11 4 8 6 -8 -9 9 10 -12 12 14 -15 15 -17 -18 -19 20 -21 21 24 23 -25 -26 26 -28 -29 29 -31
leaf_value=-0.070952348460416495 0.18000586373669847 -0.057206677365563285 -0.067541909900776645 -0.078107936720903187 -0.032236431848082767 0.21473210675227783 0.051650852972961049 -0.058391540595992907 -0.017576965621788877 -0.00027294795321796279 -0.0055717809263109595 0.047141965510491553 -0.0041316070771441988 -0.039937119974831958 0.019345180562529891 -0.0028286507009888601 0.0071043778721574602 0.1067666061025019 -0.014170599491998077 0.038629988135521806 0.053807587997053659 0.048346024512579869 0.10282607275151373 -0.0084949085121299034 -0.011447999592721428 0.051033174120934575 -0.01553004214648853 0.00097556003842006812 0.059828552199847868 -0.036456385329291817
leaf_weight=470 28 1173 147 288 103 40 64 292 137 27 124 31 2717 40 25 62 30 37 256 29 28 28 28 26 47 34 48 36 154 104
leaf_count=470 28 1173 147 288 103 40 64 292 137 27 124 31 2717 40 25 62 30 37 256 29 28 28 28 26 47 34 48 36 154 104
internal_value=-0.00107785 -0.00111983 -0.000958416 -0.00151089 -0.000793785 -0.00195037 -0.000765744 -0.00158559 8.08803e-06 0.000383746 0.000918557 -0.000483239 -0.000357776 0.00383333 -0.000455222 0.00281356 0.00678571 0.0015104 0.00117687 0.00519298 0.00074436 0.00373077 1.86471e-05 0.0048 0.000789473 -0.000682668 0.0017479 0.00507042 -0.000584678 0.00126641
internal_weight=6653 6625 6155 2845 1672 684 396 332 988 885 748 3310 3163 71 3092 117 55 624 587 56 531 103 428 54 75 374 118 70 2975 258
internal_count=6653 6625 6155 2845 1672 684 396 332 988 885 748 3310 3163 71 3092 117 55 624 587 56 531 103 428 54 75 374 118 70 2975 258
is_linear=0
shrinkage=0.04


Tree=75
num_leaves=31
num_cat=0
split_feature=5 9 0 18 16 3 0 17 9 16 11 11 15 13 16 17 9 13 12 16 12 3 6 7 9 0 9 7 5 13
split_gain=1.73417 1.54126 1.22951 1.43122 1.15587 1.06558 1.0523 1.05126 1.01213 1.50096 1.56903 3.30795 0.857709 0.843455 1.79368 1.44651 2.3751 0.958864 0.941902 0.795714 0.646626 0.831205 2.5564 1.09131 0.643554 0.636643 0.824508 0.63092 1.02217 0.60489
threshold=49.100000000000009 79.500000000000014 3.9500000000000006 0.60355339059327384 1987.5000000000002 5.4500000000000011 1.2500000000000002 -0.37940952255126065 79.500000000000014 617.50000000000011 6.4500000000000011 12.250000000000002 1.0000000180025095e-35 3.5500000000000003 32.500000000000007 -0.25881904510252113 65.500000000000014 0.55000000000000016 81.500000000000014 702.50000000000011 27.500000000000004 10.15 10.258333333333335 9.5729166666666696 42.500000000000007 8.7500000000000018 40.500000000000007 6.0333333333333341 6.2500000000000009 8.0500000000000025
decision_type=2 2 2 2 2 2 2 2 2 2 2 2 2 2 2 2 2 2 2 2 2 2 2 2 2 2 2 2 2 2
left_child=2 -2 3 4 24 12 -5 19 -8 10 -10 -12 13 17 -15 16 -16 18 -4 -7 -21 -22 23 -23 -1 27 -27 28 -9 -18
right_child=1 -3 5 6 -6 7 8 25 9 -11 11 -13 -14 14 15 -17 29 -19 -20 20 21 22 -24 -25 -26 26 -28 -29 -30 -31
leaf_value=0.033945011833828004 -0.031377301387461649 0.36777781927440845 -0.00084749894068507847 -0.059856923543271295 0.026536059978457704 -0.060449457687104691 -0.0079225311000364427 -0.017005139349512668 -0.0016533425943089791 -0.0090345531201049198 0.035841541907481685 0.00016284481292903739 -0.059436947519422412 0.051499307410464289 0.26484550310934785 -0.0016322166620923021 0.043448984039562516 -0.0078630597021443968 0.092687052866900488 -0.030983589270542469 -0.019493715960764775 0.099821928373765231 -0.0076374720597512918 0.0054914038904281173 -0.067892336814238952 -0.036456115457545624 0.0011203245174315321 -0.029861168564275675 0.012825694017413965 -0.060508040406142882
leaf_weight=38 31 25 32 142 31 744 366 155 50 216 31 34 122 45 40 484 48 558 25 131 109 27 145 27 1332 92 988 457 59 28
leaf_count=38 31 25 32 142 31 744 366 155 50 216 31 34 122 45 40 484 48 558 25 131 109 27 145 27 1332 92 988 457 59 28
internal_value=-0.00105368 0.00589474 -0.00111393 -0.00187416 -0.00265621 -0.000719019 -0.000566668 -0.00115026 7.44976e-05 0.0016747 0.00534483 0.00939394 0.000196673 0.000507533 0.00151703 0.000931779 0.00492308 -0.000551949 0.00434483 -0.00207095 -0.000718183 0.000284789 0.00182 0.00916364 -0.00283005 -0.000527398 7.40046e-05 -0.00149405 0.000297673 0.000727272
internal_weight=6612 56 6556 2240 1401 4316 839 2934 697 331 115 65 1382 1260 645 600 116 615 57 1183 439 308 199 54 1370 1751 1080 671 214 76
internal_count=6612 56 6556 2240 1401 4316 839 2934 697 331 115 65 1382 1260 645 600 116 615 57 1183 439 308 199 54 1370 1751 1080 671 214 76
is_linear=0
shrinkage=0.04


Tree=76
num_leaves=31
num_cat=0
split_feature=8 10 5 11 10 17 5 13 7 6 14 9 5 1 18 19 16 2 14 14 5 11 13 13 8 15 11 12 2 13
split_gain=1.43174 1.38884 1.22069 1.85596 1.09614 1.54334 1.12575 0.915292 0.887425 1.61778 1.41555 1.23988 1.19575 1.20433 1.17806 1.04737 1.66395 1.29432 1.24742 1.20261 1.39846 0.854625 1.50947 1.17047 0.760613 0.720565 0.705511 0.888267 0.701145 1.07539
threshold=4.4500000000000011 0.75000000000000011 49.100000000000009 22.050000000000004 8.7500000000000018 -1.0000000180025095e-35 8.2500000000000018 3.3500000000000001 7.9437500000000005 9.8166666666666682 25.500000000000004 92.500000000000014 6.9500000000000011 7.2500000000000009 -0.70710678118654757 -1.0000000180025095e-35 1845.0000000000002 4.0500000000000007 122.50000000000001 198.50000000000003 3.3500000000000001 20.950000000000003 2.1500000000000008 4.1500000000000012 12.450000000000001 0.15000000000000005 1.9500000000000002 91.500000000000014 9.4500000000000011 3.6500000000000008
decision_type=2 2 2 2 2 2 2 2 2 2 2 2 2 2 2 2 2 2 2 2 2 2 2 2 2 2 2 2 2 2
left_child=1 7 4 -4 6 -6 8 -1 15 10 -10 12 13 -12 -11 16 17 18 -2 -20 -21 25 -23 -24 -19 28 -3 -28 29 -7
right_child=2 26 3 -5 5 21 -8 -9 9 14 11 -13 -14 -15 -16 -17 -18 24 19 20 -22 22 23 -25 -26 -27 27 -29 -30 -31
leaf_value=0.013334334791967389 0.1302350881748004 -0.067880563619826501 -0.030122209331963183 0.35306670650343208 -0.053847768247374174 0.00031382027998209933 -0.025324340330668955 0.0046547900689595037 0.079718424569683394 0.1494289458169242 0.046447542915007363 -0.002504230130050794 0.067185176516286763 -0.02090675177461972 -0.0091745853491764437 -0.025795065807765451 0.069237800856599863 -0.02161028172289297 -0.04897828932279541 -0.007595469558861449 0.061460734592991492 -0.0098632769547142892 0.10708840188922518 0.086888045488629828 0.091947440633756608 -0.049976703361396639 -0.030326671365499422 0.03185938128500742 -0.0020165512377705785 0.014945279822464724
leaf_weight=26 31 584 31 25 340 524 1014 202 27 39 38 88 26 35 221 580 25 321 46 29 25 55 35 32 35 59 1374 31 440 274
leaf_count=26 31 584 31 25 340 524 1014 202 27 39 38 88 26 35 221 580 25 321 46 29 25 55 35 32 35 59 1374 31 440 274
internal_value=-0.00104159 -0.00187015 -0.000623295 0.00519298 -0.00069954 7.04536e-05 -0.00122433 0.00108297 -0.000551373 0.000892631 0.00346046 0.00219149 0.00524 0.00254054 -0.00122605 -0.00117841 0.00014035 -0.000385247 0.003 0.000792078 0.0048 0.000650703 0.0038374 0.00782353 -0.00163586 0.000348227 -0.00220905 -0.0017212 0.000555286 0.00126158
internal_weight=6612 2217 4395 56 4339 1759 2580 228 1566 474 214 187 99 73 260 1092 512 487 131 100 54 1419 122 67 356 1297 1989 1405 1238 798
internal_count=6612 2217 4395 56 4339 1759 2580 228 1566 474 214 187 99 73 260 1092 512 487 131 100 54 1419 122 67 356 1297 1989 1405 1238 798
is_linear=0
shrinkage=0.04


Tree=77
num_leaves=31
num_cat=0
split_feature=8 5 11 7 18 11 10 16 14 1 10 6 12 11 14 4 13 7 17 18 3 4 3 16 2 0 7 11 5 4
split_gain=1.4603 1.31559 1.85596 0.996737 0.866281 1.27187 1.54598 1.10763 0.930224 1.24345 2.14382 2.02089 0.863531 0.714735 0.683513 1.60575 1.73773 1.18787 1.04439 0.834896 0.743038 0.998406 1.02544 0.842233 0.998756 0.70666 1.77927 1.06401 0.650505 1.84182
threshold=1.3500000000000003 49.100000000000009 22.050000000000004 2.4770833333333337 -0.12940952255126037 1.8500000000000003 7.9500000000000011 257.50000000000006 187.50000000000003 1.9500000000000002 4.0500000000000007 2.3249999999999971 58.500000000000007 -5.4499999999999993 206.50000000000003 6.9500000000000011 1.7500000000000002 4.6312500000000005 0.37940952255126054 0.60355339059327384 3.6500000000000008 17.650000000000002 15.350000000000003 157.50000000000003 5.5500000000000007 10.750000000000002 10.025000000000002 27.550000000000004 17.650000000000002 12.65
decision_type=2 2 2 2 2 2 2 2 2 2 2 2 2 2 2 2 2 2 2 2 2 2 2 2 2 2 2 2 2 2
left_child=-1 3 -3 -2 5 -5 12 28 9 10 11 -6 -7 -11 15 16 -10 19 20 -18 -16 22 23 24 -22 26 27 -25 -8 -30
right_child=1 2 -4 4 8 6 7 -9 14 13 -12 -13 -14 -15 18 -17 17 -19 -20 -21 21 -23 -24 25 -26 -27 -28 -29 29 -31
leaf_value=-0.077758359045410286 -0.065567961024543236 -0.028917320958684632 0.338944038243295 -0.039449388225294188 0.079024684770768017 -0.078787148170038582 -0.0012106723811100037 0.064895605525207747 -0.02629596247887719 0.020021964664299854 -0.043022198088343802 -0.0062277837708832138 -0.030352593320040661 -0.010397335730618844 -0.0086326240327532899 -0.010700758097782648 -0.00073247507242866963 0.09184387314475162 -0.0094267992481327466 0.042042346626123883 0.15566868689602753 -0.017949616464613443 0.057772611602144204 -0.0025951678947502992 0.00087574148690301962 -0.031841109186813037 0.026231814958525411 0.053227390089563537 0.16324593715455554 -0.015285292920475296
leaf_weight=298 409 31 25 710 45 321 863 25 35 39 82 33 659 1712 166 99 44 46 327 26 44 67 37 199 30 41 33 43 67 56
leaf_count=298 409 31 25 710 45 321 863 25 35 39 82 33 659 1712 166 99 44 46 327 26 44 67 37 199 30 41 33 43 67 56
internal_value=-0.000987147 -0.000857641 0.00519298 -0.000912607 -0.000778804 -0.00130422 -0.000785142 0.000312252 -0.000327724 -0.000880754 0.00248447 0.00718987 -0.00191641 -0.0011895 0.000526655 0.00239044 0.00497368 0.00731624 5.26306e-05 0.00394366 0.000968229 0.00174545 0.00245794 0.00184143 0.00565333 0.000933753 0.00166667 0.000460904 9.72635e-05 0.00280645
internal_weight=6612 6314 56 6258 5849 2701 1991 1011 3148 1911 160 78 980 1751 1237 250 151 116 987 70 660 494 427 390 74 316 275 242 986 123
internal_count=6612 6314 56 6258 5849 2701 1991 1011 3148 1911 160 78 980 1751 1237 250 151 116 987 70 660 494 427 390 74 316 275 242 986 123
is_linear=0
shrinkage=0.04


Tree=78
num_leaves=31
num_cat=0
split_feature=0 5 18 16 3 16 0 16 16 1 7 13 19 4 6 10 6 0 19 18 4 10 16 19 10 7 7 19 9 5
split_gain=1.47256 1.19539 0.956004 1.10148 0.930401 0.872353 0.757917 0.978621 1.68598 0.844796 0.892278 0.667802 0.844418 0.866496 0.934459 0.666429 2.14027 0.706841 0.900681 1.15186 2.08508 1.24696 0.817102 0.86714 1.11981 1.35307 2.49681 0.814545 1.0356 0.66546
threshold=3.8500000000000001 55.350000000000009 0.60355339059327384 1987.5000000000002 5.4500000000000011 17.500000000000004 1.2500000000000002 92.500000000000014 142.50000000000003 3.1500000000000008 7.6187500000000012 4.8500000000000005 -1.0000000180025095e-35 5.8500000000000005 1.9666666666666621 17.350000000000005 9.1916666666666682 13.950000000000001 -1.0000000180025095e-35 -0.60355339059327384 11.65 10.550000000000002 702.50000000000011 1.0000000180025095e-35 0.65000000000000002 9.2979166666666675 6.9270833333333348 -0.60785761079279388 89.500000000000014 6.2500000000000009
decision_type=2 2 2 2 2 2 2 2 2 2 2 2 2 2 2 2 2 2 2 2 2 2 2 2 2 2 2 2 2 2
left_child=2 4 3 -1 29 -4 -7 -8 -9 10 11 -10 13 14 -13 17 -17 22 -19 20 21 -20 -6 24 -24 26 -26 -27 -29 -2
right_child=1 -3 5 -5 15 6 7 8 9 -11 -12 12 -14 -15 -16 16 -18 18 19 -21 -22 -23 23 -25 25 27 -28 28 -30 -31
leaf_value=-0.060822975434249936 0.0061783428631072444 0.10634095903080149 0.0079715371654154182 0.023891974464036143 -0.016277391523867816 -0.056228304967045659 -0.014679438599176965 0.031876069042689796 0.01583237621128258 -0.01762190016896659 0.0396571493784812 -0.011298503901696582 -0.070552065136739575 -0.052544516477800805 0.043433576138022602 0.031069009916492508 -0.004750079137137808 -0.012703786918649136 0.21794679109775433 -0.0018322837649540308 -0.0074643471430082819 0.034694522161290889 -0.015303337642167705 -0.014993888960770523 -0.0060695642757729379 -0.055083575352045902 0.065539217597090083 0.054743262835993775 -0.0037210674652942638 -0.0074437877238125883
leaf_weight=1333 811 32 33 31 1689 139 155 38 83 112 27 25 144 36 32 37 123 302 30 179 60 30 100 243 33 44 50 28 26 607
leaf_count=1333 811 32 33 31 1689 139 155 38 83 112 27 25 144 36 32 37 123 302 30 179 60 30 100 243 33 44 50 28 26 607
internal_value=-0.00097505 -0.000555029 -0.00182366 -0.00247326 -0.000611883 -0.000746668 -0.00101515 -0.000441042 0.000425702 -0.000252175 0.000724137 0.00012461 -0.000957984 0.002 0.00503448 -0.00101378 0.00149068 -0.00115666 5.97997e-05 0.00161333 0.0046281 0.00983606 -0.0014869 -0.000106668 0.00140425 0.00327472 0.007 8.08071e-05 0.00334545 0.000231148
internal_weight=6612 4424 2188 1364 4392 824 791 652 497 459 347 320 237 93 57 2974 160 2814 601 299 120 60 2213 524 281 181 83 98 54 1418
internal_count=6612 4424 2188 1364 4392 824 791 652 497 459 347 320 237 93 57 2974 160 2814 601 299 120 60 2213 524 281 181 83 98 54 1418
is_linear=0
shrinkage=0.04


Tree=79
num_leaves=31
num_cat=0
split_feature=8 5 11 7 18 10 17 11 19 5 13 3 15 13 3 10 11 10 19 4 11 13 12 11 19 10 11 7 5 13
split_gain=1.42811 1.32937 1.85596 0.924952 0.93875 0.87836 1.11872 1.20098 0.937657 1.32096 1.15081 1.4451 1.38545 1.5002 3.28259 1.26101 0.940317 1.51644 2.04822 1.10181 0.849453 1.42612 2.05526 0.778152 0.769999 1.307 1.03009 0.765194 0.721119 0.715346
threshold=1.3500000000000003 49.100000000000009 22.050000000000004 2.3937500000000003 0.91597561503675351 9.4500000000000011 1.0000000180025095e-35 -7.4499999999999993 -1.0000000180025095e-35 9.4500000000000011 4.0500000000000007 5.4500000000000011 1.0000000180025095e-35 5.2500000000000009 3.8500000000000001 0.8500000000000002 13.65 7.8500000000000005 0.6078576107927941 8.7500000000000018 -0.94999999999999984 0.55000000000000016 55.500000000000007 25.550000000000004 -0.8783796973249266 2.4500000000000006 7.9500000000000011 5.0729166666666679 8.4500000000000011 0.75000000000000011
decision_type=2 2 2 2 2 2 2 2 2 2 2 2 2 2 2 2 2 2 2 2 2 2 2 2 2 2 2 2 2 2
left_child=-1 3 -3 -2 5 8 -7 -8 9 10 15 12 13 14 -12 -5 -10 -18 19 -19 -9 22 -22 -13 -15 -26 -27 -11 -17 -6
right_child=1 2 -4 4 29 6 7 20 16 27 11 23 -14 24 -16 28 17 18 -20 -21 21 -23 -24 -25 25 26 -28 -29 -30 -31
leaf_value=-0.072270240410430023 -0.065991493465017731 -0.027109532561624145 0.32589442819030906 0.016732520100598846 0.028110265649284729 -0.036356030364086286 0.0083019409676396688 -0.028238653932509253 -0.036814636860780681 0.0045072241677886569 0.032884267374863649 -0.0048818727564749597 -0.049026610761867907 -0.0089984349449193229 0.3843619079899529 -0.026317104067754921 -0.015455568593414671 0.25453176635578767 -0.010404467816484235 0.15028900261897346 -0.011135606407482316 0.0006878516533012774 0.040872598801177953 0.084368674217009471 0.050969588921051641 0.064658292960767513 -0.021480073230504448 -0.046061044319966875 0.035299048921428045 0.001997838462914998
leaf_weight=298 365 31 25 37 41 323 34 185 1134 34 34 296 54 49 25 388 788 31 50 25 27 1105 40 42 42 38 49 331 39 652
leaf_count=298 365 31 25 37 41 323 34 185 1134 34 34 296 54 49 25 388 788 31 50 25 27 1105 40 42 42 38 49 331 39 652
internal_value=-0.00101739 -0.000889312 0.00519298 -0.000944561 -0.000823211 -0.0010075 -0.00026589 0.000227011 -0.00137195 -0.000597671 9.87193e-05 0.0012127 0.00327397 0.00458823 0.0100667 -0.00141075 -0.00192804 -0.000956426 0.00351402 0.00870175 3.82907e-05 0.000436487 0.00605882 -0.000566373 0.00272626 0.00433846 0.0015 -0.0026776 -0.00202804 0.000559077
internal_weight=6612 6314 56 6258 5893 5200 1714 1391 3486 1458 1093 629 291 237 59 464 2028 894 106 56 1357 1172 67 338 178 129 87 365 427 693
internal_count=6612 6314 56 6258 5893 5200 1714 1391 3486 1458 1093 629 291 237 59 464 2028 894 106 56 1357 1172 67 338 178 129 87 365 427 693
is_linear=0
shrinkage=0.04


Tree=80
num_leaves=31
num_cat=0
split_feature=18 7 10 11 7 8 17 9 19 12 4 1 4 11 5 8 5 12 7 20 9 7 12 7 20 17 11 12 11 11
split_gain=1.4242 2.30673 1.33565 1.28163 1.06614 0.866502 0.848624 1.5394 2.64118 2.37028 1.77924 1.73303 1.98801 2.95756 1.91859 1.38224 1.34762 1.54217 1.06457 1.84901 2.65323 1.15253 1.05577 1.03621 0.892107 1.1414 0.80048 0.975602 0.764574 0.725406
threshold=-0.12940952255126037 50.372916666666676 8.7500000000000018 2.1500000000000008 2.3937500000000003 1.3500000000000003 -1.0000000180025095e-35 88.500000000000014 -0.60785761079279388 37.500000000000007 4.0500000000000007 1.9500000000000002 11.15 18.450000000000003 2.0500000000000003 8.4500000000000011 4.5500000000000007 53.500000000000007 5.0187500000000007 -0.56174490092936669 74.500000000000014 4.7479166666666677 85.500000000000014 3.4729166666666669 1.0000000180025095e-35 -0.37940952255126065 1.1500000000000001 81.500000000000014 -7.4499999999999993 0.25000000000000006
decision_type=2 2 2 2 2 2 2 2 2 2 2 2 2 2 2 2 2 2 2 2 2 2 2 2 2 2 2 2 2 2
left_child=2 4 -1 28 -2 -6 7 8 9 -7 -11 14 29 -14 -10 18 -12 -18 19 20 22 -21 -8 -17 25 -9 27 -20 -4 -13
right_child=1 -3 3 -5 5 6 15 24 11 10 16 12 13 -15 -16 23 17 -19 26 21 -22 -23 -24 -25 -26 -27 -28 -29 -30 -31
leaf_value=-0.045494592700506174 -0.058365602587090025 0.31285865106269667 0.00092189169959899547 0.0020511209922339647 -0.052828062922707843 0.040552562488848184 -0.077428645632901083 -0.0028710763477861256 -0.06427326805882605 0.17613753858432638 -0.012527570128056855 0.010256328977312946 -0.010504457589190837 0.10829600043597565 0.077959649519862673 0.029396137464188135 -0.0069744363193947213 0.12807294891460436 0.02239207072213974 -0.027784932595492706 0.099842719790946083 0.016971971031894861 0.020877460754729286 0.0012019716934110357 -0.032766170569890278 0.046247510362308807 -0.039851295389696305 -0.016114752461040164 -0.040495394833599693 -0.015743533094887949
leaf_weight=1696 273 25 31 915 133 42 52 246 26 32 101 52 56 39 44 25 28 39 30 309 46 35 29 729 282 52 477 27 406 404
leaf_count=1696 273 25 31 915 133 42 52 246 26 32 101 52 56 39 44 25 28 39 30 309 46 35 29 729 282 52 477 27 406 404
internal_value=-0.000868603 -0.000333518 -0.00150607 -0.000567628 -0.000418954 -0.000221823 -8.99167e-05 0.000628808 0.00169907 0.00523457 0.00338308 0.000315112 -0.00044203 0.00479167 0.00619718 -0.000679546 0.00170414 0.00605882 -0.0016501 -0.000262713 0.00384375 -0.00178551 -0.000536586 0.000614569 -0.000963856 0.000561872 -0.00287103 0.00158621 -0.00234703 -0.00154048
internal_weight=6681 3633 3048 1352 3608 3335 3202 1443 863 242 200 621 551 95 70 1759 168 67 1005 471 127 344 81 754 580 298 534 57 437 456
internal_count=6681 3633 3048 1352 3608 3335 3202 1443 863 242 200 621 551 95 70 1759 168 67 1005 471 127 344 81 754 580 298 534 57 437 456
is_linear=0
shrinkage=0.04


Tree=81
num_leaves=31
num_cat=0
split_feature=7 10 18 7 10 11 13 5 14 14 14 11 20 7 19 5 14 7 7 14 3 3 3 0 11 14 12 18 11 13
split_gain=1.2879 1.21327 1.13724 1.7028 1.11137 1.09476 1.0718 0.808931 1.9281 0.812783 1.16789 0.767176 1.30391 0.880046 1.64869 2.81801 1.70568 1.07149 1.64027 1.10083 1.04334 0.926657 0.846179 0.820134 0.870927 0.807105 0.796758 0.730187 0.883736 2.45568
threshold=2.652083333333334 0.65000000000000002 -0.12940952255126037 50.372916666666676 8.7500000000000018 2.1500000000000008 12.550000000000002 4.5500000000000007 202.50000000000003 152.50000000000003 176.50000000000003 -6.3499999999999988 -0.22252093395631442 3.3062500000000008 -1.0000000180025095e-35 3.7500000000000004 88.500000000000014 7.8770833333333341 8.8020833333333339 124.50000000000001 9.7500000000000018 5.3500000000000005 9.7500000000000018 2.6500000000000008 33.95000000000001 235.50000000000003 83.500000000000014 0.60355339059327384 1.2500000000000002 3.5500000000000003
decision_type=2 2 2 2 2 2 2 2 2 2 2 2 2 2 2 2 2 2 2 2 2 2 2 2 2 2 2 2 2 2
left_child=1 -1 4 6 -2 -6 11 8 9 -7 -11 12 -4 14 15 -13 -16 21 19 20 -19 27 25 -20 -25 -21 -18 -15 29 -29
right_child=2 -3 3 -5 5 7 -8 -9 -10 10 -12 13 -14 17 16 -17 26 18 23 22 -22 -23 -24 24 -26 -27 -28 28 -30 -31
leaf_value=0.013416207753153902 -0.041130957800357908 -0.059220957797872974 0.048175059932664972 0.30034430502018877 -0.028785539617544577 0.006640080775986751 -0.038016934874099094 -0.0010706703107907947 -0.035226867604979131 0.047133459666003019 0.0058422905527478275 0.077930471006927307 -0.011922372694071145 -0.011073322806554811 0.12855475370875943 -0.017428967430657295 -0.052189576943546923 -0.035769585801801167 0.012471033885381849 0.051975593116196914 0.073524789774670793 -0.024084801470823938 8.8831731477144837e-05 -0.0014366745387000954 0.024098210770680716 0.02933068118941291 0.0062063568189032357 -0.0035626920465630933 -0.00072215253418503778 0.043155648664394641
leaf_weight=30 1477 619 26 25 412 26 288 754 50 29 35 42 36 482 42 34 143 46 25 39 25 498 25 837 25 29 28 61 468 25
leaf_count=30 1477 619 26 25 412 26 288 754 50 29 35 42 36 482 42 34 143 46 25 39 25 498 25 837 25 29 28 61 468 25
internal_value=-0.000886562 -0.00257846 -0.000704128 -0.000195693 -0.00129741 -0.000446826 -0.00027783 0.000339664 0.00312057 0.00659341 0.00898461 -4.90306e-05 0.00431746 -0.000144697 0.00194483 0.00696104 0.00013084 -0.000378965 0.000604562 0.00426667 0.000499999 -0.00105277 0.00710638 -7.65775e-05 -0.000287371 0.0093913 -0.00165116 -0.0003703 0.000619819 0.00432184
internal_weight=6681 649 6032 3249 2783 1306 3224 894 140 90 64 2936 62 2874 289 76 213 2585 1051 164 71 1534 93 887 862 68 171 1036 554 86
internal_count=6681 649 6032 3249 2783 1306 3224 894 140 90 64 2936 62 2874 289 76 213 2585 1051 164 71 1534 93 887 862 68 171 1036 554 86
is_linear=0
shrinkage=0.04


Tree=82
num_leaves=31
num_cat=0
split_feature=7 8 18 11 16 18 13 13 9 5 11 5 8 0 0 7 12 13 3 3 19 16 11 2 5 19 0 5 2 11
split_gain=1.25037 1.13886 1.22484 0.789477 1.08987 0.796672 0.778157 0.735079 0.797079 0.86713 0.739742 0.733806 0.904905 0.772884 0.889078 2.04159 1.36213 0.88511 0.924579 1.765 1.45513 0.93704 1.00196 1.42418 0.968108 1.2564 1.99378 0.909732 0.903184 0.730228
threshold=2.3937500000000003 1.3500000000000003 0.78656609248549303 1.8500000000000003 27.500000000000004 1.0000000180025095e-35 12.850000000000003 3.4500000000000006 41.500000000000007 18.250000000000004 2.3500000000000001 8.9500000000000011 17.250000000000004 1.5500000000000003 3.9500000000000006 3.0770833333333338 77.500000000000014 3.7500000000000004 12.550000000000002 10.850000000000003 1.0000000180025095e-35 332.50000000000006 17.650000000000002 5.7500000000000009 5.5500000000000007 -1.0000000180025095e-35 8.8500000000000032 8.3500000000000032 5.4500000000000011 1.0500000000000003
decision_type=2 2 2 2 2 2 2 2 2 2 2 2 2 2 2 2 2 2 2 2 2 2 2 2 2 2 2 2 2 2
left_child=-1 -2 3 5 7 -3 29 8 -5 10 -10 13 -13 -6 -15 16 -16 27 19 21 -21 22 24 -24 25 26 28 -17 -19 -4
right_child=1 2 6 4 11 -7 -8 -9 9 -11 -12 12 -14 14 15 17 -18 18 -20 20 -22 -23 23 -25 -26 -27 -28 -29 -30 -31
leaf_value=-0.053082559408677177 -0.06543676169399322 -0.037437054185508377 0.011763961078171369 0.043447643486956976 0.043153562427798157 -0.00065698826467670618 -0.046533870888810773 0.023979671240173101 0.037957963875039462 0.20736915627687647 -0.0017308190065761619 -0.025334278348194 0.0017867539977267596 -0.034210481698200457 0.011164152608931071 -0.018919271946085975 0.11100585217926115 0.22102012268740756 -0.013004375767183432 0.08366494232429128 -0.0073143576421979967 -0.017100275153648269 0.18909313272165384 0.0051683295095509051 -0.014815642463453805 -0.014999587449483341 0.11289285636181527 0.025560893581169968 -0.024659849581524736 0.0028914627752670398
leaf_weight=462 210 769 110 33 39 311 140 27 28 29 297 922 300 653 34 430 26 30 136 47 36 227 36 55 142 77 31 47 36 961
leaf_count=462 210 769 110 33 39 311 140 27 28 29 297 922 300 653 34 430 26 30 136 47 36 227 36 55 142 77 31 47 36 961
internal_value=-0.000862617 -0.000713184 -0.000611648 -0.000898521 -0.000621673 -0.00185014 0.000524752 0.00131084 0.000855669 0.000292957 -0.000306749 -0.000864146 -0.00164187 -0.000407106 -0.000514678 5.75116e-05 0.00721311 -0.000270474 0.00050117 0.00107521 0.00652381 0.000352755 0.0015 0.00517391 0.000429021 0.00242286 0.00542857 -0.00164854 0.00143283 0.00089179
internal_weight=6681 6219 6009 4798 3718 1080 1211 414 387 354 325 3304 1222 2082 2043 1390 60 1330 853 717 83 634 407 91 316 174 97 477 66 1071
internal_count=6681 6219 6009 4798 3718 1080 1211 414 387 354 325 3304 1222 2082 2043 1390 60 1330 853 717 83 634 407 91 316 174 97 477 66 1071
is_linear=0
shrinkage=0.04


Tree=83
num_leaves=31
num_cat=0
split_feature=18 7 10 7 19 14 13 14 4 7 6 19 16 19 4 1 6 17 20 13 13 7 16 4 12 0 16 12 13 10
split_gain=1.18423 1.28818 1.2451 0.988544 0.956226 1.39994 1.51504 0.745115 1.40409 0.843647 0.904868 1.24337 0.809169 0.870084 0.864926 0.733533 0.974037 0.725491 0.668949 1.01888 1.16201 1.44507 1.57035 1.42637 1.39012 0.855884 0.718258 0.665818 0.607217 0.602414
threshold=-0.12940952255126037 50.372916666666676 9.5500000000000025 2.0187500000000007 0.87837969732492682 188.50000000000003 2.7500000000000004 284.50000000000006 2.2500000000000004 5.1354166666666679 4.9416666666666655 -0.60785761079279388 17.500000000000004 1.0000000180025095e-35 4.3500000000000005 6.0500000000000007 7.2999999999999998 -1.0000000180025095e-35 -0.22252093395631442 12.15 3.6500000000000008 5.0729166666666679 442.50000000000006 16.250000000000004 68.500000000000014 3.7500000000000004 702.50000000000011 63.500000000000007 10.550000000000002 9.5500000000000025
decision_type=2 2 2 2 2 2 2 2 2 2 2 2 2 2 2 2 2 2 2 2 2 2 2 2 2 2 2 2 2 2
left_child=2 3 -1 -2 -4 6 -6 12 -9 27 11 -11 13 14 -5 -12 -17 -13 19 20 -14 22 24 26 -22 -26 -23 -10 -18 -15
right_child=1 -3 4 7 5 -7 -8 8 9 10 15 17 18 29 -16 16 28 -19 -20 -21 21 23 -24 -25 25 -27 -28 -29 -30 -31
leaf_value=-0.035475562567591074 -0.086699746193507468 0.28821487430837051 -0.0038210295389602134 0.0025614327489122441 0.12463009161204104 -0.022214433795844545 0.0010019757286710744 0.016917707378459025 -0.033424427027296456 0.05622233260229513 -0.026309625309397996 0.010170019362534803 -0.010939004324142312 0.012846128104083998 0.057053099266812096 0.016401148930023028 -0.0017916716497267705 -0.024204487448791449 -0.007430998288606684 -0.057236926397543575 0.08453284633341282 -0.020793692111791853 -0.00039082369269198845 0.13876564257523588 -0.048021023829080342 0.066684633576267804 0.0060958532716201084 0.0089585101330557707 0.048202811057930478 -0.013071737131187684
leaf_weight=1888 145 25 1006 34 41 70 43 34 130 47 66 31 420 25 38 29 180 28 1560 113 45 215 88 56 31 46 114 64 28 41
leaf_count=1888 145 25 1006 34 41 70 43 34 130 47 66 31 420 25 38 29 180 28 1560 113 45 215 88 56 31 46 114 64 28 41
internal_value=-0.000898534 -0.000410568 -0.00147983 -0.000474371 -0.000447891 0.00247742 0.00592941 -0.000338338 0.000896551 0.000443708 0.00147317 0.00463551 -0.000616909 0.00235971 0.00536986 0.000355262 0.00139496 0.000733332 -0.000770548 -2.83446e-05 0.000374015 0.00151007 0.00417062 5.18125e-05 0.00708943 0.00374359 -0.000957577 -0.00172308 0.000421052 -0.000955225
internal_weight=6681 3633 3048 3608 1160 154 84 3463 637 603 409 106 2826 138 72 303 237 59 2688 1128 1015 595 210 385 122 77 329 194 208 66
internal_count=6681 3633 3048 3608 1160 154 84 3463 637 603 409 106 2826 138 72 303 237 59 2688 1128 1015 595 210 385 122 77 329 194 208 66
is_linear=0
shrinkage=0.04


Tree=84
num_leaves=31
num_cat=0
split_feature=0 2 4 18 10 11 11 17 4 13 11 11 12 17 14 2 19 11 10 9 7 14 11 10 14 14 19 14 7 2
split_gain=1.16868 1.5158 2.00005 1.16117 1.0777 1.07456 0.87841 0.877008 0.866796 1.12106 1.05988 1.29907 1.10732 0.842586 1.17162 1.86766 0.841479 0.83929 1.09127 0.78627 1.39096 2.35777 1.64083 1.0099 1.89307 0.724118 0.705501 0.699827 0.824724 1.84063
threshold=14.15 12.350000000000003 5.7500000000000009 0.78656609248549303 13.15 20.950000000000003 1.8500000000000003 0.98296291314453421 3.8500000000000001 0.55000000000000016 -4.7499999999999991 2.3500000000000001 76.500000000000014 -1.0000000180025095e-35 335.50000000000006 3.8500000000000001 -1.0000000180025095e-35 25.450000000000003 4.5500000000000007 81.500000000000014 3.2625000000000006 144.50000000000003 13.450000000000001 3.3500000000000001 147.50000000000003 304.50000000000006 -1.0000000180025095e-35 153.50000000000003 5.4520833333333343 7.5500000000000007
decision_type=2 2 2 2 2 2 2 2 2 2 2 2 2 2 2 2 2 2 2 2 2 2 2 2 2 2 2 2 2 2
left_child=3 2 -2 4 6 8 27 17 9 -6 -11 -12 -13 14 -5 -16 19 26 -19 20 21 -8 -23 24 -22 -26 -3 28 -1 -30
right_child=1 7 -4 13 5 -7 16 -9 -10 10 11 12 -14 -15 15 -17 -18 18 -20 -21 23 22 -24 -25 25 -27 -28 -29 29 -31
leaf_value=-0.037410112637141828 0.20944995333069205 -0.011269873040276705 0.0046508002121110397 0.0022304963818310227 0.039775404762480149 0.059324363105019311 0.11285749359801393 0.028125854450989442 -0.0071963906919648903 0.031176373026477969 -0.070356198189048036 -0.0036715808391474805 0.060521691936736739 -0.0066947516431424513 -0.018720700083407534 0.078217765161508676 -0.01825409007288609 -0.0016779546490211989 0.32837405602288317 -0.017008764054710607 0.12820735894669319 -0.056321443869943602 0.015682231226235993 -0.010858994647604401 -0.063398473406708553 0.029368770970116913 0.0035460720846779699 -0.055641339279144636 0.024727801858685047 -0.01646172438902397
leaf_weight=165 39 257 61 477 27 31 48 36 258 26 115 58 39 772 27 29 1795 58 25 308 40 67 25 750 59 42 245 689 42 71
leaf_count=165 39 257 61 477 27 31 48 36 258 26 115 58 39 772 27 29 1795 58 25 308 40 67 25 750 59 42 245 689 42 71
internal_value=-0.000916493 0.000603877 0.00514851 -0.00110049 -0.00139605 0.000259459 -0.0016197 -0.000135049 -0.000175573 0.00142857 0.000535564 -0.000413146 0.00297959 -4.59428e-05 0.00117603 0.00659649 -0.00129378 -0.000511946 0.00319048 -0.000534329 -3.87692e-06 0.00368794 -8.60224e-05 -0.000587445 0.00250704 -0.000431373 -0.00112923 -0.00267355 -0.000974911 0.00164912
internal_weight=6681 721 100 5960 4655 554 4101 621 523 265 238 212 97 1305 533 56 3134 585 83 1339 1031 140 92 891 141 101 502 967 278 113
internal_count=6681 721 100 5960 4655 554 4101 621 523 265 238 212 97 1305 533 56 3134 585 83 1339 1031 140 92 891 141 101 502 967 278 113
is_linear=0
shrinkage=0.04


Tree=85
num_leaves=31
num_cat=0
split_feature=18 0 1 19 5 17 11 11 20 12 10 14 11 12 13 13 14 3 12 5 19 0 17 8 2 8 3 10 11 12
split_gain=1.32175 1.5109 1.82941 2.34879 1.43183 1.32488 1.38252 1.45211 1.50257 1.23838 0.984163 0.93556 1.43154 1.35351 1.0847 0.828304 0.797186 1.63097 1.01161 0.697962 0.696197 1.32314 1.40226 1.37656 2.56105 1.03361 2.16901 0.898093 0.658879 0.650496
threshold=-0.12940952255126037 11.850000000000003 12.550000000000002 -1.0000000180025095e-35 3.1500000000000008 0.25881904510252091 1.6500000000000001 2.9500000000000006 -0.22252093395631442 81.500000000000014 9.1500000000000004 299.50000000000006 22.750000000000004 27.500000000000004 7.8500000000000005 4.1500000000000012 184.50000000000003 4.9500000000000011 83.500000000000014 2.6500000000000008 -0.60785761079279388 17.250000000000004 -1.0000000180025095e-35 5.7500000000000009 6.1500000000000012 9.5500000000000025 9.8500000000000032 8.6500000000000004 -4.7499999999999991 17.500000000000004
decision_type=2 2 2 2 2 2 2 2 2 2 2 2 2 2 2 2 2 2 2 2 2 2 2 2 2 2 2 2 2 2
left_child=1 5 3 -3 -4 -1 -7 8 -8 -10 -9 20 13 -13 15 -15 17 -12 -18 -17 21 22 23 -2 -25 26 -26 -23 -24 -22
right_child=11 2 4 -5 -6 6 7 10 9 -11 16 12 -14 14 -16 19 18 -19 -20 -21 29 27 28 24 25 -27 -28 -29 -30 -31
leaf_value=-0.062458594034165725 -0.00029285790320314437 0.038804385192958972 0.1675035257003355 -0.00023554736957540981 -0.0052348597914192597 -0.041842116521768939 -0.0034457083173034028 -0.041526209807287641 0.01983821318389456 0.076866279008590749 0.047135504849909693 0.015992565858242103 -0.0028489181152924307 0.0043742794503564084 -0.010248563258552215 0.0031472354930388476 -0.013589651393580076 0.0026881295793681711 0.022903342357905369 0.071052922834722629 0.0061174932917673211 0.049772080456972574 0.024225022432459414 0.19084991908791882 -0.11636241536296542 -0.030828533448646955 0.079363317635046671 0.4248757643616381 -0.013900058860041453 -0.0088055272378324487
leaf_weight=1321 210 33 25 49 508 333 50 304 29 27 40 25 228 157 62 28 167 95 27 46 90 35 29 31 30 33 28 25 441 2130
leaf_count=1321 210 33 25 49 508 333 50 304 29 27 40 25 228 157 62 28 167 95 27 46 90 35 29 31 30 33 28 25 441 2130
internal_value=-0.000985989 -0.00160585 0.000162337 0.00568675 -0.00069663 -0.00206015 -0.00101398 -4.86496e-05 0.00426168 0.00870175 -0.000776026 -0.000471756 0.00105302 0.0027837 0.002 0.00325862 0.000739393 0.00308823 -0.000902565 0.00672 -0.000742135 0.000222479 -0.000209216 0.00177778 0.00513821 0.00169565 0.00488135 0.00590164 -0.00161359 -0.00111662
internal_weight=6636 3008 615 82 533 2393 1072 739 106 56 633 3628 546 318 293 231 329 135 194 74 3082 862 802 332 122 91 58 60 470 2220
internal_count=6636 3008 615 82 533 2393 1072 739 106 56 633 3628 546 318 293 231 329 135 194 74 3082 862 802 332 122 91 58 60 470 2220
is_linear=0
shrinkage=0.04


Tree=86
num_leaves=31
num_cat=0
split_feature=0 18 11 7 11 16 18 13 10 16 2 10 11 14 14 20 10 9 7 16 4 1 11 0 9 0 8 9 13 14
split_gain=1.25252 1.45375 0.856009 0.835531 0.803479 1.36968 1.53222 1.94669 0.732948 2.81614 2.19981 1.12639 1.89987 0.846899 0.880659 0.812385 0.760019 1.07994 2.19971 2.32875 1.71274 0.712031 0.868294 1.08022 1.31003 0.685786 0.637473 0.616192 0.669012 0.785933
threshold=8.5500000000000025 -0.12940952255126037 32.850000000000001 2.0187500000000007 1.8500000000000003 32.500000000000007 -0.70710678118654757 3.0500000000000003 3.5500000000000003 582.50000000000011 2.0500000000000003 1.8500000000000003 18.950000000000003 290.50000000000006 311.50000000000006 -0.22252093395631442 1.2500000000000002 89.500000000000014 7.8770833333333341 1592.5000000000002 4.0500000000000007 9.0500000000000025 23.850000000000005 9.3500000000000032 69.500000000000014 8.6500000000000004 11.250000000000002 102.50000000000001 10.250000000000002 189.50000000000003
decision_type=2 2 2 2 2 2 2 2 2 2 2 2 2 2 2 2 2 2 2 2 2 2 2 2 2 2 2 2 2 2
left_child=1 4 21 -3 -1 6 -6 -8 9 10 -5 12 -12 -10 -15 -16 17 18 20 -20 -11 22 23 25 -25 -2 -23 -19 -29 -30
right_child=2 3 -4 8 5 -7 7 -9 13 16 11 -13 -14 14 15 -17 -18 27 19 -21 -22 26 -24 24 -26 -27 -28 28 29 -31
leaf_value=-0.052602811471208537 0.0082674969464801469 -0.072895092400847017 0.050969647232453737 0.079406349502807866 -0.023225446472520811 -0.032296034641732002 0.0074728946976213156 0.065381685724726066 -0.010090478608744451 0.011859828765999923 0.029467995228168533 -0.0028974809888365318 -0.011849132897495115 0.0070446706002670932 0.037672268584669641 -0.010499569140972238 -0.020970822611276852 -0.044168780191234817 0.080043201443936174 0.011833822916930331 -0.035792712333871608 -0.027911678798547408 0.039688799546079026 0.071322734123086554 -0.006334374020250712 -0.014192550262689473 -0.00088754964106695425 -0.028719015487043729 -0.012145735171057348 0.076026971294046897
leaf_weight=657 29 145 30 53 173 950 80 26 1287 48 40 159 31 25 42 62 292 116 32 44 138 310 34 46 40 119 1394 173 36 25
leaf_count=657 29 145 30 53 173 950 80 26 1287 48 40 159 31 25 42 62 292 116 32 44 138 310 34 46 40 119 1394 173 36 25
internal_value=-0.000979962 -0.0013411 -0.000143785 -0.00075373 -0.00219608 -0.00159024 0.000871428 0.00463551 -0.000588327 0.00014478 0.00361972 0.00190476 0.00605555 -0.00120254 0.00187692 0.00022857 -0.000945857 -0.000143557 0.00179468 0.00748052 -0.000556151 -0.00024734 0.00166543 0.000782978 0.00432184 -0.00128859 -0.000548975 -0.00159544 -0.000408512 0.00316129
internal_weight=6636 4634 2002 2748 1886 1229 279 106 2603 1187 283 230 71 1416 129 104 904 612 262 76 186 1972 268 234 86 148 1704 350 234 61
internal_count=6636 4634 2002 2748 1886 1229 279 106 2603 1187 283 230 71 1416 129 104 904 612 262 76 186 1972 268 234 86 148 1704 350 234 61
is_linear=0
shrinkage=0.04


Tree=87
num_leaves=31
num_cat=0
split_feature=8 14 19 13 6 7 0 14 18 0 7 11 14 18 16 13 3 7 4 5 9 7 3 7 12 13 7 14 12 17
split_gain=1.24194 0.932459 1.11538 1.97982 1.23937 1.10117 1.05456 0.996148 0.982544 1.32041 0.924765 0.750617 0.88554 0.856331 0.930739 0.925624 1.21998 1.72076 1.00043 0.919962 0.906758 1.53787 2.20738 0.957741 1.04669 0.830831 0.830388 0.76257 0.750479 0.738037
threshold=7.3500000000000005 86.500000000000014 -0.60785761079279388 6.7500000000000009 2.6499999999999964 2.8770833333333337 5.2500000000000009 343.50000000000006 0.60355339059327384 3.2500000000000004 3.4729166666666669 32.850000000000001 104.50000000000001 0.25881904510252057 1497.5000000000002 2.7500000000000004 10.250000000000002 6.885416666666667 2.9500000000000006 8.9500000000000011 81.500000000000014 8.4395833333333368 6.5500000000000007 12.68125 25.500000000000004 5.2500000000000009 4.4520833333333343 6.5000000000000009 35.500000000000007 1.0000000180025095e-35
decision_type=2 2 2 2 2 2 2 2 2 2 2 2 2 2 2 2 2 2 2 2 2 2 2 2 2 2 2 2 2 2
left_child=1 2 3 6 5 -4 -1 -3 -9 -10 -7 12 27 14 29 16 17 18 -15 -19 28 22 26 -23 -25 -26 -22 -2 -17 -14
right_child=11 7 4 -5 -6 10 -8 8 9 -11 -12 -13 13 15 -16 20 -18 19 -20 -21 21 23 -24 24 25 -27 -28 -29 -30 -31
leaf_value=-0.010904513309887958 0.046670803964996156 -0.024842497942683294 -0.03675808214119175 0.098063477758100565 -0.018512872849624145 0.1821913325207731 0.068806679925242489 -0.013818054736646669 -0.019721632084003318 0.049482527755505663 0.004192102295857065 0.043710116361287979 -0.026747682704067688 0.034366276372651633 0.059070986189336809 0.011107429073157503 -0.010788689541068383 0.023066165159161826 -0.0097756422759685425 0.030272213070468658 -0.022533940118696295 -0.0070661916183746469 0.044010011832698544 -0.02966346503335808 -0.016176027742625668 0.074598011428432059 0.0047282623864439788 -0.027128919013960875 -0.013734571477381314 -0.00052696736568585794
leaf_weight=90 29 3023 48 25 271 25 32 69 29 36 46 39 603 42 31 29 43 46 59 48 25 102 26 33 39 46 43 422 208 1029
leaf_count=90 29 3023 48 25 271 25 32 69 29 36 46 39 603 42 31 29 43 46 59 48 25 102 26 33 39 46 43 422 208 1029
internal_value=-0.000955855 -0.00144411 9.66533e-05 0.00305405 -0.00102302 0.00236667 0.000910568 -0.00170614 0.00165926 0.00515151 0.0055 -0.000342509 -0.000417356 -0.000117408 -0.000632212 0.000967088 0.00304602 0.00438775 0.000745097 0.00825263 6.52164e-05 0.00147301 0.00572631 -0.000361992 0.00208403 0.0044186 0.00185507 -0.00204425 -0.00179832 -0.000764239
internal_weight=6636 3694 537 147 390 119 122 3157 134 65 71 2942 2903 2452 1663 789 238 195 101 94 551 314 94 220 118 85 68 451 237 1632
internal_count=6636 3694 537 147 390 119 122 3157 134 65 71 2942 2903 2452 1663 789 238 195 101 94 551 314 94 220 118 85 68 451 237 1632
is_linear=0
shrinkage=0.04


Tree=88
num_leaves=31
num_cat=0
split_feature=8 18 11 16 13 17 19 4 15 14 3 7 14 7 5 13 7 19 11 8 5 9 11 13 14 8 8 14 3 2
split_gain=1.07636 0.902875 0.821099 0.759204 2.13264 0.776939 0.805269 2.78249 1.20753 0.732086 1.35351 1.33959 0.812642 0.715254 1.2325 1.1937 0.695218 0.948515 1.33656 0.68326 1.25798 0.948304 0.663734 1.22446 0.621605 0.572887 1.16137 0.987439 1.26784 1.66164
threshold=7.3500000000000005 0.91597561503675351 2.2500000000000004 32.500000000000007 3.6500000000000008 -0.5 -0.60785761079279388 2.2500000000000004 0.25000000000000006 86.500000000000014 5.0500000000000007 3.8354166666666676 214.50000000000003 5.3937500000000007 6.5500000000000007 6.4500000000000011 5.1354166666666679 0.6078576107927941 -1.6499999999999997 3.9500000000000006 4.7500000000000009 86.500000000000014 3.2500000000000004 0.95000000000000007 296.50000000000006 2.5500000000000003 1.6500000000000001 231.50000000000003 2.3500000000000001 2.6500000000000008
decision_type=2 2 2 2 2 2 2 2 2 2 2 2 2 2 2 2 2 2 2 2 2 2 2 2 2 2 2 2 2 2
left_child=1 2 16 4 22 6 7 -5 25 10 11 -3 -11 -9 15 -15 24 -18 -19 -14 21 -21 23 -4 -1 26 -8 28 -28 -30
right_child=-2 9 3 5 -6 -7 8 13 -10 12 -12 -13 19 14 -16 -17 17 18 -20 20 -22 -23 -24 -25 -26 -27 27 -29 29 -31
leaf_value=-0.066485993908277752 -0.0014833856050848399 0.0013369615047843029 -0.073676724157783577 0.13374034836461687 0.047396714696860763 -0.037634091255237735 -0.040847196445344104 -0.011847811097546972 0.02185865604298013 -0.016994641839966084 -0.021934572800319348 0.032342476882526387 -0.0089598104148574161 0.17036486124226882 -0.029013738900826827 0.0024580005283261156 -0.025500077451066243 -0.020528562744198748 0.056355743036055415 0.057226693786007581 -0.024706042450429126 0.046818732184163166 -0.021364713900786474 0.037094869346318123 0.0029188695272807873 -0.028382286594152061 -0.042888663008146935 -0.052849293677719705 0.11274003873141419 0.017501794886618353
leaf_weight=667 2942 38 25 28 29 882 100 154 38 277 39 31 74 35 66 37 163 35 40 26 37 28 168 38 33 468 38 33 27 40
leaf_count=667 2942 38 25 28 29 882 100 154 38 277 39 31 74 35 66 37 163 35 40 26 37 28 168 38 33 468 38 33 27 40
internal_value=-0.000967908 -0.00142246 -0.00168394 -0.00126144 0.000766283 -0.00153262 -0.000803757 0.000872273 -0.00152483 7.25943e-05 0.00300917 0.00634286 -0.000650114 -0.000300342 0.00178417 0.00536986 -0.00267519 -0.000803348 0.00289474 0.00156626 0.00386956 0.00770909 -0.000534484 0.0029375 -0.00330956 -0.00190099 -0.000301256 0.00207194 0.00396226 0.00723529
internal_weight=6636 3694 3144 2206 260 1946 1064 320 744 550 108 69 442 292 138 72 938 238 75 165 91 54 231 63 700 706 238 138 105 67
internal_count=6636 3694 3144 2206 260 1946 1064 320 744 550 108 69 442 292 138 72 938 238 75 165 91 54 231 63 700 706 238 138 105 67
is_linear=0
shrinkage=0.04


Tree=89
num_leaves=31
num_cat=0
split_feature=0 10 13 0 9 9 14 11 16 7 14 1 14 16 13 5 11 5 7 5 14 1 16 3 17 14 14 10 18 18
split_gain=1.15203 0.881266 1.34923 0.745008 0.904684 0.892552 0.654906 1.62064 1.09654 1.20699 0.611861 1.20955 1.14937 1.39638 0.702707 0.582594 0.553377 0.553127 0.726183 0.552959 0.522012 1.23581 1.31345 0.52224 0.51511 0.952369 1.18616 1.59365 1.02713 0.859725
threshold=3.8500000000000001 1.8500000000000003 2.4500000000000006 1.8500000000000003 42.500000000000007 94.500000000000014 169.50000000000003 23.450000000000003 2107.5000000000005 5.1354166666666679 306.50000000000006 4.5500000000000007 325.50000000000006 1462.5000000000002 10.65 2.1500000000000008 32.850000000000001 4.6500000000000012 8.3604166666666675 0.8500000000000002 143.50000000000003 2.1500000000000008 117.50000000000001 0.75000000000000011 0.12940952255126045 207.50000000000003 107.50000000000001 3.8500000000000001 0.78656609248549303 0.1294095225512602
decision_type=2 2 2 2 2 2 2 2 2 2 2 2 2 2 2 2 2 2 2 2 2 2 2 2 2 2 2 2 2 2
left_child=1 2 -1 -3 -5 19 7 15 -8 -10 14 -12 13 -13 16 -4 24 18 -14 -6 21 22 -21 -22 29 26 -26 28 -28 -2
right_child=10 3 6 4 5 -7 8 -9 9 -11 11 12 17 -15 -16 -17 -18 -19 -20 20 23 -23 -24 -25 25 -27 27 -29 -30 -31
leaf_value=0.015845431044842238 -0.031047380670405134 -0.063513068574895831 0.0015374603013096947 0.034811072283649942 0.037692753169765503 0.0034836306379915829 -0.043829973997756469 -0.067086117491742203 0.059496457801853496 -0.059595464895270574 0.10406351040855352 0.00044885775906589688 -0.046365215084996428 0.046694954339210677 -0.033588966167865032 0.043980634746662702 0.042021047131039768 -0.017499355538843912 0.043947169603548282 -0.029536104072705655 0.0087879262373353612 -0.01917869432392345 0.16079089299076862 -0.042839016577053191 -0.031486868793965797 -0.0080759532499697032 0.088949433742052442 0.00085962258618289833 0.0014758354959033507 0.0013107467596420821
leaf_weight=35 1079 498 31 30 34 47 269 61 44 38 32 87 50 37 274 45 39 171 31 40 43 254 31 734 163 461 25 1431 27 495
leaf_count=35 1079 498 31 30 34 47 269 61 44 38 32 87 50 37 274 45 39 171 31 40 43 254 31 734 163 461 25 1431 27 495
internal_value=-0.000949828 -0.00168949 -0.000251909 -0.00212851 -0.00159143 -0.00176689 -0.000801637 0.00153623 -0.00171591 0.00231325 -0.000574155 0.000899755 0.000254641 0.003392 -0.000724907 0.0054026 -0.00058049 -0.00129644 0.00141463 -0.00199121 -0.00214687 -0.000797547 0.00383333 -0.00270951 -0.00063118 -0.000222012 0.000228293 0.000584905 0.00739623 -0.00117841
internal_weight=6636 2234 523 1711 1213 1183 488 137 351 82 4402 408 376 124 3994 76 3720 252 81 1136 1102 325 71 777 3681 2107 1646 1483 52 1574
internal_count=6636 2234 523 1711 1213 1183 488 137 351 82 4402 408 376 124 3994 76 3720 252 81 1136 1102 325 71 777 3681 2107 1646 1483 52 1574
is_linear=0
shrinkage=0.04


Tree=90
num_leaves=31
num_cat=0
split_feature=18 11 17 7 6 6 6 3 9 11 10 19 16 14 19 9 7 16 8 7 7 16 17 0 6 11 19 3 1 9
split_gain=1.30825 1.20009 1.09064 1.0826 1.02549 1.11706 0.949397 1.49533 0.933918 1.21199 2.39489 1.11649 0.917912 0.900428 0.838706 2.48591 1.73072 1.03291 0.774063 1.02363 1.59387 0.774053 1.31657 0.928003 1.89542 0.728182 0.807242 1.25087 0.700514 0.654612
threshold=-0.12940952255126037 -1.0000000180025095e-35 1.0000000180025095e-35 2.0187500000000007 2.7666666666666635 3.0333333333333297 4.4833333333333316 7.0500000000000007 76.500000000000014 3.7500000000000004 10.050000000000002 0.6078576107927941 17.500000000000004 186.50000000000003 -0.8783796973249266 99.500000000000014 3.5520833333333344 902.50000000000011 13.850000000000003 11.689583333333337 10.372916666666669 1707.5000000000002 -0.9159756150367534 2.5500000000000003 2.3999999999999964 -0.84999999999999998 1.0000000180025095e-35 4.1500000000000012 8.7500000000000018 99.500000000000014
decision_type=2 2 2 2 2 2 2 2 2 2 2 2 2 2 2 2 2 2 2 2 2 2 2 2 2 2 2 2 2 2
left_child=1 -1 18 -2 -4 -6 -7 8 9 10 -8 -12 25 14 15 16 -14 -17 -3 20 -20 23 -23 -15 -25 -5 27 -27 -9 -24
right_child=3 2 4 12 5 6 7 28 -10 -11 11 -13 13 21 -16 17 -18 -19 19 -21 -22 22 29 24 -26 26 -28 -29 -30 -31
leaf_value=-0.039574154511545029 -0.071638033484638333 -0.057019162919498982 -0.063120241543559649 -0.028482974090041378 0.04357960516555718 -0.026047344598523207 0.049928544279341347 -0.032229068423146628 -0.053233066748335132 0.004656146117378847 -0.008828690338545768 0.054128273597433232 0.11004848399822352 -0.035964738555302952 -0.0087533781851391011 0.2056356435808617 -0.015640294802039906 0.0058691233636674568 -0.022151751376540702 -0.037641373696675598 0.19949538454933241 0.054899686469267781 -0.0021911345328218383 0.039113464285492471 0.00012048669587966061 0.028178603471583769 0.0054781027256747177 0.015371600385776575 -0.0018411259106900963 0.040449346004876915
leaf_weight=575 150 886 134 40 31 149 39 126 48 252 44 30 40 183 1745 25 200 27 78 140 25 31 170 35 779 33 63 25 501 102
leaf_count=575 150 886 134 40 31 149 39 126 48 252 44 30 40 183 1745 25 200 27 78 140 25 31 170 35 779 33 63 25 501 102
internal_value=-0.000904131 -0.00151422 -0.00113205 -0.000392437 -0.000366053 -9.52893e-10 -0.00019832 0.000230547 0.00209662 0.00278688 0.00621053 0.00192 -0.000249215 -0.000391852 -0.000916586 0.00106485 -0.000663901 0.00890566 -0.00204956 -4.91813e-05 0.00296154 0.000430437 0.00219737 -0.000108217 0.000471165 0.00269136 0.00422951 0.00759322 -0.001 0.00128938
internal_weight=6706 3058 2483 3648 1354 1220 1189 1040 413 365 113 74 3498 3337 2037 292 240 52 1129 243 103 1300 303 997 814 161 121 58 627 272
internal_count=6706 3058 2483 3648 1354 1220 1189 1040 413 365 113 74 3498 3337 2037 292 240 52 1129 243 103 1300 303 997 814 161 121 58 627 272
is_linear=0
shrinkage=0.04


Tree=91
num_leaves=31
num_cat=0
split_feature=7 0 18 13 12 15 11 10 12 11 11 0 1 3 3 14 13 3 20 5 3 20 1 0 17 18 7 6 5 10
split_gain=1.39024 1.26091 0.973985 1.12151 0.943586 0.676339 1.23664 1.28794 0.605903 0.965783 0.910746 1.15182 0.893347 0.627056 0.853796 0.582221 0.578768 0.739705 0.863687 0.827657 1.67131 0.925516 1.40899 2.48794 0.785055 1.7005 2.76041 1.94667 1.26278 0.945376
threshold=2.839583333333334 1.2500000000000002 0.91597561503675351 12.550000000000002 88.500000000000014 1.0000000180025095e-35 2.9500000000000006 6.4500000000000011 43.500000000000007 6.2500000000000009 19.550000000000004 4.4500000000000011 6.4500000000000011 9.0500000000000025 16.150000000000002 157.50000000000003 7.8500000000000005 4.9500000000000011 0.81174490092936691 16.650000000000002 7.9500000000000011 1.0000000180025095e-35 46.20000000000001 19.650000000000002 -0.5 -0.12940952255126037 3.2270833333333337 3.8333333333333304 3.5500000000000003 9.1500000000000004
decision_type=2 2 2 2 2 2 2 2 2 2 2 2 2 2 2 2 2 2 2 2 2 2 2 2 2 2 2 2 2 2
left_child=4 -2 16 5 -1 6 7 -4 10 15 11 -8 -12 -14 -15 -10 17 18 24 -19 -21 22 23 -22 25 -3 -27 28 -28 -26
right_child=1 2 3 -5 -6 -7 8 -9 9 -11 12 -13 13 14 -16 -17 -18 19 -20 20 21 -23 -24 -25 29 26 27 -29 -30 -31
leaf_value=-0.036686144061198439 -0.060722962905091389 -0.070928791786404669 0.044995539617408153 -0.048398829732062193 0.022830855211915659 -0.038014034298123341 0.051889489789047526 0.01044257044034024 -0.001721164962105135 -0.014736024591935223 -0.0059031096639465741 0.0049039014552949315 0.027105961319191404 -0.0092761307203218339 0.063043655072834701 0.18235879687844805 -0.020390507921459532 -0.0067958754074956083 -0.022730677695601144 0.083129511638416254 0.0066304138768948032 -0.015656902754773445 -0.07795408740047742 0.2175182930418405 -0.014461880335454346 0.12346283550717006 -0.012860010900358786 0.074230077882795703 0.018280399350241856 0.0029676541712762715
leaf_weight=770 202 125 37 97 35 69 25 37 57 102 92 34 28 63 27 28 788 2526 164 32 64 175 39 33 378 43 74 51 34 477
leaf_count=770 202 125 37 97 35 69 25 37 57 102 92 34 28 63 27 28 788 2526 164 32 64 175 39 33 378 43 74 51 34 477
internal_value=-0.000898167 -0.000685192 -0.000574738 0.000826398 -0.00245658 0.00147333 0.00195857 0.00672 0.00117287 -0.000574469 0.00238518 0.00673333 0.00113744 0.00342857 0.00175824 0.00255814 -0.000769785 -0.000583492 0.000190051 -0.000946342 0.000895348 -1.28215e-05 0.00245255 0.00502041 0.000568046 0.00223171 0.00449261 0.002025 -0.00102752 -7.00944e-05
internal_weight=6706 5901 5699 696 805 599 530 74 456 187 269 59 210 118 90 85 5003 4215 1346 2869 343 311 136 97 1182 327 202 159 108 855
internal_count=6706 5901 5699 696 805 599 530 74 456 187 269 59 210 118 90 85 5003 4215 1346 2869 343 311 136 97 1182 327 202 159 108 855
is_linear=0
shrinkage=0.04


Tree=92
num_leaves=31
num_cat=0
split_feature=8 10 9 16 15 11 17 18 13 6 8 0 0 9 3 8 20 9 3 0 8 18 3 8 10 9 9 16 16 13
split_gain=1.3037 1.11965 1.08685 0.860593 0.694121 1.80177 0.817131 1.05432 0.82138 0.917664 1.54438 1.04167 0.998698 0.842937 1.07156 1.08249 0.829341 0.808338 3.59791 0.718395 0.888443 0.860152 0.707446 0.683747 0.674908 0.662254 0.967536 0.919621 0.87605 0.836247
threshold=2.8500000000000001 1.8500000000000003 46.500000000000007 522.50000000000011 1.0000000180025095e-35 20.450000000000003 -0.37940952255126065 -0.12940952255126037 12.850000000000003 2.3999999999999964 3.8500000000000001 2.6500000000000008 4.0500000000000007 104.50000000000001 8.9500000000000011 10.15 -0.22252093395631442 65.500000000000014 4.9500000000000011 7.5500000000000007 8.1500000000000004 0.91597561503675351 22.700000000000006 12.450000000000001 14.65 77.500000000000014 71.500000000000014 112.50000000000001 52.500000000000007 3.6500000000000008
decision_type=2 2 2 2 2 2 2 2 2 2 2 2 2 2 2 2 2 2 2 2 2 2 2 2 2 2 2 2 2 2
left_child=1 3 -3 -1 6 -6 7 22 9 10 -8 -11 -13 14 19 -16 -15 18 -9 -14 -21 25 -2 -23 -17 26 27 29 -28 -22
right_child=4 2 -4 -5 5 -7 8 17 -10 11 -12 12 13 16 15 24 -18 -19 -20 20 21 23 -24 -25 -26 -27 28 -29 -30 -31
leaf_value=0.028842799438299153 -0.050421101616587666 0.041846165872230501 -0.046824019300940378 -0.0027505195591348182 -0.035485979367106756 0.07641788734380249 0.00061844366825357161 0.17941478689156395 -0.056782744406586323 0.045549447716908775 0.036744204122820645 -0.01988895003207318 -0.0021900437843985245 0.044818796385925612 -0.058149385809699174 0.0013415692483952756 0.00027960194540992876 -0.0037800501878445616 -0.023721750801656425 0.02264848710764512 -0.00015574260477120049 0.093868914254380084 0.011657163312593857 -0.0026387115331325513 -0.01259727473523499 -0.0062252982922181357 0.0027167012462220651 -0.026075541532116872 0.050302157638441897 0.017209080507631782
leaf_weight=36 779 33 947 254 528 38 84 37 121 27 40 352 892 54 183 446 65 758 71 29 273 36 31 26 142 131 48 61 33 151
leaf_count=36 779 33 947 254 528 38 84 37 121 27 40 352 892 54 183 446 65 758 71 29 273 36 31 26 142 131 48 61 33 151
internal_value=-0.000892203 -0.00204563 -0.00269113 0.000137456 -0.000622403 -0.00194709 -0.000468077 -0.00118307 -9.26457e-05 3.51324e-05 0.003392 -0.00010712 -0.000180637 9.33479e-05 -6.68851e-05 -0.00130052 0.00336667 -0.000212227 0.00300917 0.000499702 0.00137896 0.00111053 -0.00221948 0.0055873 -0.000461801 0.00070487 0.00129806 0.000617283 0.00531707 0.00128
internal_weight=6706 1270 980 290 5436 566 4870 1676 3194 3073 124 2949 2922 2570 2451 771 119 866 108 1680 788 759 810 62 588 697 566 485 81 424
internal_count=6706 1270 980 290 5436 566 4870 1676 3194 3073 124 2949 2922 2570 2451 771 119 866 108 1680 788 759 810 62 588 697 566 485 81 424
is_linear=0
shrinkage=0.04


Tree=93
num_leaves=31
num_cat=0
split_feature=7 0 12 18 17 9 4 6 3 6 9 14 3 3 3 16 7 12 14 20 9 9 20 8 2 4 20 9 20 12
split_gain=1.32378 1.11077 0.928987 0.798728 0.94012 0.840159 0.765963 1.31472 0.747476 1.21068 0.990948 0.867383 1.7617 0.818652 0.911745 0.714819 0.705476 0.62274 0.948267 0.596095 0.947638 0.721711 0.693429 1.64645 1.17527 0.690082 0.960738 0.556292 0.669067 1.14658
threshold=2.839583333333334 1.2500000000000002 88.500000000000014 -0.12940952255126037 1.0000000180025095e-35 76.500000000000014 7.9500000000000011 3.9999999999999996 7.0500000000000007 4.6333333333333302 73.500000000000014 153.50000000000003 5.5500000000000007 2.8500000000000001 2.2500000000000004 2167.5000000000005 2.9729166666666673 83.500000000000014 147.50000000000003 -0.22252093395631442 81.500000000000014 63.500000000000007 -0.56174490092936669 10.15 5.9500000000000011 4.6500000000000012 -0.56174490092936669 64.500000000000014 1.0000000180025095e-35 86.500000000000014
decision_type=2 2 2 2 2 2 2 2 2 2 2 2 2 2 2 2 2 2 2 2 2 2 2 2 2 2 2 2 2 2
left_child=2 -2 15 4 6 8 -3 -8 9 13 11 12 -11 14 -6 -1 -5 18 -10 20 21 22 23 -18 -24 26 -23 28 29 -13
right_child=1 3 -4 16 5 -7 7 -9 17 10 -12 27 -14 -15 -16 -17 19 -19 -20 -21 -22 25 24 -25 -26 -27 -28 -29 -30 -31
leaf_value=-0.042353099536395107 -0.058007721159170383 -0.051066920196331494 0.02131486991806069 0.064968597624023849 -0.022911161767938365 -0.042691339181102156 0.048291846965723625 -0.022501286045634856 0.054013562807352512 -0.0028146238598296615 0.097494058957452417 0.018654029238110884 0.052398534020842873 -0.060265232926231989 0.015821005131029658 0.010919941002894949 -0.012863275076970085 -0.023431948913083752 -0.0037610404637421799 -0.0025547432607526668 0.0074460574963768024 -0.0076793617404715764 0.1958189074455724 0.038897380212255549 -0.003387962486859328 -0.017800096151459631 0.034722941350382938 -0.0070216499678979541 -0.0014809945787151676 -0.062971561643154081
leaf_weight=745 202 708 35 45 45 153 38 445 41 27 30 127 27 123 34 25 150 237 400 1709 573 76 44 28 32 357 38 92 83 37
leaf_count=745 202 708 35 45 45 153 38 445 41 27 30 127 27 123 34 25 150 237 400 1709 573 76 44 28 32 357 38 92 83 37
internal_value=-0.000886239 -0.000678415 -0.00240695 -0.000574738 -0.00108308 -0.000400825 -0.00191611 -0.000685951 -7.05531e-05 0.000926517 0.00214151 0.00159391 0.00625454 -0.00161576 0.00155 -0.0026978 -0.00013364 -0.000989692 -9.95485e-05 -0.000208778 0.000437258 -0.000523417 0.00119216 -0.000178772 0.00436364 -0.00144915 0.00125217 0.000835293 0.00182258 0.00329697
internal_weight=6706 5901 805 5699 2647 1456 1191 483 1303 625 423 393 54 202 79 770 3052 678 441 3007 1298 725 254 178 76 471 114 339 247 164
internal_count=6706 5901 805 5699 2647 1456 1191 483 1303 625 423 393 54 202 79 770 3052 678 441 3007 1298 725 254 178 76 471 114 339 247 164
is_linear=0
shrinkage=0.04


Tree=94
num_leaves=31
num_cat=0
split_feature=7 0 12 0 16 18 11 4 17 11 13 2 14 0 2 12 1 17 2 4 6 1 3 14 10 16 3 11 9 4
split_gain=1.24884 1.11077 0.725236 1.43936 0.732771 0.620123 1.00058 1.26749 0.925102 1.01008 0.92224 1.12219 0.870272 0.892039 1.0185 0.98042 0.878231 1.51954 1.54003 0.785738 1.28417 0.725628 0.870241 0.933993 0.891472 0.759441 0.899924 1.04789 0.662908 0.741322
threshold=2.839583333333334 1.2500000000000002 86.500000000000014 2.4500000000000006 2167.5000000000005 -0.12940952255126037 -5.4499999999999993 4.8500000000000005 1.0000000180025095e-35 -0.24999999999999997 0.55000000000000016 7.8500000000000005 186.50000000000003 14.350000000000003 18.950000000000003 46.500000000000007 2.0500000000000003 -1.0000000180025095e-35 2.0500000000000003 7.9500000000000011 3.9999999999999996 2.8500000000000001 6.8500000000000005 198.50000000000003 4.5500000000000007 107.50000000000001 6.0500000000000007 4.5500000000000007 114.50000000000001 3.8500000000000001
decision_type=2 2 2 2 2 2 2 2 2 2 2 2 2 2 2 2 2 2 2 2 2 2 2 2 2 2 2 2 2 2
left_child=2 -2 4 -4 -1 8 7 -7 19 -10 11 -11 13 16 15 -15 17 18 -8 -3 -21 -12 23 24 -23 26 -26 -28 29 -14
right_child=1 5 3 -5 -6 6 12 -9 9 10 21 -13 28 14 -16 -17 -18 -19 -20 20 -22 22 -24 -25 25 -27 27 -29 -30 -31
leaf_value=-0.04538788376264126 -0.055687412312803559 -0.049024243388478245 -0.077022994371105935 0.027617141447380766 0.010483143362779165 0.036707025444420067 0.14877758038372291 -0.010782161704135684 -0.021045901024073374 0.044693474148293222 -0.054296232547595517 -0.0047911983382369749 -0.0029206560868330904 0.0010915162635188565 -0.023823027027325805 0.23049594267153808 -0.0074201351256330417 -0.041713404113731221 0.0018285160120541934 0.046360173087094697 -0.021601234603809444 0.095376558846706316 -0.0045184598979096839 -0.019157706605054739 0.0026494472481367244 -0.01876458780754417 0.036215943732942034 0.015250190484463483 -0.032506132500057239 0.0038708577707717733
leaf_weight=694 202 708 44 42 25 25 27 45 215 26 92 25 214 38 67 46 1499 71 45 38 445 26 629 118 225 43 25 32 50 925
leaf_count=694 202 708 44 42 25 25 27 45 215 26 92 25 214 38 67 46 1499 71 45 38 445 26 629 118 225 43 25 32 50 925
internal_value=-0.000880275 -0.000678415 -0.00235732 0.00110345 -0.00277222 -0.000574738 -0.000186047 0.00450704 -0.00102266 -0.000345917 9.33968e-05 0.00530769 -0.000297688 -0.000853959 0.00207895 0.00498823 -0.00112477 0.00186111 0.00591781 -0.00184899 -0.000603307 -0.000134342 0.000152865 0.00145532 0.00248864 0.00190184 0.00265724 0.00710345 0.000541176 0.00074035
internal_weight=6706 5901 805 86 719 5699 3052 70 2647 1456 1241 51 2982 1793 151 84 1642 143 72 1191 483 1190 1098 469 351 325 282 57 1189 1139
internal_count=6706 5901 805 86 719 5699 3052 70 2647 1456 1241 51 2982 1793 151 84 1642 143 72 1191 483 1190 1098 469 351 325 282 57 1189 1139
is_linear=0
shrinkage=0.04


Tree=95
num_leaves=31
num_cat=0
split_feature=0 11 5 19 11 3 13 14 9 14 3 6 4 5 5 3 6 14 4 5 4 12 4 20 19 15 5 4 0 19
split_gain=1.63701 1.03186 0.73651 0.638289 1.18286 0.913065 0.831842 0.96145 0.87675 1.1016 1.17609 1.33809 1.18428 2.18366 0.696242 0.690314 1.06931 0.958225 0.667303 0.893409 0.651285 0.839397 2.2928 1.99896 1.0278 0.842625 1.21229 0.623283 0.612548 0.643155
threshold=1.8500000000000003 -12.249999999999998 49.100000000000009 0.6078576107927941 8.1500000000000004 6.8500000000000005 5.4500000000000011 181.50000000000003 72.500000000000014 104.50000000000001 3.3500000000000001 9.8916666666666675 4.3500000000000005 9.9500000000000011 2.0500000000000003 30.850000000000005 19.491666666666671 200.50000000000003 23.000000000000004 10.850000000000003 3.2500000000000004 69.500000000000014 5.0500000000000007 1.0000000180025095e-35 -0.60785761079279388 1.0000000180025095e-35 6.2500000000000009 49.100000000000009 12.450000000000001 -0.60785761079279388
decision_type=2 2 2 2 2 2 2 2 2 2 2 2 2 2 2 2 2 2 2 2 2 2 2 2 2 2 2 2 2 2
left_child=-1 -2 3 4 5 28 7 8 9 -5 -11 12 -12 -14 -10 16 18 -18 19 20 -6 25 24 -24 -23 -22 -27 -4 29 -3
right_child=1 2 27 6 15 -7 -8 -9 14 10 11 -13 13 -15 -16 -17 17 -19 -20 -21 21 22 23 -25 -26 26 -28 -29 -30 -31
leaf_value=-0.04410520839145559 0.013616503602855063 0.0012676730434632553 -0.014331781188591724 -0.0083714176693284285 -0.010568348859944692 -0.017287443030694748 -0.038150883430371284 -0.013528991055970106 0.014492259359444029 -0.023765063891835234 0.018826850472599816 -0.0095918876839776387 0.050552192311651312 0.029992116274656963 -0.023136396654251982 -0.065827114810772913 0.012954973979610755 0.20422333471164539 0.19406802079867064 -0.0066892008312402088 0.00057007416268652317 0.024028111140308766 -0.026404949134962559 0.2278586237218346 0.093789322837377689 -0.013059574023472917 0.11110331367528513 0.25577495719295468 0.05378977335493685 -0.01367575001916051
leaf_weight=706 29 500 30 77 294 715 482 486 30 86 82 80 49 36 199 78 61 26 32 458 968 25 104 49 31 25 25 25 44 840
leaf_count=706 29 500 30 77 294 715 482 486 30 86 82 80 49 36 199 78 61 26 32 458 968 25 104 49 31 25 25 25 44 840
internal_value=-0.000816425 -0.000600638 -0.000637926 -0.000681286 -0.000425632 -0.00110286 -0.0013607 -0.000763766 0.000256249 0.00136253 0.00235928 0.00375806 0.00578571 0.00906977 -0.00172174 0.000227836 0.000365888 0.00468182 0.000176937 8.28273e-05 0.000549276 0.000954396 0.00325714 0.000701298 0.0101053 0.0004789 0.0054902 0.00392857 -0.000502528 -0.000656228
internal_weight=6672 5966 5937 5882 4275 2099 1607 1125 639 410 333 247 167 85 229 2176 2098 87 2011 1979 1521 1227 209 153 56 1018 50 55 1384 1340
internal_count=6672 5966 5937 5882 4275 2099 1607 1125 639 410 333 247 167 85 229 2176 2098 87 2011 1979 1521 1227 209 153 56 1018 50 55 1384 1340
is_linear=0
shrinkage=0.04


Tree=96
num_leaves=31
num_cat=0
split_feature=8 7 12 18 9 6 1 4 14 7 10 6 13 15 3 11 12 11 0 11 12 17 14 7 4 9 9 13 9 10
split_gain=1.61794 0.871513 1.09388 0.699618 0.666671 0.918368 1.31028 0.767693 0.665145 1.26447 1.03291 0.853884 1.17457 0.565251 0.561633 1.04214 1.61514 0.550935 1.03543 1.32205 0.704051 0.495799 0.520065 1.06877 0.602414 0.495665 0.475015 0.472807 0.91355 0.689586
threshold=1.4500000000000002 2.839583333333334 88.500000000000014 0.78656609248549303 98.500000000000014 2.2499999999999964 1.4500000000000002 3.1500000000000008 242.50000000000003 8.6937500000000014 0.65000000000000002 12.483333333333333 3.7500000000000004 0.15000000000000005 2.9500000000000006 1.7500000000000002 61.500000000000007 4.4500000000000011 7.6500000000000012 1.8500000000000003 69.500000000000014 -1.0000000180025095e-35 131.50000000000003 8.1395833333333361 5.3500000000000005 114.50000000000001 37.500000000000007 9.6500000000000004 104.50000000000001 3.3500000000000001
decision_type=2 2 2 2 2 2 2 2 2 2 2 2 2 2 2 2 2 2 2 2 2 2 2 2 2 2 2 2 2 2
left_child=-1 2 14 13 5 6 -5 -8 11 10 -10 12 -6 25 -2 -16 -17 18 20 -20 -7 22 -19 24 -24 26 -3 29 -29 -28
right_child=1 3 -4 4 8 17 7 -9 9 -11 -12 -13 -14 -15 15 16 -18 21 19 -21 -22 -23 23 -25 -26 -27 27 28 -30 -31
leaf_value=-0.048216645744292283 -0.046769765856139858 -0.029751013100507716 0.03595290645881738 -0.052339256350608751 0.018524620787924075 0.020457056118582517 0.035623869762231093 0.011148694598727495 0.03349627437352741 0.0093946748708013325 0.038885440567080612 0.14363589251575076 -0.014522559459934619 -0.022861774735091954 -0.055656216102908614 -0.046269116142121355 0.028377372179718984 -0.0078339718200569151 -0.0058632892520109397 0.2368159491865009 -0.014797135415323754 -0.017727698985507408 0.043574046750683076 0.034988899780365332 -0.029750152786159001 -0.028679960648491307 0.0031842259284483028 -0.041860723860687531 0.059054344933911145 -0.0022890133231330775
leaf_weight=352 488 103 29 26 35 40 28 35 27 56 25 34 154 314 65 40 42 97 25 27 113 318 25 38 41 68 488 329 25 3185
leaf_count=352 488 103 29 26 35 40 28 35 27 56 25 34 154 314 65 40 42 97 25 27 113 318 25 38 41 68 488 329 25 3185
internal_value=-0.000786454 -0.00063914 -0.00200902 -0.000477993 0.000405239 -0.000211303 0.0036 0.0066875 0.00191566 0.00447706 0.00890566 0.000660713 -0.000400001 -0.000701973 -0.00235849 -0.00018919 0.00279518 -0.000684139 0.00106796 0.00588679 -0.000597404 -0.00137692 0.000178217 0.00213333 -0.000955225 -0.000579186 -0.000522877 -0.000453824 -0.00184789 -0.000318999
internal_weight=6672 6320 664 5656 1144 813 89 63 331 108 52 223 189 4512 635 147 82 724 205 52 153 519 201 104 66 4198 4130 4027 354 3673
internal_count=6672 6320 664 5656 1144 813 89 63 331 108 52 223 189 4512 635 147 82 724 205 52 153 519 201 104 66 4198 4130 4027 354 3673
is_linear=0
shrinkage=0.04


Tree=97
num_leaves=31
num_cat=0
split_feature=8 15 11 11 11 12 6 16 14 11 13 9 12 11 4 10 8 9 0 3 7 13 13 12 5 7 5 7 11 20
split_gain=1.58862 0.710422 1.42219 0.780231 0.880136 1.1247 1.16547 0.877437 0.883886 0.673831 0.510366 0.528918 0.486555 1.06095 2.15044 0.780702 0.923172 0.870536 0.829602 0.661549 1.86438 1.00971 1.41793 1.09305 0.902959 0.887576 0.880724 1.20245 0.877648 1.60275
threshold=1.4500000000000002 1.0000000180025095e-35 20.450000000000003 -12.249999999999998 -1.4499999999999997 77.500000000000014 3.8333333333333304 12.500000000000002 224.50000000000003 -4.7499999999999991 14.15 38.500000000000007 69.500000000000014 17.150000000000002 13.050000000000002 3.3500000000000001 2.8500000000000001 74.500000000000014 2.8500000000000001 8.9500000000000011 11.483333333333334 5.4500000000000011 3.9500000000000006 79.500000000000014 2.1500000000000008 6.5437500000000011 6.5500000000000007 4.4895833333333348 3.9500000000000006 -0.22252093395631442
decision_type=2 2 2 2 2 2 2 2 2 2 2 2 2 2 2 2 2 2 2 2 2 2 2 2 2 2 2 2 2 2
left_child=-1 3 -3 -2 5 6 9 8 -6 -5 11 -9 -13 15 -15 17 -17 -14 -18 20 21 22 26 -24 -21 28 -20 -28 29 -25
right_child=1 2 -4 4 7 -7 -8 10 -10 -11 -12 12 13 14 -16 16 18 -19 19 24 -22 -23 23 25 -26 -27 27 -29 -30 -31
leaf_value=-0.046287979914520605 0.019378450882207906 -0.030429142924356358 0.081739674011159599 0.020398722479308917 0.005198579750138088 -0.042465795972184243 -0.0085836297564317009 -0.024263860767907187 0.079532076646850206 -0.014070386398513603 -0.055622266573463718 -0.002826093753528592 0.21755118296248069 0.081917894708336422 -0.009443250234065885 -0.045710370420586788 0.041621355814527493 -0.011913317007759753 0.0019673186061224179 0.044145490584271134 0.097145761269436678 -0.056489326442429953 -0.0015322793477047956 0.043533371201122967 -0.014885583852685244 0.040315438185816559 0.03022027875961977 -0.014178833048056741 -0.011533826077284554 0.014912531742837926
leaf_weight=352 27 623 44 25 53 335 158 121 30 25 156 2839 25 44 27 278 40 30 411 30 26 153 95 29 337 38 31 182 49 59
leaf_count=352 27 623 44 25 53 335 158 121 30 25 156 2839 25 44 27 278 40 30 411 30 26 153 95 29 337 38 31 182 49 59
internal_value=-0.000810431 -0.000664453 -0.0018982 -0.000518572 -0.000551627 -0.00208088 0.000229664 -0.000387885 0.00366667 0.0054902 -0.00045591 -0.000383076 -0.000315835 0.000182492 0.00494444 -6.61617e-06 -0.000154634 0.00464286 0.000243078 8.32746e-05 0.000584729 0.000316793 0.000831284 0.00324723 -0.00138044 0.00511364 -0.000217601 -0.00229907 0.00356522 0.00593258
internal_weight=6672 6320 667 5653 5626 543 208 5083 83 50 5000 4844 4723 1884 71 1813 1758 55 1480 1440 1073 1047 894 270 367 175 624 213 137 88
internal_count=6672 6320 667 5653 5626 543 208 5083 83 50 5000 4844 4723 1884 71 1813 1758 55 1480 1440 1073 1047 894 270 367 175 624 213 137 88
is_linear=0
shrinkage=0.04


Tree=98
num_leaves=31
num_cat=0
split_feature=8 7 18 7 3 4 6 7 0 11 17 13 4 7 2 11 17 9 20 3 16 11 14 14 2 5 3 3 9 13
split_gain=1.42593 0.742931 0.55173 0.739964 2.34917 1.77266 1.24311 1.59782 0.574437 0.945508 0.866025 0.905181 1.03962 0.672632 1.06478 0.544106 0.902177 1.34713 0.740045 2.20399 1.81799 2.03315 0.722355 0.699557 1.33249 1.55914 1.20354 0.695233 0.727395 0.680889
threshold=1.4500000000000002 2.4770833333333337 0.78656609248549303 4.8229166666666679 3.7500000000000004 2.9500000000000006 2.6499999999999964 3.8770833333333337 8.8500000000000032 31.550000000000004 -1.0000000180025095e-35 4.1500000000000012 7.2500000000000009 7.6187500000000012 5.3500000000000005 13.250000000000002 -0.98296291314453399 78.500000000000014 -0.56174490092936669 5.6500000000000012 217.50000000000003 18.850000000000005 163.50000000000003 149.50000000000003 2.8500000000000001 7.4500000000000011 3.1500000000000008 8.4500000000000011 61.500000000000007 5.2500000000000009
decision_type=2 2 2 2 2 2 2 2 2 2 2 2 2 2 2 2 2 2 2 2 2 2 2 2 2 2 2 2 2 2
left_child=-1 -2 15 4 6 -6 7 -4 10 -10 11 12 -5 -13 -15 23 17 -17 19 20 21 -18 -21 24 25 26 -3 -24 -29 -25
right_child=1 2 3 8 5 -7 -8 -9 9 -11 -12 13 -14 14 -16 16 18 -19 -20 22 -22 -23 27 29 -26 -27 -28 28 -30 -31
leaf_value=-0.044436460717939781 -0.034223779653741813 -0.020923283820147374 0.00048452105017949637 0.089238342102322607 0.20052969949840294 0.012028338703604235 -0.018773879662785212 0.032939737455238739 0.0010802658074623662 0.048775270749919893 -0.0092246925607733839 -0.019066312284356134 0.0012388349484667776 0.035228269028866027 -0.0049138291386619697 0.13760598900400006 0.0084482588833563309 0.0012277259565650533 -0.0029916760412869088 -0.069607622104109743 -0.0067764494189877468 0.20546929496220631 -0.027133496958912914 -0.0062572058497500438 -0.0085744170518968418 0.037448797957079359 0.086886151074905202 0.017346359428521446 -0.0016081876581914727 -0.062448864651054613
leaf_weight=352 395 68 111 27 27 40 129 33 207 30 350 98 50 25 68 30 44 80 1277 84 49 35 93 1526 743 31 42 80 141 407
leaf_count=352 395 68 111 27 27 40 129 33 207 30 350 98 50 25 68 30 44 80 1277 84 49 35 93 1526 743 31 42 80 141 407
internal_value=-0.000834408 -0.000696093 -0.000583869 0.000183946 0.00175953 0.00841176 0.000102189 0.00264827 -0.000443926 0.00122689 -0.00108562 0.000624534 0.00425641 -0.000854168 0.00157447 -0.000777849 -0.000257054 0.00324324 -0.000472285 0.000789373 0.00533333 0.00905 -0.000681705 -0.0011313 -0.000198871 0.00335211 0.00108108 0.000203174 0.00142342 -0.00155739
internal_weight=6672 6320 5925 1195 340 67 273 144 855 237 618 268 77 191 93 4730 1913 110 1803 526 128 79 398 2817 884 141 110 314 221 1933
internal_count=6672 6320 5925 1195 340 67 273 144 855 237 618 268 77 191 93 4730 1913 110 1803 526 128 79 398 2817 884 141 110 314 221 1933
is_linear=0
shrinkage=0.04


Tree=99
num_leaves=31
num_cat=0
split_feature=0 11 12 11 14 9 10 5 10 11 12 2 13 9 20 6 5 11 19 12 13 13 2 9 10 11 14 5 14 19
split_gain=1.01045 0.702662 0.590484 0.583716 0.813728 0.693141 1.2714 1.4238 0.653776 0.546305 0.880048 1.31166 0.519236 0.808465 1.17204 1.40062 0.517785 0.374559 1.02139 1.03192 0.937394 0.746023 0.850942 0.990822 1.67347 0.930636 1.47983 0.972367 0.71774 0.646805
threshold=1.8500000000000003 -12.249999999999998 92.500000000000014 3.9500000000000006 153.50000000000003 83.500000000000014 3.9500000000000006 2.1500000000000008 0.45000000000000007 -1.4499999999999997 77.500000000000014 3.2500000000000004 0.55000000000000016 67.500000000000014 -0.22252093395631442 7.2999999999999998 9.1500000000000004 13.250000000000002 0.6078576107927941 77.500000000000014 5.2500000000000009 3.9500000000000006 10.15 67.500000000000014 5.7500000000000009 3.8500000000000001 153.50000000000003 4.7500000000000009 179.50000000000003 -1.0000000180025095e-35
decision_type=2 2 2 2 2 2 2 2 2 2 2 2 2 2 2 2 2 2 2 2 2 2 2 2 2 2 2 2 2 2
left_child=3 -2 9 -1 5 6 7 -5 -6 10 11 -3 13 14 -11 -16 -13 20 -19 -20 21 -14 23 24 -23 26 -26 -27 -28 -22
right_child=1 2 -4 4 8 -7 -8 -9 -10 12 -12 16 17 -15 15 -17 -18 18 19 -21 29 22 -24 -25 25 27 28 -29 -30 -31
leaf_value=-0.060848624924967905 0.012638554190367914 0.014971025854049427 -0.035850065961960366 -0.0014079802227586794 0.010769806619231707 -0.027484269966673486 -0.038385870982502242 0.11452365299028888 -0.047379315320558987 -0.0033129818518063091 -0.038024380306644415 -0.020130109020494797 -0.0045809738791028854 -0.002639783127955981 0.042051594045037659 0.010774896370426041 0.0033618367390354305 0.00094029158659297233 -0.017767432897767294 0.071269525703928527 -0.012780911088141158 0.10719030776770279 -0.048095509120429425 -0.0046527479753874952 0.049042259756882658 0.020279699981221016 -0.03582095633431339 -0.021243939916658797 0.029329122244060965 -0.039930836859669819
leaf_weight=244 29 30 128 29 27 46 46 31 283 69 308 142 1389 73 25 28 41 1737 624 42 335 49 80 202 38 48 30 68 32 419
leaf_count=244 29 30 128 29 27 46 46 31 283 69 308 142 1389 73 25 28 41 1737 624 42 335 49 80 202 38 48 30 68 32 419
internal_value=-0.000810431 -0.000640859 -0.000671608 -0.00224045 -0.00139957 0.000993463 0.00276635 0.00655738 -0.00257235 -0.000612049 -0.00184674 0.00013084 -0.000490075 0.00153061 0.00351219 0.00792592 -0.00115217 -0.000567728 -0.00020466 -0.00153523 -0.000891863 -0.000425401 0.000824817 0.00147863 0.00308271 0.00154839 0.00435643 -0.00088889 0.000507936 -0.00208742
internal_weight=6672 5966 5937 706 462 152 106 60 310 5809 521 213 5288 195 122 53 183 5093 2403 666 2690 1936 547 467 265 216 100 116 62 754
internal_count=6672 5966 5937 706 462 152 106 60 310 5809 521 213 5288 195 122 53 183 5093 2403 666 2690 1936 547 467 265 216 100 116 62 754
is_linear=0
shrinkage=0.04


Tree=100
num_leaves=31
num_cat=0
split_feature=0 7 19 17 3 7 7 5 4 18 14 4 3 3 9 12 7 7 2 8 19 1 12 11 10 19 12 9 11 18
split_gain=0.930946 1.22697 0.903679 1.15379 0.915877 1.55105 2.20918 1.94145 1.11142 1.04643 0.931167 0.918518 0.81313 0.898144 0.796427 1.35233 2.02248 2.27262 0.745452 0.730645 0.913133 1.62618 0.699297 0.64737 0.722863 1.16625 0.640412 0.634791 0.63252 0.626063
threshold=7.5500000000000007 4.2770833333333345 -1.0000000180025095e-35 -0.25881904510252113 5.2500000000000009 5.2854166666666673 5.8729166666666677 8.1500000000000004 9.6500000000000004 -0.3794095225512602 43.500000000000007 2.2500000000000004 4.5500000000000007 1.9500000000000002 46.500000000000007 76.500000000000014 5.9479166666666679 4.3104166666666677 4.6500000000000012 1.6500000000000001 -0.60785761079279388 3.2500000000000004 91.500000000000014 -1.6499999999999997 11.550000000000002 0.87837969732492682 91.500000000000014 65.500000000000014 5.7500000000000009 0.37940952255126048
decision_type=2 2 2 2 2 2 2 2 2 2 2 2 2 2 2 2 2 2 2 2 2 2 2 2 2 2 2 2 2 2
left_child=2 12 3 4 5 7 -7 9 -6 -1 -10 -11 13 -2 15 -4 17 -17 -3 -13 -21 -22 -20 -16 26 27 29 -26 -8 -25
right_child=1 18 14 -5 8 6 28 -9 10 11 -12 19 -14 -15 23 16 -18 -19 22 20 21 -23 -24 24 25 -27 -28 -29 -30 -31
leaf_value=-0.079708732414438807 0.031704337362849729 0.039584454841730392 -0.044409538347960881 -0.014435005595716362 -0.03994008932484118 0.12216221605361482 -0.04227551393117094 0.058370007987883679 0.050769009671587685 0.090198611023787886 9.2353714990829971e-05 -0.054073451943286034 0.1796758101900035 -0.065782960905577878 -0.040799731781881274 -0.012234395135601824 -0.084751691770050666 0.046823891480085637 -0.0014848027297383471 -0.0068533883709464699 0.027075823236474676 -0.0062442676399812914 -0.054710986178592769 -0.033733472170181869 -0.027236918375664998 0.044554217727657851 0.018537469928120873 0.020124073668015871 0.056498708083415922 -0.0055626752970991252
leaf_weight=87 29 59 46 944 217 31 28 26 29 47 106 70 28 33 232 25 28 25 2236 101 34 25 107 939 83 46 38 31 38 933
leaf_count=87 29 59 46 944 217 31 28 26 29 47 106 70 28 33 232 25 28 25 2236 101 34 25 107 939 83 46 38 31 38 933
internal_value=-0.000776486 -0.000163659 -0.00113919 -0.000455158 0.000623809 0.0017459 0.0062449 0.00061381 -0.000929179 -0.000153426 0.00191176 0.00105036 0.0043956 0.00177778 -0.00164153 0.001472 0.00465823 0.00941176 -0.000336247 -9.49546e-10 0.00149068 0.0054 -0.000448806 -0.00180981 -0.00158378 0.000993788 -0.00180011 -0.00118261 0.00202985 -0.00190497
internal_weight=6701 2492 4209 1783 839 487 97 390 352 364 135 277 90 62 2426 124 78 50 2402 230 160 59 2343 2302 2070 160 1910 114 66 1872
internal_count=6701 2492 4209 1783 839 487 97 390 352 364 135 277 90 62 2426 124 78 50 2402 230 160 59 2343 2302 2070 160 1910 114 66 1872
is_linear=0
shrinkage=0.04


Tree=101
num_leaves=31
num_cat=0
split_feature=0 11 11 17 6 19 18 16 0 10 5 14 5 19 1 5 12 4 3 3 4 17 1 11 2 0 0 6 18 4
split_gain=1.03701 0.763124 0.721645 1.02265 1.23816 0.967912 0.89478 1.58837 0.83649 1.16213 0.843061 0.740708 1.53436 0.866 2.16769 2.33012 2.06571 0.893754 0.721111 1.85844 2.46289 0.803449 0.711548 0.627798 1.43041 0.729059 0.693509 0.985277 1.49446 2.79477
threshold=0.95000000000000007 -12.249999999999998 13.450000000000001 -0.98296291314453399 5.2083333333333321 0.6078576107927941 0.60355339059327384 27.500000000000004 2.9500000000000006 6.6500000000000012 5.9500000000000011 155.50000000000003 15.950000000000001 -0.60785761079279388 5.7500000000000009 4.6500000000000012 81.500000000000014 4.0500000000000007 5.3500000000000005 4.2500000000000009 4.5500000000000007 -1.0000000180025095e-35 2.2500000000000004 14.750000000000002 4.7500000000000009 12.550000000000002 5.2500000000000009 6.2916666666666643 0.25881904510252057 3.6500000000000008
decision_type=2 2 2 2 2 2 2 2 2 2 2 2 2 2 2 2 2 2 2 2 2 2 2 2 2 2 2 2 2 2
left_child=-1 -2 6 4 -4 23 11 8 -8 -10 -11 12 13 14 15 17 -17 -3 19 -9 -21 -22 -13 24 -5 -26 -25 28 29 -28
right_child=1 2 3 5 -6 -7 7 18 9 10 -12 22 -14 -15 -16 16 -18 -19 -20 20 21 -23 -24 26 25 -27 27 -29 -30 -31
leaf_value=-0.053273268630829804 0.015299927577213586 0.079471600222664723 0.020650727607328903 0.034714512769827968 0.0060419130016220483 -0.007310929164073803 -0.0073689103027519973 -0.0030264399744194355 0.050040625356793857 -0.002740635093829203 0.024061683393774871 -0.058560273254905364 0.039025826379643219 -0.020566658348140376 -0.0094087406705746172 0.30337763111138855 0.0097556616534027508 -0.037988073550870062 -0.027003898410620036 0.17272486531405623 0.088214860322915159 -0.04136201023696856 -0.013112375410888718 -0.013206479869669073 -0.03289548855659085 0.025228966074308815 -0.010619907517047975 -0.0013306234598206826 0.00048994772703630368 0.10568169886448855
leaf_weight=202 28 38 26 39 92 706 43 486 29 48 43 255 28 664 149 25 27 56 232 26 35 29 1673 425 49 26 30 1072 93 27
leaf_count=202 28 38 26 39 92 706 43 486 29 48 43 255 28 664 149 25 27 56 232 26 35 29 1673 425 49 26 30 1072 93 27
internal_value=-0.000770517 -0.000682462 -0.000711373 -0.00019335 0.00342857 -0.00036791 -0.00105583 -4.11618e-06 0.00358536 0.00528926 0.003 -0.00140604 -0.000514171 -0.000787501 0.00101351 0.00446258 0.0111698 0.000673683 -0.000731769 2.77287e-05 0.00527472 0.000984614 -0.00186211 0.000133938 0.0029913 -0.000263159 -6.55349e-05 0.000418642 0.00344371 0.00848276
internal_weight=6701 6499 6471 2585 118 2467 3886 971 163 120 91 2915 987 959 295 146 52 94 808 576 90 64 1928 1761 114 75 1647 1222 150 57
internal_count=6701 6499 6471 2585 118 2467 3886 971 163 120 91 2915 987 959 295 146 52 94 808 576 90 64 1928 1761 114 75 1647 1222 150 57
is_linear=0
shrinkage=0.04


Tree=102
num_leaves=31
num_cat=0
split_feature=0 6 14 9 12 12 8 0 1 19 5 16 16 9 12 20 5 5 14 13 8 8 14 10 14 3 13 4 13 14
split_gain=1.24516 1.11935 0.77028 1.01497 1.23291 1.24193 0.785138 0.612785 0.57225 0.627526 1.09709 1.23771 0.91886 0.848323 1.40433 1.55932 0.706113 0.826904 1.23976 1.03459 1.00277 1.27947 0.975336 0.882562 0.780711 2.1777 0.749439 0.685318 0.690691 0.826624
threshold=7.5500000000000007 7.3500000000000005 268.50000000000006 75.500000000000014 77.500000000000014 64.500000000000014 8.7500000000000018 0.95000000000000007 7.1500000000000012 -1.0000000180025095e-35 0.95000000000000007 217.50000000000003 2167.5000000000005 52.500000000000007 81.500000000000014 1.0000000180025095e-35 2.7500000000000004 5.5500000000000007 335.50000000000006 3.9500000000000006 3.9500000000000006 7.0500000000000007 192.50000000000003 4.7500000000000009 131.50000000000003 2.4500000000000006 5.1500000000000012 14.15 0.55000000000000016 242.50000000000003
decision_type=2 2 2 2 2 2 2 2 2 2 2 2 2 2 2 2 2 2 2 2 2 2 2 2 2 2 2 2 2 2
left_child=7 2 3 4 5 -2 -6 -1 9 12 11 -11 16 14 -12 -16 -9 18 19 22 26 23 -18 -22 25 -19 -21 28 29 -15
right_child=1 -3 -4 -5 6 -7 -8 8 -10 10 13 -13 -14 27 15 -17 17 24 -20 20 21 -23 -24 -25 -26 -27 -28 -29 -30 -31
leaf_value=-0.051142337885596627 0.001631737804179057 -0.0018420035277913816 0.011973611562889402 -0.0047957527576201406 0.013632714306612115 0.091520503611569548 -0.041125847636181309 -0.016527974694581057 -0.041425382960095909 0.043210476344716808 -0.016566859676563957 -0.092600167260403737 0.011790702092066528 0.024802593026019976 0.043944950754645537 -0.041736465684947835 -0.011147639283505355 0.057744804264738207 0.36601398351577347 0.038062054407789606 0.042980043077537763 -0.0033343105971964334 0.0024520694427765345 0.03188432126004518 -0.017168401698546866 -0.008752487649544758 -0.035322541120201029 0.01238039906131053 -0.019607319440753463 -0.012222044386263137
leaf_weight=202 41 2203 33 85 38 40 52 425 284 39 116 30 36 50 37 43 192 28 26 30 46 40 68 43 436 108 85 55 1763 27
leaf_count=202 41 2203 33 85 38 40 52 425 284 39 116 30 36 50 37 43 192 28 26 30 46 40 68 43 436 108 85 55 1763 27
internal_value=-0.000824233 -0.000115524 0.00222069 0.00146303 0.00323256 0.00678049 -9.43194e-10 -0.00124371 -0.00113473 -0.00100215 -0.00144378 0.00348571 -0.000391305 -0.00160803 0.0008934 0.00493827 -0.000541886 -7.2539e-06 0.00112994 0.000681187 0.00254694 0.00495385 -0.0010728 0.0076 -0.00106108 0.00157664 -0.000172415 -0.00186709 -0.00199891 0.00169231
internal_weight=6701 2492 289 256 171 81 90 4209 4007 3723 2160 69 1563 2091 196 80 1527 1102 530 504 244 129 260 89 572 136 115 1895 1840 77
internal_count=6701 2492 289 256 171 81 90 4209 4007 3723 2160 69 1563 2091 196 80 1527 1102 530 504 244 129 260 89 572 136 115 1895 1840 77
is_linear=0
shrinkage=0.04


Tree=103
num_leaves=31
num_cat=0
split_feature=0 6 14 4 0 8 11 1 18 17 9 5 16 12 20 5 6 11 0 5 5 7 2 4 7 7 16 14 11 5
split_gain=1.1753 0.897921 0.847816 0.756977 0.900892 1.33953 0.630839 0.593233 0.612085 1.09635 2.09117 1.42226 1.21263 0.816776 0.890472 1.35176 2.01115 1.04298 1.04479 0.767661 0.69087 1.56559 1.45872 1.15465 0.758334 0.885191 1.33386 0.673656 2.0408 0.622518
threshold=7.5500000000000007 7.3500000000000005 268.50000000000006 7.9500000000000011 9.7500000000000018 8.7500000000000018 32.850000000000001 0.95000000000000007 -0.12940952255126037 -1.0000000180025095e-35 55.500000000000007 12.15 12.500000000000002 85.500000000000014 -0.22252093395631442 5.4500000000000011 2.6499999999999964 1.9500000000000002 3.5500000000000003 3.7500000000000004 3.8500000000000001 7.9437500000000005 1.4500000000000002 12.250000000000002 6.1062500000000011 5.5187500000000007 1497.5000000000002 131.50000000000003 4.6500000000000012 8.4500000000000011
decision_type=2 2 2 2 2 2 2 2 2 2 2 2 2 2 2 2 2 2 2 2 2 2 2 2 2 2 2 2 2 2
left_child=7 2 3 4 5 -2 -3 -1 13 10 -10 20 -11 19 29 16 -16 -18 -19 -9 21 22 -12 -23 25 -24 -27 28 -21 -15
right_child=1 6 -4 -5 -6 -7 -8 8 9 12 11 -13 -14 14 15 -17 17 18 -20 27 -22 23 24 -25 -26 26 -28 -29 -30 -31
leaf_value=-0.053629049621674481 0.021626924315338518 -0.0019500390550716527 0.011494667100373803 -0.0072774726389589197 0.10693937365978824 -0.01238894505894206 0.041411864216086586 -0.041937783658516276 0.14286049518030783 0.023983045339432629 0.016423773185710717 0.038808891078710162 -0.014875244537501555 -0.061618297135063137 -0.082627780603722431 -0.030291676412881909 0.0036305174185519004 0.049195116722130616 0.023478082250622728 0.045319822190198505 -0.0058068945315978785 0.064086328026465772 -0.002665415168153371 -0.0051651561236883978 -0.03517174049074253 0.032278756808358809 -0.082140645552083877 -0.022631892617224699 -0.029903199041601922 0.0070563992856185545
leaf_weight=198 49 2167 33 62 36 109 36 459 39 25 33 28 1103 155 40 97 51 25 34 26 456 29 464 26 92 35 26 665 54 49
leaf_count=198 49 2167 33 62 36 109 36 459 39 25 33 28 1103 155 40 97 51 25 34 26 456 29 464 26 92 35 26 665 54 49
internal_value=-0.000836169 -0.000147614 0.00194483 0.00115175 0.00237949 0.0010566 -0.000422868 -0.00124371 -0.00113759 -0.000722954 0.000104149 -0.00019832 -0.00162268 -0.00172705 -0.000274337 0.00133871 0.00370861 0.00648649 0.0100667 -0.00227054 -0.000416524 0.000368271 -0.000184333 0.00678571 -0.000627833 -3.80238e-05 0.00445161 -0.00147453 0.00197531 -0.00222439
internal_weight=6701 2492 289 256 194 158 2203 4209 4011 2356 1228 1189 1128 1655 451 247 150 110 59 1204 1161 705 650 55 617 525 61 745 80 204
internal_count=6701 2492 289 256 194 158 2203 4209 4011 2356 1228 1189 1128 1655 451 247 150 110 59 1204 1161 705 650 55 617 525 61 745 80 204
is_linear=0
shrinkage=0.04


Tree=104
num_leaves=31
num_cat=0
split_feature=0 14 2 11 11 13 12 5 6 4 18 7 6 5 1 11 14 12 11 17 13 13 3 20 14 18 20 0 13 5
split_gain=0.995339 1.11088 1.11961 0.755125 0.611442 1.13227 1.16694 1.67392 1.57594 1.06377 0.622618 0.69045 1.33067 0.594422 0.855676 0.834476 1.3238 1.30078 0.533069 0.931134 0.836355 1.18131 0.631584 0.674749 0.835766 1.4935 1.9724 0.873471 0.830835 0.803315
threshold=1.8500000000000003 69.500000000000014 1.9500000000000002 -12.249999999999998 -0.94999999999999984 0.65000000000000002 64.500000000000014 4.9500000000000011 2.9333333333333296 5.3500000000000005 0.91597561503675351 4.6312500000000005 4.091666666666665 1.3500000000000003 2.4500000000000006 3.7500000000000004 138.50000000000003 60.500000000000007 13.250000000000002 -0.98296291314453399 5.1500000000000012 5.0500000000000007 9.3500000000000032 -0.56174490092936669 162.50000000000003 -0.60355339059327384 0.81174490092936691 5.0500000000000007 3.3500000000000001 4.3500000000000005
decision_type=2 2 2 2 2 2 2 2 2 2 2 2 2 2 2 2 2 2 2 2 2 2 2 2 2 2 2 2 2 2
left_child=1 2 -1 -2 10 6 -6 8 -8 -9 11 -5 -13 14 -7 -16 -17 -18 20 -20 21 22 23 -15 25 26 27 -25 -27 -30
right_child=3 -3 -4 4 5 13 7 9 -10 -11 -12 12 -14 18 15 16 17 -19 19 -21 -22 -23 -24 24 -26 28 -28 -29 29 -31
leaf_value=0.022977771359612698 0.01421755743895506 -0.039822500670217746 -0.037700796961523161 -0.046957004081980371 -0.0097953991729482458 -0.028077528222455669 0.0074932384956302193 0.082656806703922961 -0.026465417401776787 0.002298687422858838 0.01346402735028885 0.0089064033797401996 -0.0077873213078620811 -0.014163863467518039 -0.014194825139225369 -0.0057910131634350912 0.0038724412589698372 0.059105132967000582 0.01419181044086721 -0.0018822870589107346 -0.030405159424094306 0.036590329965835319 -0.034626147909358383 0.043376393079189127 -0.002231242784176129 -0.016461927029602585 -0.033352099762893356 0.016004550310498748 0.067570379105377651 -0.0062174767320830526
leaf_weight=47 28 601 40 242 98 58 28 43 76 30 40 28 324 434 38 43 29 29 110 2280 733 39 331 36 525 186 25 37 60 83
leaf_count=47 28 601 40 242 98 58 28 43 76 30 40 28 324 434 38 43 29 29 110 2280 733 39 331 36 525 186 25 37 60 83
internal_value=-0.000812296 -0.00225254 0.00195454 -0.000647158 -0.00067825 -0.000538865 0.00195652 0.00388764 0.000609523 0.00848649 -0.00185197 -0.00217815 -0.00104249 -0.000674415 0.00147475 0.00317143 0.00505882 0.00894915 -0.000761476 -0.000334589 -0.00117109 -0.000696643 -0.000854483 -0.000478732 0.000117523 0.00142991 0.00573737 0.00902703 0.000133332 0.00241667
internal_weight=6701 688 87 6013 5985 5351 275 177 104 73 634 594 352 5076 197 139 101 58 4879 2390 2489 1756 1717 1386 952 427 98 73 329 143
internal_count=6701 688 87 6013 5985 5351 275 177 104 73 634 594 352 5076 197 139 101 58 4879 2390 2489 1756 1717 1386 952 427 98 73 329 143
is_linear=0
shrinkage=0.04


Tree=105
num_leaves=31
num_cat=0
split_feature=0 18 10 13 2 16 8 8 13 9 10 18 14 17 19 3 3 3 7 16 13 14 19 4 3 9 16 2 12 9
split_gain=1.05279 0.780728 1.13018 1.48653 1.76645 0.848516 0.861625 0.62458 0.607403 0.598566 1.22672 1.85445 2.19127 0.596783 0.95506 1.27181 1.18858 0.694932 0.941469 0.909002 1.11715 0.650915 0.912433 0.596959 1.70995 0.960174 0.772562 0.839931 0.661765 0.562004
threshold=8.5500000000000025 0.60355339059327384 11.550000000000002 3.7500000000000004 4.6500000000000012 1927.5000000000002 3.3500000000000001 4.4500000000000011 17.150000000000002 79.500000000000014 2.1500000000000008 -0.12940952255126037 196.50000000000003 -1.0000000180025095e-35 -0.8783796973249266 3.5500000000000003 5.2500000000000009 6.9500000000000011 7.8770833333333341 2107.5000000000005 8.8500000000000032 86.500000000000014 0.6078576107927941 4.8500000000000005 3.6500000000000008 91.500000000000014 712.50000000000011 5.4500000000000011 75.500000000000014 71.500000000000014
decision_type=2 2 2 2 2 2 2 2 2 2 2 2 2 2 2 2 2 2 2 2 2 2 2 2 2 2 2 2 2 2
left_child=1 2 5 7 -5 9 -7 -4 13 10 11 -1 -13 14 15 -3 -17 18 19 21 -21 22 -16 24 -15 -25 27 -27 -26 -9
right_child=-2 8 3 4 -6 6 -8 29 -10 -11 -12 12 -14 23 17 16 -18 -19 -20 20 -22 -23 -24 25 28 26 -28 -29 -30 -31
leaf_value=-0.058583817548450094 0.00021362608051557136 -0.018889020191336141 -0.047369980714266992 0.028901654078222795 -0.0011024354972671859 0.021674503435384775 -0.0011162501662874012 -0.0032423767814635579 -0.084731699300058527 -0.041454350678258541 -0.019048901058892526 0.081646315181903115 0.0010071913118925445 -0.0017068205749466723 -0.0012478217344494811 0.23095308909212464 0.017989673227783762 -0.0061617382210172366 0.033257005611772326 -0.011393254459582764 0.063509030117519905 -0.0067382980747671961 0.053497961892924197 -0.033541342573492235 0.039480019561431531 0.0099592475621580242 -0.022389183506762819 -0.0097928129997287266 0.012238718847354349 0.025205700220031099
leaf_weight=45 2017 36 78 47 54 25 31 244 70 588 1901 26 47 316 59 29 36 213 25 26 30 201 34 250 25 50 68 44 25 30
leaf_count=45 2017 36 78 47 54 25 31 244 70 588 1901 26 47 316 59 29 36 213 25 26 30 201 34 250 25 50 68 44 25 30
internal_value=-0.000737522 -0.00106833 -0.00143215 0.000414096 0.00466667 -0.00174625 0.00308772 -0.000815865 -0.0003303 -0.00185123 -0.00152277 0.00242017 0.00632432 -0.000155314 0.000701448 0.00427451 0.00757576 8.14931e-05 0.00111702 0.0005698 0.00519298 -0.000325425 0.00242553 -0.000913993 0.000261579 -0.00195642 0.000441717 0.00277895 0.00705882 8.72718e-05
internal_weight=6670 4653 3116 453 101 2663 56 352 1537 2607 2019 118 73 1467 689 101 65 588 375 350 56 294 93 778 366 412 162 94 50 274
internal_count=6670 4653 3116 453 101 2663 56 352 1537 2607 2019 118 73 1467 689 101 65 588 375 350 56 294 93 778 366 412 162 94 50 274
is_linear=0
shrinkage=0.04


Tree=106
num_leaves=31
num_cat=0
split_feature=0 11 10 13 14 0 5 17 13 12 1 5 10 8 14 8 8 17 2 14 12 12 5 13 10 12 1 7 7 14
split_gain=1.20692 0.814611 0.816783 1.13824 2.11053 0.717831 0.569575 0.537219 0.506231 0.49321 0.476671 1.28763 1.58063 1.23007 0.69184 0.703055 1.18718 0.888701 2.39209 0.592717 0.495119 0.9551 1.77755 0.468739 0.570949 0.494938 0.578764 0.585782 1.32779 1.5298
threshold=8.5500000000000025 -0.94999999999999984 11.550000000000002 3.7500000000000004 181.50000000000003 6.8500000000000005 6.7500000000000009 0.78656609248549325 1.9500000000000002 58.500000000000007 9.9500000000000011 9.6500000000000004 0.8500000000000002 11.65 117.50000000000001 10.15 11.950000000000001 0.37940952255126054 8.0500000000000025 146.50000000000003 90.500000000000014 87.500000000000014 8.3500000000000032 10.15 0.75000000000000011 80.500000000000014 10.350000000000003 16.275000000000002 22.343750000000004 170.50000000000003
decision_type=2 2 2 2 2 2 2 2 2 2 2 2 2 2 2 2 2 2 2 2 2 2 2 2 2 2 2 2 2 2
left_child=1 9 7 5 -5 -4 -7 -3 -8 -1 11 12 -2 -12 -14 -16 17 -17 -19 -13 21 23 -23 24 -15 26 -26 -28 29 -29
right_child=10 2 3 4 -6 6 8 -9 -10 -11 13 19 14 20 15 16 -18 18 -20 -21 -22 22 -24 -25 25 -27 27 28 -30 -31
leaf_value=0.0013715882398271364 0.037592401884723861 -0.0049722011818977901 -0.025905766153992441 0.034727281416699882 -0.00039688908281373464 0.037237274469332254 0.0025480814332205664 -0.020735125747495833 -0.061575879213507836 -0.024907606567022615 -0.053336722517791368 0.026529474815219747 0.052267661916152452 -0.019039908379889083 -0.0066236150905419231 -0.00120658639547223 -0.0041719401743093038 0.0074791066057805057 0.020937683754494962 -0.021459376541406693 -0.025368068221469971 -0.094284551349104725 0.043739642586238803 -0.030234362245912388 0.053565588877823006 -0.0091383171359850843 -0.00058533040052947472 0.40516166157092004 -0.0043947601487966566 0.1487359035512725
leaf_weight=43 28 3112 192 37 55 52 34 558 33 537 189 37 42 50 124 40 61 45 32 121 79 25 48 63 26 132 678 25 128 44
leaf_count=43 28 3112 192 37 55 52 34 558 33 537 189 37 42 50 124 40 61 45 32 121 79 25 48 63 26 132 678 25 128 44
internal_value=-0.000791486 -0.00114568 -0.000945509 0.000762375 0.00464516 -0.000397437 0.00203333 -0.00113321 -0.000411766 -0.00254733 2.57671e-05 0.00105461 0.0023378 -0.000341399 0.00157681 0.000897689 0.00250279 0.00484746 0.00733333 -0.00196227 9.85364e-05 0.00029836 0.0047027 1.39485e-05 0.000210331 0.000413926 0.000749445 0.000570775 0.00248485 0.00691428
internal_weight=6670 4653 4073 403 92 311 119 3670 67 580 2017 530 372 1487 344 302 178 117 77 158 1298 1219 73 1146 1083 1033 901 875 197 69
internal_count=6670 4653 4073 403 92 311 119 3670 67 580 2017 530 372 1487 344 302 178 117 77 158 1298 1219 73 1146 1083 1033 901 875 197 69
is_linear=0
shrinkage=0.04


Tree=107
num_leaves=31
num_cat=0
split_feature=0 18 11 12 17 6 14 12 6 20 8 14 11 10 16 14 20 5 15 12 14 2 13 11 12 4 4 19 6 10
split_gain=0.990224 0.689191 0.850173 0.859255 0.808545 0.887017 0.806657 0.821771 1.04097 0.966641 1.33076 1.16636 0.724653 1.90961 0.917206 1.48762 0.633645 1.6368 1.29503 1.73 1.33994 0.863592 0.601702 0.692121 1.26526 0.734367 1.48911 1.6816 0.785887 0.578889
threshold=8.4500000000000011 0.37940952255126048 13.250000000000002 79.500000000000014 -0.98296291314453399 5.2083333333333321 167.50000000000003 46.500000000000007 6.8166666666666655 -0.56174490092936669 5.7500000000000009 187.50000000000003 1.8500000000000003 13.15 62.500000000000007 193.50000000000003 -0.22252093395631442 5.4500000000000011 0.25000000000000006 83.500000000000014 152.50000000000003 2.9500000000000006 14.850000000000003 23.650000000000002 37.500000000000007 12.950000000000001 9.7500000000000018 1.0000000180025095e-35 3.0999999999999992 0.75000000000000011
decision_type=2 2 2 2 2 2 2 2 2 2 2 2 2 2 2 2 2 2 2 2 2 2 2 2 2 2 2 2 2 2
left_child=1 2 3 -1 5 -4 -6 -8 9 10 -9 -11 14 16 -5 -16 21 18 19 -18 -21 -14 23 24 25 26 27 28 -3 -26
right_child=-2 22 4 12 6 -7 7 8 -10 11 -12 -13 13 -15 15 -17 17 -19 -20 20 -22 -23 -24 -25 29 -27 -28 -29 -30 -31
leaf_value=-0.034613273016168775 -0.00011185402955926812 0.01147767795813763 0.017613993048762933 -0.049096277474052326 -0.03163925465332653 -0.00088999077841592081 -0.025020141218533489 0.0056821022885863263 -0.008200039250563021 0.014782444318550652 0.17715313178853453 -0.026571424600296899 0.030586252892959093 0.052488452040921736 0.006016589113382249 -0.038171703710021467 -0.0086297731527314112 -0.051981671874795569 -0.043623489690797407 0.0048498527073040695 0.042048095746638155 -0.049354451885093076 -0.046881050576711727 -0.010066442817104448 0.011091899340163826 -0.074138811226677592 0.035574537054611867 -0.015092064284012796 0.013433813858236226 -0.0012549777056574149
leaf_weight=906 2065 33 26 469 171 46 204 27 77 42 25 54 39 33 32 31 50 132 32 35 43 194 150 394 37 29 25 57 38 1174
leaf_count=906 2065 33 26 469 171 46 204 27 77 42 25 54 39 33 32 31 50 132 32 35 43 194 150 394 37 29 25 57 38 1174
internal_value=-0.000737522 -0.00106383 -0.00148071 -0.00189484 -0.000249629 0.00372603 -0.000732114 0.000195348 0.00185841 0.00381208 0.00815094 0.00140206 -0.00113657 -0.000128802 -0.00219137 0.0023125 -0.000722434 0.00051877 0.00322981 0.00502325 0.00870886 -0.00227351 -0.000489165 -0.000284117 0.000134863 0.00323497 0.00433766 0.00254263 0.00661111 -0.000333334
internal_weight=6670 4605 2668 1996 672 72 600 429 225 148 52 96 1090 558 532 63 525 292 160 128 78 233 1937 1787 1393 182 153 128 71 1211
internal_count=6670 4605 2668 1996 672 72 600 429 225 148 52 96 1090 558 532 63 525 292 160 128 78 233 1937 1787 1393 182 153 128 71 1211
is_linear=0
shrinkage=0.04


Tree=108
num_leaves=31
num_cat=0
split_feature=0 18 17 16 17 11 20 16 15 4 3 11 7 3 20 20 3 13 3 10 14 2 0 18 7 1 7 1 8 13
split_gain=1.03184 0.766525 0.88285 0.784359 0.676969 0.874608 1.35953 1.18934 0.925924 0.828027 0.761659 0.6716 0.625983 0.963943 0.788239 1.16381 1.3596 1.26961 0.881203 0.826655 0.574672 0.69382 1.91383 0.574665 1.59462 0.918175 0.548851 0.801147 0.867841 0.99876
threshold=6.3500000000000005 -0.12940952255126037 0.60355339059327384 277.50000000000006 -0.37940952255126065 15.750000000000002 0.81174490092936691 1032.5000000000002 1.0000000180025095e-35 4.7500000000000009 15.750000000000002 32.850000000000001 4.1104166666666675 8.7500000000000018 0.81174490092936691 1.0000000180025095e-35 5.5500000000000007 3.0500000000000003 2.9500000000000006 13.15 147.50000000000003 2.9500000000000006 2.1500000000000008 -0.12940952255126037 8.9312500000000021 8.4500000000000011 2.0187500000000007 2.8500000000000001 1.6500000000000001 2.4500000000000006
decision_type=2 2 2 2 2 2 2 2 2 2 2 2 2 2 2 2 2 2 2 2 2 2 2 2 2 2 2 2 2 2
left_child=1 3 26 12 5 9 8 10 23 -2 -8 -6 20 14 15 18 -17 -18 -14 -20 21 22 -1 -7 25 -25 -3 28 -28 -30
right_child=4 2 -4 -5 11 6 7 -9 -10 -11 -12 -13 13 -15 -16 16 17 -19 19 -21 -22 -23 -24 24 -26 -27 27 -29 29 -31
leaf_value=-0.068132595574186966 0.014323239288143974 -0.048092816878326464 -0.033771945635659203 -0.059885442096774558 0.00041627961281579326 -0.053762411821739027 0.064236360786394872 -0.0089373309160805034 0.080599571838809919 -0.058804151419955278 0.15341977865005085 0.039428574963872073 0.0068970602465713631 -0.040821587726630762 -0.047757788875331234 -0.00013399738677009312 0.05106242376121007 0.015965165607162289 -0.034191573963140064 0.023410687190327854 -0.041586476644002016 -0.023050348660253267 0.031528847308210629 -0.0052613940870958453 -0.0088139934850520168 0.059126181856316067 -0.0048749593349195269 -0.0021816867039883723 0.0073613128078021933 0.0022450669465897662
leaf_weight=35 40 97 530 294 2044 212 31 40 27 355 25 26 39 98 57 48 37 28 201 25 479 55 36 25 178 25 215 860 131 377
leaf_count=35 40 97 530 294 2044 212 31 40 27 355 25 26 39 98 57 48 37 28 201 25 479 55 36 25 178 25 215 860 131 377
internal_value=-0.000701545 -0.00115509 -0.000687473 -0.00187579 -0.000155828 -0.00103441 -2.12775e-05 0.00428866 -0.000914531 -0.00247475 0.008 0.000251085 -0.00139772 -0.000397005 0.000412843 0.00107652 0.00445614 0.00818182 -0.000375941 -0.00133921 -0.00227723 0.000125983 0.00272222 -0.00136055 3.49335e-05 0.00627451 -0.000237955 -5.80818e-05 0.000922651 0.00182318
internal_weight=6670 3642 2210 1432 3028 958 563 96 467 395 56 2070 1138 533 435 378 113 65 265 226 605 126 71 440 228 50 1680 1583 723 508
internal_count=6670 3642 2210 1432 3028 958 563 96 467 395 56 2070 1138 533 435 378 113 65 265 226 605 126 71 440 228 50 1680 1583 723 508
is_linear=0
shrinkage=0.04


Tree=109
num_leaves=31
num_cat=0
split_feature=8 17 14 3 14 20 0 3 15 5 14 5 20 12 14 19 7 14 12 5 4 4 7 19 14 18 16 14 14 18
split_gain=0.927485 0.870048 0.721008 0.717878 0.724801 0.712919 0.692088 1.65526 0.602051 0.716992 1.05314 0.852991 1.65169 0.932969 0.844662 0.858048 0.778124 1.67905 1.87193 1.39983 1.29705 1.25443 1.25298 2.04374 1.05663 0.66722 1.18867 1.44949 1.09984 0.590657
threshold=6.4500000000000011 -0.37940952255126065 6.5000000000000009 4.1500000000000012 195.50000000000003 0.81174490092936691 22.450000000000003 20.450000000000003 0.15000000000000005 10.850000000000003 174.50000000000003 15.15 1.0000000180025095e-35 77.500000000000014 177.50000000000003 -0.60785761079279388 8.1395833333333361 192.50000000000003 75.500000000000014 6.3500000000000005 8.8500000000000032 2.5500000000000003 6.5437500000000011 1.0000000180025095e-35 206.50000000000003 0.25881904510252057 52.500000000000007 150.50000000000003 119.50000000000001 0.37940952255126048
decision_type=2 2 2 2 2 2 2 2 2 2 2 2 2 2 2 2 2 2 2 2 2 2 2 2 2 2 2 2 2 2
left_child=-1 2 -2 -4 -5 -6 8 -8 9 14 11 -11 -13 -14 25 29 17 18 22 -18 -21 24 23 -17 -19 26 -3 28 -28 -16
right_child=1 6 3 4 5 -7 7 -9 -10 10 -12 12 13 -15 15 16 19 21 -20 20 -22 -23 -24 -25 -26 -27 27 -29 -30 -31
leaf_value=-0.0077878189601941665 0.09224913019464355 -0.0039193548948228711 0.11672324219517172 -0.039335531213116351 -0.0064006645146458107 0.051575963922510029 0.24808127177516168 -0.0063957268617609985 -0.026773235240820755 -0.0023268084321496282 -0.0089823597180693285 0.25860161502612278 0.02424171427019246 -0.042526183652177342 -0.0082489667837668396 0.038388404504441496 0.079249366022965048 -0.019973084453872577 -0.0035323809620584883 0.031724194636673572 -0.0020732240314237289 -0.01438476922550495 0.085935618949829373 -0.0013069894578662817 0.016980334319970022 -0.0050213287879268455 -0.0050275855049405731 -0.0014245605628171532 0.011916974254538304 0.0055438598660527026
leaf_weight=3278 32 185 26 642 303 47 36 81 124 119 364 39 36 42 166 30 46 25 77 35 68 179 29 45 39 363 26 63 51 74
leaf_count=3278 32 185 26 642 303 47 36 81 124 119 364 39 36 42 166 30 46 25 77 35 68 179 29 45 39 363 26 63 51 74
internal_value=-0.000725529 -0.000261716 -0.00121789 -0.0014053 -0.00157905 -0.000113961 0.000167306 0.00315254 8.98377e-06 0.000169362 -0.000998337 0.00108017 0.00349152 0.000101265 0.000636484 0.0015086 0.00234843 0.00146823 0.00437363 0.00482667 0.00219231 -0.000704919 0.00784762 0.005 0.00406154 -0.000394776 0.000920244 0.00368794 0.00733333 -0.000497926
internal_weight=6670 3392 1050 1018 992 350 2342 117 2225 2101 600 236 117 78 1501 813 573 424 181 149 103 243 104 75 64 688 325 140 77 240
internal_count=6670 3392 1050 1018 992 350 2342 117 2225 2101 600 236 117 78 1501 813 573 424 181 149 103 243 104 75 64 688 325 140 77 240
is_linear=0
shrinkage=0.04


Tree=110
num_leaves=31
num_cat=0
split_feature=0 10 13 11 11 14 12 11 12 4 14 13 9 9 9 17 9 5 10 10 5 4 3 4 3 20 5 10 9 14
split_gain=0.798787 0.836102 0.966088 0.894144 1.82161 0.974559 0.6254 0.502393 0.892657 1.49517 1.29334 0.702274 0.882362 0.815747 0.709585 0.765762 1.07276 0.559087 0.529619 0.645985 0.653717 0.506339 0.542992 0.865962 0.552065 0.537616 1.83677 2.1782 1.32087 0.923598
threshold=1.8500000000000003 2.2500000000000004 13.950000000000001 23.650000000000002 15.550000000000002 119.50000000000001 92.500000000000014 -1.4499999999999997 70.500000000000014 3.9500000000000006 190.50000000000003 1.0500000000000003 44.500000000000007 90.500000000000014 64.500000000000014 -0.37940952255126065 55.500000000000007 0.55000000000000016 6.6500000000000012 13.850000000000003 5.6500000000000012 52.400000000000006 29.000000000000004 26.650000000000002 23.750000000000004 1.0000000180025095e-35 17.350000000000005 7.9500000000000011 101.50000000000001 294.50000000000006
decision_type=2 2 2 2 2 2 2 2 2 2 2 2 2 2 2 2 2 2 2 2 2 2 2 2 2 2 2 2 2 2
left_child=1 2 3 4 5 -1 7 8 9 10 -2 12 -9 14 15 16 -14 -13 -17 -20 -21 22 23 24 25 26 28 -28 -19 -30
right_child=6 -3 -4 -5 -6 -7 -8 11 -10 -11 -12 17 13 -15 -16 18 -18 21 19 20 -22 -23 -24 -25 -26 -27 27 -29 29 -31
leaf_value=0.037607962466988706 0.03198029472284411 -0.045771439547633477 -0.046995643690338762 -0.10032419521997225 0.026454256475367123 -0.052074101526917077 -0.049298461055515518 0.027609397620932175 -0.027770877732271739 -0.0059188304162905445 -0.00041308134688456609 0.029511043220877775 -0.043415483776556373 0.010685301843235554 -0.010736589538935835 0.0043424099981111113 0.0067912448840886132 -0.0037091382356662429 -0.019513273747241561 -0.018275110810978365 0.049454416616770039 0.045078551637034163 -0.058514610796355275 0.24395930224198051 0.04405792432845191 -0.0060087307787795663 -0.050601702855048843 0.20501927367092521 0.016543910174235243 -0.014557289327227703
leaf_weight=33 31 449 77 39 39 67 131 31 391 101 38 39 33 34 196 25 38 2273 99 26 36 27 79 26 26 1933 37 47 191 42
leaf_count=33 31 449 77 39 39 67 131 31 391 101 38 39 33 34 196 25 38 2273 99 26 36 27 79 26 26 1933 37 47 191 42
internal_value=-0.000792164 -0.00206525 -0.000234376 0.00138547 0.00288571 -9.44232e-10 -0.000640702 -0.000578622 -0.0017153 0.000701753 0.0052 -0.000456577 0.000940269 0.000516392 6.16731e-05 0.00144186 0.00494444 -0.000610041 8.55605e-05 -0.000765433 0.0024127 -0.00065015 -0.000682278 -0.000625001 -0.000667254 -0.00070115 -0.0003242 0.00545882 -0.000520145 0.00234188
internal_weight=6634 704 255 178 139 100 5930 5799 561 170 69 5238 518 487 453 257 71 4720 186 161 62 4681 4654 4575 4549 4523 2590 84 2506 233
internal_count=6634 704 255 178 139 100 5930 5799 561 170 69 5238 518 487 453 257 71 4720 186 161 62 4681 4654 4575 4549 4523 2590 84 2506 233
is_linear=0
shrinkage=0.04


Tree=111
num_leaves=31
num_cat=0
split_feature=0 10 13 11 12 7 6 18 4 13 10 4 14 7 0 14 10 5 6 4 6 0 7 6 16 11 12 19 14 0
split_gain=0.824784 0.617595 0.810824 0.750345 1.32618 0.904175 1.11708 0.485249 0.720225 0.771584 0.85713 0.737462 1.67866 0.855848 1.08465 0.679626 0.629876 0.57069 1.06514 1.42736 1.82727 1.20553 0.971986 0.741397 0.839793 1.01332 0.557381 0.634556 1.09433 1.35922
threshold=1.8500000000000003 2.2500000000000004 13.950000000000001 23.650000000000002 35.500000000000007 3.1645833333333337 1.4833333333333323 0.78656609248549303 29.000000000000004 2.4500000000000006 11.15 3.2500000000000004 165.50000000000003 5.6229166666666677 5.3500000000000005 193.50000000000003 8.7500000000000018 3.4500000000000006 5.6583333333333306 3.1500000000000008 5.2083333333333321 6.1500000000000012 2.6187500000000008 2.9333333333333296 32.500000000000007 16.350000000000005 91.500000000000014 0.6078576107927941 183.50000000000003 7.9500000000000011
decision_type=2 2 2 2 2 2 2 2 2 2 2 2 2 2 2 2 2 2 2 2 2 2 2 2 2 2 2 2 2 2
left_child=1 2 3 4 -1 6 -6 16 9 10 11 12 -9 -13 -15 -11 -2 -18 19 22 21 23 -19 -21 -25 -26 27 -20 29 -29
right_child=7 -3 -4 -5 5 -7 -8 8 -10 15 -12 13 -14 14 -16 -17 17 18 26 20 -22 -23 -24 24 25 -27 -28 28 -30 -31
leaf_value=0.036041435100398977 -0.0079122734926905455 -0.04394058196572815 -0.045115817942725192 -0.096311227411173359 -0.0052949250873522416 -0.011172629630337268 0.077074912850726637 0.00060323609968497419 0.22574624552389128 -0.0073732528154552618 -0.0046626704732852164 -0.02294785284575554 0.032401165571674766 0.025039352832197465 -0.003524679491611313 0.001895108679460616 -0.023816646544225783 0.018047986241125753 -0.0020009440743224759 -0.044473508700988776 0.040286726081231433 0.0086406577668235902 -0.041736237394075316 0.014403659134754944 -0.040469680582914259 0.017172555402334241 -0.055263456239897403 0.015026422787733784 -0.020958728457700922 0.012704921183454921
leaf_weight=28 2858 449 77 39 30 56 25 35 26 558 45 46 29 37 52 324 303 25 874 40 38 33 108 44 82 30 73 27 147 96
leaf_count=28 2858 449 77 39 30 56 25 35 26 558 45 46 29 37 52 324 303 25 874 40 38 33 108 44 82 30 73 27 147 96
internal_value=-0.000828336 -0.00212199 -0.000546876 0.000938547 0.00231428 0.000321428 0.00392857 -0.000674423 6.24448e-05 -9.22813e-05 0.00189388 0.00302 0.00652308 0.00132353 0.0036 -0.000643263 -0.000852062 -0.000291516 7.41561e-06 0.00179551 0.00347761 0.00210435 -0.00158209 0.0008934 0.00214013 0.000283185 -0.000581282 -0.00036332 0.00132841 0.00409677
internal_weight=6634 704 255 178 139 111 55 5930 1152 1126 244 199 64 135 89 882 4778 1920 1617 400 267 229 133 196 156 112 1217 1144 270 123
internal_count=6634 704 255 178 139 111 55 5930 1152 1126 244 199 64 135 89 882 4778 1920 1617 400 267 229 133 196 156 112 1217 1144 270 123
is_linear=0
shrinkage=0.04


Tree=112
num_leaves=31
num_cat=0
split_feature=8 15 11 13 12 12 4 14 1 5 1 10 18 20 8 6 13 20 16 11 1 5 16 7 2 7 2 16 7 13
split_gain=0.910191 0.687727 0.588903 1.04672 1.39059 0.923905 1.12828 1.01405 0.65561 0.596935 0.763471 0.53983 0.512127 0.667846 0.744253 0.887487 1.12757 1.42323 0.888422 0.837283 0.853311 0.72327 0.696531 0.913123 2.05003 0.892809 1.80664 0.670443 2.03316 1.3619
threshold=1.9500000000000002 0.15000000000000005 -1.4499999999999997 0.55000000000000016 88.500000000000014 70.500000000000014 3.9500000000000006 190.50000000000003 2.7500000000000004 3.6500000000000008 7.6500000000000012 1.9500000000000002 -0.5 1.0000000180025095e-35 6.1500000000000012 10.458333333333334 2.4500000000000006 0.81174490092936691 27.500000000000004 7.2500000000000009 2.8500000000000001 10.250000000000002 1822.5000000000002 8.2708333333333357 6.3500000000000005 5.2562500000000014 3.3500000000000001 32.500000000000007 4.0645833333333341 1.6500000000000001
decision_type=2 2 2 2 2 2 2 2 2 2 2 2 2 2 2 2 2 2 2 2 2 2 2 2 2 2 2 2 2 2
left_child=11 2 5 4 8 6 7 -2 -4 -10 -11 -1 -5 22 19 16 17 18 -16 20 -15 -18 27 24 25 26 -24 28 29 -14
right_child=1 -3 3 12 -6 -7 -8 -9 9 10 -12 -13 13 14 15 -17 21 -19 -20 -21 -22 -23 23 -25 -26 -27 -28 -29 -30 -31
leaf_value=-0.0018599145164242847 0.029405036311063316 -0.020669963734253213 0.0037476233834256769 -0.012214021790457519 0.036007544315547112 -0.027508766897144443 -0.0052359447395107471 0.00027325839885527955 -0.026475469401911814 0.025146415450144934 -0.0049142906597427647 -0.039891357918294838 0.0068770992079707762 0.0037604337473903598 -0.057215651613056182 -0.0060174398482813127 0.00089652211571405755 0.027051288371465303 0.0061232745093995171 -0.037224130740978148 -0.013195358441511436 -0.017305399465740126 -0.033898034975012752 -0.00069517253005890386 0.068507285815455982 -0.010878183627446525 0.068730713259366874 -0.0012087105239177007 -0.0012919378951520009 0.04921298084979131
leaf_weight=177 31 392 25 1547 26 400 100 38 42 40 49 442 35 115 31 343 321 41 28 297 191 77 30 86 25 45 25 1428 180 27
leaf_count=177 31 392 25 1547 26 400 100 38 42 40 49 442 35 115 31 343 321 41 28 297 191 77 30 86 25 45 25 1428 180 27
internal_value=-0.000792164 -0.000641623 -0.00052845 -0.000390901 0.00257923 -0.00174737 0.000729411 0.00462857 0.00112102 -3.0304e-05 0.00182222 -0.00225161 -0.000502361 -0.00022249 -0.000869205 -9.97634e-05 0.000977955 0.00475247 0.000733332 -0.0019404 -0.000469056 2.00492e-05 0.000274175 0.00243396 0.00460317 0.0019802 0.00535714 -9.53104e-10 0.00194239 0.00812698
internal_weight=6634 6015 5623 5054 182 569 169 69 156 131 89 619 4872 3325 1444 841 498 100 59 603 306 398 1881 211 125 100 55 1670 242 62
internal_count=6634 6015 5623 5054 182 569 169 69 156 131 89 619 4872 3325 1444 841 498 100 59 603 306 398 1881 211 125 100 55 1670 242 62
is_linear=0
shrinkage=0.04


Tree=113
num_leaves=31
num_cat=0
split_feature=0 15 10 14 9 19 10 18 19 9 9 11 3 9 13 6 9 11 14 10 19 1 11 13 8 16 10 13 19 11
split_gain=0.860516 0.598866 0.573831 0.777577 1.42968 1.00884 0.570415 0.43143 0.936265 1.7088 1.27805 1.06766 1.02018 0.749464 0.700951 1.21466 1.33882 0.673805 0.60145 2.0042 2.54635 1.3603 1.12292 1.63451 0.713729 0.86584 0.6966 1.26647 0.732727 1.2045
threshold=1.8500000000000003 0.15000000000000005 2.2500000000000004 175.50000000000003 89.500000000000014 0.6078576107927941 0.45000000000000007 0.37940952255126048 -0.8783796973249266 63.500000000000007 99.500000000000014 1.4500000000000002 9.8500000000000032 78.500000000000014 1.0500000000000003 8.3083333333333336 87.500000000000014 4.7500000000000009 147.50000000000003 3.9500000000000006 1.0000000180025095e-35 2.5500000000000003 3.0500000000000003 4.0500000000000007 5.9500000000000011 47.500000000000007 7.3500000000000005 7.1500000000000012 0.87837969732492682 -0.94999999999999984
decision_type=2 2 2 2 2 2 2 2 2 2 2 2 2 2 2 2 2 2 2 2 2 2 2 2 2 2 2 2 2 2
left_child=2 7 3 4 5 -1 -5 13 9 -9 11 -11 -12 18 15 16 17 -10 19 20 -2 -21 23 24 25 -23 -20 28 -28 -30
right_child=1 -3 -4 6 -6 -7 -8 8 14 10 12 -13 -14 -15 -16 -17 -18 -19 26 21 -22 22 -24 -25 -26 -27 27 -29 29 -31
leaf_value=-0.0082245189548913692 0.22651447590876816 -0.018059143862327872 -0.040587304370367228 0.013122390076471025 -0.021090635364902303 0.083583328833000112 -0.0226942573069055 0.17060101630702293 -0.02673324235967357 0.013403686534380139 -0.00064736848673454248 -0.010849888099191501 0.13347199981000699 -0.031941980540908264 -0.001387763027152183 0.11312849961102622 0.0063951153150265897 0.0019230530209433817 -0.020493573035326406 0.028967995003281968 -0.031596933427035206 0.036228337290297292 -0.023786882046706048 0.028082832395043559 -0.053427201265516581 -0.025502221578093457 -0.0023724377655334763 0.012072291433119114 -0.062208151078725696 0.020618391694337698
leaf_weight=25 41 383 449 28 33 27 142 36 66 26 28 150 32 651 1555 29 25 26 670 40 27 30 323 35 72 33 1385 47 48 172
leaf_count=25 41 383 449 28 33 27 142 36 66 26 28 150 32 651 1555 29 25 26 670 40 27 30 323 35 72 33 1385 47 48 172
internal_value=-0.000743935 -0.000586749 -0.00206525 -0.000546876 0.00255814 0.00664151 -0.00210526 -0.000480895 -6.07998e-06 0.0021685 0.000911391 -0.00081356 0.00590164 -0.000742938 -0.000354878 0.00228571 0.000440677 -0.00180645 -0.000469221 0.000657806 0.00707246 -0.000172286 -0.000753037 0.00187134 -0.00014706 0.0029375 -0.000761086 -0.00031942 -0.000510586 0.00162896
internal_weight=6634 5930 704 255 85 52 170 5547 1973 272 236 176 60 3574 1701 146 117 92 2923 601 68 533 493 170 135 63 2322 1652 1605 220
internal_count=6634 5930 704 255 85 52 170 5547 1973 272 236 176 60 3574 1701 146 117 92 2923 601 68 533 493 170 135 63 2322 1652 1605 220
is_linear=0
shrinkage=0.04


Tree=114
num_leaves=31
num_cat=0
split_feature=0 15 5 18 9 0 19 5 7 9 9 17 19 17 6 3 11 5 10 5 10 0 10 9 9 9 4 7 7 6
split_gain=0.844869 0.588327 0.531582 0.603467 0.815999 0.754302 0.675076 1.08415 1.21626 1.16692 1.10521 1.96964 0.669947 0.615119 1.1703 1.19642 1.55559 1.35723 2.29588 1.18131 0.973017 0.844418 0.774945 1.32983 0.612541 0.601066 0.795246 0.559478 1.51383 1.36982
threshold=1.8500000000000003 0.15000000000000005 0.55000000000000016 -0.12940952255126037 81.500000000000014 2.0500000000000003 -0.8783796973249266 14.550000000000002 9.2979166666666675 102.50000000000001 67.500000000000014 -1.0000000180025095e-35 1.0000000180025095e-35 0.25881904510252091 3.8333333333333304 7.0500000000000007 0.55000000000000016 9.0500000000000025 13.850000000000003 6.6500000000000012 5.1500000000000012 4.7500000000000009 10.450000000000001 62.500000000000007 56.500000000000007 68.500000000000014 6.8500000000000005 7.9437500000000005 8.2708333333333357 7.5166666666666648
decision_type=2 2 2 2 2 2 2 2 2 2 2 2 2 2 2 2 2 2 2 2 2 2 2 2 2 2 2 2 2 2
left_child=-1 2 -2 4 13 12 7 8 9 10 11 -7 -5 -4 -15 16 -16 18 20 -20 -18 -22 23 -23 -19 -17 -27 -8 29 -29
right_child=1 -3 3 5 -6 6 27 -9 -10 -11 -12 -13 -14 14 15 25 17 24 19 -21 21 22 -24 -25 -26 26 -28 28 -30 -31
leaf_value=-0.022886438717710442 0.029713196123132505 -0.017336778107834776 -0.021414707585780381 -0.013831015511292762 -0.060011852276996715 0.15101688035294067 -0.0052256342728009128 0.29971934288548735 -0.060955713049614245 0.013908645706724593 -0.0038777761083689287 -0.0016401844355534345 0.018476767792026762 -0.030256290624836219 -0.0045381626089819474 -0.0076155025814280625 0.084119688633423437 -0.02933763541301283 0.078251236426216023 0.013769298236913792 -0.064995344031024888 0.030442061396260666 -2.3784516516913013e-05 -0.0034688483765021988 0.0061313975485550775 0.008257480468192328 -0.0051700790681566567 7.9917705091440164e-05 -0.00024796004903264809 0.055516013940405007
leaf_weight=704 39 383 1234 48 224 44 1493 32 72 34 141 61 43 177 131 431 25 47 29 25 34 32 74 29 58 38 37 28 859 28
leaf_count=704 39 383 1234 48 224 44 1493 32 72 34 141 61 43 177 131 431 25 47 29 25 34 32 74 29 58 38 37 28 859 28
internal_value=-0.000755992 -0.000600237 -0.000495315 -0.000528591 -0.000967252 -0.000128988 -0.000246331 0.00130909 0.000657223 0.00185053 0.000874493 0.00396226 0.00343478 -0.000751042 -9.24667e-05 0.000443995 0.00186392 0.00324294 0.0048514 0.0120727 0.00278974 0.00167059 0.00308823 0.0063871 -0.000566039 -0.000915188 0.00236842 -0.000494812 0.000283842 0.00659649
internal_weight=6634 5930 5547 5508 2625 2883 2792 384 352 280 246 105 91 2401 1167 990 484 353 248 54 194 169 135 61 105 506 75 2408 915 56
internal_count=6634 5930 5547 5508 2625 2883 2792 384 352 280 246 105 91 2401 1167 990 484 353 248 54 194 169 135 61 105 506 75 2408 915 56
is_linear=0
shrinkage=0.04


Tree=115
num_leaves=31
num_cat=0
split_feature=0 18 13 11 9 11 3 9 13 16 10 14 6 7 10 14 14 16 9 11 9 10 5 6 18 20 14 11 13 14
split_gain=0.780755 0.569511 1.18562 1.1937 0.940115 0.827664 0.903057 0.873952 1.13523 1.13808 0.762375 0.515941 0.650603 0.79612 0.44446 0.666314 0.641535 1.09206 1.27551 1.01375 0.823873 1.21831 1.49447 1.83311 1.60852 2.96986 0.776949 0.774112 1.09187 1.8014
threshold=0.95000000000000007 0.91597561503675351 0.95000000000000007 3.9500000000000006 81.500000000000014 2.4500000000000006 16.150000000000002 89.500000000000014 12.550000000000002 1082.5000000000002 8.1500000000000004 242.50000000000003 3.324999999999998 8.6937500000000014 8.7500000000000018 111.50000000000001 147.50000000000003 1802.5000000000002 79.500000000000014 28.250000000000004 83.500000000000014 3.9500000000000006 2.1500000000000008 2.3583333333333316 0.60355339059327384 1.0000000180025095e-35 179.50000000000003 5.2500000000000009 2.8500000000000001 134.50000000000003
decision_type=2 2 2 2 2 2 2 2 2 2 2 2 2 2 2 2 2 2 2 2 2 2 2 2 2 2 2 2 2 2
left_child=-1 14 3 -3 10 -6 7 8 9 -7 -4 -9 -13 -14 16 -16 20 26 -19 -20 21 22 -2 -24 25 -25 -18 28 -23 -30
right_child=1 2 4 -5 5 6 -8 11 -10 -11 -12 12 13 -15 15 -17 17 18 19 -21 -22 27 23 24 -26 -27 -28 -29 29 -31
leaf_value=-0.02883680635278682 -0.02115932380807406 -0.0028699373764953101 -0.020538296416399596 0.036183062945911802 0.011928417087654596 0.0065114603446081729 0.035751705730335759 -0.0075787769385407891 -0.053064814294458029 0.067034220857942264 0.055726236076144825 -0.029598231651148135 0.042071353264818701 -0.0057128678902490914 -0.047780133802097911 -8.5543654405812055e-05 -0.032582252287604863 0.019105806838833783 -0.0091845039980047744 0.057544617791905381 -0.017380134759259255 -0.040371825193789158 0.062727936637636386 -0.008148054864181584 -0.014485470098283435 0.32519152258548117 -0.008209078535509947 -0.0074745852012202208 0.0030535590568812466 0.026373413350619917
leaf_weight=185 58 37 252 35 26 46 37 182 25 26 45 25 28 34 71 2004 583 35 117 43 407 168 25 46 60 41 1433 354 191 38
leaf_count=185 58 37 252 35 26 46 37 182 25 26 45 25 28 34 71 2004 583 35 117 43 407 168 25 46 60 41 1433 354 191 38
internal_value=-0.000562933 -0.000489419 0.000510637 0.00536986 2.20073e-05 0.0012186 0.000762375 0.000152588 0.00338775 0.00591781 -0.0017047 -0.00102222 0.0015 0.00368254 -0.000630133 -0.000163777 -0.00089889 -0.00132188 0.00153061 -9.47751e-10 -0.000224623 0.000403258 0.00294372 0.00480925 0.00305405 0.0065 -0.00159841 -0.000377661 0.00083417 0.00262609
internal_weight=6657 6472 798 72 726 429 403 366 97 72 297 269 87 62 5674 2075 3599 2211 195 160 1388 981 230 172 147 87 2016 751 397 229
internal_count=6657 6472 798 72 726 429 403 366 97 72 297 269 87 62 5674 2075 3599 2211 195 160 1388 981 230 172 147 87 2016 751 397 229
is_linear=0
shrinkage=0.04


Tree=116
num_leaves=31
num_cat=0
split_feature=7 2 1 2 14 3 14 10 14 7 18 14 18 5 9 10 13 4 11 13 20 18 3 4 18 13 7 4 9 1
split_gain=0.605193 0.728794 0.503989 0.678493 0.962004 1.08897 0.686859 0.89612 0.842352 1.46884 1.83084 0.500455 1.02557 0.644078 0.491882 0.47004 0.78503 0.861914 0.61979 1.14297 0.754749 0.610487 0.809028 0.602335 0.600646 0.621784 0.599071 2.74488 0.708767 0.82823
threshold=2.0187500000000007 3.0500000000000003 0.95000000000000007 2.1500000000000008 86.500000000000014 2.5500000000000003 187.50000000000003 2.3500000000000001 268.50000000000006 5.0479166666666675 0.60355339059327384 131.50000000000003 -0.12940952255126037 1.8500000000000003 132.50000000000003 7.1500000000000012 7.3500000000000005 7.6500000000000012 21.750000000000004 2.1500000000000008 -0.22252093395631442 0.91597561503675351 4.7500000000000009 3.5500000000000003 -0.12940952255126037 7.9500000000000011 6.2187500000000009 7.4500000000000011 76.500000000000014 3.4500000000000006
decision_type=2 2 2 2 2 2 2 2 2 2 2 2 2 2 2 2 2 2 2 2 2 2 2 2 2 2 2 2 2 2
left_child=1 -1 -2 4 5 -4 7 -6 9 10 -8 12 -9 -13 15 24 18 23 21 -20 -21 -17 -23 -18 25 26 27 28 29 -5
right_child=2 -3 3 14 6 -7 8 11 -10 -11 -12 13 -14 -15 -16 16 17 -19 19 20 -22 22 -24 -25 -26 -27 -28 -29 -30 -31
leaf_value=-0.053260314397515024 -0.034588864793522626 0.026101678792390021 0.010270717388256325 -0.028845495812410926 0.070560896377796681 -0.0044630824549903745 0.0033344830871871387 0.042069301628488001 -0.0010842769460966547 -0.033832366380542767 0.03526116762128282 0.0053271768442394634 -0.046166082729924653 -0.048691620755311152 0.04134754972376449 -0.0019587756836756112 0.014046244034052233 0.053334008324264194 -0.011653206669791524 0.11456002698356819 -0.00039738863144735972 -0.0032840039225387314 0.1590529973645593 -0.014393266945225929 -0.0027681505854969079 -0.043174977445900903 -0.029590942473462892 0.13942699512037021 -0.056377429080570751 0.0041612379036338786
leaf_weight=219 141 25 51 136 28 36 42 28 92 35 46 28 60 196 27 2280 25 26 75 42 32 29 29 33 2024 193 364 27 102 186
leaf_count=219 141 25 51 136 28 36 42 28 92 35 46 28 60 196 27 2280 25 26 75 42 32 29 29 33 2024 193 364 27 102 186
internal_value=-0.000562933 -0.00251429 -0.000488308 -0.000434881 0.000796267 0.00468182 0.000179855 -0.000938417 0.00194444 0.00409677 0.00683146 -0.00155911 0.000988763 -0.00256 -0.000575387 -0.000601714 -0.000203733 0.00357647 -0.000332798 0.00216 0.00565333 -0.000492519 0.00352542 0.000813558 -0.000939005 -0.00173637 -0.00125 -0.000274337 -0.00107294 -0.000148608
internal_weight=6657 244 6413 6272 642 87 555 340 215 123 88 312 88 224 5630 5603 2571 84 2487 149 74 2338 58 58 3032 1008 815 451 424 322
internal_count=6657 244 6413 6272 642 87 555 340 215 123 88 312 88 224 5630 5603 2571 84 2487 149 74 2338 58 58 3032 1008 815 451 424 322
is_linear=0
shrinkage=0.04


Tree=117
num_leaves=31
num_cat=0
split_feature=0 4 11 3 17 16 11 4 7 8 18 18 18 18 11 4 7 7 19 13 11 14 4 14 7 10 6 18 3 16
split_gain=0.668379 0.542338 0.494527 0.691531 1.15724 0.462763 1.72475 1.37509 1.67075 1.31528 1.01674 0.993844 1.35825 0.733115 0.503251 0.475092 0.47034 0.692643 0.90134 1.56426 3.43847 3.40335 4.83466 2.15611 1.4242 0.929812 1.09832 0.923669 0.775786 0.688996
threshold=0.95000000000000007 1.4500000000000002 5.1500000000000012 2.8500000000000001 0.78656609248549325 27.500000000000004 1.8500000000000003 6.8500000000000005 7.3854166666666679 8.5500000000000025 -0.70710678118654757 -0.12940952255126037 0.78656609248549303 0.60355339059327384 -1.0499999999999998 2.9500000000000006 2.4770833333333337 5.8375000000000004 -1.0000000180025095e-35 3.7500000000000004 -0.84999999999999998 153.50000000000003 3.9500000000000006 114.50000000000001 4.1895833333333341 4.4500000000000011 4.2916666666666652 -0.9159756150367534 8.3500000000000032 1912.5000000000002
decision_type=2 2 2 2 2 2 2 2 2 2 2 2 2 2 2 2 2 2 2 2 2 2 2 2 2 2 2 2 2 2
left_child=-1 2 3 -2 -5 6 13 8 9 10 15 -12 -13 -3 -15 -8 -7 18 19 -18 -21 22 23 -22 -20 26 -24 -26 -29 -23
right_child=1 5 -4 4 -6 16 7 -9 -10 -11 11 12 -14 14 -16 -17 17 -19 24 20 21 29 25 -25 27 -27 -28 28 -30 -31
leaf_value=-0.026365316681498569 -0.025632061477112889 -0.021871583533417917 -0.042694053303315299 -0.0031864045989458117 0.042102237847744535 -0.027081354841212983 -0.064740221038757151 -0.00078249130998710951 0.15597549021255613 -0.0040228136139454605 0.047055758911984963 -0.0026235350620211796 0.029859785007623131 -0.0044891894992207752 0.0077120485971310165 0.018112706201447042 -0.0082301576786566362 -0.0032520952948021267 -0.023567006931514142 0.037373904384722656 0.077568159863450545 -0.018532427983678237 0.20361999238598735 0.071304354960355698 0.0043043151007653609 -0.056176029860935894 -0.011901737268531814 -0.0018243812029892386 0.055601605998680921 0.01119152659070698
leaf_weight=185 139 368 171 76 28 248 25 171 53 70 37 30 37 34 25 46 334 2957 552 27 36 274 31 44 58 46 26 461 36 32
leaf_count=185 139 368 171 76 28 248 25 171 53 70 37 30 37 34 25 46 334 2957 552 27 36 274 31 44 58 46 26 461 36 32
internal_value=-0.000538902 -0.00047088 -0.00186988 -0.000704919 0.00175238 -0.00037498 0.000463767 0.00213617 0.00377257 0.00235772 0.00420454 0.00670476 0.00370588 -0.00137383 0.00273333 0.000499999 -0.000520628 -0.000434589 0.000149131 0.00112808 0.00250677 0.00172245 0.00602174 0.0133333 -0.000602889 0.00026923 0.00365517 0.000827337 0.000265059 -0.000859936
internal_weight=6657 6472 414 243 104 6058 896 469 298 245 175 104 67 427 59 71 5162 4914 1957 850 516 489 183 80 1107 103 57 555 497 306
internal_count=6657 6472 414 243 104 6058 896 469 298 245 175 104 67 427 59 71 5162 4914 1957 850 516 489 183 80 1107 103 57 555 497 306
is_linear=0
shrinkage=0.04


Tree=118
num_leaves=31
num_cat=0
split_feature=1 15 11 8 13 2 0 6 11 12 16 19 17 11 11 0 3 0 11 7 5 13 8 2 2 0 7 13 11 5
split_gain=0.571447 0.385903 0.63198 0.666935 0.497252 0.443244 1.30572 0.856057 1.48126 1.49605 0.854932 0.657999 0.610848 0.805741 0.575333 0.572092 1.25687 1.29496 1.38579 0.97046 0.939699 0.739865 0.74494 0.839488 0.642511 1.39558 0.665689 0.593506 0.571723 0.549354
threshold=0.8500000000000002 0.15000000000000005 16.950000000000003 4.4500000000000011 17.150000000000002 2.1500000000000008 2.5500000000000003 2.3999999999999964 4.6500000000000012 65.500000000000014 82.500000000000014 -1.0000000180025095e-35 0.37940952255126054 11.950000000000001 13.450000000000001 7.5500000000000007 7.1500000000000012 7.7500000000000009 -5.8499999999999988 6.885416666666667 2.3500000000000001 1.0500000000000003 15.450000000000001 6.4500000000000011 9.0500000000000025 9.7500000000000018 8.2708333333333357 6.9500000000000011 32.850000000000001 9.0500000000000025
decision_type=2 2 2 2 2 2 2 2 2 2 2 2 2 2 2 2 2 2 2 2 2 2 2 2 2 2 2 2 2 2
left_child=-1 4 -3 -4 5 6 12 8 11 -10 -9 -8 13 -2 -12 29 17 -17 -19 20 -20 -21 23 -23 25 26 -25 -22 -18 -7
right_child=1 2 3 -5 -6 15 7 10 9 -11 14 -13 -14 -15 -16 16 28 18 19 21 27 22 -24 24 -26 -27 -28 -29 -30 -31
leaf_value=-0.02558370910374147 -0.012270301803100309 -0.034754345344685217 0.010673420304003398 -0.0034949575644318094 -0.070716985296345028 -0.0023173395543510107 0.0079364797806595593 -0.013412277654203749 0.0057218101205336845 0.036136261288265664 0.02991163819001396 -0.032100529584088773 -0.069130129634066423 0.019682138610572397 -0.017341954062343776 0.011957012755311986 -0.0032264652297875661 0.02340864508132777 0.13609764011745651 0.038421218290287003 -0.009818441983696231 -0.00095318959340562879 -0.019793688909260306 0.031185017597970096 -0.00078800825107019391 0.04181922776043874 -0.012741563907410176 0.060330497915246063 0.034152594446836673 -0.024887274909228908
leaf_weight=158 286 343 32 59 64 2498 37 59 41 30 49 38 83 45 30 42 1669 25 27 28 261 32 42 28 32 26 30 31 39 493
leaf_count=158 286 343 32 59 64 2498 37 59 41 30 49 38 83 45 30 42 1669 25 27 28 261 32 42 28 32 26 30 31 39 493
internal_value=-0.00059898 -0.000540924 -0.00169195 0.00126087 -0.000458293 -0.000420527 0.000526465 0.00261053 0.00473469 0.00883333 0.000345323 0.000789473 -0.000906025 -0.000132531 0.00305 -0.00054525 -7.26339e-05 0.00149421 0.000980461 0.00054275 -0.000862501 0.00259361 0.00167539 0.00300671 0.0045812 0.0064 0.00284746 -0.00152901 -0.000627268 -0.000910429
internal_weight=6657 6499 434 91 6065 6001 698 284 146 71 138 75 414 331 79 5303 2312 604 562 537 319 218 190 148 116 84 58 292 1708 2991
internal_count=6657 6499 434 91 6065 6001 698 284 146 71 138 75 414 331 79 5303 2312 604 562 537 319 218 190 148 116 84 58 292 1708 2991
is_linear=0
shrinkage=0.04


Tree=119
num_leaves=31
num_cat=0
split_feature=0 4 12 17 2 14 0 8 3 4 17 12 5 5 0 3 12 12 13 5 5 3 16 12 13 6 13 14 11 8
split_gain=0.5218 0.49087 0.702011 0.804997 0.496079 0.944653 1.49165 1.10907 0.991449 0.625459 0.655875 0.698204 1.00778 0.533915 0.893193 0.496199 1.11289 1.04315 1.34925 1.52569 1.23601 1.82647 1.63418 1.16297 0.924942 1.58414 0.998603 1.80818 1.27958 0.728333
threshold=0.95000000000000007 1.4500000000000002 85.500000000000014 0.60355339059327384 2.1500000000000008 86.500000000000014 2.5500000000000003 3.3500000000000001 2.1500000000000008 8.8500000000000032 0.60355339059327384 54.500000000000007 4.5500000000000007 3.0500000000000003 12.850000000000003 8.9500000000000011 78.500000000000014 63.500000000000007 5.4500000000000011 18.750000000000004 4.8500000000000005 7.8500000000000005 37.500000000000007 72.500000000000014 4.8500000000000005 5.6166666666666663 0.65000000000000002 213.50000000000003 -5.8499999999999988 11.250000000000002
decision_type=2 2 2 2 2 2 2 2 2 2 2 2 2 2 2 2 2 2 2 2 2 2 2 2 2 2 2 2 2 2
left_child=-1 2 -2 -4 5 8 -7 -8 -3 10 11 12 -9 14 -6 17 -17 -15 19 20 21 22 -19 -24 26 -26 27 -22 -28 -30
right_child=1 4 3 -5 13 6 7 9 -10 -11 -12 -13 -14 15 -16 16 -18 18 -20 -21 24 -23 23 -25 25 -27 28 -29 29 -31
leaf_value=-0.023959214036246936 -0.019067331043017176 0.017073555536812581 -0.016071528429042491 0.024112371170417236 -0.0089172186237663174 -0.023821643235843518 0.02333617750354991 0.010055150797153987 0.0017300861717571845 -0.048292131435750701 0.026975573482880617 -0.008320763855975289 -0.023274608019066573 -0.0038324779320505903 0.06691767844627193 -0.0011603727521148099 -0.02792270805311221 -0.0066123209164933947 -0.019035769122182872 0.044197669482623339 -0.0053890230942685823 0.033831508276207581 0.063148012311328688 0.019471804131016148 0.055941056961300424 -0.0018396297611393872 0.010525844890422699 0.049084556331116004 -0.0081011898721579639 0.002412367373918338
leaf_weight=185 334 39 44 36 1070 327 47 25 45 34 37 92 27 1118 36 1255 393 133 258 27 56 39 37 118 35 47 44 30 581 108
leaf_count=185 334 39 44 36 1070 327 47 25 45 34 37 92 27 1118 36 1255 393 133 258 27 56 39 37 118 35 47 44 30 581 108
internal_value=-0.00059898 -0.000538855 -0.00186988 0.00148148 -0.0004476 0.000575667 6.77871e-06 0.00225095 0.00451765 0.00101852 0.00195604 0.00071724 0.00437736 -0.000575567 -0.00135863 -0.000372898 -0.00091692 -3.19158e-05 0.000652575 0.00119427 0.000982912 0.00308536 0.0019654 0.00474359 0.000217294 0.00424096 -0.000190245 0.00386207 -0.000670301 -0.00109565
internal_weight=6657 6472 414 80 6058 673 589 262 84 215 181 144 52 5385 1106 4279 1648 2631 1513 1255 1228 327 288 155 901 82 819 86 733 689
internal_count=6657 6472 414 80 6058 673 589 262 84 215 181 144 52 5385 1106 4279 1648 2631 1513 1255 1228 327 288 155 901 82 819 86 733 689
is_linear=0
shrinkage=0.04


Tree=120
num_leaves=31
num_cat=0
split_feature=0 10 10 2 11 9 2 8 5 7 3 16 7 13 6 20 9 4 12 11 9 7 16 0 0 7 16 18 17 7
split_gain=0.4998 0.855475 1.65395 1.29249 1.2557 0.627901 0.543519 0.710243 0.684951 3.07908 1.61275 1.08091 1.50226 1.17481 0.921551 0.839169 1.86465 0.976799 0.812663 1.1946 1.45665 1.01793 1.23682 1.85539 0.944255 1.07096 1.38433 1.79633 1.43321 1.97192
threshold=17.250000000000004 12.450000000000001 8.2500000000000018 24.250000000000004 17.450000000000003 114.50000000000001 10.250000000000002 12.65 8.9500000000000011 7.8770833333333341 4.2500000000000009 2232.5000000000005 5.1020833333333346 7.5500000000000007 2.5333333333333328 1.0000000180025095e-35 72.500000000000014 9.0500000000000025 41.500000000000007 2.2500000000000004 88.500000000000014 4.5979166666666673 62.500000000000007 4.9500000000000011 11.250000000000002 3.1395833333333334 32.500000000000007 -0.3794095225512602 -0.25881904510252113 2.7333333333333338
decision_type=2 2 2 2 2 2 2 2 2 2 2 2 2 2 2 2 2 2 2 2 2 2 2 2 2 2 2 2 2 2
left_child=5 2 -2 4 -4 6 8 -8 9 11 -11 13 14 18 -13 17 -17 -12 -1 20 21 -20 -23 -24 25 26 27 -21 29 -28
right_child=1 -3 3 -5 -6 -7 7 -9 -10 10 15 12 -14 -15 -16 16 -18 -19 19 24 -22 22 23 -25 -26 -27 28 -29 -30 -31
leaf_value=-0.018129123692851884 -0.002674439017087628 -0.011836126484550636 0.024131972187744887 -0.010499538675099545 0.20071487926392798 -0.015159643395657686 -0.023306286694115802 -0.0014580710897681226 -0.010956819648016754 0.044419133864401036 0.024827863583828921 0.0011771032257994333 -0.023088719183275753 -0.020271561271962821 0.066355062315807317 0.051063007342743737 0.0029649306497165455 -0.00092484837779123507 -0.036424547930028646 1.3476270739254249e-05 0.0093703771280182098 -0.0047116528319658462 0.030576397612059162 -0.0031611041539322459 0.095525890105106231 -0.00014996601720340094 0.00012811218187715911 0.03645060399089857 -0.029636857335561897 0.093725819118289103
leaf_weight=309 169 122 42 34 28 136 402 592 1032 26 43 30 44 710 28 43 127 185 671 32 26 253 45 53 26 1168 77 32 110 46
leaf_count=309 169 122 42 34 28 136 402 592 1032 26 43 30 44 710 28 43 127 185 671 32 26 253 45 53 26 1168 77 32 110 46
internal_value=-0.000620898 0.000757575 0.002 0.00594286 0.00901408 -0.000708181 -0.000648013 -0.00150352 -0.000481533 -0.000248716 0.00297412 -0.000622782 0.00341747 -0.000739535 0.00759322 0.00232581 0.00444444 0.000733624 -0.000376273 -0.000140158 -0.00117445 -0.00141545 0.000329545 0.00412121 0.00058713 0.000450204 0.0025906 0.00775385 0.0011453 0.00409677
internal_weight=6641 395 273 104 70 6246 6110 994 5116 4084 424 3660 102 3558 58 398 170 228 2848 2539 1048 1022 351 98 1491 1465 297 64 233 123
internal_count=6641 395 273 104 70 6246 6110 994 5116 4084 424 3660 102 3558 58 398 170 228 2848 2539 1048 1022 351 98 1491 1465 297 64 233 123
is_linear=0
shrinkage=0.04


Tree=121
num_leaves=31
num_cat=0
split_feature=15 13 18 11 2 10 5 10 16 12 6 18 10 10 0 11 20 14 19 3 5 9 13 16 4 7 5 11 15 13
split_gain=0.588208 0.555193 0.528138 0.793442 0.95851 1.31747 0.869339 0.772612 0.588877 0.932384 0.901663 0.812549 0.604749 1.23988 1.41206 0.438377 0.406525 0.388128 1.71529 0.947453 2.56092 1.77115 1.2804 0.988486 0.9046 0.856384 0.857317 0.84662 1.01268 0.820474
threshold=0.15000000000000005 18.050000000000004 0.91597561503675351 5.1500000000000012 3.4500000000000006 6.3500000000000005 2.8500000000000001 5.9500000000000011 47.500000000000007 43.500000000000007 12.483333333333333 0.98296291314453421 0.8500000000000002 0.55000000000000016 2.5500000000000003 19.850000000000005 -0.56174490092936669 149.50000000000003 -0.60785761079279388 6.4500000000000011 4.7500000000000009 77.500000000000014 4.3500000000000005 192.50000000000003 4.8500000000000005 21.412500000000005 6.4500000000000011 13.250000000000002 1.0000000180025095e-35 5.2500000000000009
decision_type=2 2 2 2 2 2 2 2 2 2 2 2 2 2 2 2 2 2 2 2 2 2 2 2 2 2 2 2 2 2
left_child=1 2 17 4 5 6 -4 -6 -5 10 11 12 13 14 -10 -2 -14 18 19 20 22 23 -1 24 -22 26 -21 29 -29 -19
right_child=15 -3 3 8 7 -7 -8 -9 9 -11 -12 -13 16 -15 -16 -17 -18 27 -20 25 21 -23 -24 -25 -26 -27 -28 28 -30 -31
leaf_value=-0.050738376687451965 -0.024225589452465779 -0.071740455960295005 -0.017323995532042193 0.010474101228948839 0.00057309153375933639 -0.014667423590505792 0.029035727537971703 0.20833985259482327 0.041705766767619189 -0.012319656766451833 0.045889920925165306 -0.025807163313733294 0.0094542741109703409 0.064804193032767105 -0.0016259124547775459 0.011827414160180015 -0.0090452656829532394 -0.0031992353782106472 -0.007086642480587239 0.0068943515387059799 0.07512580131056297 -0.0097910044217644175 0.10716279498311751 0.28026722240815116 0.011418689080980718 0.29477932973888132 -0.041062773718292658 -0.00088920084064570283 0.040819039627238513 -0.044089632990606607
leaf_weight=64 417 74 29 37 29 56 44 39 25 155 33 98 29 31 61 30 68 1735 1108 113 25 25 45 27 25 30 92 1535 33 529
leaf_count=64 417 74 29 37 29 56 44 39 25 155 33 98 29 31 61 30 68 1735 1108 113 25 25 45 27 25 30 92 1535 33 529
internal_value=-0.000626921 -0.000525586 -0.000483582 0.000522448 0.00268687 0.000646153 0.00416216 0.00649275 -0.000275094 -0.000638724 0.00052023 -0.000153356 0.00122791 0.00315254 0.000643677 -0.00202679 -0.00110204 -0.000620755 -8.74608e-05 0.00200447 0.0039434 0.00846602 -0.000327274 0.0114359 0.00784314 0.000254236 -0.000679613 -0.000836943 -0.000122372 -0.00133157
internal_weight=6641 6194 6120 734 197 129 73 68 537 500 345 312 214 117 86 447 97 5386 1554 446 211 102 109 77 50 235 205 3832 1568 2264
internal_count=6641 6194 6120 734 197 129 73 68 537 500 345 312 214 117 86 447 97 5386 1554 446 211 102 109 77 50 235 205 3832 1568 2264
is_linear=0
shrinkage=0.04


Tree=122
num_leaves=31
num_cat=0
split_feature=8 13 13 12 4 2 20 10 3 8 11 11 1 0 0 3 1 5 1 3 16 10 3 8 10 4 3 10 13 16
split_gain=0.633167 0.475451 0.942718 0.919649 0.727692 0.712788 0.652079 0.863185 1.10782 0.833824 2.22233 0.622714 0.828116 1.20747 1.62381 0.992692 0.776714 1.50743 0.771843 0.738722 0.682926 0.662716 0.624264 0.597264 1.39968 1.31041 0.75451 0.732113 0.594087 0.832942
threshold=1.4500000000000002 5.4500000000000011 5.0500000000000007 51.500000000000007 23.000000000000004 13.350000000000003 -0.56174490092936669 6.7500000000000009 13.850000000000003 2.3500000000000001 19.850000000000005 -0.6499999999999998 2.9500000000000006 3.2500000000000004 3.7500000000000004 8.0500000000000025 4.0500000000000007 1.4500000000000002 4.5500000000000007 6.1500000000000012 97.500000000000014 11.15 4.3500000000000005 18.550000000000004 12.450000000000001 11.450000000000001 13.050000000000002 10.15 0.75000000000000011 142.50000000000003
decision_type=2 2 2 2 2 2 2 2 2 2 2 2 2 2 2 2 2 2 2 2 2 2 2 2 2 2 2 2 2 2
left_child=-1 2 11 4 6 -4 7 8 -3 10 -8 -2 13 15 -15 28 -14 -18 19 21 23 22 -19 -20 25 -25 -26 -27 -13 -30
right_child=1 3 5 -5 -6 -7 9 -9 -10 -11 -12 12 16 14 -16 -17 17 18 20 -21 -22 -23 -24 24 26 27 -28 -29 29 -31
leaf_value=-0.022849100368035082 -0.0090603569914138368 -0.0024112420036691918 0.014100309655717154 -0.019644710172281359 0.25618433393966911 -0.045511199786629486 -0.039241298708308593 0.15693812543446581 0.048474225197693822 -0.0062900687513832501 0.061135140229002967 0.0062385588897326148 -0.012009473143144328 0.033318523308257249 -0.005675749597441152 0.026711071864509758 0.062976509693728838 -0.016861466061134072 -0.0012471131506902691 0.066449637766707273 -0.0093953773266559522 0.013681906286114614 0.080726296157464517 0.16613852231827461 0.018965943033011405 -0.02573610689964546 -0.021135922674898527 0.020344333313642465 -0.022742943029499554 0.0081293743757914448
leaf_weight=351 662 231 235 955 27 40 48 26 36 620 27 62 363 30 25 26 48 45 1419 29 688 27 25 48 27 26 97 30 235 133
leaf_count=351 662 231 235 955 27 40 48 26 36 620 27 62 363 30 25 26 48 45 1419 29 688 27 25 48 27 26 97 30 235 133
internal_value=-0.000632943 -0.000540456 -0.000305486 -0.0010553 -0.000216536 0.00195652 -0.000396361 0.00118367 0.000492536 -0.00106322 0.00289474 -0.000459714 -0.000239954 0.00124219 0.00678571 0.000560174 -0.000504004 -0.000253387 -0.000391553 0.00264567 -0.000556508 0.000938775 -0.00112676 -0.000114079 0.00178166 0.00518095 -0.001088 0.000982455 9.28065e-05 -0.000520326
internal_weight=6641 6290 4320 1970 1015 275 988 293 267 695 75 4045 3383 511 55 456 2872 2509 2461 126 2335 97 70 1647 228 104 124 56 430 368
internal_count=6641 6290 4320 1970 1015 275 988 293 267 695 75 4045 3383 511 55 456 2872 2509 2461 126 2335 97 70 1647 228 104 124 56 430 368
is_linear=0
shrinkage=0.04


Tree=123
num_leaves=31
num_cat=0
split_feature=18 11 16 16 19 9 14 10 20 9 6 12 19 1 5 0 13 0 14 4 19 1 5 19 5 10 13 5 11 4
split_gain=0.547713 0.83923 0.873321 0.783897 1.05358 0.86586 0.760099 1.2558 1.18946 1.98426 0.98556 0.797778 0.731277 1.17392 1.6097 2.14934 1.16574 0.713338 0.708964 0.91355 0.70288 0.687801 1.05351 0.778059 0.652518 1.52113 1.0356 1.2609 0.965046 0.721841
threshold=0.60355339059327384 -6.3499999999999988 27.500000000000004 1912.5000000000002 -1.0000000180025095e-35 90.500000000000014 149.50000000000003 3.3500000000000001 1.0000000180025095e-35 73.500000000000014 2.7666666666666635 60.500000000000007 -0.60785761079279388 5.4500000000000011 4.6500000000000012 3.1500000000000008 4.1500000000000012 9.8500000000000032 214.50000000000003 27.850000000000005 -0.8783796973249266 1.9500000000000002 4.3500000000000005 -0.60785761079279388 5.5500000000000007 2.4500000000000006 2.3500000000000001 2.7500000000000004 29.750000000000004 2.5500000000000003
decision_type=2 2 2 2 2 2 2 2 2 2 2 2 2 2 2 2 2 2 2 2 2 2 2 2 2 2 2 2 2 2
left_child=3 -2 21 5 -5 6 7 8 11 -10 -8 -1 13 14 16 -16 -9 -15 19 -4 -12 -3 -23 -24 25 28 -27 -28 29 -20
right_child=1 2 18 4 -6 -7 10 12 9 -11 20 -13 -14 17 15 -17 -18 -19 24 -21 -22 22 23 -25 -26 26 27 -29 -30 -31
leaf_value=-0.015298221414961134 0.0077176876873421328 0.023563888696265908 -0.0058407271583467337 0.020653626000643684 -0.0003294804546785009 -0.038758597344667647 -0.033214401945704047 -0.042679366580800002 0.20349199232259374 0.00054610835460052289 -0.0099649444738176204 0.056100534614613125 -0.0076674965943039934 -0.022611461154028886 0.0020319909103219116 0.097505989108984323 0.08467181818444082 0.022951378245381213 0.018154336892408161 0.17660203990736922 -0.0017671240465938617 -0.0021509880490356219 0.73212852702612552 0.00022711249274564007 -0.0033755528583672258 -7.3559047963401309e-05 6.5566109441026434e-05 0.056872376790202496 0.048929918678955034 -0.0090974998721387399
leaf_weight=36 30 34 1160 26 53 351 449 43 28 32 395 38 667 97 28 25 31 72 26 27 2343 61 25 51 221 30 26 38 35 163
leaf_count=36 30 34 1160 26 53 351 449 43 28 32 395 38 667 97 28 25 31 72 26 27 2343 61 25 51 221 30 26 38 35 163
internal_value=-0.000644987 -7.67644e-05 -0.000183352 -0.000877201 0.00305 -0.000944781 -0.000787866 0.000120218 0.00373333 0.00786885 -0.00110038 0.000319999 -0.000385893 0.00126599 0.00415625 0.00940741 0.000319999 -0.000917648 -0.000453967 -0.001 -0.000814897 0.00253488 0.00124638 0.00436364 0.000748147 0.00190596 0.00614737 0.00898461 0.000106666 -0.00103158
internal_weight=6641 1927 1897 4714 79 4635 4284 1097 134 60 3187 74 963 296 127 53 74 169 1726 1187 2738 171 137 76 539 318 94 64 224 189
internal_count=6641 1927 1897 4714 79 4635 4284 1097 134 60 3187 74 963 296 127 53 74 169 1726 1187 2738 171 137 76 539 318 94 64 224 189
is_linear=0
shrinkage=0.04


Tree=124
num_leaves=31
num_cat=0
split_feature=8 18 17 19 8 14 3 11 11 10 13 7 4 11 8 10 7 11 9 13 13 11 9 10 19 14 9 11 3 4
split_gain=0.535953 0.382748 0.75324 0.894826 0.625633 0.620629 0.581405 0.856228 0.516963 0.725818 0.711473 0.552962 0.441255 0.343445 0.440441 0.321324 0.467564 0.543541 0.319852 0.342215 1.03132 1.14553 1.22622 1.01801 0.833248 0.862583 1.37046 0.74958 0.745459 0.893082
threshold=1.2500000000000002 0.91597561503675351 -1.0000000180025095e-35 -0.8783796973249266 15.050000000000002 284.50000000000006 7.4500000000000011 8.1500000000000004 5.2500000000000009 6.6500000000000012 1.8500000000000003 4.8479166666666682 9.0500000000000025 27.550000000000004 8.2500000000000018 2.1500000000000008 3.0770833333333338 10.550000000000002 36.500000000000007 5.4500000000000011 4.3500000000000005 -0.74999999999999989 67.500000000000014 12.050000000000002 1.0000000180025095e-35 307.50000000000006 94.500000000000014 -0.6499999999999998 2.0500000000000003 2.3500000000000001
decision_type=2 2 2 2 2 2 2 2 2 2 2 2 2 2 2 2 2 2 2 2 2 2 2 2 2 2 2 2 2 2
left_child=15 18 3 -3 8 6 7 -5 9 11 -10 -4 -7 -12 -15 16 17 -1 -2 20 27 -22 23 28 25 -21 -27 -20 -23 -30
right_child=1 2 4 5 -6 12 -8 -9 10 -11 13 -13 -14 14 -16 -17 -18 -19 19 24 21 22 -24 -25 -26 26 -28 -29 29 -31
leaf_value=-0.020952122387973011 -0.052746083356766643 0.07024674401153766 0.026924536468255753 -0.008370315202423026 0.014048510061973954 0.0076621297409308481 -0.010877228192026578 0.020556861614658813 0.012580554639430428 -0.012997127511582661 -0.013779025868014289 -0.00036823916456963729 0.028698790669064708 -0.033137453379521634 0.022140583321035731 -0.028599777796037285 -0.040636909022307467 0.030975893531606982 -0.016165188799127945 -0.0036001498008185269 0.0081441671066773864 -0.0046945439945490297 -0.0065727719843058276 -0.028887775088469576 -0.018242540432495319 0.042788163936155088 -0.047856180047621905 -0.0011279268844748235 0.065953889956245765 0.021806072602114011
leaf_weight=26 108 37 41 47 46 30 61 52 31 68 197 40 25 54 25 145 60 29 596 820 42 31 320 48 723 46 32 2613 34 214
leaf_count=26 108 37 41 47 46 30 61 52 31 68 197 40 25 54 25 145 60 29 596 820 42 31 320 48 723 46 32 2613 34 214
internal_value=-0.000675099 -0.00060232 0.000243708 0.00202371 -0.000652088 0.00101852 -0.000248448 0.00164 -0.00110285 0.000826666 -0.00203896 0.00336585 0.00464286 -0.00268592 -0.000450001 -0.00245211 -0.00086207 0.00178571 -0.000715708 -0.000673189 -0.000469865 0.000933332 0.000512345 0.00223171 -0.00116153 -0.000347053 0.00364557 -0.000771341 0.00315714 0.00388755
internal_weight=6641 6381 754 252 502 215 160 99 456 149 307 81 55 276 79 260 115 55 5627 5519 3898 689 647 327 1621 898 78 3209 279 248
internal_count=6641 6381 754 252 502 215 160 99 456 149 307 81 55 276 79 260 115 55 5627 5519 3898 689 647 327 1621 898 78 3209 279 248
is_linear=0
shrinkage=0.04


Tree=125
num_leaves=31
num_cat=0
split_feature=0 10 6 5 7 2 9 12 12 13 16 5 3 7 17 0 5 3 0 0 3 0 12 10 10 2 18 7 7 13
split_gain=0.528641 1.15417 1.0642 1.49865 2.06237 1.09542 0.84508 0.749555 1.07443 0.643062 0.550898 0.541266 0.731532 1.93563 0.838045 1.45174 0.711769 0.940855 0.954654 0.695275 0.676218 0.964227 1.01796 1.81182 0.898521 0.863606 0.858756 0.743066 0.790585 1.08146
threshold=2.5500000000000003 2.2500000000000004 2.3999999999999964 2.0500000000000003 3.7979166666666671 1.6500000000000001 46.500000000000007 59.500000000000007 73.500000000000014 11.550000000000002 17.500000000000004 9.0500000000000025 12.550000000000002 7.7729166666666671 0.78656609248549325 9.0500000000000025 4.3500000000000005 15.050000000000002 13.350000000000003 6.8500000000000005 5.6500000000000012 4.8500000000000005 46.500000000000007 3.8500000000000001 17.350000000000005 7.5500000000000007 0.37940952255126048 2.839583333333334 3.4729166666666669 3.7500000000000004
decision_type=2 2 2 2 2 2 2 2 2 2 2 2 2 2 2 2 2 2 2 2 2 2 2 2 2 2 2 2 2 2
left_child=1 7 3 -2 -5 -6 -3 -1 -9 11 -8 12 13 20 -15 -16 17 -14 -19 -13 21 -4 -23 26 -22 27 -24 -25 29 -29
right_child=2 6 9 4 5 -7 10 8 -10 -11 -12 19 16 14 15 -17 -18 18 -20 -21 24 22 23 25 -26 -27 -28 28 -30 -31
leaf_value=-0.00067224223191760988 0.011815642783033797 0.039062314352218332 -0.002563549531233784 -0.029623346486553861 0.0026575708029692754 0.029191774643877188 0.0042291657078717812 0.016080474083177542 -0.047161250649728877 -0.021749639838393869 -0.030097597226895739 -0.039746656091787583 -0.044021532085391828 0.0077504203464665864 -0.0040614367168108571 0.036552263454472433 -0.017012427886922823 -0.00098067300631234891 0.079502886042446042 -0.0012764958718712615 -0.0095324736743040896 -0.0076216956193946818 0.12852821034349027 -0.045362283256551582 0.0062521015049036947 -0.040296016487234819 0.024072855871557799 0.018503252045707068 0.0032105887088685042 0.07416712717996253
leaf_weight=341 42 27 783 91 30 26 60 42 32 289 772 359 51 409 28 50 200 55 32 1252 912 138 26 34 42 73 26 57 400 30
leaf_count=341 42 27 783 91 30 26 60 42 32 289 772 359 51 409 28 50 200 55 32 1252 912 138 26 34 42 73 26 57 400 30
internal_value=-0.000565724 -0.00129882 -0.000393673 0.00254737 0.000621621 0.00659649 -0.00213488 0.000432691 0.00405333 -0.000500096 -0.00236255 -0.000392901 -0.00010278 9.57119e-05 0.00240164 0.00617721 -0.00186431 0.000345323 0.00286364 -0.000995038 -0.000350516 0.000160713 0.00115159 0.00181762 -0.00118953 0.00118319 0.00890566 0.00175479 0.00215574 0.00559091
internal_weight=6709 1274 5435 189 147 56 859 415 74 5246 832 4957 3346 3008 487 78 338 138 87 1611 2521 1567 784 646 954 594 52 521 487 87
internal_count=6709 1274 5435 189 147 56 859 415 74 5246 832 4957 3346 3008 487 78 338 138 87 1611 2521 1567 784 646 954 594 52 521 487 87
is_linear=0
shrinkage=0.04


Tree=126
num_leaves=31
num_cat=0
split_feature=12 13 11 7 19 5 0 8 0 1 13 11 19 13 4 17 6 3 0 1 1 3 5 16 11 3 0 12 4 7
split_gain=0.456857 0.504217 1.42829 0.823457 1.31825 0.597331 1.01815 1.65133 0.430075 1.06658 1.20307 0.770212 1.02078 2.074 1.25493 0.671908 0.634724 0.467727 0.664041 1.17633 0.928041 1.27827 0.549734 0.76905 0.945505 1.18034 1.72575 0.64274 0.63024 1.44625
threshold=92.500000000000014 9.1500000000000004 12.450000000000001 3.2854166666666673 1.0000000180025095e-35 3.1500000000000008 2.3500000000000001 1.6500000000000001 2.3500000000000001 1.9500000000000002 2.4500000000000006 4.1500000000000012 1.0000000180025095e-35 3.2500000000000004 2.2500000000000004 -0.5 2.0333333333333328 7.0500000000000007 9.8500000000000032 10.250000000000002 9.3500000000000032 5.1500000000000012 17.150000000000002 27.500000000000004 20.150000000000002 42.850000000000009 18.750000000000004 44.500000000000007 9.8500000000000032 10.102083333333335
decision_type=2 2 2 2 2 2 2 2 2 2 2 2 2 2 2 2 2 2 2 2 2 2 2 2 2 2 2 2 2 2
left_child=1 8 -3 4 -4 -5 7 -7 11 10 -10 -1 14 -14 -13 16 -15 18 -11 20 -20 -22 28 -24 -25 26 27 -26 -19 -30
right_child=-2 2 3 5 -6 6 -8 -9 9 17 -12 12 13 15 -16 -17 -18 22 19 -21 21 -23 23 24 25 -27 -28 -29 29 -31
leaf_value=-0.034319715499373682 -0.027100781872838355 -0.038245852911969476 0.015956589745313745 -0.020363048774233856 -0.0064620705907104904 -0.031968584055145174 -0.0013297611164515759 0.05632797330126408 0.028248825723065935 -0.00034954641048511547 -0.0092796618112635249 0.032674016431920354 0.0099787711949091036 0.06073202463832806 -0.028767672429383082 -0.041992649965735644 -0.0012773393416358903 -0.0091887317835403111 0.020009701721324987 -0.00022202237805331586 0.009065962160569891 0.029771960946600472 0.12596934285866401 -0.0064677994954746602 -0.061830284888794641 -0.053607450135692805 0.17740737681844251 0.10323245644500928 0.009334190990679947 -0.0036582167046450616
leaf_weight=383 140 420 31 107 25 26 361 31 25 2279 31 27 52 25 190 53 32 1118 47 150 26 30 34 138 27 52 38 27 191 593
leaf_count=383 140 420 31 107 25 26 361 31 25 2279 31 27 52 25 190 53 32 1118 47 150 26 30 34 138 27 52 38 27 191 593
internal_value=-0.000583608 -0.000535161 -0.00136128 -7.56023e-05 0.00449123 -0.000570343 0.000114558 0.00503448 -0.000386426 -0.000246308 0.00519298 -0.00126868 1.05254e-05 0.00240491 -0.00177982 -0.000720722 0.00227586 -0.000311514 6.00069e-05 0.002 0.00526923 0.00870175 -0.000735467 0.00080757 0.000113073 0.00237241 0.00507527 0.000436363 -0.000992119 -0.000122294
internal_weight=6709 6569 1001 581 56 525 418 57 5568 4806 56 762 379 162 217 110 57 4750 2532 253 103 56 2218 316 282 144 92 54 1902 784
internal_count=6709 6569 1001 581 56 525 418 57 5568 4806 56 762 379 162 217 110 57 4750 2532 253 103 56 2218 316 282 144 92 54 1902 784
is_linear=0
shrinkage=0.04


Tree=127
num_leaves=31
num_cat=0
split_feature=10 12 7 18 13 0 16 17 12 11 11 16 10 0 12 2 6 6 4 5 8 7 9 11 2 11 4 5 11 11
split_gain=0.531054 1.15859 1.04288 0.437551 0.864801 0.710169 0.881385 0.602241 0.861928 1.17264 0.789773 0.741457 0.66731 0.878384 0.846377 1.88832 2.45905 1.61342 0.841684 0.628638 0.542318 1.19622 1.23307 1.97933 2.22222 0.718017 0.704828 0.871486 0.615544 1.23031
threshold=17.950000000000003 76.500000000000014 9.2437500000000021 0.60355339059327384 14.15 2.3500000000000001 1952.5000000000002 -1.0000000180025095e-35 80.500000000000014 4.2500000000000009 5.1500000000000012 12.500000000000002 0.55000000000000016 2.3500000000000001 43.500000000000007 9.4500000000000011 5.9416666666666655 2.7333333333333303 3.0500000000000003 6.1500000000000012 8.4500000000000011 4.8770833333333341 80.500000000000014 15.750000000000002 1.9500000000000002 3.6500000000000008 2.2500000000000004 2.9500000000000006 11.65 17.950000000000003
decision_type=2 2 2 2 2 2 2 2 2 2 2 2 2 2 2 2 2 2 2 2 2 2 2 2 2 2 2 2 2 2
left_child=3 2 -2 5 7 6 -1 8 10 -10 -5 -9 13 -12 15 16 17 -14 -16 -20 21 22 26 24 -24 -22 -13 -28 -27 -30
right_child=1 -3 -4 4 -6 -7 -8 11 9 -11 12 20 14 -15 18 -17 -18 -19 19 -21 25 -23 23 -25 -26 28 27 -29 29 -31
leaf_value=-0.02724447878063372 0.037123065671739716 -0.003513350398786533 -0.003094849331519925 -0.010955322651891879 -0.022623823913747496 -0.0027386257803501007 0.012392986438155996 0.13227928164829136 -0.030847113759650768 0.09856719055798871 0.016009594212625988 -0.060957868177488592 0.02870296771009781 -0.0041609327882716797 0.049559645832607892 -0.0027385900195239466 0.062578138233367983 -0.0025720179477848504 -0.0071829684259788334 0.012340811996170873 0.01902362855089644 -0.017839967603438433 -0.025815306113141361 -0.033832511282659981 0.030512194926953895 -0.014793582709183588 0.0059608474383060599 -0.0047461118996953433 0.0038421749192128142 -0.0018454414057552813
leaf_weight=633 50 134 40 123 157 3875 26 28 28 41 45 93 30 134 43 72 39 55 126 37 48 335 26 41 39 71 30 79 28 203
leaf_count=633 50 134 40 123 157 3875 26 28 28 41 45 93 30 134 43 72 39 55 126 37 48 335 26 41 39 71 30 79 28 203
internal_value=-0.000559763 0.00135111 0.00483516 -0.000625965 -0.000125001 -0.000841456 -0.00205455 0.00012479 0.000966407 0.0052 0.00054468 -0.000512721 0.00116151 -0.000866668 0.00206452 0.00393909 0.006912 0.00302325 0.00027053 -0.00104878 -0.000696178 -0.00138509 0.000414239 0.00388785 0.00818182 0.0005698 -0.00141872 0.000763635 -0.000158417 0.000844827
internal_weight=6709 224 90 6485 1951 4534 659 1794 773 69 704 1021 581 179 402 196 124 85 206 163 993 643 308 106 65 350 202 109 302 231
internal_count=6709 224 90 6485 1951 4534 659 1794 773 69 704 1021 581 179 402 196 124 85 206 163 993 643 308 106 65 350 202 109 302 231
is_linear=0
shrinkage=0.04


Tree=128
num_leaves=31
num_cat=0
split_feature=6 14 14 11 0 3 2 5 11 9 14 4 6 11 5 7 5 14 14 5 5 11 8 18 11 14 14 5 11 9
split_gain=0.588167 0.394189 0.456871 0.348671 0.323219 1.08537 0.692992 0.49672 0.666536 0.42621 0.432599 1.37067 0.712785 0.418523 0.393083 1.30974 0.434115 0.474736 0.400271 0.526211 0.627207 0.650372 1.3218 0.670053 0.596646 0.733113 0.867946 1.14123 0.565389 0.859092
threshold=1.4333333333333289 294.50000000000006 84.500000000000014 -12.249999999999998 23.450000000000003 20.250000000000004 17.550000000000004 49.100000000000009 17.950000000000003 114.50000000000001 13.500000000000002 9.3500000000000032 9.6750000000000007 25.750000000000004 26.350000000000005 17.283333333333335 20.650000000000002 179.50000000000003 56.500000000000007 10.850000000000003 12.050000000000002 0.55000000000000016 12.750000000000002 -0.70710678118654757 25.050000000000004 319.50000000000006 174.50000000000003 15.850000000000003 2.2500000000000004 83.500000000000014
decision_type=2 2 2 2 2 2 2 2 2 2 2 2 2 2 2 2 2 2 2 2 2 2 2 2 2 2 2 2 2 2
left_child=1 2 -1 -2 6 -6 9 8 -7 10 11 -5 -13 -8 15 16 18 -18 -12 28 -21 22 -22 -23 25 26 27 -25 29 -20
right_child=3 -3 -4 4 5 7 13 -9 -10 -11 14 12 -14 -15 -16 -17 17 -19 19 20 21 23 -24 24 -26 -27 -28 -29 -30 -31
leaf_value=0.0053143055107183158 0.0012452892525302774 0.0070007586850831813 -0.038124237849660209 -0.0079004861336213327 0.17144378829838897 0.010385194530872461 -0.026784044792274114 0.063642129853779719 -0.058575324350550198 -0.011644569512762808 -0.016758603146191989 0.026127873135382167 0.043816445952738821 0.01621514427318807 -0.061708580935189036 0.17836955190443587 0.024895711592119434 -0.0084395892440514847 -0.01227836162279732 -0.025170478800125028 -0.017363765073325727 -0.038770486016829947 0.025864847121133391 -0.0022370318891513615 -0.032238823869586972 0.04330087438345858 -0.007267200031021678 0.036111245691372092 -3.0086528837350457e-05 0.0028341738475597292
leaf_weight=26 31 25 228 80 40 27 202 38 75 132 371 25 26 27 53 25 25 25 1136 198 45 173 25 57 57 25 167 34 3205 106
leaf_count=26 31 25 228 80 40 27 202 38 75 132 371 25 26 27 53 25 25 25 1136 198 45 173 25 57 57 25 167 34 3205 106
internal_value=-0.000619375 -0.00241429 -0.00288628 -0.00054113 -0.000561876 0.00110497 -0.00061029 -0.000567377 -0.00201942 -0.000527459 -0.000476533 0.00178788 0.00684615 -0.00276522 -0.000528632 -0.000496212 -0.000537346 0.00313725 -0.000570715 -0.000480399 -0.00143734 -0.000773974 0.0028169 -0.00126848 -0.000234605 0.000521126 -0.000123553 0.003 -0.000312051 -0.0010362
internal_weight=6709 279 254 6430 6399 180 6219 140 102 5990 5858 131 51 229 5727 5674 5649 50 5599 5228 781 583 70 513 340 283 258 91 4447 1242
internal_count=6709 279 254 6430 6399 180 6219 140 102 5990 5858 131 51 229 5727 5674 5649 50 5599 5228 781 583 70 513 340 283 258 91 4447 1242
is_linear=0
shrinkage=0.04


Tree=129
num_leaves=31
num_cat=0
split_feature=10 12 7 4 10 19 14 3 3 9 10 13 18 5 7 3 9 20 18 8 5 2 13 13 14 14 5 7 4 4
split_gain=0.450719 0.801394 1.02947 1.13978 1.47747 2.54635 0.603287 0.480351 0.829448 0.478707 0.417393 0.874654 0.823384 0.753137 0.807956 1.09755 1.12107 1.26544 2.07162 1.08198 1.36984 1.07085 0.851978 1.48169 1.17545 1.18603 1.77679 1.36866 1.04769 1.32379
threshold=13.15 78.500000000000014 9.0770833333333361 6.8500000000000005 17.250000000000004 -0.60785761079279388 173.50000000000003 6.8500000000000005 4.7500000000000009 38.500000000000007 2.0500000000000003 9.1500000000000004 -0.12940952255126037 0.55000000000000016 2.8770833333333337 2.8500000000000001 87.500000000000014 1.0000000180025095e-35 0.25881904510252057 4.7500000000000009 7.4500000000000011 2.0500000000000003 4.2500000000000009 5.4500000000000011 153.50000000000003 119.50000000000001 4.0500000000000007 5.9854166666666684 9.3500000000000032 4.6500000000000012
decision_type=2 2 2 2 2 2 2 2 2 2 2 2 2 2 2 2 2 2 2 2 2 2 2 2 2 2 2 2 2 2
left_child=9 2 3 4 7 -6 -4 8 -2 -1 12 13 -11 -12 -15 16 17 18 19 20 -16 -20 -17 24 25 27 -27 -24 29 -28
right_child=1 -3 6 -5 5 -7 -8 -9 -10 10 11 -13 -14 14 15 22 -18 -19 21 -21 -22 -23 23 -25 -26 26 28 -29 -30 -31
leaf_value=-0.051194783407684977 -0.011390198398025698 -0.003003277230428716 0.00049999448757745901 0.034376192457953099 -0.017910521379111456 0.071981227965928027 -0.018386371706471824 -0.0084845160209978208 0.013435694553436251 -0.036317106677243291 0.029411804941716514 -0.024412928140326071 0.00037629190619935563 -0.023530405975898189 -0.01424707623879754 -0.006780134092940252 0.023108310443251904 -0.012285303130206954 0.0097061211953849459 0.065248392953249537 0.024401340501486662 -0.0080245674174528429 0.11864401620052309 -0.0094256368974556942 -0.00066864381912653279 -0.0052049391152124347 0.0090115546292562285 -0.014794311083331948 0.0020164712975032453 0.056124518733832576
leaf_weight=92 73 345 51 26 27 41 143 37 40 113 28 451 1221 549 47 1895 41 214 45 26 28 108 29 557 261 39 29 89 29 35
leaf_count=92 73 345 51 26 27 41 143 37 40 113 28 451 1221 549 47 1895 41 214 45 26 28 108 29 557 261 39 29 89 29 35
internal_value=-0.000559763 0.000341836 0.00147608 0.0032 0.00222831 0.00707246 -0.000697437 -9.47359e-10 0.00129824 -0.000678928 -0.00063342 -0.000817597 -1.1986e-05 -0.000631112 -0.000677276 -0.000451484 0.00126274 0.000699359 0.00260392 0.00701961 0.00447368 -0.000337663 -0.00074629 0.000157155 0.00171094 0.00366534 0.00625564 0.000739495 0.00923404 0.0120615
internal_weight=6709 783 438 244 218 68 194 150 113 5926 5834 4500 1334 4049 4021 3472 509 468 254 101 75 153 2963 1068 511 250 132 118 93 64
internal_count=6709 783 438 244 218 68 194 150 113 5926 5834 4500 1334 4049 4021 3472 509 468 254 101 75 153 2963 1068 511 250 132 118 93 64
is_linear=0
shrinkage=0.04


Tree=130
num_leaves=31
num_cat=0
split_feature=8 5 14 20 9 7 3 2 0 9 11 10 7 12 13 11 7 4 5 9 11 10 14 5 1 2 7 10 4 11
split_gain=0.636053 0.506054 0.494496 1.11069 1.15435 1.81836 1.38239 1.20521 1.09831 1.00882 3.25125 0.966159 1.62144 0.961218 0.812522 2.01701 0.642548 1.85898 1.31622 1.29325 1.47445 1.58102 0.600657 1.43271 1.05121 0.99245 1.31203 1.11084 1.55622 1.98608
threshold=1.3500000000000003 2.0500000000000003 188.50000000000003 -0.56174490092936669 54.500000000000007 5.3145833333333341 15.350000000000003 25.500000000000004 11.550000000000002 72.500000000000014 -0.84999999999999998 5.8500000000000005 5.4520833333333343 40.500000000000007 13.450000000000001 17.150000000000002 11.689583333333337 9.8500000000000032 9.2500000000000018 93.500000000000014 5.8500000000000005 2.7500000000000004 147.50000000000003 0.95000000000000007 4.1500000000000012 2.8500000000000001 2.7333333333333338 5.5500000000000007 3.2500000000000004 6.4500000000000011
decision_type=2 2 2 2 2 2 2 2 2 2 2 2 2 2 2 2 2 2 2 2 2 2 2 2 2 2 2 2 2 2
left_child=1 -1 22 4 5 -4 9 13 -7 -6 -11 -12 -13 -8 16 -16 17 -5 19 20 -19 -22 25 -24 -25 26 -2 28 29 -28
right_child=2 -3 3 14 6 8 7 -9 -10 10 11 12 -14 -15 15 -17 -18 18 -20 -21 21 -23 23 24 -26 -27 27 -29 -30 -31
leaf_value=-0.002244766065691399 -0.035441598053298544 -0.036995429408441208 0.021251250835340078 -0.0049857189698898101 -0.023013437405480234 -0.0155869583548121 0.14105275222856842 -0.016721119897721938 0.034239568123502311 0.017965196574619157 -0.0061392006929068491 0.22629267328851033 -0.010222921003966615 0.060518083296334797 -0.026040661050363286 0.054522461639875085 -0.010714222292035773 0.0045960597724042512 -0.0065640425885426712 -0.0021093551445022295 0.019860897739834966 0.17505016330709375 0.02310402233634043 -0.033164974477961441 -0.0016727854671521297 -0.0027172728551116145 0.14162135031845297 -0.0025991441917902107 0.0063894442314250234 0.014081702940825076
leaf_weight=111 135 203 40 1153 265 63 25 28 30 35 234 28 26 26 51 45 284 39 55 37 26 27 26 549 1350 1539 26 90 128 28
leaf_count=111 135 203 40 1153 265 63 25 28 30 35 234 28 26 26 51 45 284 39 55 37 26 27 26 549 1350 1539 26 90 128 28
internal_value=-0.000454723 -0.00220952 -0.000368134 6.83072e-05 0.00129838 0.00468657 0.000616766 0.00555 0.00157447 -5.43303e-05 0.00144444 2.76807e-05 0.0048 0.00915385 -0.00050524 0.00305155 -0.000717634 -0.000349777 0.00337297 0.00556923 0.00808602 0.0123704 -0.00065186 -0.00115265 -0.00128211 -0.000156139 0.00159804 0.00319414 0.00498361 0.0106182
internal_weight=6702 314 6388 2517 800 133 667 79 93 588 323 288 54 51 1717 96 1621 1337 184 129 92 53 3871 1925 1899 1946 407 272 182 54
internal_count=6702 314 6388 2517 800 133 667 79 93 588 323 288 54 51 1717 96 1621 1337 184 129 92 53 3871 1925 1899 1946 407 272 182 54
is_linear=0
shrinkage=0.04


Tree=131
num_leaves=31
num_cat=0
split_feature=13 11 8 7 12 7 20 11 20 3 0 14 10 11 11 0 1 7 0 1 14 1 9 3 14 11 11 11 4 7
split_gain=0.51707 1.1225 0.629767 0.933649 0.813067 0.760131 0.834978 0.655146 0.584065 0.677416 0.515922 0.453649 0.492453 1.13857 0.814987 0.792871 0.892863 0.677518 0.875696 0.946926 1.17759 1.56904 0.71748 0.659586 1.33722 0.814177 0.986211 0.771746 0.749238 1.00855
threshold=9.1500000000000004 12.250000000000002 2.3500000000000001 5.3937500000000007 35.500000000000007 10.497916666666669 0.81174490092936691 14.250000000000002 1.0000000180025095e-35 14.050000000000002 8.6500000000000004 357.50000000000006 3.6500000000000008 23.450000000000003 -2.7499999999999996 2.3500000000000001 1.9500000000000002 6.9270833333333348 10.350000000000003 7.8500000000000005 254.50000000000003 9.4500000000000011 82.500000000000014 2.2500000000000004 88.500000000000014 6.1500000000000012 7.2500000000000009 8.5500000000000025 5.9500000000000011 5.793750000000002
decision_type=2 2 2 2 2 2 2 2 2 2 2 2 2 2 2 2 2 2 2 2 2 2 2 2 2 2 2 2 2 2
left_child=11 -2 3 4 -3 7 8 -4 9 -7 -9 12 13 14 -1 -14 -17 -15 19 22 21 -21 -19 24 -16 -25 -27 -26 -28 -30
right_child=1 2 5 -5 -6 6 -8 10 -10 -11 -12 -13 15 17 23 16 -18 18 -20 20 -22 -23 -24 25 27 26 28 -29 29 -31
leaf_value=0.0069447287494833719 -0.034654616139360515 0.052230689401357583 0.014977848131361054 -0.015799368471091469 0.0050647077127775773 0.0171839670646667 0.019218434366473372 -0.032651504707311568 -0.075731495554843931 -0.082250856397811309 0.0020600926207484747 -0.010466300383637087 -0.023511101573873497 -0.023959545877985173 0.092784569569460379 0.016639745999005633 -0.001359598256708039 0.007825723924334756 -0.026778918947187785 0.032462407071092526 -0.0090775774637907522 -0.0014247737302996307 -0.032211989149391378 -0.015311106357298271 -0.014523929101299508 0.048784070892907067 -0.0064539137207441323 0.032373595540941616 0.025649872496258733 0.0011131604139002712
leaf_weight=30 435 26 31 41 35 36 31 233 38 27 69 76 478 142 32 36 3884 30 155 34 42 32 72 122 60 33 136 25 45 236
leaf_count=30 435 26 31 41 35 36 31 233 38 27 69 76 478 142 32 36 3884 30 155 34 42 32 72 122 60 33 136 25 45 236
internal_value=-0.000526332 -0.00136391 -0.000190142 0.00264078 0.00574193 -0.000815452 0.00174436 -0.00183234 -3.92166e-05 0.0023125 -0.00240264 -0.000378882 -0.000337068 0.000371637 0.00139444 -0.000534668 -0.000346851 -0.00107874 -0.000163935 0.00151659 0.00411009 0.00740298 -0.00124272 0.00110725 0.00383051 0.000544502 0.00133038 0.00116279 0.000794257 0.00197163
internal_weight=6702 1002 567 102 61 465 132 333 101 63 302 5700 5624 1226 719 4398 3920 507 365 210 108 66 102 689 117 572 450 85 417 281
internal_count=6702 1002 567 102 61 465 132 333 101 63 302 5700 5624 1226 719 4398 3920 507 365 210 108 66 102 689 117 572 450 85 417 281
is_linear=0
shrinkage=0.04


Tree=132
num_leaves=31
num_cat=0
split_feature=6 14 14 15 11 5 8 0 7 3 0 14 7 12 2 4 11 0 14 11 2 5 1 0 11 16 20 2 10 11
split_gain=0.627871 0.415859 0.391777 0.342051 1.42171 0.673198 1.3296 1.01621 0.534381 0.531744 1.05113 1.96619 1.21482 1.31718 0.753118 1.6067 0.859656 0.811014 0.975514 0.700392 0.63041 0.616629 1.09147 1.98162 1.046 0.626579 0.596206 0.585696 1.09761 3.23495
threshold=1.4333333333333289 357.50000000000006 90.500000000000014 1.0000000180025095e-35 20.450000000000003 3.3500000000000001 3.7500000000000004 2.6500000000000008 5.1354166666666679 7.0500000000000007 9.8500000000000032 126.50000000000001 6.8312500000000007 63.500000000000007 5.0500000000000007 9.8500000000000032 16.750000000000004 8.4500000000000011 16.500000000000004 14.250000000000002 8.4500000000000011 8.9500000000000011 9.2500000000000018 12.350000000000003 18.150000000000002 27.500000000000004 1.0000000180025095e-35 11.450000000000001 8.0500000000000025 2.7500000000000004
decision_type=2 2 2 2 2 2 2 2 2 2 2 2 2 2 2 2 2 2 2 2 2 2 2 2 2 2 2 2 2 2
left_child=2 3 -1 9 5 -5 7 8 -7 10 -2 -12 -13 -14 15 -11 -17 18 -16 27 -15 22 -21 -24 -25 -23 -26 28 29 -19
right_child=1 -3 -4 4 -6 6 -8 -9 -10 14 11 12 13 20 17 16 -18 19 -20 21 -22 25 23 24 26 -27 -28 -29 -30 -31
leaf_value=0.001246079325164352 -0.00082029702455681101 -0.0096345031850385305 -0.01930362787951875 -0.028424321406903225 0.059397441848350524 0.004082694470338548 -0.028735196350790915 0.017080780258587377 -0.031350210443329668 -0.013348567210365841 0.061211640323383859 -0.016513855132661116 -0.013112664501319761 0.15477265844135674 0.0063147405760937579 0.037384981113925853 0.0017269612200776902 0.066480820130735294 -0.017694326886618508 0.034934933638200896 0.00074666053020402859 0.073706285803794569 -0.0094900973960831952 0.18518251385542492 0.036307728141702182 -0.0027153038216451036 -0.033622526301457491 -0.015323904455557251 -0.0048643871689784922 -0.0097725184741248531
leaf_weight=25 3006 74 251 211 46 25 317 44 31 93 41 107 46 30 39 30 32 31 740 40 36 37 138 49 40 595 40 292 163 53
leaf_count=25 3006 74 251 211 46 25 317 44 31 93 41 107 46 30 39 30 32 31 740 40 36 37 138 49 40 595 40 292 163 53
internal_value=-0.0005323 -0.000451845 -0.00239711 -0.000416812 -0.00126815 -0.00176789 -0.000832537 0.00316832 -0.000421054 -0.000315549 1.71402e-05 0.00245211 0.000927272 0.00382301 -0.000765853 0.00192308 0.00685714 -0.000951285 -0.00199487 -0.000400271 0.00740298 0.000259574 0.00172727 0.000791044 0.00433846 -0.000454977 0.00148148 -0.00154815 -0.000112904 0.00357647
internal_weight=6702 6426 276 6352 674 628 417 100 56 5678 3266 260 219 112 2412 155 62 2257 779 1478 66 939 307 267 129 632 80 539 247 84
internal_count=6702 6426 276 6352 674 628 417 100 56 5678 3266 260 219 112 2412 155 62 2257 779 1478 66 939 307 267 129 632 80 539 247 84
is_linear=0
shrinkage=0.04


Tree=133
num_leaves=31
num_cat=0
split_feature=6 14 18 17 7 11 7 9 1 5 2 20 9 16 14 2 10 16 12 11 16 10 2 16 9 16 12 3 12 9
split_gain=0.530668 0.36834 0.358015 0.699907 0.767743 1.03456 1.71057 1.58971 0.860152 0.570995 0.916029 0.546417 0.443848 1.09122 0.434639 0.407166 1.11309 0.918175 0.396203 0.910743 0.779936 0.832177 1.24475 1.92753 1.56346 1.16046 1.0075 0.662623 0.701549 0.650927
threshold=1.4333333333333289 90.500000000000014 0.91597561503675351 -1.0000000180025095e-35 4.4895833333333348 14.050000000000002 3.2854166666666673 73.500000000000014 13.050000000000002 3.6500000000000008 9.8500000000000032 1.0000000180025095e-35 102.50000000000001 797.50000000000011 357.50000000000006 1.4500000000000002 4.8500000000000005 647.50000000000011 32.500000000000007 15.65 1882.5000000000002 7.3500000000000005 5.7500000000000009 82.500000000000014 65.500000000000014 317.50000000000006 65.500000000000014 11.850000000000003 37.500000000000007 64.500000000000014
decision_type=2 2 2 2 2 2 2 2 2 2 2 2 2 2 2 2 2 2 2 2 2 2 2 2 2 2 2 2 2 2
left_child=1 -1 14 9 5 6 -5 -8 12 -4 11 -11 -6 -14 15 16 17 -2 -17 27 21 25 23 24 -23 -21 -27 28 -20 -24
right_child=2 -3 3 4 8 -7 7 -9 -10 10 -12 -13 13 -15 -16 18 -18 -19 19 20 -22 22 29 -25 -26 26 -28 -29 -30 -31
leaf_value=0.001196236152157766 0.074496233762741851 -0.018531482764337994 0.00042217194195566922 -0.023580034576766683 -0.013718894436627296 -0.033518813674419723 0.0047264193458915037 0.034843464408920541 0.031608069252868798 0.05179768719478875 -0.0020181576597540101 0.0060579533812527425 0.0015418584941676871 -0.028856841647843377 -0.018554739427059826 -0.010814319201276814 -0.014400788932939206 -0.00015167014670301591 0.0086760964533763515 -0.017598021021724111 0.016209500981513917 -0.018459500533097185 0.0067080976179674625 0.15225952328509498 0.041484600298640609 -0.00046498004952227347 0.030031808537363595 -0.017158189448876333 -0.0026351834519528525 -0.0083821140857967477
leaf_weight=25 25 251 133 61 259 36 26 25 39 49 34 42 38 42 60 579 76 25 29 217 29 56 302 28 29 458 48 359 3169 153
leaf_count=25 25 251 133 61 259 36 26 25 39 49 34 42 38 42 60 579 76 25 29 217 29 56 302 28 29 458 48 359 3169 153
internal_value=-0.000538267 -0.00225271 -0.000464292 0.000336305 -0.00050095 0.00193288 0.00382301 0.00915385 -0.00145647 0.00203861 0.00396825 0.00604348 -0.00210588 0.000493826 -0.000575581 -0.000538779 0.00170079 0.00627451 -0.000590802 -0.000473146 0.00042392 0.000275541 0.00142003 0.00515789 0.00209302 -0.00062431 0.000426035 -0.000806072 -0.000622696 0.000482455
internal_weight=6702 276 6426 784 526 148 112 51 378 258 125 91 339 80 5642 5582 126 50 5456 4877 1320 1291 568 113 85 723 506 3557 3198 455
internal_count=6702 276 6426 784 526 148 112 51 378 258 125 91 339 80 5642 5582 126 50 5456 4877 1320 1291 568 113 85 723 506 3557 3198 455
is_linear=0
shrinkage=0.04


Tree=134
num_leaves=31
num_cat=0
split_feature=1 14 20 9 7 12 14 0 17 10 13 3 20 3 13 14 5 14 11 14 19 13 8 6 17 12 11 10 19 11
split_gain=0.409356 0.315487 0.773976 1.0276 1.49274 1.05777 1.62235 0.986656 0.888055 1.44034 1.09711 1.01488 0.857733 0.813121 1.78635 1.3349 0.757331 0.693748 0.542239 0.537671 1.14539 1.10135 1.14219 0.840805 1.55698 1.5669 0.818668 1.29795 0.769767 1.08123
threshold=0.55000000000000016 184.50000000000003 -0.56174490092936669 54.500000000000007 5.3145833333333341 52.500000000000007 323.50000000000006 11.950000000000001 0.60355339059327384 1.3500000000000003 9.0500000000000025 3.8500000000000001 0.81174490092936691 11.050000000000002 4.7500000000000009 192.50000000000003 1.4500000000000002 292.50000000000006 17.650000000000002 152.50000000000003 -0.60785761079279388 3.9500000000000006 17.150000000000002 5.1499999999999977 -1.0000000180025095e-35 58.500000000000007 11.050000000000002 2.6500000000000008 0.6078576107927941 0.45000000000000007
decision_type=2 2 2 2 2 2 2 2 2 2 2 2 2 2 2 2 2 2 2 2 2 2 2 2 2 2 2 2 2 2
left_child=-1 19 3 4 -3 6 8 -6 9 17 -11 -10 -4 15 18 -14 -17 -5 -15 20 21 -2 23 24 25 -23 27 -22 -29 -30
right_child=1 2 12 5 7 -7 -8 -9 11 10 -12 -13 13 14 -16 16 -18 -19 -20 -21 26 22 -24 -25 -26 -27 -28 28 29 -31
leaf_value=-0.027027090944882745 -0.0012954811761911997 0.018821265693807789 -0.0046020734449142633 -0.00039471127946886494 -0.0091021471846458799 -0.0094152643183089465 -0.042598720890793564 0.027764322128799528 0.21280122917523225 0.076584556846438459 0.0017110750263674697 -0.0091752398652463207 0.014885931349911242 -0.0072210446836480048 0.10841667921840571 0.042314264702222742 -0.0075415668324570187 0.037090619951967468 0.0037908340269847515 -0.0056189202066150943 0.024542577950858221 -0.00011820450088310544 0.19542210816451286 0.00023944378694972898 -0.017755133302059554 0.14895925496246715 -0.015063493865145976 -0.012635939435173561 0.030947515957380364 -0.0010445180718854623
leaf_weight=78 300 46 1545 69 68 385 86 28 26 47 25 64 41 32 41 25 238 39 25 1647 71 33 27 173 40 49 595 531 62 266
leaf_count=78 300 46 1545 69 68 385 86 28 26 47 25 64 41 32 41 25 238 39 25 1647 71 33 27 173 40 49 595 531 62 266
internal_value=-0.00058004 -0.000545812 -0.000226069 0.000755655 0.00386014 0.000156333 0.00172549 0.00098969 0.00324723 0.00486188 0.00920548 -9.43194e-10 -0.000671459 0.000972704 0.00412121 -5.246e-05 -0.00110606 0.00190826 -0.00048276 -0.000784191 -0.000366854 0.00107865 0.00269969 0.00195946 0.0044878 0.00761446 -0.000956751 -0.000214824 -0.000646513 0.000875379
internal_weight=6702 6624 2830 883 142 741 356 96 270 180 72 90 1947 402 98 304 263 108 57 3794 2147 622 322 295 122 82 1525 930 859 328
internal_count=6702 6624 2830 883 142 741 356 96 270 180 72 90 1947 402 98 304 263 108 57 3794 2147 622 322 295 122 82 1525 930 859 328
is_linear=0
shrinkage=0.04


Tree=135
num_leaves=31
num_cat=0
split_feature=13 7 11 11 5 12 7 5 11 9 9 19 1 7 16 2 18 4 8 9 12 0 16 18 19 9 5 16 8 5
split_gain=0.57811 0.602397 1.03633 1.57559 1.31563 0.868594 1.96873 1.84801 1.57109 1.11224 1.02948 1.05865 1.09534 0.800731 1.12261 1.50826 1.01244 1.7817 0.917171 1.15789 1.89674 1.24057 0.858183 1.07422 1.85656 2.38046 1.84033 1.73379 1.14505 2.01461
threshold=16.750000000000004 5.9104166666666673 -5.8499999999999988 -0.44999999999999996 5.6500000000000012 84.500000000000014 2.1854166666666672 9.6500000000000004 2.3500000000000001 73.500000000000014 63.500000000000007 -1.0000000180025095e-35 4.5500000000000007 5.3645833333333348 2107.5000000000005 3.3500000000000001 -0.70710678118654757 4.2500000000000009 5.9500000000000011 71.500000000000014 28.500000000000004 2.9500000000000006 522.50000000000011 0.60355339059327384 -0.60785761079279388 80.500000000000014 2.4500000000000006 27.500000000000004 9.1500000000000004 3.0500000000000003
decision_type=2 2 2 2 2 2 2 2 2 2 2 2 2 2 2 2 2 2 2 2 2 2 2 2 2 2 2 2 2 2
left_child=1 2 4 -4 -1 13 -7 8 -8 10 11 -10 -13 14 22 -16 17 -15 19 -18 -21 -22 23 28 -25 27 -27 -26 -5 -30
right_child=-2 -3 3 5 -6 6 7 -9 9 -11 -12 12 -14 16 15 -17 18 -19 -20 20 21 -23 -24 24 25 26 -28 -29 29 -31
leaf_value=0.0036079495110568384 -0.061033613823094336 -0.0033133383641376535 -0.024121526195958528 -0.01181182071133908 0.024477908623241992 0.03809477334243503 -0.041111033310462244 0.021280167508018939 0.0028692450744765745 0.024958531410259027 -0.015939726069797745 0.032858703345844197 0.01656377475648451 -0.024360509923266709 5.7020232832907874e-05 0.061851833905964333 -0.017337300600821792 0.25809803347026172 -0.018249893915868582 -0.046407455640679468 0.010658776300313127 0.031590882647643474 -0.015396854464363261 -0.028302661934200068 0.029245481897354427 0.0042198973272658978 0.042538192460474272 -0.0029789973137795485 0.044651329821453922 -0.0032053919202525826
leaf_weight=84 121 3327 447 885 25 27 179 34 112 25 89 31 38 31 58 28 50 26 90 26 39 26 434 106 27 29 32 164 26 68
leaf_count=84 121 3327 447 885 25 27 179 34 112 25 89 31 38 31 58 28 50 26 90 26 39 26 434 106 27 29 32 164 26 68
internal_value=-0.000582798 -0.000531994 -0.000143344 -0.000277495 0.00367273 8.95179e-05 0.00152985 0.000958742 0.000303157 0.00209459 0.00132841 0.00305494 0.00691428 -0.000270271 -0.000574813 0.00386207 0.00168858 0.00641379 0.000499999 0.00250704 0.00517391 0.00878788 -0.000792326 -0.000289986 0.00158217 0.00344664 0.0102581 0.00122917 -0.000975511 0.0032
internal_weight=6684 6563 3236 3127 109 2680 535 508 474 295 270 181 69 2145 1857 86 288 57 231 141 91 65 1771 1337 358 252 61 191 979 94
internal_count=6684 6563 3236 3127 109 2680 535 508 474 295 270 181 69 2145 1857 86 288 57 231 141 91 65 1771 1337 358 252 61 191 979 94
is_linear=0
shrinkage=0.04


Tree=136
num_leaves=31
num_cat=0
split_feature=8 7 11 19 11 12 7 5 20 5 5 18 5 14 14 7 2 13 17 11 10 10 12 16 1 8 7 18 14 1
split_gain=0.573167 0.519024 1.12256 1.28114 1.02693 2.13015 2.77737 1.43764 1.11951 1.32822 0.964049 1.01773 0.925316 1.34518 1.05164 0.920677 1.50336 1.42687 2.25505 0.850283 1.08718 1.02912 1.02471 1.11922 0.930971 0.919027 0.910107 0.919133 1.20924 0.812372
threshold=1.4500000000000002 5.9104166666666673 -5.8499999999999988 -1.0000000180025095e-35 1.8500000000000003 84.500000000000014 2.777083333333334 8.3500000000000032 -0.22252093395631442 5.4500000000000011 2.8500000000000001 1.0000000180025095e-35 3.0500000000000003 287.50000000000006 112.50000000000001 5.4854166666666675 5.7500000000000009 6.8500000000000005 -1.0000000180025095e-35 15.65 11.15 11.850000000000003 37.500000000000007 132.50000000000003 2.3500000000000001 6.9500000000000011 11.80625 -0.78656609248549325 185.50000000000003 4.5500000000000007
decision_type=2 2 2 2 2 2 2 2 2 2 2 2 2 2 2 2 2 2 2 2 2 2 2 2 2 2 2 2 2 2
left_child=-1 2 3 -2 12 15 -7 8 -8 10 -10 -12 -4 14 -14 -6 17 18 -17 22 24 -22 -3 29 -21 -26 27 -23 -29 -24
right_child=1 19 4 -5 5 6 7 -9 9 -11 11 -13 13 -15 -16 16 -18 -19 -20 20 21 26 23 -25 25 -27 -28 28 -30 -31
leaf_value=-0.014745096083863339 0.022152039723317283 0.015129729319563918 -0.029106008989884309 -0.00278448299527928 -0.0032060763795590461 0.035768452618186217 -0.018571348295191824 0.022750018979367664 -7.7431068160693667e-05 -0.054672795626351176 0.033606451889259897 0.0063206029315200146 0.029500537503949195 0.021741615308784063 -0.0085927623998770363 0.11792853853933716 -0.043060241425626887 -0.00241538017311607 0.039530268451935163 0.013935854499692547 0.073064522999619505 -0.0057384146473074818 0.0041133823100203909 -0.03996516463913944 -0.026372624581475851 -0.00086533550941603405 -0.0047473372593918673 0.05191230863789062 0.020509086019634911 -0.0051531542250546859
leaf_weight=352 51 41 327 62 1536 36 124 40 42 41 31 32 31 25 444 27 87 38 41 44 26 45 145 447 287 1056 141 27 38 1020
leaf_count=352 51 41 327 62 1536 36 124 40 42 41 31 32 31 25 444 27 87 38 41 44 26 45 145 447 287 1056 141 27 38 1020
internal_value=-0.000606732 -0.000519186 -0.000139258 0.00375439 -0.000292113 0.000183043 0.00304323 0.00180064 0.000738006 0.00310204 0.0054717 0.0085625 -0.00148309 -0.000399203 -0.000882354 -0.000390752 0.00220618 0.00538318 0.00881159 -0.000864377 -0.000225827 0.00205755 -0.00150665 -0.00166646 -0.000682998 -0.000872025 0.00125397 0.00396396 0.0069697 -0.00101201
internal_weight=6684 6332 3015 113 2902 2075 346 310 270 146 105 63 827 500 475 1729 193 106 68 3317 1664 277 1653 1612 1387 1343 251 110 65 1165
internal_count=6684 6332 3015 113 2902 2075 346 310 270 146 105 63 827 500 475 1729 193 106 68 3317 1664 277 1653 1612 1387 1343 251 110 65 1165
is_linear=0
shrinkage=0.04


Tree=137
num_leaves=31
num_cat=0
split_feature=13 20 5 20 0 1 7 3 1 11 4 7 16 9 7 1 0 8 9 11 11 5 16 9 9 6 5 5 18 9
split_gain=0.496067 0.462214 1.05383 1.3701 1.02767 2.382 0.942079 2.27805 0.80739 1.23658 1.8001 1.0412 0.865066 0.846639 1.85957 0.974712 0.784603 1.00386 0.810702 0.948992 1.86125 2.42297 2.46785 0.773018 1.1521 0.918067 0.991918 1.31291 2.17691 1.34322
threshold=17.650000000000002 1.0000000180025095e-35 17.350000000000005 -0.22252093395631442 19.650000000000002 46.20000000000001 2.2354166666666671 2.7500000000000004 10.350000000000003 -6.3499999999999988 4.1500000000000012 13.293750000000001 2582.5000000000005 55.500000000000007 3.1395833333333334 4.5500000000000007 10.15 11.850000000000003 78.500000000000014 8.7500000000000018 14.250000000000002 3.6500000000000008 962.50000000000011 62.500000000000007 78.500000000000014 3.6833333333333322 12.350000000000003 8.4500000000000011 -0.60355339059327384 65.500000000000014
decision_type=2 2 2 2 2 2 2 2 2 2 2 2 2 2 2 2 2 2 2 2 2 2 2 2 2 2 2 2 2 2
left_child=1 2 8 4 -4 -6 7 -3 9 10 -1 12 13 14 15 -11 18 -18 -15 -20 21 22 -21 -8 25 -25 27 29 -29 -27
right_child=-2 6 3 -5 5 -7 23 -9 -10 11 -12 -13 -14 16 -16 -17 17 -19 19 20 -22 -23 -24 24 -26 26 -28 28 -30 -31
leaf_value=0.021119730757210992 -0.058400887106343252 -0.0060749291986626599 -0.016326740587523099 0.15129031324953668 0.14494654279695524 -0.04601601874026516 -0.012967348546341207 0.036241454642117969 -0.008711435640803105 0.015597028847734272 -0.025655624536167515 0.043388309428396145 0.031620237274400852 -0.0065994234220136125 0.00019683069493236287 0.030258084611589131 0.081852549239896891 -0.0087908249972687719 -0.0089961333185349969 0.028997412544028926 -0.000381986665513722 -0.0053740590533011045 0.0041815034038039534 -0.014223406492647155 -0.0067801320623841737 0.02614099324755632 -0.002542303840186702 0.01825732643265578 0.001968446211743931 -0.0016980311580416956
leaf_weight=36 90 73 55 38 32 37 909 25 613 27 40 33 49 1449 445 25 26 29 324 34 359 54 39 335 928 73 135 41 70 261
leaf_count=36 90 73 55 38 32 37 909 25 613 27 40 33 49 1449 445 25 26 29 324 34 359 54 39 335 928 73 135 41 70 261
internal_value=-0.000582798 -0.00054223 -0.000249934 0.0028957 0.000831999 0.00405714 -0.000925992 0.00290909 -0.000392968 -0.000119866 0.00488312 -0.000252938 -0.000335548 -0.000428166 0.00106827 0.00815094 -0.000749893 0.00392857 -0.000865488 0.000147965 0.00126489 0.00540625 0.0101081 -0.00106357 -0.000592192 0.000414846 0.00137694 0.00228699 0.00603571 0.00102686
internal_weight=6684 6594 3744 162 124 69 2850 98 3582 2969 76 2893 2860 2811 497 52 2314 55 2259 810 486 127 73 2752 1843 915 580 445 111 334
internal_count=6684 6594 3744 162 124 69 2850 98 3582 2969 76 2893 2860 2811 497 52 2314 55 2259 810 486 127 73 2752 1843 915 580 445 111 334
is_linear=0
shrinkage=0.04


Tree=138
num_leaves=31
num_cat=0
split_feature=7 11 5 11 12 16 11 16 10 14 10 16 5 7 4 2 9 8 18 14 16 14 3 4 12 11 7 9 14 9
split_gain=0.616856 1.06959 1.31193 1.26092 1.00313 1.01103 0.980965 0.896535 1.65235 1.62559 0.839228 0.723037 0.721599 1.05644 0.71903 0.713943 0.703716 0.686878 0.669826 0.60799 0.601387 0.597138 0.582461 0.547105 0.533135 2.39044 1.77735 1.622 1.72336 1.0612
threshold=5.9104166666666673 -5.8499999999999988 5.6500000000000012 -0.44999999999999996 65.500000000000014 2107.5000000000005 16.750000000000004 367.50000000000006 3.4500000000000006 126.50000000000001 3.6500000000000008 12.500000000000002 2.0500000000000003 4.6312500000000005 3.8500000000000001 3.3500000000000001 77.500000000000014 2.5500000000000003 -0.5 17.500000000000004 1362.5000000000002 112.50000000000001 2.7500000000000004 31.850000000000005 84.500000000000014 1.9500000000000002 2.5854166666666671 73.500000000000014 195.50000000000003 63.500000000000007
decision_type=2 2 2 2 2 2 2 2 2 2 2 2 2 2 2 2 2 2 2 2 2 2 2 2 2 2 2 2 2 2
left_child=1 2 10 14 5 12 7 8 9 -6 -1 -10 13 16 -3 17 -5 -7 -16 -2 -18 22 -21 -24 -13 -26 -27 28 29 -28
right_child=19 3 -4 4 6 15 -8 -9 11 -11 -12 24 -14 -15 18 -17 20 -19 -20 21 -22 -23 23 -25 25 26 27 -29 -30 -31
leaf_value=0.0057869708866222841 0.0047161518765913143 -0.031626090501886459 0.022890528915529326 0.0029810706502739772 0.10266303531702033 0.015185142584639688 0.046767956705312377 -0.042954269824121781 0.0072101830051586116 0.0062636951097841389 -0.0046780570723612899 -0.0024274795831198764 -0.010861847619775709 0.0071809152750368366 -0.036716071683834305 0.045113824879341846 -0.03966979614205584 -0.016266324905699407 0.013781525893723714 0.0092170155344319486 0.0023883992983744439 -0.0020610333911683996 -0.02658903123755512 0.042817101354674841 -0.042684659507240347 0.035267362263741615 0.012011148662842211 0.031168753511000472 0.011787097794688225 -0.027330651742410516
leaf_weight=29 151 339 25 72 43 25 30 111 41 54 61 809 793 48 48 39 113 40 68 26 39 2648 524 29 147 28 151 28 49 76
leaf_count=29 151 339 25 72 43 25 30 111 41 54 61 809 793 48 48 39 113 40 68 26 39 2648 524 29 147 28 151 28 49 76
internal_value=-0.000540913 -0.000152405 0.00362069 -0.000289475 3.50739e-05 -0.000851283 0.000696428 0.000553965 0.000824106 0.00583673 0.00131868 0.000454134 -0.00121951 0.000556776 -0.00223684 0.00289524 -0.000604445 0.000303029 0.000478632 -0.000920983 -0.00214379 -0.00103718 -0.0022 -0.00247654 0.000285492 0.00134167 0.00321922 0.0023082 0.0013574 -0.000122808
internal_weight=6684 3306 115 3191 2736 1169 1567 1537 1426 97 90 1329 1065 272 455 104 224 65 116 3378 152 3227 579 553 1288 479 332 304 276 227
internal_count=6684 3306 115 3191 2736 1169 1567 1537 1426 97 90 1329 1065 272 455 104 224 65 116 3378 152 3227 579 553 1288 479 332 304 276 227
is_linear=0
shrinkage=0.04


Tree=139
num_leaves=31
num_cat=0
split_feature=8 6 8 17 0 7 4 13 7 17 4 16 11 6 0 9 3 11 8 12 11 13 9 20 4 1 17 5 4 12
split_gain=0.539018 0.538972 0.700292 0.58905 1.33134 1.23421 0.880801 0.834786 0.760919 2.33275 1.31761 1.11912 0.818626 1.2431 1.81884 1.43639 2.3813 1.14383 1.54036 1.13307 1.37879 1.11052 1.02881 0.9944 1.34556 2.1982 2.22902 1.33647 0.895484 0.802253
threshold=1.4500000000000002 6.8166666666666655 7.0500000000000007 0.78656609248549325 6.3500000000000005 3.4729166666666669 1.3500000000000003 5.9500000000000011 9.0062500000000014 -0.25881904510252113 14.350000000000003 532.50000000000011 -0.44999999999999996 2.6499999999999964 2.3500000000000001 75.500000000000014 1.7500000000000002 -5.0499999999999989 3.4500000000000006 61.500000000000007 10.750000000000002 2.1500000000000008 89.500000000000014 -0.56174490092936669 2.9500000000000006 4.5500000000000007 0.37940952255126054 2.7500000000000004 3.6500000000000008 74.500000000000014
decision_type=2 2 2 2 2 2 2 2 2 2 2 2 2 2 2 2 2 2 2 2 2 2 2 2 2 2 2 2 2 2
left_child=-1 3 -3 6 -5 -6 -2 -7 11 10 -10 12 17 14 28 16 -16 18 -8 22 23 -18 -15 -21 25 -25 -27 -26 -14 -22
right_child=1 2 -4 4 5 7 8 -9 9 -11 -12 -13 13 19 15 -17 21 -19 -20 20 29 -23 -24 24 27 26 -28 -29 -30 -31
leaf_value=-0.013575162889067845 -0.019261943886840577 -0.025949844834483943 -0.0021488386323223149 -0.022588225169762628 0.060915381839182756 -0.0016519332200132222 0.011581311861053495 0.010240109889408178 0.021060193633420595 -0.0200987601290195 0.0030290592382508884 -0.0032884086684439448 0.020118604401026051 -0.024675257050798965 0.028262830808782093 0.035292419531026208 0.019362721152446635 -0.013642538233676435 -0.013674015847543833 -0.007810236561055465 0.11089894361447578 -0.034198652255293636 0.0026841204612009541 -0.045399683070077392 -0.026412062580027595 0.11795235657679054 0.02363820662190386 0.010843971646407215 -0.024502992993864773 0.0030608740627996573
leaf_weight=352 215 270 2518 555 30 141 31 25 32 72 34 684 97 191 42 33 25 254 64 190 56 52 79 70 116 33 31 243 100 49
leaf_count=352 215 270 2518 555 30 141 31 25 32 72 34 684 97 191 42 33 25 254 64 190 56 52 79 70 116 33 31 243 100 49
internal_value=-0.000540913 -0.000456025 -0.000871998 -0.000128633 -0.00112234 0.00170558 0.000138868 0.000335328 0.000344319 0.00322302 0.00859701 0.000180253 0.000714854 0.00114489 0.00321143 0.00648366 0.00436667 -0.00101714 0.00270833 0.000460811 0.00122687 0.000153845 -0.00177122 0.000567251 0.00151417 0.00491852 0.0102154 0.000233332 0.000666666 0.0054717
internal_weight=6684 6332 2788 3544 751 196 2793 166 2578 138 66 2440 1756 1407 349 152 119 349 95 1058 788 77 270 683 493 134 64 359 197 105
internal_count=6684 6332 2788 3544 751 196 2793 166 2578 138 66 2440 1756 1407 349 152 119 349 95 1058 788 77 270 683 493 134 64 359 197 105
is_linear=0
shrinkage=0.04


Tree=140
num_leaves=31
num_cat=0
split_feature=9 15 11 5 9 11 10 7 14 4 2 0 14 9 13 5 3 4 7 6 0 5 0 9 5 3 2 6 5 12
split_gain=0.66667 0.567729 0.78273 0.550965 0.927861 1.98064 1.95132 0.929994 0.794687 0.735784 0.695702 1.38367 1.02236 1.29732 0.618795 0.551463 0.758184 0.724015 0.615871 0.886794 1.05161 1.11007 0.869495 1.06011 1.04374 1.00162 0.948734 1.41671 0.869321 0.835605
threshold=38.500000000000007 1.0000000180025095e-35 20.450000000000003 1.4500000000000002 81.500000000000014 3.7500000000000004 4.5500000000000007 2.0687500000000005 185.50000000000003 1.3500000000000003 14.550000000000002 14.350000000000003 122.50000000000001 53.500000000000007 2.0500000000000003 10.15 14.250000000000002 14.850000000000003 7.3854166666666679 7.2999999999999998 7.5500000000000007 9.6500000000000004 4.9500000000000011 93.500000000000014 3.8500000000000001 12.65 9.3500000000000032 10.341666666666667 3.9500000000000006 70.500000000000014
decision_type=2 2 2 2 2 2 2 2 2 2 2 2 2 2 2 2 2 2 2 2 2 2 2 2 2 2 2 2 2 2
left_child=-1 3 -3 4 5 7 8 -2 -7 -5 11 15 -13 -14 -15 18 -17 -18 19 20 21 -11 24 25 -20 26 -24 -28 -22 -30
right_child=1 2 -4 9 -6 6 -8 -9 -10 10 -12 12 13 14 -16 16 17 -19 22 -21 28 -23 23 -25 -26 -27 27 -29 29 -31
leaf_value=-0.023921655542438303 0.020779383120678809 -0.013760311577644943 0.048080389988686377 -0.011291195853346347 -0.011058792392042634 -0.00422230812616688 0.050649507159108098 -0.039850982722508414 0.024661394850566017 -0.0011555677337870801 -0.0060247431686080901 0.12784916808695515 0.17781212681620606 0.0012271895894875205 -0.023914013436012765 -0.0088342138565611211 0.025124657630726684 -0.0005973325285463792 0.012800665813587037 -0.01140047615376381 0.10196369881820198 0.015798343837402574 0.0012305717859293598 -0.0077243219239747623 0.0048383807413081648 -0.019001048531253683 0.025420626181137579 0.0063355226007398152 0.025053816216082738 -0.014660975813068657
leaf_weight=143 38 660 48 288 140 59 41 90 25 2135 562 27 49 29 67 744 26 36 34 458 38 43 244 193 103 84 54 85 60 50
leaf_count=143 38 660 48 288 140 59 41 90 25 2135 562 27 49 29 67 744 26 36 34 458 38 43 244 193 103 84 54 85 60 50
internal_value=-0.00044665 -0.000387038 -0.00145557 -0.00025642 0.00118782 0.00262992 0.00619048 -0.000868218 0.00263529 -0.000361554 -0.000250684 -8.68431e-05 0.00342196 0.00205479 -0.000659795 -0.00022516 -0.00116977 0.00304762 -1.22846e-05 -0.000292999 2.40644e-05 -0.000198257 0.000967418 0.000363085 0.00385507 0.00139316 0.00226042 0.00488571 0.00327517 0.00144144
internal_weight=6653 6510 708 5802 393 253 125 128 84 5409 5121 4559 172 145 96 4387 806 62 3581 2784 2326 2178 797 660 137 467 383 139 148 110
internal_count=6653 6510 708 5802 393 253 125 128 84 5409 5121 4559 172 145 96 4387 806 62 3581 2784 2326 2178 797 660 137 467 383 139 148 110
is_linear=0
shrinkage=0.04


Tree=141
num_leaves=31
num_cat=0
split_feature=14 14 11 18 14 3 0 16 18 16 11 6 5 6 11 18 2 14 5 7 3 4 3 7 7 12 11 14 16 16
split_gain=0.558893 0.414255 0.828918 0.781046 0.841238 0.845305 0.774522 0.77427 1.14444 0.47581 1.71425 0.534221 0.520411 0.924934 0.512868 0.439973 0.424837 0.880169 0.821213 0.563816 0.791745 0.912128 1.98711 2.12172 1.30497 0.789941 1.3902 0.557145 0.460241 0.425634
threshold=357.50000000000006 313.50000000000006 28.250000000000004 -0.12940952255126037 328.50000000000006 11.450000000000001 3.4500000000000006 222.50000000000003 0.60355339059327384 12.500000000000002 4.1500000000000012 1.4333333333333289 2.0500000000000003 0.99999999999999623 -0.34999999999999992 0.37940952255126048 1.4500000000000002 131.50000000000003 2.4500000000000006 2.652083333333334 2.1500000000000008 3.5500000000000003 1.7500000000000002 4.9062500000000009 4.0645833333333341 84.500000000000014 1.7500000000000002 119.50000000000001 87.500000000000014 37.500000000000007
decision_type=2 2 2 2 2 2 2 2 2 2 2 2 2 2 2 2 2 2 2 2 2 2 2 2 2 2 2 2 2 2
left_child=1 9 3 -3 5 6 -5 8 -6 10 14 12 13 -11 -1 -9 17 -13 -19 25 21 27 28 24 -24 -18 -27 -21 -23 -29
right_child=-2 2 -4 4 7 -7 -8 15 -10 11 -12 16 -14 -15 -16 -17 19 18 -20 20 -22 22 23 -25 -26 26 -28 29 -30 -31
leaf_value=-0.033140857244048173 -0.0089015981514729975 -0.027547772685566768 -0.032587081271964344 0.018310266442417782 -0.01128829841879429 0.030933789897758471 -0.00017738644011428654 0.0071258740069976914 0.039405884890883786 0.0075389994277189889 0.025289867629003659 0.11197556128823731 -0.045246008627818766 -0.011703967868434485 0.0014089742285037714 -0.010315291442526377 -0.029178060370421588 0.013042876150460332 -0.017764101057134912 0.0039751239349155414 -0.0019317173918473385 0.00099951781911349633 0.02202168672065791 -8.6221026102102454e-05 0.051632200749507265 -0.039197454029464097 0.031189186553890916 0.0087273014790792865 -0.026870898644339624 -0.026694530875753783
leaf_weight=57 74 94 69 34 26 29 52 35 42 34 31 36 184 51 51 100 327 36 79 44 4736 53 28 39 28 51 28 58 54 93
leaf_count=57 74 94 69 34 26 29 52 35 42 34 31 36 184 51 51 100 327 36 79 44 4736 53 28 39 28 51 28 58 54 93
internal_value=-0.000512775 -0.000473557 0.000655601 0.00133656 0.00228213 0.005 0.00294253 0.000725489 0.00417391 -0.000562716 0.00174286 -0.000616779 -0.00235556 0.000232557 -0.000660551 -0.00102941 -0.000534178 0.00155263 -0.000172415 -0.000591337 -0.000477601 0.00123618 0.0031133 0.00729167 0.0122105 -0.00202457 0.00155 -0.000714287 -0.000629631 -0.00186842
internal_weight=6653 6579 481 412 318 115 86 203 68 6098 139 5959 269 85 108 135 5690 151 115 5539 5133 397 202 95 56 406 79 195 107 151
internal_count=6653 6579 481 412 318 115 86 203 68 6098 139 5959 269 85 108 135 5690 151 115 5539 5133 397 202 95 56 406 79 195 107 151
is_linear=0
shrinkage=0.04


Tree=142
num_leaves=31
num_cat=0
split_feature=9 7 12 10 16 11 5 11 16 7 13 5 10 11 20 7 10 3 9 5 11 5 16 5 4 10 1 2 7 5
split_gain=0.637194 0.435473 0.401658 0.362465 0.515557 1.52988 0.507833 0.70187 0.361434 1.19385 1.03045 0.351251 0.933233 1.64045 1.3923 0.591651 0.612187 0.546494 1.11042 0.79933 0.715234 1.33508 0.528944 0.496009 0.539163 0.764382 0.52954 0.514637 0.770149 0.561733
threshold=38.500000000000007 1.4020833333333338 14.500000000000002 21.050000000000004 12.500000000000002 4.1500000000000012 3.6500000000000008 -0.34999999999999992 2212.5000000000005 5.1020833333333346 4.3500000000000005 1.4500000000000002 2.8500000000000001 5.3500000000000005 0.81174490092936691 2.652083333333334 2.2500000000000004 2.1500000000000008 87.500000000000014 2.2500000000000004 1.9500000000000002 5.6500000000000012 377.50000000000006 2.7500000000000004 3.2500000000000004 4.4500000000000011 5.4500000000000011 14.050000000000002 18.614583333333339 10.250000000000002
decision_type=2 2 2 2 2 2 2 2 2 2 2 2 2 2 2 2 2 2 2 2 2 2 2 2 2 2 2 2 2 2
left_child=-1 -2 -3 4 5 6 -4 -8 11 -10 -11 12 -6 14 -14 16 -13 18 19 -17 21 -21 -15 24 25 -19 -27 28 29 -25
right_child=1 2 3 -5 8 -7 7 -9 9 10 -12 15 13 22 -16 17 -18 23 -20 20 -22 -23 -24 27 -26 26 -28 -29 -30 -31
leaf_value=-0.022904433011964466 -0.0448905180879259 -0.012764686863373897 -0.042030436333628705 -0.01235015657840019 -0.0045702121222400156 0.15861204752949781 -0.025777116830432625 0.0094972828013309349 0.040591252931749019 0.018935041420680962 -0.015683790631417817 0.0057628897081457055 -0.023233849932436806 0.037806376980542462 0.030730503770752485 0.026621406517120128 -0.027889513161269162 0.049725515208423471 0.020746124432277999 -0.033988701738217324 -0.0070590364609820775 0.022741255701818421 0.0027864757807987083 1.6618178119185476e-06 -0.011133459788668528 -0.041154904885245924 0.090910744225804085 -0.0056762584167026568 0.25907467585041821 -0.0056972717134359877
leaf_weight=143 56 71 36 65 146 27 28 31 48 25 142 43 136 42 25 36 361 38 49 40 343 38 33 2663 481 54 48 616 26 763
leaf_count=143 56 71 36 65 146 27 28 31 48 25 142 43 136 42 25 36 361 38 49 40 343 38 33 2663 481 54 48 616 26 763
internal_value=-0.000506764 -0.000448473 -0.000417662 -0.000384086 -0.000353221 0.00221138 -0.000208334 0.00206667 -0.000404067 0.0012037 -0.000404763 -0.000462054 0.000710182 0.0022616 -2.46923e-05 -0.000542144 -0.00201482 -0.000427253 0.000820512 0.000200872 -0.00029384 0.00313924 0.00710526 -0.000562048 -0.00161415 0.000567375 -0.00124272 -0.000401082 -0.000210832 -0.000263789
internal_weight=6653 6510 6454 6383 6318 122 95 59 6196 215 167 5981 382 236 161 5599 404 5195 506 457 421 78 75 4689 621 140 102 4068 3452 3426
internal_count=6653 6510 6454 6383 6318 122 95 59 6196 215 167 5981 382 236 161 5599 404 5195 506 457 421 78 75 4689 621 140 102 4068 3452 3426
is_linear=0
shrinkage=0.04


Tree=143
num_leaves=31
num_cat=0
split_feature=0 11 12 7 4 14 14 18 8 3 16 2 19 3 10 14 5 5 12 11 13 4 12 7 10 19 10 7 19 3
split_gain=0.480067 0.93629 0.77268 0.763352 0.69949 1.43115 0.659882 0.564772 1.50697 0.5368 0.531806 0.526025 0.48667 0.732813 0.479765 0.389221 0.376054 0.370779 0.788215 0.785515 1.65656 0.424795 0.374699 0.361378 0.906954 0.54916 0.458141 1.34383 0.905572 0.806806
threshold=2.3500000000000001 9.7500000000000018 58.500000000000007 7.6187500000000012 2.4500000000000006 88.500000000000014 156.50000000000003 -0.78656609248549325 1.6500000000000001 0.55000000000000016 1347.5000000000002 2.6500000000000008 -1.0000000180025095e-35 2.8500000000000001 21.050000000000004 354.50000000000006 3.6500000000000008 1.4500000000000002 86.500000000000014 3.7500000000000004 3.2500000000000004 6.0500000000000007 92.500000000000014 2.8104166666666672 3.5500000000000003 -0.8783796973249266 8.7500000000000018 3.0770833333333338 0.6078576107927941 2.1500000000000008
decision_type=2 2 2 2 2 2 2 2 2 2 2 2 2 2 2 2 2 2 2 2 2 2 2 2 2 2 2 2 2 2
left_child=1 4 3 10 5 -1 -4 8 -7 -2 -3 -9 13 -12 15 17 -14 18 19 -11 -21 -22 23 24 -19 -26 28 -28 29 -25
right_child=9 2 6 -5 -6 7 -8 11 -10 14 12 -13 16 -15 -16 -17 -18 22 -20 20 21 -23 -24 26 25 -27 27 -29 -30 -31
leaf_value=0.15818649605878785 0.0075164653797188665 -0.024585854994313379 0.041191109033416051 0.017920297604819044 -0.02238083859595888 0.013436916056790258 -0.00056864152815395877 -0.042322140079669932 -0.028243886566128334 -0.02249873625220682 0.01687093437101983 0.012901285440796424 -0.0075373058667561176 -0.012125689390393476 -0.020284440828377978 -0.0081506428496130306 0.03524635227764903 0.0088743195126073544 0.024909343239923658 0.15362566121570834 0.029099095981822174 -0.016227607031302268 -0.039693694660109309 0.015788622061451114 0.0026486158756340241 -0.036536451378242546 0.025714284659735721 0.0001180533600566075 -0.013107034168177783 -0.0016788149300301623
leaf_weight=25 45 128 27 35 485 40 34 126 56 61 31 25 44 30 81 86 26 33 27 26 43 45 118 134 32 205 37 1716 793 2059
leaf_count=25 45 128 27 35 485 40 34 126 56 61 31 25 44 30 81 86 26 33 27 26 43 45 118 134 32 205 37 1716 793 2059
internal_value=-0.000542832 -0.00130099 0.000393257 -0.000461018 -0.00209499 -0.000468865 0.00445161 -0.00140323 0.00098969 -0.000390474 -0.00121539 -0.00292105 0.000575757 0.00316129 -0.000426415 -0.000380355 -0.00169014 -0.000336962 0.0013399 0.000340908 0.00229565 -0.000359552 -0.000403277 -0.0003505 -0.00177122 -0.00263866 -0.000269199 0.000244013 -0.000570473 -0.000151323
internal_weight=6653 1112 355 294 757 272 61 247 96 5541 259 151 131 61 5496 5415 70 5329 202 175 114 88 5127 5009 270 237 4739 1753 2986 2193
internal_count=6653 1112 355 294 757 272 61 247 96 5541 259 151 131 61 5496 5415 70 5329 202 175 114 88 5127 5009 270 237 4739 1753 2986 2193
is_linear=0
shrinkage=0.04


Tree=144
num_leaves=31
num_cat=0
split_feature=9 15 5 12 5 7 19 5 14 13 18 17 14 19 16 14 4 7 3 6 1 7 9 13 12 10 8 17 4 14
split_gain=0.509772 0.443573 1.05208 0.905343 1.77855 0.925822 0.902504 0.646704 0.928733 0.476347 0.528459 0.781502 0.844238 1.1723 1.36191 0.554561 1.12626 0.896556 1.36453 1.00798 1.05347 0.861222 0.850743 0.849045 0.477204 1.18872 0.967301 0.739261 0.993187 2.1633
threshold=38.500000000000007 1.0000000180025095e-35 3.3500000000000001 74.500000000000014 6.5500000000000007 5.8729166666666677 -1.0000000180025095e-35 5.1500000000000012 172.50000000000003 14.750000000000002 0.91597561503675351 -1.0000000180025095e-35 293.50000000000006 -1.0000000180025095e-35 1007.5000000000001 235.50000000000003 6.6500000000000012 12.531250000000002 15.050000000000002 11.85 3.5500000000000003 6.0333333333333341 46.500000000000007 13.550000000000002 35.500000000000007 1.8500000000000003 6.2500000000000009 1.0000000180025095e-35 2.3500000000000001 153.50000000000003
decision_type=2 2 2 2 2 2 2 2 2 2 2 2 2 2 2 2 2 2 2 2 2 2 2 2 2 2 2 2 2 2
left_child=-1 9 -3 4 -4 7 -6 8 -5 10 15 12 13 14 -12 23 22 18 19 20 21 -18 -17 24 -2 26 -26 28 29 -27
right_child=1 2 3 5 6 -7 -8 -9 -10 -11 11 -13 -14 -15 -16 16 17 -19 -20 -21 -22 -23 -24 -25 25 27 -28 -29 -30 -31
leaf_value=-0.021406554099500191 -0.0091930586062224512 -0.030156699033779388 -0.012879318923487171 -0.020677925567796004 0.075386710056800546 -0.044672431867946769 0.0034989460397636292 -0.0025870508876923845 0.015468823388205504 -0.027268123492321071 -0.0075653647220632614 -0.00051955133980653766 0.026114728820136927 -0.0016512698247238883 0.019656878400676571 0.027003949513902538 0.028482526648488011 -0.019248388912397635 0.041592198857777526 0.071934330183625175 -0.0023794910852908257 -0.00054239829929307495 -0.022043175381581643 0.0089884066820136409 0.00038689328733223144 0.081013193105014689 0.022855403232227244 0.00062353036235244879 -0.010912120993276193 -0.021417517113927781
leaf_weight=143 446 247 64 25 25 193 38 91 25 190 39 442 49 105 34 29 26 150 29 37 201 45 537 42 59 49 44 1981 1193 75
leaf_count=143 446 247 64 25 25 193 38 91 25 190 39 442 49 105 34 29 26 150 29 37 201 45 537 42 59 49 44 1981 1193 75
internal_value=-0.000506764 -0.000454616 -0.00139915 -0.000268399 0.00259375 -0.00136119 0.0073125 0.00109859 0.00470588 -0.000339136 -0.000272226 0.000782089 0.00268421 0.00138547 0.00524324 -0.000415049 -0.00122844 0.000179958 0.00132153 0.000529031 -0.000322345 0.00383333 -0.00244092 -0.000194345 -0.000256758 -9.5239e-05 0.00411538 -0.000227949 -0.000962065 0.002432
internal_weight=6653 6510 708 461 127 334 63 141 50 5802 5612 669 227 178 73 4943 1054 488 338 309 272 71 566 3889 3847 3401 103 3298 1317 124
internal_count=6653 6510 708 461 127 334 63 141 50 5802 5612 669 227 178 73 4943 1054 488 338 309 272 71 566 3889 3847 3401 103 3298 1317 124
is_linear=0
shrinkage=0.04


Tree=145
num_leaves=31
num_cat=0
split_feature=2 11 10 4 9 4 9 7 7 19 11 14 13 16 9 19 0 17 3 3 2 10 0 10 8 6 11 11 19 16
split_gain=0.368208 0.626785 0.613497 0.897145 1.53737 2.44902 0.617826 0.595158 0.832901 0.71558 0.67945 1.4299 1.70239 0.658909 1.4478 1.41698 0.924201 0.855271 1.28118 1.18268 0.944885 0.693331 0.628582 0.601954 1.08716 1.51931 0.599824 1.93158 0.774239 0.58895
threshold=13.350000000000003 16.950000000000003 15.950000000000001 3.4500000000000006 56.500000000000007 7.6500000000000012 47.500000000000007 7.7729166666666671 6.0812500000000007 -0.60785761079279388 -5.4499999999999993 184.50000000000003 7.9500000000000011 372.50000000000006 89.500000000000014 -0.8783796973249266 15.550000000000002 -1.0000000180025095e-35 7.9500000000000011 10.15 8.2500000000000018 0.65000000000000002 7.7500000000000009 2.6500000000000008 5.5500000000000007 3.7249999999999983 16.750000000000004 8.9500000000000011 0.87837969732492682 277.50000000000006
decision_type=2 2 2 2 2 2 2 2 2 2 2 2 2 2 2 2 2 2 2 2 2 2 2 2 2 2 2 2 2 2
left_child=2 -2 7 -4 6 -6 -5 8 10 23 11 -1 -13 16 15 -15 -9 18 -17 -20 -19 -21 -23 -10 25 -25 27 -16 -28 -12
right_child=1 -3 3 4 5 -7 -8 13 9 -11 29 12 -14 14 26 17 -18 20 19 21 -22 22 -24 24 -26 -27 28 -29 -30 -31
leaf_value=-0.016780408532043965 -0.012250975981984555 -0.0020318443811048218 -0.004061412111350823 0.0043468100902490743 0.060001748851217028 -0.01614099192009074 -0.030310376282290111 -0.0027565348574892902 0.022141183492454825 -0.019224059685969797 -0.00039986303040084951 0.017619462979916949 -0.017597327137182484 -0.021043761428747455 -0.083696386118578381 0.030528767426812098 0.19265921985476084 -0.02084056040129462 -0.0022892197623181477 0.013919598021785579 0.013131388559329358 0.065053998914059913 0.014870114495247139 -0.057414607067822622 -0.0047553127998902611 0.007483640603927825 -0.011745743314551917 0.012870195450350133 0.014263902780363593 -0.0052849277684571287
leaf_weight=38 359 493 127 50 46 25 49 742 29 687 2182 42 43 55 39 28 31 61 40 26 32 25 25 25 128 37 220 26 27 981
leaf_count=38 359 493 127 50 46 25 49 742 29 687 2182 42 43 55 39 28 31 61 40 26 32 25 25 25 128 37 220 26 27 981
internal_value=-0.000498885 -0.0012755 -0.000385888 0.00138255 0.00327485 0.00772222 3.99991e-05 -0.000480432 -0.000717387 -0.00179052 -0.000421054 0.00248387 0.00534884 0.000240928 0.00122975 0.00324915 -0.000532301 0.00458823 0.00651034 0.0045812 0.00157447 0.00748052 0.0101961 0.000199999 -0.000628273 0.00368254 -0.000664538 0.00272727 -0.00156452 -0.000534767
internal_weight=6718 852 5866 297 170 71 99 5569 4192 906 3286 123 85 1377 604 292 773 237 144 116 93 76 50 219 190 62 312 65 247 3163
internal_count=6718 852 5866 297 170 71 99 5569 4192 906 3286 123 85 1377 604 292 773 237 144 116 93 76 50 219 190 62 312 65 247 3163
is_linear=0
shrinkage=0.04


Tree=146
num_leaves=31
num_cat=0
split_feature=5 7 14 13 2 13 10 12 5 7 1 3 7 9 3 4 5 7 7 14 13 9 14 9 12 5 4 0 16 16
split_gain=0.440773 0.813618 0.769545 0.785182 0.966899 0.70321 0.876988 1.08012 0.786305 0.925512 0.955699 0.700788 1.60602 1.00514 2.29466 0.83969 1.74897 0.834672 0.984306 0.725299 0.673831 0.668874 0.668751 0.644007 0.631681 1.38183 0.806132 0.623927 0.807154 0.621265
threshold=10.250000000000002 10.839583333333335 137.50000000000003 5.1500000000000012 14.850000000000003 2.7500000000000004 2.0500000000000003 36.500000000000007 16.150000000000002 13.425000000000002 27.350000000000005 12.550000000000002 7.3854166666666679 65.500000000000014 6.7500000000000009 9.3500000000000032 7.4500000000000011 6.0812500000000007 4.1104166666666675 323.50000000000006 7.1500000000000012 107.50000000000001 196.50000000000003 66.500000000000014 63.500000000000007 14.550000000000002 6.7500000000000009 6.9500000000000011 32.500000000000007 637.50000000000011
decision_type=2 2 2 2 2 2 2 2 2 2 2 2 2 2 2 2 2 2 2 2 2 2 2 2 2 2 2 2 2 2
left_child=11 23 3 -3 -5 8 7 -7 -4 -10 -11 12 17 14 -14 22 -17 18 27 21 -9 29 -16 -2 -25 26 -26 -1 -29 -20
right_child=1 2 5 4 -6 6 -8 20 9 10 -12 -13 13 -15 15 16 -18 -19 19 -21 -22 -23 -24 24 25 -27 -28 28 -30 -31
leaf_value=-0.0068207634081498035 -0.024874218969587081 -0.00078443904807746351 -0.0063554444906987195 0.20957397768960767 0.0025373180907127973 -0.018588542086564755 -0.015149955508751208 -0.0012676380077509975 0.040689349785148536 -0.042831861303512409 0.1329316962157796 -0.012356426862061396 0.23023502253954095 0.0007980491875999203 -0.012653568620367778 0.057727409902099062 -0.0030842611385996925 -0.010085280157098683 0.0022509223683237641 -0.03707511203910413 0.050049684566230782 0.055114329381062123 0.026745107789535472 -0.026914932367225416 0.0039507835529201379 0.031189259884665605 -0.047095694564080734 0.040058546818140271 -0.0012171942063040884 -0.0032107630886372648
leaf_weight=1713 310 102 91 25 42 56 305 25 39 46 32 446 49 602 62 29 31 714 1148 71 25 35 45 205 62 27 64 42 71 204
leaf_count=1713 310 102 91 25 42 56 305 25 39 46 32 446 49 602 62 29 31 714 1148 71 25 35 45 205 62 27 64 42 71 204
internal_value=-0.000498885 -0.00111462 -0.000243347 0.00214118 0.00547059 -0.000896775 -0.00185437 0.00127103 0.000995214 0.00315254 0.000607594 -0.000328331 -0.00018767 0.00142613 0.00376037 0.0015 0.0052459 -0.00051813 -0.000248403 0.000526387 0.0054902 0.000729106 -0.000629631 -0.00214051 -0.000980502 0.000961038 -0.000818899 -0.000866996 0.002 0.000585365
internal_weight=6718 1456 788 169 67 619 411 106 208 117 78 5262 4816 818 216 167 60 3998 3284 1458 50 1387 107 668 358 153 126 1826 113 1352
internal_count=6718 1456 788 169 67 619 411 106 208 117 78 5262 4816 818 216 167 60 3998 3284 1458 50 1387 107 668 358 153 126 1826 113 1352
is_linear=0
shrinkage=0.04


Tree=147
num_leaves=31
num_cat=0
split_feature=5 2 11 4 14 4 6 9 2 5 11 14 17 1 9 17 11 11 11 14 5 11 4 16 13 4 12 2 19 17
split_gain=0.543736 0.667803 0.667679 1.61739 1.63487 0.984703 0.781508 0.616331 0.779132 0.818286 0.664943 0.61526 1.13785 0.566514 1.09031 0.545436 0.711588 0.913835 0.535525 1.15956 0.560286 0.531734 1.26939 1.10509 1.47403 0.749696 0.666039 1.24588 0.666993 0.710853
threshold=10.250000000000002 12.550000000000002 -5.4499999999999993 4.4500000000000011 179.50000000000003 2.7500000000000004 12.316666666666668 53.500000000000007 11.65 10.950000000000001 16.950000000000003 169.50000000000003 0.60355339059327384 20.450000000000003 89.500000000000014 0.60355339059327384 22.250000000000004 19.650000000000002 2.8500000000000001 148.50000000000003 12.450000000000001 2.2500000000000004 12.950000000000001 32.500000000000007 3.6500000000000008 1.2500000000000002 89.500000000000014 6.2500000000000009 1.0000000180025095e-35 0.37940952255126054
decision_type=2 2 2 2 2 2 2 2 2 2 2 2 2 2 2 2 2 2 2 2 2 2 2 2 2 2 2 2 2 2
left_child=1 2 3 4 -1 -6 21 -2 18 -10 -11 12 13 14 -12 16 17 -13 19 -9 -21 22 -4 24 26 -25 28 -28 -23 -30
right_child=7 -3 6 -5 5 -7 -8 8 9 10 11 15 -14 -15 -16 -17 -18 -19 -20 20 -22 23 -24 25 -26 -27 27 -29 29 -31
leaf_value=-0.0030622160283825172 -0.025806400808816465 -0.013422091276592742 -0.0077738193071881468 -0.028050759902526614 0.0091045252937406677 0.015776609180067673 0.042471407857089964 0.015291112455569966 0.022122562501357308 -0.0051747417928848169 0.030065679938409553 -0.00052355345215368933 0.24826754403099344 -0.06671458763161546 -0.11083589988882796 -0.025837039583469074 -0.035383508214107511 0.13757151553043762 -0.010091556812185296 0.0052150047590654603 -0.018328841951384654 -0.0033878076344936799 0.018793754360983763 -0.032764860346509148 0.033947936830499306 -0.00071692109785177294 0.67661600245107834 -0.00078583369045522045 0.00010774782520513678 0.047852190628906034
leaf_weight=28 288 417 1143 99 35 36 32 26 29 117 30 27 28 56 32 84 58 30 547 47 57 217 28 165 35 2791 25 32 112 67
leaf_count=28 288 417 1143 99 35 36 32 26 29 117 30 27 28 56 32 84 58 30 547 47 57 217 28 165 35 2791 25 32 112 67
internal_value=-0.000540558 -0.000351131 -0.000218738 0.00205025 0.00564 0.00883333 -0.000315836 -0.00122443 -0.000814372 0.000398373 -1.72796e-05 0.000867051 0.00282993 0.00107563 0.00368254 -0.000580001 0.0012069 0.00434483 -0.00169322 0.000610686 -0.00129524 -0.00035962 -0.00109556 -0.000109145 0.00165235 -0.000400407 0.00103084 0.00503448 0.000443324 0.00224444
internal_weight=6718 5262 4845 198 99 71 4647 1456 1168 491 462 345 146 118 62 199 115 57 677 130 104 4615 1171 3444 488 2956 453 57 396 179
internal_count=6718 5262 4845 198 99 71 4647 1456 1168 491 462 345 146 118 62 199 115 57 677 130 104 4615 1171 3444 488 2956 453 57 396 179
is_linear=0
shrinkage=0.04


Tree=148
num_leaves=31
num_cat=0
split_feature=5 2 7 9 3 3 13 17 9 1 1 11 4 14 4 11 11 2 8 14 10 14 2 3 10 8 11 9 10 11
split_gain=0.586355 0.672705 1.28008 1.21789 1.71917 1.33638 0.789169 0.910088 0.869736 0.969554 1.65336 0.660751 1.88016 1.65579 0.953962 0.656793 0.946933 0.591975 0.558637 1.14375 0.662082 0.928405 1.03004 1.47828 1.30151 0.569308 0.523963 0.51777 0.610987 0.622202
threshold=9.0500000000000025 12.65 7.7729166666666671 54.500000000000007 10.15 12.450000000000001 12.550000000000002 0.37940952255126054 65.500000000000014 9.7500000000000018 8.2500000000000018 -5.4499999999999993 4.4500000000000011 179.50000000000003 2.7500000000000004 9.1500000000000004 23.250000000000004 8.7500000000000018 11.750000000000002 124.50000000000001 13.750000000000002 177.50000000000003 7.7500000000000009 5.1500000000000012 16.350000000000005 11.250000000000002 27.650000000000002 53.500000000000007 8.5500000000000025 3.1500000000000008
decision_type=2 2 2 2 2 2 2 2 2 2 2 2 2 2 2 2 2 2 2 2 2 2 2 2 2 2 2 2 2 2
left_child=1 2 11 4 -4 6 7 8 -5 10 15 12 13 -1 -15 -10 -17 -9 20 -20 25 -22 23 24 -23 -13 -18 -2 29 -29
right_child=27 -3 3 5 -6 -7 -8 17 9 -11 -12 18 -14 14 -16 16 26 -19 19 -21 21 22 -24 -25 -26 -27 -28 28 -30 -31
leaf_value=-0.0029397273872472118 -0.022081950884286893 -0.016285890022846011 0.0029175657771637283 0.076692092347932062 0.13945433042755656 -0.013076329903942108 -0.084575275130135574 -0.0091403033987077238 -0.00029315797346727971 -0.018092304920063276 0.02965525861993493 -0.0024619485177903942 -0.041224835246032918 0.0096763168960000007 0.016050751104646804 0.01915520594812041 -0.0015293643681717455 0.0081675863483765543 0.042183696222191744 -0.017384303284191282 -0.021288781888091819 0.02067384168222541 -0.075293310892116952 0.058616742084546168 -0.0080594175846738954 0.035130666869569477 0.058601857653958894 0.0050266200699666365 0.00014192790719983725 -0.011094101153247802
leaf_weight=28 362 322 38 27 25 116 34 80 72 54 27 3227 73 34 33 29 25 51 34 189 72 65 28 25 57 39 29 133 507 883
leaf_count=28 362 322 38 27 25 116 34 80 72 54 27 3227 73 34 33 29 25 51 34 189 72 65 28 25 57 39 29 133 507 883
internal_value=-0.00060009 -0.000366571 -0.000240249 0.0014671 0.0066875 0.000851375 0.00188345 0.00238987 0.00374242 0.00293671 0.00432787 -0.000506019 0.00194083 0.005625 0.009 0.00269231 0.00509524 -0.000333334 -0.000616538 -0.00255357 -0.000492887 0.0015 0.00306818 0.0044054 0.00253658 -0.000644017 0.00189091 -0.0011983 -0.000874017 -0.00143953
internal_weight=6718 4833 4511 607 63 544 428 394 263 236 182 3904 168 95 67 155 83 131 3736 223 3513 247 175 147 122 3266 54 1885 1523 1016
internal_count=6718 4833 4511 607 63 544 428 394 263 236 182 3904 168 95 67 155 83 131 3736 223 3513 247 175 147 122 3266 54 1885 1523 1016
is_linear=0
shrinkage=0.04


Tree=149
num_leaves=31
num_cat=0
split_feature=12 4 11 3 1 9 9 0 13 11 0 7 9 10 13 12 11 12 14 14 10 12 13 8 5 0 7 10 12 4
split_gain=0.4641 0.546912 1.02584 0.597628 0.706516 0.360949 0.503448 1.47021 0.396872 0.874573 1.32196 0.862587 0.49603 0.530746 0.844848 0.910168 0.510302 0.48581 1.8569 1.71654 0.722849 0.812389 0.703266 1.00207 0.975007 0.948703 1.28828 0.945469 0.739411 0.962866
threshold=89.500000000000014 5.5500000000000007 2.2500000000000004 2.7500000000000004 6.7500000000000009 113.50000000000001 110.50000000000001 5.6500000000000012 9.6500000000000004 12.250000000000002 2.0500000000000003 5.3937500000000007 61.500000000000007 15.950000000000001 0.8500000000000002 77.500000000000014 1.1500000000000001 84.500000000000014 188.50000000000003 200.50000000000003 3.9500000000000006 33.500000000000007 6.6500000000000012 14.250000000000002 4.6500000000000012 3.6500000000000008 3.0312500000000004 1.4500000000000002 74.500000000000014 2.2500000000000004
decision_type=2 2 2 2 2 2 2 2 2 2 2 2 2 2 2 2 2 2 2 2 2 2 2 2 2 2 2 2 2 2
left_child=5 2 -2 -4 -5 6 8 -8 12 -10 11 -11 16 17 -15 -16 -1 20 -19 -20 21 -14 28 24 25 26 -24 -26 29 -23
right_child=1 -3 3 4 -6 -7 7 -9 9 10 -12 -13 13 14 15 -17 -18 18 19 -21 -22 22 23 -25 27 -27 -28 -29 -30 -31
leaf_value=-0.021537767198774198 -0.067985009004192451 -0.033225794146747506 -0.053102955995585059 0.023439616135974572 0.0011788073112109726 -0.0079945315963738019 0.035282309997279 -0.01827319205210284 -0.043499482628657014 0.01805627166721507 -0.0056398152011260406 -0.0057445925341603199 -0.0018951425516931339 -0.0070486422193671693 0.05312658514571849 -0.00064246126383351785 -0.0019070766538509005 -0.0017951450015068066 0.02562211055371404 0.0019135636634297862 -0.0025804006552326993 0.068231723564939964 0.062611001050571366 0.046103273898301447 0.0080319704871197155 0.018989676059775598 -0.036432303697938796 -0.024670645417743817 -0.023358055945392083 0.001352082091884748
leaf_weight=295 111 226 31 41 46 188 29 33 354 47 384 48 345 33 49 27 1318 290 31 54 1956 25 25 32 26 38 40 61 86 449
leaf_count=295 111 226 31 41 46 188 29 33 354 47 384 48 345 33 49 27 1318 290 31 54 1956 25 25 32 26 38 40 61 86 449
internal_value=-0.00065367 -0.00188597 -0.000504349 0.00208403 0.00377273 -0.000563858 -0.000510205 0.00304762 -0.00054739 -0.00135732 -0.000241668 0.00395833 -0.000416909 -0.000153588 0.00258182 0.00488312 -0.000998762 -0.000240533 0.00111702 0.00627907 -0.000405967 0.000400708 0.00111366 0.00301345 0.00188482 0.0045 0.00151515 -0.00122727 0.000356505 0.000976841
internal_weight=6718 455 229 118 87 6263 6075 62 6013 833 479 95 5180 3567 109 76 1613 3458 375 85 3083 1127 782 222 190 103 65 87 560 474
internal_count=6718 455 229 118 87 6263 6075 62 6013 833 479 95 5180 3567 109 76 1613 3458 375 85 3083 1127 782 222 190 103 65 87 560 474
is_linear=0
shrinkage=0.04


Tree=150
num_leaves=31
num_cat=0
split_feature=9 9 15 7 3 14 13 11 11 19 3 3 6 12 10 13 5 5 5 0 9 11 7 2 13 5 19 19 11 4
split_gain=0.438753 0.460888 0.450735 0.786537 0.577261 0.685201 1.73125 1.81166 3.20246 2.16751 1.51055 1.73271 1.38272 1.81274 2.51106 0.955006 0.893537 0.697099 0.767407 0.568457 0.55013 0.88421 0.781156 1.14206 0.735098 0.967299 1.37488 1.35475 0.815606 0.665632
threshold=134.50000000000003 113.50000000000001 1.0000000180025095e-35 13.581250000000002 12.550000000000002 152.50000000000003 2.9500000000000006 0.8500000000000002 -1.4499999999999997 -1.0000000180025095e-35 5.3500000000000005 11.050000000000002 1.7333333333333301 53.500000000000007 4.9500000000000011 6.7500000000000009 15.950000000000001 3.7500000000000004 2.1500000000000008 9.5500000000000025 101.50000000000001 12.450000000000001 8.5020833333333368 4.4500000000000011 9.6500000000000004 1.4500000000000002 -0.60785761079279388 1.0000000180025095e-35 3.2500000000000004 1.7500000000000002
decision_type=2 2 2 2 2 2 2 2 2 2 2 2 2 2 2 2 2 2 2 2 2 2 2 2 2 2 2 2 2 2
left_child=1 2 4 -4 5 6 -1 8 -8 10 12 17 -9 15 -15 -14 -11 18 -12 -6 24 -22 23 -23 25 26 -7 -28 -29 -27
right_child=-2 -3 3 -5 19 20 7 9 -10 16 11 -13 13 14 -16 -17 -18 -19 -20 -21 21 22 -24 -25 -26 29 27 28 -30 -31
leaf_value=-0.0074479339646135343 0.023212664062527814 -0.012089902180628722 -0.012604695954441327 0.042423855842710169 -0.034049973587532735 -0.053753522743523068 -0.0046247698726103086 -0.036194096076100662 0.026868533524895745 -0.0064858484614695403 -0.044551866713729626 0.16071313896800896 -0.0099596371484798624 0.10254857425522051 0.027101874855977676 0.0064759538079435085 0.017018415662040012 -0.019846613107416193 0.0055858759091627153 -0.0067919488900820037 -0.013395793612955327 0.0040670928933125147 -0.031982081386960522 0.063846266299268484 -0.012806933736407081 -0.019617463020589979 0.030735856562228128 -0.020515080407818055 0.019034959698474678 -0.0010283262567633549
leaf_weight=441 29 167 700 33 200 53 33 29 36 514 27 25 36 50 58 29 27 99 29 598 64 41 31 29 540 326 35 31 25 2358
leaf_count=441 29 167 700 33 200 53 33 29 36 514 27 25 36 50 58 29 27 99 29 598 64 41 31 29 540 326 35 31 25 2358
internal_value=-0.000694952 -0.00071658 -0.000662974 -0.00159673 -0.000543973 -0.000383331 0.000354253 0.00128097 0.00748571 0.000809523 0.00311227 0.000441988 0.00547783 0.00682759 0.00998165 0.00151515 -0.000819189 -0.00115385 0.00238596 -0.00154193 -0.000682514 0.00156626 0.00388235 0.00619718 -0.000793115 -0.000534465 0.00264827 0.00560869 0.00168421 -0.000706146
internal_weight=6693 6664 6497 733 5764 4966 1433 992 69 923 382 180 202 173 108 65 541 155 56 798 3533 165 101 70 3368 2828 144 91 56 2684
internal_count=6693 6664 6497 733 5764 4966 1433 992 69 923 382 180 202 173 108 65 541 155 56 798 3533 165 101 70 3368 2828 144 91 56 2684
is_linear=0
shrinkage=0.04


Tree=151
num_leaves=31
num_cat=0
split_feature=9 9 12 4 0 10 10 12 1 6 18 6 9 12 16 9 18 16 17 8 14 18 5 6 3 5 14 9 18 12
split_gain=0.434438 0.471671 0.435474 0.47685 0.930646 0.404445 0.782733 0.843124 0.783954 1.36062 1.13648 0.511488 0.485133 0.482636 0.463821 0.455715 0.657769 0.497254 0.429368 1.05343 0.722654 0.753623 0.840656 0.676766 1.01218 0.639302 0.693235 0.615737 0.592019 1.19355
threshold=134.50000000000003 113.50000000000001 89.500000000000014 2.4500000000000006 6.1500000000000012 13.15 13.350000000000003 70.500000000000014 9.8500000000000032 6.0833333333333313 -0.5 8.9583333333333339 56.500000000000007 61.500000000000007 32.500000000000007 52.500000000000007 -0.5 47.500000000000007 0.60355339059327384 4.4500000000000011 207.50000000000003 0.25881904510252057 3.5500000000000003 4.8916666666666666 3.1500000000000008 15.950000000000001 187.50000000000003 77.500000000000014 -0.12940952255126037 69.500000000000014
decision_type=2 2 2 2 2 2 2 2 2 2 2 2 2 2 2 2 2 2 2 2 2 2 2 2 2 2 2 2 2 2
left_child=1 2 5 4 -4 18 -7 8 9 14 -11 15 13 -10 -8 16 -9 -17 28 -20 21 22 -21 24 27 26 -24 -23 29 -1
right_child=-2 -3 3 -5 -6 6 7 11 12 10 -12 -13 -14 -15 -16 17 -18 -19 19 20 -22 23 25 -25 -26 -27 -28 -29 -30 -31
leaf_value=-0.029318538609789481 0.022284157500026741 -0.011606306093403558 0.014898418428646252 -0.022319553368571769 -0.058751868808650298 0.034202103588987176 0.036977845235441127 -0.00072612419938738754 0.015952649661218565 0.050848261319435414 0.01098840745032835 -0.01214050332144693 -0.0058236514938369253 -0.0025260364438604139 -0.030009644917220614 -0.0095334138893396654 0.029313305045753447 0.0027123578696672639 -0.040355327186268442 0.014195552644879147 -0.0075808578460424747 -0.021569464909399389 -0.0010523879193104031 -0.0083417122166847147 0.016261548956357778 0.0076677532331732483 0.010794706906573011 0.015334624726757357 -6.988436991637368e-05 -0.00026596557853809678
leaf_weight=744 29 167 38 377 31 35 25 25 39 39 33 142 91 32 41 109 40 26 365 51 284 50 220 235 37 44 42 26 2233 1043
leaf_count=744 29 167 38 377 31 35 25 25 39 39 33 142 91 32 41 109 40 26 365 51 284 50 220 235 37 44 42 26 2233 1043
internal_value=-0.00067105 -0.000692574 -0.000638351 -0.0018434 0.0012 -0.000549241 0.00037168 4.97658e-05 0.00159468 0.00379856 0.00756164 -0.00130612 -0.000294479 0.00216667 -0.00035821 -9.4893e-10 0.00272727 -0.00132353 -0.000665303 -0.00128118 -0.000602021 8.49849e-05 0.0013743 -0.00123782 0.00129824 0.000573289 -0.00018251 -0.00135065 -0.000457599 -0.001
internal_weight=6693 6664 6497 446 69 6051 677 642 300 138 72 342 162 71 66 200 65 135 5374 1354 989 705 357 348 113 306 262 76 4020 1787
internal_count=6693 6664 6497 446 69 6051 677 642 300 138 72 342 162 71 66 200 65 135 5374 1354 989 705 357 348 113 306 262 76 4020 1787
is_linear=0
shrinkage=0.04


Tree=152
num_leaves=31
num_cat=0
split_feature=12 7 9 9 7 0 9 20 4 7 4 4 16 11 16 11 8 20 12 20 7 7 10 18 7 4 10 12 16 14
split_gain=0.45412 0.596958 0.424122 0.475693 0.358542 0.327489 0.296511 0.897398 0.549639 1.65248 0.512118 0.810315 0.49393 0.38951 0.379812 0.366755 0.906298 1.89307 0.960342 1.16397 1.22417 0.892028 0.675889 0.996695 0.993383 1.50566 1.65818 0.655829 0.717983 0.633905
threshold=89.500000000000014 2.9729166666666673 134.50000000000003 114.50000000000001 1.4020833333333338 17.950000000000003 101.50000000000001 1.0000000180025095e-35 6.8500000000000005 4.1104166666666675 8.8500000000000032 10.250000000000002 1337.5000000000002 28.450000000000003 407.50000000000006 15.550000000000002 1.7500000000000002 -0.22252093395631442 67.500000000000014 0.81174490092936691 6.3500000000000005 4.7062500000000007 10.550000000000002 -0.12940952255126037 9.0770833333333361 7.4500000000000011 14.750000000000002 74.500000000000014 92.500000000000014 122.50000000000001
decision_type=2 2 2 2 2 2 2 2 2 2 2 2 2 2 2 2 2 2 2 2 2 2 2 2 2 2 2 2 2 2
left_child=2 -2 3 4 -1 -3 13 8 9 -8 -10 -12 -13 15 -9 -6 17 -17 21 20 -20 -18 23 -23 25 26 -24 -22 -29 -25
right_child=1 5 -4 -5 6 -7 7 14 10 -11 11 12 -14 -15 -16 16 18 -19 19 -21 27 22 24 29 -26 -27 -28 28 -30 -31
leaf_value=-0.037847441638049845 0.0098669410666102336 -0.024312343866805058 0.02139279120002565 -0.020287854723982396 -0.0023351146152098875 0.012643085506104143 -0.031884156446328096 0.0029912847482613169 -0.0031626711595224943 0.054656507481280522 0.024671168522574182 0.01494206846647292 -0.062109642299318438 -0.014341120353136299 -0.0091134759708008072 -0.003807928065664237 -0.025135526154530723 0.022331478878899073 0.033266558058584653 0.074723600338668053 -0.014531340836272704 -0.02321688330615241 -0.012414273195319535 0.0026963703074123304 -0.0015599284100191028 0.043202534609882597 0.066846772529439796 0.034237104145547599 -0.013848891550212784 -0.00050822021547207625
leaf_weight=50 33 386 29 146 3737 27 32 40 40 37 25 47 28 132 151 29 195 30 39 38 75 344 70 148 139 26 33 50 34 503
leaf_count=50 33 386 29 146 3737 27 32 40 40 37 25 47 28 132 151 29 195 30 39 38 75 344 70 148 139 26 33 50 34 503
internal_value=-0.000700927 -0.00193289 -0.000612677 -0.000635473 -0.000580933 -0.00234783 -0.00055255 0.000498752 0.00230476 0.0052 0.000851063 0.00237624 0.000263157 -0.000627424 -0.00147917 -0.000575488 -9.80625e-05 0.00473333 -0.000269028 0.00209283 0.00084422 -0.000652503 -0.000262659 -0.000742973 0.00151673 0.00403077 0.00180769 -0.000725001 0.00169412 0.000177913
internal_weight=6693 446 6247 6218 6072 413 6022 400 209 69 140 100 75 5622 191 5490 1753 59 1694 236 198 1458 1263 995 268 129 103 159 84 651
internal_count=6693 446 6247 6218 6072 413 6022 400 209 69 140 100 75 5622 191 5490 1753 59 1694 236 198 1458 1263 995 268 129 103 159 84 651
is_linear=0
shrinkage=0.04


Tree=153
num_leaves=31
num_cat=0
split_feature=9 9 5 5 4 8 5 3 3 16 10 11 4 13 16 9 16 4 5 3 5 9 4 2 12 4 12 3 1 11
split_gain=0.436593 0.446114 0.464936 0.520237 1.04906 0.470487 0.426395 0.777833 0.839889 0.810967 0.751777 0.778239 1.00577 0.837351 1.16141 1.67326 0.892184 0.87768 0.641509 0.61028 1.08395 0.610088 0.622876 1.07054 0.606962 0.693026 0.572135 0.560073 0.552381 0.405833
threshold=134.50000000000003 114.50000000000001 33.050000000000004 20.650000000000002 10.350000000000003 20.150000000000002 9.0500000000000025 12.550000000000002 11.450000000000001 752.50000000000011 11.250000000000002 19.650000000000002 9.2500000000000018 6.1500000000000012 1927.5000000000002 79.500000000000014 787.50000000000011 11.350000000000003 18.250000000000004 6.2500000000000009 11.750000000000002 110.50000000000001 15.550000000000002 6.4500000000000011 61.500000000000007 8.3500000000000032 50.500000000000007 22.700000000000006 12.350000000000003 4.7500000000000009
decision_type=2 2 2 2 2 2 2 2 2 2 2 2 2 2 2 2 2 2 2 2 2 2 2 2 2 2 2 2 2 2
left_child=1 2 3 6 -5 -6 7 8 21 28 11 29 -13 17 15 -15 -17 -14 19 20 -12 22 -1 -24 25 -21 -19 -9 -10 -8
right_child=-2 -3 -4 4 5 -7 10 27 9 -11 18 12 13 14 -16 16 -18 26 -20 24 -22 -23 23 -25 -26 -27 -28 -29 -30 -31
leaf_value=-0.0012911531888100108 0.020537079552024613 -0.019476340535023114 -0.039526535303888756 0.029621152855485371 -0.034370831926321579 0.008957225189885086 -0.0047100057758102413 -0.015652538841885947 -0.018304725650182187 0.013830187330543087 -0.00062201621188491681 -0.044614952423462785 0.062440468262251442 -0.016415864593473786 -0.024209630052323267 0.13791650413107021 0.041928158644558081 -0.014170089650635988 0.10894250130215753 0.026177263267852462 0.0062290702511752921 0.023656845804858741 0.01517147294950999 -0.0022770302886034989 -0.017898405845194466 -0.0054683109788881334 0.041815411134094864 0.010577027360286295 0.030640391467944006 -0.028168797312855799
leaf_weight=4183 29 146 89 38 48 34 264 313 35 36 95 132 30 27 52 26 36 128 27 26 48 43 26 31 136 48 29 38 27 473
leaf_count=4183 29 146 89 38 48 34 264 313 35 36 95 132 30 27 52 26 36 128 27 26 48 43 26 31 136 48 29 38 27 473
internal_value=-0.000683001 -0.000704577 -0.000655316 -0.000615242 0.00198347 -0.000578314 -0.000664977 -0.000474964 -0.000329531 0.00331313 -0.00123447 -0.00172621 -0.00043384 0.000753798 0.00307042 0.00582222 0.00939682 -0.001 0.00031496 -0.000146894 0.00186111 -0.000413633 -0.000462156 0.00365517 -0.00151659 0.00138667 -0.00220253 -0.00228409 0.000507936 -0.00253117
internal_weight=6693 6664 6518 6429 120 82 6309 4732 4381 98 1577 1197 460 328 141 89 62 187 380 353 143 4283 4240 57 210 74 157 351 62 737
internal_count=6693 6664 6518 6429 120 82 6309 4732 4381 98 1577 1197 460 328 141 89 62 187 380 353 143 4283 4240 57 210 74 157 351 62 737
is_linear=0
shrinkage=0.04


Tree=154
num_leaves=31
num_cat=0
split_feature=5 8 8 7 3 0 7 8 10 14 3 2 17 0 5 19 12 5 3 0 0 8 8 19 13 19 16 10 14 5
split_gain=0.359591 0.696662 0.785021 0.616023 0.554965 0.559814 0.549713 0.780096 1.06975 1.28916 1.20315 1.72104 1.17765 0.861151 0.997017 0.836194 1.23443 0.789606 0.94948 1.42645 0.6742 1.38258 0.874304 0.935268 0.797518 0.597302 1.06944 0.785004 0.60131 0.609154
threshold=9.0500000000000025 12.65 13.350000000000003 3.9062500000000004 16.350000000000005 9.1500000000000004 4.1520833333333336 5.1500000000000012 7.6500000000000012 149.50000000000003 2.7500000000000004 2.4500000000000006 -1.0000000180025095e-35 1.8500000000000003 1.5500000000000003 1.0000000180025095e-35 82.500000000000014 4.2500000000000009 12.550000000000002 16.550000000000004 3.9500000000000006 4.5500000000000007 2.3500000000000001 -1.0000000180025095e-35 6.0500000000000007 1.0000000180025095e-35 2047.5000000000002 1.5500000000000003 315.50000000000006 1.0500000000000003
decision_type=2 2 2 2 2 2 2 2 2 2 2 2 2 2 2 2 2 2 2 2 2 2 2 2 2 2 2 2 2 2
left_child=6 3 -3 -2 -5 -6 25 8 10 -10 11 -8 13 -12 -15 -11 -17 -9 19 -19 22 -22 -16 24 -24 26 27 -1 29 -29
right_child=1 2 -4 4 5 -7 7 17 9 15 12 -13 -14 14 20 16 -18 18 -20 -21 21 -23 23 -25 -26 -27 -28 28 -30 -31
leaf_value=-0.052168177841097958 0.011165238339424122 0.010986833134516368 -0.0016171407213212644 -0.011555610339327038 0.030259810204437795 -0.024807761956390877 0.022411051950735228 -0.004743670145504684 0.046569287635874944 -0.00096809626061318153 -0.02676861485109468 -0.0032090618597991065 -0.025445509393722747 0.00728592519939638 0.048409027449328026 -0.00044810264926656003 0.032437331672834635 0.00018856028118545984 -0.01239622676253885 0.11193342136800948 0.10210732916541254 -0.00064526415113759787 0.021020087140618281 -0.030579508087519615 -0.0028002573691844339 -0.011946964839078974 0.01087930379283719 0.012170928713048368 0.019808479412661582 -0.0070113001507061921
leaf_weight=100 39 51 686 1028 28 25 46 720 28 83 70 37 187 28 25 28 40 1195 214 26 29 37 55 144 50 806 28 82 36 742
leaf_count=100 39 51 686 1028 28 25 46 720 28 83 70 37 187 28 25 28 40 1195 214 26 29 37 55 144 50 806 28 82 36 742
internal_value=-0.000683001 -0.00115608 -0.000200543 -0.00178412 -0.00196303 0.002 -0.000501138 -0.000173514 0.000824323 0.00357778 0.000124118 0.00461905 -0.000479234 0.000656035 0.00143089 0.00207895 0.00533333 -0.000584417 -4.17837e-05 0.000389524 0.000821113 0.00441791 -5.81828e-05 -0.000784001 0.00207547 -0.00105627 -0.000396361 -0.000624351 -0.000232289 -0.000455759
internal_weight=6693 1857 737 1120 1081 53 4836 3042 887 179 708 83 625 438 368 151 68 2155 1435 1221 340 66 274 249 105 1794 988 960 860 824
internal_count=6693 1857 737 1120 1081 53 4836 3042 887 179 708 83 625 438 368 151 68 2155 1435 1221 340 66 274 249 105 1794 988 960 860 824
is_linear=0
shrinkage=0.04


Tree=155
num_leaves=31
num_cat=0
split_feature=9 8 11 3 11 19 18 5 2 14 14 11 20 5 7 7 5 14 5 0 11 10 5 20 19 14 18 5 7 13
split_gain=0.387366 0.627011 0.641198 0.837505 0.707084 0.799301 0.821415 0.776767 0.596938 0.542279 1.16872 1.27063 1.83192 1.93839 0.842316 0.854061 0.800207 0.705739 1.27682 1.11797 0.876743 0.925031 1.61497 1.96499 0.819798 0.994646 0.788747 1.01803 2.25209 0.729499
threshold=60.500000000000007 12.050000000000002 13.050000000000002 5.8500000000000005 20.450000000000003 -1.0000000180025095e-35 -0.9159756150367534 10.950000000000001 9.4500000000000011 184.50000000000003 204.50000000000003 -5.0499999999999989 0.81174490092936691 6.2500000000000009 2.1229166666666672 2.2354166666666671 10.850000000000003 152.50000000000003 14.15 10.550000000000002 14.750000000000002 2.3500000000000001 3.7500000000000004 -0.22252093395631442 1.0000000180025095e-35 63.500000000000007 -0.5 4.6500000000000012 4.8770833333333341 2.5500000000000003
decision_type=2 2 2 2 2 2 2 2 2 2 2 2 2 2 2 2 2 2 2 2 2 2 2 2 2 2 2 2 2 2
left_child=1 8 3 -3 5 7 -7 -4 -1 14 11 -11 -13 -14 -2 -16 -12 18 20 -20 21 22 23 -17 25 -21 27 -23 -29 -30
right_child=9 2 4 -5 -6 6 -8 -9 -10 10 16 12 13 -15 15 17 -18 -19 19 24 -22 26 -24 -25 -26 -27 -28 28 29 -31
leaf_value=-0.0054070932457785815 -0.046097252338868321 0.33112119743012819 0.016995814402169039 -0.023789815184852157 -0.031355675180407001 0.14781506402497571 0.00080853290516436581 -0.0034494840864908727 -0.067111428613520235 0.016842884347669826 -7.784525492614333e-06 0.0010793609588303774 0.026368063292103269 0.00035539737301537491 0.015623950693268766 0.020198266655622802 -0.01594741711059279 -0.0047291958436542856 0.034980958818186005 -0.0093384702898416227 -0.0078647915866347645 -0.014387403446447152 -0.029165917257481709 0.0018044996558125761 -0.01311609151624424 0.16063100620656354 -0.0036111622296615313 0.026546141507396502 -0.020414770793746061 0.015806095052049125
leaf_weight=1207 145 26 43 168 33 38 71 76 166 28 1219 397 32 39 32 36 274 980 35 44 495 83 32 42 43 38 689 25 29 74
leaf_count=1207 145 26 43 168 33 38 71 76 166 28 1219 397 32 39 32 36 274 980 35 44 495 83 32 42 43 38 689 25 29 74
internal_value=-0.000571688 -0.00106725 0.000219297 -0.00151795 0.00151145 0.00230568 0.00476364 3.33324e-05 -0.00149345 -0.00038321 0.000122612 0.00180282 0.00129637 0.00716667 -0.00073964 -0.000578044 -0.000436413 -0.000657597 -0.000156063 0.00322981 -0.000517929 0.000158258 0.0036036 0.00668354 0.00142857 0.00375904 -0.000266372 0.00186792 0.00409302 0.00142308
internal_weight=6639 1828 455 194 261 228 109 119 1373 4811 1989 496 468 71 2822 2677 1493 2645 1665 160 1505 1010 110 78 125 82 900 211 128 103
internal_count=6639 1828 455 194 261 228 109 119 1373 4811 1989 496 468 71 2822 2677 1493 2645 1665 160 1505 1010 110 78 125 82 900 211 128 103
is_linear=0
shrinkage=0.04


Tree=156
num_leaves=31
num_cat=0
split_feature=18 13 5 14 5 0 10 8 20 0 12 0 3 3 14 10 14 14 5 11 14 9 5 16 11 14 13 11 20 11
split_gain=0.634422 0.734898 0.684668 0.762967 1.68929 0.539126 0.596025 0.450392 0.687668 0.885316 0.399936 0.409416 1.16475 0.936236 1.03856 0.950879 0.705371 0.777863 0.555519 0.717876 0.907407 1.26719 0.877014 0.973541 0.553847 0.57213 0.653609 1.19984 0.91121 0.547128
threshold=0.91597561503675351 14.550000000000002 3.8500000000000001 248.50000000000003 2.7500000000000004 13.050000000000002 1.2500000000000002 2.8500000000000001 -0.22252093395631442 4.5500000000000007 89.500000000000014 7.5500000000000007 5.8500000000000005 5.5500000000000007 145.50000000000003 5.1500000000000012 182.50000000000003 189.50000000000003 6.0500000000000007 3.1500000000000008 148.50000000000003 67.500000000000014 7.2500000000000009 32.500000000000007 13.450000000000001 177.50000000000003 3.7500000000000004 22.050000000000004 -0.56174490092936669 1.8500000000000003
decision_type=2 2 2 2 2 2 2 2 2 2 2 2 2 2 2 2 2 2 2 2 2 2 2 2 2 2 2 2 2 2
left_child=10 2 3 7 -5 -4 -7 -2 9 -9 11 18 13 14 15 -13 -16 -18 29 20 21 -20 23 -22 -21 -26 -27 28 -28 -1
right_child=1 -3 5 4 -6 6 -8 8 -10 -11 -12 12 -14 -15 16 -17 17 -19 19 24 22 -23 -24 -25 25 26 27 -29 -30 -31
leaf_value=-0.011733531680755773 -0.0033837291824816624 -0.044663862777151626 -0.0017083054769194811 0.012933595009892527 0.028216916540431378 -0.0057257556692095549 0.044082733084271693 0.020804391855625687 -0.0018592231018797151 -1.7839933238369002e-05 -0.015603559816454109 0.074723999443451122 -0.0020962167613611353 0.01053313571107444 -0.013394963621263474 0.00041287951989017518 0.017185644322993566 9.0324867763279989e-06 0.039209516090287166 -0.035939289982866794 0.0058608471111163277 -0.006278861573233159 -0.033768182123455594 -0.014866897834512352 -0.021803759305917447 -0.014235543938409864 0.05367516617449037 -0.016331466636812682 0.0041344134403572073 -0.00018846625319243699
leaf_weight=681 96 72 384 54 30 33 27 34 80 28 424 25 1700 51 119 31 26 101 26 439 29 35 150 26 202 93 27 75 74 1467
leaf_count=681 96 72 384 54 30 33 27 34 80 28 424 25 1700 51 119 31 26 101 26 439 29 35 150 26 202 93 27 75 74 1467
internal_value=-0.00058976 0.000438616 0.000803128 0.00220433 0.00545882 -0.000215731 0.00327869 0.00103766 0.00246154 0.0055873 -0.000738367 -0.00064485 -0.000200585 0.001887 0.0010297 0.00589474 -9.71669e-05 0.00196875 -0.000919099 -0.00161767 0.000209737 0.00445161 -0.00106796 0.00321428 -0.00215148 -0.00119492 1.48139e-05 0.00144633 0.00427451 -0.000536064
internal_weight=6639 838 766 322 84 444 60 238 142 62 5801 5377 2053 353 302 56 246 127 3324 1176 266 61 205 55 910 471 269 176 101 2148
internal_count=6639 838 766 322 84 444 60 238 142 62 5801 5377 2053 353 302 56 246 127 3324 1176 266 61 205 55 910 471 269 176 101 2148
is_linear=0
shrinkage=0.04


Tree=157
num_leaves=31
num_cat=0
split_feature=14 5 3 5 5 9 10 6 11 3 3 19 7 19 3 14 17 18 10 11 4 11 19 11 4 13 3 9 6 0
split_gain=0.509615 0.752083 1.41047 1.01926 0.876972 0.849293 1.71439 3.41497 1.1501 0.795802 0.873784 0.79119 0.777668 1.77756 1.07477 0.862442 1.17336 0.720817 1.30254 0.650664 0.964947 0.639883 0.808381 1.21304 0.612365 0.549414 0.549133 0.957311 1.63587 0.544012
threshold=186.50000000000003 11.15 14.850000000000003 9.8500000000000032 5.3500000000000005 73.500000000000014 7.9500000000000011 4.2916666666666652 -6.8499999999999988 0.55000000000000016 3.1500000000000008 1.0000000180025095e-35 8.2062500000000025 -0.60785761079279388 6.6500000000000012 206.50000000000003 0.37940952255126054 -0.12940952255126037 2.7500000000000004 12.450000000000001 2.9500000000000006 20.250000000000004 -0.60785761079279388 4.6500000000000012 4.4500000000000011 0.8500000000000002 4.5500000000000007 101.50000000000001 6.4749999999999979 8.9500000000000011
decision_type=2 2 2 2 2 2 2 2 2 2 2 2 2 2 2 2 2 2 2 2 2 2 2 2 2 2 2 2 2 2
left_child=-1 2 5 4 -4 9 8 -8 -7 -2 -11 12 14 -14 15 16 -12 -10 19 -19 -21 22 -20 -24 -9 -16 -22 29 -29 -28
right_child=1 -3 3 -5 -6 6 7 24 17 10 11 -13 13 -15 25 -17 -18 18 21 20 26 -23 23 -25 -26 -27 27 28 -30 -31
leaf_value=-0.002919639899465698 0.0074987820103762119 -0.013007744583109849 0.060110916922824088 0.026390983065993596 -0.0019111826378673631 0.020221575305655742 0.045222971681354925 0.010595472839727752 -0.035376382507536615 -0.019651949993238917 0.0033351833352123455 -0.0099637719279049072 -0.0010478993554081052 0.097400288897178375 0.0025541384924758167 -0.00060747775968640486 0.020010756205077924 -0.018562530046972878 -0.00089958870344499333 0.017521320541118192 -0.029790012140849732 -0.0020949646234875181 0.0047252311876087782 0.017668830943584582 -0.0063526091938977125 -0.012999495863558681 -0.0020751440861083432 0.044851688588992154 -0.0028927453103423989 0.0040967251814431746
leaf_weight=3918 28 507 25 25 56 25 30 41 132 346 48 380 47 33 32 149 35 154 38 27 81 31 39 42 43 123 102 26 29 47
leaf_count=3918 28 507 25 25 56 25 30 41 132 346 48 380 47 33 32 149 35 154 38 27 81 31 39 42 43 123 102 26 29 47
internal_value=-0.000583736 -0.000163116 0.000155304 0.00463551 0.00239024 -7.2073e-05 0.000869368 0.00542609 0.000191214 -0.000756138 -0.000914574 -0.000221699 0.000880341 0.00444444 0.00013402 0.00185408 0.00509524 -9.61291e-05 0.00047974 -0.000565311 0.000485622 0.00370861 0.00503333 0.00726829 0.00122353 -0.0024359 -0.000209791 0.00089756 0.00535714 -0.000773334
internal_weight=6639 2721 2214 106 81 2108 887 114 773 1221 1193 847 467 80 387 232 83 748 616 466 312 150 119 81 84 155 285 204 55 149
internal_count=6639 2721 2214 106 81 2108 887 114 773 1221 1193 847 467 80 387 232 83 748 616 466 312 150 119 81 84 155 285 204 55 149
is_linear=0
shrinkage=0.04


Tree=158
num_leaves=31
num_cat=0
split_feature=18 13 9 12 7 16 14 18 1 2 4 5 11 9 11 17 11 13 13 10 13 6 13 9 10 14 6 14 14 4
split_gain=0.47606 0.843056 0.613207 0.948887 1.12172 0.815225 0.711821 0.707881 0.849998 0.741989 1.35965 0.543016 0.513195 0.356761 0.400619 1.15798 1.90977 0.875641 0.903614 0.793482 1.76556 1.06791 1.27546 0.766439 1.23929 1.04433 0.902504 0.678029 0.864446 1.35705
threshold=0.91597561503675351 12.550000000000002 81.500000000000014 16.500000000000004 3.6270833333333341 112.50000000000001 250.50000000000003 0.98296291314453421 2.7500000000000004 6.6500000000000012 14.850000000000003 2.4500000000000006 26.350000000000005 114.50000000000001 15.65 -0.98296291314453399 21.150000000000002 5.3500000000000005 4.2500000000000009 7.9500000000000011 7.4500000000000011 2.4333333333333305 9.3500000000000032 67.500000000000014 5.7500000000000009 275.50000000000006 3.499999999999996 224.50000000000003 196.50000000000003 4.5500000000000007
decision_type=2 2 2 2 2 2 2 2 2 2 2 2 2 2 2 2 2 2 2 2 2 2 2 2 2 2 2 2 2 2
left_child=13 2 5 -4 -5 6 11 8 -6 -10 -11 -2 -9 14 17 16 -16 18 -1 21 27 22 -17 24 26 -25 -20 28 -21 -30
right_child=1 -3 3 4 7 -7 -8 12 9 10 -12 -13 -14 -15 15 19 -18 -19 23 20 -22 -23 -24 25 -26 -27 -28 -29 29 -31
leaf_value=-0.0029467538487656826 0.0056352713191912505 -0.026788621750376974 -0.028959474136119417 0.029462809297615935 0.0080949554534751698 -0.02815029668119574 0.030884030581352775 -0.0049204099498690807 -0.00016223604854290956 0.027127151233098251 -0.0016153732610424893 -0.0074391678232112058 0.022787423444323822 -0.0090254030699533187 0.036866063747916809 -0.013920270913130379 0.0012285238671199249 -0.015866548515275237 0.17041413235840425 -0.00020107581788900074 0.026177998900861643 -0.0042472775676321425 0.013389054022279467 -0.0034584967854816451 0.0015027177513247765 0.020597671560118457 0.03315585525459637 -0.015524596347101981 -0.046729263897077725 0.056425993751232709
leaf_weight=2384 47 124 60 39 33 146 39 67 82 35 41 100 25 112 28 36 71 987 25 353 40 1043 37 175 217 26 38 126 32 71
leaf_count=2384 47 124 60 39 33 146 39 67 82 35 41 100 25 112 28 36 71 987 25 353 40 1043 37 175 217 26 38 126 32 71
internal_value=-0.000547591 0.000343265 0.000872726 0.00196345 0.00282353 -0.000384385 0.00136898 0.00192958 0.0033125 0.00206289 0.00488312 8.10801e-05 -0.000946238 -0.000676319 -0.000631987 -0.000145812 0.00404 -0.000863743 -0.000509422 -0.00038643 0.000757623 -0.00102417 0.00362162 0.00107054 0.00241993 -0.000811882 0.0073125 0.000192109 0.000910284 0.00411538
internal_weight=6639 838 714 382 322 332 186 283 191 158 76 147 92 5801 5689 1837 99 3852 2865 1738 622 1116 73 481 280 201 63 582 456 103
internal_count=6639 838 714 382 322 332 186 283 191 158 76 147 92 5801 5689 1837 99 3852 2865 1738 622 1116 73 481 280 201 63 582 456 103
is_linear=0
shrinkage=0.04


Tree=159
num_leaves=31
num_cat=0
split_feature=5 3 14 18 7 13 7 9 6 3 3 14 19 13 17 14 6 4 9 11 2 16 4 11 14 8 0 5 9 5
split_gain=0.366756 0.778906 0.952187 0.783642 1.20735 1.00837 0.686278 1.80863 0.488841 0.756163 0.439707 0.89847 1.58381 1.40457 1.3256 1.23275 1.63873 1.10123 0.940653 1.76193 1.74923 0.8883 0.920043 0.880686 0.942472 1.28285 0.874761 1.02096 0.758841 0.789446
threshold=1.4500000000000002 9.0500000000000025 138.50000000000003 -0.12940952255126037 2.0687500000000005 2.4500000000000006 3.2854166666666673 85.500000000000014 1.4833333333333323 0.45000000000000007 5.1500000000000012 149.50000000000003 -1.0000000180025095e-35 7.1500000000000012 0.37940952255126054 98.500000000000014 3.6833333333333322 3.9500000000000006 81.500000000000014 1.1500000000000001 3.7500000000000004 287.50000000000006 2.4500000000000006 11.450000000000001 266.50000000000006 5.1500000000000012 2.5500000000000003 2.0500000000000003 41.500000000000007 6.2500000000000009
decision_type=2 2 2 2 2 2 2 2 2 2 2 2 2 2 2 2 2 2 2 2 2 2 2 2 2 2 2 2 2 2
left_child=1 2 -1 4 -4 -5 7 -7 -2 -10 11 12 13 14 15 -11 -17 -15 21 20 -20 22 -13 -21 25 -25 -24 -28 -29 -30
right_child=8 -3 3 5 -6 6 -8 -9 9 10 -12 18 -14 17 -16 16 -18 -19 19 23 -22 -23 26 24 -26 -27 27 28 29 -31
leaf_value=-0.023686435974208987 -0.025788462437328252 0.014260323392945253 0.014431405786940498 0.01696313729699446 -0.040482848917903679 0.020991588636827308 -0.0091345144069676643 -0.012214726190503742 0.0062336512513676548 0.00085374481286485868 -0.0021439121921437445 -0.022128064279262848 -0.0024566826711770475 0.073958970249701189 -0.0081361207628306495 0.12733837151381452 0.0054594859401384897 0.007603890873358457 0.024930275043612744 -0.0016974691689375019 -0.010858350259469756 -0.027171886859176722 -0.021729430861621185 0.05625099884705119 -0.0053292255651577877 -0.0031600222272652858 0.027919226442570937 0.0043330717895246514 0.0069602750988696626 -0.0052449892309503554
leaf_weight=121 240 35 36 37 81 27 58 43 28 106 3546 396 394 25 73 36 27 44 27 121 27 253 106 40 58 42 25 30 254 303
leaf_count=121 240 35 36 37 81 27 58 43 28 106 3546 396 394 25 73 36 27 44 27 121 27 253 106 40 58 42 25 30 254 303
internal_value=-0.000643977 0.000473803 -2.97039e-05 0.00124382 -0.00125424 0.00301205 0.00130232 0.00394366 -0.000722994 -0.00065146 -0.000682846 -0.000262983 0.000934843 0.0030641 0.00161317 0.00355294 0.0079375 0.00805714 -0.000765301 0.00120253 0.00770909 -0.0012193 -0.00073184 -0.00016794 0.00198581 0.00472289 0.000122391 0.00070473 0.000360543 2.15044e-05
internal_weight=6639 438 403 282 117 165 128 70 6201 5961 5933 2387 705 311 242 169 63 69 1682 315 54 1367 1114 261 140 82 718 612 587 557
internal_count=6639 438 403 282 117 165 128 70 6201 5961 5933 2387 705 311 242 169 63 69 1682 315 54 1367 1114 261 140 82 718 612 587 557
is_linear=0
shrinkage=0.04


Tree=160
num_leaves=31
num_cat=0
split_feature=9 1 10 9 0 7 7 0 10 2 9 20 7 17 2 3 11 16 13 11 4 7 7 10 7 6 5 10 0 17
split_gain=0.474829 0.44475 0.356249 0.716649 1.29434 0.943248 0.517112 0.728071 1.30708 1.34418 0.645373 0.949981 2.19806 0.597221 0.604398 0.617536 0.881564 0.855597 0.89134 0.87096 1.10306 0.85308 0.959982 0.79443 0.655531 0.628328 0.600793 0.591417 0.533551 0.472747
threshold=38.500000000000007 0.65000000000000002 8.7500000000000018 81.500000000000014 7.3500000000000005 11.393750000000002 4.0187500000000007 3.9500000000000006 10.950000000000001 3.6500000000000008 52.500000000000007 1.0000000180025095e-35 3.3687500000000008 1.0000000180025095e-35 9.4500000000000011 3.4500000000000006 18.950000000000003 37.500000000000007 0.55000000000000016 18.950000000000003 2.1500000000000008 6.0812500000000007 5.0729166666666679 10.350000000000003 4.3104166666666677 8.6166666666666654 18.250000000000004 12.15 11.850000000000003 0.60355339059327384
decision_type=2 2 2 2 2 2 2 2 2 2 2 2 2 2 2 2 2 2 2 2 2 2 2 2 2 2 2 2 2 2
left_child=-1 -2 29 6 -5 -6 10 8 9 -8 11 12 -4 26 15 16 24 18 -17 20 -19 22 -22 -23 -15 -20 -9 -25 -16 -3
right_child=1 2 3 4 5 -7 7 13 -10 -11 -12 -13 -14 14 28 17 -18 19 25 -21 21 23 -24 27 -26 -27 -28 -29 -30 -31
leaf_value=-0.027011655434474126 -0.020155082103382994 -0.0011533376062201357 0.03378692968008918 0.019441518310183006 -0.0064343904502805653 0.11537945610649138 0.0007561280125598438 -0.023118428728638438 -0.0058563938562781401 0.039278976073797232 -0.021458817040525144 -0.076936918573357521 -0.038393682077989023 0.013279883522410446 -0.031298206282086433 0.043492168597354025 0.024513416926517734 -0.021043442758809414 -0.007447926286478365 -0.012889857438590327 0.010370301284487219 -0.0022356976252546627 0.032408014615727176 0.014854854318501429 -0.017754076105851356 0.034179451955211444 0.039177181354627381 0.0006405733486391273 4.7776434726919439e-05 -0.0073272751162113204
leaf_weight=140 98 3607 25 31 64 25 29 303 48 26 259 34 31 25 125 34 29 26 200 36 27 30 28 26 136 46 31 25 326 835
leaf_count=140 98 3607 25 31 64 25 29 303 48 26 259 34 31 25 125 34 29 26 200 36 27 30 28 26 136 46 31 25 326 835
internal_value=-0.000539816 -0.000490406 -0.000449599 -9.87262e-06 0.00297521 0.000488888 -0.000199371 0.000113037 0.00334615 0.0075 -0.00158857 0.00131868 0.00449123 -0.000118295 0.000324999 0.00108819 -0.000837697 0.00185386 0.000427045 0.0038593 0.00510429 0.00654015 0.0103571 0.00385366 -0.002 -0.000421054 -0.0016 0.00684615 -0.000805311 -0.000650012
internal_weight=6705 6565 6467 2025 120 89 1905 1556 103 55 349 90 56 1453 1119 668 190 478 280 198 162 136 55 81 161 246 334 51 451 4442
internal_count=6705 6565 6467 2025 120 89 1905 1556 103 55 349 90 56 1453 1119 668 190 478 280 198 162 136 55 81 161 246 334 51 451 4442
is_linear=0
shrinkage=0.04


Tree=161
num_leaves=31
num_cat=0
split_feature=12 14 11 8 18 2 13 9 9 20 4 9 10 2 13 2 7 11 12 16 1 20 7 18 10 20 7 9 4 4
split_gain=0.434081 0.396663 0.646549 2.50903 0.741068 1.05142 0.759462 1.35504 0.590698 1.62425 0.997837 0.76239 1.03186 2.25761 1.32499 0.866706 1.25876 1.07844 0.666843 0.822631 0.664829 0.630125 0.573027 0.54161 0.693 0.894266 0.717875 0.557832 0.511471 0.781784
threshold=92.500000000000014 186.50000000000003 -5.0499999999999989 3.1500000000000008 -0.5 4.8500000000000005 0.65000000000000002 56.500000000000007 54.500000000000007 -0.22252093395631442 5.8500000000000005 70.500000000000014 7.9500000000000011 4.6500000000000012 2.5500000000000003 11.550000000000002 14.639583333333336 19.550000000000004 82.500000000000014 22.500000000000004 13.15 -0.22252093395631442 7.7729166666666671 0.1294095225512602 2.7500000000000004 -0.22252093395631442 3.589583333333334 87.500000000000014 12.850000000000003 7.8500000000000005
decision_type=2 2 2 2 2 2 2 2 2 2 2 2 2 2 2 2 2 2 2 2 2 2 2 2 2 2 2 2 2 2
left_child=1 -1 3 -3 5 -4 7 -7 9 10 -6 18 15 14 -14 23 17 -17 -10 -20 -19 -21 -11 -13 -25 27 -27 -26 29 -8
right_child=-2 2 4 -5 8 6 28 -9 11 22 -12 12 13 -15 -16 16 -18 20 19 21 -22 -23 -24 24 25 26 -28 -29 -30 -31
leaf_value=-0.0021630154648932011 -0.040532349199512006 0.01979039514408441 -0.016987748340401714 -0.0004027637633579509 0.014743631292801391 -0.0060373676368679985 -0.0079384873538079458 0.044988138745599378 -0.0072837171750411061 -0.038304353915835393 -0.0012149117343081741 -0.034516917863749511 0.0036904409021994394 -0.00084239590748944276 0.14984790659505542 -0.036997717565716605 -0.02995325447724427 0.034988234797322167 -0.0074416507977327099 -0.00068771366918201542 0.025009917961151144 0.01650347053930468 0.035149251442887879 -0.00094931314222546808 -0.029405827397226955 0.016926708041251924 0.0045353836680368008 0.025140787410726024 -0.045336276838289988 0.0099747689143671863
leaf_weight=3823 131 27 286 105 51 25 347 27 354 51 27 116 30 101 27 26 63 33 33 40 29 39 36 517 56 28 74 25 65 113
leaf_count=3823 131 27 286 105 51 25 347 27 354 51 27 116 30 101 27 26 63 33 33 40 29 39 36 517 56 28 74 25 65 113
internal_value=-0.000486133 -0.000440457 -7.41289e-05 0.00264662 -0.000212215 -0.0011713 -0.000186852 0.00437736 0.000259532 0.00253012 0.00668354 2.26121e-05 0.000586145 0.00357233 0.00986207 9.50404e-05 0.00286842 0.00593258 -0.00133619 0.00134513 0.0087619 0.00355 -0.00122727 -0.000421054 -9.52314e-10 0.00210869 0.00458252 -0.00102439 -0.000646389 -0.000173537
internal_weight=6705 6574 2751 132 2619 863 577 52 1756 165 78 1591 1125 158 57 967 151 88 466 112 62 79 87 816 700 183 102 81 525 460
internal_count=6705 6574 2751 132 2619 863 577 52 1756 165 78 1591 1125 158 57 967 151 88 466 112 62 79 87 816 700 183 102 81 525 460
is_linear=0
shrinkage=0.04


Tree=162
num_leaves=31
num_cat=0
split_feature=9 14 5 16 8 9 7 10 10 13 7 7 11 16 16 12 5 5 10 11 5 18 16 17 9 7 17 6 11 14
split_gain=0.409187 0.837806 1.19557 0.578807 0.583696 0.561516 0.374125 0.373285 0.352914 0.707004 0.588382 1.01077 0.693585 0.576558 0.516706 0.749968 0.537433 0.4756 0.445004 1.41953 0.975159 0.831017 0.918112 0.648027 0.644849 2.1615 0.918523 0.822296 1.50931 1.4191
threshold=48.500000000000007 254.50000000000003 7.9500000000000011 27.500000000000004 13.15 49.500000000000007 5.1020833333333346 9.8500000000000032 8.7500000000000018 8.1500000000000004 2.8104166666666672 3.0770833333333338 23.850000000000005 122.50000000000001 57.500000000000007 81.500000000000014 4.8500000000000005 3.9500000000000006 3.6500000000000008 -6.8499999999999988 0.55000000000000016 -0.12940952255126037 57.500000000000007 -1.0000000180025095e-35 92.500000000000014 13.581250000000002 -0.37940952255126065 1.8166666666666635 16.950000000000003 160.50000000000003
decision_type=2 2 2 2 2 2 2 2 2 2 2 2 2 2 2 2 2 2 2 2 2 2 2 2 2 2 2 2 2 2
left_child=1 3 -3 4 -1 7 -5 -2 18 10 -10 -12 13 14 -13 17 -17 -16 19 -7 -20 -21 -23 24 25 27 -26 28 29 -24
right_child=5 2 -4 6 -6 8 -8 -9 9 -11 11 12 -14 -15 15 16 -18 -19 20 21 -22 22 23 -25 26 -27 -28 -29 -30 -31
leaf_value=-0.010215502283437762 0.11134243674343906 0.14152665053459776 -0.057576883348160822 -0.0018610434989120898 0.084715871144253593 0.0069702567958615028 -0.022496345115184193 -0.0051379301203015272 -0.027612417247610006 0.006021211688299985 0.01617335618049219 -0.00063436932723960778 0.059864094196479964 -0.021568012108523188 -0.042022954519081959 0.056876399845982813 0.0012772931332813318 0.0021750823273720605 0.010737851161768577 -0.032181119757693596 -0.0045804237671381873 0.0016904977331183618 0.12104575189684121 -0.0045898544582092405 -0.0069657163183725057 0.066208058696589051 0.0076550946073267604 -0.00026593314142928451 0.020476196490524665 -0.033852612674337215
leaf_weight=108 30 27 47 116 38 28 294 29 127 38 32 1081 45 81 32 25 27 147 26 304 2369 34 25 532 420 34 99 435 27 48
leaf_count=108 30 27 47 116 38 28 294 29 127 38 32 1081 45 81 32 25 27 147 26 304 2369 34 25 532 420 34 99 435 27 48
internal_value=-0.000551746 -0.0015214 0.00245333 -0.00205386 0.000108843 -0.000450956 -0.00282239 0.0034 -0.000489281 1.2224e-05 -0.000117648 0.000108769 -5.00357e-05 -0.00020947 -6.09387e-06 0.0017069 0.00588679 0.000466666 -0.000676404 -0.000233519 -0.00104341 -0.000363452 -9.66863e-06 -0.000148058 0.000411386 0.00134035 -0.000607693 0.000708954 0.0039604 0.000918918
internal_weight=6705 630 74 556 146 6075 410 59 6016 1635 1597 1470 1438 1393 1312 231 52 179 4381 1986 2395 1958 1654 1620 1088 569 519 535 100 73
internal_count=6705 630 74 556 146 6075 410 59 6016 1635 1597 1470 1438 1393 1312 231 52 179 4381 1986 2395 1958 1654 1620 1088 569 519 535 100 73
is_linear=0
shrinkage=0.04


Tree=163
num_leaves=31
num_cat=0
split_feature=10 11 8 4 7 11 7 20 8 5 3 2 8 9 5 7 9 18 2 11 11 13 11 11 0 10 14 3 10 13
split_gain=0.357023 0.458916 1.26722 0.790741 0.859586 0.424753 0.911882 1.18655 2.05046 2.57824 1.22558 1.13341 1.83237 0.605789 0.596134 0.557689 1.58058 1.54043 2.27559 1.34486 1.22874 0.977712 0.9046 0.732042 1.25063 0.906275 0.72336 0.734136 0.489023 0.864797
threshold=21.050000000000004 -5.8499999999999988 3.1500000000000008 3.8500000000000001 9.0770833333333361 1.8500000000000003 5.1354166666666679 -0.22252093395631442 5.2500000000000009 4.6500000000000012 8.4500000000000011 7.3500000000000005 11.350000000000003 85.500000000000014 7.0500000000000007 3.2625000000000006 83.500000000000014 -0.3794095225512602 4.5500000000000007 3.1500000000000008 15.65 5.2500000000000009 20.450000000000003 4.2500000000000009 2.2500000000000004 6.2500000000000009 127.50000000000001 1.8500000000000003 7.9500000000000011 8.1500000000000004
decision_type=2 2 2 2 2 2 2 2 2 2 2 2 2 2 2 2 2 2 2 2 2 2 2 2 2 2 2 2 2 2
left_child=1 2 -1 -4 -5 6 13 -8 9 -9 11 14 -13 -3 -10 16 17 19 20 -7 21 23 -22 -19 -25 -26 27 -23 -17 -30
right_child=-2 5 3 4 -6 15 7 8 10 -11 -12 12 -14 -15 -16 28 -18 18 -20 -21 22 26 -24 24 25 -27 -28 -29 29 -31
leaf_value=0.0065271252661660232 -0.016367831223316122 -0.018648372046543432 0.013874434554399002 -0.03277929322843081 0.0023386146951494273 0.013016607478539484 -0.0088279109887905403 0.066128164068483028 -0.013061210715516578 0.0027090944152295053 -0.021578589878502943 0.028723212226112977 -0.0016343082822026995 0.010494841597504452 0.0012851222430554342 -0.0026319197421758047 -0.021086821490980751 0.0023797656544283685 0.051064142584340097 -0.016463931828321562 0.01900880964427484 -0.04863262328003376 0.0011322602889145207 0.021937615402673968 -0.040961911453437215 0.012742383151163734 -0.05250575649450525 0.055181463644174249 -0.00036557370262547604 0.01265591424397176
leaf_weight=41 89 696 42 89 39 32 171 25 46 33 96 37 30 25 42 2990 181 83 32 143 25 27 25 40 26 26 77 25 1419 53
leaf_count=41 89 696 42 89 39 32 171 25 46 33 96 37 30 25 42 2990 181 83 32 143 25 27 25 40 26 26 77 25 1419 53
internal_value=-0.000563675 -0.000529546 0.00130189 -0.000233919 -0.00179845 -0.000590073 -0.00126789 8.31591e-05 0.00156129 0.00827119 -1.5874e-05 0.00217949 0.00605882 -0.00216621 -0.00080899 -0.00043343 0.000581426 0.00162989 0.00303876 -0.00147727 0.00209577 0.00112787 0.00784314 0.00306818 0.00550538 0.00135849 -0.00150769 0.00211321 -0.000602286 -5.43205e-06
internal_weight=6705 6616 211 170 128 6405 1201 480 309 58 251 155 67 721 88 5204 742 561 386 175 354 304 50 175 92 52 129 52 4462 1472
internal_count=6705 6616 211 170 128 6405 1201 480 309 58 251 155 67 721 88 5204 742 561 386 175 354 304 50 175 92 52 129 52 4462 1472
is_linear=0
shrinkage=0.04


Tree=164
num_leaves=31
num_cat=0
split_feature=0 10 11 8 4 7 3 0 5 5 4 11 14 5 13 7 4 19 14 11 14 7 11 0 6 18 18 19 14 1
split_gain=0.382135 0.379138 0.431298 1.3346 0.573989 0.840532 0.311739 0.879549 0.707623 0.961942 0.833333 0.36145 0.697299 0.622689 0.939455 0.846458 1.47441 0.720848 1.05249 0.906365 1.1694 0.693838 1.68179 0.648434 1.18297 2.30279 0.644666 1.00587 1.77762 1.15418
threshold=0.95000000000000007 21.050000000000004 -5.8499999999999988 3.1500000000000008 4.2500000000000009 9.0770833333333361 51.300000000000004 45.70000000000001 23.250000000000004 20.650000000000002 10.050000000000002 2.2500000000000004 14.500000000000002 8.9500000000000011 5.4500000000000011 10.839583333333335 6.2500000000000009 1.0000000180025095e-35 16.500000000000004 28.050000000000004 191.50000000000003 2.8770833333333337 9.7500000000000018 11.550000000000002 15.008333333333335 0.60355339059327384 0.91597561503675351 1.0000000180025095e-35 193.50000000000003 2.1500000000000008
decision_type=2 2 2 2 2 2 2 2 2 2 2 2 2 2 2 2 2 2 2 2 2 2 2 2 2 2 2 2 2 2
left_child=-1 2 3 -2 -5 -6 7 8 9 11 -11 12 -4 14 26 -15 -17 18 -16 -19 -21 22 -20 -23 25 -25 -13 -28 29 -29
right_child=1 -3 6 4 5 -7 -8 -9 -10 10 -12 13 -14 15 17 16 -18 19 21 20 -22 23 -24 24 -26 -27 27 28 -30 -31
leaf_value=-0.01159083923163488 0.0065611035198238086 -0.015713117974383455 0.047222608404766685 0.011806152797160048 -0.031936077284202266 0.0022450701073434901 -0.14015846834511136 0.10477659913621568 -0.017872836360712453 0.058697636375690816 0.00046201985812540427 0.0004187926433827958 -0.0045675742324818485 -0.014653539829202564 0.0061040702608144608 0.038520286547570164 -0.00078354596031821185 -0.015959737159309026 -0.020312001184995435 -0.023017716775717779 0.045639207276460779 -0.0037540646183176624 0.019739240926751288 0.068354845570537281 -0.04884430698673578 -0.018150113579729121 0.00073080950372009408 0.016595332316945061 0.054127912443848042 -0.0061312313081798965
leaf_weight=190 40 89 25 48 83 39 42 37 115 25 29 1734 1274 723 27 32 575 519 52 55 34 565 25 25 28 25 149 25 32 44
leaf_count=190 40 89 25 48 83 39 42 37 115 25 29 1734 1274 723 27 32 575 519 52 55 34 565 25 25 28 25 149 25 32 44
internal_value=-0.000539816 -0.00048803 -0.000451845 0.00132701 -0.000233919 -0.00169106 -0.000512145 -0.000488422 -0.000525905 -0.000466214 0.0048 -0.00051466 -0.00110462 -0.000350322 -5.86836e-05 -0.00108189 1.97359e-05 -0.000870207 -3.74341e-05 -0.00189163 0.00182222 -0.000332872 0.00323077 -0.000763976 0.00263291 0.00627451 0.000495717 0.00239044 0.00545098 0.00177143
internal_weight=6705 6515 6426 210 170 122 6216 6174 6137 6022 54 5968 1299 4669 3339 1330 607 1355 747 608 89 720 77 643 78 50 1984 250 101 69
internal_count=6705 6515 6426 210 170 122 6216 6174 6137 6022 54 5968 1299 4669 3339 1330 607 1355 747 608 89 720 77 643 78 50 1984 250 101 69
is_linear=0
shrinkage=0.04


Tree=165
num_leaves=31
num_cat=0
split_feature=12 7 7 7 16 11 14 3 11 6 6 0 5 10 10 16 14 19 10 0 9 0 7 16 20 7 19 3 5 9
split_gain=0.416942 1.10832 0.397871 0.792221 1.48896 1.3974 0.633937 0.633725 0.423939 0.420202 0.921793 1.12281 1.43425 1.17674 1.10781 1.71524 1.08745 1.03728 0.594977 0.38938 0.3565 0.343452 0.334617 0.420973 0.366438 0.781638 2.91077 2.29567 1.54355 0.673336
threshold=88.500000000000014 2.9729166666666673 2.0187500000000007 2.1854166666666672 212.50000000000003 1.7500000000000002 187.50000000000003 1.6500000000000001 -0.34999999999999992 1.4833333333333323 2.3583333333333316 2.3500000000000001 2.1500000000000008 2.9500000000000006 6.9500000000000011 617.50000000000011 186.50000000000003 0.6078576107927941 0.65000000000000002 17.950000000000003 78.500000000000014 2.0500000000000003 2.6187500000000008 377.50000000000006 1.0000000180025095e-35 3.3687500000000008 1.0000000180025095e-35 4.2500000000000009 3.7500000000000004 75.500000000000014
decision_type=2 2 2 2 2 2 2 2 2 2 2 2 2 2 2 2 2 2 2 2 2 2 2 2 2 2 2 2 2 2
left_child=2 -2 6 4 5 -4 -1 8 -8 18 11 13 -13 16 15 -14 17 -11 -5 -3 21 -15 23 -12 25 26 27 28 -24 -26
right_child=1 19 3 9 -6 -7 7 -9 -10 10 22 12 14 20 -16 -17 -18 -19 -20 -21 -22 -23 24 -25 29 -27 -28 -29 -30 -31
leaf_value=-0.042198305058240126 0.013757351291578639 -0.020930904572761526 -0.0053830882694447437 0.0039312495902581162 -0.018968589339877214 0.076228722100851132 0.0080902447856265845 0.01915046502451859 -0.025931166774861437 0.0012555536362077655 -0.026435872500914108 0.018447203983036061 0.033028793947040523 -0.024254618543485377 -0.014392649475357993 -0.0030529542739405314 -0.0079639556198031237 0.090282065847177295 -0.028397027393703818 0.0048062085541666208 0.0033091725980898342 -0.005619747176349759 0.038681884891415899 0.0084030979640008809 -0.00051641579486115714 -0.00075528731274180359 -0.0035088070818748728 -0.028754950226265143 0.037045917887866445 -0.0062546197608727011
leaf_weight=124 48 501 25 28 27 26 25 38 53 29 122 33 45 112 51 28 53 29 157 32 36 35 32 25 1242 2613 158 25 30 941
leaf_count=124 48 501 25 28 27 26 25 38 53 29 122 33 45 112 51 28 53 29 157 32 36 35 32 25 1242 2613 158 25 30 941
internal_value=-0.000495539 -0.0015189 -0.000398503 -0.000333391 0.00364557 0.00761538 -0.0019917 0.000136751 -0.00192405 -0.000387297 -0.000325533 0.00140708 0.00412658 -5.42382e-05 0.002112 0.00524324 0.00317857 0.00691525 -0.00225807 -0.00204494 -0.00202174 -0.00289189 -0.000476393 -0.00235135 -0.000421262 -0.000123121 0.00203252 0.00786364 0.0119365 -0.000811356
internal_weight=6723 581 6142 5902 78 51 240 116 78 5824 5639 451 157 294 124 73 111 58 185 533 183 147 5188 147 5041 2858 245 87 62 2183
internal_count=6723 581 6142 5902 78 51 240 116 78 5824 5639 451 157 294 124 73 111 58 185 533 183 147 5188 147 5041 2858 245 87 62 2183
is_linear=0
shrinkage=0.04


Tree=166
num_leaves=31
num_cat=0
split_feature=5 7 14 18 7 12 18 17 14 1 11 10 4 12 7 14 5 3 10 8 9 3 3 4 5 8 16 2 16 14
split_gain=0.669793 0.385927 0.664972 0.750924 0.584414 1.21409 0.376274 0.813411 0.87037 0.69553 0.895607 0.689942 1.40095 0.598857 1.48601 0.674594 0.397444 0.400846 0.341493 0.352476 0.535721 0.472383 0.450207 0.613852 0.3575 0.732975 0.964173 1.39109 0.805059 0.73819
threshold=0.35000000000000003 2.0187500000000007 197.50000000000003 0.1294095225512602 2.1854166666666672 77.500000000000014 0.91597561503675351 -1.0000000180025095e-35 29.500000000000004 12.850000000000003 7.1500000000000012 6.3500000000000005 3.2500000000000004 36.500000000000007 8.4395833333333368 207.50000000000003 3.6500000000000008 7.1500000000000012 21.050000000000004 1.4500000000000002 74.500000000000014 0.45000000000000007 3.2500000000000004 4.0500000000000007 9.2500000000000018 12.050000000000002 27.500000000000004 11.350000000000003 522.50000000000011 338.50000000000006
decision_type=2 2 2 2 2 2 2 2 2 2 2 2 2 2 2 2 2 2 2 2 2 2 2 2 2 2 2 2 2 2
left_child=-1 2 -2 -4 5 -3 18 8 -8 10 11 12 -9 14 15 -10 -15 -18 19 20 -6 -21 23 -22 -23 -26 27 -27 -28 -30
right_child=1 4 3 -5 6 -7 7 9 13 -11 -12 -13 -14 16 -16 -17 17 -19 -20 21 22 24 -24 -25 25 26 28 -29 29 -31
leaf_value=0.0075288464879976541 -0.03899887497717866 -0.0089056634969832647 0.019880255130332977 -0.010463076242119675 -0.026729005791751352 0.02729455276207092 0.044638800016086513 0.010737675754112209 0.014241348264843141 0.019741047789080965 -0.011370190323306478 -0.00468467380821673 -0.00054363948011102749 -0.0097301957520221725 -0.0010527331564346917 0.022930741199368811 0.043487433025993852 -0.0068653433647668663 -0.023761982948127574 0.0063676233333306203 -0.014575289801652055 -0.00077520626417754927 -0.039375370224242409 0.013771613242105327 -0.01105498581656998 0.091188850163913746 -0.0059067868150629267 0.0021041798264931823 0.010804189824753271 -0.037165539912710564
leaf_weight=35 146 40 34 50 115 40 32 39 26 43 283 87 81 75 42 31 30 30 87 27 31 3713 43 25 839 25 459 75 113 27
leaf_count=35 146 40 34 50 115 40 32 39 26 43 283 87 81 75 42 31 30 30 87 27 31 3713 43 25 839 25 459 75 113 27
internal_value=-0.000442 -0.000471222 -0.00207792 0.00075294 -0.000413687 0.00296296 -0.000456499 0.000354999 0.0021573 -0.000546817 -0.000977598 0.00101923 0.00297521 0.00129362 0.00364 0.0077931 -0.000441177 0.00196721 -0.000572761 -0.000533043 -0.00212093 -0.000468271 3.99991e-05 0.00238596 -0.000495812 -0.00100845 -5.14295e-05 0.00356436 -0.000660001 0.00198581
internal_weight=6723 6688 230 84 6458 80 6378 799 266 533 490 207 120 234 99 57 135 60 5579 5492 214 5278 99 56 5251 1538 699 100 599 140
internal_count=6723 6688 230 84 6458 80 6378 799 266 533 490 207 120 234 99 57 135 60 5579 5492 214 5278 99 56 5251 1538 699 100 599 140
is_linear=0
shrinkage=0.04


Tree=167
num_leaves=31
num_cat=0
split_feature=5 8 7 6 0 14 14 16 10 2 3 4 18 16 11 5 11 14 19 4 11 5 19 7 12 14 6 0 11 16
split_gain=0.434682 0.369391 0.415768 0.81153 1.16716 1.71028 1.64369 1.10003 1.46063 1.1953 0.532741 0.564471 0.462744 0.454017 0.412548 0.368008 1.24304 0.600069 0.953159 0.854725 1.73173 0.62012 1.00024 1.99921 0.742603 0.694252 0.833145 1.32558 0.555342 0.869917
threshold=0.35000000000000003 1.3500000000000003 2.0187500000000007 2.3583333333333316 2.3500000000000001 86.500000000000014 49.500000000000007 1132.5000000000002 5.0500000000000007 1.7500000000000002 2.3500000000000001 2.9500000000000006 0.60355339059327384 27.500000000000004 -5.0499999999999989 9.2500000000000018 32.650000000000013 283.50000000000006 -0.60785761079279388 9.3500000000000032 22.450000000000003 14.65 0.87837969732492682 12.441666666666668 76.500000000000014 180.50000000000003 20.050000000000001 14.350000000000003 32.050000000000004 2582.5000000000005
decision_type=2 2 2 2 2 2 2 2 2 2 2 2 2 2 2 2 2 2 2 2 2 2 2 2 2 2 2 2 2 2
left_child=-1 -2 14 4 5 6 -4 8 -6 13 -7 -12 -13 -10 -3 28 17 21 -19 -20 -21 -17 24 -24 25 26 27 -23 29 -5
right_child=1 2 3 15 7 10 -8 -9 9 -11 11 12 -14 -15 -16 16 -18 18 19 20 -22 22 23 -25 -26 -27 -28 -29 -30 -31
leaf_value=0.0072276926284777681 -0.010644534074570982 0.005882917599961921 -0.001949674903720468 -0.00075093676953225216 0.023618998406527324 -0.031442884753602213 0.13910687711133465 -0.0025583347412566782 0.0077731885648224235 0.010812711800234621 0.0077288867460926936 -0.033272005107247142 0.0016753765424593269 -0.029690994185140169 -0.029847947679124437 -0.0073314259616032943 0.033632760762368166 -0.014130523709741218 -0.012971289785780524 0.033599679760347487 0.002278963184561519 0.00066339938714133305 0.11391994247546773 -0.016456363044156146 -0.029292047810430544 -0.014042848220919198 -0.019075957294154466 0.080219981003117558 -0.032711115429434751 0.034044208528836155
leaf_weight=35 303 25 33 3854 49 153 28 27 27 45 38 66 39 48 149 895 28 82 58 26 41 101 40 29 146 124 68 38 86 42
leaf_count=35 303 25 33 3854 49 153 28 27 27 45 38 66 39 48 149 895 28 82 58 26 41 101 40 29 146 124 68 38 86 42
internal_value=-0.000495539 -0.000519062 -0.000454119 -0.000399872 0.00106137 -0.000301677 0.00574193 0.00353299 0.00472941 0.00231405 -0.00156229 0.000194443 -0.00132076 -0.000789475 -0.00237714 -0.000542853 -0.00103995 -0.00118375 0.000826922 0.00301587 0.00605882 -0.00147296 -0.000409507 0.00405714 -0.00106276 -1.20491e-05 0.00140385 0.00317143 -0.000333418 -0.000262767
internal_weight=6723 6688 6385 6211 553 357 61 196 169 120 296 143 105 75 174 5658 1676 1648 207 125 67 1441 546 69 477 331 207 139 3982 3896
internal_count=6723 6688 6385 6211 553 357 61 196 169 120 296 143 105 75 174 5658 1676 1648 207 125 67 1441 546 69 477 331 207 139 3982 3896
is_linear=0
shrinkage=0.04


Tree=168
num_leaves=31
num_cat=0
split_feature=15 11 14 13 8 8 10 4 13 11 2 10 3 11 12 8 16 19 13 6 14 12 4 8 4 17 11 6 1 10
split_gain=0.39952 0.758469 0.734507 0.54949 0.655244 1.11837 0.759182 0.661765 0.432523 0.383721 0.390466 0.372164 0.335499 0.880541 2.13785 0.836566 0.774625 0.769837 0.952772 1.43202 0.861649 0.637677 1.63221 0.832682 0.866762 0.801676 0.684705 1.94033 0.668794 0.598687
threshold=1.0000000180025095e-35 3.1500000000000008 307.50000000000006 4.5500000000000007 4.5500000000000007 2.8500000000000001 9.2500000000000018 4.0500000000000007 18.050000000000004 17.950000000000003 6.3500000000000005 21.050000000000004 8.9500000000000011 15.950000000000001 40.500000000000007 11.050000000000002 27.500000000000004 -1.0000000180025095e-35 5.1500000000000012 15.008333333333335 200.50000000000003 66.500000000000014 13.950000000000001 2.5500000000000003 0.75000000000000011 0.91597561503675362 -1.0000000180025095e-35 3.7499999999999969 1.9500000000000002 14.450000000000001
decision_type=2 2 2 2 2 2 2 2 2 2 2 2 2 2 2 2 2 2 2 2 2 2 2 2 2 2 2 2 2 2
left_child=8 -2 3 4 5 -3 -6 -7 11 -5 -11 12 21 14 -14 -15 -17 18 -18 -20 -19 26 23 -23 -25 28 27 -1 -26 -28
right_child=1 2 -4 9 6 7 -8 -9 -10 10 -12 -13 13 15 -16 16 17 20 19 -21 -22 22 -24 24 25 -27 29 -29 -30 -31
leaf_value=0.014366640864948821 -0.028076704460250856 -0.01529296750539217 0.0061623455155770425 -0.031417568628020226 -0.025116886992810172 0.0014626945053363228 0.0076016242061769561 0.017685454123839164 -0.039476569670791849 -0.014989745337049283 0.031396582758971135 -0.019409742816879249 0.007809113962071023 -0.0040765600032747797 -0.0091705035809928163 0.030134105415963095 -0.0082627590552594617 -0.00054797838199539101 0.067957963045805828 -0.066641546592675335 0.011165834267468578 -0.014026217060499413 0.065395461648983022 0.024196239263565848 0.014760019855496988 -0.005437455774402692 -0.0016799665627931272 -0.010251645430553062 0.0027202347555943533 0.028081856812762779
leaf_weight=37 229 39 35 185 83 25 38 25 74 31 31 83 27 325 698 33 197 173 45 50 148 435 33 48 29 283 1835 92 1270 87
leaf_count=37 229 39 35 185 83 25 38 25 74 31 31 83 27 325 698 33 197 173 45 50 148 435 33 48 29 283 1835 92 1270 87
internal_value=-0.000501488 -0.00139058 -0.000503044 -0.000934499 0.000568719 0.00315555 -0.00134426 0.00705882 -0.00039447 -0.00220968 0.000507936 -0.000356216 -0.000318167 -0.000791987 -0.00184573 -4.11618e-06 0.000828438 0.000501628 -0.000982936 0.00229167 0.00185093 -0.000124338 0.000365888 0.000222652 0.000637645 0.000475046 -0.000625732 0.00218461 0.000895384 -0.000815394
internal_weight=6723 721 492 457 210 89 121 50 6002 247 62 5928 5845 1696 725 971 646 613 292 95 321 4149 2098 2065 1630 1582 2051 129 1299 1922
internal_count=6723 721 492 457 210 89 121 50 6002 247 62 5928 5845 1696 725 971 646 613 292 95 321 4149 2098 2065 1630 1582 2051 129 1299 1922
is_linear=0
shrinkage=0.04


Tree=169
num_leaves=31
num_cat=0
split_feature=10 8 7 4 3 10 11 20 11 14 12 13 13 0 7 17 13 10 10 11 12 18 8 13 11 12 2 14 14 12
split_gain=0.363919 0.330048 0.300842 0.670953 0.849786 1.67659 0.609297 1.05008 1.45218 1.31614 0.939701 0.873364 0.605309 0.569642 1.15411 0.606324 0.591346 0.810918 0.812914 0.597734 0.846176 0.528429 0.714816 0.578075 0.707637 2.36542 1.08087 1.09857 1.05805 1.01541
threshold=21.050000000000004 0.45000000000000007 5.8375000000000004 7.5500000000000007 4.1500000000000012 5.3500000000000005 15.65 0.81174490092936691 22.050000000000004 254.50000000000003 37.500000000000007 2.8500000000000001 7.6500000000000012 7.0500000000000007 3.4729166666666669 1.0000000180025095e-35 5.3500000000000005 9.4500000000000011 10.550000000000002 3.6500000000000008 74.500000000000014 0.37940952255126048 0.75000000000000011 5.5500000000000007 12.250000000000002 56.500000000000007 1.2500000000000002 187.50000000000003 59.500000000000007 44.500000000000007
decision_type=2 2 2 2 2 2 2 2 2 2 2 2 2 2 2 2 2 2 2 2 2 2 2 2 2 2 2 2 2 2
left_child=1 -1 3 13 -5 -6 10 -8 9 11 -4 -9 -12 21 -15 -16 17 -17 -19 20 -20 -3 -23 24 25 29 -27 28 -28 -24
right_child=-2 2 6 4 5 -7 7 8 -10 -11 12 -13 -14 14 15 16 -18 18 19 -21 -22 22 23 -25 -26 26 27 -29 -30 -31
leaf_value=-0.030170549429888265 -0.022005076446745996 -0.0043573734199914742 0.0070408076235754383 -0.0025492828270350372 0.037222073009324584 -0.025380347216010363 -0.00082568420011753705 0.022292534442301389 -0.0036807906308492463 0.067367094297676275 -0.0025073097011248813 -0.0024690603283665318 -0.06405805119625238 0.020015409758665212 -0.011392342932272861 -0.020125793739163456 0.022801975859795917 0.015900135352924963 0.022604725234991647 -0.03355356285216711 -0.0068870340473730311 0.0097702318461631386 0.0085834997852541929 -0.0048848569855335739 -0.0092516947482015385 0.0075167241539554029 0.0046842804172036101 0.0057726965831006198 -0.020193787156429867 0.027769312087017207
leaf_weight=43 87 1585 41 86 44 26 1439 40 140 43 1406 61 208 42 110 65 52 30 41 35 79 37 26 440 105 47 69 100 169 27
leaf_count=43 87 1585 41 86 44 26 1439 40 140 43 1406 61 208 42 110 65 52 30 41 35 79 37 26 440 105 47 69 100 169 27
internal_value=-0.00048959 -0.000455628 -0.000432515 -0.000155474 0.0023949 0.0056338 -0.000696065 -0.000169375 0.00204912 0.00485517 -0.00124396 0.00231372 -0.0013969 -0.000286275 0.00101978 0.000368038 0.00129373 0.000478087 0.00182796 0.000641025 0.00198347 -0.000514199 0.000195885 -1.21961e-05 0.000860293 0.0015672 0.00046632 -0.000330384 -0.00180753 0.00940741
internal_weight=6723 6636 6593 3215 156 70 3378 1723 284 144 1655 101 1614 3059 454 412 302 250 185 155 120 2605 1020 983 543 438 385 338 238 53
internal_count=6723 6636 6593 3215 156 70 3378 1723 284 144 1655 101 1614 3059 454 412 302 250 185 155 120 2605 1020 983 543 438 385 338 238 53
is_linear=0
shrinkage=0.04


Tree=170
num_leaves=31
num_cat=0
split_feature=15 1 7 7 0 7 7 4 14 3 17 10 4 12 12 10 9 4 7 7 16 2 12 8 19 6 19 19 1 17
split_gain=0.505306 0.45886 0.437277 1.14514 0.512795 0.476456 0.590327 1.33867 0.59094 0.613622 1.00621 1.38834 0.528805 0.500106 0.443223 0.990596 0.992286 0.701248 0.783095 1.69745 2.02966 2.08403 2.75015 0.907122 1.47273 0.718574 0.96795 0.691119 1.61953 0.995101
threshold=0.15000000000000005 0.65000000000000002 22.343750000000004 19.87916666666667 23.000000000000004 12.827083333333336 11.039583333333335 6.2500000000000009 313.50000000000006 11.350000000000003 0.60355339059327384 6.0500000000000007 15.550000000000002 18.500000000000004 66.500000000000014 14.550000000000002 60.500000000000007 12.750000000000002 6.2187500000000009 5.4854166666666675 57.500000000000007 5.9500000000000011 76.500000000000014 9.4500000000000011 0.6078576107927941 4.6916666666666655 0.6078576107927941 0.6078576107927941 8.0500000000000025 0.78656609248549325
decision_type=2 2 2 2 2 2 2 2 2 2 2 2 2 2 2 2 2 2 2 2 2 2 2 2 2 2 2 2 2 2
left_child=1 -1 3 4 5 6 12 -8 9 10 11 -9 14 -7 15 -3 -17 18 19 25 23 22 -22 24 -21 26 -16 -27 29 -29
right_child=-2 2 -4 -5 -6 13 7 8 -10 -11 -12 -13 -14 -15 17 16 -18 -19 -20 20 21 -23 -24 -25 -26 27 -28 28 -30 -31
leaf_value=-0.015590233042872105 -0.00865562701660289 -0.0018665381561682787 -0.012915782445425957 0.22530923987919885 0.019229871227142141 0.0028762547579562307 0.15766523406847746 -0.00286534446557334 0.0098230281121884297 -0.0034763090057942487 -0.0050202815423579464 0.027472480595673407 0.0069134409086460133 -0.0088574595178206803 -0.00023115995240978197 -0.0011368176209799298 0.053153911960053674 0.024806796867653538 -0.0038019536775222864 -0.0044555679145392929 0.10280446339007508 0.0053893754247344586 0.0025065051647638558 -0.050287907529722842 0.0047621046453239068 3.4941117518799703e-06 -0.022445880236367306 0.043592073487745173 -0.035920234036435017 0.0024721065147183495
leaf_weight=98 460 2356 174 49 53 26 25 26 39 149 72 30 32 397 725 63 40 45 752 65 25 46 32 52 32 382 327 69 36 36
leaf_count=98 460 2356 174 49 53 26 25 26 39 149 72 30 32 397 725 63 40 45 752 65 25 46 32 52 32 382 327 69 36 36
internal_value=-0.000543939 -0.000449633 -0.000406109 -0.000348379 -0.000399124 -0.000434695 -0.000334251 0.00127485 0.000555204 -0.00010072 0.00192248 0.00589474 -0.000441752 -0.00172642 -0.000474431 -0.000860164 0.00296154 -0.000112763 -0.000200001 0.000247264 0.00328854 0.00757692 0.0126207 0.000293332 0.00257143 -0.000241118 -0.000843306 0.000969465 0.00335211 0.00584906
internal_weight=6713 6253 6155 5981 5932 5879 5456 341 316 277 128 56 5115 423 5083 2459 103 2624 2579 1827 252 103 57 149 97 1575 1052 523 141 105
internal_count=6713 6253 6155 5981 5932 5879 5456 341 316 277 128 56 5115 423 5083 2459 103 2624 2579 1827 252 103 57 149 97 1575 1052 523 141 105
is_linear=0
shrinkage=0.04


Tree=171
num_leaves=31
num_cat=0
split_feature=15 5 10 20 14 5 13 1 6 5 0 9 9 1 5 11 20 6 1 10 2 0 10 9 13 14 14 11 12 4
split_gain=0.461685 0.738624 0.889894 1.10497 0.8299 0.424508 0.389567 0.456569 0.457637 0.736844 0.526554 1.28614 1.11753 0.957458 0.682881 0.518928 0.703389 0.994401 1.03878 0.652837 0.622315 0.671043 1.12953 1.05773 0.607658 0.596686 0.54257 0.521383 0.651315 0.503455
threshold=1.0000000180025095e-35 3.9500000000000006 9.4500000000000011 -0.56174490092936669 307.50000000000006 8.0500000000000025 18.050000000000004 0.55000000000000016 6.8166666666666655 1.4500000000000002 7.6500000000000012 71.500000000000014 53.500000000000007 7.2500000000000009 5.8500000000000005 14.250000000000002 0.81174490092936691 11.541666666666666 17.550000000000004 9.1500000000000004 12.250000000000002 8.9500000000000011 8.0500000000000025 62.500000000000007 2.2500000000000004 29.500000000000004 206.50000000000003 -6.3499999999999988 72.500000000000014 12.750000000000002
decision_type=2 2 2 2 2 2 2 2 2 2 2 2 2 2 2 2 2 2 2 2 2 2 2 2 2 2 2 2 2 2
left_child=6 -2 4 -4 5 -3 7 -1 10 -10 29 12 -12 -14 -15 20 -17 24 26 -20 21 25 23 -23 -18 -11 -19 -24 -29 -9
right_child=1 2 3 -5 -6 -7 -8 8 9 15 11 -13 13 14 -16 16 17 18 19 -21 -22 22 27 -25 -26 -27 -28 28 -30 -31
leaf_value=-0.032498751886647997 -0.022550216716879616 -0.00081066382451036394 0.0021215796566365808 -0.010973988315708812 0.0039327077027464172 -0.046673291743146106 -0.042221732172413262 -0.00038885726952010073 0.029554199100204716 0.0027256180685843638 -0.046580892512485365 -0.0014848230504079173 0.099267901901644431 0.096382316799646484 -0.026984034290280387 -0.0020274365706956982 0.035068319475217151 0.053679686937457519 -0.064282840557197338 0.00077625863912932156 -0.021533858549684939 -0.0045363240977439462 0.0086138244380070967 0.031174738360525978 -0.0099956615377024081 -0.0089227025263783569 0.062831146247720196 -0.0096067376709099671 -0.00052605444764731145 0.0049880518879694899
leaf_weight=57 295 173 29 45 31 149 70 3002 29 25 25 76 27 25 25 1143 29 30 37 25 277 36 36 44 99 406 30 101 202 135
leaf_count=57 295 173 29 45 31 149 70 3002 29 25 25 76 27 25 25 1143 29 30 37 25 277 36 36 44 99 406 30 101 202 135
internal_value=-0.000549897 -0.00150484 -0.000439253 0.00352 -0.00127684 -0.00188235 -0.00043458 -0.00039919 -0.000364195 -0.00076706 -5.42832e-05 0.00205586 0.00497087 0.00733333 0.00392157 -0.000840937 -0.000324248 0.00159362 0.0041626 0.000507936 -0.00147872 -0.000940071 0.000199999 0.00444444 -0.000868218 -0.0020463 0.00786885 -0.000811766 -0.00135526 -0.000174634
internal_weight=6713 722 427 74 353 322 5991 5921 5864 2549 3315 178 102 77 50 2520 1393 250 122 62 1127 850 419 80 128 431 60 339 303 3137
internal_count=6713 722 427 74 353 322 5991 5921 5864 2549 3315 178 102 77 50 2520 1393 250 122 62 1127 850 419 80 128 431 60 339 303 3137
is_linear=0
shrinkage=0.04


Tree=172
num_leaves=31
num_cat=0
split_feature=5 16 5 5 9 7 7 6 3 3 5 4 10 7 3 7 7 3 19 1 14 9 9 18 17 18 17 4 14 8
split_gain=0.589907 0.504656 1.09132 0.750974 0.533109 0.494161 0.963748 0.678717 0.651603 1.07162 0.71235 0.545907 0.541632 0.529459 0.519366 0.906654 1.55898 0.795668 1.3157 0.571899 0.511767 0.559556 0.947013 3.18755 0.876524 0.822551 0.81786 2.47135 0.756392 0.894319
threshold=0.35000000000000003 27.500000000000004 1.2500000000000002 16.950000000000003 42.500000000000007 22.343750000000004 19.87916666666667 20.775000000000002 17.950000000000003 16.550000000000004 8.9500000000000011 14.65 2.0500000000000003 2.0687500000000005 12.550000000000002 11.393750000000002 12.043750000000001 11.250000000000002 1.0000000180025095e-35 8.7500000000000018 224.50000000000003 64.500000000000014 58.500000000000007 -0.9159756150367534 0.37940952255126054 -0.3794095225512602 -0.37940952255126065 3.6500000000000008 161.50000000000003 7.1500000000000012
decision_type=2 2 2 2 2 2 2 2 2 2 2 2 2 2 2 2 2 2 2 2 2 2 2 2 2 2 2 2 2 2
left_child=-1 2 -2 4 -4 6 7 8 9 10 13 -9 -11 -3 15 17 -17 20 19 -19 21 22 24 -24 -15 -26 27 -25 -28 -30
right_child=1 5 3 -5 -6 -7 -8 11 -10 12 -12 -13 -14 14 -16 16 -18 18 -20 -21 -22 -23 23 26 25 -27 28 -29 29 -31
leaf_value=0.003117033345827832 0.022524337107450589 -0.020888919248757073 0.026840336454694264 0.080632198104297392 -0.00081573545789884541 -0.018172497809751144 0.21637796774685847 -3.0149763329113855e-05 -0.034992647628070882 0.03165267310416979 -0.0049617872490734273 0.0089686682742574041 0.001085749832840424 -0.025272143812426786 -0.010872541841537046 0.017466889950721147 -0.0053638181360877706 0.042465167752009841 -0.051365057341825726 0.026933026366451032 -0.002118715412428676 -0.00099516530505494344 0.060339047235036761 0.057393093763941458 0.0083965505824443974 -0.0061357693708729965 -0.033249156052554844 0.001117152717490921 -0.0088320313501975833 0.031921229335836625
leaf_weight=31 41 222 45 50 859 172 49 38 121 28 1294 27 32 271 211 28 32 25 43 32 926 1575 29 25 104 124 103 94 57 25
leaf_count=31 41 222 45 50 859 172 49 38 121 28 1294 27 32 271 211 28 32 25 43 32 926 1575 29 25 104 124 103 94 57 25
internal_value=-0.000543939 -0.000569805 0.000261043 -1.67549e-05 -0.000282874 -0.000715191 -0.000649022 -0.00069947 -0.000748613 -0.00068169 -0.000743154 0.00333333 0.00459016 -0.000474664 -0.000360595 -0.000243848 0.00459016 -0.000329646 0.00316832 0.00710345 -0.000435514 -0.000127908 0.000710683 0.00235928 -0.000392001 0.00143231 0.00112787 0.0037 -0.000537635 0.00231325
internal_weight=6713 6682 995 954 904 5687 5515 5466 5401 5280 5220 65 60 3926 3704 3493 60 3433 100 57 3333 2407 832 333 499 228 304 119 185 82
internal_count=6713 6682 995 954 904 5687 5515 5466 5401 5280 5220 65 60 3926 3704 3493 60 3433 100 57 3333 2407 832 333 499 228 304 119 185 82
is_linear=0
shrinkage=0.04


Tree=173
num_leaves=31
num_cat=0
split_feature=5 16 5 5 12 7 7 6 10 20 2 1 9 10 9 12 13 7 17 15 3 3 12 12 5 13 4 14 4 14
split_gain=0.598994 0.458997 0.810531 0.533403 0.682881 0.477756 0.715781 0.51602 0.40954 1.04314 0.918175 0.753269 0.865946 1.7135 0.718885 1.09614 0.472024 0.4542 0.430251 0.393134 0.657082 0.444629 1.2588 0.472685 0.462068 0.464824 1.86537 0.719127 1.27334 3.44173
threshold=0.35000000000000003 27.500000000000004 1.2500000000000002 16.950000000000003 78.500000000000014 22.343750000000004 19.87916666666667 22.741666666666671 16.250000000000004 -0.56174490092936669 7.8500000000000005 5.3500000000000005 73.500000000000014 6.2500000000000009 55.500000000000007 81.500000000000014 0.95000000000000007 3.0770833333333338 0.78656609248549325 1.0000000180025095e-35 13.550000000000002 12.550000000000002 18.500000000000004 14.500000000000002 10.450000000000001 3.3500000000000001 12.15 153.50000000000003 2.3500000000000001 93.500000000000014
decision_type=2 2 2 2 2 2 2 2 2 2 2 2 2 2 2 2 2 2 2 2 2 2 2 2 2 2 2 2 2 2
left_child=-1 2 -2 8 -5 6 7 19 11 10 -10 12 14 16 15 -4 -14 -16 -11 21 -21 23 -23 -3 25 26 -25 28 29 -27
right_child=1 5 3 4 -6 -7 -8 -9 9 18 -12 -13 13 -15 17 -17 -18 -19 -20 20 -22 22 -24 24 -26 27 -28 -29 -30 -31
leaf_value=0.0029923520119947158 0.021623363623152564 -0.031424557426431486 -0.012707002279764148 0.091360541694389397 -0.0039031563187210713 -0.01744559789736112 0.20772284903698413 0.037872025209210618 0.052051731079385384 0.0036124125803142105 -0.00025693564342159564 -0.0084372821196708678 -0.023881714312611216 0.0057246123752434782 0.00085092868489136349 0.030663570715313466 0.011217402996731837 -0.021867927627325576 -0.0049743100998288874 -0.016567229615615721 0.0041542090748214015 0.0055686319737046023 -0.012087194061313238 -0.0038389747420437023 -0.0050580521247457948 0.13405741780057079 0.021581232168555901 -0.00085162057094434159 0.00079405535012024302 0.00309678281684474
leaf_weight=31 41 62 32 25 25 172 49 34 25 52 25 360 27 30 86 43 26 133 65 557 56 25 546 1063 665 28 48 1569 730 83
leaf_count=31 41 62 32 25 25 172 49 34 25 52 25 360 27 30 86 43 26 133 65 557 56 25 546 1063 665 28 48 1569 730 83
internal_value=-0.000585643 -0.000611702 0.000180722 -5.86397e-05 0.00392157 -0.000750353 -0.00068528 -0.000728737 -0.000282874 0.0015 0.00627451 -0.000688348 0.000560846 0.00414286 -0.000461018 0.00289474 -0.000222223 -0.00161818 -0.000576272 -0.000759802 -0.00171336 -0.000638175 -0.00168532 -0.000497059 -0.000445188 -0.000262352 -0.00093885 4.97709e-05 0.000992873 0.00496428
internal_weight=6713 6682 995 954 50 5687 5515 5466 904 167 50 737 377 83 294 75 53 219 117 5432 613 4819 571 4248 4186 3521 1111 2410 841 111
internal_count=6713 6682 995 954 50 5687 5515 5466 904 167 50 737 377 83 294 75 53 219 117 5432 613 4819 571 4248 4186 3521 1111 2410 841 111
is_linear=0
shrinkage=0.04


Tree=174
num_leaves=31
num_cat=0
split_feature=5 15 5 4 6 12 13 11 0 18 18 11 10 11 10 12 18 10 9 13 0 6 11 2 13 16 11 18 16 13
split_gain=0.600298 0.39491 0.534405 0.518473 0.622985 0.815044 0.502086 0.453243 1.03358 1.24891 0.605877 0.373725 0.348895 0.785604 0.736026 0.355453 0.629849 1.0165 0.744004 0.675013 0.826972 0.548434 0.543441 0.80219 1.47203 1.54301 0.670883 0.589638 0.685015 1.56483
threshold=0.35000000000000003 1.0000000180025095e-35 2.6500000000000008 5.1500000000000012 8.9583333333333339 60.500000000000007 5.8500000000000005 2.7500000000000004 4.1500000000000012 -0.3794095225512602 1.0000000180025095e-35 -12.249999999999998 16.750000000000004 19.250000000000004 16.250000000000004 67.500000000000014 -0.12940952255126037 12.750000000000002 63.500000000000007 2.1500000000000008 7.2500000000000009 20.775000000000002 9.1500000000000004 3.2500000000000004 7.3500000000000005 227.50000000000003 25.950000000000003 0.98296291314453421 357.50000000000006 2.4500000000000006
decision_type=2 2 2 2 2 2 2 2 2 2 2 2 2 2 2 2 2 2 2 2 2 2 2 2 2 2 2 2 2 2
left_child=-1 11 -3 6 -5 -6 7 -4 9 -9 -10 -2 14 -14 15 16 17 21 -18 -19 -21 -13 23 24 25 -20 27 28 -24 -30
right_child=1 2 3 4 5 -7 -8 8 10 -11 -12 12 13 -15 -16 -17 18 19 22 20 -22 -23 26 -25 -26 -27 -28 -29 29 -31
leaf_value=0.0028726579315149336 0.0048845118848438278 -0.02540734631501811 -0.0029405653427270291 -0.036462109705407503 0.031352271841184443 -0.0097918138747655498 -0.05454461958567898 -0.0017086428284181371 0.0030373122124664619 0.010449637541923998 -0.048215636222020804 -0.01611652348112963 -0.0040279455484052377 0.084613630303276163 0.011431667802861667 -0.000184745570603727 -0.017410968185916986 -0.013555022965033024 -0.00079998950121992079 0.023612505076825205 0.0013780326753754927 0.074462932949378072 -0.0015668013830192559 -0.0094409419179120393 -0.0180253754261454 0.053085858489812336 -0.0022350743779369453 -0.010941439581605704 0.012142257737578002 0.00199981019937463
leaf_weight=31 30 165 60 210 26 92 47 26 31 28 36 778 272 28 40 2468 146 71 45 25 41 36 255 256 90 49 608 68 42 613
leaf_count=31 30 165 60 210 26 92 47 26 31 28 36 778 272 28 40 2468 146 71 45 25 41 36 255 256 90 49 608 68 42 613
internal_value=-0.000591601 -0.000617688 -0.00150139 -0.000904848 -0.00192097 0.00040336 0.000558951 0.00151648 0.00291803 0.00698182 -0.000411766 -0.000510568 -0.000533379 -0.00186047 -0.000462359 -0.000501432 -0.000784892 -0.00164286 -0.000408653 0.00153623 0.00441791 -0.00217914 -0.000209177 -0.00145125 0.000562161 0.0040421 0.000136105 0.000784473 0.00105379 0.0017378
internal_weight=6713 6682 721 556 328 118 228 181 121 54 67 5961 5931 300 5631 5591 3123 951 2172 137 66 814 2026 440 184 94 1586 978 910 655
internal_count=6713 6682 721 556 328 118 228 181 121 54 67 5961 5931 300 5631 5591 3123 951 2172 137 66 814 2026 440 184 94 1586 978 910 655
is_linear=0
shrinkage=0.04


Tree=175
num_leaves=31
num_cat=0
split_feature=9 9 2 6 6 16 0 14 9 18 8 18 9 20 11 16 0 8 3 16 11 12 14 7 14 12 11 1 14 8
split_gain=0.38194 0.477635 0.359218 0.673308 0.630727 0.489977 0.451252 0.474154 0.794074 0.371288 0.572065 0.598109 0.861768 0.670614 0.80032 0.567347 0.563228 0.429945 0.592354 0.409137 0.903721 1.28549 1.12928 0.993314 0.513712 0.451212 1.03174 1.0571 1.00675 0.89179
threshold=134.50000000000003 113.50000000000001 15.350000000000003 14.791666666666666 15.199999999999998 1412.5000000000002 18.050000000000004 201.50000000000003 61.500000000000007 0.78656609248549303 1.0500000000000003 0.98296291314453421 97.500000000000014 1.0000000180025095e-35 19.350000000000005 47.500000000000007 0.45000000000000007 5.0500000000000007 9.8500000000000032 1257.5000000000002 12.250000000000002 32.500000000000007 185.50000000000003 5.0479166666666675 304.50000000000006 66.500000000000014 15.65 6.6500000000000012 179.50000000000003 4.1500000000000012
decision_type=2 2 2 2 2 2 2 2 2 2 2 2 2 2 2 2 2 2 2 2 2 2 2 2 2 2 2 2 2 2
left_child=1 2 3 9 -5 6 -4 -8 -9 19 16 12 -12 17 -15 -13 -11 -14 -19 25 -21 23 -23 -22 -24 28 -27 -28 -1 -30
right_child=-2 -3 5 4 -6 -7 7 8 -10 10 11 15 13 14 -16 -17 -18 18 -20 20 21 22 24 -25 -26 26 27 -29 29 -31
leaf_value=-0.010571042140132962 0.01583041621294505 -0.0089765722433045887 -0.022233006640119547 0.044674943287807668 -0.00097927308308448082 0.023439221525969299 -0.011845075180589016 0.12174534687509296 -0.016484515573071165 -0.0099014927848564954 -0.00032323475676328587 0.001950224435010767 0.027368023722040422 0.0049893906817198557 -0.040825713394898627 -0.01088830983761732 0.0087648458695187437 -0.00027188461604392812 0.036919036689671482 -0.024401693757454303 0.010242758879156218 0.016085299780109613 -0.0060996529216650556 -0.01050450150161941 0.018815189161418593 -0.0017481712419104469 0.017388725256089393 0.00075681806090003136 -0.014447536194644093 0.00067540434750340442
leaf_weight=690 30 160 228 30 25 25 198 28 54 26 743 46 47 46 40 183 41 30 25 81 28 42 48 110 32 2524 48 130 254 659
leaf_count=690 30 160 228 30 25 25 198 28 54 26 743 46 47 46 40 183 41 30 25 81 28 42 48 110 32 2524 48 130 254 659
internal_value=-0.000559833 -0.00058049 -0.000526773 -0.000437174 0.00392857 -0.0015206 -0.00179175 -0.000711745 0.00183132 -0.000478721 0.000140064 -6.89071e-05 0.000381973 0.00279365 0.000183907 -0.00189565 0.00370588 0.00497087 0.0025 -0.000642136 0.000690058 0.00183908 0.00481301 -0.000805756 0.00197531 -0.000747795 -0.000432113 0.00250279 -0.0012793 -0.000407003
internal_weight=6651 6621 6461 5928 55 533 508 280 82 5873 1227 1160 931 188 86 229 67 102 55 4646 341 260 122 138 80 4305 2702 178 1603 913
internal_count=6651 6621 6461 5928 55 533 508 280 82 5873 1227 1160 931 188 86 229 67 102 55 4646 341 260 122 138 80 4305 2702 178 1603 913
is_linear=0
shrinkage=0.04


Tree=176
num_leaves=31
num_cat=0
split_feature=9 3 3 14 12 9 14 3 15 11 16 10 18 8 13 11 5 13 11 9 2 3 5 0 16 2 12 0 18 8
split_gain=0.380908 0.415187 0.444417 1.52065 0.685133 0.609627 0.541157 0.529873 0.442112 0.53488 0.938287 1.39846 0.438903 0.681382 0.779829 0.61228 0.572026 0.471641 0.751726 1.58588 1.26873 0.990093 0.730293 1.23255 1.23129 0.951282 1.03295 0.606109 0.701782 0.596543
threshold=134.50000000000003 17.950000000000003 15.050000000000002 313.50000000000006 87.500000000000014 116.50000000000001 43.500000000000007 13.950000000000001 1.0000000180025095e-35 15.65 452.50000000000006 1.1500000000000001 0.78656609248549303 1.0500000000000003 12.750000000000002 30.350000000000005 2.5500000000000003 3.4500000000000006 0.45000000000000007 75.500000000000014 3.1500000000000008 5.3500000000000005 9.2500000000000018 9.0500000000000025 32.500000000000007 9.9500000000000011 72.500000000000014 11.65 -0.78656609248549325 11.950000000000001
decision_type=2 2 2 2 2 2 2 2 2 2 2 2 2 2 2 2 2 2 2 2 2 2 2 2 2 2 2 2 2 2
left_child=1 2 5 4 6 7 -4 8 12 -10 -11 -12 15 16 -15 17 -14 -1 19 21 -21 -19 23 24 -20 26 29 -27 -29 -25
right_child=-2 -3 3 -5 -6 -7 -8 -9 9 10 11 -13 13 14 -16 -17 -18 18 22 20 -22 -23 -24 25 -26 27 -28 28 -30 -31
leaf_value=-0.0021784164828202402 0.015197199564427194 -0.0136976527244993 0.026806840885802589 0.036361226414122032 0.017464954835550887 -0.034295421249826333 -0.032907285776376055 -0.0077434358448897206 -0.012369136119758411 -0.0043094347696602548 -0.0061437436030820428 0.057610563076670555 0.023355083865877767 0.0010215200224842906 -0.031051435809739715 0.049184708787529771 -0.0012991116181081932 -0.017538842473047777 0.023980125410687336 0.01257043915648803 0.0042156346891629873 0.0056140824588281277 -0.0072343033533432913 0.016257188176482057 -0.001881930560433158 -0.03705030416383575 0.045476310770745078 0.058979178976208288 -0.0029191870610536762 -0.004415747460693442
leaf_weight=1867 30 347 32 38 36 83 142 129 534 56 29 25 28 877 130 37 33 98 43 27 58 35 536 37 1161 58 37 31 52 25
leaf_count=1867 30 347 32 38 36 83 142 129 534 56 29 25 28 877 130 37 33 98 43 27 58 35 536 37 1161 58 37 31 52 25
internal_value=-0.000553819 -0.00057445 -0.000499762 0.00115663 -0.000189574 -0.000568111 -0.00123429 -0.000520189 -0.00046363 -0.00145116 0.00108108 0.0048 -0.000340361 0.000381664 0.000130951 -0.000528395 0.00445161 -0.000575505 -0.000178264 0.00204566 0.00627907 -0.000686568 -0.000424029 4.42897e-05 -0.000478009 0.0026556 0.00564 0.00053521 0.00271428 0.0024127
internal_weight=6651 6621 6274 248 210 6026 174 5943 5814 644 110 54 5170 1068 1007 4102 61 4065 2198 218 85 133 1980 1444 1204 240 99 141 83 62
internal_count=6651 6621 6274 248 210 6026 174 5943 5814 644 110 54 5170 1068 1007 4102 61 4065 2198 218 85 133 1980 1444 1204 240 99 141 83 62
is_linear=0
shrinkage=0.04


Tree=177
num_leaves=31
num_cat=0
split_feature=9 9 15 3 3 4 7 0 8 0 5 13 16 19 7 6 9 4 11 8 5 7 20 13 6 11 12 5 11 13
split_gain=0.387121 0.379308 0.385041 0.390464 0.965072 0.491176 0.327375 0.534358 0.521414 0.467714 0.440057 0.397321 0.371118 1.10609 0.806401 0.946323 1.10586 0.719436 0.703429 0.765705 0.638617 0.702372 0.603569 0.762287 0.728795 0.560659 0.575383 0.783816 0.658783 1.57904
threshold=134.50000000000003 118.50000000000001 0.15000000000000005 12.750000000000002 16.550000000000004 1.7500000000000002 22.343750000000004 23.250000000000004 22.150000000000002 20.050000000000004 7.5500000000000007 1.1500000000000001 1257.5000000000002 -1.0000000180025095e-35 3.3062500000000008 7.1249999999999973 88.500000000000014 14.350000000000003 12.250000000000002 2.1500000000000008 3.6500000000000008 4.377083333333335 1.0000000180025095e-35 5.4500000000000011 12.20833333333333 31.750000000000004 65.500000000000014 0.55000000000000016 1.7500000000000002 2.0500000000000003
decision_type=2 2 2 2 2 2 2 2 2 2 2 2 2 2 2 2 2 2 2 2 2 2 2 2 2 2 2 2 2 2
left_child=1 2 6 5 -5 -4 7 8 9 12 -9 -8 25 14 -14 20 -17 -18 -15 -20 21 -16 23 -21 -24 26 -1 -28 -29 -30
right_child=-2 -3 3 4 -6 -7 11 10 -10 -11 -12 -13 13 18 15 16 17 -19 19 22 -22 -23 24 -25 -26 -27 27 28 29 -31
leaf_value=-0.0020682326846817806 0.014589311581850154 -0.027991348834088634 0.00099077066857501867 0.037063042451926868 -0.046418529969765636 -0.011675399333342298 0.054969285756179452 -0.050729929050424907 -0.015944505611750887 0.017194558661972878 0.18359282331437482 -0.031978898586643392 0.02347835192416679 -0.030048126493822186 -0.0024545972766244371 0.032996903680929335 0.01134414984592139 -0.042293675392202516 0.014627005293449997 0.029636366507850773 -0.0026335524067593523 0.0050726973598373857 -0.011222531685967436 -0.00079951733903175755 0.0048849541465136566 0.0042906421569016079 0.011688898381282894 -0.0027773985454174251 0.0075233039871186128 -0.0016017564057445937
leaf_weight=2068 30 75 39 31 29 368 26 25 68 27 35 121 32 91 25 45 25 27 45 29 88 34 147 129 25 32 26 1171 386 1352
leaf_count=2068 30 75 39 31 29 368 26 25 68 27 35 121 32 91 25 45 25 27 45 29 88 34 147 129 25 32 26 1171 386 1352
internal_value=-0.000589899 -0.000610693 -0.000577976 -0.00168376 0.00131147 -0.00212745 -0.000492764 -0.000446318 -0.000484932 -0.000443756 0.00327869 -0.00235135 -0.000468675 0.000366082 0.00236823 0.00156735 0.00461224 0.000603773 -0.000822271 -5.31924e-05 -0.00045946 0.00273333 -0.000725076 0.0010566 -0.00235838 -0.00059174 -0.0006259 -0.000265669 -0.000328523 0.000165611
internal_weight=6651 6621 6546 467 60 407 6079 5932 5872 5804 60 147 5777 742 276 244 97 52 466 375 147 59 330 158 172 5035 5003 2935 2909 1738
internal_count=6651 6621 6546 467 60 407 6079 5932 5872 5804 60 147 5777 742 276 244 97 52 466 375 147 59 330 158 172 5035 5003 2935 2909 1738
is_linear=0
shrinkage=0.04


Tree=178
num_leaves=31
num_cat=0
split_feature=9 14 3 13 0 16 1 0 15 4 14 4 13 13 19 11 14 3 10 10 16 19 4 1 1 2 0 12 4 2
split_gain=0.375767 0.331261 0.303915 0.447985 0.427691 0.718247 0.358406 0.561693 0.351196 0.397078 0.780047 0.432251 0.345046 0.347641 1.18698 1.63125 1.39478 1.37594 1.33313 2.19361 1.25264 1.29965 1.21956 1.15418 1.01261 0.995948 1.56446 0.907448 0.820308 0.684272
threshold=134.50000000000003 358.50000000000006 26.350000000000005 1.1500000000000001 23.250000000000004 87.500000000000014 20.850000000000005 20.450000000000003 0.15000000000000005 3.0500000000000003 108.50000000000001 15.750000000000002 18.350000000000005 4.3500000000000005 -1.0000000180025095e-35 -3.0499999999999994 143.50000000000003 5.6500000000000012 10.850000000000003 12.050000000000002 1362.5000000000002 -0.8783796973249266 5.8500000000000005 6.3500000000000005 1.5500000000000003 2.0500000000000003 7.5500000000000007 86.500000000000014 6.3500000000000005 2.8500000000000001
decision_type=2 2 2 2 2 2 2 2 2 2 2 2 2 2 2 2 2 2 2 2 2 2 2 2 2 2 2 2 2 2
left_child=1 2 4 -4 6 -6 7 8 12 10 -10 -11 13 -1 15 -15 17 24 20 -20 -18 -22 -23 -24 -17 -26 -27 28 -16 -30
right_child=-2 -3 3 -5 5 -7 -8 -9 9 11 -12 -13 -14 14 27 16 18 -19 19 -21 21 22 23 -25 25 26 -28 -29 29 -31
leaf_value=-0.0014141102182299533 0.014005739118576143 -0.0081478641131317552 0.060281873707266218 -0.050417395699018749 0.11884914967315044 -0.023537631062519934 -0.038202870253469919 0.008798011557031242 0.012058959690843918 -0.016259549314955477 -0.013938366265849086 0.024572483044729431 -0.036109778555018054 0.020963874150310847 -0.0057485688811074933 -0.0071758169341092038 -0.0085425479459982512 -3.4982673814264605e-06 0.0054998278408252312 -0.030557124077462947 -0.056494156948431649 0.020838625540120996 -0.023483322029323638 0.031677029160505368 0.10302301336474499 0.0040374739859496429 0.058207584453019268 0.0041870527412692501 0.0096887948396544975 -0.00097858230032580131
leaf_weight=3207 30 66 25 104 39 26 48 25 33 297 85 33 64 31 765 29 503 152 30 35 47 34 44 25 26 77 27 52 94 598
leaf_count=3207 30 66 25 104 39 26 48 25 33 297 85 33 64 31 765 29 503 152 30 35 47 34 44 25 26 77 27 52 94 598
internal_value=-0.000523753 -0.000544247 -0.000515559 -0.00243077 -0.00047674 0.00272727 -0.000509903 -0.000483371 -0.000507554 -0.00158575 0.00040336 -0.00229607 -0.000424586 -0.0003919 -4.51371e-05 0.000980206 0.000702912 0.0029359 -0.000267039 0.00515151 -0.000813457 0.00238411 0.00488461 0.00177143 0.005525 0.0070229 0.00518095 -0.000765564 -0.00095199 4.61751e-05
internal_weight=6651 6621 6555 129 6426 65 6361 6313 6288 448 118 330 5840 5776 2569 1060 1029 311 718 65 653 150 103 69 159 130 104 1509 1457 692
internal_count=6651 6621 6555 129 6426 65 6361 6313 6288 448 118 330 5840 5776 2569 1060 1029 311 718 65 653 150 103 69 159 130 104 1509 1457 692
is_linear=0
shrinkage=0.04


Tree=179
num_leaves=31
num_cat=0
split_feature=5 9 3 0 9 8 0 15 4 17 5 14 12 5 14 7 7 7 20 7 9 11 17 14 16 20 3 11 10 0
split_gain=0.577211 0.746245 0.518833 0.383649 0.523893 0.359255 0.50678 0.417464 0.395217 0.400472 1.0498 0.645727 0.834184 0.381941 0.66034 0.786883 1.07111 1.08635 1.22601 1.91295 1.25728 1.30851 1.05692 1.02076 1.21179 2.31949 1.25808 1.2453 1.53356 1.00554
threshold=49.100000000000009 76.500000000000014 25.500000000000004 24.800000000000004 62.500000000000007 22.450000000000003 20.050000000000004 0.15000000000000005 1.7500000000000002 -1.0000000180025095e-35 3.8500000000000001 280.50000000000006 88.500000000000014 11.450000000000001 178.50000000000003 7.3854166666666679 6.0333333333333341 4.7062500000000007 0.81174490092936691 2.3145833333333337 67.500000000000014 6.8500000000000005 0.37940952255126054 261.50000000000006 42.500000000000007 -0.56174490092936669 3.3500000000000001 3.5500000000000003 15.350000000000003 3.4500000000000006
decision_type=2 2 2 2 2 2 2 2 2 2 2 2 2 2 2 2 2 2 2 2 2 2 2 2 2 2 2 2 2 2
left_child=2 -2 3 5 -5 6 7 13 -9 10 -10 12 -12 14 -1 16 17 18 -16 -20 -21 -22 29 24 27 -26 -27 28 -24 -19
right_child=1 -3 -4 4 -6 -7 -8 8 9 -11 11 -13 -14 -15 15 -17 -18 22 19 20 21 -23 23 -25 25 26 -28 -29 -30 -31
leaf_value=-0.0019170144045330818 -0.011434387106876638 0.16827599696486054 -0.03980934531264687 0.12925037183000279 -0.019693118408767221 -0.014471890661890726 0.010738166098953887 0.0015086744924659799 -0.014328587859269652 -0.03604195795739637 0.037090161510258006 -0.0020525480238600406 -0.0024908994997326398 -0.0024201439393550309 -0.0032383729952140993 0.0021416586717684311 -0.0093192850852770268 0.018963733687384007 0.022676821318397305 -0.025198951918001672 0.019725250908634685 -0.0033719747039226218 0.042622029958034865 -0.0089142197517314125 0.19718554877160396 -0.010236219550283025 0.010347885168169719 -0.033067364340360297 -0.0028471267459751143 -0.014391189398439395
leaf_weight=2471 27 25 112 25 27 70 33 39 102 218 34 30 32 916 919 599 333 96 34 75 25 27 25 31 26 26 25 42 25 182
leaf_count=2471 27 25 112 25 27 70 33 39 102 218 34 30 32 916 919 599 333 96 34 75 25 27 25 31 26 26 25 42 25 182
internal_value=-0.00053578 0.00362264 -0.000569092 -0.000522196 0.00286792 -0.000550032 -0.00051838 -0.000544451 -0.00171053 -0.00207194 -0.00076382 0.0022268 0.00441791 -0.000453897 -0.000315196 0.000144519 -0.000255815 0.000184733 -0.00051804 0.00269136 0.000406249 0.00513207 0.00177035 0.0039801 0.0052 0.00887179 0.00376923 0.00206452 0.00627451 0.000172042
internal_weight=6651 52 6599 6487 52 6435 6365 6332 455 416 198 96 66 5877 4961 2490 1891 1558 1080 161 127 52 478 200 169 77 51 92 50 278
internal_count=6651 52 6599 6487 52 6435 6365 6332 455 416 198 96 66 5877 4961 2490 1891 1558 1080 161 127 52 478 200 169 77 51 92 50 278
is_linear=0
shrinkage=0.04


Tree=180
num_leaves=31
num_cat=0
split_feature=0 11 11 3 4 19 14 3 4 2 6 7 14 3 3 14 8 12 3 11 8 10 11 14 18 3 8 19 8 14
split_gain=0.421673 0.38151 1.6339 1.01858 0.696361 1.10479 1.26719 0.333137 0.488106 0.436702 0.546986 0.409185 1.36959 0.534303 0.432156 1.29268 0.697182 0.421609 0.604348 0.769508 1.44808 0.557518 0.956171 1.55402 0.522914 0.588948 0.562468 0.895333 0.803705 0.744982
threshold=1.8500000000000003 11.950000000000001 18.750000000000004 3.1500000000000008 1.8500000000000003 1.0000000180025095e-35 181.50000000000003 52.850000000000009 51.95000000000001 24.250000000000004 20.775000000000002 19.87916666666667 126.50000000000001 17.950000000000003 15.050000000000002 268.50000000000006 12.15 65.500000000000014 9.3500000000000032 15.950000000000001 14.450000000000001 12.850000000000003 18.950000000000003 184.50000000000003 0.37940952255126048 10.750000000000002 9.8500000000000032 0.6078576107927941 9.1500000000000004 171.50000000000003
decision_type=2 2 2 2 2 2 2 2 2 2 2 2 2 2 2 2 2 2 2 2 2 2 2 2 2 2 2 2 2 2
left_child=1 4 3 -3 5 6 -1 8 9 10 11 13 -13 14 17 -16 -17 21 -19 -20 -21 24 -23 -24 25 -2 27 28 29 -26
right_child=7 2 -4 -5 -6 -7 -8 -9 -10 -11 -12 12 -14 -15 15 16 -18 18 19 20 -22 22 23 -25 26 -27 -28 -29 -30 -31
leaf_value=-0.0069510506784355034 -0.0092379035259549953 0.014415974262982696 -0.012286223348919186 0.001117986468367569 -0.017866514237217714 -0.025251883763312256 0.017998454547577918 -0.12091591656105788 0.15355883901847339 -0.018807357749248865 0.0091762038898310899 0.26001876613723307 -0.0071686596366630426 -0.028985429589337794 -0.0038868400598536081 0.0064651087917642711 0.03257505328098792 0.00032635730020025636 -0.010667922870444317 -0.0019662065919158291 0.077711606328299612 -0.00091534576042311469 0.044791689468887667 0.0026303044579207772 0.0020510245085416947 0.0020804785761095457 -0.0018542863924595687 -0.0093316022899851414 0.0065441409225649094 -0.00076649424080820025
leaf_weight=35 850 30 110 42 378 71 26 41 26 108 58 25 47 122 166 27 29 2451 398 40 36 130 26 52 231 168 291 286 27 356
leaf_count=35 850 30 110 42 378 71 26 41 26 108 58 25 47 122 166 27 29 2451 398 40 36 130 26 52 231 168 291 286 27 356
internal_value=-0.000462598 -0.00139683 0.000174862 0.00482192 -0.00195695 0.000541352 0.00445161 -0.000354474 -0.000329357 -0.000353756 -0.000306688 -0.000345894 0.00263014 -0.000384035 -0.000326326 0.0013991 0.00659649 -0.000398279 -7.51889e-05 -0.00138105 0.00228571 -0.000789083 0.0011866 0.00465823 -0.000975567 -0.00164083 -0.000406041 8.87893e-05 0.000949593 0.000632652
internal_weight=6683 692 182 72 510 132 61 5991 5950 5924 5816 5758 72 5686 5564 222 56 5342 2925 474 76 2417 208 78 2209 1018 1191 900 614 587
internal_count=6683 692 182 72 510 132 61 5991 5950 5924 5816 5758 72 5686 5564 222 56 5342 2925 474 76 2417 208 78 2209 1018 1191 900 614 587
is_linear=0
shrinkage=0.04


Tree=181
num_leaves=31
num_cat=0
split_feature=13 9 8 11 6 11 12 16 5 16 20 8 6 5 8 10 5 16 10 3 8 7 7 11 17 9 16 11 10 16
split_gain=0.364215 1.42062 1.02488 0.73661 0.729746 0.615339 0.603493 1.13597 1.28678 1.70364 0.907813 0.616887 0.584803 0.797607 0.629991 0.532262 0.957294 0.862406 0.857037 0.987531 0.667289 0.747711 0.589744 1.0027 0.519628 0.696317 1.20065 0.502183 1.09519 2.25363
threshold=9.0500000000000025 108.50000000000001 6.5500000000000007 12.250000000000002 1.8666666666666634 13.850000000000003 32.500000000000007 1257.5000000000002 7.1500000000000012 1497.5000000000002 1.0000000180025095e-35 3.8500000000000001 7.1249999999999973 1.7500000000000002 7.7500000000000009 3.6500000000000008 7.0500000000000007 387.50000000000006 2.8500000000000001 2.9500000000000006 2.0500000000000003 2.1854166666666672 4.4520833333333343 11.65 -0.60355339059327362 103.50000000000001 617.50000000000011 16.150000000000002 6.6500000000000012 82.500000000000014
decision_type=2 2 2 2 2 2 2 2 2 2 2 2 2 2 2 2 2 2 2 2 2 2 2 2 2 2 2 2 2 2
left_child=6 3 -3 -2 -5 -6 11 12 9 -9 -10 -1 15 -14 -15 16 17 18 -8 -20 21 -17 -19 -24 -13 -26 -27 -22 -29 -30
right_child=1 2 -4 4 5 -7 7 8 10 -11 -12 24 13 14 -16 20 -18 22 19 -21 27 -23 23 -25 25 26 -28 28 29 -31
leaf_value=-0.034444068753785494 -0.030497336738915085 0.0051945740466748467 -9.8927641082987718e-05 0.0067859813993730381 0.0064418135126940099 -0.002460171086892587 0.00078931977080703888 0.021847826901989862 0.027156742962377484 -0.0042977204556034409 0.0012321330932464974 -0.010945861893670791 0.0089832948883564728 -0.029854409457885814 -0.0013150802190843172 0.01029208142026377 -0.019817613758955681 -0.0054941338151073401 0.010007203923049832 0.072530704274340649 -0.00010618745453027237 -0.020756946611421054 0.0070801245464804773 -0.00094595186324755417 -0.0015388141928230474 0.067556360612675587 -0.0013149300298686795 -0.015574616253801554 0.0019524808934979654 0.076441044309074363
leaf_weight=151 422 27 31 49 34 446 117 25 31 55 30 168 48 224 1752 39 81 77 45 37 1954 239 29 36 199 38 67 62 141 29
leaf_count=151 422 27 31 49 34 446 117 25 31 55 30 168 48 224 1752 39 81 77 45 37 1954 239 29 36 199 38 67 62 141 29
internal_value=-0.000444645 -0.00114456 0.00488135 -0.00151681 -0.000520756 -0.000997922 -0.000320001 -0.000174981 0.00335211 -9.41901e-10 0.00767742 -0.00149359 -0.00027693 -0.000798026 -0.000922611 8.86724e-05 0.00139953 0.00232748 0.00402 0.00713253 -0.000136309 -0.0019785 -5.5945e-05 0.00272727 -0.000778014 0.000209835 0.00283019 9.87645e-05 0.00185408 0.00350877
internal_weight=6683 1009 58 951 529 480 5674 5051 141 80 61 623 4910 2024 1976 2886 422 341 199 82 2464 278 142 65 472 304 105 2186 232 170
internal_count=6683 1009 58 951 529 480 5674 5051 141 80 61 623 4910 2024 1976 2886 422 341 199 82 2464 278 142 65 472 304 105 2186 232 170
is_linear=0
shrinkage=0.04


Tree=182
num_leaves=31
num_cat=0
split_feature=16 11 14 19 7 9 17 0 0 19 0 14 10 9 5 6 16 0 5 20 7 7 8 1 18 10 16 11 16 5
split_gain=0.392285 1.05595 0.664416 0.831115 1.6954 2.00677 1.0118 0.920247 0.680474 0.772243 0.645614 0.687088 0.728946 0.831158 0.736044 1.22824 1.15711 0.727856 0.891625 0.834545 0.762687 0.639969 0.589182 0.762052 1.27868 0.60739 0.586708 0.586228 0.513949 0.659505
threshold=27.500000000000004 1.7500000000000002 156.50000000000003 -0.8783796973249266 3.589583333333334 73.500000000000014 0.12940952255126045 4.3500000000000005 4.3500000000000005 -0.60785761079279388 20.650000000000002 139.50000000000003 5.4500000000000011 80.500000000000014 1.7500000000000002 2.3249999999999971 192.50000000000003 3.4500000000000006 3.2500000000000004 1.0000000180025095e-35 4.8479166666666682 7.7166666666666677 18.050000000000004 3.0500000000000003 0.78656609248549303 15.950000000000001 107.50000000000001 14.050000000000002 117.50000000000001 9.1500000000000004
decision_type=2 2 2 2 2 2 2 2 2 2 2 2 2 2 2 2 2 2 2 2 2 2 2 2 2 2 2 2 2 2
left_child=1 -1 3 4 -2 -6 7 -7 -4 -10 11 12 13 14 -5 16 -16 -17 20 -20 -19 -14 23 24 -3 -25 -15 -27 29 -23
right_child=2 22 8 10 5 6 -8 -9 9 -11 -12 -13 21 26 15 17 -18 18 19 -21 -22 28 -24 25 -26 27 -28 -29 -30 -31
leaf_value=-0.0065554132741178607 0.043922751049239143 -0.0021573929982725039 -0.0054408960392827782 -0.017696134030240254 -0.017535355508625242 0.01616126167538073 0.18602305234280647 -0.0013189971242429284 -0.003107053172616728 -2.0079351420211597e-05 -0.051457583255755751 0.0021531768743019986 -0.02337378077585504 0.0082201101298796063 0.0051164938164025712 -0.016387471273582827 0.12602520067911574 0.052628786793555704 -0.012399783138953858 0.058193352630160206 0.0071216197055915462 0.0085953794060646647 0.0085422254936275074 -0.00029935439807762516 0.0090560898325356114 0.00093998484606485689 -0.0038723737899005574 0.048954485493868549 -0.021633140226331751 -0.042194866408105235
leaf_weight=473 46 46 1380 73 143 35 29 54 613 1544 77 351 342 28 44 88 31 25 91 57 27 52 44 322 32 48 442 25 84 37
leaf_count=473 46 46 1380 73 143 35 29 54 613 1544 77 351 342 28 44 88 31 25 91 57 27 52 44 322 32 48 442 25 84 37
internal_value=-0.00049252 0.000242179 -0.000620303 -6.67603e-05 0.00185714 0.000595419 0.00443697 0.00226667 -0.000957604 -0.000513439 -0.000387028 -0.000230119 -0.000621661 6.17411e-05 0.00131808 0.00205494 0.00657895 0.000858131 0.00218905 0.000590603 0.00664151 -0.00182171 0.00149035 0.00107173 0.00465823 0.000353534 -0.00110403 0.00362162 0.000160919 0.00226667
internal_weight=6683 990 5693 2156 307 261 118 89 3537 2157 1849 1772 1421 906 436 363 75 288 200 148 52 515 517 473 78 395 470 73 173 89
internal_count=6683 990 5693 2156 307 261 118 89 3537 2157 1849 1772 1421 906 436 363 75 288 200 148 52 515 517 473 78 395 470 73 173 89
is_linear=0
shrinkage=0.04


Tree=183
num_leaves=31
num_cat=0
split_feature=12 16 1 11 13 14 20 11 9 11 16 7 3 7 9 8 4 7 16 11 5 5 13 2 1 10 13 3 14 11
split_gain=0.365097 0.537469 0.68543 0.619211 0.775403 1.26688 1.01213 1.63638 1.5334 0.972229 0.954453 0.86313 0.718841 1.25473 0.631729 0.626657 0.616413 1.01364 2.26458 1.20914 0.934051 0.821234 0.835796 0.68446 1.4088 1.82538 1.49869 1.14593 0.622421 0.79612
threshold=89.500000000000014 122.50000000000001 1.0500000000000003 9.5500000000000025 3.9500000000000006 151.50000000000003 1.0000000180025095e-35 4.4500000000000011 66.500000000000014 -0.84999999999999998 82.500000000000014 2.777083333333334 2.8500000000000001 2.277083333333334 64.500000000000014 9.1500000000000004 7.8500000000000005 5.8729166666666677 357.50000000000006 8.9500000000000011 2.5500000000000003 2.3500000000000001 7.1500000000000012 15.450000000000001 12.350000000000003 1.3500000000000003 5.2500000000000009 10.350000000000003 17.500000000000004 24.850000000000005
decision_type=2 2 2 2 2 2 2 2 2 2 2 2 2 2 2 2 2 2 2 2 2 2 2 2 2 2 2 2 2 2
left_child=1 2 -1 4 11 6 7 8 -6 -7 -9 12 -4 -14 -11 -8 20 18 -18 -19 21 -3 -23 24 28 -26 -27 -28 29 -21
right_child=-2 16 3 -5 5 9 15 10 -10 14 -12 -13 13 -15 -16 -17 17 19 -20 23 -22 22 -24 -25 25 26 27 -29 -30 -31
leaf_value=0.0068904355018781392 -0.0073246773712217893 -0.00073994241791171559 -0.023326412734871554 -0.0013924227870798615 0.060638254941850579 0.0061537241884466751 -0.050050584682345259 -0.05470021590034449 0.007584690504164303 0.0070251273011608748 0.029743409851313993 0.00018824166233958863 0.016322389963514636 -0.0069220691040522576 -0.022619479610169812 0.0071200149280179507 0.1506862747570471 -0.024578419806238535 -0.0019563815462122092 0.0068807164011963819 -0.0084187436855859121 -0.0091264852629043425 0.0072162292383633952 -0.011579863181469245 -0.054162923798579239 0.086547637825757612 0.0081727157569077002 0.15083618768786286 -0.00051414736616409564 -0.0047987773741090638
leaf_weight=45 452 477 190 1021 32 48 41 28 33 97 36 1336 26 55 140 33 35 211 49 28 1143 25 30 239 33 57 25 25 659 34
leaf_count=45 452 477 190 1021 32 48 41 28 33 97 36 1336 26 55 140 33 35 211 49 28 1143 25 30 239 33 57 25 25 659 34
internal_value=-0.000510474 -0.000430681 -6.45171e-05 -0.000136029 0.000257633 0.00165235 0.00405882 0.00618461 0.0106061 -6.9931e-05 0.0016 -0.000166668 -0.00222059 0.000926828 -0.00112605 0.000319999 -0.000807555 -0.000186247 0.00404706 -0.000460367 -0.00132458 6.00366e-05 0.00464286 7.26603e-05 0.000598607 0.00425532 0.00677778 0.0117647 -0.000116344 0.00368254
internal_weight=6683 6231 3161 3116 2095 488 203 129 65 285 64 1607 271 81 237 74 3070 1395 84 1311 1675 532 55 1100 861 140 107 50 721 62
internal_count=6683 6231 3161 3116 2095 488 203 129 65 285 64 1607 271 81 237 74 3070 1395 84 1311 1675 532 55 1100 861 140 107 50 721 62
is_linear=0
shrinkage=0.04


Tree=184
num_leaves=31
num_cat=0
split_feature=18 13 10 5 13 7 17 13 13 20 20 9 7 9 12 1 19 9 5 16 12 10 14 5 17 5 0 13 18 17
split_gain=0.539263 0.619592 0.608055 0.62369 0.513217 0.463657 0.489555 0.706497 0.709422 0.96955 1.15108 0.459516 0.428818 0.423986 0.639251 0.43951 0.396236 0.787897 0.791828 0.866698 0.849583 0.826104 2.00333 1.17774 0.899926 0.923429 0.679479 0.578589 0.519393 0.473594
threshold=0.91597561503675351 12.550000000000002 6.4500000000000011 0.8500000000000002 0.95000000000000007 2.3937500000000003 -1.0000000180025095e-35 10.050000000000002 5.4500000000000011 1.0000000180025095e-35 -0.56174490092936669 98.500000000000014 2.8104166666666672 92.500000000000014 32.500000000000007 7.4500000000000011 -1.0000000180025095e-35 80.500000000000014 11.850000000000003 1287.5000000000002 59.500000000000007 3.9500000000000006 152.50000000000003 9.6500000000000004 -0.60355339059327362 4.5500000000000007 11.250000000000002 4.8500000000000005 -0.12940952255126037 -0.98296291314453399
decision_type=2 2 2 2 2 2 2 2 2 2 2 2 2 2 2 2 2 2 2 2 2 2 2 2 2 2 2 2 2 2
left_child=2 5 4 -4 -1 -2 7 8 9 10 -7 -3 -8 14 -5 -15 17 18 19 20 26 22 -22 24 25 27 -6 -23 -24 -18
right_child=1 11 3 13 16 6 12 -9 -10 -11 -12 -13 -14 15 -16 -17 29 -19 -20 -21 21 23 28 -25 -26 -27 -28 -29 -30 -31
leaf_value=-0.020969331581645816 -0.022104408098337101 -0.028427952068524904 0.020242687379908874 -0.032828647214670229 -0.013932741193097398 0.0039901937994383007 0.0061516320514774262 0.008371001704658319 -0.0053998535151256865 -0.0022466677856586366 0.054234923872933133 0.0040243104893202247 7.5359827346843956e-05 0.0074506955348030623 -0.00061569966845156487 -0.0060686690168409527 0.001834934656562155 -0.0039032488767707881 -0.021791033695964853 0.012280133289926526 0.11279763763704725 -0.018700870557236144 0.011832196375779489 0.014622313178425377 -0.014555318385547106 0.025664647995517074 0.0027824953665054968 0.028061861917398997 -0.014962034724377857 -0.004566247816461682
leaf_weight=143 57 95 29 98 119 39 25 37 67 49 28 34 411 25 2854 31 119 451 88 36 45 56 36 30 145 34 25 28 39 1410
leaf_count=143 57 95 29 98 119 39 25 37 67 49 28 34 411 25 2854 31 119 451 88 36 45 56 36 30 145 34 25 28 39 1410
internal_value=-0.000528427 0.000417555 -0.000664842 -0.000272549 -0.00108948 0.000879551 0.00118113 0.00271493 0.00167391 0.00355555 0.00664706 -0.00212308 0.000402745 -0.000329679 -0.000395531 0.00308772 -0.000963187 -0.000395411 0.000463342 0.000989898 0.000594981 0.00151691 0.00429752 0.000367346 -0.000500001 0.00208403 -0.00204138 -0.000188236 0.000263157 -0.00138301
internal_weight=6683 842 5841 3037 2804 713 656 220 183 116 67 129 436 3008 2952 56 2661 1132 681 593 557 413 120 293 263 118 144 84 75 1529
internal_count=6683 842 5841 3037 2804 713 656 220 183 116 67 129 436 3008 2952 56 2661 1132 681 593 557 413 120 293 263 118 144 84 75 1529
is_linear=0
shrinkage=0.04


Tree=185
num_leaves=31
num_cat=0
split_feature=14 10 16 14 16 5 20 3 9 2 3 8 3 19 14 8 12 9 7 9 13 13 11 5 9 11 5 11 7 16
split_gain=0.359315 0.416758 0.562519 0.915348 0.694322 0.815058 1.69777 0.87418 0.670877 0.58686 0.627344 0.755082 0.690652 0.882943 0.798876 1.13217 0.748442 0.61948 1.69587 0.582 0.618584 1.6964 0.625279 1.1781 1.33564 0.580088 0.62572 0.55453 1.21664 1.02278
threshold=358.50000000000006 0.55000000000000016 817.50000000000011 13.500000000000002 237.50000000000003 1.0500000000000003 1.0000000180025095e-35 2.4500000000000006 47.500000000000007 1.8500000000000003 8.9500000000000011 11.250000000000002 8.2500000000000018 -0.8783796973249266 162.50000000000003 9.5500000000000025 41.500000000000007 89.500000000000014 6.8312500000000007 46.500000000000007 4.3500000000000005 4.8500000000000005 5.7500000000000009 8.2500000000000018 64.500000000000014 9.7500000000000018 2.7500000000000004 1.6500000000000001 5.1354166666666679 27.500000000000004
decision_type=2 2 2 2 2 2 2 2 2 2 2 2 2 2 2 2 2 2 2 2 2 2 2 2 2 2 2 2 2 2
left_child=1 -1 4 -4 5 6 7 -3 -6 -7 12 -12 16 -14 15 -15 -11 27 -19 -13 22 -22 23 -21 -25 26 -5 28 -18 -30
right_child=-2 2 3 25 8 9 -8 -9 -10 10 11 19 13 14 -16 -17 17 18 -20 20 21 -23 -24 24 -26 -27 -28 -29 29 -31
leaf_value=-0.0034981808794684638 -0.010073987246589717 0.011060553529981984 0.0085975863234815948 0.0012069117529488781 0.069028202719818355 -0.010621878879789668 0.033343533109261553 -0.020568748241355964 -0.0070512060602014879 -0.021397886308084434 -0.015744103691530377 -0.039171849728951803 -0.055229668284004031 0.046756861552420495 0.0057203797611091369 0.0050667235800661249 -0.014183499892440839 0.0075062502952266165 -0.0039194100437918364 -0.012325672170318682 0.0089055501202799058 -0.00097695649565227635 -0.0037973126830367866 -0.0005731980012792583 0.0074868815478255166 0.00078568710751395854 -0.044808757985437229 0.00065152489979353439 -0.0035196964264621352 0.0069677115435184686
leaf_weight=323 69 25 32 58 27 313 32 42 1195 162 366 127 29 31 86 34 529 29 30 62 37 95 267 31 30 735 111 1457 104 199
leaf_count=323 69 25 32 58 27 313 32 42 1195 162 366 127 29 31 86 34 529 29 30 62 37 95 267 31 30 735 111 1457 104 199
internal_value=-0.000520097 -0.000489772 -0.000417464 0.000486659 -0.000576031 -0.000327344 0.00324 -0.000411766 -0.00141292 -0.000416025 -0.00027523 -0.00112205 4.45921e-05 0.00243094 0.00365789 0.0069697 -0.00012744 5.44903e-05 0.00406667 -0.000301539 0.00029063 0.00264662 -0.00051151 0.00183871 0.00574193 0.000247513 -0.00185882 -5.0656e-05 -0.000873951 0.00114474
internal_weight=6667 6598 6275 936 5339 4117 99 67 1222 4018 3705 1015 2690 180 151 65 2510 2348 59 649 522 132 390 123 61 904 169 2289 832 303
internal_count=6667 6598 6275 936 5339 4117 99 67 1222 4018 3705 1015 2690 180 151 65 2510 2348 59 649 522 132 390 123 61 904 169 2289 832 303
is_linear=0
shrinkage=0.04


Tree=186
num_leaves=31
num_cat=0
split_feature=15 1 8 11 11 9 3 14 5 16 4 7 18 11 1 9 14 7 16 7 2 3 17 14 17 16 3 16 6 6
split_gain=0.336778 0.323436 0.312066 0.305369 0.357922 1.19075 2 1.40372 1.05238 0.942597 1.47598 1.57593 1.66056 0.947708 0.858026 0.837302 1.04374 0.718922 0.569388 1.05397 0.909476 0.918991 1.99473 0.562597 0.491135 1.43375 0.618969 0.460621 1.03686 0.407715
threshold=0.8500000000000002 50.45000000000001 0.45000000000000007 -12.249999999999998 1.7500000000000002 75.500000000000014 2.8500000000000001 177.50000000000003 2.2500000000000004 27.500000000000004 6.8500000000000005 6.5812500000000007 -0.70710678118654757 3.0500000000000003 4.6500000000000012 61.500000000000007 173.50000000000003 5.1354166666666679 27.500000000000004 7.2895833333333346 9.9500000000000011 3.4500000000000006 0.37940952255126054 206.50000000000003 -0.98296291314453399 817.50000000000011 8.9500000000000011 17.500000000000004 3.174999999999998 8.6749999999999989
decision_type=2 2 2 2 2 2 2 2 2 2 2 2 2 2 2 2 2 2 2 2 2 2 2 2 2 2 2 2 2 2
left_child=1 2 -1 -4 5 17 7 -7 -9 10 11 14 -13 -12 15 -6 -17 27 -19 20 21 -20 -23 -16 25 -11 -27 28 -5 -8
right_child=-2 -3 3 4 9 6 29 8 -10 24 13 12 -14 -15 23 16 -18 18 19 -21 -22 22 -24 -25 -26 26 -28 -29 -30 -31
leaf_value=-0.045908614390617067 -0.00959466411310495 -0.082403756847683793 0.0022806503929035426 0.0080112040458365889 -0.0019477442127073545 -0.010655663725805823 -0.00011951292250702363 0.0077917259980507568 0.014745345825610122 -0.015463974532646495 0.019302400826657816 0.047658423480675005 0.59236711834201861 -0.014065554826801011 -0.022688221286840116 0.00090842579209219135 0.01855251354456908 -0.016846946607483367 -0.0054701720491696724 -0.0033917284352703485 -0.067595441448598859 0.0034155716572920581 0.029406993925759843 0.0013399260260040157 -0.0011506470577184571 0.0060427459065212135 0.024997327335460864 -0.023851067480774372 -0.012373103598838107 -0.057240929817150302
leaf_weight=41 102 43 32 49 57 29 221 27 35 134 25 49 28 148 100 34 32 152 27 116 27 73 33 38 4300 47 44 500 72 52
leaf_count=41 102 43 32 49 57 29 221 27 35 134 25 49 28 148 100 34 32 152 27 116 27 73 33 38 4300 47 44 500 72 52
internal_value=-0.000526096 -0.000490406 -0.000467271 -0.000444925 -0.000464497 -0.00102688 0.000942465 0.00604348 0.00939682 -0.000306533 0.00132031 0.00285546 0.00784615 -0.00167816 0.00135878 0.00377419 0.00680597 -0.00171048 -0.000447553 0.000635378 0.00273292 0.00408955 0.00575701 -0.000805756 -0.0004905 0.00132743 0.00517391 -0.00257878 -0.000360657 -0.000773724
internal_weight=6667 6565 6522 6481 6449 1413 364 91 62 5036 511 338 77 173 261 123 66 1049 428 276 160 133 106 138 4525 225 91 621 121 273
internal_count=6667 6565 6522 6481 6449 1413 364 91 62 5036 511 338 77 173 261 123 66 1049 428 276 160 133 106 138 4525 225 91 621 121 273
is_linear=0
shrinkage=0.04


Tree=187
num_leaves=31
num_cat=0
split_feature=14 15 1 8 11 0 7 4 14 3 9 5 7 3 12 3 16 7 13 3 0 8 11 7 4 11 3 14 7 8
split_gain=0.348779 0.321526 0.322149 0.310866 0.306419 0.303989 0.33803 0.645924 0.327402 0.628387 0.430364 1.56707 0.903204 1.14345 1.4797 0.83095 1.09044 0.963295 0.777646 0.696614 0.640149 0.957041 0.876044 1.16113 0.837676 1.20663 0.625473 0.688783 0.654417 0.604327
threshold=358.50000000000006 0.8500000000000002 50.45000000000001 0.45000000000000007 -12.249999999999998 45.20000000000001 22.343750000000004 22.450000000000003 72.500000000000014 1.8500000000000003 73.500000000000014 0.8500000000000002 5.3937500000000007 1.4500000000000002 85.500000000000014 3.9500000000000006 1927.5000000000002 4.4520833333333343 4.5500000000000007 1.6500000000000001 1.0500000000000003 2.2500000000000004 11.050000000000002 2.2354166666666671 3.2500000000000004 3.3500000000000001 3.2500000000000004 90.500000000000014 2.839583333333334 4.3500000000000005
decision_type=2 2 2 2 2 2 2 2 2 2 2 2 2 2 2 2 2 2 2 2 2 2 2 2 2 2 2 2 2 2
left_child=1 2 3 -1 -5 6 7 8 9 -6 11 -10 13 -12 15 17 -17 19 -19 -15 -21 -22 23 -23 25 -25 27 -13 -28 -29
right_child=-2 -3 -4 4 5 -7 -8 -9 10 -11 12 26 -14 14 -16 16 -18 18 -20 20 21 22 -24 24 -26 -27 28 29 -30 -31
leaf_value=-0.04407226981499239 -0.009625001874417359 -0.012888358722082292 -0.079107606573776482 0.0021894243771874255 0.011680972539150404 0.022379540944009142 -0.029773786375935325 0.12839187128188459 0.018621217527523767 -0.0038885030253571007 -0.0089565567716005361 0.043004675836028759 -0.00078993319984151306 -0.026854295615296647 0.030416687192309333 -0.010953979149769739 0.034933644860728322 0.0005647506503599209 0.04909153333389063 0.01334819193133184 -0.026555113937612174 -0.014776713412352854 -0.0029359141394179845 0.004733028992751449 0.0026501140343023095 0.029472597412589185 0.0060759006210454828 -0.014049419787295044 -0.0010415338618027076 -0.0017423073516613251
leaf_weight=41 69 100 43 32 43 25 117 49 44 692 159 36 1252 33 30 187 37 28 38 45 56 32 71 46 63 26 63 482 2368 360
leaf_count=41 69 100 43 32 43 25 117 49 44 692 159 36 1252 33 30 187 37 28 38 45 56 32 71 46 63 26 63 482 2368 360
internal_value=-0.000562089 -0.000532203 -0.000497308 -0.000473979 -0.000451443 -0.000471253 -0.000488834 -0.000448647 -0.000485143 -0.00127717 -0.000378231 -0.000659512 7.03413e-05 0.00107512 0.00177778 0.00137556 -0.000604445 0.00238724 0.00680597 0.00158713 0.00212941 0.00143729 0.00254393 0.00411905 0.00573529 0.00865753 -0.000760122 -0.00167463 -0.000429277 -0.00190747
internal_weight=6667 6598 6498 6455 6414 6382 6357 6240 6191 735 5456 3353 2103 851 692 662 224 438 66 372 339 294 238 167 135 72 3309 878 2431 842
internal_count=6667 6598 6498 6455 6414 6382 6357 6240 6191 735 5456 3353 2103 851 692 662 224 438 66 372 339 294 238 167 135 72 3309 878 2431 842
is_linear=0
shrinkage=0.04


Tree=188
num_leaves=31
num_cat=0
split_feature=14 11 1 8 0 7 7 6 3 14 3 14 7 10 3 15 20 17 0 17 4 4 19 14 4 3 5 7 5 11
split_gain=0.348779 0.319333 0.31187 0.300894 0.279528 0.339842 0.472317 0.543452 0.422881 0.322987 1.26336 1.31892 0.818569 0.672904 0.388442 0.522125 0.693805 0.527517 0.520176 0.87184 0.485626 0.432217 0.422282 0.397631 0.627082 0.496144 0.398323 0.508271 0.358976 0.383347
threshold=358.50000000000006 -12.249999999999998 50.45000000000001 0.45000000000000007 45.20000000000001 22.343750000000004 19.87916666666667 22.741666666666671 17.950000000000003 313.50000000000006 12.15 326.50000000000006 3.6562500000000004 1.1500000000000001 11.850000000000003 1.0000000180025095e-35 -0.22252093395631442 0.78656609248549325 16.550000000000004 0.60355339059327384 16.450000000000003 15.750000000000002 -1.0000000180025095e-35 270.50000000000006 6.6500000000000012 11.65 8.0500000000000025 5.8729166666666677 2.2500000000000004 31.350000000000005
decision_type=2 2 2 2 2 2 2 2 2 2 2 2 2 2 2 2 2 2 2 2 2 2 2 2 2 2 2 2 2 2
left_child=1 -1 3 -3 5 6 7 8 9 14 12 -12 13 -11 18 17 -17 28 20 -20 21 23 -19 25 -25 -5 27 -26 -16 -30
right_child=-2 2 -4 4 -6 -7 -8 -9 -10 10 11 -13 -14 -15 15 16 -18 22 19 -21 -22 -23 -24 24 26 -27 -28 -29 29 -31
leaf_value=0.0021018474020999389 -0.0092400017994406849 -0.042309379022392693 -0.075943302310825578 -0.00065428217537624679 0.02036325416353554 -0.028696568020509901 0.12900285796490246 0.09607466648663468 -0.026154522980430805 -0.0024271510602840753 0.032070063372158938 0.00039667780098555247 -0.0023526135748249189 0.017674434267943042 0.037068608719649183 -0.015942433415394745 0.016091692439842705 -0.0014798519102564808 0.11427068169859612 -0.0089417690972822018 -0.012433864524493458 0.0069842126966002315 0.0026372294679033966 -0.022175532786975406 0.012051300417693721 0.028205120227824617 0.010289719695397529 -0.0031449809970765493 -0.014507419425631891 0.010298055053157977
leaf_weight=32 69 41 43 4414 26 119 48 32 149 36 26 40 297 40 26 35 25 35 29 47 85 28 32 315 25 26 47 66 407 27
leaf_count=32 69 41 43 4414 26 119 48 32 149 36 26 40 297 40 26 35 25 35 29 47 85 28 32 315 25 26 47 66 407 27
internal_value=-0.000562089 -0.000532203 -0.000551851 -0.000529124 -0.000507174 -0.000524083 -0.000484065 -0.000514468 -0.000541388 -0.00048977 0.000554545 0.00561194 -0.000352942 0.00332467 -0.000570724 -0.00154422 0.00196721 -0.00194697 -0.000457998 0.00280519 -0.00050809 -0.000455913 0.00135294 -0.000484676 -0.00161234 -0.000369287 0.000633093 -0.000913044 -0.0024295 -0.00270345
internal_weight=6667 6598 6566 6523 6482 6456 6337 6289 6257 6108 439 66 373 76 5669 587 60 527 5082 76 5006 4921 67 4893 453 4440 138 91 460 434
internal_count=6667 6598 6566 6523 6482 6456 6337 6289 6257 6108 439 66 373 76 5669 587 60 527 5082 76 5006 4921 67 4893 453 4440 138 91 460 434
is_linear=0
shrinkage=0.04


Tree=189
num_leaves=31
num_cat=0
split_feature=2 0 10 16 17 13 8 17 11 1 0 13 3 5 1 0 13 1 12 12 1 3 3 3 5 7 7 5 9 11
split_gain=0.445826 0.766817 0.930569 0.812334 0.860086 0.680014 0.619823 0.427735 0.420583 0.413283 0.795126 0.628102 0.966439 0.76148 0.643487 0.560912 0.524552 0.558946 0.649317 0.616871 0.610681 0.620172 0.483725 0.410845 0.490588 0.622072 0.540853 0.739915 0.534475 1.76206
threshold=15.350000000000003 14.15 7.3500000000000005 87.500000000000014 0.78656609248549325 2.0500000000000003 16.650000000000002 -0.98296291314453399 17.150000000000002 10.250000000000002 9.5500000000000025 3.4500000000000006 8.5500000000000025 8.2500000000000018 8.6500000000000004 11.250000000000002 8.3500000000000032 12.65 77.500000000000014 85.500000000000014 11.950000000000001 10.550000000000002 6.0500000000000007 17.850000000000005 9.0500000000000025 7.7729166666666671 6.0812500000000007 8.7500000000000018 89.500000000000014 22.750000000000004
decision_type=2 2 2 2 2 2 2 2 2 2 2 2 2 2 2 2 2 2 2 2 2 2 2 2 2 2 2 2 2 2
left_child=1 9 6 4 5 -4 -3 -2 -6 10 23 14 13 22 -12 -11 17 18 20 -20 -17 -22 -13 24 25 26 27 -1 29 -27
right_child=7 2 3 -5 8 -7 -8 -9 -10 15 11 12 -14 -15 -16 16 -18 -19 19 -21 21 -23 -24 -25 -26 28 -28 -29 -30 -31
leaf_value=-0.00084047801223614783 0.013471262158149122 0.0085302897934758388 0.13091055407588928 0.075707242698774865 -0.012377342982275934 0.00059979215855948394 -0.014025047045430721 -0.0062901363918734044 0.0064229943890826207 -0.030481608903325262 0.06285977340244267 0.06546135666295394 -0.0016290221353763715 0.00079129737335818448 -0.0031211752553518823 -0.0057752868298576489 0.0057616062718738583 -0.027537905395420493 0.02608908503959205 -0.0019996161712824805 -0.015804886687654084 0.0058244663726386625 0.035495829777245164 0.0028665468646649891 -0.0065989221808917843 0.00032722129934311647 -0.0045892531077874731 0.023030605210182825 -0.0022341937774703561 0.03534937883213074
leaf_weight=2926 36 25 36 25 36 37 70 560 31 243 25 26 59 41 116 82 49 135 36 27 26 27 25 29 857 211 610 27 171 63
leaf_count=2926 36 25 36 25 36 37 70 560 31 243 25 26 59 41 116 82 49 135 36 27 26 27 25 29 857 211 610 27 171 63
internal_value=-0.000538093 -0.000435442 0.00168582 0.00349397 0.0022695 0.00524324 -0.00145833 -0.00158124 -0.001 -0.000530627 -0.000413342 0.00161092 0.00339474 0.00593548 -0.00030986 -0.0015016 -0.000543082 -0.00111377 0.000241205 0.0035625 -0.00132353 0.002 0.00915385 -0.000534424 -0.000563092 -0.000377152 -0.000553312 -0.000329046 0.00103139 0.00212364
internal_weight=6667 6071 260 165 140 73 95 596 67 5811 5186 292 151 92 141 625 382 333 198 63 135 53 51 4894 4865 4008 3563 2953 445 274
internal_count=6667 6071 260 165 140 73 95 596 67 5811 5186 292 151 92 141 625 382 333 198 63 135 53 51 4894 4865 4008 3563 2953 445 274
is_linear=0
shrinkage=0.04


Tree=190
num_leaves=31
num_cat=0
split_feature=2 12 6 5 7 11 13 13 5 11 13 12 3 11 19 11 7 13 13 11 11 7 0 19 9 4 18 13 12 9
split_gain=0.517465 0.764231 0.755693 0.702161 0.584516 1.02426 0.844526 0.529053 0.722957 0.685685 0.56722 0.68925 1.11845 0.816303 0.795541 0.556858 0.612318 1.17713 0.515864 1.65398 0.91185 0.759297 1.18565 2.27707 0.808853 0.597365 0.59169 1.35401 0.567685 0.62097
threshold=13.350000000000003 20.500000000000004 11.85 5.2500000000000009 12.227083333333335 13.450000000000001 4.4500000000000011 7.9500000000000011 10.15 31.750000000000004 7.0500000000000007 63.500000000000007 6.8500000000000005 6.4500000000000011 1.0000000180025095e-35 9.7500000000000018 2.839583333333334 12.850000000000003 5.3500000000000005 0.45000000000000007 1.7500000000000002 5.1354166666666679 5.6500000000000012 0.6078576107927941 83.500000000000014 2.9500000000000006 -0.9159756150367534 2.9500000000000006 63.500000000000007 57.500000000000007
decision_type=2 2 2 2 2 2 2 2 2 2 2 2 2 2 2 2 2 2 2 2 2 2 2 2 2 2 2 2 2 2
left_child=2 -2 7 -4 5 -5 -6 8 9 10 18 12 14 -13 -12 -9 17 -17 20 -20 21 24 23 -23 26 -24 27 -1 29 -22
right_child=1 -3 3 4 6 -7 -8 15 -10 -11 11 13 -14 -15 -16 16 -18 -19 19 -21 28 22 25 -25 -26 -27 -28 -29 -30 -31
leaf_value=-0.012659264830065861 0.0057858723499256241 -0.005274925126043376 -0.0028636682974333707 0.00020110482815250124 -0.055570457669727617 0.070439338784516928 0.011335783541998785 -0.025462818105452797 -0.0026396228284041186 -0.058369210466988078 0.0081686888895061791 -0.043847908933726226 -0.0041925004165242813 0.0081810325298799971 0.013504584405655431 0.035034224206190616 -0.0009797404723573802 -0.012732868994183575 0.017552270429453235 -0.0042210117330939061 -0.01461475396451495 -0.0001317267653008289 0.0090787338269541825 0.059490038629838995 0.0014139689436215091 -0.009327091123105289 -0.016562115415466969 0.0056725431961078534 0.0016868686088047536 0.00016463257296423338
leaf_weight=95 25 813 47 47 43 47 28 396 679 68 32 46 45 27 28 26 696 26 30 473 141 98 46 45 25 177 547 35 1221 652
leaf_count=95 25 813 47 47 43 47 28 396 679 68 32 46 45 27 28 26 696 26 30 473 141 98 46 45 25 177 547 35 1221 652
internal_value=-0.000443849 -0.00137306 -0.000310892 0.00202817 0.00325301 0.00530526 0.000499999 -0.00039894 -0.000203947 9.39362e-06 8.18269e-05 0.00227933 0.00433962 -0.000702704 0.00786885 -0.00116681 -0.000523365 0.00362264 -2.78872e-05 -0.00121429 0.000166071 -0.000778298 0.000697547 0.00352778 -0.00154765 -0.001125 -0.00181121 0.000610686 0.000666997 -0.000166248
internal_weight=6704 838 5866 212 165 94 71 5654 4510 3831 3763 178 105 73 60 1144 748 52 3585 503 3082 1068 366 143 702 223 677 130 2014 793
internal_count=6704 838 5866 212 165 94 71 5654 4510 3831 3763 178 105 73 60 1144 748 52 3585 503 3082 1068 366 143 702 223 677 130 2014 793
is_linear=0
shrinkage=0.04


Tree=191
num_leaves=31
num_cat=0
split_feature=2 6 13 12 12 9 5 7 13 19 20 13 9 7 9 3 9 11 13 0 1 12 0 10 5 5 1 8 4 5
split_gain=0.510911 0.858211 0.735132 0.662214 0.645103 0.83289 0.569774 0.919665 0.49666 0.703503 0.749523 0.941805 1.07943 0.878699 0.837948 0.818277 0.718667 0.600662 0.668036 0.959433 0.830189 0.7209 0.82688 0.844637 0.67241 0.66388 0.705284 1.03077 0.681989 0.601367
threshold=13.350000000000003 12.483333333333333 4.8500000000000005 75.500000000000014 45.500000000000007 64.500000000000014 9.2500000000000018 3.9062500000000004 7.9500000000000011 1.0000000180025095e-35 -0.56174490092936669 15.450000000000001 76.500000000000014 2.277083333333334 107.50000000000001 10.15 89.500000000000014 32.45000000000001 3.3500000000000001 3.6500000000000008 7.2500000000000009 33.500000000000007 10.65 8.2500000000000018 6.9500000000000011 8.1500000000000004 8.0500000000000025 8.3500000000000032 11.350000000000003 8.5500000000000025
decision_type=2 2 2 2 2 2 2 2 2 2 2 2 2 2 2 2 2 2 2 2 2 2 2 2 2 2 2 2 2 2
left_child=1 6 3 -3 5 -2 8 -8 17 10 11 12 -10 -12 15 -15 -14 18 25 -20 -21 24 -23 -24 -22 26 27 28 -1 -27
right_child=4 2 -4 -5 -6 -7 7 -9 9 -11 13 -13 16 14 -16 -17 -18 -19 19 20 21 22 23 -25 -26 29 -28 -29 -30 -31
leaf_value=-0.0026015064668083142 0.098846465503143563 -0.0026084948641691718 0.034258070349456549 0.0031425641358998218 -0.0086929436128549715 -0.0033452658999202252 0.013533888491426652 -0.0038785136555747417 -0.0020894282447583225 -0.016523849532192984 0.033897509187924356 -0.038686810372994158 0.034446073293871095 -0.012053020405606345 0.00086089775107314791 0.041564636447811852 0.001049815567309172 -0.059430626235629856 -0.0013581504404322467 0.00640743551071147 -0.033160034512084519 -0.003891284465241977 0.057911177847074592 -0.0035737041563645966 0.011465572252317294 0.0071148374373907735 -0.011258001979486216 0.0085511072198626425 0.0043266486379235818 -0.00084334395824206879
leaf_weight=1337 30 53 37 28 567 241 34 1124 33 472 28 27 33 250 25 29 38 58 604 612 26 304 44 50 38 66 295 98 49 74
leaf_count=1337 30 53 37 28 567 241 34 1124 33 472 28 27 33 250 25 29 38 58 604 612 26 304 44 50 38 66 295 98 49 74
internal_value=-0.000402089 -0.000269986 0.00309244 0.000926828 -0.00132539 0.000279411 -0.000339538 -0.00113201 -0.000139404 -0.000961539 0.000146551 0.00269697 0.00441905 -0.000864866 -0.00149508 -0.00212857 0.00716667 7.1115e-05 0.000136742 0.000719475 0.00143628 0.000155507 -0.000481204 0.00277895 0.00406154 -0.000372918 -0.000582023 -0.000226264 -0.000507571 0.0022695
internal_weight=6704 5866 118 81 838 271 5748 1158 4590 935 463 131 104 332 304 279 71 3655 3597 1678 1074 462 398 94 64 1919 1779 1484 1386 140
internal_count=6704 5866 118 81 838 271 5748 1158 4590 935 463 131 104 332 304 279 71 3655 3597 1678 1074 462 398 94 64 1919 1779 1484 1386 140
is_linear=0
shrinkage=0.04


Tree=192
num_leaves=31
num_cat=0
split_feature=2 6 4 11 20 3 7 16 5 7 2 16 11 2 7 0 19 11 9 2 12 4 12 7 5 5 13 7 0 1
split_gain=0.48091 0.702006 1.05599 0.643354 0.701868 1.1552 1.60769 1.22652 0.537844 0.910571 0.491171 0.460086 0.810142 0.734908 0.933211 1.08006 2.60447 1.58429 0.715043 0.8173 0.581821 0.575326 1.28004 1.32284 1.16825 1.11083 1.0274 0.924963 0.750021 1.32926
threshold=12.350000000000003 11.85 5.8500000000000005 19.650000000000002 1.0000000180025095e-35 21.150000000000002 15.681250000000004 1057.5000000000002 9.2500000000000018 3.9062500000000004 11.65 232.50000000000003 2.2500000000000004 1.0500000000000003 5.1354166666666679 5.6500000000000012 0.6078576107927941 -1.6499999999999997 81.500000000000014 3.7500000000000004 74.500000000000014 5.6500000000000012 46.500000000000007 6.9666666666666677 3.3500000000000001 1.0500000000000003 7.8500000000000005 5.0479166666666675 2.9500000000000006 3.0500000000000003
decision_type=2 2 2 2 2 2 2 2 2 2 2 2 2 2 2 2 2 2 2 2 2 2 2 2 2 2 2 2 2 2
left_child=1 8 -3 -2 5 6 7 -5 11 -10 -4 12 13 -1 18 16 -16 -18 -15 -20 -13 22 -14 25 -23 -24 28 -26 -27 -30
right_child=3 2 10 4 -6 -7 -8 -9 9 -11 -12 20 21 14 15 -17 17 -19 19 -21 -22 24 23 -25 27 26 -28 -29 29 -31
leaf_value=0.0073329321081319976 -0.0092699670766243445 0.13107602559376133 -0.046920726689983441 -0.0044103769939723607 -0.011697619314887836 -0.034733191577742038 0.19186598716920361 0.024700219253195738 0.012992532951769576 -0.0038297257173336248 0.0028138728176115568 -0.001058379232629546 -0.021413832777987953 -0.01256482537983143 -0.0013326485035141825 -0.003294445541485357 0.0018017511892838936 0.073973645218129533 0.0029301980449027111 -0.054483425379063366 -0.016947281177286454 -0.015280370499257777 0.019032107385143496 0.071222245437521564 0.07370190271787537 -0.0017426524032407443 0.052411195197751684 0.00018771461046487051 0.0071157880701491647 0.0020859585243626407
leaf_weight=35 591 25 25 62 191 89 25 28 34 1068 52 1570 149 687 99 202 26 25 27 25 138 169 30 31 36 195 32 408 45 585
leaf_count=35 591 25 25 62 191 89 25 28 34 1068 52 1570 149 687 99 202 26 25 27 25 138 169 30 31 36 195 32 408 45 585
internal_value=-0.000384192 -0.0002434 0.00302913 -0.0011996 5.05041e-05 0.00167805 0.00431034 0.00175824 -0.000303366 -0.0010952 0.000666666 -0.000109857 0.0002052 -0.000624668 -0.000809525 0.000883852 0.00344371 0.0106923 -0.00161622 0.00286792 -0.000627268 0.000761451 0.0013221 0.0018803 -0.000214985 0.00159009 0.00131935 0.00086292 0.00104116 0.00171157
internal_weight=6704 5718 102 986 395 204 115 90 5616 1102 77 4514 2806 1126 1091 352 150 51 739 52 1708 1680 1067 918 613 887 857 444 825 630
internal_count=6704 5718 102 986 395 204 115 90 5616 1102 77 4514 2806 1126 1091 352 150 51 739 52 1708 1680 1067 918 613 887 857 444 825 630
is_linear=0
shrinkage=0.04


Tree=193
num_leaves=31
num_cat=0
split_feature=3 14 16 14 4 7 12 10 12 5 15 7 5 3 17 4 14 7 4 5 5 16 10 12 8 4 4 11 16 17
split_gain=0.536348 0.964064 1.0665 0.843137 0.903546 1.07888 0.847832 0.836194 1.12432 0.785585 0.495773 0.732745 0.723055 0.842535 1.00447 1.07169 0.984848 0.552295 1.15751 1.18984 0.551647 0.988879 0.93552 1.25065 1.2724 1.92209 0.983667 1.60829 0.938864 0.910966
threshold=9.7500000000000018 25.500000000000004 1047.5000000000002 254.50000000000003 9.6500000000000004 14.639583333333336 65.500000000000014 0.95000000000000007 35.500000000000007 14.65 1.0000000180025095e-35 5.8729166666666677 2.6500000000000008 2.6500000000000008 -0.5 3.3500000000000001 200.50000000000003 11.483333333333334 9.7500000000000018 8.5500000000000025 2.5500000000000003 277.50000000000006 4.3500000000000005 57.500000000000007 2.7500000000000004 3.2500000000000004 5.1500000000000012 2.2500000000000004 32.500000000000007 -0.25881904510252113
decision_type=2 2 2 2 2 2 2 2 2 2 2 2 2 2 2 2 2 2 2 2 2 2 2 2 2 2 2 2 2 2
left_child=10 2 9 -3 -5 6 7 8 -6 -2 17 12 -12 -14 -15 16 -16 20 -19 -20 22 -22 23 -1 -25 -26 27 -24 -29 -30
right_child=1 3 -4 4 5 -7 -8 -9 -10 -11 11 -13 13 14 15 -17 -18 18 19 -21 21 -23 26 24 25 -27 -28 28 29 -31
leaf_value=9.6490714273840344e-05 -0.015204115756789711 -0.0054274333195593926 0.012926029732059328 -0.012799933117161013 0.00037353723616377317 -0.028518602225991025 0.047681197832598901 -0.0014474868712443223 0.029604441731719326 0.02737343766950108 -0.016847129027985776 -0.0446601624923601 -0.0065293874441682553 0.012006673926950611 -0.00062131520553203171 -0.025048153829889324 0.00841424631673433 0.049730397244785486 0.030189325479109869 -0.0013908832837156418 0.00012637090900779194 -0.011672851712531088 -0.01490387766437049 0.0062819020590844645 0.024637708503653238 0.0010862183660690799 -0.022639120770571348 0.069889599460175922 0.012824278043438768 -0.0071170619506535663
leaf_weight=321 70 1090 36 102 36 75 29 83 32 29 141 186 87 48 40 47 25 25 25 109 2361 1006 214 106 31 32 120 46 66 86
leaf_count=321 70 1090 36 102 36 75 29 83 32 29 141 186 87 48 40 47 25 25 25 109 2361 1006 214 106 31 32 120 46 66 86
internal_value=-0.00037226 -0.00101579 0.00220588 -0.00131768 0.000368714 0.00164062 0.00331492 0.00207895 0.00533333 3.99991e-05 -0.000173337 -0.00128 -0.000287919 0.00101613 0.00273292 0.000637167 0.00393939 -3.34149e-05 0.002275 0.000770369 -0.000117541 -0.000364609 0.000695991 0.00195519 0.00472941 0.0091875 -0.000465292 0.00046489 0.00305528 0.00151634
internal_weight=6704 1582 135 1447 357 255 180 151 68 99 5122 574 388 247 160 112 65 4548 159 134 4389 3367 1022 490 169 63 532 412 198 152
internal_count=6704 1582 135 1447 357 255 180 151 68 99 5122 574 388 247 160 112 65 4548 159 134 4389 3367 1022 490 169 63 532 412 198 152
is_linear=0
shrinkage=0.04


Tree=194
num_leaves=31
num_cat=0
split_feature=3 14 15 7 5 14 6 17 11 0 18 2 14 14 9 10 16 16 5 10 19 18 5 11 12 5 3 8 9 11
split_gain=0.541034 0.925 0.516333 0.683972 0.871779 1.18208 1.42871 1.35375 0.471686 1.39008 0.698764 0.438659 0.451273 1.01949 1.04725 2.48225 1.17175 1.17152 1.01799 1.16105 1.2914 1.29657 0.832086 1.40588 1.30202 1.79845 0.907608 0.767608 0.876946 0.981344
threshold=9.7500000000000018 6.5000000000000009 1.0000000180025095e-35 5.8729166666666677 3.7500000000000004 213.50000000000003 3.1999999999999971 0.12940952255126045 -5.8499999999999988 3.1500000000000008 0.37940952255126048 0.45000000000000007 45.500000000000007 149.50000000000003 83.500000000000014 3.3500000000000001 552.50000000000011 242.50000000000003 1.1500000000000001 1.8500000000000003 -0.60785761079279388 -0.5 5.3500000000000005 2.9500000000000006 77.500000000000014 7.9500000000000011 8.3500000000000032 4.0500000000000007 76.500000000000014 0.8500000000000002
decision_type=2 2 2 2 2 2 2 2 2 2 2 2 2 2 2 2 2 2 2 2 2 2 2 2 2 2 2 2 2 2
left_child=2 -2 8 4 -4 7 -7 -6 9 -1 -11 -10 -13 14 15 16 17 -14 19 -15 -21 -22 26 24 -24 -26 -17 28 -20 -30
right_child=1 -3 3 -5 5 6 -8 -9 11 10 -12 12 13 18 -16 22 -18 -19 27 20 21 -23 23 -25 25 -27 -28 -29 29 -31
leaf_value=0.0097698925059848344 0.03670928596662492 -0.0028342938777239902 -0.0060339103459623889 -0.042873755992665706 0.0085388374640393873 -0.0015558711858472982 0.012398889497929869 -0.029086703853996334 -0.036389997127363974 -0.0090098652293085675 0.0082157304853185363 -0.015711970740014198 0.0096422954861681981 -0.0012809010280567436 -0.0014677071956060404 -0.0041653516228456009 0.0029690328333382057 0.1126646688148842 -0.01395101422002599 -0.02453477200939894 0.0080314867229823918 0.016935751682480779 -0.0057371991524970958 0.00042895014918277317 0.00089770583773085989 0.035911632091251096 0.018817693647591824 -0.00011431810169362739 0.006767601698719543 -0.0011422059517864425
leaf_weight=37 27 1555 223 186 38 25 32 70 48 91 30 326 27 59 180 340 43 33 680 34 42 40 25 167 29 30 37 1912 33 305
leaf_count=37 27 1555 223 186 38 25 32 70 48 91 30 326 27 59 180 340 43 33 680 34 42 40 25 167 29 30 37 1912 33 305
internal_value=-0.000419986 -0.00106633 -0.000220184 -0.00134957 -0.000390746 0.00180723 0.00641379 -0.000660551 -7.73806e-05 0.00206289 -3.27878e-05 -0.000154863 -0.000112366 3.98212e-06 0.00117982 0.00185246 0.00757692 0.0111475 -0.000341276 0.00261364 0.00492308 0.00761446 0.00090302 0.00268254 0.00687059 0.0100667 -0.000285715 -0.000518595 -0.0014053 0.000259586
internal_weight=6704 1582 5122 574 388 165 57 108 4548 158 121 4390 4342 4016 911 731 103 60 3105 175 116 82 628 251 84 59 377 2930 1018 338
internal_count=6704 1582 5122 574 388 165 57 108 4548 158 121 4390 4342 4016 911 731 103 60 3105 175 116 82 628 251 84 59 377 2930 1018 338
is_linear=0
shrinkage=0.04


Tree=195
num_leaves=31
num_cat=0
split_feature=18 6 4 20 2 7 13 7 4 7 7 11 11 14 12 4 7 11 11 9 9 18 7 2 19 16 7 7 16 4
split_gain=0.534911 0.721092 0.863567 0.713775 0.784631 1.618 0.640359 0.630907 0.733132 0.632246 0.77056 0.587372 0.555781 0.857679 0.529131 0.572774 1.18899 0.521255 0.496463 0.88561 0.470271 0.532274 0.879242 1.22118 0.873286 0.653297 1.18389 3.04483 1.22505 1.20182
threshold=0.78656609248549303 1.2999999999999969 2.6500000000000008 -0.22252093395631442 2.6500000000000008 3.7979166666666671 1.8500000000000003 13.581250000000002 11.850000000000003 7.7729166666666671 9.3791666666666682 0.75000000000000011 -0.44999999999999996 186.50000000000003 44.500000000000007 4.4500000000000011 5.0479166666666675 26.550000000000004 14.750000000000002 69.500000000000014 48.500000000000007 -0.78656609248549325 2.3145833333333337 2.9500000000000006 1.0000000180025095e-35 57.500000000000007 6.0812500000000007 5.4229166666666675 102.50000000000001 7.4500000000000011
decision_type=2 2 2 2 2 2 2 2 2 2 2 2 2 2 2 2 2 2 2 2 2 2 2 2 2 2 2 2 2 2
left_child=20 2 -2 4 -3 -6 12 8 9 18 -11 -8 -5 -14 15 -13 -17 -18 19 -7 -1 22 24 -24 -22 -25 27 -27 29 -28
right_child=1 3 -4 6 5 7 11 -9 -10 10 -12 14 13 -15 -16 16 17 -19 -20 -21 21 -23 23 25 -26 26 28 -29 -30 -31
leaf_value=-0.0094216108905314285 -0.0011645376606014186 -0.0020647947752731621 0.005440841789519351 -0.026031013970877023 0.033954717799535419 -0.004661724414632396 0.020502790425197419 0.055421937483180958 -0.012190659705328464 0.026754988037271936 -0.00055191522186224379 -0.0055463257239558176 -0.00049536853534023367 0.17465339354947401 -0.0059033974156455704 0.021538957373531429 0.0018391548448865381 -0.0056320647544966301 -0.0057675839758192897 0.005162596920404122 0.016622810137848297 -0.0017430008830587914 -0.01995805867419127 -0.0010905146934244274 -0.010801248635326489 0.00081947890130481854 -0.013885326286296793 0.1258102949199956 -0.030753743077470617 0.013566186949848822
leaf_weight=623 46 194 34 31 28 36 36 44 80 36 28 61 50 40 274 25 107 146 73 40 47 3586 142 546 28 100 34 29 115 41
leaf_count=623 46 194 34 31 28 36 36 44 80 36 28 61 50 40 274 25 107 146 73 40 47 3586 142 546 28 100 34 29 115 41
internal_value=-0.000405911 0.000286524 0.00395062 6.31569e-05 0.00115 0.00224044 -0.00072633 0.00145562 0.000775509 0.002 0.00529231 -0.00122462 0.00193443 0.00351648 -0.00151792 -0.000458824 0.000315411 -0.000519686 0.000559999 0.00280519 -0.000590326 -0.000452346 0.000325022 1.19038e-05 0.00447368 0.000577366 0.0020125 0.00495385 -9.48681e-10 0.00394737
internal_weight=6700 1409 80 1329 559 365 770 337 293 213 64 649 121 90 613 339 278 253 149 76 5291 4668 1082 1007 75 865 319 129 190 75
internal_count=6700 1409 80 1329 559 365 770 337 293 213 64 649 121 90 613 339 278 253 149 76 5291 4668 1082 1007 75 865 319 129 190 75
is_linear=0
shrinkage=0.04


Tree=196
num_leaves=31
num_cat=0
split_feature=12 13 13 5 9 20 16 16 20 16 6 9 10 7 6 11 11 12 16 13 10 11 16 5 13 5 11 10 11 11
split_gain=0.312966 0.295186 1.14573 0.89004 0.823098 0.815742 1.04367 1.61588 0.77695 0.717407 0.821793 1.03775 0.687999 0.680102 0.796351 1.32011 0.909238 0.659852 0.655253 0.640874 0.625801 0.489328 0.617648 0.666901 0.625545 0.969578 1.23775 1.44788 0.613489 1.34736
threshold=94.500000000000014 5.4500000000000011 3.9500000000000006 9.1500000000000004 70.500000000000014 0.81174490092936691 77.500000000000014 122.50000000000001 -0.22252093395631442 32.500000000000007 5.6166666666666663 49.500000000000007 6.4500000000000011 2.8770833333333337 3.574999999999998 11.950000000000001 27.750000000000004 77.500000000000014 52.500000000000007 13.950000000000001 9.1500000000000004 -0.6499999999999998 47.500000000000007 1.0500000000000003 0.55000000000000016 3.6500000000000008 5.1500000000000012 8.9500000000000011 7.8500000000000005 9.3500000000000032
decision_type=2 2 2 2 2 2 2 2 2 2 2 2 2 2 2 2 2 2 2 2 2 2 2 2 2 2 2 2 2 2
left_child=1 2 21 5 19 6 9 8 12 -4 -11 -12 -8 -9 15 -15 -16 -13 -19 -3 -6 -1 23 -23 25 -25 27 -27 -26 -30
right_child=-2 4 3 -5 20 -7 7 13 -10 10 11 17 -14 14 16 -17 -18 18 -20 -21 -22 22 -24 24 28 26 -28 -29 29 -31
leaf_value=-0.0062605205339984135 -0.037569275020872497 -0.012497255768651244 0.020782714660383079 -0.00097212261578294792 -0.00041638863882702119 -0.0072161231516079819 0.02074065723170436 -0.018725708597474081 0.012438959512732169 -0.0091156229112284298 -0.028022032988668757 -0.015587279256756433 0.042424228147792058 0.10749548486831534 -0.000283720746970961 -0.017936941952563793 0.03136796101635949 0.00064628242064450228 0.039530847754651641 0.0040879175766358978 0.013199235356561914 0.014931809160725102 -0.0021364520923441315 -0.0037211378028782615 -0.0046177469021350974 -0.0099167600834135193 -0.0019888784791058101 0.030592175612500747 0.0061735961601001449 0.00026128049963804097
leaf_weight=618 40 661 31 369 1498 122 26 27 40 132 36 41 25 39 143 30 31 28 37 31 29 32 1198 66 843 26 46 40 30 385
leaf_count=618 40 661 31 369 1498 122 26 27 40 132 36 41 25 39 143 30 31 28 37 31 29 32 1198 66 843 26 46 40 30 385
internal_value=-0.000417849 -0.000396338 -0.000208015 0.00087392 -0.000772974 0.00163245 0.00218291 0.00363536 0.00821739 0.000457515 -0.000203637 0.0019021 0.0114615 0.00206642 0.0027377 0.00634286 0.00128 0.00388785 0.00636364 -0.00191631 -0.000253928 -0.000589346 -0.000353957 0.000196051 6.68049e-05 0.00227933 0.00453097 0.008 -0.000247817 0.00100961
internal_weight=6700 6660 4441 1157 2219 788 666 361 91 305 274 142 51 270 243 69 174 106 65 692 1527 3284 2666 1468 1436 178 112 66 1258 415
internal_count=6700 6660 4441 1157 2219 788 666 361 91 305 274 142 51 270 243 69 174 106 65 692 1527 3284 2666 1468 1436 178 112 66 1258 415
is_linear=0
shrinkage=0.04


Tree=197
num_leaves=31
num_cat=0
split_feature=16 16 7 1 16 4 3 16 12 4 9 14 6 11 13 11 3 12 10 12 12 7 3 11 3 16 2 0 1 4
split_gain=0.344132 0.718866 0.710327 0.878826 1.09646 0.694057 0.827535 1.2438 0.689009 0.61469 0.987328 0.5733 0.593225 1.4066 0.552818 0.548429 0.546804 0.563894 0.519456 0.48522 1.2775 0.88585 0.679629 0.546436 0.856339 0.499964 0.480476 0.850912 1.304 0.843571
threshold=1007.5000000000001 277.50000000000006 8.2708333333333357 8.0500000000000025 762.50000000000011 18.350000000000005 16.250000000000004 1497.5000000000002 58.500000000000007 21.350000000000005 103.50000000000001 13.500000000000002 1.8166666666666635 15.550000000000002 13.050000000000002 -9.2499999999999982 4.5500000000000007 47.500000000000007 6.9500000000000011 34.500000000000007 36.500000000000007 5.2229166666666673 9.5500000000000025 29.150000000000002 7.3500000000000005 1845.0000000000002 6.1500000000000012 7.0500000000000007 6.4500000000000011 0.95000000000000007
decision_type=2 2 2 2 2 2 2 2 2 2 2 2 2 2 2 2 2 2 2 2 2 2 2 2 2 2 2 2 2 2
left_child=1 26 15 4 -4 6 8 -8 11 18 -11 -2 13 14 -13 -3 -14 19 -5 21 -21 -18 -22 24 25 -23 27 -1 -29 -28
right_child=5 2 3 9 -6 -7 7 -9 -10 10 -12 12 16 -15 -16 -17 17 -19 -20 20 22 23 -24 -25 -26 -27 29 28 -30 -31
leaf_value=-0.00035902091170296593 0.0028143356134687535 0.0093728513973231412 0.0032757427733379578 -0.0059237216793567981 0.012758777159885264 -0.046955208243381452 -0.014466175623438937 0.021831207981184746 0.0023629755805034329 0.21936748694377908 -0.00084146867008790156 0.007004436302015131 -0.0032384698120196203 0.014937449492927173 -0.0211282468707127 -0.01373967098332432 0.033721123881275079 -0.069828299054989232 0.022876284230237035 0.015792686805841238 -0.02156826499527997 0.003445317657634311 0.005617273429464005 -0.09021615781439378 -0.0029096371901272955 0.0016817932681079456 0.015065754077005934 0.060092388199692939 0.0026873237036714437 -0.0020752442043578336
leaf_weight=2044 29 26 87 264 29 76 27 29 26 25 36 27 198 47 43 825 38 50 36 28 74 26 48 96 154 25 27 44 172 2044
leaf_count=2044 29 26 87 264 29 76 27 29 26 25 36 27 198 47 43 825 38 50 36 28 74 26 48 96 154 25 27 44 172 2044
internal_value=-0.000441726 -0.000564665 -0.00137848 -0.00014226 0.00287179 0.000226487 0.000517597 0.00519298 0.000224175 -0.00111602 0.00251613 3.16733e-05 -0.000159065 0.00247458 -0.00112676 -0.00207042 -0.000579947 8.14805e-05 -0.00186047 0.000497958 0.00238411 -0.000341177 0.000585365 -0.00107285 9.70864e-05 0.00453846 -0.000314867 8.84555e-05 0.00247005 -0.000754827
internal_weight=6700 5659 1328 477 116 1041 965 56 909 361 61 883 854 117 70 851 737 539 300 489 150 339 122 301 205 51 4331 2260 216 2071
internal_count=6700 5659 1328 477 116 1041 965 56 909 361 61 883 854 117 70 851 737 539 300 489 150 339 122 301 205 51 4331 2260 216 2071
is_linear=0
shrinkage=0.04


Tree=198
num_leaves=31
num_cat=0
split_feature=12 7 2 3 3 0 19 7 12 0 2 11 1 5 4 9 3 0 2 13 13 17 13 16 16 4 13 11 12 2
split_gain=0.311891 0.285823 1.01778 0.538048 0.635951 0.48894 0.615461 1.67904 0.401975 0.613017 0.672529 0.986381 0.420773 0.397303 0.742078 0.435438 0.463893 1.09726 0.486853 0.57238 0.556327 0.385031 0.347818 0.424672 0.706476 0.619048 0.706271 0.815667 0.606077 0.573464
threshold=94.500000000000014 10.927083333333334 9.9500000000000011 17.150000000000002 16.450000000000003 4.5500000000000007 0.87837969732492682 12.043750000000001 22.500000000000004 16.350000000000005 25.500000000000004 19.650000000000002 20.850000000000005 21.850000000000005 19.450000000000003 104.50000000000001 7.9500000000000011 14.550000000000002 13.550000000000002 9.5500000000000025 3.0500000000000003 0.91597561503675362 18.350000000000005 1007.5000000000001 277.50000000000006 13.550000000000002 3.9500000000000006 -1.8499999999999999 57.500000000000007 8.1500000000000004
decision_type=2 2 2 2 2 2 2 2 2 2 2 2 2 2 2 2 2 2 2 2 2 2 2 2 2 2 2 2 2 2
left_child=1 2 22 4 5 -3 13 -8 -5 -10 11 12 -11 14 15 16 17 -7 19 -18 -20 -22 23 24 25 26 -1 -28 -25 -29
right_child=-2 3 -4 8 -6 6 7 -9 9 10 -12 -13 -14 -15 -16 -17 18 -19 20 -21 21 -23 -24 28 -26 -27 27 29 -30 -31
leaf_value=-0.0019975737026930512 -0.035983494251863264 -0.012585313038837842 -0.0088673483478896569 0.0071829020615787973 0.022610427867646065 0.015054987565791883 0.15027029880030074 -0.0076151288669753046 -0.020991471530664205 0.0019302838899961144 -0.026731600505817462 0.11498646212136401 -0.048092737890992429 -0.036143780049444151 0.083264812108730241 0.0031215113501219111 -0.0049552919155876132 -0.025979959884389055 0.0011909940328137167 0.010265406915637026 -0.0031555920205582834 0.0027981262027436506 -0.028037745258780208 0.00054304972059603909 -0.0093035019468466051 0.0043922889415162689 0.0074494660531105542 3.1510836791306225e-05 0.0033640510190779526 0.0052799468434504906
leaf_weight=2112 40 65 701 33 41 50 31 34 124 40 120 45 37 46 34 25 154 25 52 27 101 25 61 663 862 41 33 918 26 134
leaf_count=2112 40 65 701 33 41 50 31 34 124 40 120 45 37 46 34 25 154 25 52 27 101 25 61 663 862 41 33 918 26 134
internal_value=-0.000423818 -0.000402343 -0.000519453 0.000183783 0.000843881 0.000543283 0.000899173 0.00454545 -0.000990001 -0.0013733 -0.000197532 0.00188618 -0.000871796 0.000451851 0.000785424 0.000356521 5.51715e-05 0.00289474 -0.000544445 -0.002 0.000938547 -0.000503938 -0.000313338 -0.00027474 -0.000429165 -0.000158074 -0.000221389 0.000607734 0.000643477 0.000410255
internal_weight=6700 6660 5551 1109 710 669 604 65 399 366 242 122 77 539 493 459 434 75 359 181 178 126 4850 4789 4100 3238 3197 1085 689 1052
internal_count=6700 6660 5551 1109 710 669 604 65 399 366 242 122 77 539 493 459 434 75 359 181 178 126 4850 4789 4100 3238 3197 1085 689 1052
is_linear=0
shrinkage=0.04


Tree=199
num_leaves=31
num_cat=0
split_feature=4 7 6 14 14 7 13 17 17 3 8 16 17 0 4 7 4 14 10 13 5 6 5 12 4 20 12 13 13 12
split_gain=0.35118 0.778925 0.804838 0.563318 0.612167 0.559459 1.06166 1.79703 0.770733 0.791628 0.779092 0.646192 0.731748 0.666974 0.94762 0.447907 0.680363 0.596157 0.401262 0.768321 0.673831 0.64096 0.921152 1.08535 0.959793 0.624221 1.42717 0.564436 0.618165 0.693342
threshold=18.350000000000005 11.281250000000002 9.8166666666666682 137.50000000000003 107.50000000000001 12.531250000000002 2.2500000000000004 0.60355339059327384 -0.9159756150367534 7.9500000000000011 16.450000000000003 2212.5000000000005 -1.0000000180025095e-35 10.65 16.250000000000004 13.425000000000002 10.050000000000002 231.50000000000003 13.850000000000003 0.55000000000000016 5.1500000000000012 9.4083333333333332 9.2500000000000018 74.500000000000014 8.8500000000000032 -0.56174490092936669 74.500000000000014 1.4500000000000002 2.8500000000000001 81.500000000000014
decision_type=2 2 2 2 2 2 2 2 2 2 2 2 2 2 2 2 2 2 2 2 2 2 2 2 2 2 2 2 2 2
left_child=1 2 18 4 -2 6 7 -3 -8 -10 -11 12 -7 -14 15 16 -15 -17 21 20 -20 -1 23 24 -23 26 -21 -27 29 -29
right_child=3 5 -4 -5 -6 11 8 -9 9 10 -12 -13 13 14 -16 17 -18 -19 19 25 -22 22 -24 -25 -26 27 -28 28 -30 -31
leaf_value=-0.001297171909054633 -0.0038583718032885162 0.072650333977691148 -0.0075529435733554494 -0.022577858068428044 0.088993572061660184 -0.0071259165366946136 0.059126470429087336 -0.0014258554785013574 0.011209378314590996 -0.013816008906053695 0.00059644593807334852 0.0049513500856865223 -0.006203768011286419 -0.0024387786232757257 0.035531334159053879 -0.012741965688454392 0.0043950591830084155 0.019868187191606528 0.0016639117735938081 0.029028038365010948 0.024682576717697611 -0.034042240424961463 -0.024563470475582851 0.048651735353145889 0.011558027403835786 -0.016412664409321907 -0.0024262326760211019 0.0092702411510611656 -0.0099214739430046068 -0.0022651355970653791
leaf_weight=4425 96 35 729 218 29 173 29 32 34 105 37 28 49 32 32 80 25 29 25 41 25 26 25 25 25 71 74 31 71 44
leaf_count=4425 96 35 729 218 29 173 29 32 34 105 37 28 49 32 32 80 25 29 25 41 25 26 25 25 25 71 74 31 71 44
internal_value=-0.000417849 -0.000350426 -0.000508692 -0.00166279 0.00047619 0.000887655 0.00231502 0.00664706 0.000873785 -0.000135594 -0.00145455 1.78164e-05 -0.000380048 0.00101613 0.00205025 0.00081437 0.00365517 -0.00069091 -0.000324303 0.000919059 0.0054902 -0.000429424 0.00270588 0.00488312 0.00146154 0.000216215 0.00258621 -0.00104587 0.000380951 0.00289474
internal_weight=6700 6357 5637 343 125 720 272 67 205 176 142 448 420 247 198 166 57 109 4908 382 50 4526 101 76 51 332 115 217 146 75
internal_count=6700 6357 5637 343 125 720 272 67 205 176 142 448 420 247 198 166 57 109 4908 382 50 4526 101 76 51 332 115 217 146 75
is_linear=0
shrinkage=0.04


end of trees

feature_importances:
temp_c=535
pm2_5_mean24=458
pm2_5_lag24=433
wind_dir=418
pm2_5=395
o3=338
pm2_5_lag6=331
wind_kmh=319
no2=314
pm2_5_lag12=301
rh_pct=298
boundary_layer_m=285
hour_cos=251
pm10=250
hour_sin=210
dow_sin=198
pm2_5_lag3=191
pm2_5_mean6=153
dow_cos=147
pm2_5_lag1=132
precip_mm=43

parameters:
[boosting: gbdt]
[objective: quantile]
[metric: quantile]
[tree_learner: serial]
[device_type: cpu]
[data_sample_strategy: bagging]
[data: ]
[valid: ]
[num_iterations: 200]
[learning_rate: 0.04]
[num_leaves: 31]
[num_threads: 0]
[seed: 7]
[deterministic: 0]
[force_col_wise: 0]
[force_row_wise: 0]
[histogram_pool_size: -1]
[max_depth: -1]
[min_data_in_leaf: 25]
[min_sum_hessian_in_leaf: 0.001]
[bagging_fraction: 0.85]
[pos_bagging_fraction: 1]
[neg_bagging_fraction: 1]
[bagging_freq: 5]
[bagging_seed: 17422]
[bagging_by_query: 0]
[feature_fraction: 0.85]
[feature_fraction_bynode: 1]
[feature_fraction_seed: 7040]
[extra_trees: 0]
[extra_seed: 6516]
[early_stopping_round: 0]
[early_stopping_min_delta: 0]
[first_metric_only: 0]
[max_delta_step: 0]
[lambda_l1: 0]
[lambda_l2: 1]
[linear_lambda: 0]
[min_gain_to_split: 0]
[drop_rate: 0.1]
[max_drop: 50]
[skip_drop: 0.5]
[xgboost_dart_mode: 0]
[uniform_drop: 0]
[drop_seed: 15215]
[top_rate: 0.2]
[other_rate: 0.1]
[min_data_per_group: 100]
[max_cat_threshold: 32]
[cat_l2: 10]
[cat_smooth: 10]
[max_cat_to_onehot: 4]
[top_k: 20]
[monotone_constraints: ]
[monotone_constraints_method: basic]
[monotone_penalty: 0]
[feature_contri: ]
[forcedsplits_filename: ]
[refit_decay_rate: 0.9]
[cegb_tradeoff: 1]
[cegb_penalty_split: 0]
[cegb_penalty_feature_lazy: ]
[cegb_penalty_feature_coupled: ]
[path_smooth: 0]
[interaction_constraints: ]
[verbosity: -1]
[saved_feature_importance_type: 0]
[use_quantized_grad: 0]
[num_grad_quant_bins: 4]
[quant_train_renew_leaf: 0]
[stochastic_rounding: 1]
[linear_tree: 0]
[max_bin: 255]
[max_bin_by_feature: ]
[min_data_in_bin: 3]
[bin_construct_sample_cnt: 200000]
[data_random_seed: 61]
[is_enable_sparse: 1]
[enable_bundle: 1]
[use_missing: 1]
[zero_as_missing: 0]
[feature_pre_filter: 1]
[pre_partition: 0]
[two_round: 0]
[header: 0]
[label_column: ]
[weight_column: ]
[group_column: ]
[ignore_column: ]
[categorical_feature: ]
[forcedbins_filename: ]
[precise_float_parser: 0]
[parser_config_file: ]
[objective_seed: 15521]
[num_class: 1]
[is_unbalance: 0]
[scale_pos_weight: 1]
[sigmoid: 1]
[boost_from_average: 1]
[reg_sqrt: 0]
[alpha: 0.9]
[fair_c: 1]
[poisson_max_delta_step: 0.7]
[tweedie_variance_power: 1.5]
[lambdarank_truncation_level: 30]
[lambdarank_norm: 1]
[label_gain: ]
[lambdarank_position_bias_regularization: 0]
[eval_at: ]
[multi_error_top_k: 1]
[auc_mu_weights: ]
[num_machines: 1]
[local_listen_port: 12400]
[time_out: 120]
[machine_list_filename: ]
[machines: ]
[gpu_platform_id: -1]
[gpu_device_id: -1]
[gpu_use_dp: 0]
[num_gpu: 1]

end of parameters

pandas_categorical:[]
