tree
version=v4
num_class=1
num_tree_per_iteration=1
label_index=0
max_feature_idx=20
objective=quantile
feature_names=pm2_5 pm2_5_lag1 pm2_5_lag3 pm2_5_lag6 pm2_5_lag12 pm2_5_lag24 pm2_5_mean6 pm2_5_mean24 pm10 o3 no2 temp_c rh_pct wind_kmh wind_dir precip_mm boundary_layer_m hour_sin hour_cos dow_sin dow_cos
feature_infos=[0.10000000000000001:85.900000000000006] [0.10000000000000001:85.900000000000006] [0.10000000000000001:85.900000000000006] [0.10000000000000001:85.900000000000006] [0.10000000000000001:85.900000000000006] [0.10000000000000001:85.900000000000006] [0.14999999999999528:83.86666666666666] [0.67499999999999993:66.504166666666677] [0.10000000000000001:87.299999999999997] [21:148] [0:36.799999999999997] [-15:37.5] [9:98] [0:25.699999999999999] [1:360] [0:6.4000000000000004] [10:4085] [-1:1] [-1:1] [-0.97492791218182362:0.97492791218182362] [-0.90096886790241903:1]
tree_sizes=2637 2838 2827 2814 2809 2841 2816 2845 2845 2867 2833 2833 2818 2855 2855 2818 2844 2813 2870 2845 2861 2819 2838 2816 2820 2828 2854 2838 2840 2865 2860 2826 2812 2836 2840 2855 2859 2846 2823 2860 2843 2847 2827 2858 2837 2851 2843 2880 2838 2853 2854 2838 2864 2884 2855 2819 2826 2849 2852 2872 2846 2871 2861 2815 2821 2839 2869 2842 2857 2871 2837 2862 2845 2867 2842 2853 2845 2848 2824 2862 2852 2852 2851 2840 2854 2866 2869 2834 2875 2825 2869 2852 2876 2862 2848 2851 2876 2860 2869 2872 2845 2853 2808 2870 2815 2864 2832 2868 2867 2833 2843 2820 2865 2864 2891 2865 2885 2867 2852 2841 2815 2856 2866 2857 2838 2860 2845 2856 2820 2843 2865 2850 2870 2872 2892 2882 2827 2860 2804 2844 2854 2869 2835 2842 2903 2850 2866 2871 2855 2863 2870 2896 2879 2884 2885 2831 2882 2871 2879 2849 2863 2852 2873 2879 2836 2823 2843 2862 2864 2888 2896 2874 2901 2856 2831 2884 2879 2894 2872 2867 2891 2839 2893 2846 2849 2874 2877 2881 2878 2900 2821 2862 2867 2844 2868 2872 2858 2862 2847 2861

Tree=0
num_leaves=31
num_cat=0
split_feature=8 17 12 8 10 7 7 7 20 18 14 11 11 11 14 19 12 16 20 8 11 14 10 10 12 10 13 8 14 9
split_gain=32.1682 7.49882 5.76525 5.60392 5.34309 5.30567 5.16875 4.34247 4.20742 3.83539 3.48152 3.45637 4.13998 3.38151 3.00834 3.03879 2.86766 3.10375 4.29212 2.72081 2.53521 2.43105 2.39797 2.36629 3.43701 2.29543 2.26064 2.21476 2.53685 1.71401
threshold=2.5500000000000003 0.25881904510252091 86.500000000000014 1.4500000000000002 8.4500000000000011 2.6937500000000005 8.8854166666666696 5.0729166666666679 -0.22252093395631442 0.37940952255126048 170.50000000000003 22.050000000000004 5.6500000000000012 2.8500000000000001 248.50000000000003 0.6078576107927941 31.500000000000004 727.50000000000011 1.0000000180025095e-35 0.75000000000000011 10.550000000000002 142.50000000000003 3.7500000000000004 6.8500000000000005 70.500000000000014 4.3500000000000005 3.1500000000000008 4.2500000000000009 182.50000000000003 73.500000000000014
decision_type=2 2 2 2 2 2 2 2 2 2 2 2 2 2 2 2 2 2 2 2 2 2 2 2 2 2 2 2 2 2
left_child=3 2 9 7 6 14 13 8 19 -2 -8 12 -11 26 15 23 -14 20 -19 -1 25 -10 -21 24 -5 -18 -4 28 -13 -7
right_child=1 -3 4 5 -6 29 10 -9 21 11 -12 27 16 -15 -16 -17 17 18 -20 22 -22 -23 -24 -25 -26 -27 -28 -29 -30 -31
leaf_value=1.7559999537467956 1.8239999580383301 1.8399999523162842 1.791199955391884 1.7799999523162842 1.8159999561309814 1.8039999532699584 1.7755999562680722 1.7919999551773071 1.7991999555110929 1.8079999542236329 1.7431999547958374 1.8583999588251114 1.8071999528884886 1.8079999542236329 1.8055999541521073 1.7799999523162842 1.7479999542236329 1.7559999537467956 1.7559999537467956 1.7615999544501304 1.8359999561309814 1.7591999550938608 1.7999999523162842 1.7767999548435212 1.8039999532699584 1.7879999552965167 1.7599999547004699 1.8251999594747996 1.7571999542891981 1.7739999568164351
leaf_weight=44 1576 2550 35 43 134 254 40 73 45 254 25 29 65 76 42 51 74 84 46 55 69 99 34 25 64 91 25 434 44 196
leaf_count=44 1576 2550 35 43 134 254 40 73 45 254 25 29 65 76 42 51 74 84 46 55 69 99 34 25 64 91 25 434 44 196
internal_value=1.79991 1.80109 1.79977 1.79339 1.79482 1.79553 1.79071 1.78929 1.78701 1.80037 1.78152 1.79866 1.7968 1.79521 1.79053 1.78833 1.79441 1.79303 1.78809 1.78188 1.79581 1.79183 1.78618 1.79164 1.79433 1.79313 1.7882 1.80116 1.79476 1.79805
internal_weight=6676 5651 3101 1025 335 675 201 350 277 2766 65 1190 683 136 225 183 429 364 130 133 234 144 89 132 107 165 60 507 73 450
internal_count=6676 5651 3101 1025 335 675 201 350 277 2766 65 1190 683 136 225 183 429 364 130 133 234 144 89 132 107 165 60 507 73 450
is_linear=0
shrinkage=1


Tree=1
num_leaves=31
num_cat=0
split_feature=0 17 0 4 5 18 5 16 16 11 5 13 3 3 16 2 20 5 5 16 11 15 11 16 19 9 0 19 14 2
split_gain=28.875 7.20824 5.49451 3.93126 3.49204 3.28724 3.22406 3.35219 6.0947 3.10638 4.92896 3.44118 3.77271 2.65274 2.12724 2.06696 1.91137 4.36656 3.11685 2.24583 1.80012 1.75422 3.02533 1.71829 2.29318 4.1135 1.57097 1.89016 1.90257 1.48353
threshold=1.9500000000000002 0.25881904510252091 3.5500000000000003 3.5500000000000003 0.75000000000000011 0.37940952255126048 3.2500000000000004 187.50000000000003 1032.5000000000002 14.550000000000002 15.65 6.8500000000000005 6.3500000000000005 8.9500000000000011 22.500000000000004 10.050000000000002 -0.56174490092936669 6.3500000000000005 1.6500000000000001 97.500000000000014 8.1500000000000004 1.0000000180025095e-35 5.0500000000000007 67.500000000000014 -0.8783796973249266 72.500000000000014 0.65000000000000002 -1.0000000180025095e-35 168.50000000000003 7.0500000000000007
decision_type=2 2 2 2 2 2 2 2 2 2 2 2 2 2 2 2 2 2 2 2 2 2 2 2 2 2 2 2 2 2
left_child=3 2 5 4 -1 23 -6 -8 -9 10 11 21 -13 -14 -5 -15 17 18 -7 -18 -16 29 -23 24 -2 -26 -22 -28 -29 -4
right_child=1 -3 9 14 6 16 7 8 -10 -11 -12 12 13 15 20 -17 19 -19 -20 -21 26 22 -24 -25 25 -27 27 28 -30 -31
leaf_value=-0.046387197239494332 -0.025999996954202603 0.034905613709258633 0.023168005945205787 -0.030604798208379753 -0.01548799871873854 -0.053823997856140143 -0.034415999136686332 -0.038239997673034667 -0.036684797403240224 0.031039997863769528 -0.048467197723960909 0.0036896008973598543 -0.050319997972250001 0.0089920019893647094 0.00076800111007712584 -0.029599997711181613 -0.024159996223449706 -0.04903039782638545 0.012719999152422121 -0.012623997271775884 -0.045148797953510331 -0.0004735986135487811 -0.044959998798370364 0.01175999809622766 0.0043520013914109977 -0.024159996323108675 0.0019200007081032844 -0.030959998272657403 -0.038463997492313474 -0.0030239949593570091
leaf_weight=39 32 2633 443 27 238 33 56 45 33 1199 45 84 30 30 163 26 49 33 62 206 30 88 29 256 141 25 75 34 41 451
leaf_count=39 32 2633 443 27 238 33 56 45 33 1199 45 84 30 30 163 26 49 33 62 206 30 88 29 256 141 25 75 34 41 451
internal_value=0.000117418 0.00107531 -0.000181428 -0.00710486 -0.00979612 -0.00297375 -0.00855764 -0.0135111 -0.0188354 0.000783182 -0.000632437 -0.00013198 -0.00538012 -0.0112184 -0.00409703 -0.00589474 -0.00569792 -0.00967442 -0.00520833 -0.00367187 -0.00322093 0.000754941 -0.00383051 -0.000668132 -0.00345729 -0.00153293 -0.00596685 -0.00423841 -0.00868421 0.00135866
internal_weight=6676 5895 3262 781 411 837 372 134 78 2425 1226 1181 170 86 370 56 383 128 95 255 343 1011 117 454 198 166 180 150 75 894
internal_count=6676 5895 3262 781 411 837 372 134 78 2425 1226 1181 170 86 370 56 383 128 95 255 343 1011 117 454 198 166 180 150 75 894
is_linear=0
shrinkage=0.04


Tree=2
num_leaves=31
num_cat=0
split_feature=1 17 12 10 11 5 10 1 4 18 17 9 3 13 20 13 11 7 7 1 11 5 12 14 10 19 3 11 5 11
split_gain=23.8859 6.78001 4.47263 5.11703 5.14921 4.02527 3.27927 3.05388 2.76489 2.7457 2.73134 3.37164 2.73056 2.6889 2.67284 2.35011 3.20302 3.26015 2.16823 1.89483 1.85982 1.91009 4.41086 2.09268 1.78779 2.79689 1.58827 1.49733 4.81177 1.48255
threshold=1.9500000000000002 0.25881904510252091 88.500000000000014 8.4500000000000011 3.0500000000000003 0.75000000000000011 6.4500000000000011 3.9500000000000006 2.7500000000000004 0.60355339059327384 -1.0000000180025095e-35 68.500000000000014 1.6500000000000001 5.1500000000000012 -0.22252093395631442 6.8500000000000005 15.550000000000002 6.1895833333333341 2.277083333333334 1.5500000000000003 3.1500000000000008 1.6500000000000001 42.500000000000007 72.500000000000014 2.5500000000000003 -0.60785761079279388 4.8500000000000005 9.5500000000000025 18.350000000000005 13.850000000000003
decision_type=2 2 2 2 2 2 2 2 2 2 2 2 2 2 2 2 2 2 2 2 2 2 2 2 2 2 2 2 2 2
left_child=5 2 7 4 6 -1 -4 9 10 -2 11 -7 -12 -13 -15 29 17 -17 -14 -10 -11 22 -22 -23 -19 -26 -18 28 -3 -9
right_child=1 27 3 -5 -6 8 -8 15 19 20 12 13 18 14 -16 16 26 24 -20 -21 21 23 -24 -25 25 -27 -28 -29 -30 -31
leaf_value=-0.042835709588810097 0.00016396786409961846 0.025003777358978282 -0.046326371875714048 0.023059075601911273 -0.021848061625921632 -0.0081004775371264857 -0.023498110346218151 0.007293121832680831 -0.026437296441892022 0.0038092813348084556 0.014155517956047064 -0.034340862752449124 -0.032964478564233742 -0.03919654211000629 -0.010580478143901822 0.011729610870254139 -0.049876350073064839 -0.010599678229446416 -0.017952000038909909 -0.0011497557061481611 0.012335364462268914 0.021688960016756045 -0.051047037998399748 -0.031481597621984526 -0.024067195808649064 -0.040059518542537746 0.016169603385541888 0.05300377926632692 -0.058996222402603139 0.050261118858385072
leaf_weight=55 529 1462 38 88 85 36 25 816 272 81 54 39 26 26 53 43 29 39 45 168 29 57 36 171 26 40 347 1137 27 797
leaf_count=55 529 1462 38 88 85 36 25 816 272 81 54 39 26 26 53 43 29 39 45 168 29 57 36 171 26 40 347 1137 27 797
internal_value=0.000171335 0.00103812 -0.00017577 -0.00546835 -0.00998658 -0.00643097 -0.0185625 0.000236764 -0.00561667 -0.00171239 -0.00872857 -0.0122839 -0.00428571 -0.0155294 -0.01105 0.0010608 -0.00126476 -0.00622819 -0.00938889 -0.00362812 -0.00433067 -0.00580952 -0.0118182 -0.0040524 -0.01 -0.0139701 0.000700265 0.00255196 0.00171544 0.0018166
internal_weight=6676 5902 3276 236 148 774 63 3040 719 903 279 154 125 118 79 2137 524 148 71 440 374 293 65 228 105 66 376 2626 1489 1613
internal_count=6676 5902 3276 236 148 774 63 3040 719 903 279 154 125 118 79 2137 524 148 71 440 374 293 65 228 105 66 376 2626 1489 1613
is_linear=0
shrinkage=0.04


Tree=3
num_leaves=31
num_cat=0
split_feature=0 17 0 8 7 18 4 19 11 4 19 2 3 2 2 11 19 2 1 9 2 11 6 7 10 4 11 7 11 0
split_gain=25.2181 6.68541 4.51682 4.24885 5.12534 3.17751 3.15977 2.73881 2.49501 3.99881 4.54267 4.52142 6.02062 2.58086 4.0874 2.25207 2.2279 2.88033 2.14219 1.98611 1.85817 2.28234 1.82548 2.46587 1.49733 2.18895 1.39735 2.61338 3.12552 2.21116
threshold=1.9500000000000002 0.25881904510252091 3.5500000000000003 0.95000000000000007 5.1354166666666679 0.60355339059327384 2.5500000000000003 -1.0000000180025095e-35 14.550000000000002 7.5500000000000007 -1.0000000180025095e-35 6.5500000000000007 8.4500000000000011 13.050000000000002 15.450000000000001 15.750000000000002 0.6078576107927941 1.3500000000000003 13.850000000000003 78.500000000000014 1.5500000000000003 2.0500000000000003 5.6583333333333306 8.5854166666666689 4.3500000000000005 11.350000000000003 9.5500000000000025 9.8520833333333346 3.5500000000000003 14.15
decision_type=2 2 2 2 2 2 2 2 2 2 2 2 2 2 2 2 2 2 2 2 2 2 2 2 2 2 2 2 2 2
left_child=3 2 5 4 15 -2 7 19 9 18 24 -12 -13 -14 -15 16 17 -1 -4 -5 -9 -22 23 -10 25 -11 27 -3 -29 -30
right_child=1 26 8 6 -6 -7 -8 20 22 10 11 12 13 14 -16 -17 -18 -19 -20 -21 21 -23 -24 -25 -26 -27 -28 28 29 -31
leaf_value=-0.039450356586043477 -0.0041482514043938643 0.02800362244992189 0.014410995984608422 -0.0013315022975178956 0.014900692954687189 -0.034288889619808437 -0.012741343379761296 -0.021215177227965495 0.0033708836356968592 -0.04349139059033745 0.029125085016950655 -0.03268570985575206 -0.020953086624275401 -0.041495100585526891 0.011520541252907517 -0.046747881904491584 -0.029226551438173935 -0.030084796773488433 -0.027652189470088722 -0.020422279647770294 -0.030146902440923162 -0.034750280269537331 0.038877558799826448 -0.039956281887227538 0.041547729309718354 0.028318514157131873 0.050883628095673837 0.034003626652048979 -0.019596374408913288 -0.055996373735380849
leaf_weight=35 524 1361 648 75 37 313 408 39 150 30 76 35 142 40 27 25 27 37 26 27 29 42 1024 25 175 27 1149 66 32 25
leaf_count=35 524 1361 648 75 37 313 408 39 150 30 76 35 142 40 27 25 27 37 26 27 29 42 1024 25 175 27 1149 66 32 25
internal_value=0.000207279 0.00110244 -0.000107876 -0.0065422 -0.012321 -0.00263962 -0.00502415 -0.00897653 0.000766694 -0.000502037 -0.00302351 -0.00610592 -0.00875102 -0.00611429 -0.0125294 -0.016192 -0.01324 -0.0168767 0.00156444 -0.00419417 -0.0133333 -0.0171667 0.00206333 -0.00170455 0.00123605 -0.00434483 0.00260137 0.00178855 -0.00377419 -0.0105517
internal_weight=6676 5895 3262 781 161 837 620 212 2425 1226 552 320 244 209 67 124 99 72 674 102 110 71 1199 175 232 57 2633 1484 123 57
internal_count=6676 5895 3262 781 161 837 620 212 2425 1226 552 320 244 209 67 124 99 72 674 102 110 71 1199 175 232 57 2633 1484 123 57
is_linear=0
shrinkage=0.04


Tree=4
num_leaves=31
num_cat=0
split_feature=8 4 10 12 8 4 14 4 8 7 5 18 5 13 7 16 7 12 14 13 5 16 18 16 13 4 13 19 10 6
split_gain=23.3368 5.54532 4.00241 4.774 3.99701 3.80582 2.62648 2.45928 2.4511 3.28674 2.59124 3.6481 3.23596 2.38289 2.31315 2.19474 2.03492 1.99195 3.89387 2.68776 2.46057 2.09534 2.06002 1.89053 1.81244 1.6661 3.03777 1.6084 1.50263 1.48828
threshold=2.5500000000000003 2.7500000000000004 8.3500000000000032 87.500000000000014 1.6500000000000001 10.550000000000002 161.50000000000003 6.6500000000000012 4.2500000000000009 7.0979166666666673 1.6500000000000001 0.60355339059327384 1.2500000000000002 10.950000000000001 7.9979166666666677 62.500000000000007 2.8770833333333337 75.500000000000014 176.50000000000003 4.1500000000000012 4.7500000000000009 372.50000000000006 0.1294095225512602 952.50000000000011 8.9500000000000011 3.9500000000000006 4.2500000000000009 -0.60785761079279388 5.0500000000000007 1.8166666666666635
decision_type=2 2 2 2 2 2 2 2 2 2 2 2 2 2 2 2 2 2 2 2 2 2 2 2 2 2 2 2 2 2
left_child=1 17 3 8 6 -5 28 16 9 10 11 -2 -13 -10 -11 -7 -8 18 21 20 27 -1 -20 -23 -4 -18 -27 -19 -3 -12
right_child=2 4 24 5 -6 15 7 -9 13 14 29 12 -14 -15 -16 -17 25 19 22 -21 -22 23 -24 -25 -26 26 -28 -29 -30 -31
leaf_value=-0.022504578880249999 0.010883483505469235 0.00487012768260484 0.041978817724167866 -0.0095964283313389569 -0.0024212483824669552 -0.04614572373308401 -0.0022184506291530594 -0.039818288327517125 0.020749117906282449 -0.055588181247883214 -0.014046808637130854 -0.037104193082741113 -0.048673600892479317 -0.010418523821134449 -0.014302586182772244 -0.029356516623647098 -0.040852365663479606 -0.0014531152061733551 -0.0057912458779143614 0.018888118979729664 0.014024862659759454 -0.038126134016215091 -0.033700480822049357 -0.033539665986855163 -0.047199304707475208 -0.030023314486392089 -0.021506637511721424 -0.02787008153679886 -0.015293090536186656 0.010677729627843406
leaf_weight=37 61 72 2129 218 393 27 26 52 2117 29 36 34 26 297 57 31 27 37 51 35 26 35 64 25 27 25 31 64 25 562
leaf_count=37 61 72 2129 218 393 27 26 52 2117 29 36 34 26 297 57 31 27 37 51 35 26 35 64 25 27 25 31 64 25 562
internal_value=0.000189307 -0.00536062 0.00119674 0.000360412 -0.0031227 -0.0046787 -0.00698069 -0.0100988 0.000793789 -0.00111663 -0.000227778 -0.00554098 -0.012459 0.00143106 -0.00845977 -0.0136949 -0.0134909 -0.00923733 -0.0117934 -0.00584049 -0.00853125 -0.0176735 -0.00672414 -0.0222951 0.00255169 -0.0165238 -0.0122105 -0.0113333 -0.0017551 0.000854758
internal_weight=6676 1025 5651 3495 651 276 258 161 3219 805 719 121 60 2414 86 58 109 374 212 162 127 97 115 60 2156 83 56 101 97 598
internal_count=6676 1025 5651 3495 651 276 258 161 3219 805 719 121 60 2414 86 58 109 374 212 162 127 97 115 60 2156 83 56 101 97 598
is_linear=0
shrinkage=0.04


Tree=5
num_leaves=31
num_cat=0
split_feature=0 17 12 7 10 18 4 0 17 3 17 0 9 16 19 0 7 17 16 20 5 12 4 7 10 14 15 14 0 4
split_gain=23.1633 6.77395 4.54548 4.06062 3.48733 3.21629 3.16694 3.77033 3.5083 3.06824 2.83181 2.75591 2.08874 2.90695 1.94037 2.49656 1.85369 3.22683 1.86038 1.85041 1.78589 1.75352 2.9496 3.53122 2.22418 2.59454 1.72831 1.60445 1.52773 1.74426
threshold=1.9500000000000002 0.25881904510252091 84.500000000000014 9.4395833333333368 8.5500000000000025 0.1294095225512602 2.6500000000000008 1.1500000000000001 -1.0000000180025095e-35 16.350000000000005 0.25881904510252091 7.5500000000000007 68.500000000000014 1462.5000000000002 -0.8783796973249266 3.7500000000000004 9.9312500000000021 -1.0000000180025095e-35 1257.5000000000002 -0.56174490092936669 1.8500000000000003 37.500000000000007 6.7500000000000009 2.1854166666666672 4.4500000000000011 301.50000000000006 1.0000000180025095e-35 345.50000000000006 0.65000000000000002 4.7500000000000009
decision_type=2 2 2 2 2 2 2 2 2 2 2 2 2 2 2 2 2 2 2 2 2 2 2 2 2 2 2 2 2 2
left_child=6 2 5 14 9 -2 8 10 12 -5 28 16 -1 20 15 -4 21 18 -18 -10 -14 27 23 -23 25 -24 -13 -7 -8 -30
right_child=1 -3 3 4 -6 11 7 -9 19 -11 -12 26 13 -15 -16 -17 17 -19 -20 -21 -22 22 24 -25 -26 -27 -28 -29 29 -31
leaf_value=-0.0060716565327348379 0.022749714602063174 0.031409753279427133 -0.029314800312421087 -0.039367910147603873 0.041717573636201849 0.011777650078306827 -0.039269471055441707 -0.011939096021514215 -0.037329782805399878 -0.034058678320127593 0.011350178248166263 0.031965258907520486 -0.028845489923510492 -0.019844069932238712 -0.0042613332833478035 -0.010990085554735208 -0.01819557241614243 0.010173088235726806 -0.039318907046339266 -0.0076340596606081172 -0.033126582480869041 -0.01506048334185553 -0.042702510325809302 0.0021912704080119961 -0.0086951931321527041 0.0081249117896244408 -0.017991827241691613 -0.038803634047729782 -0.026582939868976814 -0.0091338811163064453
leaf_weight=26 1350 2649 25 41 31 295 43 322 37 26 27 401 46 25 311 50 39 37 38 78 51 25 103 317 88 28 32 30 48 49
leaf_count=26 1350 2649 25 41 31 295 43 322 37 26 27 401 46 25 311 50 39 37 38 78 51 25 103 317 88 28 32 30 48 49
internal_value=0.000190733 0.0010316 -0.00018727 -0.00376082 -0.0109899 0.000435345 -0.006417 -0.00449796 -0.00995455 -0.0160588 -0.00935714 -0.00088424 -0.0140134 -0.0161951 -0.00190181 -0.00763158 -0.00203796 -0.00681739 -0.0114359 -0.00465517 -0.0193061 -0.00141601 -0.00276868 -0.000443149 -0.00638182 -0.00966667 0.0017788 0.000920246 -0.0116312 -0.00869388
internal_weight=6668 5916 3267 484 98 2783 752 489 263 67 167 1433 148 122 386 75 1000 114 77 115 97 886 561 342 219 131 433 325 140 97
internal_count=6668 5916 3267 484 98 2783 752 489 263 67 167 1433 148 122 386 75 1000 114 77 115 97 886 561 342 219 131 433 325 140 97
is_linear=0
shrinkage=0.04


Tree=6
num_leaves=31
num_cat=0
split_feature=8 4 0 0 7 18 20 20 6 12 13 14 14 3 5 5 8 7 12 14 7 8 7 5 2 6 18 18 3 7
split_gain=22.5963 4.88255 4.89286 4.26517 4.3781 2.96983 3.35554 2.92287 2.82398 2.63122 2.85606 3.14542 3.72429 3.63437 2.64122 2.41966 2.3203 1.82146 1.86161 4.11987 1.50874 2.0082 1.38765 1.38025 1.36755 1.3441 1.27626 1.2241 1.21608 2.08924
threshold=2.5500000000000003 2.6500000000000008 1.1500000000000001 3.5500000000000003 7.0979166666666673 1.0000000180025095e-35 -0.56174490092936669 -0.56174490092936669 1.5333333333333299 87.500000000000014 8.5500000000000025 147.50000000000003 88.500000000000014 6.3500000000000005 18.350000000000005 9.9500000000000011 0.65000000000000002 1.9000000000000001 76.500000000000014 189.50000000000003 2.652083333333334 1.9500000000000002 3.3062500000000008 2.0500000000000003 1.2500000000000002 3.2999999999999967 0.78656609248549303 -0.78656609248549325 5.9500000000000011 5.0187500000000007
decision_type=2 2 2 2 2 2 2 2 2 2 2 2 2 2 2 2 2 2 2 2 2 2 2 2 2 2 2 2 2 2
left_child=1 7 15 4 26 -6 -7 8 -1 10 -5 12 -12 -14 28 16 -3 -9 19 23 21 -4 -22 -19 -18 -13 -2 -20 -11 -30
right_child=3 2 20 9 5 6 -8 17 -10 14 11 25 13 -15 -16 -17 24 18 27 -21 22 -23 -24 -25 -26 -27 -28 -29 29 -31
leaf_value=-0.038873311673527311 0.0031311679052551085 -0.037647492192815407 0.0007520613063893458 0.032505744789569128 0.010248575740913861 -0.050908676429080951 -0.035863842844081006 -0.00010512248256962842 -0.019025633025150892 0.020732692442625548 0.019222553620167719 -0.03745407926417569 -0.018217939755663392 -0.039302005222838082 -0.045928856678376213 0.0085990504997567694 -0.00047257940970118665 -0.010311265370206249 -0.025917691885243035 -0.015085855219537146 0.0098816585609690782 -0.021861586268816433 -0.011623437561602827 -0.031201807271164301 -0.026032477502456623 0.014686644058870725 -0.017721821046207131 0.0072603219731221958 -0.023862672554712069 -0.0026047465804397681
leaf_weight=40 700 37 45 3563 32 30 47 62 49 190 67 48 43 45 44 37 30 25 40 44 102 40 311 34 63 361 217 33 34 255
leaf_count=40 700 37 45 3563 32 30 47 62 49 190 67 48 43 45 44 37 30 25 40 44 102 40 311 34 63 361 217 33 34 255
internal_value=0.000136752 -0.00543001 -0.00345345 0.00111045 -0.00122298 -0.00876364 -0.0129744 -0.00942683 -0.0156 0.00162546 0.00196415 -0.000679646 -0.00551282 -0.0108764 -0.0010458 -0.00935714 -0.0119084 -0.00706276 -0.00912994 -0.0125769 -0.00145892 -0.00627907 -0.000454106 -0.0194 -0.00838298 0.00116098 -0.000318083 -0.00416216 -0.000175 -0.0018069
internal_weight=6668 992 665 5676 1026 109 77 327 89 4650 4127 564 155 88 523 167 130 238 176 103 498 85 413 59 93 409 917 73 479 289
internal_count=6668 992 665 5676 1026 109 77 327 89 4650 4127 564 155 88 523 167 130 238 176 103 498 85 413 59 93 409 917 73 479 289
is_linear=0
shrinkage=0.04


Tree=7
num_leaves=31
num_cat=0
split_feature=0 0 17 17 11 2 11 12 0 7 4 2 18 20 10 10 7 10 8 4 12 16 19 12 13 1 11 18 10 17
split_gain=20.5486 7.13443 4.44228 3.37925 3.43572 4.72501 3.99765 3.25927 3.07352 2.94632 2.73868 3.39783 2.6838 2.77025 2.67075 2.40033 2.38826 2.39339 2.31956 2.77218 2.26546 2.15698 2.03827 1.97311 1.9563 1.8572 1.55407 1.55287 1.4934 1.45483
threshold=1.6500000000000001 3.5500000000000003 0.37940952255126054 0.37940952255126054 10.550000000000002 6.9500000000000011 3.5500000000000003 86.500000000000014 13.450000000000001 7.0979166666666673 7.4500000000000011 8.1500000000000004 1.0000000180025095e-35 -0.56174490092936669 0.55000000000000016 11.450000000000001 2.3145833333333337 6.6500000000000012 0.65000000000000002 2.5500000000000003 81.500000000000014 112.50000000000001 -0.8783796973249266 84.500000000000014 10.65 2.6500000000000008 15.550000000000002 0.78656609248549303 0.55000000000000016 0.25881904510252091
decision_type=2 2 2 2 2 2 2 2 2 2 2 2 2 2 2 2 2 2 2 2 2 2 2 2 2 2 2 2 2 2
left_child=2 9 14 4 5 -3 7 -7 10 16 -8 -12 -11 -14 -1 -9 17 29 -16 21 -13 -20 23 -18 -6 -19 -26 -24 -28 -2
right_child=1 3 -4 -5 24 6 8 15 -10 12 11 20 13 -15 18 -17 22 25 19 -21 -22 -23 27 -25 26 -27 28 -29 -30 -31
leaf_value=-0.00019528647733947513 -0.012329486345792109 0.0098305237794175989 0.0095864817792729821 0.042407704752113362 0.038429316880795678 0.04542235438958149 0.011601418833011292 -0.035205668823497377 -0.03727548728743383 0.0095760793486613337 -0.031818359833468243 -0.011605428307397083 -0.046774226889417493 -0.027234364376704095 -0.035561834463882544 0.035482264699447111 -0.0095730334745879695 -0.022221365775448334 -0.02449239337539072 -0.024179457445851444 -0.047088219300696822 -0.029199497977888268 0.0087955388321184127 -0.019993221573707993 -0.027053917422771474 -0.0046468379537786186 -0.025498641684834091 -0.011527882706245194 0.017825060227952622 0.0030747338142024551
leaf_weight=49 91 584 78 2047 1258 236 70 57 43 40 26 81 43 67 57 27 113 29 39 235 29 72 751 35 31 25 34 228 127 66
leaf_count=49 91 584 78 2047 1258 236 70 57 43 40 26 81 43 67 57 27 113 29 39 235 29 72 751 35 31 25 34 228 127 66
internal_value=0.000166742 0.000819678 -0.0073823 0.00159106 0.000634409 -0.000994801 -0.00358596 -0.000623053 -0.007376 -0.00159033 -0.00529469 -0.00858394 -0.00688742 -0.0100901 -0.00890066 -0.00734118 -0.000991785 -0.00488679 -0.0099703 -0.00869164 -0.00540541 -0.0138929 -0.000258865 -0.00461745 0.0019297 -0.0120727 -0.00182383 0.000404082 -0.000222222 -0.00235443
internal_weight=6668 6138 530 4650 2603 1153 569 320 249 1488 206 136 150 110 452 84 1338 211 403 346 110 111 1127 148 1450 54 192 979 161 157
internal_count=6668 6138 530 4650 2603 1153 569 320 249 1488 206 136 150 110 452 84 1338 211 403 346 110 111 1127 148 1450 54 192 979 161 157
is_linear=0
shrinkage=0.04


Tree=8
num_leaves=31
num_cat=0
split_feature=0 10 12 8 4 12 14 0 7 8 13 11 3 11 18 3 12 8 20 7 4 16 10 5 3 7 10 4 4 12
split_gain=18.7634 4.36601 4.12968 3.61828 3.51208 3.55658 3.3625 3.21594 2.19407 2.01922 1.95173 1.93714 4.69647 2.66186 3.22433 3.00526 2.72625 2.50319 1.91063 1.83605 2.32755 1.75382 1.74721 1.43881 1.411 2.35733 2.55114 1.39444 1.2591 1.93896
threshold=2.0500000000000003 8.5500000000000025 93.500000000000014 0.65000000000000002 2.5500000000000003 77.500000000000014 201.50000000000003 3.5500000000000003 7.0979166666666673 3.0500000000000003 9.1500000000000004 15.550000000000002 6.3500000000000005 5.9500000000000011 -0.12940952255126037 8.2500000000000018 89.500000000000014 12.550000000000002 -0.22252093395631442 7.8770833333333341 10.850000000000003 17.500000000000004 4.1500000000000012 14.350000000000003 1.9500000000000002 2.9354166666666672 6.5500000000000007 10.050000000000002 6.7500000000000009 82.500000000000014
decision_type=2 2 2 2 2 2 2 2 2 2 2 2 2 2 2 2 2 2 2 2 2 2 2 2 2 2 2 2 2 2
left_child=3 2 7 18 5 6 -5 8 24 -10 -3 12 -9 16 17 -16 -14 -15 -1 -17 -21 -6 23 27 25 26 -2 -23 -26 -30
right_child=1 10 -4 4 21 -7 -8 11 9 -11 -12 -13 13 14 15 19 -18 -19 -20 20 -22 22 -24 -25 28 -27 -28 -29 29 -31
leaf_value=-0.031456773149457502 -0.0050629246575863074 0.037870388466143233 -0.035786614615958882 -0.030778421177332461 -0.024805928956073788 -0.021467768314602401 -0.018322073967591192 0.017483365363499898 -0.016839159543319628 -0.040929901308284215 -0.043195181211560907 0.02921065328182695 0.0066214158683347134 0.014793542668340445 -0.047649448330495676 0.045715437931641303 -0.024900683908174088 -0.036671426265698526 -0.034953353142501448 -0.038261669864721473 -0.01471397912295809 -0.0092360520784392237 0.0023418392864844018 -0.014083076112677015 0.0021288605247380054 0.0035010596682833075 -0.017080226586424468 -0.049424890260638232 -0.0050892697579622273 -0.022822830899559367
leaf_weight=35 72 2108 37 95 29 89 53 663 49 60 25 1349 329 88 45 31 39 35 38 26 55 233 190 25 576 60 31 39 136 28
leaf_count=35 72 2108 37 95 29 89 53 663 49 60 25 1349 329 88 45 31 39 35 38 26 55 233 190 25 576 60 31 39 136 28
internal_value=0.000202729 0.00100086 0.000171429 -0.00543652 -0.00459947 -0.00862185 -0.0124027 0.000307106 -0.00161106 -0.00694545 0.00244236 0.0010372 -5.79267e-05 -0.00247766 -0.00540925 -0.00918987 -0.000238482 -0.000548387 -0.0138919 -0.00559292 -0.00873171 -0.00273888 -0.00215574 -0.00406711 -0.000960177 -0.00431707 -0.00796154 -0.00319414 -0.000215924 -0.00329697
internal_weight=6668 5842 3709 826 753 237 148 3672 1012 109 2133 2660 1311 648 280 157 368 123 73 112 81 516 487 297 903 163 103 272 740 164
internal_count=6668 5842 3709 826 753 237 148 3672 1012 109 2133 2660 1311 648 280 157 368 123 73 112 81 516 487 297 903 163 103 272 740 164
is_linear=0
shrinkage=0.04


Tree=9
num_leaves=31
num_cat=0
split_feature=8 17 8 4 11 4 11 19 5 19 16 11 7 19 11 8 0 14 19 11 20 0 11 19 20 4 17 0 19 20
split_gain=16.9904 5.51237 3.79644 4.47811 3.55097 3.98481 4.26264 3.38145 2.90964 2.91118 3.20483 3.57379 6.13659 2.84591 3.02161 2.84118 2.44903 2.16565 2.58992 3.4322 2.5506 2.01333 1.9188 2.06341 2.32168 1.83721 1.6482 1.95834 1.71122 1.59172
threshold=2.5500000000000003 0.25881904510252091 0.65000000000000002 2.5500000000000003 15.550000000000002 7.1500000000000012 1.0000000180025095e-35 -1.0000000180025095e-35 4.7500000000000009 0.87837969732492682 472.50000000000006 10.550000000000002 11.281250000000002 -0.60785761079279388 4.9500000000000011 14.950000000000001 5.6500000000000012 181.50000000000003 1.0000000180025095e-35 21.350000000000005 1.0000000180025095e-35 3.9500000000000006 -0.24999999999999997 -1.0000000180025095e-35 -0.22252093395631442 9.9500000000000011 0.25881904510252091 1.1500000000000001 -0.8783796973249266 -0.22252093395631442
decision_type=2 2 2 2 2 2 2 2 2 2 2 2 2 2 2 2 2 2 2 2 2 2 2 2 2 2 2 2 2 2
left_child=2 4 29 13 5 15 -7 -8 21 10 11 12 -10 14 -4 -2 17 -6 19 -19 -21 -9 -15 -24 -25 -20 27 -5 -29 -1
right_child=1 -3 3 26 16 6 7 8 9 -11 -12 -13 -14 22 -16 -17 -18 18 25 20 -22 -23 23 24 -26 -27 -28 28 -30 -31
leaf_value=-0.030198502223479206 0.0029044674233186119 0.029313671257720681 0.005180862900814146 -0.022611827626070162 0.018617095278319777 0.048300548073358388 -0.0065956630434392096 -0.034572997474253742 -0.021091917152895774 0.00062981074374819483 -0.043067108502296371 0.014790816749699618 -0.045886142251369388 -0.025104257051099924 -0.01793222332463246 -0.028106981413779587 0.040413345083286888 0.0077980764810831995 0.061034402470293667 -0.034303939675316399 -0.0096877867752409672 -0.00031171289162759252 0.0022957773548045418 -0.040660960840007532 -0.018357256302457995 -0.026023723666206925 0.017752222209720933 -0.017501096775492189 -0.0047350940608477075 -0.033555219016801384
leaf_weight=35 1019 2575 63 109 202 132 247 37 84 39 27 42 35 42 31 26 899 35 71 34 33 114 28 26 94 25 97 37 392 38
leaf_count=35 1019 2575 63 109 202 132 247 37 84 39 27 42 35 42 31 26 899 35 71 34 33 114 28 26 94 25 97 37 392 38
internal_value=0.000202729 0.00104703 -0.00462437 -0.00391739 -8.89747e-05 -0.00123794 -0.00344591 -0.00482428 -0.00719789 -0.0100526 -0.0121058 -0.00985185 -0.0133667 -0.00808421 -0.00235789 0.000363289 0.00150462 -0.00109726 -0.0040603 -0.00846602 -0.0137059 -0.00286842 -0.0108901 -0.00864429 -0.0109091 0.000659794 -0.00204402 -0.00290909 -0.00168372 -0.0133514
internal_weight=6668 5676 992 919 3101 1802 757 625 378 227 188 161 119 284 94 1045 1299 400 198 102 67 151 190 148 120 96 635 538 429 73
internal_count=6668 5676 992 919 3101 1802 757 625 378 227 188 161 119 284 94 1045 1299 400 198 102 67 151 190 148 120 96 635 538 429 73
is_linear=0
shrinkage=0.04


Tree=10
num_leaves=31
num_cat=0
split_feature=0 0 12 10 13 12 18 12 15 7 16 7 13 3 9 7 4 16 20 20 11 19 11 11 16 3 16 10 13 16
split_gain=15.4555 5.66563 2.26059 3.00382 2.2688 2.54988 2.12083 3.45584 1.91274 1.83797 3.44072 1.9814 2.20672 1.62557 1.61207 1.78769 2.36455 2.55453 2.7417 1.58056 1.53481 1.52054 2.34088 6.02433 1.96564 1.65874 1.72095 1.15127 1.71244 1.05161
threshold=1.6500000000000001 3.5500000000000003 93.500000000000014 11.450000000000001 8.5500000000000025 74.500000000000014 0.1294095225512602 88.500000000000014 1.0000000180025095e-35 2.1229166666666672 347.50000000000006 7.1500000000000012 5.8500000000000005 13.950000000000001 61.500000000000007 2.0687500000000005 2.8500000000000001 212.50000000000003 -0.22252093395631442 -0.56174490092936669 7.9500000000000011 -1.0000000180025095e-35 8.9500000000000011 23.050000000000004 47.500000000000007 3.9500000000000006 637.50000000000011 4.7500000000000009 0.8500000000000002 1347.5000000000002
decision_type=2 2 2 2 2 2 2 2 2 2 2 2 2 2 2 2 2 2 2 2 2 2 2 2 2 2 2 2 2 2
left_child=14 6 4 -4 8 29 -2 9 -3 10 -8 -11 -13 27 -1 19 17 -17 -19 -16 -7 25 24 -24 -23 26 -18 -10 -29 -6
right_child=1 2 3 -5 5 20 7 -9 13 11 -12 12 -14 -15 15 16 21 18 -20 -21 -22 22 23 -25 -26 -27 -28 28 -30 -31
leaf_value=-0.0017416189884571498 0.00034237506334675776 0.026321000967525515 -0.047669153896532881 0.034940952661445944 0.013419833438033166 -0.046274446980966256 -0.020078551511486659 -0.03059839423072697 -0.021088447987151728 -0.0047289771212890739 0.029080129876613785 0.0036584548763075519 -0.040689098389350725 -0.031720907457593081 -0.026907347287080007 -0.022941708234907061 -0.016715093059791974 -0.029027044963340826 -0.017654901231244257 0.0016997101533492392 0.00086806142312533701 -0.023805330548178707 -0.047775126844144422 0.008239196127520939 -0.0012601889530306418 0.0077480177402117021 0.0021277545998127003 -0.019225641978460137 0.0281703471329064 -0.0074340156725554787
leaf_weight=65 695 3634 40 30 335 39 57 32 78 565 27 36 54 37 36 39 43 25 41 70 26 27 43 26 62 46 28 32 202 177
leaf_count=65 695 3634 40 30 335 39 57 32 78 565 27 36 54 37 36 39 43 25 41 70 26 27 43 26 62 46 28 32 202 177
internal_value=0.000184717 0.000764967 0.00145109 -0.0056338 0.00156106 -0.000782007 -0.0014015 -0.00284456 0.0019006 -0.00227568 -0.00781176 -0.00155488 -0.00703297 -0.000925714 -0.00622464 -0.00701437 -0.00829396 -0.0133962 -0.0181493 -0.00239252 -0.00818182 -0.00630435 -0.00885535 -0.0143429 -0.00448889 -0.00281356 -0.00661111 2.55593e-05 0.00142979 0.00017154
internal_weight=6647 6096 4630 70 4560 577 1466 771 3983 739 84 655 90 349 551 486 380 105 66 106 65 275 158 69 89 117 71 312 234 512
internal_count=6647 6096 4630 70 4560 577 1466 771 3983 739 84 655 90 349 551 486 380 105 66 106 65 275 158 69 89 117 71 312 234 512
is_linear=0
shrinkage=0.04


Tree=11
num_leaves=31
num_cat=0
split_feature=0 17 15 0 7 17 14 2 7 10 19 19 13 3 2 3 11 10 8 18 12 12 10 2 10 18 10 18 14 11
split_gain=13.951 6.486 4.47666 3.30656 3.33707 2.79702 3.28889 2.49746 2.49574 3.58408 2.43658 3.38857 2.66941 2.31178 2.11933 2.11034 2.06578 1.93011 1.82191 1.7928 2.34807 1.74216 1.84262 1.66145 1.71692 1.59487 1.59126 1.58427 1.53181 1.40812
threshold=1.6500000000000001 0.25881904510252091 1.0000000180025095e-35 8.2500000000000018 10.025000000000002 0.12940952255126045 114.50000000000001 13.950000000000001 2.0687500000000005 6.5500000000000007 -1.0000000180025095e-35 0.6078576107927941 7.4500000000000011 7.7500000000000009 10.550000000000002 1.5500000000000003 22.650000000000002 0.65000000000000002 1.4500000000000002 -0.12940952255126037 88.500000000000014 86.500000000000014 11.65 7.4500000000000011 4.9500000000000011 0.60355339059327384 2.9500000000000006 0.37940952255126048 201.50000000000003 3.0500000000000003
decision_type=2 2 2 2 2 2 2 2 2 2 2 2 2 2 2 2 2 2 2 2 2 2 2 2 2 2 2 2 2 2
left_child=5 2 3 4 27 6 -1 19 9 -3 17 12 -12 -6 -15 -13 -16 -8 -17 -4 23 -5 -23 24 26 28 -21 -2 -19 -29
right_child=1 8 7 21 13 -7 10 -9 -10 -11 11 15 -14 14 16 18 -18 25 -20 20 -22 22 -24 -25 -26 -27 -28 29 -30 -31
leaf_value=-0.0055999726991589225 0.0032771665996600592 0.010873764724741079 0.00072770730027002127 0.053401077087456505 -0.027709223762234253 -0.00046377422209517761 0.010952101119480055 -0.031067730189972151 0.027375916350774614 -0.025305193482174956 -0.018863768620757167 0.0032141111597214019 -0.051517547534924199 -0.0017272396764577284 -0.057503301138372084 -0.042192655990215842 -0.0072593764127951571 -0.0014449485006303999 -0.021301923805042065 -0.031283576946161969 -0.029271592723052926 -0.018121458021214457 0.03012687507782769 0.013805206723022208 0.0066359567189220661 -0.022787026046154461 -0.049044525122097407 0.004224478674852615 -0.019846232965625477 -0.010837455746572796
leaf_weight=106 1046 49 127 914 26 117 27 33 2610 34 27 32 33 101 26 42 25 55 35 63 47 41 27 37 36 50 29 149 27 676
leaf_count=106 1046 49 127 914 26 117 27 33 2610 34 27 32 33 101 26 42 25 55 35 63 47 41 27 37 36 50 29 149 27 676
internal_value=0.000154633 0.000705921 -0.000454759 5.40899e-05 -0.000860488 -0.00593478 -0.00741149 -0.00458981 0.00217223 -0.00461905 -0.00938602 -0.0127294 -0.0203279 -0.00607821 -0.00413072 -0.0084 -0.0106923 -0.005775 -0.0119487 -0.00354118 -0.00578404 0.00196134 -0.00417391 -0.00349398 -0.00564341 -0.0077594 -0.00851613 -0.000361111 -0.00424096 -0.0016707
internal_weight=6647 6096 3403 3031 2049 551 434 372 2693 83 328 169 60 178 152 109 51 159 77 339 212 982 68 165 128 132 92 1871 82 825
internal_count=6647 6096 3403 3031 2049 551 434 372 2693 83 328 169 60 178 152 109 51 159 77 339 212 982 68 165 128 132 92 1871 82 825
is_linear=0
shrinkage=0.04


Tree=12
num_leaves=31
num_cat=0
split_feature=0 0 17 7 18 20 15 6 17 12 10 13 7 4 0 7 17 12 10 0 4 5 17 19 12 12 10 0 18 6
split_gain=12.5939 4.43917 3.17923 2.82724 2.75339 2.5794 2.40096 2.54672 2.07596 1.77768 2.46753 1.65062 1.54296 1.91516 1.46861 3.74422 1.96119 1.40719 1.58921 1.33645 1.29411 1.98986 1.7056 2.08594 1.73131 1.33139 1.36887 1.8863 1.30356 1.2895
threshold=3.5500000000000003 1.5500000000000003 0.25881904510252091 7.293750000000002 1.0000000180025095e-35 -0.56174490092936669 1.0000000180025095e-35 13.616666666666665 0.60355339059327384 77.500000000000014 0.65000000000000002 3.6500000000000008 2.1229166666666672 2.8500000000000001 8.2500000000000018 10.185416666666669 -0.5 86.500000000000014 11.65 7.4500000000000011 2.0500000000000003 6.8500000000000005 0.25881904510252091 -0.8783796973249266 84.500000000000014 56.500000000000007 7.1500000000000012 3.1500000000000008 0.91597561503675351 0.99999999999999623
decision_type=2 2 2 2 2 2 2 2 2 2 2 2 2 2 2 2 2 2 2 2 2 2 2 2 2 2 2 2 2 2
left_child=1 8 6 20 -5 -6 14 -8 9 10 -1 -11 29 -14 15 -2 19 -16 -19 -17 21 25 23 24 -22 -3 28 -28 -27 -12
right_child=2 3 -4 4 5 -7 7 -9 -10 11 12 -13 13 -15 17 16 -18 18 -20 -21 22 -23 -24 -25 -26 26 27 -29 -30 -31
leaf_value=-0.0022896080814615765 0.0025977175645929187 0.029666036470379721 0.033172918548407163 0.008134004624555026 -0.033128412253667187 -0.022366389597967568 -0.015087344524801373 -0.02758110722972389 0.017009228469833784 -0.020037795246573488 -0.028276140535439351 0.011055977350519639 -0.023296208470207861 -0.029649553253448702 0.051265034003958244 -0.031978875165531211 -0.0014075326161359703 -0.017396599700365875 0.028921800074714583 -0.01443018698384952 -0.008520504643464169 -0.032437527273302791 0.018950737110396174 -0.0013942089058924653 -0.014406253426321297 0.0032453953040340266 -0.025440563128280864 0.0056661576971446873 -0.038935360332879601 0.00093269315466828107
leaf_weight=58 1040 48 2241 35 39 62 198 30 40 100 27 41 51 136 914 49 63 41 27 27 88 27 264 715 27 127 48 26 27 31
leaf_count=58 1040 48 2241 35 39 62 198 30 40 100 27 41 51 136 914 49 63 41 27 27 88 27 264 715 27 127 48 26 27 31
internal_value=0.000232852 -0.00240436 0.00138199 -0.00134811 -0.00683212 -0.0101569 0.000366527 -0.00352838 -0.00574021 -0.00652584 -0.00825 -0.00278873 -0.01 -0.011766 0.000778909 -0.000172881 -0.00631429 0.00192065 -0.0035942 -0.0105974 -0.000809728 -0.00311842 -0.000168036 -0.00105896 -0.00603448 -0.00207942 -0.00335371 -0.00778667 -0.0011871 -0.00420339
internal_weight=6647 2017 4630 1533 136 101 2389 228 484 444 303 141 245 187 2161 1179 139 982 68 76 1397 303 1094 830 115 276 228 74 154 58
internal_count=6647 2017 4630 1533 136 101 2389 228 484 444 303 141 245 187 2161 1179 139 982 68 76 1397 303 1094 830 115 276 228 74 154 58
is_linear=0
shrinkage=0.04


Tree=13
num_leaves=31
num_cat=0
split_feature=8 17 8 15 2 4 5 20 0 4 4 19 2 17 19 4 13 19 6 3 3 2 19 12 10 6 3 14 12 19
split_gain=11.7719 4.94406 3.48007 3.20685 2.92795 2.52678 2.45476 3.12838 2.20123 2.4292 2.14062 2.11028 1.83753 1.48662 1.6877 1.69589 2.69428 1.34798 2.13314 1.32642 2.20653 3.46889 1.2952 1.54365 1.21152 1.489 1.89451 1.13498 2.69739 2.36277
threshold=2.5500000000000003 0.25881904510252091 0.95000000000000007 1.0000000180025095e-35 13.950000000000001 6.6500000000000012 2.9500000000000006 -0.22252093395631442 8.2500000000000018 7.2500000000000009 2.1500000000000008 -1.0000000180025095e-35 11.950000000000001 0.12940952255126045 -0.8783796973249266 9.6500000000000004 7.2500000000000009 -1.0000000180025095e-35 3.2666666666666635 5.8500000000000005 8.3500000000000032 6.8500000000000005 0.87837969732492682 89.500000000000014 4.7500000000000009 6.8916666666666648 5.4500000000000011 189.50000000000003 73.500000000000014 -0.60785761079279388
decision_type=2 2 2 2 2 2 2 2 2 2 2 2 2 2 2 2 2 2 2 2 2 2 2 2 2 2 2 2 2 2
left_child=2 3 5 8 22 6 11 -8 9 -2 27 -1 17 14 -12 -16 -17 -11 -19 -20 21 -21 23 24 25 26 -5 28 -4 -30
right_child=1 -3 10 4 -6 -7 7 -9 -10 12 13 -13 -14 -15 15 16 -18 18 19 20 -22 -23 -24 -25 -26 -27 -28 -29 29 -31
leaf_value=0.0030576270990712766 0.0022796397857799302 0.024634898575061112 -0.028059252012713812 -0.022430500845650316 -0.028721776693184306 0.015294102531106262 -0.025540990883530356 -0.040437463960761852 0.032273290254466992 0.0025138236492649874 -0.013830003289268439 -0.028641552851225108 -0.040483469030150862 0.011365272078909796 -0.0025835681389616977 -0.0083802276309255502 -0.045473860001780643 -0.040953209636821482 0.020719589738178664 -0.0042609177699000373 -0.0081242545673014203 -0.029901875276069929 0.026469135520617054 -0.027109688348477847 0.0032290192194951756 0.0067395705170431057 -0.042433307175073591 -0.0078813872186787887 0.0085656158513756214 -0.024724059798692223
leaf_weight=31 1033 2579 53 49 33 34 29 34 982 271 58 29 33 132 401 36 28 32 45 58 230 38 42 40 110 35 29 57 36 50
leaf_count=31 1033 2579 53 49 33 34 29 34 982 271 58 29 33 132 401 36 28 32 45 58 230 38 42 40 110 35 29 57 36 50
internal_value=0.000244886 0.000956738 -0.00373439 -0.000130676 -0.00379941 -0.00918987 -0.0118387 -0.0173125 0.000326111 -0.000528432 -0.00271831 -0.00590164 -0.00233333 -0.00161585 -0.00257252 -0.00175966 -0.00775385 -0.00187259 -0.00333663 -0.00246237 -0.00335168 -0.00841237 -0.00254902 -0.00359091 -0.00226786 -0.00515789 -0.00820253 -0.00637563 -0.00831429 -0.00386207
internal_weight=6647 5639 1008 3060 338 157 123 63 2722 1740 851 60 707 655 523 465 64 674 403 371 326 96 305 263 223 113 78 196 139 86
internal_count=6647 5639 1008 3060 338 157 123 63 2722 1740 851 60 707 655 523 465 64 674 403 371 326 96 305 263 223 113 78 196 139 86
is_linear=0
shrinkage=0.04


Tree=14
num_leaves=31
num_cat=0
split_feature=0 8 17 17 7 18 20 19 16 7 14 11 7 19 1 11 15 13 11 16 19 17 14 11 2 19 7 7 20 8
split_gain=11.8252 4.62539 2.83842 2.80872 2.489 3.33863 2.99615 2.28785 3.76363 2.07211 2.01508 1.99321 4.21456 6.01824 4.52202 2.272 2.89724 2.62445 1.87632 1.73568 1.71014 2.45984 2.65891 1.63743 3.31954 2.79833 2.56904 1.52692 2.09137 1.51617
threshold=3.5500000000000003 0.95000000000000007 -1.0000000180025095e-35 0.25881904510252091 7.293750000000002 -0.12940952255126037 -0.56174490092936669 -1.0000000180025095e-35 637.50000000000011 9.3791666666666682 189.50000000000003 12.250000000000002 10.650000000000002 -1.0000000180025095e-35 13.450000000000001 5.9500000000000011 1.0000000180025095e-35 7.5500000000000007 8.9500000000000011 777.50000000000011 -0.8783796973249266 -1.0000000180025095e-35 72.500000000000014 19.550000000000004 11.950000000000001 -0.8783796973249266 12.127083333333333 1.9645833333333338 -0.22252093395631442 1.4500000000000002
decision_type=2 2 2 2 2 2 2 2 2 2 2 2 2 2 2 2 2 2 2 2 2 2 2 2 2 2 2 2 2 2
left_child=1 2 7 11 10 -6 -7 8 -1 -8 20 12 15 -14 -15 -2 17 -17 -19 -13 21 22 -3 24 -21 26 -25 28 -22 -12
right_child=3 4 -4 -5 5 6 9 -9 -10 -11 29 19 13 14 -16 16 -18 18 -20 23 27 -23 -24 25 -26 -27 -28 -29 -30 -31
leaf_value=-0.02258595687885474 0.0048299754248898744 -0.002612074608819819 -0.0095794030113859879 0.030860605863468428 0.010718408194103728 -0.036050759617500393 -0.044903771455509514 -0.03918868558906962 0.0047282013701581719 0.00305577507908124 -0.015696066825856701 0.069946560145488085 0.05993786615745722 -0.023344301709055739 -0.040510542835075568 0.0024763618339377598 -0.043922561293235532 -0.03773015430565433 -0.032253867054468054 -0.00025517821487883489 -0.022878708423380849 0.0028582316781317471 -0.013276803157697704 -0.028243443045665964 -0.045720403709597096 0.021900533366446786 0.082323504800634578 -0.009099083054582428 -0.00033695104104155513 0.0050905259749618259
leaf_weight=26 708 31 63 2241 43 42 37 40 28 41 63 692 42 48 25 204 29 26 31 60 34 48 56 34 26 439 25 847 35 583
leaf_count=26 708 31 63 2241 43 42 37 40 28 41 63 692 42 48 25 204 29 26 31 60 34 48 56 34 26 439 25 847 35 583
internal_value=0.000190734 -0.00236472 -0.00893671 0.00130425 -0.00180548 -0.00651219 -0.00991736 -0.0133053 -0.00770909 -0.00516456 -0.00134982 0.000349791 -0.000886894 -0.00810345 -0.014973 -4.80479e-05 -0.00302405 -0.00166412 -0.00917241 0.00142835 -0.00242966 -0.00661765 -0.0105909 -0.000177778 -0.00524138 0.000705411 -0.0074 -0.00180589 -0.00748571 0.000408037
internal_weight=6647 2017 157 4630 1860 163 120 94 54 78 1697 2389 1113 115 73 998 290 261 57 1276 1051 135 87 584 86 498 59 916 69 646
internal_count=6647 2017 157 4630 1860 163 120 94 54 78 1697 2389 1113 115 73 998 290 261 57 1276 1051 135 87 584 86 498 59 916 69 646
is_linear=0
shrinkage=0.04


Tree=15
num_leaves=31
num_cat=0
split_feature=8 8 7 14 10 12 11 4 4 19 12 9 11 5 10 7 13 8 4 19 19 5 12 16 10 4 10 11 3 9
split_gain=10.7484 3.53176 3.41681 3.51753 3.02264 3.32667 4.56395 4.14146 2.4739 2.56236 2.77198 2.15116 1.80778 7.6687 1.72976 3.68244 2.01282 1.71673 2.286 1.60561 2.07118 2.27761 1.85419 1.33889 1.5056 1.53103 1.25047 3.01649 2.17402 2.11028
threshold=2.5500000000000003 0.75000000000000011 4.9062500000000009 190.50000000000003 8.3500000000000032 88.500000000000014 2.9500000000000006 8.1500000000000004 2.1500000000000008 -0.60785761079279388 56.500000000000007 60.500000000000007 8.5500000000000025 16.350000000000005 4.6500000000000012 2.2354166666666671 3.5500000000000003 7.3500000000000005 6.5500000000000007 0.87837969732492682 -0.60785761079279388 1.6500000000000001 81.500000000000014 17.500000000000004 4.1500000000000012 10.15 4.8500000000000005 17.250000000000004 7.5500000000000007 84.500000000000014
decision_type=2 2 2 2 2 2 2 2 2 2 2 2 2 2 2 2 2 2 2 2 2 2 2 2 2 2 2 2 2 2
left_child=1 2 3 -1 5 17 7 11 9 -3 -11 -7 13 -6 15 -12 -16 18 -2 20 22 -22 -20 -10 25 -25 27 28 29 -23
right_child=4 8 -4 -5 12 6 -8 -9 23 10 14 -13 -14 -15 16 -17 -18 -19 19 -21 21 26 -24 24 -26 -27 -28 -29 -30 -31
leaf_value=-0.034614837570785317 0.0027966511599852003 0.0020096315129430162 0.037248206128689128 -0.026551171123952808 0.021932572163894673 -0.03557990525182228 0.00093860279952530769 -0.029492614141164688 -0.019605490777770299 0.0029960661895159554 -0.019370880063096924 0.0030131529634016651 0.066649462184004818 -0.055409035637001301 -0.024481896060086741 -0.028373713742376308 0.0034100458021771437 0.018452489309881654 0.012436058666538116 0.016677171389637927 -0.035930504689577626 -0.054495259756928656 -0.04039031030357932 -0.0059344668346964016 0.0021018708602436645 -0.040476696919403386 -0.002896767419498545 -0.0072721425246572314 -0.038794739162875895 0.0027640378366578029
leaf_weight=48 1104 64 25 31 1234 26 124 30 32 31 27 38 914 32 39 29 27 1436 155 102 25 29 27 298 314 50 128 129 39 31
leaf_count=48 1104 64 25 31 1234 26 124 30 32 31 27 38 914 32 39 29 27 1436 155 102 25 29 27 298 314 50 128 129 39 31
internal_value=0.00022239 -0.00356299 -0.0105143 -0.01455 0.000908637 0.000167056 -0.00460274 -0.0112 -0.00275877 -0.00647706 -0.00927273 -0.00529231 0.00207244 0.00109234 -0.0119675 -0.0171228 -0.00740298 0.000492826 -0.000341243 -0.00219219 -0.00302837 -0.00470157 0.000480874 -0.00158849 -0.00119457 -0.00300287 -0.00385434 -0.00562445 -0.01084 -0.00590164
internal_weight=6618 1015 104 79 5603 3423 218 94 911 217 153 64 2180 1266 122 56 66 3205 1769 665 563 381 182 694 662 348 356 228 99 60
internal_count=6618 1015 104 79 5603 3423 218 94 911 217 153 64 2180 1266 122 56 66 3205 1769 665 563 381 182 694 662 348 356 228 99 60
is_linear=0
shrinkage=0.04


Tree=16
num_leaves=31
num_cat=0
split_feature=0 8 17 20 5 11 4 14 18 19 4 14 19 14 17 17 3 18 2 17 11 11 14 5 16 19 11 4 0 10
split_gain=11.0847 4.22719 4.06643 2.25753 5.68189 7.72397 2.15051 2.16822 2.98128 2.13913 2.05901 2.68951 2.37657 1.93394 1.89617 1.78337 1.64583 1.61701 1.40952 1.92312 1.24277 2.06627 2.07322 2.09418 1.88823 2.06128 2.17511 1.67396 1.40877 1.45769
threshold=3.5500000000000003 0.75000000000000011 -0.25881904510252113 0.81174490092936691 17.950000000000003 15.350000000000003 10.550000000000002 279.50000000000006 -0.12940952255126037 0.6078576107927941 2.1500000000000008 179.50000000000003 1.0000000180025095e-35 198.50000000000003 0.25881904510252091 0.12940952255126045 0.75000000000000011 0.60355339059327384 4.7500000000000009 -0.78656609248549292 10.15 0.8500000000000002 174.50000000000003 9.6500000000000004 777.50000000000011 -0.8783796973249266 18.750000000000004 8.3500000000000032 6.1500000000000012 7.0500000000000007
decision_type=2 2 2 2 2 2 2 2 2 2 2 2 2 2 2 2 2 2 2 2 2 2 2 2 2 2 2 2 2 2
left_child=1 2 13 15 -5 -6 10 8 -8 -10 11 12 -3 -1 18 20 -13 -14 -12 -20 21 -2 23 28 -22 27 -27 -26 -23 -30
right_child=3 6 -4 4 5 -7 7 -9 9 -11 14 16 17 -15 -16 -17 -18 -19 19 -21 24 22 -24 -25 25 26 -28 -29 29 -31
leaf_value=-0.035845663579402595 0.015444601077708712 -0.010137235283081705 -0.014829850297439415 0.0013664864822933451 -0.053908338031842348 0.067868243369976919 0.012503997423468452 0.037049804928022616 -0.04285160362687164 -0.018356336938081384 -0.0045464398581382386 -0.02913914953319453 -0.035152584523301604 -0.02629548346989628 0.010897357668347632 0.0358682438468143 0.0011369680634888664 -0.011551862805077204 -0.014418954140722562 -0.030280589317406896 0.062045327371101376 0.00053907189580680668 0.010082262160059122 -0.025817992972761297 -0.023372238760268425 -0.030565257814516036 0.025781243556978462 -0.017564041264272214 -0.030454556695319091 -0.0020936810579157
leaf_weight=33 247 104 46 641 31 41 29 36 46 27 908 28 46 25 284 2065 203 42 71 72 590 125 198 28 25 58 336 47 110 76
leaf_count=33 247 104 46 641 31 41 29 36 46 27 908 28 46 25 284 2065 203 42 71 72 590 125 198 28 25 58 336 47 110 76
internal_value=0.000168001 -0.00231884 -0.0101333 0.00124529 -0.000823529 -0.0113973 -0.00188508 -0.00667626 -0.00963107 -0.0138919 -0.0015054 -0.00393396 -0.00741969 -0.0170847 -0.000733533 0.00162314 -0.00101724 -0.0122247 -0.00151711 -0.00519444 0.000717002 -0.000489172 -0.00188104 -0.00377647 0.00161211 -0.00029122 0.000850633 -0.00646575 -0.00280769 -0.00500535
internal_weight=6618 2000 104 4618 713 72 1896 138 102 73 1758 423 192 58 1335 3905 231 88 1051 143 1840 784 537 339 1056 466 394 72 311 186
internal_count=6618 2000 104 4618 713 72 1896 138 102 73 1758 423 192 58 1335 3905 231 88 1051 143 1840 784 537 339 1056 466 394 72 311 186
is_linear=0
shrinkage=0.04


Tree=17
num_leaves=31
num_cat=0
split_feature=0 0 20 5 11 7 18 5 20 17 19 11 9 17 4 6 9 7 19 9 19 11 11 13 13 7 11 11 1 6
split_gain=9.88803 3.85119 2.45879 5.50276 7.72397 2.34639 2.96912 2.33527 5.12543 2.3018 2.49635 4.31264 2.25597 1.88534 1.86385 1.99276 2.49358 2.65699 1.9597 3.02955 1.82571 3.31074 1.67721 1.62618 1.56785 1.37998 1.35419 1.95354 3.30825 1.29084
threshold=3.5500000000000003 1.0500000000000003 0.81174490092936691 17.950000000000003 15.350000000000003 7.0979166666666673 1.0000000180025095e-35 5.9500000000000011 -0.56174490092936669 0.12940952255126045 -1.0000000180025095e-35 15.65 74.500000000000014 0.12940952255126045 2.1500000000000008 2.3583333333333316 84.500000000000014 2.652083333333334 -0.8783796973249266 63.500000000000007 -0.60785761079279388 -0.24999999999999997 4.1500000000000012 7.2500000000000009 5.4500000000000011 14.902083333333335 21.150000000000002 6.0500000000000007 6.9500000000000011 1.2999999999999969
decision_type=2 2 2 2 2 2 2 2 2 2 2 2 2 2 2 2 2 2 2 2 2 2 2 2 2 2 2 2 2 2
left_child=1 9 13 24 -5 14 -7 -8 -9 10 12 29 -1 25 15 16 17 20 19 -16 -3 -22 -23 -10 -4 -2 27 -26 -29 -12
right_child=2 5 3 4 -6 6 7 8 23 -11 11 -13 -14 -15 18 -17 -18 -19 -20 -21 21 22 -24 -25 26 -27 -28 28 -30 -31
leaf_value=-0.020637274509779705 0.0015209099371855086 0.0050351204198614699 0.0092808103943207917 -0.051752004510568654 0.065153513635177837 0.0053013178668357107 0.006064030866233543 -0.038024547492286391 0.010213984188408486 0.0027227065940347924 -0.018172452252435994 -0.040701647941633626 0.003275926791412902 0.034433514092941736 -0.016821925819741384 -0.0037672790138257501 0.011723517244322929 -0.025832661716383324 0.00201435541529313 -0.0062617839020264188 -0.020817580358903753 0.0038577782538758844 -0.02676254002257121 -0.035537710569795794 0.0050293823097432803 0.20369918162216258 0.0041895687083284561 -0.037299664526381476 -0.0052231692101454156 -0.028756578600095953
leaf_weight=40 1663 50 456 31 41 55 31 32 25 49 32 26 58 2065 33 182 33 39 1027 136 25 32 30 34 42 177 74 27 42 31
leaf_count=40 1663 50 456 31 41 55 31 32 25 49 32 26 58 2065 33 182 33 39 1027 136 25 32 30 34 42 177 74 27 42 31
internal_value=0.000149872 -0.0021989 0.00116735 -0.000991596 -0.0113973 -0.00155467 -0.00591011 -0.00936585 -0.0125652 -0.00698734 -0.009 -0.0138222 -0.00452525 0.0015617 -0.00106549 -0.00345918 -0.00611429 -0.008 -0.000280702 -0.00425882 -0.00530435 -0.00877273 -0.00368254 -0.0054 0.000193147 0.000630092 -0.00290323 -0.00567857 -0.00977143 -0.0079375
internal_weight=6618 2000 4618 713 72 1764 177 122 91 236 187 89 98 3905 1587 391 209 176 1196 169 137 87 62 59 641 1840 185 111 69 63
internal_count=6618 2000 4618 713 72 1764 177 122 91 236 187 89 98 3905 1587 391 209 176 1196 169 137 87 62 59 641 1840 185 111 69 63
is_linear=0
shrinkage=0.04


Tree=18
num_leaves=31
num_cat=0
split_feature=0 8 14 7 18 5 20 17 12 7 18 11 14 8 9 11 12 3 14 3 9 8 19 7 5 17 17 20 14 2
split_gain=9.52345 4.0339 3.83969 2.43986 3.20151 2.66361 4.78392 2.43056 2.17592 2.35858 1.70963 1.64732 2.09688 1.89273 1.46314 1.54988 2.11159 2.89537 3.97679 2.45812 3.64638 1.30355 1.75087 1.29038 1.15176 1.35972 2.40083 1.58316 4.11949 1.23198
threshold=3.5500000000000003 0.75000000000000011 198.50000000000003 7.0979166666666673 1.0000000180025095e-35 5.9500000000000011 -0.56174490092936669 0.37940952255126054 88.500000000000014 11.927083333333334 0.1294095225512602 13.250000000000002 225.50000000000003 1.4500000000000002 109.50000000000001 5.0500000000000007 46.500000000000007 6.3500000000000005 142.50000000000003 8.4500000000000011 76.500000000000014 11.850000000000003 -0.8783796973249266 10.372916666666669 12.550000000000002 0.12940952255126045 -0.78656609248549292 -0.56174490092936669 147.50000000000003 4.7500000000000009
decision_type=2 2 2 2 2 2 2 2 2 2 2 2 2 2 2 2 2 2 2 2 2 2 2 2 2 2 2 2 2 2
left_child=1 2 -1 11 -5 -6 -7 8 10 -10 -2 12 24 -14 15 -12 21 -18 19 -19 -21 22 -17 -8 25 26 -3 28 -27 -28
right_child=7 3 -4 4 5 6 23 -9 9 -11 14 -13 13 -15 -16 16 17 18 -20 20 -22 -23 -24 -25 -26 27 29 -29 -30 -31
leaf_value=-0.025689316056461627 0.023678306092880179 -0.00041437004149275954 -0.023008790820504044 0.0050964922437744253 0.0071875409321893536 -0.036503565592594926 -0.043178696071103022 0.029502691874444219 -0.0097516010994531162 -0.027214532417426631 0.008295594794298625 0.0043172661881472401 -0.01704329524712225 0.0090185060147040183 0.045156303738525534 -0.028427303366994835 -0.0025874077696607122 -0.040179990688294226 0.0001203221155611448 0.00030572656218347813 -0.02953865141543794 0.032670810036542028 -0.00097362224994516694 0.022059825871356992 -0.013313671859557081 -0.026254811090804412 -0.014190481361151553 0.0041507658596402893 0.00027197432906257826 -0.02792378943156059
leaf_weight=71 1364 252 33 57 33 32 40 2041 153 38 172 357 39 271 184 46 112 26 50 28 31 113 260 25 30 30 378 241 72 39
leaf_count=71 1364 252 33 57 33 32 40 2041 153 38 172 357 39 271 184 46 112 26 50 28 31 113 260 25 30 30 378 241 72 39
internal_value=0.000186131 -0.00211894 -0.00975238 -0.00169531 -0.00602128 -0.00946565 -0.0127755 0.00118467 0.000367727 -0.00372917 0.000697109 -0.00121871 -0.00185661 0.00102894 -0.000539589 -0.00124911 -0.00212294 -0.00504839 -0.00897059 -0.014186 -0.0094 -0.000390476 -0.00174593 -0.00636364 -0.00271524 -0.00247976 -0.00352836 -0.000430232 -0.00458252 -0.00538756
internal_weight=6618 2000 104 1896 187 130 97 4618 2577 191 2386 1709 1352 310 1022 838 666 247 135 85 59 419 306 65 1042 1012 669 343 102 417
internal_count=6618 2000 104 1896 187 130 97 4618 2577 191 2386 1709 1352 310 1022 838 666 247 135 85 59 419 306 65 1042 1012 669 343 102 417
is_linear=0
shrinkage=0.04


Tree=19
num_leaves=31
num_cat=0
split_feature=0 8 5 7 13 19 17 12 4 19 12 6 7 19 5 7 13 7 17 19 16 18 2 11 11 7 14 12 19 4
split_gain=8.97084 4.14505 2.72588 2.26494 3.19117 3.26507 2.15122 1.99162 1.98264 2.12853 2.44294 2.03345 1.93983 1.85186 3.31666 2.61071 1.84652 2.42254 1.45421 2.03996 1.77029 1.4428 1.24588 1.18412 2.5722 2.25488 1.30054 2.10541 1.29675 2.382
threshold=3.5500000000000003 1.0500000000000003 9.9500000000000011 7.0979166666666673 6.9500000000000011 1.0000000180025095e-35 0.37940952255126054 88.500000000000014 1.9500000000000002 -0.60785761079279388 56.500000000000007 2.3583333333333316 11.927083333333334 -1.0000000180025095e-35 2.7500000000000004 2.839583333333334 3.6500000000000008 2.2354166666666671 0.25881904510252091 -0.8783796973249266 77.500000000000014 0.1294095225512602 4.4500000000000011 21.350000000000005 5.8500000000000005 12.68125 144.50000000000003 74.500000000000014 -0.8783796973249266 16.550000000000004
decision_type=2 2 2 2 2 2 2 2 2 2 2 2 2 2 2 2 2 2 2 2 2 2 2 2 2 2 2 2 2 2
left_child=1 2 13 8 -5 22 7 21 9 -3 -11 16 -9 14 -1 -15 -12 -18 19 20 -10 -2 -6 24 -23 26 27 -26 29 -25
right_child=6 3 -4 4 5 -7 -8 12 18 10 11 -13 -14 15 -16 -17 17 -19 -20 -21 -22 23 -24 28 25 -27 -28 -29 -30 -31
leaf_value=0.0047005258735920569 0.022731173849164971 0.0056699375709922707 0.044857772043549328 -0.0043173830891096911 0.003467952861010939 -0.035854932872848931 0.028322584199466445 -0.0093615370554749975 -0.015311651036329166 0.024495533757506835 -0.026169741404632744 -0.012877382286203507 -0.026125951120729567 -0.017109090589311173 -0.018839216002342177 -0.032921316453826469 -0.00041234668545936859 -0.022173775888138087 0.015970865284269553 -0.0006260355545049058 -0.0075019721282603364 0.0064626493512448396 -0.037891770346495851 -0.028115175394958933 -0.0079961718426256843 -0.030654862988796248 0.0016549678989109693 -0.036917056125674773 0.022379192026368577 0.14198894378613516
leaf_weight=39 1364 94 27 91 32 33 2041 153 48 43 39 99 38 33 41 43 41 27 280 874 91 202 25 37 138 30 121 39 423 32
leaf_count=39 1364 94 27 91 32 33 2041 153 48 43 39 99 38 33 41 43 41 27 280 874 91 202 25 37 138 30 121 39 423 32
internal_value=0.000198217 -0.00203898 -0.00776087 -0.00145875 -0.00569231 -0.010989 0.00116735 0.000398759 -0.000987171 -0.00368605 -0.005616 -0.00742029 -0.00352083 -0.00978344 -0.0054321 -0.0142338 -0.0112222 -0.00707246 -0.000268933 -0.000974359 -0.00545714 0.000713867 -0.00503448 -0.000422287 -0.00173258 -0.00391489 -0.00283612 -0.00501124 0.000989858 -0.00405714
internal_weight=6618 2000 183 1817 181 90 4618 2577 1636 343 249 206 191 156 80 76 107 68 1293 1013 139 2386 57 1022 530 328 298 177 492 69
internal_count=6618 2000 183 1817 181 90 4618 2577 1636 343 249 206 191 156 80 76 107 68 1293 1013 139 2386 57 1022 530 328 298 177 492 69
is_linear=0
shrinkage=0.04


Tree=20
num_leaves=31
num_cat=0
split_feature=0 10 17 12 11 7 10 17 0 0 18 11 10 13 5 0 7 14 7 19 14 11 1 14 5 0 14 19 19 20
split_gain=7.93094 4.37941 3.02996 3.58938 3.9775 2.56304 2.90572 2.31385 3.24193 2.28732 2.10191 2.32673 3.18726 1.88508 1.88401 3.73703 2.58358 2.40159 1.86885 1.81092 1.6392 1.60392 2.43037 1.78084 1.31674 2.30824 3.5971 1.30818 1.36414 1.56425
threshold=1.4500000000000002 8.5500000000000025 0.12940952255126045 91.500000000000014 3.3500000000000001 2.277083333333334 6.8500000000000005 0.12940952255126045 0.75000000000000011 7.9500000000000011 0.37940952255126048 2.7500000000000004 1.0500000000000003 7.3500000000000005 1.6500000000000001 3.5500000000000003 6.2645833333333334 122.50000000000001 7.7166666666666677 -1.0000000180025095e-35 69.500000000000014 17.150000000000002 11.950000000000001 122.50000000000001 5.8500000000000005 5.4500000000000011 287.50000000000006 -0.8783796973249266 -0.60785761079279388 1.0000000180025095e-35
decision_type=2 2 2 2 2 2 2 2 2 2 2 2 2 2 2 2 2 2 2 2 2 2 2 2 2 2 2 2 2 2
left_child=7 2 3 9 -5 6 -4 8 19 10 27 -12 20 -3 15 -14 -16 -18 -15 -1 -13 22 -11 -24 -22 26 -26 -2 -29 -30
right_child=1 13 5 4 -6 -7 -8 -9 -10 21 11 12 14 18 16 -17 17 -19 -20 -21 24 -23 23 -25 25 -27 -28 28 29 -31
leaf_value=-0.018080286324317092 -0.023362862774003887 0.030550706027507465 -0.0011727636408765129 -0.024647674242037544 0.0050070069983524004 0.014625947382994369 -0.018048125118690379 0.0015065667009879836 -0.011165224764819541 0.017218234208035227 0.0040988762825037474 0.047865611649906541 -0.043971859172976899 0.00099999006197374653 -0.0072362911276321884 0.0028280054612081036 -0.030521834596701373 -0.022064228577527413 -0.045594935025456966 -0.03181768315850611 -0.002443299396132555 0.038564051262177504 -0.035049305622873929 -0.011945653636224502 -0.0060071145105405213 0.0025558979581024183 -0.03076087569786037 0.018003772998460447 0.0069152727989682085 -0.0096175645288768107
leaf_weight=47 149 2110 84 30 25 1283 28 92 241 146 125 89 52 38 187 25 66 55 25 50 189 492 40 66 43 37 25 152 407 293
leaf_count=47 149 2110 84 30 25 1283 28 92 241 146 125 89 52 38 187 25 66 55 25 50 189 492 40 66 43 37 25 152 407 293
internal_value=0.000144053 0.00050527 -0.00026608 -0.00104974 -0.0110714 0.00124642 -0.00453097 -0.00510441 -0.00663127 -0.00083668 -0.00157467 -0.00298434 -0.00380754 0.00195584 -0.00637306 -0.0119487 -0.00494498 -0.00947541 -0.0048125 -0.0127755 -0.00121875 0.00104161 -0.00154941 -0.00613084 -0.00265763 -0.00622641 -0.0105507 -0.000315369 0.000290739 -0.000456491
internal_weight=6691 6261 4088 2693 55 1395 112 430 338 2638 1894 893 768 2173 385 77 308 121 63 97 383 744 252 106 294 105 68 1001 852 700
internal_count=6691 6261 4088 2693 55 1395 112 430 338 2638 1894 893 768 2173 385 77 308 121 63 97 383 744 252 106 294 105 68 1001 852 700
is_linear=0
shrinkage=0.04


Tree=21
num_leaves=31
num_cat=0
split_feature=8 17 10 12 7 9 14 14 8 11 17 14 11 5 11 14 12 12 10 3 1 7 14 7 16 6 18 9 17 14
split_gain=7.6743 4.28055 2.52205 3.13344 4.22247 2.42876 2.25748 2.86264 2.71588 2.70782 2.09668 2.78703 2.208 2.74075 2.03751 2.39237 2.00045 1.89763 4.26468 4.38266 2.10119 1.87439 3.0405 1.82778 2.87923 1.80317 1.79879 1.74127 1.63087 1.33111
threshold=1.3500000000000003 0.37940952255126054 9.0500000000000025 88.500000000000014 11.80625 65.500000000000014 80.500000000000014 124.50000000000001 6.8500000000000005 3.9500000000000006 0.12940952255126045 160.50000000000003 17.450000000000003 2.0500000000000003 3.8500000000000001 172.50000000000003 60.500000000000007 52.500000000000007 4.4500000000000011 4.7500000000000009 6.1500000000000012 2.277083333333334 166.50000000000003 9.9312500000000021 1247.5000000000002 1.8166666666666635 0.37940952255126048 65.500000000000014 -0.78656609248549292 179.50000000000003
decision_type=2 2 2 2 2 2 2 2 2 2 2 2 2 2 2 2 2 2 2 2 2 2 2 2 2 2 2 2 2 2
left_child=5 2 3 6 14 -1 -2 9 23 -8 11 26 13 -13 15 27 -15 -11 19 -19 -20 22 -3 25 -25 28 -7 -5 -9 -30
right_child=1 21 -4 4 -6 10 7 8 -10 17 -12 12 -14 16 -16 -17 -18 18 20 -21 -22 -23 -24 24 -26 -27 -28 -29 29 -31
leaf_value=0.0052731172893002547 0.010765044859739913 -0.023067843637539415 0.027945582979270467 -0.036835984047477718 -0.031134261453021322 -0.015122149055456675 0.0066150106941091245 0.0015100609895189385 0.016142979817631523 -0.0043666645141766779 -0.00077149145351601404 -0.01370400866637036 -0.03885226088064539 -0.02625432429587217 0.0071758205232093008 0.0028189744017929107 -0.025602363542195809 -0.043856487802889192 0.0043887959680190772 -0.037207322851577657 -0.03276018944689045 0.021633919746007941 0.0011229843381426762 0.0036976591497337712 -0.024680098928644947 -0.0024888570784862051 0.0032764809847547482 -0.014898182383454035 -0.018725436154747956 -0.011944762003562898
leaf_weight=64 690 31 688 37 25 32 99 46 738 87 51 45 25 28 71 33 26 49 72 40 54 2338 95 32 43 1008 31 26 30 57
leaf_count=64 690 31 688 37 25 32 99 46 738 87 51 45 25 28 71 33 26 49 72 40 54 2338 95 32 43 1008 31 26 30 57
internal_value=0.000173939 0.000468858 -0.000351503 -0.000819024 -0.00576166 -0.0060462 -0.000505581 -0.00109508 -0.000462404 -0.00416915 -0.00789958 -0.00985106 -0.013312 -0.01044 -0.00340476 -0.00717526 -0.0164364 -0.0060462 -0.00805556 -0.0147111 -0.00327559 0.00177525 -0.00296063 -0.00162366 -0.00763158 -0.00122242 -0.0029375 -0.0116875 -0.00558209 -0.00877273
internal_weight=6691 6389 3925 3237 192 302 3045 2355 1954 401 238 187 124 99 167 96 54 302 215 89 126 2464 126 1216 75 1141 63 63 133 87
internal_count=6691 6389 3925 3237 192 302 3045 2355 1954 401 238 187 124 99 167 96 54 302 215 89 126 2464 126 1216 75 1141 63 63 133 87
is_linear=0
shrinkage=0.04


Tree=22
num_leaves=31
num_cat=0
split_feature=0 0 11 20 5 11 0 4 7 18 5 20 7 20 4 13 5 5 2 2 4 7 20 13 4 5 14 9 7 7
split_gain=7.22946 4.62009 2.80308 2.71671 5.99118 9.73018 2.52747 2.9424 2.43562 4.03151 2.60246 4.36789 2.10598 1.41616 1.40434 1.35915 1.34543 1.34192 1.33437 1.2935 1.25281 1.14814 2.22955 4.40365 1.2676 1.12549 1.81748 3.67001 1.03504 1.00561
threshold=0.75000000000000011 3.8500000000000001 16.950000000000003 0.81174490092936691 17.650000000000002 14.750000000000002 7.2500000000000009 7.3500000000000005 7.0979166666666673 1.0000000180025095e-35 5.7500000000000009 -0.56174490092936669 7.7729166666666671 -0.22252093395631442 1.9500000000000002 2.8500000000000001 2.3500000000000001 14.350000000000003 8.5500000000000025 7.3500000000000005 1.2500000000000002 2.3479166666666673 -0.56174490092936669 8.4500000000000011 2.6500000000000008 1.7500000000000002 163.50000000000003 67.500000000000014 3.2854166666666673 15.681250000000004
decision_type=2 2 2 2 2 2 2 2 2 2 2 2 2 2 2 2 2 2 2 2 2 2 2 2 2 2 2 2 2 2
left_child=2 8 13 15 6 -6 7 14 17 -10 -11 -12 -9 -1 -5 20 18 21 -17 -14 -3 22 23 -2 -24 26 27 -23 -29 -18
right_child=1 3 -4 4 5 -7 -8 12 9 10 11 -13 19 -15 -16 16 29 -19 -20 -21 -22 25 24 -25 -26 -27 -28 28 -30 -31
leaf_value=-0.019504110888988936 -0.017707013431291753 -0.02813440368492259 -0.032386908276873558 -0.002167621641751701 -0.054027205235308351 0.044605779711624216 0.01550106539965824 -0.030014629774683148 0.008866960744960458 0.0025531183323222084 -0.031421212747632495 -0.029864237636320345 0.0180443903517883 -0.014990005229921553 0.014934667022507887 -0.0025115362083475753 0.011077570155598612 -0.0078597182184649093 -0.029657705930961429 -0.0062187012078046876 0.032722336295760629 -0.041494596701620638 0.00060612509606534871 0.010339356600564429 -0.006394710316976096 0.001234931937789693 0.0040756172080035971 0.0065849848638164944 -0.032110251728547569 0.21161623172171748
leaf_weight=47 49 36 27 27 31 44 396 37 65 37 35 62 27 56 107 140 2077 30 50 25 1284 33 214 44 60 1247 131 40 44 189
leaf_count=47 49 36 27 27 31 44 396 37 65 37 35 62 27 56 107 140 2077 30 50 25 1284 33 214 44 60 1247 131 40 44 189
internal_value=0.000144053 0.000329778 -0.0091603 0.00105569 -0.00124317 -0.0118421 5.80647e-05 -0.00333929 -0.0012218 -0.00542 -0.00936296 -0.0127755 -0.00893333 -0.00603846 0.000414815 0.00147842 0.000921449 -0.000777602 -0.00230366 -0.00362264 0.00251325 -0.000639828 -0.0026413 -0.00795745 -0.000814545 -0.000147059 -0.00260241 -0.00620339 -0.00169412 0.00119277
internal_weight=6691 6561 130 4470 694 75 619 223 2091 199 134 97 89 103 134 3776 2456 1892 190 52 1320 1862 367 93 274 1495 248 117 84 2266
internal_count=6691 6561 130 4470 694 75 619 223 2091 199 134 97 89 103 134 3776 2456 1892 190 52 1320 1862 367 93 274 1495 248 117 84 2266
is_linear=0
shrinkage=0.04


Tree=23
num_leaves=31
num_cat=0
split_feature=0 0 11 7 18 5 20 20 5 11 0 4 7 20 4 7 13 4 5 16 10 4 19 11 9 13 4 5 2 13
split_gain=7.23875 4.2104 2.80308 2.29445 3.83677 2.43463 4.70122 2.14296 4.90099 6.81797 2.31654 2.66935 1.77056 1.41616 1.40434 1.34446 1.42228 1.1765 1.14588 1.2667 2.53227 1.12303 1.92181 3.62529 1.13577 1.86658 1.09119 1.80778 1.67863 1.79156
threshold=0.75000000000000011 3.8500000000000001 16.950000000000003 7.0979166666666673 1.0000000180025095e-35 5.7500000000000009 -0.56174490092936669 0.81174490092936691 17.950000000000003 15.350000000000003 7.2500000000000009 7.3500000000000005 7.8770833333333341 -0.22252093395631442 1.9500000000000002 15.170833333333336 2.8500000000000001 1.2500000000000002 2.4500000000000006 207.50000000000003 6.8500000000000005 1.9500000000000002 -0.60785761079279388 -0.24999999999999997 87.500000000000014 7.4500000000000011 14.65 11.15 12.250000000000002 7.3500000000000005
decision_type=2 2 2 2 2 2 2 2 2 2 2 2 2 2 2 2 2 2 2 2 2 2 2 2 2 2 2 2 2 2
left_child=2 3 13 21 -5 -6 -7 15 10 -10 11 14 -13 -1 -9 16 17 -3 19 20 -18 22 -2 -24 25 -25 -20 28 29 -28
right_child=1 7 -4 4 5 6 -8 8 9 -11 -12 12 -14 -15 -16 -17 18 -19 26 -21 -22 -23 23 24 -26 -27 27 -29 -30 -31
leaf_value=-0.018723946453429383 0.005513591074975897 -0.027009027537525689 -0.031091431945798616 0.0085122823151620366 0.0024509935990293173 -0.030164364237727195 -0.028669668130867531 -0.0020809167760816255 -0.050148238927684219 0.043228230222290484 0.014482079328806782 -0.02881096137783222 -0.0041739800256959591 -0.014390405020724695 0.01433728034160758 0.19767612840781915 -0.037094251111935178 0.027104488898852606 0.014701678783324122 0.0019524121028230673 0.0079819238330612868 -0.00084647002578368844 -0.018156684932412827 -0.0077930406357182534 0.025400170463041924 -0.014147002309864119 0.036754714396727194 0.042542964155432406 -0.032260989375042071 -0.036830553559414642
leaf_weight=47 112 36 27 65 37 35 62 27 29 39 403 40 49 56 107 324 42 1173 1873 123 47 1492 44 164 38 42 40 50 33 35
leaf_count=47 112 36 27 65 37 35 62 27 29 39 403 40 49 56 107 324 42 1173 1873 123 47 1492 44 164 38 42 40 50 33 35
internal_value=0.00015003 0.000335873 -0.0091603 -0.00114532 -0.00522 -0.00906667 -0.0123673 0.00102885 -0.00101295 -0.0111304 0.000102074 -0.00316071 -0.00848889 -0.00603846 0.000414815 0.00140429 0.00117231 0.00227769 0.000575758 -0.00221596 -0.00582222 -0.00071421 -0.00259352 -0.00431834 -0.00238367 -0.00355556 0.00086811 -0.00231447 -0.00521101 -0.00184211
internal_weight=6691 6561 130 2091 199 134 97 4470 694 68 626 223 89 103 134 3776 3452 1209 2243 212 89 1892 400 288 244 206 2031 158 108 75
internal_count=6691 6561 130 2091 199 134 97 4470 694 68 626 223 89 103 134 3776 3452 1209 2243 212 89 1892 400 288 244 206 2031 158 108 75
is_linear=0
shrinkage=0.04


Tree=24
num_leaves=31
num_cat=0
split_feature=0 17 17 0 14 12 10 14 19 11 0 19 11 14 12 8 10 4 5 9 10 3 3 12 19 9 16 11 11 17
split_gain=7.25735 4.28985 4.0193 3.17295 1.95566 1.94297 1.80255 2.13042 1.8477 1.7431 2.74252 4.04299 6.58597 1.61958 2.73189 3.42648 1.71964 2.41928 1.6843 4.11353 2.83485 2.29075 1.52945 1.43769 1.4466 3.11983 2.39441 1.30374 1.95108 1.82006
threshold=0.75000000000000011 -0.25881904510252113 0.37940952255126054 7.9500000000000011 189.50000000000003 92.500000000000014 4.6500000000000012 66.500000000000014 0.87837969732492682 9.9500000000000011 13.15 -0.60785761079279388 3.3500000000000001 179.50000000000003 52.500000000000007 1.9500000000000002 3.5500000000000003 5.4500000000000011 5.7500000000000009 94.500000000000014 1.1500000000000001 10.350000000000003 2.7500000000000004 84.500000000000014 0.6078576107927941 73.500000000000014 57.500000000000007 -1.0499999999999998 1.8500000000000003 -0.5
decision_type=2 2 2 2 2 2 2 2 2 2 2 2 2 2 2 2 2 2 2 2 2 2 2 2 2 2 2 2 2 2
left_child=1 4 3 5 -1 6 7 -2 13 10 -5 -12 -13 14 -9 -16 17 -17 21 22 -21 -15 -20 24 -8 -26 -27 -25 29 -29
right_child=2 -3 -4 9 -6 -7 23 8 -10 -11 11 12 -14 18 15 16 -18 -19 19 20 -22 -23 -24 27 25 26 -28 28 -30 -31
leaf_value=-0.024738532650673252 0.0066878844018071117 -0.0040365160713439086 0.015590496199492456 0.0067653553203294902 -0.021847624225321764 -0.018335195908716195 0.0099922378470575033 -0.0044953102057148494 0.0025326149268094056 0.039892297489932255 0.11440687285185731 -0.006407533642558228 -0.045431859676472036 0.00039505660778038453 -0.0054733542097443856 -0.033637857461881235 -0.030840891960606132 -0.03335046537955029 -0.013576667339785235 -0.028489871576928418 -0.027289046535053894 -0.022110035718195819 0.0011805785564459423 0.021138179935742726 0.0019098575061492228 -0.024468068751455005 -0.01932975059574309 -0.00031207568504371808 -0.0061159151228905367 -0.026343094564530496
leaf_weight=35 288 57 2484 281 38 44 642 179 183 902 33 31 25 361 69 26 84 31 25 42 25 32 121 61 192 36 47 30 228 59
leaf_count=35 288 57 2484 281 38 44 642 179 183 902 33 31 25 361 69 26 84 31 25 42 25 32 121 61 192 36 47 30 228 59
internal_value=0.000161985 -0.0091603 0.000348065 -0.000424718 -0.0155135 -0.00117605 -0.00104127 -0.00200136 -0.00275488 0.00123174 -0.00107817 -0.00715556 -0.013614 -0.00343373 -0.00544615 -0.00853081 -0.0120845 -0.0174483 -0.00213509 -0.00499065 -0.0131176 -0.00057868 -0.00119728 4.62964e-05 0.000901961 -0.00152174 -0.00795238 -0.00202639 -0.0030566 -0.00804444
internal_weight=6691 130 6561 4077 73 2805 2761 1466 1178 1272 370 89 56 995 389 210 141 57 606 213 67 393 146 1295 917 275 83 378 317 89
internal_count=6691 130 6561 4077 73 2805 2761 1466 1178 1272 370 89 56 995 389 210 141 57 606 213 67 393 146 1295 917 275 83 378 317 89
is_linear=0
shrinkage=0.04


Tree=25
num_leaves=31
num_cat=0
split_feature=0 0 4 8 7 12 11 7 11 19 0 19 9 18 7 8 3 9 11 10 4 8 7 9 11 16 9 11 19 7
split_gain=7.40669 2.91904 2.23776 2.73574 2.14696 2.15409 2.08411 6.49578 6.28675 8.54437 3.79895 2.04909 2.59367 1.79599 1.60876 1.41376 1.38695 1.3792 1.31292 2.43097 1.3119 1.59594 2.14896 1.96449 1.65352 1.20925 2.91602 1.74273 1.18912 1.8786
threshold=1.5500000000000003 7.8500000000000005 6.1500000000000012 0.95000000000000007 10.372916666666669 84.500000000000014 9.9500000000000011 10.756250000000003 1.4500000000000002 -1.0000000180025095e-35 13.350000000000003 -1.0000000180025095e-35 74.500000000000014 0.78656609248549303 11.80625 6.9500000000000011 6.8500000000000005 81.500000000000014 6.1500000000000012 8.7500000000000018 1.9500000000000002 2.5500000000000003 2.5437500000000006 53.500000000000007 2.3500000000000001 702.50000000000011 69.500000000000014 19.550000000000004 -0.8783796973249266 6.4708333333333341
decision_type=2 2 2 2 2 2 2 2 2 2 2 2 2 2 2 2 2 2 2 2 2 2 2 2 2 2 2 2 2 2
left_child=2 4 3 11 13 14 7 18 -9 -10 -11 12 -1 20 15 17 -4 -6 -3 -20 21 22 -2 24 -23 -8 -27 -28 29 -22
right_child=1 6 16 -5 5 -7 25 8 9 10 -12 -13 -14 -15 -16 -17 -18 -19 19 -21 28 23 -24 -25 -26 26 27 -29 -30 -31
leaf_value=-0.014725533858234609 -0.0021998322348297833 0.035249397585838636 0.0032191079723976009 -0.0091519027269962357 -0.0027449463849049398 -0.026819069382998207 0.07857149529765789 0.01197350594385062 0.16222348680724946 -0.025166581987751728 -0.051801381136614699 -0.022559649471174927 0.0035186634783481462 -0.0087374579529855088 0.0014196921287235405 -0.0039653454327135233 -0.033641673475736822 -0.02407986751874662 -0.029460992097349533 0.0095504118112123525 -0.0094993099229110332 -0.048768578910658611 -0.021921951276136539 0.0074878560297866907 -0.0014117205060650484 -0.076182734369608346 -0.016571530784110108 0.022909901298944862 0.0072058240019322621 0.031508210909381044
leaf_weight=33 43 660 94 242 29 28 1086 50 31 38 29 42 35 812 114 48 26 26 38 46 258 33 25 283 53 27 31 328 2018 82
leaf_count=33 43 660 94 242 29 28 1086 50 31 38 29 42 35 812 114 48 26 26 38 46 258 33 25 283 53 27 31 328 2018 82
internal_value=0.000106444 0.00047354 -0.00471882 -0.00632295 -0.000205554 -0.00382114 0.0015797 5.37515e-05 -0.00757047 -0.0134141 -0.0213529 -0.0115315 -0.00707246 4.10201e-05 -0.00244037 -0.00603846 1.4778e-10 -0.0103571 0.00157852 -0.00310588 0.000522175 -0.00148858 -0.00707246 -0.000443243 -0.00570115 0.00250373 0.000578812 0.00154444 0.000895295 -0.00129032
internal_weight=6688 6216 472 352 3852 245 2364 892 148 98 67 110 68 3607 217 103 120 55 744 84 2795 437 68 369 86 1472 386 359 2358 340
internal_count=6688 6216 472 352 3852 245 2364 892 148 98 67 110 68 3607 217 103 120 55 744 84 2795 437 68 369 86 1472 386 359 2358 340
is_linear=0
shrinkage=0.04


Tree=26
num_leaves=31
num_cat=0
split_feature=8 17 11 5 13 17 15 3 11 4 6 19 9 16 19 13 10 19 9 16 12 13 4 2 5 10 20 13 19 7
split_gain=6.34631 3.40312 2.9828 5.18203 3.0336 2.52399 2.47092 2.76788 2.19437 2.1195 2.70442 1.95956 2.64629 2.59046 1.70256 1.37475 2.01043 1.3573 1.4393 2.8098 1.18418 1.90508 1.11917 4.10646 3.12298 1.3977 1.11711 3.47286 1.09071 1.08182
threshold=1.0500000000000003 0.37940952255126054 8.7500000000000018 16.550000000000004 6.3500000000000005 0.37940952255126054 1.0000000180025095e-35 13.050000000000002 5.9500000000000011 1.4500000000000002 2.0333333333333328 -1.0000000180025095e-35 74.500000000000014 807.50000000000011 0.87837969732492682 3.8500000000000001 8.4500000000000011 -1.0000000180025095e-35 90.500000000000014 412.50000000000006 88.500000000000014 3.3500000000000001 9.2500000000000018 5.5500000000000007 5.9500000000000011 4.2500000000000009 0.81174490092936691 9.1500000000000004 1.0000000180025095e-35 4.9854166666666675
decision_type=2 2 2 2 2 2 2 2 2 2 2 2 2 2 2 2 2 2 2 2 2 2 2 2 2 2 2 2 2 2
left_child=5 2 3 6 -4 11 9 8 15 10 -2 12 -1 -13 22 16 28 20 -19 -20 -11 -22 25 24 -24 -6 -3 -28 29 -8
right_child=1 26 4 -5 14 -7 7 -9 -10 17 -12 13 -14 -15 -16 -17 -18 18 19 -21 21 -23 23 -25 -26 -27 27 -29 -30 -31
leaf_value=-0.014019234437205499 -0.016535360838962069 0.020853205037873867 0.020336225850004479 -0.030495949971065257 0.00088598777260390238 0.02374104325325457 0.0089009157977053572 -0.022784632745989623 -0.031982304788750013 0.0050479721179655214 -0.0045037640300627738 -0.010354539010402125 0.0051116885384320564 -0.026769864486635854 0.020166200626050561 0.0084705943969313711 0.0086218045305742896 -0.0025672040597793534 -0.026328690693607885 -0.0014130387848072484 0.020228947996357924 -0.039115056483941098 -0.0020463164820165155 -0.0061780836110973802 -0.030805900703676187 -0.032811306995688426 0.0029539900592005881 -0.034727058648274488 -0.019790091525243955 -0.013467835112315217
leaf_weight=38 35 2114 1240 25 324 33 29 26 43 595 77 25 41 44 127 79 49 828 26 39 30 27 29 246 46 42 347 25 34 25
leaf_count=38 35 2114 1240 25 324 33 29 26 43 595 77 25 41 44 127 79 49 828 26 39 30 27 29 246 46 42 347 25 34 25
internal_value=0.000136343 0.000342348 -0.000376927 -0.00148984 0.000689051 -0.00723077 -0.00125167 -0.00468531 -0.0034 -0.000658625 -0.0059469 -0.00944966 -0.00505 -0.0143429 -0.00120736 -0.00173272 -0.00414493 -0.000271669 -0.00128412 -0.0069697 0.00111485 -0.00434483 -0.00199419 -0.00371429 -0.0118421 -0.000479564 0.00150543 -0.000514745 -0.00773034 -0.00407273
internal_weight=6688 6507 4021 1967 2054 181 1942 285 259 1657 112 148 79 69 814 216 137 1545 893 65 652 57 687 321 75 366 2486 372 88 54
internal_count=6688 6507 4021 1967 2054 181 1942 285 259 1657 112 148 79 69 814 216 137 1545 893 65 652 57 687 321 75 366 2486 372 88 54
is_linear=0
shrinkage=0.04


Tree=27
num_leaves=31
num_cat=0
split_feature=0 8 4 20 5 11 0 13 11 9 19 19 11 4 4 17 13 6 12 5 4 12 16 11 12 18 8 4 1 4
split_gain=6.80679 3.4994 2.61029 2.05806 3.51868 4.83784 1.88238 1.71582 1.71007 1.67547 1.6966 1.52402 2.5778 2.0461 2.53143 2.36465 2.07078 1.58776 2.26077 1.44101 1.43552 1.35691 1.12973 1.72375 1.62804 2.05734 1.43045 2.31148 1.41418 1.20264
threshold=3.8500000000000001 0.95000000000000007 6.1500000000000012 0.81174490092936691 16.650000000000002 14.750000000000002 7.2500000000000009 5.0500000000000007 6.0500000000000007 57.500000000000007 -0.60785761079279388 0.87837969732492682 1.4500000000000002 10.550000000000002 1.9500000000000002 -1.0000000180025095e-35 7.2500000000000009 2.9666666666666632 83.500000000000014 3.1500000000000008 1.5500000000000003 77.500000000000014 37.500000000000007 4.8500000000000005 77.500000000000014 1.0000000180025095e-35 3.0500000000000003 6.7500000000000009 3.5500000000000003 3.6500000000000008
decision_type=2 2 2 2 2 2 2 2 2 2 2 2 2 2 2 2 2 2 2 2 2 2 2 2 2 2 2 2 2 2
left_child=1 2 19 -2 6 -6 7 -5 -9 -3 -11 13 21 14 15 20 -15 18 -17 -1 -12 -13 24 -24 -16 29 -25 -28 -29 -26
right_child=3 9 -4 4 5 -7 -8 8 -10 10 11 12 -14 16 22 17 -18 -19 -20 -21 -22 -23 23 26 25 -27 27 28 -30 -31
leaf_value=-0.013336873398560828 0.013768799941708539 0.013695390733115256 0.0013258917872964 -0.00039819711733945969 -0.044116295784772545 0.028620819956740848 0.011134506436685423 0.0039960051530069174 -0.020418017320364534 0.00080155698217034054 -0.015873946423112757 -0.023831085189051773 0.0088325740242967184 -0.013551270548376104 0.050648485164578691 -0.0081816075250365963 -0.031245740556665399 0.010443921754376813 -0.02680063260922402 -0.01714873554671565 -0.0071942679712126579 -0.0053799838681957883 0.0084409235421585866 -0.0021298030730552472 -0.019455094120169877 -0.022775376858052674 -0.0049017751764045747 -0.039836651512479081 -0.010853620998645492 0.0034380823612041693
leaf_weight=63 3753 241 46 142 40 50 391 30 49 504 25 27 206 51 25 90 26 31 27 47 25 41 226 245 32 26 128 34 28 39
leaf_count=63 3753 241 46 142 40 50 391 30 49 504 25 27 206 51 25 90 26 31 27 47 25 41 226 245 32 26 128 34 28 39
internal_value=7.05638e-05 -0.00173142 -0.00749045 0.000973968 -0.0010128 -0.00835165 7.83036e-05 -0.00286486 -0.00755 -0.00129548 -0.00170713 -0.00245461 0.000203637 -0.00314259 -0.00264358 -0.00667337 -0.00938462 -0.00408054 -0.00620339 -0.0108108 -0.0141176 -0.00649275 -0.00161735 -0.000960725 -0.00513821 -0.00746939 -0.00243119 -0.00502618 -0.0113016 -0.00383333
internal_weight=6688 2233 156 4455 702 90 612 221 79 2077 1836 1332 274 1058 981 198 77 148 117 110 50 68 783 661 122 97 435 190 62 71
internal_count=6688 2233 156 4455 702 90 612 221 79 2077 1836 1332 274 1058 981 198 77 148 117 110 50 68 783 661 122 97 435 190 62 71
is_linear=0
shrinkage=0.04


Tree=28
num_leaves=31
num_cat=0
split_feature=0 0 7 11 5 14 8 19 13 0 19 19 13 9 5 14 4 15 5 4 18 11 13 7 11 7 5 11 13 14
split_gain=7.05947 2.51581 2.60071 2.47344 5.59516 2.22353 2.49365 2.12915 2.06863 2.28329 6.58947 1.98032 2.18685 1.97768 1.96036 3.2691 2.15999 1.91128 1.94247 1.75308 2.30783 1.68095 1.53718 1.32065 1.24518 1.22808 1.04835 1.01591 1.77843 1.96122
threshold=1.5500000000000003 5.4500000000000011 5.9854166666666684 10.550000000000002 18.350000000000005 159.50000000000003 0.45000000000000007 -0.60785761079279388 2.8500000000000001 13.850000000000003 -0.60785761079279388 0.87837969732492682 7.6500000000000012 87.500000000000014 5.9500000000000011 292.50000000000006 11.250000000000002 1.0000000180025095e-35 8.4500000000000011 3.1500000000000008 -0.12940952255126037 17.250000000000004 4.2500000000000009 3.6854166666666672 14.050000000000002 11.483333333333334 2.6500000000000008 3.1500000000000008 0.75000000000000011 197.50000000000003
decision_type=2 2 2 2 2 2 2 2 2 2 2 2 2 2 2 2 2 2 2 2 2 2 2 2 2 2 2 2 2 2
left_child=5 2 -2 4 8 -1 -7 -8 27 25 -11 12 17 19 24 16 21 -4 -19 20 -9 -16 -5 -24 -14 -10 -21 -3 29 -29
right_child=1 3 11 22 -6 6 7 13 9 10 -12 -13 14 -15 15 -17 -18 18 -20 26 -22 -23 23 -25 -26 -27 -28 28 -30 -31
leaf_value=-0.0036463248483272724 0.0004890728871412151 0.02853303259724832 -0.0007098609997425395 0.080975308460900841 -0.03582633303770804 -0.017900003813372489 0.00056065697609992331 -0.0098841556902158154 -0.00053452691528695225 0.088190016622064576 -0.047073143888571652 0.012517033678645088 -0.017288224217712814 0.0015157841536150454 -0.024114387021055634 -0.024921928936116916 -0.042376035524679168 -0.016414904775798749 0.0002027670882482438 -0.018451272285386889 -0.015999728817516507 0.051415728756552356 -0.021595240589308801 0.012669841519769076 0.0080994538711691658 -0.0068165419604375027 -0.012582037762180283 0.041332425459555379 0.01506411146432407 -0.040643738530782882
leaf_weight=159 2021 501 316 950 40 34 77 40 684 32 28 86 31 47 41 25 33 38 30 30 29 40 27 986 43 33 56 26 180 25
leaf_count=159 2021 501 316 950 40 34 77 40 684 32 28 86 31 47 41 25 33 38 30 30 29 40 27 986 43 33 56 26 180 25
internal_value=7.65437e-05 0.000434937 -0.00048207 0.00114091 -5.41934e-05 -0.00463425 -0.00658599 -0.0053 0.000341722 -0.00109512 -0.00852459 -0.00261403 -0.00343144 -0.00744828 -0.0066729 -0.00945714 -0.00646956 -0.00162078 -0.00765217 -0.00961538 -0.0143429 -0.00287805 0.0020835 0.000998028 -0.00138667 -0.000462395 -0.00570115 0.0018663 -0.000327586 -0.00684615
internal_weight=6688 6216 2704 3512 1549 472 313 279 1509 777 60 683 597 202 213 139 114 384 68 155 69 81 1963 1013 74 717 86 732 231 51
internal_count=6688 6216 2704 3512 1549 472 313 279 1509 777 60 683 597 202 213 139 114 384 68 155 69 81 1963 1013 74 717 86 732 231 51
is_linear=0
shrinkage=0.04


Tree=29
num_leaves=31
num_cat=0
split_feature=0 10 17 14 10 5 19 12 8 7 11 19 10 9 19 11 11 16 19 9 0 15 10 11 3 7 5 14 17 15
split_gain=6.52714 2.87973 2.41492 2.84368 2.13893 2.34132 2.10925 2.52181 1.89983 1.97554 1.89191 2.79345 3.509 1.90004 1.77491 1.73306 2.89068 1.443 2.15649 5.30414 3.74645 1.85128 1.53293 1.3617 1.76929 1.85894 1.41968 1.35779 1.26387 3.24356
threshold=1.5500000000000003 8.5500000000000025 0.12940952255126045 159.50000000000003 0.65000000000000002 1.6500000000000001 0.87837969732492682 93.500000000000014 5.9500000000000011 5.9854166666666684 15.950000000000001 -1.0000000180025095e-35 5.9500000000000011 65.500000000000014 -1.0000000180025095e-35 2.3500000000000001 7.0500000000000007 67.500000000000014 0.6078576107927941 71.500000000000014 2.7500000000000004 0.25000000000000006 7.8500000000000005 14.750000000000002 4.9500000000000011 4.9062500000000009 3.5500000000000003 294.50000000000006 -1.0000000180025095e-35 1.0000000180025095e-35
decision_type=2 2 2 2 2 2 2 2 2 2 2 2 2 2 2 2 2 2 2 2 2 2 2 2 2 2 2 2 2 2
left_child=2 6 3 -1 -5 14 7 8 9 17 11 13 -13 -11 -6 -7 -17 18 21 -20 -21 22 -2 -19 -25 -26 -27 -12 29 -10
right_child=1 -3 -4 4 5 15 -8 -9 28 10 27 12 -14 -15 -16 16 -18 23 19 20 -22 -23 -24 24 25 26 -28 -29 -30 -31
leaf_value=-0.0040889411586093067 0.0042719040339755298 0.020597104786427515 0.0027759412978368113 2.1374962090788316e-05 0.0028704339476227749 -0.018809028384625195 0.0081902630305409115 -0.023522615072992834 0.00056879228130052458 -0.02990328471809639 0.001873786990855016 -0.023234357838065149 0.018981458811592352 0.012639079655324729 -0.015588224898527434 -0.0015967466387764872 -0.019172504177958766 0.0046456703327146919 0.020850206777289215 -0.01815766928769013 -0.0085672208903807435 -0.032534643824266948 -0.013432189610290324 0.0034119820792630679 -0.027556903842393995 -0.039252090130359928 0.06346367132457735 -0.018990518095839681 0.014239671199476018 -0.019716103988605804
leaf_weight=120 267 2182 110 44 41 30 545 29 838 46 139 98 41 83 30 29 68 606 48 29 27 26 49 140 26 30 34 45 816 72
leaf_count=120 267 2182 110 44 41 30 545 29 838 46 139 98 41 83 30 29 68 606 48 29 27 26 49 140 26 30 34 45 816 72
internal_value=6.45838e-05 0.000409201 -0.00446512 -0.00603857 -0.00852675 -0.0102915 -0.000224039 -0.000585673 -0.000485409 -0.00142017 -0.00369095 -0.005829 -0.00974286 -0.00156923 -0.00438889 -0.0135312 -0.0107347 -0.000617303 -0.0024519 -0.00746667 -0.0157193 -0.000909621 -5.0473e-05 0.000363202 -0.00225108 -0.00659341 -0.00283077 -0.000562162 0.000453967 -0.000570801
internal_weight=6688 6216 472 362 242 198 4034 3489 3460 1734 452 268 139 129 71 127 97 1282 446 104 56 342 316 836 230 90 64 184 1726 910
internal_count=6688 6216 472 362 242 198 4034 3489 3460 1734 452 268 139 129 71 127 97 1282 446 104 56 342 316 836 230 90 64 184 1726 910
is_linear=0
shrinkage=0.04


Tree=30
num_leaves=31
num_cat=0
split_feature=8 10 12 14 19 19 0 7 16 8 12 18 4 13 8 17 19 17 7 4 12 19 13 14 9 4 8 14 19 4
split_gain=7.79824 2.86351 3.14047 2.31086 3.00463 3.98289 2.1082 3.41218 1.84604 2.02902 1.71258 1.64273 1.65437 1.56981 1.73013 1.70916 1.51921 1.50282 1.48723 1.35773 2.00301 2.3052 2.45793 1.41656 1.25621 1.19385 1.49361 1.55105 1.81527 1.60081
threshold=1.3500000000000003 11.950000000000001 93.500000000000014 275.50000000000006 -1.0000000180025095e-35 0.6078576107927941 7.2500000000000009 10.283333333333335 1337.5000000000002 5.8500000000000005 74.500000000000014 0.60355339059327384 1.1500000000000001 6.8500000000000005 14.250000000000002 0.25881904510252091 -0.60785761079279388 0.12940952255126045 11.80625 6.9500000000000011 34.500000000000007 -1.0000000180025095e-35 8.5500000000000025 107.50000000000001 75.500000000000014 3.0500000000000003 2.5500000000000003 184.50000000000003 -0.60785761079279388 2.0500000000000003
decision_type=2 2 2 2 2 2 2 2 2 2 2 2 2 2 2 2 2 2 2 2 2 2 2 2 2 2 2 2 2 2
left_child=3 2 6 4 -1 -6 7 11 16 -10 -8 25 -13 15 -15 -12 -9 -7 -18 -14 -21 23 -23 -22 -5 26 27 28 -2 -30
right_child=1 -3 -4 24 5 17 10 8 9 -11 13 12 19 14 -16 -17 18 -19 -20 20 21 22 -24 -25 -26 -27 -28 -29 29 -31
leaf_value=0.00033774120953398236 -0.00059363036294326848 0.036049460652132527 -0.033526399379828493 -0.01192382410683571 -0.018971476545414423 -0.017700169179190543 0.031018056411641012 0.018108573146696116 -0.011681618833425049 -0.02171659813986759 -0.013943072032299313 -0.015903384678295183 -6.278075545124257e-06 0.00041193252960734479 -0.037673202595050907 0.019063494998860144 -0.010419817945741627 0.056041697331823175 0.0010226392883478693 0.0015525081682087722 -0.026383300029886821 -0.021123310250487543 -0.034148647114230574 0.011789103655447331 -0.0075231483487573124 0.0056102410054921286 0.0009009498825735293 0.0042486258744853164 -0.024579773652172891 -0.011004427177980398
leaf_weight=113 44 1026 47 28 41 59 1288 55 25 26 247 46 645 28 25 289 50 27 31 161 36 103 45 68 25 1363 512 71 36 33
leaf_count=113 44 1026 47 28 41 59 1288 55 25 26 247 46 645 28 25 289 50 27 31 161 36 103 45 68 25 1363 512 71 36 33
internal_value=1.39522e-05 0.000311062 -6.52131e-05 -0.00635374 -0.0046473 -0.00884375 2.83093e-05 -0.000572963 -0.00580851 -0.0122308 0.00110117 -0.000261694 -0.00150588 -0.000684746 -0.00718518 -2.9795e-05 -0.00332847 -0.00386207 -0.00678049 -0.00117847 -0.00296618 -0.00518577 -0.00837584 -0.000609524 -0.0138519 0.000405825 -0.000941176 -0.00402162 -0.00691228 -0.0109143
internal_weight=6593 6300 5274 293 240 127 5227 3350 187 51 1877 3163 1104 589 53 536 136 86 81 1058 413 252 148 104 53 2059 696 184 113 69
internal_count=6593 6300 5274 293 240 127 5227 3350 187 51 1877 3163 1104 589 53 536 136 86 81 1058 413 252 148 104 53 2059 696 184 113 69
is_linear=0
shrinkage=0.04


Tree=31
num_leaves=31
num_cat=0
split_feature=8 10 12 14 17 5 19 7 7 4 5 0 0 7 19 5 5 11 12 16 4 20 9 19 9 11 7 16 17 8
split_gain=6.9703 2.51242 2.23208 2.17843 2.73441 3.07506 4.78099 2.01912 1.73998 1.71678 2.05572 2.19162 1.77446 1.76457 2.64329 1.70928 3.43422 2.6707 2.19392 1.57129 1.27863 2.25495 2.57857 1.45064 2.06837 1.36034 1.21135 1.16222 0.903931 1.27349
threshold=1.3500000000000003 11.950000000000001 93.500000000000014 160.50000000000003 0.12940952255126045 2.7500000000000004 -1.0000000180025095e-35 14.639583333333336 4.377083333333335 14.65 17.150000000000002 10.850000000000003 3.5500000000000003 7.0979166666666673 1.0000000180025095e-35 10.950000000000001 6.0500000000000007 19.350000000000005 31.500000000000004 197.50000000000003 1.9500000000000002 -0.56174490092936669 80.500000000000014 -0.8783796973249266 67.500000000000014 21.750000000000004 3.339583333333334 1132.5000000000002 0.60355339059327384 18.050000000000004
decision_type=2 2 2 2 2 2 2 2 2 2 2 2 2 2 2 2 2 2 2 2 2 2 2 2 2 2 2 2 2 2
left_child=3 2 7 -1 5 6 -5 9 -7 10 12 -12 13 20 -15 16 27 -18 -19 -13 21 22 -2 24 -22 -26 -23 -11 29 -14
right_child=1 -3 -4 4 -6 8 -8 -9 -10 15 11 19 28 14 -16 -17 17 18 -20 -21 23 26 -24 -25 25 -27 -28 -29 -30 -31
leaf_value=-0.003961535061149297 -0.02244475452807387 0.034607482226047218 -0.032185343404635351 0.0058184678730312236 0.0033648255072126466 -0.015837121112917647 -0.016561881325549289 0.12415024919793716 -0.029483651903046356 0.021517749296977758 0.0011973261906513351 -0.0071754505305678517 0.0024314691118678708 0.0060568844564458466 -0.025863216647212174 0.0086612465147282488 -0.0325390009012251 -0.01214959051053373 0.0081390163271785766 -0.055147296813964186 -0.0098849696708890843 0.00034347724143125511 0.010019550828229242 0.0018139017916899045 0.0081959878490586273 -0.025758918249853519 -0.017923589264123681 -0.013928057822338262 0.021515774301302547 -0.035044337847316427
leaf_weight=96 47 1026 47 47 40 49 32 309 29 65 59 40 1997 47 47 84 36 29 39 25 46 209 27 1047 82 25 28 26 854 59
leaf_count=96 47 1026 47 47 40 49 32 309 29 65 59 40 1997 47 47 84 36 29 39 25 46 209 27 1047 82 25 28 26 854 59
internal_value=7.46134e-05 0.000355499 3.03332e-06 -0.00594558 -0.00834343 -0.0107089 -0.00505 8.1867e-05 -0.0163038 -0.00011547 6.81036e-05 -0.004992 0.000208149 -0.000859278 -0.00614737 -0.00315714 -0.00520408 -0.0101333 -0.00533333 -0.01 -0.000526455 -0.00280769 -0.00885333 6.66113e-05 -0.00355844 -0.000481481 -0.000890756 0.000478261 0.000796977 0.000342246
internal_weight=6593 6300 5274 293 197 157 79 5227 78 4918 4639 124 4515 1605 94 279 195 104 68 65 1511 311 74 1200 153 107 237 91 2910 2056
internal_count=6593 6300 5274 293 197 157 79 5227 78 4918 4639 124 4515 1605 94 279 195 104 68 65 1511 311 74 1200 153 107 237 91 2910 2056
is_linear=0
shrinkage=0.04


Tree=32
num_leaves=31
num_cat=0
split_feature=8 10 14 11 1 5 14 12 0 20 14 4 13 4 11 6 17 9 14 18 3 3 5 10 9 20 14 8 9 5
split_gain=6.63138 2.56557 2.19336 1.97215 3.45586 2.6789 2.48998 2.46825 2.00914 2.69947 4.00325 1.81979 2.33413 1.69955 2.33894 2.08638 1.69904 2.02888 1.66273 1.53062 1.52258 3.01624 1.76145 1.69719 2.83851 1.42508 1.69363 2.41454 1.31198 1.21016
threshold=1.3500000000000003 11.950000000000001 275.50000000000006 13.250000000000002 13.15 7.7500000000000009 152.50000000000003 93.500000000000014 6.6500000000000012 0.81174490092936691 198.50000000000003 14.65 6.4500000000000011 6.8500000000000005 4.4500000000000011 2.3249999999999971 0.25881904510252091 68.500000000000014 122.50000000000001 -0.5 7.1500000000000012 8.3500000000000032 7.4500000000000011 4.3500000000000005 81.500000000000014 -0.22252093395631442 250.50000000000003 4.7500000000000009 84.500000000000014 13.250000000000002
decision_type=2 2 2 2 2 2 2 2 2 2 2 2 2 2 2 2 2 2 2 2 2 2 2 2 2 2 2 2 2 2
left_child=2 3 16 4 7 -6 -7 13 9 11 -11 25 -13 15 29 28 17 -1 -19 -16 23 -22 -23 24 -21 26 -5 -28 -2 -15
right_child=1 -3 -4 8 5 6 -8 -9 -10 10 -12 12 -14 14 19 -17 -18 18 -20 20 21 22 -24 -25 -26 -27 27 -29 -30 -31
leaf_value=0.0056990156756127229 -0.0067874888496524122 0.033223182937005324 -0.0098041291000705039 0.0024578271750331313 -0.0063106158025080048 -0.038873099946280132 -0.017215174615817154 -0.044610193319965755 0.033496042223300257 0.0046039926653404844 -0.043439753288902372 0.026120438710836816 -0.037544501632625106 0.0044818093979927523 0.0078107541388634264 0.0049422374354452462 0.0043944248103375792 -0.005394649424329631 -0.016261909776750225 -0.024594580997340538 -0.031621642504400589 -0.0090900708005066909 -0.021202750542132477 0.0020497285259679912 -0.00042630355332356698 0.020713936363373979 -0.034986676031669613 0.0080643910632121479 0.021712352986360733 -0.016993943162945762
leaf_weight=53 402 1026 53 268 63 25 42 30 1225 49 41 33 34 393 68 1636 43 35 109 28 36 104 36 117 38 416 51 44 63 32
leaf_count=53 402 1026 53 268 63 25 42 30 1225 49 41 33 34 393 68 1636 43 35 109 28 36 104 36 117 38 416 51 44 63 32
internal_value=6.24812e-05 0.000336455 -0.00580952 -1.97155e-05 -0.000664097 -0.0070229 -0.0125294 -0.000384718 0.000908418 -0.000486659 -0.00703297 0.000217237 -0.00605882 -0.000266757 -0.00177257 0.000344434 -0.00414938 -0.00571717 -0.00816552 -0.00385981 -0.0049 -0.00754802 -0.00482269 -0.00232609 -0.00740298 0.000764103 -0.00106593 -0.005625 -0.00201717 0.000328639
internal_weight=6593 6300 293 5274 3113 130 67 2983 2161 936 90 846 67 2953 852 2101 240 197 144 427 359 176 140 183 66 779 363 95 465 425
internal_count=6593 6300 293 5274 3113 130 67 2983 2161 936 90 846 67 2953 852 2101 240 197 144 427 359 176 140 183 66 779 363 95 465 425
is_linear=0
shrinkage=0.04


Tree=33
num_leaves=31
num_cat=0
split_feature=0 10 0 17 5 11 5 16 11 1 19 11 7 19 4 9 6 8 4 9 11 7 5 14 10 11 19 10 2 3
split_gain=6.18705 2.32856 1.6885 2.71849 1.78857 1.58145 4.76101 3.10371 3.08881 2.1173 4.07338 1.84264 5.76614 2.87544 2.1308 1.59316 1.52367 1.4071 2.21948 2.21418 2.48264 1.96263 2.13242 2.68351 1.97762 1.67894 1.56101 3.2924 2.37143 3.50092
threshold=1.5500000000000003 11.950000000000001 0.75000000000000011 -1.0000000180025095e-35 2.7500000000000004 9.3500000000000032 17.150000000000002 702.50000000000011 3.5500000000000003 13.15 -0.60785761079279388 18.650000000000002 7.7729166666666671 -0.8783796973249266 7.2500000000000009 62.500000000000007 5.841666666666665 10.15 7.3500000000000005 50.500000000000007 1.9500000000000002 2.9354166666666672 3.2500000000000004 194.50000000000003 7.5500000000000007 7.9500000000000011 -1.0000000180025095e-35 3.4500000000000006 7.2500000000000009 10.250000000000002
decision_type=2 2 2 2 2 2 2 2 2 2 2 2 2 2 2 2 2 2 2 2 2 2 2 2 2 2 2 2 2 2
left_child=2 5 3 4 -1 6 9 16 -8 17 -11 12 -9 14 -13 -15 -7 18 19 20 -2 22 -21 24 -24 26 -20 -28 -29 -30
right_child=1 -3 -4 -5 -6 7 8 11 -10 10 -12 13 -14 15 -16 -17 -18 -19 25 21 -22 -23 23 -25 -26 -27 27 28 29 -31
leaf_value=-0.014578396976531656 -0.037132744558531813 0.032203549964155094 -0.0070464158992866593 -0.0066124351625809217 -0.021069897606638476 0.00022197345529624421 -0.0017631468373463994 -0.00011002067853818958 -0.040578665900607859 0.083568662872011826 -0.023797482950054946 -0.025084907820759179 -0.044335138814552963 -0.050381424783279637 -0.0075753146766805073 0.010402557778396692 0.046732986572060681 0.024875837047288792 0.0033043595080900494 2.1818022251598367e-05 0.0019008130909072749 0.007433812367004855 -0.010014492041043384 0.0087550163455009343 -0.016072384273124331 -0.030383659888211758 -0.019941716502348265 0.0022465595156005778 -0.038432968798900707 0.00070042232732136101
leaf_weight=37 42 1025 356 53 37 499 28 155 25 34 48 31 59 29 69 665 988 275 203 359 52 1101 48 42 32 33 40 147 42 39
leaf_count=37 42 1025 356 53 37 499 28 155 25 34 48 31 59 29 69 665 988 275 203 359 52 1101 48 42 32 33 40 147 42 39
internal_value=8.06796e-05 0.000425462 -0.00427273 -0.00821875 -0.01312 7.47151e-05 -0.000617522 0.000793269 -0.0123704 -0.000367218 -0.0066506 -0.000919722 -0.00420465 -3.01885e-05 -0.00633663 0.000886331 0.0019543 -0.000154723 -0.000495186 0.000205128 -0.00572632 0.00056096 -0.00156846 -0.00611382 -0.0103704 -0.0028198 -0.00219492 -0.00419331 -0.00230568 -0.0077561
internal_weight=6593 6110 483 127 74 5085 2590 2495 53 2537 82 1008 214 794 100 694 1487 2455 2180 1676 94 1582 481 122 80 504 471 268 228 81
internal_count=6593 6110 483 127 74 5085 2590 2495 53 2537 82 1008 214 794 100 694 1487 2455 2180 1676 94 1582 481 122 80 504 471 268 228 81
is_linear=0
shrinkage=0.04


Tree=34
num_leaves=31
num_cat=0
split_feature=0 10 0 5 5 12 11 11 18 5 11 5 9 13 5 9 13 4 19 19 12 13 12 16 4 9 5 2 8 5
split_gain=6.25776 2.12056 2.04829 2.46176 1.73732 1.63127 2.67825 1.88651 1.85289 1.83126 3.26318 1.58102 1.44947 1.39319 1.35534 1.80022 1.29322 1.93411 1.25188 2.33153 1.89468 1.156 1.33801 1.43996 1.55946 1.08079 1.71674 1.66203 2.0261 1.01966
threshold=1.7500000000000002 11.850000000000003 0.75000000000000011 8.1500000000000004 2.5500000000000003 87.500000000000014 2.5500000000000003 1.5500000000000003 0.1294095225512602 11.950000000000001 11.450000000000001 5.4500000000000011 110.50000000000001 14.450000000000001 8.0500000000000025 71.500000000000014 9.9500000000000011 1.2500000000000002 0.87837969732492682 0.6078576107927941 30.500000000000004 12.950000000000001 63.500000000000007 1277.5000000000002 8.7500000000000018 63.500000000000007 8.3500000000000032 3.7500000000000004 3.4500000000000006 7.9500000000000011
decision_type=2 2 2 2 2 2 2 2 2 2 2 2 2 2 2 2 2 2 2 2 2 2 2 2 2 2 2 2 2 2
left_child=2 5 3 4 -1 8 7 -7 -2 -8 -11 -9 16 14 -4 -16 17 -10 19 21 -21 22 23 -18 -25 26 27 28 -19 -27
right_child=1 -3 13 -5 -6 6 9 11 12 10 -12 -13 -14 -15 15 -17 18 25 -20 20 -22 -23 -24 24 -26 29 -28 -29 -30 -31
leaf_value=-0.011185452041465552 0.0077717483246832484 0.030890183163747618 -0.0076469782087762971 0.026620405650038037 -0.017399229606932753 -0.010117799895811937 0.0062842924884765564 -0.0077445192357216662 -0.013835305131782202 -0.023742787070757946 0.04061174668151428 -0.054242679209874835 0.05231847918037609 0.0042325935916550771 -0.0014157802413816186 -0.017468605312022076 0.0080745735652120714 0.012197282939812867 0.0032114232604610548 -0.011505393914630417 -0.067903501633328228 0.0028957679356533613 -0.031325835233864396 -0.0082030591423069739 -0.019882472219607133 -0.00061970508523902365 -0.034355456094620644 0.02278976374992879 -0.02417414002754557 0.022749384171281428
leaf_weight=44 2176 1043 374 27 56 106 235 26 55 35 30 27 205 58 25 33 76 28 78 39 31 112 30 38 29 1023 35 108 41 370
leaf_count=44 2176 1043 374 27 56 106 235 26 55 35 30 27 205 58 25 33 76 28 78 39 31 112 30 38 29 1023 35 108 41 370
internal_value=0.000123142 0.000519324 -0.00370874 -0.00821875 -0.0110891 0.00017268 -0.00209565 -0.006275 0.00040581 0.000132891 -0.00575758 -0.0123704 -0.000386255 -0.00252546 -0.00330716 -0.00894915 -0.00070105 -0.000192655 -0.00264516 -0.00365169 -0.0101408 -0.00202797 -0.00406897 -0.00241667 -0.00664706 6.22666e-05 -0.00259155 -0.000966292 -0.00577143 0.000467719
internal_weight=6593 5976 617 127 100 4933 459 159 4474 300 65 53 2298 490 432 58 2093 1660 433 355 70 285 173 143 67 1605 212 177 69 1393
internal_count=6593 5976 617 127 100 4933 459 159 4474 300 65 53 2298 490 432 58 2093 1660 433 355 70 285 173 143 67 1605 212 177 69 1393
is_linear=0
shrinkage=0.04


Tree=35
num_leaves=31
num_cat=0
split_feature=0 17 10 17 14 14 4 9 16 5 18 19 19 9 11 3 11 17 9 3 10 7 7 10 19 7 16 14 11 13
split_gain=4.98041 3.74019 3.03464 2.15023 2.02314 1.80983 1.72296 2.63045 1.95894 1.63537 1.53908 1.47886 2.21762 2.16768 2.53545 4.36604 2.62937 2.94992 1.70669 3.66362 5.13354 1.43398 1.41851 2.56599 1.37017 1.87463 1.33964 1.2825 1.20511 1.17078
threshold=0.75000000000000011 -0.25881904510252113 8.5500000000000025 0.37940952255126054 80.500000000000014 266.50000000000006 1.2500000000000002 54.500000000000007 32.500000000000007 2.9500000000000006 0.78656609248549303 0.87837969732492682 -1.0000000180025095e-35 64.500000000000014 18.650000000000002 6.3500000000000005 1.8500000000000003 -0.25881904510252113 64.500000000000014 5.8500000000000005 5.5500000000000007 3.2270833333333337 2.277083333333334 6.5500000000000007 0.6078576107927941 4.1104166666666675 62.500000000000007 139.50000000000003 3.2500000000000004 5.4500000000000011
decision_type=2 2 2 2 2 2 2 2 2 2 2 2 2 2 2 2 2 2 2 2 2 2 2 2 2 2 2 2 2 2
left_child=1 9 3 4 -2 11 7 8 -4 -1 -7 12 18 -14 15 24 -17 -18 19 -6 -21 27 23 -5 -15 26 -26 -20 -22 -8
right_child=2 -3 6 22 5 10 29 -9 -10 -11 -12 -13 13 14 -16 16 17 -19 21 20 28 -23 -24 -25 25 -27 -28 -29 -30 -31
leaf_value=-0.01370110299585859 0.0047829158384042735 0.0026478903309212305 -0.038146854607170537 0.0036460845968091077 0.005860736853726867 0.0063855187188763774 0.02686354017140025 0.012882969914960279 -0.0008584620122161241 -0.020951809717731012 -0.0090202971140424752 0.001218087039775015 -0.0044841586344864202 -0.0027679215250729795 -0.002146118312420417 -0.0034961165565109186 -0.020792569589194981 -0.0086949416799047517 -0.031513358889676837 -0.033857697429592423 -0.03249052930658456 0.0062604797860961979 0.0095865922216458576 -0.017074192091565181 -0.016594161839837515 -0.027724337299404152 0.00041623644696514562 -0.00095961789670118245 0.0023119066952625787 -0.007707266603752645
leaf_weight=44 697 56 25 78 130 582 1942 47 26 35 268 260 190 140 156 26 70 29 37 38 28 391 1006 34 26 26 37 69 60 166
leaf_count=44 697 56 25 78 130 582 1942 47 26 35 268 260 190 140 156 26 70 29 37 38 28 391 1006 34 26 26 37 69 60 166
internal_value=7.67859e-05 -0.0075 0.000233258 -0.000376341 -0.000895431 -0.00141498 0.00144268 -0.00371717 -0.00992308 -0.01305 9.40072e-05 -0.00216336 -0.00266025 -0.0042796 -0.00563601 -0.00750423 -0.0134921 -0.01644 -0.00115119 -0.00379767 -0.00862992 0.000216868 0.00113673 -0.00311504 -0.0041913 -0.00804444 -0.0041875 -0.00388785 -0.00323595 0.00168421
internal_weight=6719 135 6584 4378 3260 2563 2206 98 51 79 850 1713 1453 700 510 354 125 99 753 256 126 497 1118 112 229 89 63 106 88 2108
internal_count=6719 135 6584 4378 3260 2563 2206 98 51 79 850 1713 1453 700 510 354 125 99 753 256 126 497 1118 112 229 89 63 106 88 2108
is_linear=0
shrinkage=0.04


Tree=36
num_leaves=31
num_cat=0
split_feature=8 14 17 8 1 15 4 7 4 17 5 19 3 5 20 12 0 18 16 13 6 7 1 19 14 19 12 4 19 12
split_gain=4.39045 2.77391 2.76322 1.79041 1.73493 1.64439 2.47135 1.42871 1.92168 1.30932 2.22709 2.76348 1.20296 1.6397 2.177 1.48705 1.22199 1.08578 1.57631 3.2594 2.25302 1.39731 2.95846 1.43346 1.32178 1.40376 1.62434 1.58482 1.75348 1.99932
threshold=1.0500000000000003 161.50000000000003 0.60355339059327384 8.8500000000000032 9.3500000000000032 1.0000000180025095e-35 14.250000000000002 2.0687500000000005 1.4500000000000002 -0.25881904510252113 3.3500000000000001 -1.0000000180025095e-35 15.65 14.350000000000003 0.81174490092936691 55.500000000000007 18.750000000000004 0.1294095225512602 67.500000000000014 4.9500000000000011 4.7749999999999995 6.3562500000000011 6.8500000000000005 1.0000000180025095e-35 358.50000000000006 0.87837969732492682 83.500000000000014 6.6500000000000012 -0.60785761079279388 37.500000000000007
decision_type=2 2 2 2 2 2 2 2 2 2 2 2 2 2 2 2 2 2 2 2 2 2 2 2 2 2 2 2 2 2
left_child=1 -1 3 4 17 12 -7 8 -4 10 11 -3 13 16 15 -15 -5 18 19 21 -21 22 -2 -24 25 26 27 -19 -29 -30
right_child=2 9 7 5 -6 6 -8 -9 -10 -11 -12 -13 -14 14 -16 -17 -18 24 -20 20 -22 -23 23 -25 -26 -27 -28 28 29 -31
leaf_value=0.0017024081682409068 -0.000375518428459505 0.0058651043075295473 0.0025351151055146414 0.015506457260187888 -0.033111832779854557 -0.0011820035389098116 -0.011472919131922147 0.01660031208041118 -0.02324942351697469 -0.0065567703421302217 -0.020845490284102187 -0.013717450054055868 0.082877764460817668 -0.045931193755987074 -0.030649100018649761 0.084239903809501845 -0.029919222124563771 -3.2785593363376539e-05 0.0083896694471033723 -0.0030821667022471054 -0.033620895512279661 0.011630554490066516 -0.03686741909067124 -0.0062232632834654748 -0.032060174616096004 0.0018978434831227594 -0.018245797654934819 0.00053212404532342961 -0.0021815352755727717 -0.018953878944382798
leaf_weight=53 565 30 45 808 30 94 25 1889 30 47 30 27 370 32 46 66 29 641 645 25 25 150 26 26 32 247 130 175 178 203
leaf_count=53 565 30 45 808 30 94 25 1889 30 47 30 27 370 32 46 66 29 641 645 25 25 150 26 26 32 247 130 175 178 203
internal_value=5.35729e-06 -0.00602128 0.000178785 -0.000360691 -0.000906099 0.000788579 -0.0037 0.00143308 -0.00394737 -0.00906667 -0.0119545 -0.00710345 0.00118639 0.000452139 -0.00347586 -8.08079e-05 0.00113127 -0.000810687 -2.18727e-05 -0.00118826 -0.0109804 -0.000536458 -0.00137864 -0.0104151 -0.00152831 -0.00136127 -0.00187651 -0.00141235 -0.00297307 -0.00449215
internal_weight=6719 187 6532 4568 3098 1470 119 1964 75 134 87 57 1351 981 144 98 837 3068 1462 817 50 767 617 52 1606 1574 1327 1197 556 381
internal_count=6719 187 6532 4568 3098 1470 119 1964 75 134 87 57 1351 981 144 98 837 3068 1462 817 50 767 617 52 1606 1574 1327 1197 556 381
is_linear=0
shrinkage=0.04


Tree=37
num_leaves=31
num_cat=0
split_feature=8 11 11 7 5 11 17 13 16 7 4 16 4 3 14 0 17 9 14 13 4 16 4 11 13 9 9 6 14 1
split_gain=3.90355 1.92638 2.2027 7.37074 5.75063 4.8047 2.85779 2.80794 1.83276 1.88386 1.77854 1.75497 1.78826 2.4901 3.64704 1.7437 2.95401 1.68462 1.65202 1.18894 1.16484 1.7512 1.70497 2.06246 1.5332 2.39832 1.56885 2.33537 1.28698 1.95566
threshold=2.3500000000000001 -2.4499999999999997 8.7500000000000018 10.497916666666669 6.4500000000000011 1.5500000000000003 0.60355339059327384 5.2500000000000009 972.50000000000011 7.4520833333333343 1.2500000000000002 62.500000000000007 8.9500000000000011 4.9500000000000011 178.50000000000003 0.75000000000000011 -0.25881904510252113 49.500000000000007 189.50000000000003 0.45000000000000007 6.8500000000000005 77.500000000000014 11.550000000000002 4.1500000000000012 3.1500000000000008 72.500000000000014 60.500000000000007 6.349999999999997 88.500000000000014 2.9500000000000006
decision_type=2 2 2 2 2 2 2 2 2 2 2 2 2 2 2 2 2 2 2 2 2 2 2 2 2 2 2 2 2 2
left_child=15 -2 3 6 -5 -6 10 8 -4 -10 -3 -9 -13 14 -14 16 18 -7 -1 -8 21 24 23 -22 -12 26 27 -26 -25 -30
right_child=1 2 7 4 5 17 19 11 9 -11 20 12 13 -15 -16 -17 -18 -19 -20 -21 22 -23 -24 28 25 -27 -28 -29 29 -31
leaf_value=-0.016048263473571051 0.029122323523967722 -0.016814871170572915 0.040588125952036959 0.0068639731348262038 0.0020013201562779593 -0.031625130520305814 -0.036732895910307747 -0.02051781607962648 -0.01503201241166701 0.0021868820443704065 0.0002211176457476961 0.0071800405665995524 0.0047064677098875522 -0.0028289515154428647 -0.06840972456642691 -0.0050180603150756743 0.0024738783909547448 -0.033754718892809697 -0.010664148215066083 0.018889666715439544 -0.0013477951220269577 0.0098174343067149849 0.027036200907864461 -0.01102782721626736 0.0013493841702903664 -0.021132191974065847 0.010242645666051334 -0.03639568080856552 0.0036867237305096283 -0.022070375673372025
leaf_weight=38 434 101 1467 41 28 25 33 61 48 165 411 660 29 496 25 732 56 66 41 787 217 328 59 55 31 36 77 33 28 111
leaf_count=38 434 101 1467 41 28 25 33 61 48 165 411 660 29 496 25 732 56 66 41 787 217 328 59 55 31 36 77 33 28 111
internal_value=4.7024e-05 0.000418247 0.000212585 -0.000669368 -0.0089441 -0.0133667 -9.18543e-05 0.000949865 0.00202261 -0.00143925 -0.0011371 -0.000468553 -0.000132122 -0.00181488 -0.00989091 -0.00245622 -0.00661765 -0.0177826 -0.01155 0.00180268 -0.000761355 6.97929e-05 -0.00237792 -0.00329126 -0.00123599 -0.00433708 -0.00194366 -0.00652308 -0.00627692 -0.00831429
internal_weight=6719 5852 5418 2467 160 119 2307 2951 1680 213 1487 1271 1210 550 54 867 135 91 79 820 1386 916 470 411 588 177 141 64 194 139
internal_count=6719 5852 5418 2467 160 119 2307 2951 1680 213 1487 1271 1210 550 54 867 135 91 79 820 1386 916 470 411 588 177 141 64 194 139
is_linear=0
shrinkage=0.04


Tree=38
num_leaves=31
num_cat=0
split_feature=0 17 0 7 13 11 5 7 19 9 20 13 4 18 0 17 0 19 7 7 5 19 2 5 4 16 9 9 8 11
split_gain=3.83973 2.95401 2.74262 2.49146 1.58805 1.52811 4.94 1.51816 2.39209 2.60919 2.29088 2.59314 1.95699 2.13369 2.37061 1.54227 1.45235 4.67022 1.54646 1.43657 1.70268 1.43926 1.99673 1.28704 1.26836 1.21199 3.35938 1.07925 2.47478 1.03498
threshold=0.75000000000000011 -0.25881904510252113 7.9500000000000011 10.497916666666669 2.3500000000000001 11.450000000000001 15.750000000000002 2.277083333333334 -0.8783796973249266 84.500000000000014 -0.22252093395631442 2.3500000000000001 2.6500000000000008 0.1294095225512602 2.1500000000000008 0.60355339059327384 13.15 -0.60785761079279388 4.1895833333333341 13.581250000000002 4.7500000000000009 -0.60785761079279388 7.4500000000000011 2.9500000000000006 0.65000000000000002 562.50000000000011 67.500000000000014 55.500000000000007 7.2500000000000009 19.550000000000004
decision_type=2 2 2 2 2 2 2 2 2 2 2 2 2 2 2 2 2 2 2 2 2 2 2 2 2 2 2 2 2 2
left_child=1 23 3 7 -4 6 16 8 -2 10 11 -10 13 -12 -15 24 18 -18 -6 20 -5 -22 -23 -1 -9 -7 -27 28 -17 -28
right_child=2 -3 4 19 5 25 -8 15 9 -11 12 -13 -14 14 -16 27 17 -19 -20 -21 21 22 -24 -25 -26 26 29 -29 -30 -31
leaf_value=-0.012027039731820715 0.0071341993072860941 0.0023749232553165528 0.053750079771222953 0.011657255621943479 -0.029294714756508682 0.059044288600668342 -0.035614314758783204 -0.011724403766901184 -0.012054992366460951 0.0075064398800559276 0.0052146777798684398 -0.014705574165236972 -0.0096591470006699449 0.0086927852312284146 -0.02291807686869209 0.019575588795077099 0.080156978687987254 -0.068458722351189133 0.0093542668088793298 0.01578128582456333 -0.0082063429938046325 -0.0032376253577178745 -0.016168827850896805 -0.01863798717871484 -0.00097517982259032871 -0.069652017927541596 -0.016876579862601368 0.018167532081478456 -0.040859795759864696 0.013792913994746111
leaf_weight=44 68 56 671 35 25 702 37 32 25 49 70 43 31 29 29 173 49 44 372 49 45 51 45 35 2711 26 37 750 49 337
leaf_count=44 68 56 671 35 25 702 37 32 25 49 70 43 31 29 29 173 49 44 372 49 45 51 45 35 2711 26 37 750 49 337
internal_value=3.51192e-05 -0.00661765 0.000172513 -0.000425671 0.0012864 0.000611043 -0.00115909 -0.000198029 -0.00273623 -0.00438989 -0.00619298 -0.0122899 -0.003525 -0.00130233 -0.00691525 3.76751e-05 -8.14662e-05 -0.00455319 0.000974874 -0.00451327 -0.00619209 -0.00814084 -0.0108866 -0.01155 -0.000447522 0.00145784 -0.000299252 0.00140596 -0.00104036 0.000682667
internal_weight=6719 135 6584 4284 2300 1629 527 4059 344 276 227 68 159 128 58 3715 490 93 397 225 176 141 96 79 2743 1102 400 972 222 374
internal_count=6719 135 6584 4284 2300 1629 527 4059 344 276 227 68 159 128 58 3715 490 93 397 225 176 141 96 79 2743 1102 400 972 222 374
is_linear=0
shrinkage=0.04


Tree=39
num_leaves=31
num_cat=0
split_feature=8 14 10 19 19 7 13 12 19 14 11 2 10 4 14 12 18 13 4 11 8 17 14 17 19 5 5 17 12 11
split_gain=3.88149 3.07058 2.58237 2.27015 2.06503 3.22315 2.81864 2.52991 3.52719 3.0926 2.2195 5.17987 2.85972 2.98233 2.49115 2.0206 1.8935 1.81907 1.71698 1.76499 1.63403 1.58817 1.54207 1.52548 2.04879 3.22587 1.47369 1.39936 1.34379 2.65364
threshold=1.0500000000000003 165.50000000000003 8.5500000000000025 0.87837969732492682 -0.60785761079279388 1.9000000000000001 3.8500000000000001 35.500000000000007 -0.8783796973249266 163.50000000000003 17.250000000000004 10.550000000000002 4.6500000000000012 6.4500000000000011 124.50000000000001 36.500000000000007 0.78656609248549303 7.9500000000000011 1.5500000000000003 2.4500000000000006 13.850000000000003 -0.60355339059327362 181.50000000000003 -1.0000000180025095e-35 -1.0000000180025095e-35 2.7500000000000004 5.8500000000000005 -0.60355339059327362 56.500000000000007 6.4500000000000011
decision_type=2 2 2 2 2 2 2 2 2 2 2 2 2 2 2 2 2 2 2 2 2 2 2 2 2 2 2 2 2 2
left_child=1 -1 3 4 7 6 -6 8 9 -2 11 12 13 28 20 -15 -11 26 19 22 -13 -16 -4 24 25 -3 27 -17 -7 -30
right_child=2 23 18 -5 5 10 -8 -9 -10 16 -12 14 -14 15 21 17 -18 -19 -20 -21 -22 -23 -24 -25 -26 -27 -28 -29 29 -31
leaf_value=0.0010699782407297038 -0.011177866552141598 0.0064326072563680647 -0.036628662796316817 0.0051325158363223801 -0.018093623245550302 0.0074198586336133819 -0.015729033486793807 0.0060293411858585513 0.0089254507196156307 -0.025103668578290418 0.0018397330973571628 -0.013043244924372895 0.00069320192749623829 0.068344627455012907 -0.044410940879972854 -0.013650255536903064 -0.0089402524921116736 -0.029234871986931546 0.022604037598029508 0.00081756522035042651 -0.029316171425610948 -0.0059051560439718253 -0.0021213549852083105 -0.0092831025644834128 -0.01700653748621905 -0.0070591896433001497 -0.00036239999436236535 -0.025525778379408563 -0.00051152390536424717 -0.038543412279882942
leaf_weight=59 46 25 37 615 26 134 51 1043 120 28 892 33 764 28 28 37 25 51 2057 82 26 66 27 38 40 25 49 31 166 70
leaf_count=59 46 25 37 615 26 134 51 1043 120 28 892 33 764 28 28 37 25 51 2057 82 26 66 27 38 40 25 49 31 166 70
internal_value=7.08335e-05 -0.00559574 0.00023389 -0.000333487 -0.000706326 -0.0013828 -0.00938462 0.000608076 -0.00329091 -0.00884 -0.00111953 -0.00206739 -0.00126221 -0.00341446 -0.00901299 -0.00739086 -0.0153333 -0.00904142 0.00134846 -0.00282993 -0.0154 -0.00488421 -0.00775385 -0.00905426 -0.0118681 -0.00627451 -0.00620339 -0.00997101 -0.0012938 -0.00310549
internal_weight=6719 187 6532 4329 3714 2452 77 1262 219 99 2375 1483 1330 566 153 196 53 168 2203 146 59 94 64 128 90 50 117 68 370 236
internal_count=6719 187 6532 4329 3714 2452 77 1262 219 99 2375 1483 1330 566 153 196 53 168 2203 146 59 94 64 128 90 50 117 68 370 236
is_linear=0
shrinkage=0.04


Tree=40
num_leaves=31
num_cat=0
split_feature=17 8 15 2 8 9 16 19 12 7 3 9 12 14 20 13 8 2 14 11 11 20 4 7 14 6 12 18 13 4
split_gain=3.65632 3.52815 2.92162 3.41116 1.85613 1.99809 2.54013 3.86502 2.20249 2.13859 4.06456 2.11178 3.47022 2.2376 1.64218 1.89117 1.56503 1.56036 1.45899 1.40877 1.23756 2.12564 2.47679 1.23755 1.14147 1.71843 2.34083 1.26072 1.16881 1.09378
threshold=0.12940952255126045 1.0500000000000003 1.0000000180025095e-35 13.950000000000001 11.850000000000003 71.500000000000014 62.500000000000007 0.6078576107927941 83.500000000000014 6.9395833333333341 5.0500000000000007 91.500000000000014 52.500000000000007 62.500000000000007 0.81174490092936691 9.1500000000000004 1.3500000000000003 9.2500000000000018 171.50000000000003 28.250000000000004 16.950000000000003 -0.56174490092936669 9.1500000000000004 2.4770833333333337 181.50000000000003 8.8250000000000011 86.500000000000014 -0.3794095225512602 8.9500000000000011 11.15
decision_type=2 2 2 2 2 2 2 2 2 2 2 2 2 2 2 2 2 2 2 2 2 2 2 2 2 2 2 2 2 2
left_child=1 18 4 -4 5 24 7 23 -9 16 -11 29 13 -13 -2 -16 -8 -15 -1 -19 21 22 -6 -7 25 28 27 -27 -3 -12
right_child=14 2 3 -5 20 6 9 8 -10 10 11 12 -14 17 15 -17 -18 19 -20 -21 -22 -23 -24 -25 -26 26 -28 -29 -30 -31
leaf_value=-0.0059879110683118833 0.011559176054243335 0.0015085775200253111 -0.010734115391308292 -0.022330738520654609 -0.039118994934414626 -0.005120781816310655 -0.0037910768958804228 -0.029971301474797128 -0.0046293155891482538 -0.015793246883799322 -0.017202242903522406 0.04724164448612924 -0.026716516147710569 -0.0011541081374863179 -0.00055499423489054653 -0.017581719993533335 0.0012583778310376165 -0.026386597008900902 -0.013223116478087184 -0.0040147124525691611 0.078313147498408495 0.016458917045504794 0.0099332119614631703 0.005570295993292694 0.010683360808210586 0.01428648087623513 -0.028730056179384591 -0.035035857803101214 -0.039521175182746358 0.02492817755931713
leaf_weight=50 2596 528 324 33 32 25 32 48 26 29 91 53 26 73 404 37 686 43 90 29 348 188 25 71 468 48 26 29 38 115
leaf_count=50 2596 528 324 33 32 25 32 48 26 29 91 53 26 73 404 37 686 43 90 29 348 188 25 71 468 48 26 29 38 115
internal_value=-2.35933e-05 -0.000890629 -0.000635808 -0.00405587 -0.000237817 -0.000717907 -0.00175964 -0.00631579 -0.01312 -0.00109677 -0.00322609 -0.00222738 -0.00490667 -0.00305528 0.000996708 -0.00125792 0.000267038 -0.00561644 -0.0070922 -0.00975342 0.00177104 -0.000406504 -0.00710345 -0.000989691 0.000516696 -0.000543283 -0.00526923 -0.00169231 0.000324515 0.000695652
internal_weight=6611 3574 3434 357 3077 2484 1347 170 74 1177 459 430 224 198 3037 441 718 145 140 72 593 245 57 96 1137 669 103 77 566 206
internal_count=6611 3574 3434 357 3077 2484 1347 170 74 1177 459 430 224 198 3037 441 718 145 140 72 593 245 57 96 1137 669 103 77 566 206
is_linear=0
shrinkage=0.04


Tree=41
num_leaves=31
num_cat=0
split_feature=0 8 15 13 13 17 5 7 20 5 5 9 11 11 1 14 5 20 20 5 11 10 9 9 9 17 5 20 11 20
split_gain=4.04416 1.92093 1.83318 1.76245 1.64169 1.81404 1.57549 1.34089 1.47488 3.54305 1.88364 1.37734 1.46444 2.15682 1.33483 1.21254 2.47401 1.14785 1.10039 1.96194 3.03845 1.24372 1.43888 3.13406 1.40028 1.07474 2.12485 1.00603 1.98566 1.49556
threshold=4.6500000000000012 1.0500000000000003 1.0000000180025095e-35 2.2500000000000004 0.95000000000000007 -0.70710678118654735 9.9500000000000011 7.0979166666666673 -0.56174490092936669 5.9500000000000011 8.8500000000000032 64.500000000000014 23.050000000000004 7.9500000000000011 9.5500000000000025 171.50000000000003 2.9500000000000006 1.0000000180025095e-35 0.81174490092936691 16.550000000000004 15.750000000000002 0.95000000000000007 99.500000000000014 110.50000000000001 73.500000000000014 0.78656609248549325 4.1500000000000012 -0.22252093395631442 -1.8499999999999999 1.0000000180025095e-35
decision_type=2 2 2 2 2 2 2 2 2 2 2 2 2 2 2 2 2 2 2 2 2 2 2 2 2 2 2 2 2 2
left_child=1 6 3 -2 -4 14 15 27 9 -9 -11 -10 13 -13 -6 -1 -17 -7 21 -20 -21 22 24 -24 -5 26 -19 28 -3 -29
right_child=2 7 4 18 5 17 -8 8 11 10 -12 12 -14 -15 -16 16 -18 25 19 20 -22 -23 23 -25 -26 -27 -28 29 -30 -31
leaf_value=-0.0051715632518536028 0.035851361773945635 0.013706759524626107 -0.031795827602950535 -0.054588034427406944 -0.00014820610004103151 0.035250304889524318 0.0464780634241772 0.073403039246473692 0.013980127250754423 -0.033847197566700973 -0.01073011029890927 0.0018658848267376999 0.013782346913589911 -0.040441293482998221 -0.014363841256067678 -0.0075320552189559577 -0.016728890590598001 0.022944893567768611 -7.6094839629256984e-05 -0.032770338214092476 0.048493946356075499 0.013474208848087929 -0.014994711263789809 0.019050660096181084 0.022533946416994792 0.076719983366411906 -0.027481851628786049 0.0061904206763178996 -0.0059698877995812459 -0.00098528426321025536
leaf_weight=63 976 92 41 35 31 133 26 27 52 26 30 46 53 48 30 55 39 25 341 30 29 1959 59 69 133 28 43 322 824 946
leaf_count=63 976 92 41 35 31 133 26 27 52 26 30 46 53 48 30 55 39 25 341 30 29 1959 59 69 133 28 43 322 824 946
internal_value=6.0511e-07 -0.00120906 0.000809488 0.00106938 -0.00203614 -0.000962199 -0.00515217 -0.000914471 -0.0035053 -0.00795238 -0.013614 -0.00162 -0.00359459 -0.00656842 -0.00703226 -0.00665823 -0.00951579 0.000678261 0.000534639 -0.00139651 -0.00806667 0.00087766 -0.00153535 -0.00471318 0.000899408 -0.00263918 -0.00533333 -0.00057849 -0.00158779 0.0001513
internal_weight=6611 2649 3962 3631 331 290 183 2466 282 83 56 199 147 94 61 157 94 229 2655 400 59 2255 296 128 168 96 68 2184 916 1268
internal_count=6611 2649 3962 3631 331 290 183 2466 282 83 56 199 147 94 61 157 94 229 2655 400 59 2255 296 128 168 96 68 2184 916 1268
is_linear=0
shrinkage=0.04


Tree=42
num_leaves=31
num_cat=0
split_feature=0 15 13 16 7 8 5 19 14 5 19 2 13 12 11 7 9 11 11 7 19 8 14 11 12 12 5 6 19 13
split_gain=3.31322 1.70553 1.68882 1.49017 1.76072 1.41263 1.73951 1.70938 1.33354 2.25994 1.75232 1.29249 1.79851 1.51998 1.28138 1.89859 3.2656 1.27644 1.83629 4.27116 4.21631 3.30383 1.46877 1.17202 1.43364 1.10919 2.49687 1.70489 1.6223 1.0545
threshold=4.6500000000000012 1.0000000180025095e-35 4.6500000000000012 47.500000000000007 6.3145833333333341 1.0500000000000003 8.1500000000000004 0.87837969732492682 171.50000000000003 2.9500000000000006 -1.0000000180025095e-35 14.65 1.0500000000000003 88.500000000000014 -2.0499999999999994 1.9000000000000001 84.500000000000014 9.9500000000000011 3.5500000000000003 8.5437500000000011 -0.60785761079279388 15.450000000000001 139.50000000000003 0.95000000000000007 77.500000000000014 86.500000000000014 4.0500000000000007 6.4749999999999979 -0.8783796973249266 8.9500000000000011
decision_type=2 2 2 2 2 2 2 2 2 2 2 2 2 2 2 2 2 2 2 2 2 2 2 2 2 2 2 2 2 2
left_child=5 2 17 4 -4 6 8 14 -1 10 -10 12 13 -3 -7 16 -16 18 25 -20 -21 22 -22 24 -9 -2 27 -27 -28 -17
right_child=1 11 3 -5 -6 7 -8 23 9 -11 -12 -13 -14 -15 15 29 -18 -19 19 20 21 -23 -24 -25 -26 26 28 -29 -30 -31
leaf_value=-0.0061580257415808004 0.043068929832393153 -0.0011459944402812036 -0.036309378107128441 0.00076828824343087583 0.057223334727637777 0.0061289197572859701 0.01556461603445021 -0.014681093570118015 0.0066709069942800228 -0.016142626860577398 -0.011779795216394492 -0.019055907273400809 0.0023851988611150203 -0.040030138814383227 -0.018032882071745252 -0.0018748273476838471 0.048550701151814125 0.052796299885422782 0.0089895326825481289 0.04520797774667866 -0.023679323755934425 -0.090335970349623498 -0.013292836576404454 0.012625074758135384 0.0050964835025587634 0.0010133510889330779 -0.085966562227123372 -0.03327202876354847 0.01582474222400156 -0.0064211417994825271
leaf_weight=58 620 25 42 1252 38 177 32 29 30 38 25 45 236 25 56 1465 27 1075 263 34 26 26 31 272 50 27 30 30 137 390
leaf_count=58 620 25 42 1252 38 177 32 29 30 38 25 45 236 25 56 1465 27 1075 263 34 26 26 31 272 50 27 30 30 137 390
internal_value=-2.35933e-05 0.000708554 0.000959251 -0.000174043 -0.0054321 -0.00111849 -0.0045 -0.000865829 -0.00628947 -0.00923404 -0.00392857 -0.00203614 -0.00103136 -0.00784314 -0.0012949 -0.00159257 -0.00747619 0.00161565 0.000731429 -0.0015748 -0.0078983 -0.0127143 -0.00710345 0.00171591 -0.00255 0.00177041 -0.00064 -0.0077931 0.00183333 -0.00132543
internal_weight=6611 3962 3631 1332 80 2649 183 2466 151 93 55 331 286 50 2115 1938 83 2299 1224 380 117 83 57 351 79 844 224 57 167 1855
internal_count=6611 3962 3631 1332 80 2649 183 2466 151 93 55 331 286 50 2115 1938 83 2299 1224 380 117 83 57 351 79 844 224 57 167 1855
is_linear=0
shrinkage=0.04


Tree=43
num_leaves=31
num_cat=0
split_feature=10 14 17 8 14 2 13 16 18 12 7 13 19 11 13 9 14 18 6 9 19 5 8 19 9 19 16 5 9 12
split_gain=3.49738 2.34326 2.19365 2.38498 2.43021 2.831 2.97384 2.61492 2.51479 1.96432 3.29986 2.55147 2.97624 1.96017 1.97679 1.95471 1.85359 2.26463 2.16823 1.70354 1.32054 2.23712 1.31041 1.29172 1.66575 1.57223 1.29365 2.8979 1.29927 1.26014
threshold=5.8500000000000005 80.500000000000014 0.12940952255126045 1.1500000000000001 141.50000000000003 10.850000000000003 5.9500000000000011 67.500000000000014 0.1294095225512602 84.500000000000014 5.6229166666666677 1.0500000000000003 -1.0000000180025095e-35 2.4500000000000006 2.1500000000000008 67.500000000000014 181.50000000000003 -0.78656609248549325 5.3083333333333309 54.500000000000007 -1.0000000180025095e-35 2.7500000000000004 6.4500000000000011 -1.0000000180025095e-35 90.500000000000014 0.87837969732492682 562.50000000000011 7.6500000000000012 62.500000000000007 79.500000000000014
decision_type=2 2 2 2 2 2 2 2 2 2 2 2 2 2 2 2 2 2 2 2 2 2 2 2 2 2 2 2 2 2
left_child=1 -1 3 20 5 8 -7 13 -5 -2 11 12 19 14 -6 -10 17 18 -13 -11 21 -3 -17 -4 25 26 28 -28 -25 -30
right_child=9 2 23 4 7 6 -8 -9 15 10 -12 16 -14 -15 -16 22 -18 -19 -20 -21 -22 -23 -24 24 -26 -27 27 -29 29 -31
leaf_value=0.0062885297391438331 0.011031825568385093 0.0065892129522616338 0.01348331827307509 0.0047024146943203627 -0.0031000248260152708 -0.016983698387823511 -0.030560506396642491 -0.00046683621859448804 -0.031740200496756674 -0.039780189147921925 0.0054034525148340734 -0.003681732454100888 -0.0023768482449558754 0.00018135667586824793 -0.01253828687632472 -0.0019922333113583635 0.007429187249953788 -0.005885129060545057 -0.049226517990272278 -0.011019951728227473 -0.01432725590211068 -0.0044847253142073313 -0.040582257278838282 0.029962582645938304 0.033419513722270533 0.011913252459299329 -0.001315889383558072 -0.062928444163269134 -0.0017892448574690124 -0.010114793483718607
leaf_weight=651 2531 33 349 117 46 44 29 1100 37 29 421 45 55 57 44 100 119 164 26 25 60 39 44 41 115 84 47 33 87 39
leaf_count=651 2531 33 349 117 46 44 29 1100 37 29 421 45 55 57 44 100 119 164 26 25 60 39 44 41 115 84 47 33 87 39
internal_value=-1.75437e-05 -0.000968408 -0.0015161 -0.00230725 -0.00188264 -0.00472043 -0.0117297 -0.00103526 -0.0029699 0.000872365 -0.000750282 -0.00307759 -0.0084 -0.00602703 -0.00967033 -0.00591209 -0.00141972 -0.00347458 -0.00938889 -0.0149818 -0.00745865 -0.00372603 -0.00375172 0.000226131 -0.0011991 -0.00263855 -0.00424194 -0.00839506 -0.00221429 -0.00422047
internal_weight=6611 3196 2545 1750 1618 371 73 1247 298 3415 884 463 109 147 90 181 354 235 71 54 132 72 144 795 446 331 247 80 167 126
internal_count=6611 3196 2545 1750 1618 371 73 1247 298 3415 884 463 109 147 90 181 354 235 71 54 132 72 144 795 446 331 247 80 167 126
is_linear=0
shrinkage=0.04


Tree=44
num_leaves=31
num_cat=0
split_feature=10 14 11 11 7 7 9 19 2 15 17 8 14 2 13 16 3 19 17 9 6 12 2 12 12 7 13 19 5 16
split_gain=3.32707 2.11623 1.82698 2.66828 3.46682 4.35517 2.27989 3.01693 2.68439 2.02735 1.80031 2.54651 2.18125 1.9759 2.2874 1.97125 2.74649 1.73932 2.19832 3.56636 2.08826 1.83904 2.54237 1.56815 1.5337 1.51931 1.33733 1.32054 2.23712 1.31399
threshold=5.7500000000000009 80.500000000000014 10.15 -2.4499999999999997 10.756250000000003 11.80625 53.500000000000007 -0.8783796973249266 4.6500000000000012 1.0000000180025095e-35 0.12940952255126045 1.1500000000000001 141.50000000000003 10.850000000000003 5.9500000000000011 67.500000000000014 2.7500000000000004 1.0000000180025095e-35 1.0000000180025095e-35 69.500000000000014 1.7833333333333299 66.500000000000014 4.2500000000000009 89.500000000000014 87.500000000000014 5.4854166666666675 4.9500000000000011 -1.0000000180025095e-35 2.7500000000000004 62.500000000000007
decision_type=2 2 2 2 2 2 2 2 2 2 2 2 2 2 2 2 2 2 2 2 2 2 2 2 2 2 2 2 2 2
left_child=1 -1 3 -2 6 -6 7 8 -5 -9 11 27 13 -13 -15 16 -14 20 19 -19 -8 -21 -23 -22 -18 -25 -4 28 -3 -28
right_child=2 10 26 4 5 -7 17 9 -10 -11 -12 12 15 14 -16 -17 24 18 -20 21 23 22 -24 25 -26 -27 29 -29 -30 -31
leaf_value=0.0059195111409056835 0.038621024692455021 0.0063256444341711713 0.042871147703607816 -0.00245773806975898 -0.042536472696859062 -0.004771197346082225 -0.0097331637286293144 -0.00087126861150934535 -0.090522528786447648 -0.026960755641218075 0.0015191742135743595 -0.010969579901109614 -0.017426292171189461 -0.014373307984675194 -0.029338086140776799 -0.00038596491252994726 0.0013080534960702734 -0.0026044752336460281 0.011877984233963896 -0.0038658968682190259 0.012495454789696284 -0.012473740246967274 -0.065876761397929279 -0.03045899646086344 -0.023268237106921018 0.027175858539368384 -0.017241697703772475 -0.013754165666026252 -0.0043053363016390392 0.0066378939268359697
leaf_weight=645 336 33 900 25 40 70 28 286 25 32 775 294 42 43 29 1094 74 159 384 27 731 30 25 37 25 25 79 60 39 219
leaf_count=645 336 33 900 25 40 70 28 286 25 32 775 294 42 43 29 1094 74 159 384 27 731 30 25 37 25 25 79 60 39 219
internal_value=4.29524e-05 -0.000896639 0.000899682 0.000229987 -0.000344935 -0.00720721 7.49313e-05 -0.00273171 -0.0117647 -0.001279 -0.00142208 -0.00213841 -0.00169538 -0.00440327 -0.0103014 -0.000889967 -0.00532394 0.000790601 -0.000798722 -0.00378512 0.002 -0.010506 -0.0146429 0.00238287 -0.00164 -0.00368254 0.0021618 -0.00745865 -0.00372603 -0.000160535
internal_weight=6611 3153 3458 2260 1924 110 1814 368 50 318 2508 1733 1601 366 72 1235 141 1446 625 241 821 82 55 793 99 62 1198 132 72 298
internal_count=6611 3153 3458 2260 1924 110 1814 368 50 318 2508 1733 1601 366 72 1235 141 1446 625 241 821 82 55 793 99 62 1198 132 72 298
is_linear=0
shrinkage=0.04


Tree=45
num_leaves=31
num_cat=0
split_feature=0 13 18 19 4 0 4 5 3 5 19 16 9 12 14 4 16 7 18 7 6 17 8 20 12 13 13 7 19 8
split_gain=3.9639 1.95146 1.89818 1.85875 2.68544 1.5664 1.6947 2.1672 1.51321 2.65607 1.4641 1.80057 2.11173 1.26447 1.60275 1.3482 1.42997 1.78042 2.79053 1.72243 1.25213 1.21443 1.20386 1.20014 2.18781 1.84865 1.5322 1.28501 1.1862 2.29429
threshold=5.0500000000000007 2.6500000000000008 0.37940952255126048 0.87837969732492682 1.1500000000000001 2.2500000000000004 3.3500000000000001 8.0500000000000025 5.2500000000000009 1.8500000000000003 -0.60785761079279388 42.500000000000007 66.500000000000014 84.500000000000014 111.50000000000001 4.8500000000000005 1722.5000000000002 5.0979166666666682 0.78656609248549303 6.7729166666666671 1.5333333333333299 0.78656609248549325 2.5500000000000003 -0.22252093395631442 52.500000000000007 7.8500000000000005 3.9500000000000006 7.3854166666666679 -1.0000000180025095e-35 5.0500000000000007
decision_type=2 2 2 2 2 2 2 2 2 2 2 2 2 2 2 2 2 2 2 2 2 2 2 2 2 2 2 2 2 2
left_child=2 -2 5 4 22 6 7 10 13 -10 -1 12 -12 15 -15 20 17 18 -17 -19 -6 -3 -4 24 25 26 -7 -26 -11 -30
right_child=1 21 3 -5 8 23 -8 -9 9 28 11 -13 -14 14 -16 16 -18 19 -20 -21 -22 -23 -24 -25 27 -27 -28 -29 29 -31
leaf_value=0.0020860935181136551 0.022632715043472168 -0.00097009098752692108 -0.013758785392128362 0.0026769516971750602 -0.0033611903072612065 -0.018065727414487868 0.0010568077814846113 -0.016775363834326741 -0.033124021140772751 -0.00088206677184927377 -0.0098612381217806997 -0.0017479544208006807 -0.0083719296455159152 -0.036748617298943818 -0.0055837035911546163 -0.0097553624491703624 0.0031200121196101895 0.0033485038606442226 -0.024415528918261879 -0.02104774291318931 0.0054141370996294491 0.021087789520074916 -0.015808572815642016 0.0091986593299458238 0.0029205146157398193 0.016545696598626841 -0.032061782744374233 -0.0065663992385600421 -0.0078241431273692336 -0.013094635100972894
leaf_weight=79 1173 1912 25 197 90 36 265 33 38 124 31 80 25 29 59 50 49 90 50 34 312 617 32 603 390 26 25 26 105 27
leaf_count=79 1173 1912 25 197 90 36 265 33 38 124 31 80 25 29 59 50 49 90 50 34 312 617 32 603 390 26 25 26 105 27
internal_value=7.23669e-06 0.000877127 -0.00109178 -0.00222256 -0.00285561 -0.000175308 -0.002 -0.00436948 -0.00239319 -0.00482712 -0.00287037 -0.00537226 -0.010807 -0.00145026 -0.00593258 -0.000857988 -0.0030219 -0.00437333 -0.00831683 -0.001152 0.000615385 0.000251384 -0.0112414 0.000672087 -0.000769841 -0.0065 -0.0102581 0.000441247 -0.00333074 -0.00595489
internal_weight=6632 3702 2930 1311 1114 1619 513 248 1057 294 215 136 56 763 88 675 273 224 100 124 402 2529 57 1106 503 87 61 416 256 132
internal_count=6632 3702 2930 1311 1114 1619 513 248 1057 294 215 136 56 763 88 675 273 224 100 124 402 2529 57 1106 503 87 61 416 256 132
is_linear=0
shrinkage=0.04


Tree=46
num_leaves=31
num_cat=0
split_feature=10 4 12 6 18 19 19 12 19 14 13 0 4 4 13 16 6 13 13 3 3 16 8 1 12 5 8 5 4 13
split_gain=3.90078 2.1052 2.38578 2.13158 2.06714 2.01286 2.00099 2.01055 1.94356 2.02173 2.59365 1.82963 3.29841 1.86441 1.3633 1.3799 1.34513 2.62263 2.35865 1.34074 1.45593 1.79305 2.29226 2.29801 1.89001 1.27012 1.266 1.25245 2.45095 1.10353
threshold=5.8500000000000005 3.0500000000000003 84.500000000000014 2.3583333333333316 -0.98296291314453399 0.87837969732492682 -0.60785761079279388 35.500000000000007 -0.8783796973249266 111.50000000000001 6.8500000000000005 7.0500000000000007 10.15 0.75000000000000011 4.2500000000000009 42.500000000000007 6.9666666666666641 7.0500000000000007 8.2500000000000018 0.8500000000000002 4.9500000000000011 1107.5000000000002 3.8500000000000001 2.8500000000000001 73.500000000000014 3.1500000000000008 2.9500000000000006 16.550000000000004 20.850000000000005 1.0500000000000003
decision_type=2 2 2 2 2 2 2 2 2 2 2 2 2 2 2 2 2 2 2 2 2 2 2 2 2 2 2 2 2 2
left_child=4 2 14 -4 -1 6 7 8 9 -6 -11 12 13 -8 26 -16 18 -18 -14 -15 -21 22 23 -22 -24 -7 -2 -13 -29 -5
right_child=1 -3 3 29 5 25 11 -9 -10 10 -12 27 16 19 15 -17 17 -19 -20 20 21 -23 24 -25 -26 -27 -28 28 -30 -31
leaf_value=-0.014167261472086476 -0.0057875269651893827 0.011070233525759157 -0.015342588702179716 -0.035599544767933367 0.0014126825805380386 -0.0015206289483642122 -0.0077215393531976104 0.006842484305078526 0.0019483485489523891 -0.022083593973690054 -0.011931067818283854 0.0022034823579051848 -0.00029808804093639458 -0.0070078765074105412 -0.020084916951464079 -0.00064684618535957206 -0.033530387363027922 -0.0061052943167502396 -0.023825615105767632 -0.0014108842719912566 -0.0063857090066359928 0.0012982734900261236 0.0059064469970466363 -0.033823045809767104 -0.010963961281362369 0.020788623035153136 0.015992027867430064 -0.043322979654079441 0.22674135813020552 -0.0086062560976033747
leaf_weight=81 63 2438 28 41 41 166 26 675 117 32 33 489 63 27 27 173 27 25 49 658 45 132 93 29 52 268 443 40 49 202
leaf_count=81 63 2438 28 41 41 166 26 675 117 32 33 489 63 27 27 173 27 25 49 658 45 132 93 29 52 268 443 40 49 202
internal_value=1.20624e-06 0.000942623 -0.000625767 -0.00380882 -0.000998135 -0.000833918 -0.0012401 0.000302559 -0.00298214 -0.0068785 -0.0112121 -0.00200776 -0.00288183 -0.00206209 0.000599717 -0.00218905 -0.00814545 -0.013434 -0.00559292 -0.00178978 -0.00154851 -0.003625 -0.00583636 -0.01152 -0.00287671 0.00169195 0.00170414 -0.000151986 -0.00448889 -0.00257377
internal_weight=6632 3415 977 271 3217 3136 2702 898 223 106 65 1804 1226 1062 706 200 164 52 112 1036 1009 351 219 74 145 434 506 578 89 243
internal_count=6632 3415 977 271 3217 3136 2702 898 223 106 65 1804 1226 1062 706 200 164 52 112 1036 1009 351 219 74 145 434 506 578 89 243
is_linear=0
shrinkage=0.04


Tree=47
num_leaves=31
num_cat=0
split_feature=10 18 11 5 11 11 19 13 19 12 19 11 14 0 4 4 10 12 12 8 7 20 13 19 11 5 1 9 11 18
split_gain=3.4695 2.12501 1.95843 2.581 1.8954 1.76414 1.73445 1.50616 1.49907 1.90322 1.94356 2.3696 2.88694 1.66924 2.61929 2.00357 1.70589 1.4695 1.31874 2.58877 2.30245 4.30816 1.99908 1.72393 2.32925 2.05466 1.60194 2.32732 1.28684 1.26835
threshold=5.8500000000000005 -0.98296291314453399 10.350000000000003 15.750000000000002 -4.3499999999999988 3.2500000000000004 0.87837969732492682 4.9500000000000011 -0.60785761079279388 35.500000000000007 -0.8783796973249266 24.350000000000005 127.50000000000001 7.0500000000000007 6.4500000000000011 1.3500000000000003 0.75000000000000011 59.500000000000007 84.500000000000014 18.050000000000004 5.8729166666666677 -0.22252093395631442 2.2500000000000004 0.87837969732492682 -1.3499999999999999 2.2500000000000004 6.1500000000000012 58.500000000000007 6.8500000000000005 -0.12940952255126037
decision_type=2 2 2 2 2 2 2 2 2 2 2 2 2 2 2 2 2 2 2 2 2 2 2 2 2 2 2 2 2 2
left_child=1 -1 3 4 -2 -5 8 -4 9 10 11 -3 -13 14 15 -10 -16 -9 19 23 21 22 26 -6 -25 -26 27 -20 -22 -18
right_child=2 6 7 5 18 -7 -8 17 13 -11 -12 12 -14 -15 16 -17 29 -19 20 -21 28 -23 -24 24 25 -27 -28 -29 -30 -31
leaf_value=-0.013600571013203017 0.043099703811728549 0.0012450371408085443 0.045716655576430378 0.0049206573730811529 0.0095752458448443139 -0.030726781160481276 0.006242847216526193 -0.014433156323279238 -0.0087485176212049164 0.0065687849328753857 0.001870414606994292 -0.0055334951353689489 -0.018208473705528437 -2.3617348234643474e-05 -0.00098270705067083405 -0.0014097990429355574 -0.0015834298162154294 0.020756734342388033 -0.0011721549262962334 -0.069802437003629453 0.014945789839956083 0.0029364408195923222 -0.016075047731497111 -0.076232541923111796 -0.016613151932488201 0.014636815958829598 -0.043190655189630292 -0.018232305082160498 -0.01514831989661407 -0.017596934919508315
leaf_weight=81 218 30 906 25 990 40 434 146 54 675 117 31 45 578 130 676 58 143 37 49 223 227 111 32 33 136 29 44 26 308
leaf_count=81 218 30 906 25 990 40 434 146 54 675 117 31 45 578 130 676 58 143 37 49 223 227 111 32 33 136 29 44 26 308
internal_value=3.13585e-05 -0.000911125 0.000919204 0.000216119 0.000454546 -0.00757576 -0.00074466 0.00222408 -0.00112172 0.000213571 -0.00298214 -0.0068785 -0.0105974 -0.00178615 -0.00262103 -0.00109439 -0.00486117 -0.000289655 5.57277e-05 0.000838034 -0.00133524 -0.00304677 -0.00700901 0.00121141 -0.00215842 -0.000258823 -0.0108108 -0.0077561 0.001744 -0.00625613
internal_weight=6632 3217 3415 2220 2155 65 3136 1195 2702 898 223 106 76 1804 1226 730 496 289 1937 1240 697 448 221 1191 201 169 110 81 249 366
internal_count=6632 3217 3415 2220 2155 65 3136 1195 2702 898 223 106 76 1804 1226 730 496 289 1937 1240 697 448 221 1191 201 169 110 81 249 366
is_linear=0
shrinkage=0.04


Tree=48
num_leaves=31
num_cat=0
split_feature=0 18 4 7 9 20 6 16 17 9 13 19 12 4 12 8 1 9 19 7 4 7 5 7 7 16 13 17 9 9
split_gain=2.93809 1.95904 1.37802 2.14332 1.38598 1.2649 3.72856 1.257 1.411 1.07261 1.04949 1.25631 2.66141 1.78369 1.1111 1.20944 1.65443 1.93039 1.91274 1.34297 2.46718 1.02027 0.990278 1.85267 3.05074 0.973268 1.26402 0.954246 1.6722 1.55221
threshold=2.2500000000000004 0.78656609248549303 2.5500000000000003 3.339583333333334 61.500000000000007 -0.56174490092936669 1.5333333333333299 42.500000000000007 -0.60355339059327362 117.50000000000001 4.6500000000000012 -0.8783796973249266 45.500000000000007 10.050000000000002 84.500000000000014 11.65 6.9500000000000011 59.500000000000007 -0.8783796973249266 5.0187500000000007 7.7500000000000009 1.9000000000000001 14.250000000000002 12.943750000000003 9.3791666666666682 1167.5000000000002 3.1500000000000008 -1.0000000180025095e-35 92.500000000000014 74.500000000000014
decision_type=2 2 2 2 2 2 2 2 2 2 2 2 2 2 2 2 2 2 2 2 2 2 2 2 2 2 2 2 2 2
left_child=2 10 3 5 -4 6 -1 8 -6 27 14 12 13 -12 25 16 -16 18 -18 -20 -21 -7 -13 24 -24 -2 -27 28 29 -3
right_child=1 9 4 -5 7 21 -8 -9 -10 -11 11 22 -14 -15 15 -17 17 -19 19 20 -22 -23 23 -25 -26 26 -28 -29 -30 -31
leaf_value=-0.011293422092284486 0.019458541567541565 -0.017446458480378086 0.011240217583077701 -0.017286578430059953 0.0035384406833272471 0.0067921756431146606 0.00026313249267404833 -0.0024992073047675613 -0.012879982870353263 0.088555143971211225 -0.024859742849049078 0.0017269680050330939 0.00084995155480819694 -0.021139053690058637 0.00074586237253170191 0.011095495734136885 -0.08187334174866065 0.0068740484883884337 -0.037874019503881112 0.035662223528692166 -0.031638357077210286 -0.004538057291493855 0.032898959218495567 0.13784927597735758 -0.03292774488781551 -0.023421084471564529 0.030875875357107833 -0.0023829437122787869 -0.014979974914546446 0.0040601089357683688
leaf_weight=37 2173 83 111 44 28 72 48 495 54 64 30 1208 139 25 386 148 25 63 35 58 25 130 33 81 37 36 33 690 121 120
leaf_count=37 2173 83 111 44 28 72 48 495 54 64 30 1208 139 25 386 148 25 63 35 58 25 130 33 81 37 36 33 690 121 120
internal_value=0.000127846 0.000486641 -0.00184706 -0.00396386 -0.000824383 -0.00268056 -0.00674419 -0.00161246 -0.00616867 -0.00104541 0.00085097 7.72216e-06 -0.00299487 -0.0103571 0.00128998 -5.3981e-05 -0.000863406 -0.00374879 -0.00630556 -0.00410084 -0.00128571 -0.000945813 0.000438235 -0.00260526 -0.00732394 0.00173339 -0.00291429 -0.00136355 -0.00315077 -0.000921568
internal_weight=6632 5613 1019 331 688 287 85 577 82 1078 4535 1553 194 55 2982 740 592 206 143 118 83 202 1359 151 70 2242 69 1014 324 203
internal_count=6632 5613 1019 331 688 287 85 577 82 1078 4535 1553 194 55 2982 740 592 206 143 118 83 202 1359 151 70 2242 69 1014 324 203
is_linear=0
shrinkage=0.04


Tree=49
num_leaves=31
num_cat=0
split_feature=10 17 11 7 7 4 6 9 14 8 19 2 19 4 9 14 5 4 0 11 10 7 11 14 6 9 14 2 19 11
split_gain=3.15691 2.1295 1.99712 2.32341 4.281 1.97589 1.99729 2.11046 1.79566 1.7225 2.35174 1.65964 1.61419 1.79473 1.71367 4.7713 3.23043 2.66316 1.6627 1.69098 1.48854 1.40274 1.30337 1.27846 1.23885 1.23449 1.22805 1.14354 1.07936 2.00664
threshold=6.2500000000000009 0.25881904510252091 9.1500000000000004 10.839583333333335 11.80625 2.9500000000000006 2.066666666666666 59.500000000000007 179.50000000000003 1.0500000000000003 -1.0000000180025095e-35 0.95000000000000007 0.87837969732492682 0.75000000000000011 67.500000000000014 97.500000000000014 2.1500000000000008 7.1500000000000012 15.950000000000001 3.3500000000000001 8.8500000000000032 2.3479166666666673 0.65000000000000002 205.50000000000003 1.2249999999999979 43.500000000000007 167.50000000000003 3.1500000000000008 1.0000000180025095e-35 -1.4499999999999997
decision_type=2 2 2 2 2 2 2 2 2 2 2 2 2 2 2 2 2 2 2 2 2 2 2 2 2 2 2 2 2 2
left_child=1 9 3 5 -5 6 21 8 20 10 23 -12 13 -11 15 16 -15 -18 19 27 -8 -2 -7 -1 -16 -24 -22 -17 -9 -30
right_child=2 -3 -4 4 -6 22 7 28 -10 12 11 -13 -14 14 24 18 17 -19 -20 -21 26 -23 25 -25 -26 -27 -28 -29 29 -31
leaf_value=0.010865772857755324 -0.013592800873886278 0.0041072732473561805 0.028271425003918341 -0.028984944376298723 0.00099230333952955935 0.031172212320469298 -0.030712791350774031 0.0087268292119213123 -0.0017263364732100098 -0.0090667672370979106 -0.0047927413489197556 -0.012490281391422664 0.0046685323145966616 -0.031378840263068287 -0.0080680602151514524 -0.0017061309452521959 0.0071696599082003267 -0.026664955666957982 -0.038447342571878151 0.0028923409375646355 0.0019574339170059605 -0.0042944864090867134 -0.015016472308484012 -0.0026963596066263257 -0.0017822182993064972 0.0030670352731210992 -0.074546262259629251 -0.019355800280214261 -0.068267436395162945 0.0019527757226260561
leaf_weight=43 27 755 1185 47 89 449 26 229 138 28 25 45 341 25 41 29 31 28 26 258 47 27 44 29 1707 712 33 25 30 113
leaf_count=43 27 755 1185 47 89 449 26 229 138 28 25 45 341 25 41 29 31 28 26 258 47 27 44 29 1707 712 33 25 30 113
internal_value=0.000103724 -0.000737853 0.00100845 0.000240557 -0.00478832 0.000607676 -0.00113264 -0.000479741 -0.00336327 -0.00126622 -0.00553846 -0.0107042 -0.0010252 -0.00142246 -0.00128973 -0.00357447 -0.0120471 -0.00673333 -0.00143953 -0.000613418 -0.00725234 -0.00843636 0.00157546 -0.000438356 -0.000736421 0.000560106 -0.00444444 -0.00698182 0.00141555 -0.00130556
internal_weight=6632 3436 3196 2011 136 1875 670 616 244 2681 142 70 2539 2198 2170 422 84 59 338 312 106 54 1205 72 1748 756 80 54 372 143
internal_count=6632 3436 3196 2011 136 1875 670 616 244 2681 142 70 2539 2198 2170 422 84 59 338 312 106 54 1205 72 1748 756 80 54 372 143
is_linear=0
shrinkage=0.04


Tree=50
num_leaves=31
num_cat=0
split_feature=0 0 5 5 13 5 18 14 11 11 9 10 7 4 7 10 6 7 11 11 20 14 14 11 11 4 4 11 12 3
split_gain=3.20392 1.5769 1.64565 1.78225 1.47535 1.14408 0.988802 1.23905 1.23799 1.48124 1.10406 2.16137 1.42857 0.958397 0.915434 1.09249 1.59419 2.62233 1.93935 1.50906 1.15692 0.884275 2.08538 3.67915 2.61058 3.11145 2.37267 1.0521 1.47213 1.34454
threshold=4.8500000000000005 0.75000000000000011 8.1500000000000004 2.9500000000000006 3.0500000000000003 17.150000000000002 0.91597561503675351 338.50000000000006 20.050000000000004 5.3500000000000005 77.500000000000014 4.6500000000000012 3.7979166666666671 1.2500000000000002 2.3479166666666673 2.9500000000000006 2.2833333333333301 2.0187500000000007 3.1500000000000008 1.4500000000000002 -0.56174490092936669 80.500000000000014 127.50000000000001 5.9500000000000011 12.250000000000002 8.4500000000000011 14.250000000000002 4.7500000000000009 60.500000000000007 4.7500000000000009
decision_type=2 2 2 2 2 2 2 2 2 2 2 2 2 2 2 2 2 2 2 2 2 2 2 2 2 2 2 2 2 2
left_child=1 2 3 -1 13 6 14 8 9 -8 11 -11 -12 -2 15 -3 17 20 -18 -19 -17 -6 23 -23 25 -25 -26 -24 29 -29
right_child=4 5 -4 -5 21 -7 7 -9 -10 10 12 -13 -14 -15 -16 16 18 19 -20 -21 -22 22 27 24 26 -27 -28 28 -30 -31
leaf_value=-0.0065934186282470258 -0.018395317452918294 0.0047826148286145582 0.02551819794381768 -0.011361616979117759 0.024120369963755169 -0.0073139893419609915 8.2296043911361444e-05 -0.030164659632282629 0.012525332930953585 -0.026669242193824598 0.016825701115591719 -7.5268782502343641e-05 -0.014132867463795391 0.020754541036886769 0.00029336555405794516 -0.0054338363133558136 0.003345287238471736 -0.012072072792343349 -0.022833909688533969 -0.0022379808055404708 0.011875252919823527 0.010328373321254613 -0.0046426610626105029 -0.043345551587930915 0.018519118877075792 -0.019328775210626006 -0.025446318437582188 -0.012227716485459186 0.02637263733338752 0.0069869618520454341
leaf_weight=53 31 71 26 53 314 33 141 31 85 35 32 25 56 1416 1929 40 90 26 32 27 48 124 399 37 81 39 29 152 557 654
leaf_count=53 31 71 26 53 314 33 141 31 85 35 32 25 56 1416 1929 40 90 26 32 27 48 124 399 37 81 39 29 152 557 654
internal_value=0.000219589 -0.000800282 -0.00505263 -0.00725234 0.000973396 -0.000590673 -0.000497564 -0.00231527 -0.001664 -0.00291034 -0.00569127 -0.00983607 -0.00278652 0.00198066 -0.000171378 -0.00210149 -0.00328788 -0.00616901 6.50408e-05 -0.0131111 -0.00188764 0.000361961 6.17464e-05 -0.0029582 -0.00650267 -0.0121558 -0.00252252 0.000594441 0.00112317 2.97399e-05
internal_weight=6666 2833 132 106 3833 2701 2668 405 374 289 148 60 88 1447 2263 334 263 141 122 53 88 2386 2072 310 186 76 110 1762 1363 806
internal_count=6666 2833 132 106 3833 2701 2668 405 374 289 148 60 88 1447 2263 334 263 141 122 53 88 2386 2072 310 186 76 110 1762 1363 806
is_linear=0
shrinkage=0.04


Tree=51
num_leaves=31
num_cat=0
split_feature=0 0 14 17 5 5 0 7 4 7 0 12 12 18 11 4 16 9 0 10 3 11 16 5 20 2 0 18 14 11
split_gain=2.71836 1.40093 1.49061 1.86136 1.71904 1.15808 1.05222 1.55424 3.66491 3.39807 2.04731 1.78336 1.50406 1.39428 1.88702 2.9792 2.04483 1.19925 1.77534 1.08738 1.26109 1.05625 1.27046 1.00292 1.67617 1.56201 2.37098 0.931393 1.27182 1.17646
threshold=4.8500000000000005 0.75000000000000011 171.50000000000003 -1.0000000180025095e-35 2.3500000000000001 17.150000000000002 23.750000000000004 10.025000000000002 7.0500000000000007 11.393750000000002 6.6500000000000012 86.500000000000014 39.500000000000007 -0.60355339059327384 4.5500000000000007 3.2500000000000004 32.500000000000007 56.500000000000007 7.8500000000000005 9.5500000000000025 6.5500000000000007 19.650000000000002 807.50000000000011 6.2500000000000009 0.81174490092936691 13.850000000000003 14.350000000000003 0.91597561503675351 338.50000000000006 20.050000000000004
decision_type=2 2 2 2 2 2 2 2 2 2 2 2 2 2 2 2 2 2 2 2 2 2 2 2 2 2 2 2 2 2
left_child=1 2 -1 4 -4 27 7 11 9 -9 12 -2 -10 14 15 -13 -17 18 -15 20 -12 22 23 -22 25 -25 -27 -3 29 -29
right_child=6 5 3 -5 -6 -7 -8 8 10 -11 19 13 -14 17 -16 16 -18 -19 -20 -21 21 -23 -24 24 -26 26 -28 28 -30 -31
leaf_value=0.0057741760034192395 0.019829459425130421 -0.00023688350395298252 -0.0073671960400774877 0.011391645318869855 -0.01206502399319658 -0.0070214297682825548 0.24851870362095671 -0.041828108167095673 -0.012556227214079268 0.00039039617763927465 -0.059819449855461844 -0.056499836124540161 -0.004082602382287975 -0.017949954055105917 0.022094395500165627 0.015375530666534827 -0.014276871836859734 0.017919378014420114 0.043409370739246514 0.058401442186042568 0.010524875650431751 0.01961025971848817 -0.035541336294692936 0.029581872612833033 -0.018667620753214403 -0.02391724461177391 0.027878680045858223 -0.0077708443315653956 -0.028958073246991321 0.012024319613715442
leaf_weight=44 2137 2263 26 27 35 33 168 46 34 41 29 32 52 45 36 41 49 128 53 260 57 387 25 79 47 35 52 289 31 85
leaf_count=44 2137 2263 26 27 35 33 168 46 34 41 29 32 52 45 36 41 49 128 53 260 57 387 25 79 47 35 52 289 31 85
internal_value=0.00019559 -0.000743825 -0.00475188 -0.00773034 -0.0115484 -0.000546262 0.000889932 0.000747409 -0.000475109 -0.00831818 0.000177694 0.00130214 -0.00570115 -0.00120519 -0.00407547 -0.00643902 -0.00263736 0.000810573 -0.00250505 0.000703704 -0.000106741 0.000245974 -0.00155405 -0.000738007 -0.002 -9.58082e-05 -0.00377273 -0.000452604 -0.00221675 -0.00155733
internal_weight=6666 2833 132 88 61 2701 3833 3665 1144 87 1057 2521 86 384 158 122 90 226 98 971 711 682 295 270 213 166 87 2668 405 374
internal_count=6666 2833 132 88 61 2701 3833 3665 1144 87 1057 2521 86 384 158 122 90 226 98 971 711 682 295 270 213 166 87 2668 405 374
is_linear=0
shrinkage=0.04


Tree=52
num_leaves=31
num_cat=0
split_feature=10 6 19 19 12 12 7 9 19 3 7 3 3 9 4 12 0 16 8 4 8 11 10 8 14 13 16 11 7 11
split_gain=2.77111 2.21314 1.26206 1.66032 1.81925 1.86817 1.81455 1.73722 1.63287 1.40539 1.30711 2.97495 2.01715 1.37373 1.36259 2.0649 1.24975 2.28907 1.52924 1.9443 2.33751 1.5672 1.86906 2.93159 2.05907 1.17266 1.41544 1.35686 1.68839 2.04811
threshold=8.6500000000000004 1.8666666666666634 0.87837969732492682 -0.60785761079279388 26.500000000000004 86.500000000000014 6.5645833333333341 67.500000000000014 -0.8783796973249266 5.2500000000000009 13.956250000000002 13.850000000000003 15.050000000000002 64.500000000000014 14.550000000000002 38.500000000000007 12.950000000000001 227.50000000000003 8.2500000000000018 6.4500000000000011 3.1500000000000008 16.750000000000004 3.8500000000000001 4.5500000000000007 194.50000000000003 4.6500000000000012 42.500000000000007 12.250000000000002 10.583333333333336 3.3500000000000001
decision_type=2 2 2 2 2 2 2 2 2 2 2 2 2 2 2 2 2 2 2 2 2 2 2 2 2 2 2 2 2 2
left_child=1 -1 3 4 8 -6 7 9 -3 -7 11 14 -13 -14 16 -16 18 -18 19 20 -5 22 24 -24 -21 27 -27 28 -2 -30
right_child=25 2 -4 10 5 6 -8 -9 -10 -11 -12 12 13 -15 15 -17 17 -19 -20 21 -22 -23 23 -25 -26 26 -28 -29 29 -31
leaf_value=-0.0044705033671932686 0.010048543979425143 -0.0099321610471377938 0.0056574110983911565 -0.0069824146350352025 0.012309179327612847 -0.00027637442929174291 0.030818292591053065 0.0070564505682426818 0.0073118432855595215 -0.027282651231012173 0.029593269055082576 -0.023875186311372566 -0.024308145440967502 0.00010965762399805892 -0.012810339014238495 -0.0012742052612476505 -0.013877176542052169 -0.014181566604743699 0.022508304010913111 -0.022443870041195683 0.0038266060662351582 0.0011603439742857884 0.01355498142671527 -0.014348727547477192 -0.010856028932506033 -0.020405592224469579 0.00028928591458594254 0.054925272059841664 0.039082752942729594 -0.045639125883267705
leaf_weight=505 1107 46 555 344 910 25 40 26 49 38 196 41 37 66 34 57 27 64 388 70 580 188 116 97 46 45 264 613 32 60
leaf_count=505 1107 46 555 344 910 25 40 26 49 38 196 41 37 66 34 57 27 64 388 70 580 188 116 97 46 45 264 613 32 60
internal_value=0.000165592 -0.000391553 -7.91882e-05 -0.000361446 0.000895154 0.00138077 -0.00310769 -0.00626667 -0.004375 -0.0098125 -0.000967687 -0.00125232 -0.00678621 -0.00373077 -0.000852883 -0.0056087 -0.000624674 -0.00517391 -0.000395628 -0.000995839 0.000103784 -0.00295753 -0.00461818 -0.00237383 -0.00868376 0.0013591 -0.000916129 0.00174738 0.000963333 -0.00421505
internal_weight=6666 4545 4040 3485 1134 1039 129 89 95 63 2351 2155 144 103 2011 91 1920 91 1829 1441 924 517 329 213 116 2121 309 1812 1199 92
internal_count=6666 4545 4040 3485 1134 1039 129 89 95 63 2351 2155 144 103 2011 91 1920 91 1829 1441 924 517 329 213 116 2121 309 1812 1199 92
is_linear=0
shrinkage=0.04


Tree=53
num_leaves=31
num_cat=0
split_feature=0 1 13 17 19 7 8 5 16 10 11 18 7 13 13 20 6 18 0 7 19 0 16 16 11 11 19 2 7 14
split_gain=2.77338 1.48512 1.29804 1.26222 1.75571 1.2203 2.24544 1.02391 0.866621 1.71689 2.00383 1.6593 1.41603 1.67221 1.64825 1.50339 1.42076 2.11292 1.25768 0.972388 0.886069 0.821236 0.970895 1.45814 1.37772 1.73692 1.82291 0.998832 0.994866 0.962285
threshold=5.8500000000000005 0.75000000000000011 3.0500000000000003 1.0000000180025095e-35 -1.0000000180025095e-35 10.497916666666669 5.8500000000000005 18.450000000000003 67.500000000000014 8.9500000000000011 -6.8499999999999988 0.37940952255126048 3.9062500000000004 4.6500000000000012 0.95000000000000007 -0.22252093395631442 2.3583333333333316 -0.78656609248549325 2.1500000000000008 2.4770833333333337 -0.8783796973249266 4.4500000000000011 1627.5000000000002 777.50000000000011 18.150000000000002 10.350000000000003 0.6078576107927941 3.4500000000000006 6.8458333333333341 207.50000000000003
decision_type=2 2 2 2 2 2 2 2 2 2 2 2 2 2 2 2 2 2 2 2 2 2 2 2 2 2 2 2 2 2
left_child=1 3 -2 4 -1 7 -7 8 9 10 -3 -10 16 14 15 -14 17 -12 -19 -20 -16 22 23 28 25 26 -25 -24 -13 -26
right_child=2 5 -4 -5 -6 6 -8 -9 11 -11 12 21 13 -15 20 -17 -18 18 19 -21 -22 -23 27 24 29 -27 -28 -29 -30 -31
leaf_value=-0.001520679266802576 0.019533318480423261 -0.0093293484172810356 0.001361955683320717 0.0053929973114417232 -0.017640746591330938 -0.0012617814592847016 -0.011460652909965435 -0.010962744815668701 0.0067520050890187569 0.0036625306586388342 -0.0095046547267695902 -4.3628120954237311e-05 -0.0053947430624175239 -0.021182953789125665 -0.0064601573568810666 -0.01339896428097416 0.0038774757792194936 0.00561040442848223 -0.015024118656651816 0.00027157099867672596 5.3320025656522992e-05 0.0070208940831198718 0.011652949376176445 0.0027378204211626249 0.0063287224954708702 -0.028044617912840228 -0.028724097710098612 -0.0018287228858623844 -0.034900726266605619 -0.023699109497160732
leaf_weight=49 1238 25 2015 47 37 85 28 26 868 467 47 400 25 27 41 25 261 86 36 33 167 199 113 47 53 51 28 76 41 25
leaf_count=49 1238 25 2015 47 37 85 28 26 868 467 47 400 25 27 41 25 261 86 36 33 167 199 113 47 53 51 28 76 41 25
internal_value=0.000237588 -0.000558875 0.00107314 -0.00468657 -0.00754023 -0.000390125 -0.00445614 -0.000243687 -0.000176957 -0.000999194 -0.00215504 0.000359622 -0.00177303 -0.00398601 -0.00296525 -0.00941176 -0.000405172 -0.00291626 -0.000641025 -0.00462857 -0.00137799 -0.000723404 -0.00127425 -0.00201238 -0.0048 -0.00737008 -0.00342105 0.00124211 -0.000714932 -0.000607595
internal_weight=6666 3413 3253 133 86 3280 113 3167 3141 1240 773 1901 748 285 258 50 463 202 155 69 208 1033 834 645 204 126 75 189 441 78
internal_count=6666 3413 3253 133 86 3280 113 3167 3141 1240 773 1901 748 285 258 50 463 202 155 69 208 1033 834 645 204 126 75 189 441 78
is_linear=0
shrinkage=0.04


Tree=54
num_leaves=31
num_cat=0
split_feature=10 6 19 19 16 12 19 9 2 3 13 20 19 18 10 19 4 8 3 0 8 5 5 3 5 1 2 9 18 16
split_gain=2.4171 1.47696 1.30863 1.48134 1.64444 1.54631 1.19086 1.17888 1.54411 2.27119 1.15332 1.83052 1.60828 1.14998 1.03112 2.25786 1.01021 2.30675 1.74641 1.72825 1.71165 1.34056 3.47928 1.27463 1.07735 0.944156 1.43277 0.9046 0.801023 1.2092
threshold=8.6500000000000004 1.8666666666666634 0.87837969732492682 -0.60785761079279388 1742.5000000000002 85.500000000000014 -0.8783796973249266 67.500000000000014 10.550000000000002 6.4500000000000011 4.6500000000000012 0.81174490092936691 -0.8783796973249266 -0.9159756150367534 6.4500000000000011 1.0000000180025095e-35 6.4500000000000011 8.0500000000000025 13.850000000000003 12.850000000000003 3.1500000000000008 16.550000000000004 18.650000000000002 1.1500000000000001 1.5500000000000003 2.8500000000000001 3.9500000000000006 57.500000000000007 -0.3794095225512602 42.500000000000007
decision_type=2 2 2 2 2 2 2 2 2 2 2 2 2 2 2 2 2 2 2 2 2 2 2 2 2 2 2 2 2 2
left_child=1 14 3 4 5 -3 -6 8 9 -7 -2 12 -12 -4 -1 -16 19 18 24 20 25 -19 -23 -22 -18 -5 -27 -13 -26 -30
right_child=10 2 13 16 6 7 -8 -9 -10 -11 11 27 -14 -15 15 -17 17 21 -20 -21 23 22 -24 -25 28 26 -28 -29 29 -31
leaf_value=-0.0028339138735887222 0.014586998932089763 0.012517387361152122 -0.010725535326482278 -0.0021622314942646372 -0.010426984166465456 -0.00079955799916668732 0.0039101292029599024 0.0087598379845026074 0.023102050695914027 -0.02771480166184262 -0.029416958225902779 -0.0099553904029192012 0.023231966560391535 0.0092239908583803838 -0.0086359285652485782 0.0044474343627951361 -0.020335084743367985 0.0022405383316018777 -0.029687442568877415 -0.019721273595922267 -0.015946236225600909 -0.042486363782453067 0.0097960487060099587 0.0063879207331140131 0.0018195927482152297 -0.021739203337007035 0.012761382570888741 -0.011996373919885521 -0.011089272972231832 -0.0077125301744274634
leaf_weight=445 1812 886 58 284 47 54 52 44 25 26 40 25 219 497 32 28 34 564 27 29 36 41 87 671 74 35 25 25 40 404
leaf_count=445 1812 886 58 284 47 54 52 44 25 26 40 25 219 497 32 28 34 564 27 29 36 41 87 671 74 35 25 25 40 404
internal_value=0.000225589 -0.000294764 -3.9594e-05 -0.000327022 0.000859912 0.00133205 -0.00404 -0.00242667 -0.00471698 -0.00740741 0.00134025 -0.000916129 0.000446154 0.00176259 -0.00233202 -0.00721311 -0.00089966 -0.00166352 -0.00352414 1.48874e-10 0.000269962 -0.000103896 -0.00378295 0.00139548 -0.00302351 -0.00204058 -0.00655738 -0.00784314 -0.00255877 -0.0032
internal_weight=6666 4545 4040 3485 1134 1035 99 149 105 80 2121 309 259 555 505 60 2351 1271 579 1080 1051 692 128 707 552 344 60 50 518 444
internal_count=6666 4545 4040 3485 1134 1035 99 149 105 80 2121 309 259 555 505 60 2351 1271 579 1080 1051 692 128 707 552 344 60 50 518 444
is_linear=0
shrinkage=0.04


Tree=55
num_leaves=31
num_cat=0
split_feature=0 18 11 7 3 11 7 4 11 3 3 13 11 10 2 2 11 10 8 14 11 11 8 12 0 20 3 3 0 17
split_gain=2.60932 1.51415 1.24043 1.40356 1.59725 2.85072 1.71206 1.58164 1.5471 1.5453 1.58953 1.486 1.19781 1.19732 1.78018 1.5272 1.19005 1.18424 1.66842 1.56071 1.15337 2.57851 3.59166 5.66701 1.12637 1.03839 1.03425 1.13505 1.30775 1.01796
threshold=7.9500000000000011 0.78656609248549303 -2.0499999999999994 2.277083333333334 6.3500000000000005 8.9500000000000011 10.497916666666669 1.5500000000000003 1.5500000000000003 11.550000000000002 10.450000000000001 1.1500000000000001 3.1500000000000008 8.3500000000000032 5.9500000000000011 8.1500000000000004 31.150000000000002 0.95000000000000007 12.250000000000002 178.50000000000003 11.450000000000001 3.5500000000000003 16.550000000000004 80.500000000000014 0.75000000000000011 0.81174490092936691 13.750000000000002 6.8500000000000005 4.9500000000000011 -0.5
decision_type=2 2 2 2 2 2 2 2 2 2 2 2 2 2 2 2 2 2 2 2 2 2 2 2 2 2 2 2 2 2
left_child=1 2 25 7 6 9 -5 -4 -9 10 11 12 -6 14 -13 29 24 18 19 -2 21 -19 -23 -24 -3 -1 27 28 -7 -16
right_child=17 16 3 4 5 26 -8 8 -10 -11 -12 13 -14 -15 15 -17 -18 20 -20 -21 -22 22 23 -25 -26 -27 -28 -29 -30 -31
leaf_value=0.012415118890345019 -0.040786909602750408 -0.009521921882940652 0.0016968015439419904 0.0018302776152687506 -0.0027013113796910781 -0.05014998229854406 -0.0092745765085308889 -0.0053421999104613883 -0.0034161204470804112 0.0029724902756651131 -0.037634279217151255 0.0026554837697660661 -0.043430808349119339 0.01327511112198301 -0.023686956276310348 -0.0031276616364754499 0.013326820583971763 0.018309156506101758 0.012063639407368936 -0.006351268392040226 0.050975555033936824 0.00042666621665396449 -0.073064474414497899 0.0149312113846584 -0.0055284656244428756 -0.0039377106396756801 -0.020009713518483855 0.015944691457542147 0.030977504305479121 -0.01732757134310536
leaf_weight=284 41 49 89 1918 29 29 31 44 96 44 38 79 25 64 33 48 99 542 116 55 1177 245 47 39 914 42 51 310 28 35
leaf_count=284 41 49 89 1918 29 29 31 44 96 44 38 79 25 64 33 48 99 542 116 55 1177 245 47 39 914 42 51 310 28 35
internal_value=8.49143e-05 -0.000484931 -6.38938e-05 -0.000319519 -6.94895e-05 -0.00155774 0.000551795 -0.00332174 -0.00595745 -0.0039899 -0.004875 -0.00391083 -0.00989091 -0.00263077 -0.00418367 -0.00731624 -0.00179868 0.0011878 -0.00165258 -0.00552577 0.0014822 0.000379863 -0.00239759 -0.00937931 -0.00222822 0.00227523 0.00074463 0.00148913 -0.00365517 -0.0111304
internal_weight=6641 4379 3317 2991 2762 813 1949 229 140 395 351 313 54 259 195 116 1062 2262 212 96 2050 873 331 86 963 326 418 367 57 68
internal_count=6641 4379 3317 2991 2762 813 1949 229 140 395 351 313 54 259 195 116 1062 2262 212 96 2050 873 331 86 963 326 418 367 57 68
is_linear=0
shrinkage=0.04


Tree=56
num_leaves=31
num_cat=0
split_feature=0 18 11 11 2 8 19 7 11 6 7 7 9 6 7 15 20 4 7 7 18 4 10 9 19 11 8 11 11 4
split_gain=2.3374 1.42619 1.08999 1.44474 2.567 2.19155 1.36672 1.7931 1.5092 1.5861 1.44132 2.41276 2.3137 1.91253 1.35262 1.70685 1.84923 1.51602 1.09298 1.08232 1.05156 1.02071 1.00368 1.64328 1.0009 1.74655 6.02984 9.79593 1.65511 2.90238
threshold=7.9500000000000011 0.78656609248549303 -2.0499999999999994 5.1500000000000012 6.9500000000000011 3.3500000000000001 -0.8783796973249266 7.1500000000000012 13.65 7.0583333333333327 6.0333333333333341 3.3687500000000008 66.500000000000014 4.8916666666666666 6.6937500000000014 1.0000000180025095e-35 -0.56174490092936669 8.3500000000000032 9.5729166666666696 8.5437500000000011 -0.60355339059327384 5.0500000000000007 0.75000000000000011 81.500000000000014 -0.60785761079279388 11.450000000000001 16.550000000000004 3.3500000000000001 25.050000000000004 13.450000000000001
decision_type=2 2 2 2 2 2 2 2 2 2 2 2 2 2 2 2 2 2 2 2 2 2 2 2 2 2 2 2 2 2
left_child=1 2 -1 4 5 -4 10 -8 9 19 11 -5 13 -13 15 16 -6 -16 -10 -9 -18 -14 -20 -24 28 26 -26 -28 -2 -30
right_child=24 -3 3 6 14 -7 7 8 18 -11 -12 12 21 -15 17 -17 20 -19 22 -21 -22 -23 23 -25 25 -27 27 -29 29 -31
leaf_value=0.0049687563431263142 0.075842535304807071 -0.004986173381919032 -0.0038665147354172763 0.0035178977533488944 0.010042477314181671 0.0046414392002878061 0.0077894777759959276 -0.031866758990713173 0.042805829932748375 -0.024677747880128033 0.003903020899970236 -0.019293591234897718 -0.019507900331181455 -0.028599514250983771 0.038351650199920727 -0.035840886061077736 -0.035746158082046564 -0.010775419488485516 0.030453899788538727 0.031428749418021998 -0.0011240345379693675 0.0075789628128585512 -0.0053676287040786506 -0.022078720347039366 0.0013609549754608772 0.02697686801533548 0.0056098037489195054 -0.074281732042582913 -0.039300707771083278 0.061153904416546022
leaf_weight=326 552 1062 475 40 31 633 1092 34 105 40 100 29 34 29 42 26 45 35 30 30 25 27 60 29 534 1013 40 41 27 55
leaf_count=326 552 1062 475 40 31 633 1092 34 105 40 100 29 34 29 42 26 45 35 30 30 25 27 60 29 534 1013 40 41 27 55
internal_value=9.09366e-05 -0.000448402 -3.97829e-05 -0.000279412 -0.00127342 -0.000512173 0.000497619 0.000985222 -0.00160486 -0.0055619 -0.00216923 -0.004525 -0.00736667 -0.0130169 -0.00538537 -0.00790625 -0.00545098 -0.00117949 0.000248889 -0.0016 -0.00901408 -0.00187097 -0.00236667 -0.00448889 0.00113478 0.000608963 -0.00107143 -0.0111707 0.00248189 -0.00279518
internal_weight=6641 4379 3317 2991 1312 1108 1679 1420 328 104 259 159 119 58 204 127 101 77 224 64 70 61 119 89 2262 1628 615 81 634 82
internal_count=6641 4379 3317 2991 1312 1108 1679 1420 328 104 259 159 119 58 204 127 101 77 224 64 70 61 119 89 2262 1628 615 81 634 82
is_linear=0
shrinkage=0.04


Tree=57
num_leaves=31
num_cat=0
split_feature=8 18 1 11 7 5 18 9 4 17 3 11 6 3 7 1 6 5 4 11 12 20 3 5 11 16 17 13 12 5
split_gain=2.02642 1.41365 1.03555 1.02242 1.20344 1.93224 1.49174 1.35361 1.25661 2.31357 1.07022 1.94522 1.68961 2.13052 1.65637 1.50625 1.82545 1.28888 1.12872 2.33963 1.12672 0.99692 0.971061 1.33152 5.04951 1.97107 1.03034 0.964372 0.88542 1.60423
threshold=8.6500000000000004 0.78656609248549303 0.65000000000000002 -2.0499999999999994 2.277083333333334 0.95000000000000007 0.25881904510252057 76.500000000000014 1.5500000000000003 -0.5 6.1500000000000012 8.9500000000000011 5.5333333333333341 6.8500000000000005 9.7854166666666682 6.8500000000000005 7.7499999999999973 2.7500000000000004 1.5500000000000003 2.1500000000000008 58.500000000000007 0.81174490092936691 16.550000000000004 16.550000000000004 11.950000000000001 717.50000000000011 0.12940952255126045 2.2500000000000004 73.500000000000014 3.5500000000000003
decision_type=2 2 2 2 2 2 2 2 2 2 2 2 2 2 2 2 2 2 2 2 2 2 2 2 2 2 2 2 2 2
left_child=1 3 -3 21 5 -5 8 -8 -7 -10 14 15 13 -13 18 17 -17 -12 19 -6 -21 -1 23 26 -25 -26 28 -28 -2 -30
right_child=22 2 -4 4 10 6 7 -9 9 -11 11 12 -14 -15 -16 16 -18 -19 -20 20 -22 -23 -24 24 25 -27 27 -29 29 -31
leaf_value=0.011759670387145371 0.008678078972339855 -0.0090915955302158999 -0.004881678867108644 0.0080665814712216882 -0.030948933781411472 0.0033390271349560741 -0.0060633171520062656 -0.0014384098273546664 0.00023841476683541559 -0.013988490964474118 -0.02464278747961729 -0.044574038226505498 0.014101114467322538 0.00022847574502911578 -0.011205370046471567 -0.031955588465042574 -0.011688544404478082 0.00025856455363795934 0.0035837034622424415 -0.0086217692287781904 0.0026056050611960192 -0.0039789524678137036 0.066669385638429002 -0.023875316554110602 0.072658471038520078 -0.037377255521360682 0.079780559100807752 0.017528835581302745 -0.038881015835971422 -0.00066315139636462445
leaf_weight=285 534 49 975 50 36 44 32 27 45 31 71 31 346 71 37 40 91 208 1642 36 98 42 435 39 125 28 313 678 51 151
leaf_count=285 534 49 975 50 36 44 32 27 45 31 71 31 346 71 37 40 91 208 1642 36 98 42 435 39 125 28 313 678 51 151
internal_value=0.000151159 -0.000366604 -0.00166244 4.04413e-05 -0.000196118 -0.00297391 -0.00491111 -0.0100667 -0.00231405 -0.0054026 3.9882e-05 -0.00112689 0.000694878 -0.00380583 0.000581622 -0.00311436 -0.00663636 -0.00144286 0.000754551 -0.00233918 0.000118519 0.00215854 0.00109384 0.00070625 -0.0024456 0.000857143 0.00105787 0.00189919 -7.59836e-05 -0.00232512
internal_weight=6641 4287 1024 3263 2936 229 179 59 120 76 2707 858 448 102 1849 410 131 279 1812 170 134 327 2354 1919 192 153 1727 991 736 202
internal_count=6641 4287 1024 3263 2936 229 179 59 120 76 2707 858 448 102 1849 410 131 279 1812 170 134 327 2354 1919 192 153 1727 991 736 202
is_linear=0
shrinkage=0.04


Tree=58
num_leaves=31
num_cat=0
split_feature=0 10 11 5 18 11 17 18 12 16 3 11 16 14 19 12 10 14 12 19 3 2 9 19 4 10 14 17 12 4
split_gain=2.23004 1.39683 1.44877 2.58215 2.4336 1.25521 1.30521 1.22239 1.57082 1.88904 2.04784 1.41054 1.51998 1.24757 1.19103 0.988214 1.97254 1.96424 1.39732 2.01133 1.32605 3.0849 1.30832 1.90658 1.44322 0.943258 2.18477 0.904889 1.74715 0.833331
threshold=4.9500000000000011 0.95000000000000007 11.450000000000001 15.750000000000002 -0.3794095225512602 -2.4499999999999997 0.78656609248549325 0.1294095225512602 37.500000000000007 1182.5000000000002 7.3500000000000005 10.550000000000002 1522.5000000000002 345.50000000000006 -0.8783796973249266 82.500000000000014 3.0500000000000003 75.500000000000014 64.500000000000014 -0.60785761079279388 5.1500000000000012 2.6500000000000008 67.500000000000014 -0.60785761079279388 3.4500000000000006 17.950000000000003 185.50000000000003 -0.60355339059327362 32.500000000000007 11.15
decision_type=2 2 2 2 2 2 2 2 2 2 2 2 2 2 2 2 2 2 2 2 2 2 2 2 2 2 2 2 2 2
left_child=7 14 3 5 -5 -3 29 -1 13 15 11 -11 -13 -9 -2 16 18 -17 19 -10 21 -21 23 -19 -25 -8 -27 -16 -29 -7
right_child=1 2 -4 4 -6 6 25 8 9 10 -12 12 -14 -15 27 17 -18 22 -20 20 -22 -23 -24 24 -26 26 -28 28 -30 -31
leaf_value=0.00029586130458808801 -0.014048317529096424 0.046279411409212025 0.029213157839196896 -0.033614949961201623 -7.4231832204589991e-05 -0.0054814888308527014 0.024067526127705765 0.0032862825945341135 0.00050807972911439151 0.0022552668766437052 -0.024899401554896717 -0.010051808852353645 -0.0027739548737460043 -0.020719715445668242 0.022120328754020393 -0.01611563572859559 0.00052645775519212154 0.004740397606015731 0.0016340991522333537 -0.015248594989825733 -0.020793149317281406 0.0071622813523939946 0.0020593927811507159 -0.029801674012077319 -0.0094724104362596106 0.092586160183542182 -0.045839203176539722 0.000716745194226293 -0.042283269230556683 0.005657134317470878
leaf_weight=1347 49 249 1643 33 38 865 396 384 50 33 32 25 25 33 142 32 551 36 72 45 40 37 78 32 28 33 25 128 49 111
leaf_count=1347 49 249 1643 33 38 865 396 384 50 33 32 25 25 33 142 32 551 36 72 45 40 37 78 32 28 33 25 128 49 111
internal_value=0.000157182 0.000798512 0.00105245 0.000251285 -0.00716667 0.000569048 0.00011181 -0.000680319 -0.00145241 -0.00223456 -0.00706897 -0.00366667 -0.00784314 0.000641148 -0.0015393 -0.00167265 -0.00103015 -0.00413527 -0.00401633 -0.00596532 -0.00871545 -0.00568675 -0.00242286 -0.00552577 -0.00983607 0.00188132 -0.00284746 -0.0006375 -0.00253933 -0.000712385
internal_weight=6641 3761 3393 1750 71 1679 1430 2880 1533 1116 115 83 50 417 368 1001 795 206 244 172 122 82 174 96 60 454 58 319 177 976
internal_count=6641 3761 3393 1750 71 1679 1430 2880 1533 1116 115 83 50 417 368 1001 795 206 244 172 122 82 174 96 60 454 58 319 177 976
is_linear=0
shrinkage=0.04


Tree=59
num_leaves=31
num_cat=0
split_feature=8 0 17 19 13 9 8 0 12 11 11 11 19 11 19 9 7 7 9 0 8 4 19 12 8 11 16 9 2 17
split_gain=1.94041 1.31656 1.21134 1.18086 0.986613 1.15431 1.47455 2.62624 1.27394 1.73436 1.58068 0.915672 1.27616 1.16973 1.00763 2.12991 1.03349 0.997129 2.28393 0.869256 2.08774 0.847107 2.06529 1.53628 2.76651 1.50011 1.31362 2.60486 1.47331 1.1257
threshold=8.6500000000000004 0.75000000000000011 -0.25881904510252113 -1.0000000180025095e-35 4.6500000000000012 75.500000000000014 10.950000000000001 10.250000000000002 64.500000000000014 17.150000000000002 7.6500000000000012 -1.1499999999999997 0.87837969732492682 0.95000000000000007 -1.0000000180025095e-35 78.500000000000014 2.3479166666666673 1.9000000000000001 81.500000000000014 16.550000000000004 18.050000000000004 6.4500000000000011 0.6078576107927941 83.500000000000014 8.0500000000000025 1.6500000000000001 147.50000000000003 96.500000000000014 5.2500000000000009 0.12940952255126045
decision_type=2 2 2 2 2 2 2 2 2 2 2 2 2 2 2 2 2 2 2 2 2 2 2 2 2 2 2 2 2 2
left_child=1 2 3 -1 19 6 -6 -8 9 -9 -10 14 17 -14 -3 16 -16 18 -13 20 -2 23 -23 -19 25 -25 28 29 -24 -28
right_child=4 11 -4 -5 5 -7 7 8 10 -11 -12 12 13 -15 15 -17 -18 21 -20 -21 -22 22 26 24 -26 -27 27 -29 -30 -31
leaf_value=-0.00011430660044556458 0.015535195878796081 0.012074870840637478 0.0023382703735366746 -0.010214343625887181 0.025395927035721161 0.015744000584547564 -0.033774402802221791 -0.043528812864982246 -0.012386797847227776 -0.022855735855097623 0.055366795460372792 -0.02042708754282458 -0.010063693152921027 0.0048815542843243676 -0.0081303335922506322 -0.011698472933170636 0.0068012721880028231 0.0010599173374472484 0.012049399299332596 0.153376794345879 -0.071792356657454134 -0.0018902204031471441 -0.003403274245632127 -0.010730726624911159 -0.038327013385902928 0.0015061330658926104 0.0084267136204208073 -0.013541367307533613 -0.020101751727311185 -0.016496951724811856
leaf_weight=41 1178 221 61 35 105 435 27 26 45 78 106 49 45 527 28 41 209 1441 35 313 41 925 27 157 28 266 62 26 31 32
leaf_count=41 1178 221 61 35 105 435 27 26 45 78 106 49 45 527 28 41 209 1441 35 313 41 925 27 157 28 266 62 26 31 32
internal_value=0.00020536 -0.000301306 -0.00414493 -0.00748052 0.00112781 9.72068e-06 -0.00157732 -0.00308127 -0.00179687 -0.00518095 0.000552632 -0.000173452 -0.000393209 0.00134031 0.001432 -0.000172043 0.00129412 -0.000715584 -0.00498824 0.00172733 0.00124262 -0.000594125 -0.00147464 -8.02957e-05 -0.00211504 -0.00129245 -0.00540782 -0.00297521 -0.0103051 0.000168421
internal_weight=6641 4287 137 76 2354 822 387 282 255 104 151 4150 3651 572 499 278 237 3079 84 1532 1219 2995 1103 1892 451 423 178 120 58 94
internal_count=6641 4287 137 76 2354 822 387 282 255 104 151 4150 3651 572 499 278 237 3079 84 1532 1219 2995 1103 1892 451 423 178 120 58 94
is_linear=0
shrinkage=0.04


Tree=60
num_leaves=31
num_cat=0
split_feature=10 11 7 19 8 19 11 19 12 19 12 10 0 14 14 8 1 6 13 16 4 8 18 4 1 0 12 1 12 17
split_gain=2.04662 1.49826 2.49473 2.9779 3.72117 1.45512 1.90576 1.7269 2.69663 3.34167 2.19625 2.28699 2.38318 2.37726 1.78474 1.78637 1.68997 1.48332 1.4043 1.90016 1.29264 1.2803 1.1565 1.31275 1.58945 1.76126 1.46716 1.30448 1.56758 1.20849
threshold=7.0500000000000007 10.15 10.756250000000003 -0.60785761079279388 16.250000000000004 0.87837969732492682 -1.3499999999999999 -0.60785761079279388 35.500000000000007 -0.8783796973249266 41.500000000000007 4.4500000000000011 17.950000000000003 263.50000000000006 164.50000000000003 4.8500000000000005 1.6500000000000001 2.8666666666666636 4.9500000000000011 57.500000000000007 4.5500000000000007 14.550000000000002 0.91597561503675351 1.7500000000000002 4.8500000000000005 6.7500000000000009 49.500000000000007 9.2500000000000018 61.500000000000007 -1.0000000180025095e-35
decision_type=2 2 2 2 2 2 2 2 2 2 2 2 2 2 2 2 2 2 2 2 2 2 2 2 2 2 2 2 2 2
left_child=5 2 -2 -4 -5 7 -7 8 9 14 -9 13 16 22 -1 -16 -13 -15 -3 20 -20 -19 23 -12 26 -26 -25 -27 -29 -24
right_child=1 18 3 4 -6 6 -8 10 -10 -11 11 12 -14 17 15 -17 -18 21 19 -21 -22 -23 29 24 25 27 -28 28 -30 -31
leaf_value=-0.026884847318491674 0.0014646184219249197 0.035624246775886326 0.14921730913075082 -0.0098246263934693243 -0.036977630887432396 -0.0085513124047483426 0.0051380773045743098 0.00095955741327355675 0.0052889591605545603 0.0076530099998141504 -0.0089822890929689043 -0.010605599778552514 -0.029786682582140296 -0.012204998410838814 -0.010624797867029856 -0.0099454030128481603 0.00042647278892531863 0.019502222779670092 -0.018905828246923325 0.023000605728666339 -0.012973440462386089 -0.055653716501802758 -0.015357111553089041 -0.012357331488087413 -0.042070198953994768 0.0043666799986924907 -0.0041913693565833361 -0.015954211025911488 -0.02568040044003618 0.0081087381143042057
leaf_weight=47 1638 816 45 51 30 28 518 725 868 116 35 48 26 42 28 29 671 156 28 158 37 30 42 37 41 28 181 26 30 72
leaf_count=47 1638 816 45 51 30 28 518 725 868 116 35 48 26 42 28 29 671 156 28 158 37 30 42 37 41 28 181 26 30 72
internal_value=0.000124925 0.000945792 0.000235694 -0.00516535 -0.00970732 -0.000476863 0.00143327 -0.000795364 0.000506887 -0.00343891 -0.00144226 -0.00233288 -0.00077748 -0.00393897 -0.00860952 -0.0133103 -0.000338889 -0.000558952 0.00215 -0.000660714 -0.00636364 0.000983957 -0.00550101 -0.00656464 -0.00577907 -0.00936508 -0.0036895 -0.00592941 -0.00940351 -0.00194783
internal_weight=6627 2803 1764 126 81 3824 546 3278 1088 220 2190 1465 745 720 104 57 719 228 1039 223 65 186 492 378 343 125 218 84 56 114
internal_count=6627 2803 1764 126 81 3824 546 3278 1088 220 2190 1465 745 720 104 57 719 228 1039 223 65 186 492 378 343 125 218 84 56 114
is_linear=0
shrinkage=0.04


Tree=61
num_leaves=31
num_cat=0
split_feature=10 7 7 11 9 17 2 3 10 14 4 7 1 0 2 14 13 16 10 3 12 4 15 11 5 9 12 9 9 10
split_gain=2.09417 1.17032 1.30089 3.515 1.10965 1.25836 2.46481 1.25662 1.34079 1.10183 1.0391 1.62443 2.42612 0.960379 1.05109 0.88144 0.831169 1.19394 3.64571 1.76116 1.17989 0.785452 0.779215 1.31111 0.782757 0.681115 0.894035 0.669796 1.45436 1.80055
threshold=8.5500000000000025 11.689583333333337 10.927083333333334 7.9500000000000011 111.50000000000001 0.60355339059327384 16.350000000000005 1.5500000000000003 6.5500000000000007 359.50000000000006 1.5500000000000003 3.0520833333333344 4.0500000000000007 1.0500000000000003 1.6500000000000001 178.50000000000003 2.0500000000000003 42.500000000000007 4.6500000000000012 2.1500000000000008 88.500000000000014 1.7500000000000002 1.0000000180025095e-35 1.8500000000000003 0.8500000000000002 73.500000000000014 79.500000000000014 56.500000000000007 64.500000000000014 5.5500000000000007
decision_type=2 2 2 2 2 2 2 2 2 2 2 2 2 2 2 2 2 2 2 2 2 2 2 2 2 2 2 2 2 2
left_child=4 2 10 -4 5 9 7 8 -7 13 11 12 -2 14 21 -16 22 18 -18 -20 -21 -1 24 -24 -15 -26 -27 -19 29 -29
right_child=1 -3 3 -5 -6 6 -8 -9 -10 -11 -12 -13 -14 16 15 -17 17 27 19 20 -22 -23 23 -25 25 26 -28 28 -30 -31
leaf_value=-0.0031910162548622945 -3.922862316406178e-05 0.050840266671866773 -0.029124631483018911 0.10546405998383505 0.0138100401287318 0.003990860483887769 -0.032685776120851898 0.010790724230952739 -0.0058621949900288716 -0.018335165651711133 0.011004268651304388 0.0011812109076376317 -0.027797702109769833 -0.0096951749530793819 -0.0049919196165581345 -0.010887079959453712 -0.0094703170796925744 0.0092997233859910509 -0.015379705935273371 0.0012599386083775143 -0.012792458065807137 0.00065250199434716493 -0.015719848791174898 0.0046444491500470557 0.0053529969401503921 0.0070580890480000796 -0.0081907194095490882 -0.01760535906648613 -0.0011467058142773697 0.0006164919923827755
leaf_weight=30 44 352 25 38 227 74 31 640 28 28 1596 76 28 25 46 39 25 202 29 147 37 91 29 45 283 160 37 165 1931 119
leaf_count=30 44 352 25 38 227 74 31 640 28 28 1596 76 28 25 46 39 25 202 29 147 37 91 29 45 283 160 37 165 1931 119
internal_value=0.00017924 0.00120185 0.000789823 -0.0048125 -0.000315059 -0.000461103 0.000997416 0.00146433 -0.00264078 -0.000786394 0.000994843 -0.00220134 -0.00646575 -0.000720721 -0.00336232 -0.00674419 -0.000551468 -0.000850903 -0.00354812 -0.00181308 -0.000345946 -0.00095082 0.00082069 -0.00298667 0.0013834 0.00174636 -6.06059e-05 -0.000583954 -0.000785198 -0.00345263
internal_weight=6627 2159 1807 63 4468 4241 773 742 102 3468 1744 148 72 3440 206 85 3234 2655 238 213 184 121 579 74 505 480 197 2417 2215 284
internal_count=6627 2159 1807 63 4468 4241 773 742 102 3468 1744 148 72 3440 206 85 3234 2655 238 213 184 121 579 74 505 480 197 2417 2215 284
is_linear=0
shrinkage=0.04


Tree=62
num_leaves=31
num_cat=0
split_feature=10 11 5 6 13 20 16 11 5 13 19 11 13 8 8 11 8 9 11 19 5 7 5 9 5 0 4 9 10 9
split_gain=1.72694 1.57452 3.74102 1.98628 1.84817 1.98888 1.53205 1.87203 2.5655 1.8983 1.64098 1.47571 1.54873 1.5228 1.69399 1.44362 1.33973 1.51424 1.60259 1.16252 1.02973 1.01692 1.79136 1.49318 1.47698 0.993891 0.931971 1.69876 1.30659 0.974121
threshold=5.7500000000000009 11.950000000000001 16.650000000000002 10.733333333333333 5.2500000000000009 0.81174490092936691 42.500000000000007 2.4500000000000006 4.6500000000000012 2.8500000000000001 0.87837969732492682 -1.6499999999999997 1.1500000000000001 18.350000000000005 21.450000000000003 0.45000000000000007 9.5500000000000025 56.500000000000007 3.1500000000000008 -0.8783796973249266 13.250000000000002 14.639583333333336 16.550000000000004 56.500000000000007 18.950000000000003 10.15 14.250000000000002 96.500000000000014 0.95000000000000007 111.50000000000001
decision_type=2 2 2 2 2 2 2 2 2 2 2 2 2 2 2 2 2 2 2 2 2 2 2 2 2 2 2 2 2 2
left_child=6 2 11 -4 -3 19 7 8 9 -1 15 -2 16 20 -15 -8 17 18 -13 -6 25 22 23 -17 -24 -14 29 -28 -29 -25
right_child=1 4 3 -5 5 -7 10 -9 -10 -11 -12 12 13 14 -16 21 -18 -19 -20 -21 -22 -23 24 26 -26 -27 27 28 -30 -31
leaf_value=0.0034403675752929224 0.018198966028925352 0.03375910624042535 -0.00073366980805957579 -0.035475716354275981 -0.029007274965749553 -0.013499964640291906 0.016466756132516868 0.00083932408481171192 -0.010549776412392213 -0.0075603489201467224 0.0081613501468508244 -0.005257946230789662 0.00084291914401569165 -0.078350652281257496 0.039524832077728979 0.032645949580446275 0.030525727898773662 -0.0057749787349792511 -0.027449802290375507 0.017655143992602842 -0.013890706635935602 0.05852235384139208 -0.044260370010867717 -0.0036081785470718675 -0.00058691412074947011 0.052277289755937678 -0.0051665833869675949 -0.011111424750975435 -0.0061101996122437628 0.0082648918746133209
leaf_weight=66 420 886 27 30 34 29 147 103 45 28 412 41 1267 28 34 108 91 191 39 168 49 179 27 1692 28 155 124 34 29 116
leaf_count=66 420 886 27 30 34 29 147 103 45 28 412 41 1267 28 34 108 91 191 39 168 49 179 27 1692 28 155 124 34 29 116
internal_value=0.00014303 0.000755301 0.000171934 -0.00986207 0.00199284 -0.00118965 -0.000537751 -0.00358848 -0.0066 -0.00277895 -0.000281671 0.000423143 -5.27425e-05 0.00050326 -0.0055873 -0.000669618 -0.0024022 -0.00380882 -0.00839506 0.000236453 0.000763587 -0.00091189 -0.00115239 -0.000963878 -0.00821429 0.000961349 -0.00121242 -0.00389362 -0.0091875 -0.000933112
internal_weight=6627 3489 2372 57 1117 231 3138 242 139 94 2896 2315 1895 1533 62 2484 362 271 80 202 1471 2337 2158 2103 55 1422 1995 187 63 1808
internal_count=6627 3489 2372 57 1117 231 3138 242 139 94 2896 2315 1895 1533 62 2484 362 271 80 202 1471 2337 2158 2103 55 1422 1995 187 63 1808
is_linear=0
shrinkage=0.04


Tree=63
num_leaves=31
num_cat=0
split_feature=10 11 7 2 0 17 2 8 13 12 11 0 8 7 4 5 9 9 14 5 7 14 5 10 3 9 2 14 20 11
split_gain=1.80178 1.33156 1.8912 2.18905 3.64246 1.12188 1.97336 1.23309 1.08325 1.21305 1.07566 1.04395 1.89215 1.03619 1.83205 0.91331 0.909575 0.891233 1.02647 1.1719 0.788447 1.12977 0.76702 0.753564 0.689104 1.33859 0.684028 1.00532 0.674856 1.9955
threshold=8.5500000000000025 10.15 10.756250000000003 16.950000000000003 13.450000000000001 0.60355339059327384 16.350000000000005 1.0500000000000003 4.2500000000000009 57.500000000000007 3.2500000000000004 5.0500000000000007 4.4500000000000011 3.589583333333334 1.4500000000000002 17.150000000000002 117.50000000000001 69.500000000000014 175.50000000000003 2.5500000000000003 4.8770833333333341 185.50000000000003 3.2500000000000004 13.350000000000003 1.5500000000000003 75.500000000000014 2.2500000000000004 166.50000000000003 -0.22252093395631442 -0.6499999999999998
decision_type=2 2 2 2 2 2 2 2 2 2 2 2 2 2 2 2 2 2 2 2 2 2 2 2 2 2 2 2 2 2
left_child=5 2 13 4 -4 7 15 10 11 20 -1 12 -3 14 22 24 28 -12 -19 -20 -10 -22 -2 -11 25 -7 -16 -28 29 -9
right_child=1 8 3 -5 -6 6 -8 16 9 23 17 -13 -14 -15 26 -17 -18 18 19 -21 21 -23 -24 -25 -26 -27 27 -29 -30 -31
leaf_value=-0.010813151308509088 -0.0032120194872552804 0.0041423340430683563 -0.001363335268952342 0.06885696698679028 -0.035600060611971157 -0.007255176159772816 -0.029607930302857771 0.0056685384833322491 -0.017791024818421795 0.058637193973485442 0.005312612617783965 0.083975081520063402 -0.031129682447848531 0.012147959967345343 0.015474720664565983 -0.0027890441858564115 0.053155854080668911 0.0015337170805261259 -0.0034294049925265532 -0.0093705421871859845 0.071425917287536361 -0.036588186224712133 -0.029850564669738528 -0.011612688782282214 0.01143335402840724 0.015131234758051849 -0.024034414934434502 0.0025269309946720792 -0.00014838916906336112 -0.0061385213271673957
leaf_weight=29 27 59 42 30 25 55 31 124 27 125 28 508 38 965 56 37 121 46 33 30 43 28 25 25 607 44 36 100 1957 1326
leaf_count=29 27 59 42 30 25 55 31 124 27 125 28 508 38 965 56 37 121 46 33 30 43 28 25 25 607 44 36 100 1957 1326
internal_value=0.00017924 0.00112778 0.000324407 -0.00502041 -0.009 -0.000279257 0.00110452 -0.000569418 0.00235597 0.000128514 -0.00392814 0.00326733 -0.000530612 0.000757025 -0.00156735 0.00152151 -0.000410314 -0.0024058 -0.00403636 -0.0073125 -0.00331313 -0.00105556 -0.00815094 0.00238411 0.00184441 -0.00124 0.000248705 -0.00128467 -0.00053169 -0.00118539
internal_weight=6627 2159 1306 97 67 4468 774 3694 853 248 166 605 97 1209 244 743 3528 137 109 63 98 71 52 150 706 99 192 136 3407 1450
internal_count=6627 2159 1306 97 67 4468 774 3694 853 248 166 605 97 1209 244 743 3528 137 109 63 98 71 52 150 706 99 192 136 3407 1450
is_linear=0
shrinkage=0.04


Tree=64
num_leaves=31
num_cat=0
split_feature=10 11 11 7 2 0 9 19 19 9 13 12 19 0 8 6 2 16 12 16 17 9 14 19 12 19 14 11 2 18
split_gain=1.71124 1.23192 1.64385 2.12739 2.75499 2.15351 1.06036 2.6684 1.82269 4.85018 1.03816 1.21305 1.06776 1.00802 1.89215 0.98769 1.21129 1.742 0.962064 0.930995 1.77195 1.38658 0.975527 0.9261 2.93216 3.4354 2.08137 1.87409 2.03718 3.32687
threshold=8.5500000000000025 10.15 -2.0499999999999994 10.583333333333336 16.950000000000003 13.450000000000001 55.500000000000007 -0.8783796973249266 0.87837969732492682 71.500000000000014 4.2500000000000009 57.500000000000007 1.0000000180025095e-35 5.0500000000000007 4.4500000000000011 3.9583333333333308 2.3500000000000001 37.500000000000007 55.500000000000007 27.500000000000004 0.78656609248549325 45.500000000000007 197.50000000000003 -0.60785761079279388 35.500000000000007 -0.8783796973249266 164.50000000000003 21.150000000000002 14.250000000000002 -0.3794095225512602
decision_type=2 2 2 2 2 2 2 2 2 2 2 2 2 2 2 2 2 2 2 2 2 2 2 2 2 2 2 2 2 2
left_child=23 2 -2 6 5 -5 7 -4 15 -10 13 12 -12 14 -3 16 -8 -18 -17 22 21 -21 -9 24 25 26 -1 28 -25 -30
right_child=1 10 3 4 -6 -7 8 19 9 -11 11 -13 -14 -15 -16 18 17 -19 -20 20 -22 -23 -24 27 -26 -27 -28 -29 29 -31
leaf_value=-0.023949057424648399 0.03362404125245267 0.0039766406813456284 -0.083578689076315396 -0.017667968616712961 0.054758445110956865 -0.044194124641958848 0.0025674370183081173 0.037007055571370691 0.0080565737641312852 -0.077868955873883608 -0.025133325575334597 0.048361326858884814 0.018759237997266556 0.08061607825926087 -0.029884495149934596 -0.072466097271265448 -0.028901903140473452 0.011961873126811946 0.047821258446429475 -0.025225451026293678 0.015163046444273727 0.0084028767750292197 -0.021684024503881613 -0.001875376057840325 0.004907702379767607 0.0068606513480499098 -0.014359793339139977 0.005876614949257915 -0.0025360773059783775 -0.039769454313886503
leaf_weight=49 273 59 30 26 26 26 56 96 76 26 48 150 50 508 38 30 39 30 386 52 69 37 28 2236 1059 117 58 823 79 47
leaf_count=49 273 59 30 26 26 26 56 96 76 26 48 150 50 508 38 30 39 30 386 52 69 37 28 2236 1059 117 58 823 79 47
internal_value=0.00020338 0.00112778 0.000355012 -0.000375242 -0.00668354 -0.0119245 0.000146444 -0.00176358 0.00107453 -0.00380583 0.00230913 0.000128514 -0.00331313 0.00320132 -0.000530612 0.002 -0.00111111 -0.00462857 0.00293525 -0.000537102 -0.00256604 -0.00626667 0.002048 -0.000243455 0.000663552 -0.00348444 -0.00862963 -0.000608914 -0.00118155 -0.00611024
internal_weight=6627 2159 1306 1033 78 52 955 312 643 102 853 248 98 605 97 541 125 69 416 282 158 89 124 4468 1283 224 107 3185 2362 126
internal_count=6627 2159 1306 1033 78 52 955 312 643 102 853 248 98 605 97 541 125 69 416 282 158 89 124 4468 1283 224 107 3185 2362 126
is_linear=0
shrinkage=0.04


Tree=65
num_leaves=31
num_cat=0
split_feature=10 19 19 14 5 12 4 14 4 14 17 11 20 14 5 3 9 18 14 12 19 14 9 4 12 7 5 11 11 11
split_gain=1.63491 1.17829 1.46496 1.58838 1.4336 1.26238 1.36567 1.84473 1.55557 1.24257 3.38561 1.34732 1.33632 2.52101 1.56501 2.16976 1.50001 1.5721 1.41158 1.22616 1.98496 2.63824 1.20333 2.50424 1.43432 1.15247 1.995 3.27372 1.03749 0.981851
threshold=5.7500000000000009 0.87837969732492682 -0.60785761079279388 75.500000000000014 3.1500000000000008 38.500000000000007 7.0500000000000007 39.500000000000007 10.750000000000002 95.500000000000014 -0.25881904510252113 7.2500000000000009 1.0000000180025095e-35 263.50000000000006 4.1500000000000012 4.3500000000000005 81.500000000000014 0.60355339059327384 187.50000000000003 35.500000000000007 -0.8783796973249266 164.50000000000003 97.500000000000014 15.950000000000001 59.500000000000007 2.4354166666666672 2.5500000000000003 1.6500000000000001 -2.4499999999999997 11.65
decision_type=2 2 2 2 2 2 2 2 2 2 2 2 2 2 2 2 2 2 2 2 2 2 2 2 2 2 2 2 2 2
left_child=1 2 19 5 -3 -4 -7 8 -8 10 11 -5 -11 14 18 -16 17 -15 -14 20 21 -1 24 -24 -17 26 -2 -28 -27 -30
right_child=25 4 3 9 -6 6 7 -9 -10 12 -12 -13 13 16 15 22 -18 -19 -20 -21 -22 -23 23 -25 -26 28 27 -29 29 -31
leaf_value=0.0026937646840521014 0.0011589661748924807 -0.0013603368789704201 0.027610124036349503 -0.026589547689352715 0.019733191015202371 0.0030038677433827567 -0.03172094293473568 0.016621773471701243 -0.0028552989042273779 -0.00078196447762203362 0.009364171253940623 -0.044511234796711728 0.00029251243400186703 0.0075537806821651069 -0.029071203694791242 0.0047177960199243389 0.055691987809593731 -0.028296733165029401 -0.017955981518339839 0.0045334174686714277 0.0085668923817401217 -0.014916287265706716 -0.020537070518199804 0.00034033315694605897 -0.018313184133885788 0.038977589280557952 -0.009403535027119608 0.0087473319943568925 0.00054273853218786514 0.014036838254956512
leaf_weight=45 104 181 168 30 278 120 27 38 25 712 31 25 110 78 61 65 130 46 25 684 120 46 26 25 66 330 43 31 1897 1137
leaf_count=45 104 181 168 30 278 120 27 38 25 712 31 25 110 78 61 65 130 46 25 684 120 46 26 25 66 330 43 31 1897 1137
internal_value=0.000258911 -0.00040215 -0.000720414 -0.00137535 0.00146957 0.00092876 -0.00113744 -0.00483516 -0.00966038 -0.00198463 -0.00662069 -0.0125 -0.00168327 -0.00302054 -0.00508707 -0.007 6.27452e-05 -0.003072 -0.00161765 0.000602679 -0.0020566 -0.00647826 -0.00476503 -0.00992308 -0.00269697 0.000848998 -0.00227933 -0.00725333 0.00101516 0.000782867
internal_weight=6704 3162 2703 1808 459 378 210 90 52 1430 86 55 1344 632 378 243 254 124 135 895 211 91 182 51 131 3542 178 74 3364 3034
internal_count=6704 3162 2703 1808 459 378 210 90 52 1430 86 55 1344 632 378 243 254 124 135 895 211 91 182 51 131 3542 178 74 3364 3034
is_linear=0
shrinkage=0.04


Tree=66
num_leaves=31
num_cat=0
split_feature=10 18 4 4 14 18 17 14 8 9 14 0 11 8 20 3 4 9 14 7 11 10 4 20 13 6 20 4 3 10
split_gain=1.42494 1.12628 1.07659 1.01125 1.01083 1.10017 1.55608 2.88465 1.61063 1.5367 1.48344 1.39183 1.38465 1.19652 1.00463 1.48032 2.38117 0.992589 1.54004 1.43701 2.42958 1.90508 2.14996 1.07279 1.0605 1.05707 1.02514 0.963131 1.71649 0.929608
threshold=5.7500000000000009 -0.98296291314453399 3.5500000000000003 2.9500000000000006 80.500000000000014 0.37940952255126048 -1.0000000180025095e-35 181.50000000000003 6.8500000000000005 67.500000000000014 347.50000000000006 0.75000000000000011 18.450000000000003 18.850000000000005 1.0000000180025095e-35 4.1500000000000012 6.9500000000000011 61.500000000000007 177.50000000000003 5.9104166666666673 4.9500000000000011 14.850000000000003 2.1500000000000008 -0.22252093395631442 0.8500000000000002 1.8166666666666635 -0.56174490092936669 6.0500000000000007 5.8500000000000005 3.9500000000000006
decision_type=2 2 2 2 2 2 2 2 2 2 2 2 2 2 2 2 2 2 2 2 2 2 2 2 2 2 2 2 2 2
left_child=1 3 17 -1 -3 13 7 8 9 -7 14 -9 -10 -6 -8 16 29 18 19 20 21 22 -2 24 -20 -19 -26 -11 -29 -16
right_child=2 4 -4 -5 5 6 10 11 12 27 -12 -13 -14 -15 15 -17 -18 25 23 -21 -22 -23 -24 -25 26 -27 -28 28 -30 -31
leaf_value=-0.018653793591128637 -0.051042726040822405 0.0056961532541895225 0.0050859202528564127 -0.0047983013544789259 0.00081902912606315078 -0.019694737281613965 0.0076354734625481433 -0.006660885657890434 -0.020493322005743698 0.00073645307649318373 -0.022716593872464736 -0.0004031693223311244 -0.026945185779111237 -0.020946888241925046 0.0010768022110449573 0.01000199072231041 -0.046120796667800522 -0.006497763243742842 -0.026108079321449758 -0.0083349697069079152 0.029810782504782706 0.063270366105804624 -0.0067738506807249934 0.0048996384970725294 0.028202341797522214 0.0043335227577983425 -0.012969352536170644 -0.0072699599094422987 -0.0062829929042359095 -0.008937107975199813
leaf_weight=25 44 659 2320 54 1071 28 343 35 35 79 32 407 28 26 70 134 27 51 40 29 60 26 61 211 68 588 44 26 46 37
leaf_count=25 44 659 2320 54 1071 28 343 35 35 79 32 407 28 26 70 134 27 51 40 29 60 26 61 211 68 588 44 26 46 37
internal_value=0.000252946 -0.000364211 0.000803839 -0.00505 -0.000242542 -0.000620206 -0.00139458 -0.00272117 -0.00622222 -0.00424444 1.86337e-05 -0.000794582 -0.0116875 0.00031694 0.000464052 -0.00136803 -0.00432593 -0.000156991 -0.00134931 -0.0039819 -0.0026875 -0.00572727 -0.00811321 0.000252747 -0.00230065 0.00093125 -0.000283186 -0.00260526 -0.00591781 -0.00159259
internal_weight=6704 3162 3542 79 3083 2424 1327 684 242 179 643 442 63 1097 611 268 134 1222 583 220 191 131 105 363 152 639 112 151 72 107
internal_count=6704 3162 3542 79 3083 2424 1327 684 242 179 643 442 63 1097 611 268 134 1222 583 220 191 131 105 363 152 639 112 151 72 107
is_linear=0
shrinkage=0.04


Tree=67
num_leaves=31
num_cat=0
split_feature=19 19 16 4 7 3 2 11 0 18 2 7 11 4 7 0 16 12 4 7 5 20 5 11 18 12 10 6 11 12
split_gain=1.45633 1.62165 3.35164 1.84273 1.27907 1.99151 1.96646 1.59115 1.38374 1.27392 1.3499 1.22368 1.3632 2.21909 1.35317 1.45708 1.93157 2.74925 1.68388 1.20396 1.49832 1.18671 1.17508 1.28897 1.16785 1.27938 1.04178 1.01451 0.978529 1.19656
threshold=-0.60785761079279388 -0.8783796973249266 1867.5000000000002 2.6500000000000008 13.581250000000002 13.750000000000002 16.850000000000005 25.750000000000004 18.350000000000005 0.78656609248549303 0.75000000000000011 6.4354166666666677 23.850000000000005 16.150000000000002 3.6854166666666672 5.7500000000000009 202.50000000000003 79.500000000000014 6.8500000000000005 2.4354166666666672 1.4500000000000002 0.81174490092936691 7.8500000000000005 16.350000000000005 0.60355339059327384 86.500000000000014 3.5500000000000003 11.541666666666666 30.950000000000003 61.500000000000007
decision_type=2 2 2 2 2 2 2 2 2 2 2 2 2 2 2 2 2 2 2 2 2 2 2 2 2 2 2 2 2 2
left_child=1 2 11 24 5 8 7 22 9 19 -11 14 -13 -14 -1 16 17 -16 -19 20 -2 -6 26 -24 25 -3 -7 -23 29 -12
right_child=4 3 -4 -5 21 6 -8 -9 -10 10 28 12 13 -15 15 -17 -18 18 -20 -21 -22 27 23 -25 -26 -27 -28 -29 -30 -31
leaf_value=0.0025156607525727323 0.0043825275615622982 0.0052623337419473448 -0.014136760511592327 0.021975887034881007 0.075189803612434963 -0.015295801718803806 0.0016533275686610625 0.011518321022020328 -0.0072815126954609297 -0.020897723852102919 -0.0091577564324169143 0.031810066313416228 -0.030998218022135947 0.16362527481194275 -0.03376517351203788 0.01662113798284932 0.0011761983891684473 0.0018386394954943055 -0.01659503034769344 0.0014037997712821612 -0.0044189721324690333 -0.026031892089739293 -0.041943953682683839 -0.017220786792302052 -0.0055291445974569187 -0.0176525966649651 0.00041303991550897589 0.0062836534241086494 0.049413099565339097 0.00046836267068698436
leaf_weight=212 76 103 34 793 256 25 62 27 37 37 406 323 28 32 42 115 74 55 33 3011 178 26 28 43 49 30 35 89 97 348
leaf_count=212 76 103 34 793 256 25 62 27 37 37 406 323 28 32 42 115 74 55 33 3011 178 26 28 43 49 30 35 89 97 348
internal_value=0.000282774 0.00121206 3.37199e-05 0.00235656 -9.11751e-05 -0.000281115 -0.0039819 -0.00633962 -8.58982e-05 -1.63696e-05 -0.00135883 0.000498361 0.00221875 -0.00327869 -0.000744361 -0.0023875 -0.00440976 -0.00732824 -0.00323595 0.000349051 -0.0022902 0.00216129 -0.00815151 -0.0116111 -0.00126776 0.000686567 -0.00393443 -0.0012069 -0.00102817 -0.00151523
internal_weight=6704 1923 948 975 4781 4410 220 158 4190 4153 888 914 383 60 531 319 204 130 88 3265 254 371 131 71 182 133 60 115 851 754
internal_count=6704 1923 948 975 4781 4410 220 158 4190 4153 888 914 383 60 531 319 204 130 88 3265 254 371 131 71 182 133 60 115 851 754
is_linear=0
shrinkage=0.04


Tree=68
num_leaves=31
num_cat=0
split_feature=10 9 19 19 5 3 11 19 12 11 2 5 11 7 13 11 12 9 7 19 9 7 5 14 13 11 14 11 19 18
split_gain=1.36065 1.21467 1.11197 1.8457 1.05984 0.998478 0.988519 1.85989 1.50348 0.909913 1.0188 1.21391 2.81248 2.74585 1.36501 1.04592 1.76492 1.83655 1.52677 1.70601 1.76472 1.26089 2.07775 1.3581 0.905153 0.972563 1.39857 0.90164 0.992531 0.857978
threshold=5.7500000000000009 111.50000000000001 -0.60785761079279388 0.87837969732492682 3.1500000000000008 0.75000000000000011 24.250000000000004 -0.8783796973249266 32.500000000000007 -4.3499999999999988 19.450000000000003 13.250000000000002 11.65 10.497916666666669 5.9500000000000011 20.450000000000003 49.500000000000007 75.500000000000014 3.010416666666667 -1.0000000180025095e-35 59.500000000000007 2.839583333333334 2.9500000000000006 195.50000000000003 0.8500000000000002 2.7500000000000004 197.50000000000003 1.7500000000000002 1.0000000180025095e-35 -0.98296291314453399
decision_type=2 2 2 2 2 2 2 2 2 2 2 2 2 2 2 2 2 2 2 2 2 2 2 2 2 2 2 2 2 2
left_child=1 2 6 5 -5 -4 -1 8 -8 -2 11 15 13 -13 -14 16 17 18 -11 -20 -21 22 -18 27 25 -23 -27 28 -24 -7
right_child=9 -3 3 4 -6 29 7 -9 -10 10 -12 12 14 -15 -16 -17 21 -19 19 20 -22 24 23 -25 -26 26 -28 -29 -30 -31
leaf_value=0.0035411112742967437 0.037362040922883033 0.018249058017514266 -0.016617948841531879 -0.0016342420611505607 0.016329817529151368 -0.0085487456503345032 -0.02147929046718183 0.011830385389380669 0.037547886086546627 0.0034954451174669865 0.16822468320036735 -0.0031098926115995808 0.043798868726953454 -0.015730265754093503 -0.01999121762213971 0.054762978904480529 0.001720753732076076 0.016236306534262425 -0.052912993968260311 0.093144083918460047 -0.049484936981229563 0.0030384646922906695 -0.008376217978086806 0.0026974404338631188 0.0052610433703810912 0.0052405553924009928 -0.028224399279816372 -0.0050014982831396906 -0.014706211851961715 -0.003387294991032208
leaf_weight=689 244 220 31 174 247 43 39 78 29 26 182 51 216 51 38 215 176 48 37 25 30 137 29 39 1830 55 49 35 29 1612
leaf_count=689 244 220 31 174 247 43 39 78 29 26 182 51 216 51 38 215 176 48 37 25 30 137 29 39 1830 55 49 35 29 1612
internal_value=0.000276808 -0.000326272 -0.000540944 -0.00103036 0.00133649 -0.00162181 0.00069378 -0.00228571 -0.00707246 0.000815129 0.000640194 0.000469683 -0.00172549 -0.00730097 0.000533333 0.00075335 0.000526316 -0.0034491 -0.00611765 -0.00851613 -0.00392857 0.000805042 -0.00157929 -0.00535338 0.00116023 -0.0011405 -0.0040381 -0.00795745 -0.0109831 -0.00148551
internal_weight=6704 3162 2942 2107 421 1686 835 146 68 3542 3298 3116 356 102 254 2760 2545 166 118 92 55 2379 308 132 2071 241 104 93 58 1655
internal_count=6704 3162 2942 2107 421 1686 835 146 68 3542 3298 3116 356 102 254 2760 2545 166 118 92 55 2379 308 132 2071 241 104 93 58 1655
is_linear=0
shrinkage=0.04


Tree=69
num_leaves=31
num_cat=0
split_feature=10 4 7 13 8 11 17 7 12 7 8 9 9 8 9 12 1 4 11 3 12 5 5 7 3 2 4 20 7 8
split_gain=1.43239 1.09823 1.02206 0.937441 1.35043 0.813423 0.890464 1.52286 1.24437 1.35357 1.58709 2.20088 1.17805 1.26163 0.881159 1.09232 1.18076 0.907055 1.5122 1.32134 1.54561 1.2394 0.920813 2.19656 0.841146 3.03198 0.837698 1.20082 0.870054 0.868252
threshold=11.850000000000003 26.100000000000005 22.343750000000004 4.6500000000000012 10.850000000000003 31.150000000000002 0.60355339059327384 10.025000000000002 92.500000000000014 14.639583333333336 18.050000000000004 71.500000000000014 57.500000000000007 7.2500000000000009 56.500000000000007 82.500000000000014 8.5500000000000025 8.7500000000000018 1.0000000180025095e-35 3.5500000000000003 46.500000000000007 8.4500000000000011 12.950000000000001 11.80625 10.450000000000001 10.950000000000001 1.1500000000000001 1.0000000180025095e-35 2.0687500000000005 7.1500000000000012
decision_type=2 2 2 2 2 2 2 2 2 2 2 2 2 2 2 2 2 2 2 2 2 2 2 2 2 2 2 2 2 2
left_child=1 2 5 -2 -5 6 8 -8 9 10 14 -12 -9 -14 15 -1 -17 21 -19 20 -20 24 -21 -24 26 -26 27 -16 -28 -30
right_child=3 -3 -4 4 -6 -7 7 12 -10 -11 11 -13 13 -15 17 16 -18 18 19 22 -22 -23 23 -25 25 -27 28 -29 29 -31
leaf_value=0.01685520389777341 0.019863203531636103 0.13988125357714035 -0.027794955363316769 0.072833338164512998 -0.03665232746569335 0.0088404515665599422 0.0075495172996278949 -0.024067988562334941 -0.0076137184772841759 0.078435458581555526 -0.028908178395643601 0.0061448706562927174 -0.015852579855265482 0.0013028648118849739 -0.00066803650701752464 0.0022872570371342518 -0.021058194893945083 0.038522575029579259 -0.037257196105520515 -0.004639771574418825 -0.0034581721408395655 0.0041759030289604919 -0.04387001123407288 0.00127437951762932 -0.055549480785531354 0.062382672096975691 0.0016927823242528404 -0.0084958103073955234 -0.0012694184731710178 0.016769994066369646
leaf_weight=314 968 112 43 50 30 181 1072 48 48 133 49 42 34 174 92 163 44 70 27 649 38 351 27 45 34 39 128 43 1369 287
leaf_count=314 968 112 43 50 30 181 1072 48 48 133 49 42 34 174 92 163 44 70 27 649 38 351 27 45 34 39 128 43 1369 287
internal_value=0.000312603 6.08098e-05 -1.87555e-05 0.00167016 -0.00246914 2.98075e-05 -6.01389e-05 0.000836719 -0.000358627 -0.000279848 -0.000418678 -0.0056087 -0.00192996 -0.00061244 -0.000290244 0.00123372 -0.00101923 -0.00053875 -0.00165228 -0.00215502 -0.00757576 -0.000131399 -0.00165651 -0.00591781 -0.000517812 -0.0047027 -0.00035625 -0.00338235 -0.00012549 -0.000371756
internal_weight=6704 5656 5544 1048 80 5501 5320 1328 3992 3944 3811 91 256 208 3720 521 207 3199 856 786 65 2343 721 72 1992 73 1919 135 1784 1656
internal_count=6704 5656 5544 1048 80 5501 5320 1328 3992 3944 3811 91 256 208 3720 521 207 3199 856 786 65 2343 721 72 1992 73 1919 135 1784 1656
is_linear=0
shrinkage=0.04


Tree=70
num_leaves=31
num_cat=0
split_feature=10 20 5 4 3 4 0 3 7 17 7 17 2 9 3 5 20 6 0 14 7 9 3 4 7 0 18 16 9 19
split_gain=1.40801 1.13516 1.98794 3.94581 1.87825 1.19933 1.78966 2.64074 1.21253 2.01788 1.16886 1.14977 1.39657 1.31163 1.31085 1.39973 1.80501 1.51632 3.3215 2.3366 1.46877 1.32479 1.19924 2.40338 1.05462 0.990617 1.22232 1.23811 2.1491 4.03041
threshold=11.850000000000003 0.81174490092936691 16.650000000000002 22.700000000000006 1.1500000000000001 5.8500000000000005 7.1500000000000012 10.65 7.7729166666666671 -1.0000000180025095e-35 15.877083333333335 0.12940952255126045 17.550000000000004 66.500000000000014 7.3500000000000005 11.950000000000001 -0.22252093395631442 4.4833333333333316 3.9500000000000006 156.50000000000003 9.3791666666666682 53.500000000000007 5.3500000000000005 3.2500000000000004 6.4354166666666677 18.650000000000002 0.37940952255126048 47.500000000000007 68.500000000000014 1.0000000180025095e-35
decision_type=2 2 2 2 2 2 2 2 2 2 2 2 2 2 2 2 2 2 2 2 2 2 2 2 2 2 2 2 2 2
left_child=1 10 4 -4 -3 -6 7 8 9 24 11 25 13 14 15 16 17 18 19 -13 -17 -19 -18 -24 -7 26 27 28 -1 -30
right_child=-2 2 3 -5 5 6 -8 -9 -10 -11 -12 12 -14 -15 -16 20 22 21 -20 -21 -22 -23 23 -25 -26 -27 -28 -29 29 -31
leaf_value=0.00049642433658789826 0.011381598245662814 -0.013970537985807576 -0.027613562134309377 0.17625679382272216 0.0020836156482335329 0.0063012017622942323 0.0015646279495802565 -0.027193694293506258 0.0033845839991258325 -0.024982283989956451 0.11666043980575104 -0.010140210282075126 -0.033866132600454311 0.0091373920654186837 0.014073979669509969 -0.0058302129315906453 0.02032126961179527 -0.063759350819834748 -0.034762785361222501 0.020579297087836276 -0.048570799398942315 0.031441008870418327 -0.023590310364021653 0.012604789510312183 -0.0051822506351622936 -0.016204571290077085 -0.0035652515589139401 0.0029910367167653752 0.0023544614375531274 -0.015800513341268151
leaf_weight=337 1072 30 50 31 313 31 213 27 42 25 170 25 31 1087 183 31 203 33 34 51 26 87 27 34 35 31 1123 1120 53 86
leaf_count=337 1072 30 50 31 313 31 213 27 42 25 170 25 31 1087 183 31 203 33 34 51 26 87 27 34 35 31 1123 1120 53 86
internal_value=0.00028365 2.80073e-05 -0.00136842 -0.00726829 -0.000691771 -0.000256186 -0.0017861 -0.00496894 -0.00259701 -0.00517391 0.000261471 0.000140778 0.000910955 0.00105598 -0.00025034 -0.00122464 -0.000533333 -0.00311688 -0.00648649 -0.00176623 -0.00710345 1.4778e-10 0.00172075 -0.00316129 -0.00143284 -0.000378044 -0.000295588 0.00041578 -0.0012914 -0.00545714
internal_weight=6641 5569 797 81 716 686 373 160 133 91 4772 4602 1852 1821 734 551 494 230 110 76 57 120 264 61 66 2750 2719 1596 476 139
internal_count=6641 5569 797 81 716 686 373 160 133 91 4772 4602 1852 1821 734 551 494 230 110 76 57 120 264 61 66 2750 2719 1596 476 139
is_linear=0
shrinkage=0.04


Tree=71
num_leaves=31
num_cat=0
split_feature=7 5 17 10 9 8 9 9 12 11 9 2 9 13 12 12 0 20 4 9 7 8 13 13 11 14 20 11 6 8
split_gain=1.22956 1.59129 1.21529 1.01009 1.25089 1.11674 3.88576 1.23954 1.73565 1.08312 1.00982 1.24378 1.14125 1.58891 3.58002 1.2987 1.028 0.995549 0.994498 1.17259 2.35754 3.20363 2.36024 1.59376 1.4026 1.22076 0.992975 0.917705 1.33144 1.1612
threshold=26.668749999999999 37.20000000000001 0.12940952255126045 7.0500000000000007 110.50000000000001 19.250000000000004 77.500000000000014 56.500000000000007 87.500000000000014 2.7500000000000004 85.500000000000014 7.9500000000000011 62.500000000000007 1.0500000000000003 87.500000000000014 49.500000000000007 11.450000000000001 -0.22252093395631442 1.3500000000000003 92.500000000000014 8.6479166666666689 11.750000000000002 11.350000000000003 4.1500000000000012 25.750000000000004 296.50000000000006 1.0000000180025095e-35 10.15 7.1249999999999973 11.350000000000003
decision_type=2 2 2 2 2 2 2 2 2 2 2 2 2 2 2 2 2 2 2 2 2 2 2 2 2 2 2 2 2 2
left_child=1 2 3 4 5 7 -7 -1 18 -10 11 12 13 14 17 -15 -12 -4 26 25 23 22 24 -21 -22 -20 -9 28 -5 -30
right_child=-2 -3 10 27 -6 6 -8 8 9 -11 16 -13 -14 15 -16 -17 -18 -19 19 20 21 -23 -24 -25 -26 -27 -28 -29 29 -31
leaf_value=0.0075744568278381568 0.1278940026191917 -0.035698544970531279 -0.010446027522915817 0.0023918331716938695 0.018045409203580328 -0.02947633774597827 0.21656846823730461 -0.00054669978827115667 -0.01363437642647876 -0.0028836707380850732 0.016322734422145355 0.012155650066056359 0.0018232119625519027 -0.026459979085810263 -0.029383781051940953 0.00077920565912592988 -0.0039564487945323292 0.017860896241223879 -0.0012137308887387377 -0.0091590889491650444 -0.023102374817766884 0.0069292882019069846 -0.024197624749728468 0.002344191555818114 -0.00016184623744601464 0.013464879965504139 -0.011684406463600732 0.043173151446286633 -0.022179379818050755 0.0065514361320274262
leaf_weight=179 141 26 45 351 187 25 27 61 67 63 339 857 1043 65 26 516 47 40 1249 60 34 57 29 217 34 286 29 290 145 106
leaf_count=179 141 26 45 351 187 25 27 61 67 63 339 857 1043 65 26 516 47 40 1249 60 34 57 29 217 34 286 29 290 145 106
internal_value=0.000289672 0.000209199 0.000249575 -0.000256219 -0.000654127 -0.000898263 -0.00664151 -0.000769231 -0.00103155 -0.00549618 0.000843236 0.000558427 -5.76035e-05 -0.00131602 -0.00567857 -0.000474227 0.00274935 -0.00162791 -0.000746718 -0.000557194 -0.00239815 -0.00634839 -0.0107347 -0.00018705 -0.00649275 -3.90624e-05 -0.00483516 0.000904815 1.32671e-05 -0.00220635
internal_weight=6641 6500 6474 3496 2604 2417 52 2365 2186 130 2978 2592 1735 692 111 581 386 85 2056 1966 431 154 97 277 68 1535 90 892 602 251
internal_count=6641 6500 6474 3496 2604 2417 52 2365 2186 130 2978 2592 1735 692 111 581 386 85 2056 1966 431 154 97 277 68 1535 90 892 602 251
is_linear=0
shrinkage=0.04


Tree=72
num_leaves=31
num_cat=0
split_feature=7 5 17 18 12 11 11 3 2 5 3 6 4 6 12 16 0 20 16 20 5 6 4 7 7 6 5 9 4 7
split_gain=1.23762 1.13851 0.925986 1.03515 1.54369 1.49515 1.38379 2.3205 1.60798 1.45777 1.83991 1.30777 1.24622 1.38826 1.30283 1.19788 1.1804 1.04531 1.02549 1.01886 0.963663 1.76531 0.90562 2.74844 0.898239 2.17666 1.54544 0.797324 0.888002 0.967461
threshold=26.668749999999999 37.20000000000001 0.12940952255126045 -0.12940952255126037 30.500000000000004 5.8500000000000005 19.550000000000004 6.3500000000000005 1.2500000000000002 8.3500000000000032 7.9500000000000011 4.5833333333333313 3.3500000000000001 8.4250000000000007 89.500000000000014 1287.5000000000002 7.3500000000000005 -0.56174490092936669 1462.5000000000002 -0.22252093395631442 8.7500000000000018 9.9083333333333332 14.550000000000002 13.956250000000002 2.0687500000000005 2.4333333333333305 2.8500000000000001 83.500000000000014 13.450000000000001 14.639583333333336
decision_type=2 2 2 2 2 2 2 2 2 2 2 2 2 2 2 2 2 2 2 2 2 2 2 2 2 2 2 2 2 2
left_child=1 2 3 12 22 -6 7 8 18 10 11 -9 13 24 -14 17 -16 -12 -7 20 21 -8 -5 -24 -1 26 -26 -4 -29 -30
right_child=-2 -3 27 4 5 6 19 9 -10 -11 15 -13 14 -15 16 -17 -18 -19 -20 -21 -22 -23 23 -25 25 -27 -28 28 29 -31
leaf_value=0.0036238386721496015 0.12277824251442404 -0.034270603171710032 0.0011152396925463732 0.0068523498135807668 0.00036856933215087914 -0.0090330357962188114 -0.001983042546409854 -0.0062441191566123188 -0.00086900756240196656 -0.042100093795161476 -0.016673843980257327 -0.028322008484617286 0.0070944301645685113 -0.02372919920051467 0.0017032929193178854 -0.01742175470051998 -0.012626361010472304 0.0011649083704101458 6.6723107432975823e-05 0.010600596106478274 0.019488547445778975 -0.032852059963793513 -0.0071245238197513716 0.10711298323400198 -0.0089594347683644351 5.1213137400879525e-05 -0.0035169050923323174 0.02418786334151701 -0.0057449745772581171 0.047518700012808612
leaf_weight=53 141 26 2514 379 525 43 78 26 297 32 41 41 1147 28 60 27 47 94 26 130 29 28 33 52 26 214 40 373 56 35
leaf_count=53 141 26 2514 379 525 43 78 26 297 32 41 41 1147 28 60 27 47 94 26 130 29 28 33 52 26 214 40 373 56 35
internal_value=0.000277627 0.000196893 0.000231043 -0.000210466 -0.000848034 -0.00150353 -0.00249944 -0.00352229 -0.00146049 -0.00639695 -0.00523478 -0.0107647 0.000532178 -0.00153591 0.00112829 -0.00289571 -0.00307407 -0.00132353 -0.00691429 -7.51878e-05 -0.0025 -0.00426168 0.00115269 -0.00255814 -0.000802395 -0.00170818 -0.008 0.000749245 0.00227097 -0.00126087
internal_weight=6641 6500 6474 3496 1881 1417 892 627 366 261 229 67 1615 361 1254 162 107 135 69 265 135 106 464 85 333 280 66 2978 464 91
internal_count=6641 6500 6474 3496 1881 1417 892 627 366 261 229 67 1615 361 1254 162 107 135 69 265 135 106 464 85 333 280 66 2978 464 91
is_linear=0
shrinkage=0.04


Tree=73
num_leaves=31
num_cat=0
split_feature=7 5 10 13 0 17 10 20 3 4 11 16 4 14 14 3 7 13 1 0 11 12 3 7 11 19 7 13 19 5
split_gain=1.26196 1.12829 0.98007 1.11104 1.59929 0.889506 1.10794 1.42601 1.0151 0.849122 0.804477 1.09136 0.720231 0.978952 1.17001 0.810467 1.74147 1.00996 1.62871 0.702063 0.898838 0.641982 1.31139 2.40083 0.960797 1.02824 1.45605 1.07841 0.793822 0.885608
threshold=26.668749999999999 37.20000000000001 11.250000000000002 5.1500000000000012 8.2500000000000018 0.60355339059327384 10.750000000000002 1.0000000180025095e-35 16.850000000000005 1.3500000000000003 31.150000000000002 3062.5000000000005 12.65 188.50000000000003 170.50000000000003 7.3500000000000005 10.102083333333335 1.0500000000000003 4.7500000000000009 0.75000000000000011 16.750000000000004 87.500000000000014 6.4500000000000011 6.6937500000000014 4.2500000000000009 0.6078576107927941 2.3145833333333337 0.8500000000000002 0.87837969732492682 2.7500000000000004
decision_type=2 2 2 2 2 2 2 2 2 2 2 2 2 2 2 2 2 2 2 2 2 2 2 2 2 2 2 2 2 2
left_child=1 2 5 9 -5 6 10 -8 12 -4 19 -12 15 14 -14 16 17 18 -7 20 -1 24 -23 -24 25 -21 -27 -28 -26 -30
right_child=-2 -3 3 4 -6 8 7 -9 -10 -11 11 -13 13 -15 -16 -17 -18 -19 -20 21 -22 22 23 -25 28 26 27 -29 29 -31
leaf_value=-0.0016830092273701057 0.11786711281384708 -0.032899779044841634 -0.011589627349764738 0.0018727542376438394 -0.035068466314018276 -0.0082193480521886245 -0.056952226540381685 0.031968411504504836 -0.027161038848983632 0.017540541416049108 0.028677146479100309 -0.0045541835962737516 -0.00013134996074934632 0.037117083569348015 -0.024133673956497442 0.023970324833826329 -0.020576510542998756 0.0082434230733406163 0.0036218000949020013 0.0044664767226023092 -0.0064306720905958348 0.00016701217425368016 -0.020734835303402938 -0.0024603513200988133 -0.0021163962647520944 -0.0047393202293515829 -0.010970779331160372 0.00072381994197464076 -0.0052054648616464659 0.016621902091036506
leaf_weight=87 141 26 46 34 25 46 34 28 25 1069 150 26 48 41 25 233 27 754 40 713 25 182 46 93 2051 34 33 245 106 208
leaf_count=87 141 26 46 34 25 46 34 28 25 1069 150 26 48 41 25 233 27 754 40 713 25 182 46 93 2051 34 33 245 106 208
internal_value=0.000241494 0.000159976 0.000193977 0.00123915 -0.00406667 -3.77286e-05 -0.000323978 -0.0055873 0.0009 0.0015233 -0.000241 0.00239548 0.00106667 -0.00194783 -0.0047027 0.00138056 0.000815668 0.0011415 -0.00294253 -0.000362971 -0.00346903 -0.000268319 -0.00197516 -0.00488571 -0.000106163 0.000916179 -0.000996805 -2.86737e-05 -0.00054945 0.00132064
internal_weight=6641 6500 6474 1174 59 5300 4061 62 1239 1115 3999 176 1214 114 73 1100 867 840 86 3823 112 3711 321 139 3390 1025 312 278 2365 314
internal_count=6641 6500 6474 1174 59 5300 4061 62 1239 1115 3999 176 1214 114 73 1100 867 840 86 3823 112 3711 321 139 3390 1025 312 278 2365 314
is_linear=0
shrinkage=0.04


Tree=74
num_leaves=31
num_cat=0
split_feature=7 18 12 18 2 20 4 10 5 9 5 8 7 7 2 10 14 14 11 20 20 5 5 12 14 12 11 0 12 7
split_gain=1.26196 1.19209 1.36458 2.37501 1.27821 2.60798 0.98116 1.15218 1.40156 1.07418 0.83277 1.0075 0.826177 1.64261 2.25751 1.52383 1.13035 1.18131 0.953141 1.09228 1.86614 1.37841 1.80637 3.77744 1.89836 1.53307 3.08711 1.65685 1.01539 1.27006
threshold=26.668749999999999 0.78656609248549303 93.500000000000014 -0.5 0.75000000000000011 -0.22252093395631442 14.550000000000002 1.3500000000000003 7.8500000000000005 58.500000000000007 14.65 8.0500000000000025 2.4770833333333337 2.0187500000000007 2.3500000000000001 8.9500000000000011 164.50000000000003 197.50000000000003 0.75000000000000011 -0.22252093395631442 0.81174490092936691 8.6500000000000004 7.4500000000000011 50.500000000000007 197.50000000000003 86.500000000000014 1.8500000000000003 15.15 46.500000000000007 5.4520833333333343
decision_type=2 2 2 2 2 2 2 2 2 2 2 2 2 2 2 2 2 2 2 2 2 2 2 2 2 2 2 2 2 2
left_child=1 2 12 -4 5 -3 9 8 -8 -6 11 -11 13 -1 16 -16 -15 -18 -14 21 -21 22 25 -24 -25 27 -27 -20 -22 -30
right_child=-2 4 3 -5 6 -7 7 -9 -10 10 -12 -13 18 14 15 -17 17 -19 19 20 28 -23 23 24 -26 26 -28 -29 29 -31
leaf_value=0.00065757392863935492 0.11315242830129321 0.00080167152746255573 -0.021654900543135087 0.006806889845186119 -0.011620197940855167 -0.019102089138509207 -0.01026195820684354 0.0035820524172674589 -0.0066419903680683184 -0.00080205552804555507 -0.027012691142228692 0.033352746203996912 0.010408342244468119 -0.00086927653943207593 0.0087323356221975582 -0.012679212648260366 -0.0073719761685495568 -0.0024381336887549978 0.0012557055445016644 0.0064257416508708533 0.023900889313256669 0.0021045037225803412 -0.055904665107652039 0.019234481003195737 -0.018161022561012256 -0.061844799277438585 -0.0075643231630656959 -0.024317378537430604 0.00065410805355814005 -0.0075329710327149127
leaf_weight=197 141 35 37 33 36 25 32 67 59 811 30 252 820 35 86 25 29 25 765 1631 147 556 47 106 40 27 119 26 129 273
leaf_count=197 141 35 37 33 36 25 32 67 59 811 30 252 820 35 86 25 29 25 765 1631 147 556 47 106 40 27 119 26 129 273
internal_value=0.000241494 0.000159976 0.000436942 -0.00507042 -0.00089911 -0.00655738 -0.000630435 -0.00357233 -0.00647826 -0.000215929 1.09691e-05 0.000199248 0.000513769 -0.00123618 -0.00378109 3.57144e-05 -0.00848889 -0.0120727 0.000662257 0.000399276 0.000990372 -0.000365145 -0.00116711 -0.00468041 -0.00146939 -0.000439232 -0.00419048 0.000257576 -0.00102545 -0.00206452
internal_weight=6641 6500 5153 70 1347 60 1287 158 91 1129 1093 1063 5083 397 200 111 89 54 4686 3866 2180 1686 1130 193 146 937 146 791 549 402
internal_count=6641 6500 5153 70 1347 60 1287 158 91 1129 1093 1063 5083 397 200 111 89 54 4686 3866 2180 1686 1130 193 146 937 146 791 549 402
is_linear=0
shrinkage=0.04


Tree=75
num_leaves=31
num_cat=0
split_feature=7 18 12 18 6 20 4 4 3 11 11 16 16 17 1 16 13 0 1 12 12 2 3 19 9 7 5 19 12 12
split_gain=1.29119 1.30502 1.39471 1.88855 1.14831 1.75707 0.981085 0.912042 1.08767 0.949895 1.0342 0.858661 0.878222 0.843925 0.972913 0.821984 2.58318 1.52269 1.4369 2.61279 1.13476 2.48157 2.50424 1.49224 2.76054 0.884972 0.765978 0.762562 0.953513 1.0344
threshold=26.668749999999999 0.78656609248549303 93.500000000000014 -0.5 1.3666666666666625 1.0000000180025095e-35 3.5500000000000003 8.8500000000000032 3.2500000000000004 6.6500000000000012 11.450000000000001 1067.5000000000002 482.50000000000006 -0.70710678118654735 21.350000000000005 57.500000000000007 4.6500000000000012 12.850000000000003 2.4500000000000006 79.500000000000014 86.500000000000014 6.9500000000000011 7.1500000000000012 0.87837969732492682 65.500000000000014 3.9354166666666672 1.9500000000000002 0.87837969732492682 37.500000000000007 31.500000000000004
decision_type=2 2 2 2 2 2 2 2 2 2 2 2 2 2 2 2 2 2 2 2 2 2 2 2 2 2 2 2 2 2
left_child=1 2 6 -4 5 -3 15 11 -9 -10 -11 12 -6 14 -8 16 18 -17 19 -1 23 -22 -23 -20 -25 -18 -14 28 29 -12
right_child=-2 4 3 -5 7 -7 13 8 9 10 27 -13 26 -15 -16 17 25 -19 20 -21 21 22 -24 24 -26 -27 -28 -29 -30 -31
leaf_value=-0.0096537836515527987 0.11598913408310928 -0.001555151183436413 -0.018600323870786639 0.0087229019548731041 0.00058483729840243129 -0.0075233285608739403 0.00028177048270419588 -0.013297293444006016 0.0082364907451871975 -0.012988422343807701 -0.0040105879053489489 0.0049024526888975517 -0.032093264826690941 0.005419524870193879 -0.019363326157747173 0.0010384366560732699 -0.0078207228868665459 -0.013478854982402772 0.0087266773003053487 -0.00066463574051686767 0.0042214352251443744 -0.057517986952084786 0.0048236649121432594 0.0044041931052036885 -0.061039409727580568 -0.021245319117926591 -0.0026466829401976259 0.0074641694600487999 0.0072940309965630751 -0.020330427180669623
leaf_weight=26 141 58 40 29 466 37 1286 29 67 51 152 214 34 2110 28 684 32 29 460 109 93 26 25 71 25 38 85 36 71 46
leaf_count=26 141 58 40 29 466 37 1286 29 67 51 152 214 34 2110 28 684 32 29 460 109 93 26 25 71 25 38 85 36 71 46
internal_value=0.000198818 0.000115825 0.000407668 -0.0052 -0.000991834 -0.00520833 0.000485425 -0.000667731 -0.00210155 -0.00157547 -0.00239776 0.000145 -0.000648464 0.000868905 7.30039e-05 -0.000326127 -0.00112583 0.000689076 -0.000502392 -0.00426471 0.000228246 -0.00292414 -0.00992308 0.00104847 -0.00346392 -0.0084507 -0.0037 -0.00150327 -0.00223704 -0.00365829
internal_weight=6598 6457 5111 69 1346 95 5042 1251 452 423 356 799 585 3424 1314 1618 905 713 835 135 700 144 51 556 96 70 119 305 269 198
internal_count=6598 6457 5111 69 1346 95 5042 1251 452 423 356 799 585 3424 1314 1618 905 713 835 135 700 144 51 556 96 70 119 305 269 198
is_linear=0
shrinkage=0.04


Tree=76
num_leaves=31
num_cat=0
split_feature=7 18 6 12 18 8 11 4 9 4 9 11 11 13 19 16 8 2 19 19 11 12 2 19 14 11 11 2 7 16
split_gain=1.27877 1.27895 1.16457 1.13192 1.62207 1.0107 1.2483 0.750541 0.779968 0.737305 0.772583 0.981452 0.987377 1.01591 1.1799 0.937464 0.727973 0.724807 0.701773 1.5412 1.46405 1.0437 1.68815 2.06269 3.46656 3.54649 1.63392 1.86537 2.37665 1.17461
threshold=26.668749999999999 0.78656609248549303 1.3666666666666625 93.500000000000014 -0.5 1.1500000000000001 6.8500000000000005 3.1500000000000008 48.500000000000007 8.8500000000000032 64.500000000000014 6.6500000000000012 20.450000000000003 5.1500000000000012 1.0000000180025095e-35 797.50000000000011 9.6500000000000004 8.8500000000000032 -0.60785761079279388 -0.8783796973249266 25.050000000000004 39.500000000000007 10.65 0.6078576107927941 135.50000000000003 7.0500000000000007 17.250000000000004 17.850000000000005 11.039583333333335 1082.5000000000002
decision_type=2 2 2 2 2 2 2 2 2 2 2 2 2 2 2 2 2 2 2 2 2 2 2 2 2 2 2 2 2 2
left_child=1 3 5 7 -5 -3 -7 -1 -9 16 -11 -12 15 14 17 -13 -4 -14 19 20 -10 -20 29 24 25 -24 27 28 -26 -23
right_child=-2 2 9 4 -6 6 -8 8 18 10 11 12 13 -15 -16 -17 -18 -19 21 -21 -22 22 23 -25 26 -27 -28 -29 -30 -31
leaf_value=-0.00035721361338810474 0.11134956871978492 -0.00017728969708759955 -0.00039113493182967848 -0.017856310915955173 0.0083739858766781784 -0.0047096055859871221 -0.0099653618424253559 0.017312823007572177 0.00058679466228525471 -0.012483233557754674 0.013161937654977916 -0.0023463288689247533 -0.0065693773998043697 0.005644695935491841 0.040202890648309515 -0.016224099033695583 0.064490191045965678 -0.01381166866227056 0.01124136076075959 0.023880350846735354 -0.027681009320887032 0.0016920126832610492 -3.7029530110795105e-05 0.0079874879859101085 -0.024784650078698078 -0.026299268031904376 0.015685105024851848 0.0017025894332063831 -0.016501330177140599 -0.0088458542015706892
leaf_weight=1365 141 43 711 40 29 25 27 426 434 29 59 64 32 169 27 46 88 26 498 465 32 1317 32 136 50 48 102 28 33 76
leaf_count=1365 141 43 711 40 29 25 27 426 434 29 59 64 32 169 27 46 88 26 498 465 32 1317 32 136 50 48 102 28 33 76
internal_value=0.000217003 0.000134407 -0.000962138 0.000423318 -0.00462857 -0.00520833 -0.00890566 0.000493357 0.000790647 -0.000635783 -0.00192494 -0.00148113 -0.00225753 -0.000878431 -0.0044186 -0.00540541 9.50001e-05 -0.00759322 0.000579336 0.00150644 -0.000119914 0.000206808 -0.000236972 -0.00242791 -0.00431292 -0.011358 -0.00162617 -0.00496429 -0.00795238 0.000439025
internal_weight=6598 6457 1346 5111 69 95 52 5042 3677 1251 452 423 364 254 85 110 799 58 3251 931 466 2320 1822 429 293 80 213 111 83 1393
internal_count=6598 6457 1346 5111 69 95 52 5042 3677 1251 452 423 364 254 85 110 799 58 3251 931 466 2320 1822 429 293 80 213 111 83 1393
is_linear=0
shrinkage=0.04


Tree=77
num_leaves=31
num_cat=0
split_feature=7 18 6 8 11 12 18 5 13 7 12 8 8 1 16 5 10 5 5 7 16 13 6 12 17 11 3 4 8 2
split_gain=1.3204 1.13857 1.16457 1.0107 1.2483 0.85952 1.3758 0.719838 1.18767 0.978623 2.60208 0.892359 0.684016 1.34922 0.841132 0.720208 0.885305 1.01534 0.846362 1.41602 0.80957 1.0745 1.2607 1.25511 0.946934 1.03567 1.66229 0.900982 1.06378 1.05384
threshold=26.668749999999999 0.78656609248549303 1.3666666666666625 1.1500000000000001 6.8500000000000005 93.500000000000014 -0.5 10.050000000000002 4.6500000000000012 12.327083333333333 77.500000000000014 20.850000000000005 2.3500000000000001 2.6500000000000008 22.500000000000004 7.4500000000000011 2.0500000000000003 8.5500000000000025 7.8500000000000005 5.6895833333333341 62.500000000000007 3.8500000000000001 2.1166666666666636 71.500000000000014 -0.70710678118654735 1.5500000000000003 5.2500000000000009 4.5500000000000007 3.7500000000000004 8.6500000000000004
decision_type=2 2 2 2 2 2 2 2 2 2 2 2 2 2 2 2 2 2 2 2 2 2 2 2 2 2 2 2 2 2
left_child=1 5 3 -3 -5 7 -7 9 -9 12 -11 -10 13 14 -1 20 17 -17 19 -18 21 22 -14 -24 25 -25 -27 28 -23 -30
right_child=-2 2 -4 4 -6 6 -8 8 11 10 -12 -13 15 -15 -16 16 18 -19 -20 -21 -22 27 23 24 -26 26 -28 -29 29 -31
leaf_value=-0.004856166281854468 0.10689558597099354 -0.00017019810920409416 -0.0015430923495979513 -0.0045212213625476366 -0.0095667473687283417 -0.01714205847931697 0.0080390264416110475 0.012861905744761138 0.00037355109554923325 1.7588522602546453e-06 -0.012329625214787594 -0.022287949820596009 -0.0012932425793104451 -0.018696522074795382 0.00028708779349041259 -0.025336946093965244 -0.015066002442406646 8.5565629815318616e-05 0.0012324973085799738 0.00081675668024677294 0.0056894242285191396 0.0036529176508252673 0.025461395097224573 0.0035758602256157524 0.0015429234023173624 -0.0031511618349957873 -0.026895777021764069 0.0018995730688731837 -0.0207394610296226 0.029095382782649885
leaf_weight=63 141 43 1251 25 27 40 29 748 387 93 25 39 32 34 412 30 47 30 560 67 1316 30 249 41 570 27 25 90 99 28
leaf_count=63 141 43 1251 25 27 40 29 748 387 93 25 39 32 34 412 30 47 30 560 67 1316 30 249 41 570 27 25 90 99 28
internal_value=0.000156387 7.24684e-05 -0.000962138 -0.00520833 -0.00890566 0.000345071 -0.00405714 0.000406108 0.00127319 0.000142673 -0.00342857 -0.000412178 0.000255932 -0.00110588 -0.000546218 0.00047008 -0.000631292 -0.0052459 -0.000213333 -0.00333913 0.000792664 3.69129e-05 0.000651852 0.000928806 1.80724e-05 -0.00370213 -0.00739623 -0.00230645 -0.00412658 -0.00571875
internal_weight=6598 6457 1346 95 52 5111 69 5042 1174 3868 118 426 3750 509 475 3241 734 60 674 114 2507 1191 944 912 663 93 52 247 157 127
internal_count=6598 6457 1346 95 52 5111 69 5042 1174 3868 118 426 3750 509 475 3241 734 60 674 114 2507 1191 944 912 663 93 52 247 157 127
is_linear=0
shrinkage=0.04


Tree=78
num_leaves=31
num_cat=0
split_feature=7 18 2 3 9 19 7 9 1 16 10 5 0 10 7 5 11 6 7 19 14 2 16 5 11 11 5 10 5 7
split_gain=1.27877 0.897085 0.924303 1.42589 0.75943 0.742191 1.536 1.57807 2.12493 2.05307 1.83192 2.01427 0.867685 1.8693 1.80441 0.934716 0.804138 1.29049 3.26127 1.75289 3.36482 1.26003 2.09035 1.29076 1.69459 3.00748 2.35102 1.13046 0.742625 1.2521
threshold=26.668749999999999 0.78656609248549303 0.75000000000000011 1.1500000000000001 59.500000000000007 -0.60785761079279388 6.2645833333333334 59.500000000000007 4.0500000000000007 62.500000000000007 12.550000000000002 5.3500000000000005 5.0500000000000007 6.7500000000000009 2.777083333333334 5.9500000000000011 19.550000000000004 6.0833333333333313 9.8520833333333346 1.0000000180025095e-35 230.50000000000003 10.65 572.50000000000011 6.2500000000000009 11.450000000000001 3.5500000000000003 9.4500000000000011 7.7500000000000009 17.650000000000002 15.681250000000004
decision_type=2 2 2 2 2 2 2 2 2 2 2 2 2 2 2 2 2 2 2 2 2 2 2 2 2 2 2 2 2 2
left_child=1 5 3 -3 -4 6 7 8 -1 10 11 -10 13 -9 -15 -16 21 18 19 20 -18 -7 23 -23 25 27 -26 -25 -19 -30
right_child=-2 2 4 -5 -6 16 -8 12 9 -11 -12 -13 -14 14 15 -17 17 28 -20 -21 -22 22 -24 24 26 -27 -28 -29 29 -31
leaf_value=0.00081996163457467809 0.1026197625321538 0.00010634109329317495 -0.0085724096733935627 -0.01518519757789911 -0.00055618170765739687 0.000231349864881933 0.022006040158995252 0.0022881771395068563 -0.011571159126575744 0.013518689939977995 0.007502852738806901 -0.048815576808525843 0.023507233656939543 -0.0027536920217610507 0.0014204341262614639 -0.0073222913984968994 0.013653773729305901 0.039130354297354758 -0.014997055782547964 0.031684745945814427 -0.041531261279138532 0.0071720787811177782 -0.024124617557455021 -0.0028442172154612209 -0.023462458649582393 -0.04309515440215566 0.033016950337286105 0.024144331898116211 -0.017282627625838459 0.043959097314059482
leaf_weight=93 141 31 57 26 1232 2417 651 298 47 44 28 49 155 27 38 25 35 475 25 142 25 118 40 30 40 45 158 55 25 26
leaf_count=93 141 31 57 26 1232 2417 651 298 47 44 28 49 155 27 38 25 35 475 25 142 25 118 40 30 40 45 158 55 25 26
internal_value=0.000217003 0.000134407 -0.000783964 -0.00572414 -0.00056124 0.000376369 0.00114011 -2.98135e-05 -0.00258015 -0.00525444 -0.007872 -0.0104742 0.00119853 0.00018509 -0.00483516 -0.0010625 7.21905e-05 0.00123607 -0.0012807 0.000433498 -0.0052459 -0.000230027 -0.00208624 -0.00128859 -0.00257751 -0.00610687 -0.000241206 -0.00162791 0.00232258 -0.00223077
internal_weight=6598 6457 1346 57 1289 5111 1455 804 261 168 124 96 543 388 90 63 3656 753 227 202 60 2903 486 446 328 130 198 85 526 51
internal_count=6598 6457 1346 57 1289 5111 1455 804 261 168 124 96 543 388 90 63 3656 753 227 202 60 2903 486 446 328 130 198 85 526 51
is_linear=0
shrinkage=0.04


Tree=79
num_leaves=31
num_cat=0
split_feature=7 17 12 11 0 7 4 19 11 19 8 6 7 11 4 18 11 3 7 7 12 19 3 2 8 9 11 9 4 7
split_gain=1.2623 0.892918 1.11148 1.03047 0.921551 0.910516 1.50576 0.846466 1.34973 2.60822 1.50979 1.93578 1.31387 0.955886 1.08402 2.51183 2.59337 1.73887 3.1751 2.4345 1.63168 1.52272 1.97153 2.85115 1.20006 1.12014 0.906148 0.821128 0.806188 2.64395
threshold=26.668749999999999 0.78656609248549325 92.500000000000014 4.3500000000000005 7.2500000000000009 2.5104166666666674 1.5500000000000003 -0.60785761079279388 24.250000000000004 -0.8783796973249266 9.3500000000000032 5.3666666666666663 6.5645833333333341 19.550000000000004 8.3500000000000032 -0.60355339059327384 4.4500000000000011 13.750000000000002 9.7187500000000018 8.6479166666666689 41.500000000000007 -1.0000000180025095e-35 8.3500000000000032 4.3500000000000005 16.250000000000004 58.500000000000007 -1.1499999999999997 90.500000000000014 15.050000000000002 13.956250000000002
decision_type=2 2 2 2 2 2 2 2 2 2 2 2 2 2 2 2 2 2 2 2 2 2 2 2 2 2 2 2 2 2
left_child=1 2 7 4 -4 6 -3 8 12 10 11 -10 26 14 24 -16 -17 18 19 20 -18 -22 23 -23 -9 -26 -1 -28 -15 -30
right_child=-2 5 3 -5 -6 -7 -8 13 9 -11 -12 -13 -14 28 15 16 17 -19 -20 -21 21 22 -24 -25 25 -27 27 -29 29 -31
leaf_value=0.008171858937305345 0.098514972030867662 0.0017306651616790106 -0.00078885712401275526 0.0082402367284355755 -0.01707416242495341 0.0088300648153729015 -0.002796340707031531 -0.00010455326532162062 -0.0038385251627590412 0.0087868988256751945 -0.028329736546379707 0.0031581629141786416 0.024307937354679805 0.0070508132327546649 0.0048068906037662942 0.0027555164587543765 0.0048288751422644336 -0.028675314187288286 0.0044443805383440069 -0.018266773655167261 0.014596277205596551 -0.0090196525604328715 -0.00049996966295996282 -0.036098815603962345 0.0010227327286573796 -0.018723794163877375 -0.0012076901590346455 0.023868439626089498 -0.0096767831582870271 0.031552539960579593
leaf_weight=110 141 47 30 31 28 1240 66 1985 29 90 26 27 481 721 214 127 41 40 60 42 27 35 26 25 25 36 605 65 67 111
leaf_count=110 141 47 30 31 28 1240 66 1985 29 90 26 27 481 721 214 127 41 40 60 42 27 35 26 25 25 36 605 65 67 111
internal_value=0.000241249 0.000159183 -8.30557e-05 -0.00448889 -0.00759322 0.00107238 -0.00235088 -3.98709e-06 0.000817294 -0.00249711 -0.00761446 -0.00378947 0.001271 -0.000332682 -0.000710879 -0.00215047 -0.00393396 -0.0059798 -0.00473152 -0.00718782 -0.0048 -0.00726316 -0.00983908 -0.0137705 -0.000261846 -0.00574194 0.000256082 -0.000298062 0.000795556 -0.00160894
internal_weight=6598 6457 5104 89 58 1353 113 5015 1433 172 82 56 1261 3582 2683 637 423 296 256 196 154 113 86 60 2046 61 780 670 899 178
internal_count=6598 6457 5104 89 58 1353 113 5015 1433 172 82 56 1261 3582 2683 637 423 296 256 196 154 113 86 60 2046 61 780 670 899 178
is_linear=0
shrinkage=0.04


Tree=80
num_leaves=31
num_cat=0
split_feature=7 20 7 11 6 2 11 13 4 11 4 7 8 4 20 12 11 5 0 10 9 13 2 2 11 13 11 0 0 5
split_gain=1.23022 0.870035 1.73115 1.05992 1.04905 1.14542 1.37136 1.14809 1.33401 1.3974 1.04821 1.65658 3.19367 1.04073 0.954805 1.31013 2.13012 1.9296 2.54839 1.6456 1.27673 1.31998 1.16703 1.64842 1.1394 2.30298 0.763044 0.940822 2.32901 3.20401
threshold=26.668749999999999 0.81174490092936691 18.614583333333339 -3.7499999999999996 14.608333333333333 12.65 -3.3499999999999992 3.2500000000000004 1.6500000000000001 5.3500000000000005 5.7500000000000009 7.0187500000000007 5.7500000000000009 11.250000000000002 -0.22252093395631442 89.500000000000014 3.6500000000000008 9.6500000000000004 5.7500000000000009 7.0500000000000007 68.500000000000014 11.450000000000001 0.8500000000000002 0.55000000000000016 -1.3499999999999999 2.8500000000000001 1.0500000000000003 4.9500000000000011 4.2500000000000009 6.6500000000000012
decision_type=2 2 2 2 2 2 2 2 2 2 2 2 2 2 2 2 2 2 2 2 2 2 2 2 2 2 2 2 2 2
left_child=1 3 4 -1 5 6 -3 -8 9 -9 -10 12 -12 -13 15 26 17 18 19 -17 21 -16 23 -22 25 -24 -5 28 -28 -30
right_child=-2 2 -4 14 -6 -7 7 8 10 -11 11 13 -14 -15 20 16 -18 -19 -20 -21 22 -23 24 -25 -26 -27 27 -29 29 -31
leaf_value=0.015523891665141643 0.094681984190612772 -0.0061311280532491755 -0.020731663692559757 0.0013598708817255372 0.020844544877935425 -0.020427846559921529 0.0046829062993886004 -0.0031327032273035151 0.00269337612809681 -0.0064057005071125805 -0.0020375088153390002 0.0053919748852892585 -0.030397032494228187 -0.0064049523563915771 0.0099148174095511094 -0.017187305253287762 0.0047717554518776394 0.0075593678409091513 -0.03637438618402649 0.019570347765566164 0.030124994837815975 -0.032540511226572193 0.009686057395286253 -0.01314166182228009 0.00079995899932936473 -0.029850764520739339 -0.00051734204748689078 0.0014691757532161137 -0.0045780015923484177 -0.027179046890074225
leaf_weight=330 137 35 26 307 86 56 277 25 149 26 47 100 26 70 1172 26 75 28 39 30 27 30 37 25 1316 43 792 1178 83 61
leaf_count=330 137 35 26 307 86 56 277 25 149 26 47 100 26 70 1172 26 75 28 39 30 27 30 37 25 1316 43 792 1178 83 61
internal_value=0.000233634 0.00015453 -0.000982684 0.000342143 -0.000681514 -0.00112808 -0.000714286 -0.000332871 -0.00159459 -0.00761538 -0.000793893 -0.00240984 -0.00740541 -0.000233918 0.000204175 -0.000337404 -0.00345729 -0.00667742 -0.009375 -0.00378947 0.000739344 0.00170241 -6.07314e-05 -0.00588679 0.000160344 -0.00444444 -8.09247e-05 -0.000351773 -0.00129776 -0.00595862
internal_weight=6659 6522 923 5599 897 811 755 720 443 51 392 243 73 170 5269 2619 198 123 95 56 2650 1202 1448 52 1396 80 2421 2114 936 144
internal_count=6659 6522 923 5599 897 811 755 720 443 51 392 243 73 170 5269 2619 198 123 95 56 2650 1202 1448 52 1396 80 2421 2114 936 144
is_linear=0
shrinkage=0.04


Tree=81
num_leaves=31
num_cat=0
split_feature=3 4 13 3 11 2 8 19 4 11 13 18 4 20 14 5 2 3 11 5 18 8 12 4 4 8 11 10 13 7
split_gain=1.25371 0.97313 1.9722 1.69288 1.75587 1.41581 0.749284 0.927832 1.15605 1.13049 1.23065 0.837571 0.734587 1.21674 1.29099 1.46727 1.17782 1.14485 1.32687 2.03907 0.747543 0.734262 2.88228 0.72779 0.726676 0.669399 0.713488 0.586102 0.602093 1.09407
threshold=20.450000000000003 9.9500000000000011 9.8500000000000032 6.4500000000000011 25.050000000000004 3.0500000000000003 8.6500000000000004 -0.60785761079279388 2.1500000000000008 19.850000000000005 8.5500000000000025 -0.3794095225512602 10.950000000000001 0.81174490092936691 184.50000000000003 7.0500000000000007 9.5500000000000025 14.550000000000002 9.9500000000000011 5.6500000000000012 0.91597561503675351 8.2500000000000018 84.500000000000014 15.950000000000001 7.3500000000000005 18.550000000000004 12.250000000000002 15.550000000000002 4.3500000000000005 8.2062500000000025
decision_type=2 2 2 2 2 2 2 2 2 2 2 2 2 2 2 2 2 2 2 2 2 2 2 2 2 2 2 2 2 2
left_child=1 6 12 5 -5 -4 21 8 -8 10 25 -12 17 20 15 -15 -17 18 19 -3 -14 27 24 -6 -23 -9 -27 28 -1 -30
right_child=-2 2 3 4 23 -7 7 9 -10 -11 11 -13 13 14 -16 16 -18 -19 -20 -21 -22 22 -24 -25 -26 26 -28 -29 29 -31
leaf_value=-0.00041702044815749109 0.082666083597711312 -0.018420650120360184 -0.014713878520150532 0.0020567933051046298 -0.016235599749726177 -0.02300591373514525 -0.050757745865162351 0.0029462619450867618 0.076586048621130998 0.058912323774057293 -0.026049044077351508 -3.9742777356883975e-05 0.0072661100218259327 0.0078309270815412699 0.0048193187284975752 -0.00028397834384522768 -0.020177528738194641 -0.029578302826454645 0.0039537096481426261 0.0042564818722372116 -0.0047863936104532876 0.044193330345091673 -0.034322610279729049 -0.0068306632570206026 -0.0043463864055615685 -0.042564849675471007 0.010649964127622638 0.016589989464030137 0.00062048883001116926 -0.0061392082631101111
leaf_weight=1859 230 42 33 98 33 26 34 709 347 185 26 25 602 31 57 25 38 29 118 37 97 60 32 25 35 29 26 117 1601 53
leaf_count=1859 230 42 33 98 33 26 34 709 347 185 26 25 602 31 57 25 38 29 118 37 97 60 32 25 35 29 26 117 1601 53
internal_value=0.000221622 0.000117574 -0.000863777 -0.00435185 -0.00214013 -0.0100667 0.000364273 0.00116064 0.0028377 0.000519481 -0.000122549 -0.00607692 -0.000163417 0.000376028 -0.00286842 -0.00572632 -0.0091875 -0.00218502 -0.00107071 -0.00505 0.00108 7.13147e-05 -0.00290625 -0.00759322 0.000625 0.000282353 -0.00392857 0.00017626 8.30963e-05 0.000638067
internal_weight=6659 6429 1291 215 156 59 5138 1381 381 1000 815 51 1076 850 151 94 63 226 197 79 699 3757 127 58 95 764 55 3630 3513 1654
internal_count=6659 6429 1291 215 156 59 5138 1381 381 1000 815 51 1076 850 151 94 63 226 197 79 699 3757 127 58 95 764 55 3630 3513 1654
is_linear=0
shrinkage=0.04


Tree=82
num_leaves=31
num_cat=0
split_feature=0 13 9 8 20 3 7 17 3 11 9 11 15 19 10 12 13 10 7 6 10 5 19 9 12 11 16 13 7 8
split_gain=1.18096 1.14678 1.63188 1.01434 1.01312 1.57461 1.69179 1.82206 1.69458 1.37165 1.23197 0.984719 0.886642 0.831388 2.47519 0.711461 1.25023 1.69611 1.17984 0.898046 1.07926 0.925961 1.25923 1.8604 1.00591 1.30862 1.11251 2.33115 1.79554 2.21549
threshold=17.150000000000002 6.6500000000000012 77.500000000000014 19.150000000000002 0.81174490092936691 1.1500000000000001 13.052083333333334 1.0000000180025095e-35 13.750000000000002 -3.7499999999999996 68.500000000000014 -2.7499999999999996 0.55000000000000016 0.6078576107927941 5.2500000000000009 84.500000000000014 1.0500000000000003 12.950000000000001 3.010416666666667 5.6583333333333306 10.65 6.5500000000000007 -0.8783796973249266 62.500000000000007 76.500000000000014 3.9500000000000006 57.500000000000007 3.2500000000000004 7.4520833333333343 3.3500000000000001
decision_type=2 2 2 2 2 2 2 2 2 2 2 2 2 2 2 2 2 2 2 2 2 2 2 2 2 2 2 2 2 2
left_child=3 -2 -3 4 11 -6 8 -8 9 -7 -11 13 15 -1 -15 19 17 18 -17 21 -21 -13 23 -23 25 -24 -27 -28 -29 -30
right_child=1 2 -4 -5 5 6 7 -9 -10 10 -12 12 -14 14 -16 16 -18 -19 -20 20 -22 22 24 -25 -26 26 27 28 29 -31
leaf_value=0.03256325700809936 0.10084339465387374 -0.02442940774205116 0.18308643845238351 -0.037682723762513144 -0.0067356942892287646 -0.0058841592450566676 -0.0014725993917376029 -0.016856209580197758 -0.02775414056852608 -0.0019857527139413682 0.0056421536273726118 0.0002272128255887474 0.010276100502669841 -0.0060133025526749873 0.014091254280656452 -0.01499295042453215 -0.00017798870319266864 -0.028409457084914262 0.00037455288488750767 0.00123920842929666 0.034040656363489318 -0.015737142181805247 -0.0072884134453560772 -0.001682958415086416 0.015940194184399435 0.051129442075665943 -0.043124672402614507 0.0034700304168667983 0.00088503010322520353 -0.031273533950850634
leaf_weight=280 360 29 28 38 31 34 38 27 43 322 356 1582 150 30 94 26 678 27 83 1416 413 38 37 71 101 85 35 139 33 35
leaf_count=280 360 29 28 38 31 34 38 27 43 322 356 1582 150 30 94 26 678 27 83 1416 413 38 37 71 101 85 35 139 33 35
internal_value=0.00020961 0.00226794 -0.00296552 7.17605e-05 0.000112168 -0.00116901 -0.000828258 -0.0069697 -0.000291005 0.000179523 0.00057732 0.000316026 0.000160808 0.00221235 -0.000512 6.58335e-05 -0.00101104 -0.00449635 -0.00221818 0.000286001 0.000937705 -0.000267037 -0.00164174 -0.00549091 -0.000729614 -0.00170959 -0.000890244 -0.0022716 -0.000634615 -0.00591304
internal_weight=6659 417 57 6242 6204 851 820 65 755 712 678 5353 4949 404 124 4799 814 136 109 3985 1829 2156 574 109 465 364 327 242 207 68
internal_count=6659 417 57 6242 6204 851 820 65 755 712 678 5353 4949 404 124 4799 814 136 109 3985 1829 2156 574 109 465 364 327 242 207 68
is_linear=0
shrinkage=0.04


Tree=83
num_leaves=31
num_cat=0
split_feature=7 5 10 7 14 0 19 5 10 7 19 5 7 2 10 13 4 12 19 12 2 7 5 16 7 0 13 3 2 7
split_gain=1.25007 0.969191 0.788638 0.957926 2.49685 1.66229 0.815553 2.14885 1.90481 1.39183 1.11568 1.45595 2.99872 2.39365 1.92314 1.5376 1.72747 2.24144 1.37712 1.71282 1.66464 1.56936 1.83167 3.19497 1.63911 1.40303 1.18969 1.14344 2.12305 1.60232
threshold=26.668749999999999 34.100000000000001 16.250000000000004 5.793750000000002 186.50000000000003 7.3500000000000005 0.87837969732492682 3.6500000000000008 4.9500000000000011 5.9854166666666684 -0.60785761079279388 13.250000000000002 13.956250000000002 11.250000000000002 9.4500000000000011 4.9500000000000011 8.7500000000000018 57.500000000000007 -0.8783796973249266 36.500000000000007 1.3500000000000003 6.4708333333333341 5.1500000000000012 37.500000000000007 5.9479166666666679 8.8500000000000032 2.6500000000000008 13.750000000000002 15.350000000000003 13.293750000000001
decision_type=2 2 2 2 2 2 2 2 2 2 2 2 2 2 2 2 2 2 2 2 2 2 2 2 2 2 2 2 2 2
left_child=1 2 6 4 -4 -6 10 8 -8 -10 18 27 13 15 -15 -13 17 -17 19 25 -20 22 24 26 -21 -1 -24 -12 29 -29
right_child=-2 -3 3 -5 5 -7 7 -9 9 -11 11 12 -14 14 -16 16 -18 -19 20 21 -22 -23 23 -25 -26 -27 -28 28 -30 -31
leaf_value=-0.0018236698922811149 0.088560858102622084 -0.022241962576174581 0.07417027585246419 0.066115935315796084 0.00036406930500973352 -0.046735606773318575 0.0014387331427117716 0.018905820207490182 -0.0030202777661764513 -0.051589565241888881 -6.5095932015404089e-05 0.00043343653415749329 0.053127594918106688 -0.037359844554210084 -0.011950954545170899 0.028597657722426516 -0.017465804525381001 -0.005850552546408351 -0.0014140731582315718 0.0015034335106873318 0.012060051493817484 0.016147409696664252 -0.0075507684688932214 -0.0020172470182621112 -0.018537847766639377 -0.0309773304182018 -0.071446174561618503 -0.013907118690842935 0.0035316734752295028 0.013276559448341519
leaf_weight=97 137 28 74 218 27 25 172 528 139 29 2879 99 122 50 33 35 27 25 60 287 829 288 30 107 34 25 26 80 115 34
leaf_count=97 137 28 74 218 27 25 172 528 139 29 2879 99 122 50 33 35 27 25 60 287 829 288 30 107 34 25 26 80 115 34
internal_value=0.000203604 0.00012387 0.000156428 0.00201739 -0.000755905 -0.00739623 5.20242e-05 0.00118757 -0.00129032 -0.00430769 -0.000134772 -0.000549714 -0.00284694 -0.0052 -0.0108095 -0.00265241 -0.0065 -0.00262295 0.000679372 -0.00042905 0.00179326 0.000269082 -0.00112165 -0.00456098 0.000633541 -0.00481301 -0.0122105 -0.00025989 -0.00297391 -0.00681739
internal_weight=6659 6522 6494 344 126 52 6150 868 340 168 5282 3499 391 269 83 186 87 60 1783 894 889 772 484 163 321 122 56 3108 229 114
internal_count=6659 6522 6494 344 126 52 6150 868 340 168 5282 3499 391 269 83 186 87 60 1783 894 889 772 484 163 321 122 56 3108 229 114
is_linear=0
shrinkage=0.04


Tree=84
num_leaves=31
num_cat=0
split_feature=4 10 7 14 0 5 9 17 9 3 4 14 4 19 0 7 14 3 7 14 18 4 0 8 5 14 7 11 12 11
split_gain=1.24706 0.836507 0.957926 2.49685 1.66229 0.780674 0.690164 0.592224 0.836793 1.27941 3.33042 2.38354 1.3286 1.41278 1.27931 1.20655 1.55778 2.14553 0.808104 0.792711 1.04367 1.36553 1.19933 1.12607 1.08221 1.92048 1.0419 1.13423 0.984673 1.17884
threshold=27.350000000000005 16.250000000000004 5.793750000000002 186.50000000000003 7.3500000000000005 44.000000000000007 120.50000000000001 0.37940952255126054 66.500000000000014 4.2500000000000009 5.7500000000000009 179.50000000000003 1.4500000000000002 -0.8783796973249266 4.4500000000000011 10.839583333333335 183.50000000000003 9.1500000000000004 2.4770833333333337 25.500000000000004 -0.12940952255126037 3.1500000000000008 9.1500000000000004 6.5500000000000007 13.65 140.50000000000003 2.1229166666666672 -1.4499999999999997 91.500000000000014 2.9500000000000006
decision_type=2 2 2 2 2 2 2 2 2 2 2 2 2 2 2 2 2 2 2 2 2 2 2 2 2 2 2 2 2 2
left_child=1 5 3 -3 -5 6 7 19 9 10 12 -12 14 -14 -9 -10 17 -17 -15 -1 21 22 23 26 -22 -26 -21 -28 -23 -30
right_child=-2 2 -4 4 -6 -7 -8 8 15 -11 11 -13 13 18 -16 16 -18 -19 -20 20 24 28 -24 -25 25 -27 27 -29 29 -31
leaf_value=0.010554399703340094 0.092040570430689986 0.071203464818365633 0.063471297903164234 0.00034950653280935189 -0.044866182502385825 -0.023983285333683105 0.10151366908086473 -0.0045225657583677437 0.0079597066540421455 0.0013893430045236325 0.00018389413101745834 -0.039866063278360481 -0.011325821564908379 -0.0036126542652729354 -0.011792212217083806 -0.013544062735514551 0.013112579147369912 0.0016665805096698768 0.015933141927825856 0.0011764246097422486 -0.0014939320987353438 0.0029554098456101075 -0.021531489507076399 0.024899398120043596 -0.020044191674676602 -4.6152675914641912e-05 -0.0053774056524592663 -0.0025869992416637688 -0.0064772102113450922 0.0032118164886776779
leaf_weight=270 135 74 218 27 25 25 70 53 910 581 32 45 38 27 27 42 105 46 259 70 1779 1289 38 73 32 51 46 214 33 25
leaf_count=270 135 74 218 27 25 25 70 53 910 581 32 45 38 27 27 42 105 46 259 70 1779 1289 38 73 32 51 46 214 33 25
internal_value=0.00017958 0.000100537 0.00201739 -0.000755905 -0.00739623 -6.4713e-06 2.27422e-05 -2.30035e-05 0.000507849 -0.000293509 -0.00181743 -0.00938462 -0.000355555 0.000787692 -0.00493827 0.00127899 -0.00158763 -0.00548315 0.0017561 -0.000316246 -0.000471104 0.000219117 -0.00171041 -0.00105941 -0.00113366 -0.00557143 -0.00205438 -0.00321839 0.000851632 -0.00420339
internal_weight=6659 6524 344 126 52 6180 6155 6085 2165 1062 481 77 404 324 80 1103 193 88 286 3920 3650 1788 441 403 1862 83 330 260 1347 58
internal_count=6659 6524 344 126 52 6180 6155 6085 2165 1062 481 77 404 324 80 1103 193 88 286 3920 3650 1788 441 403 1862 83 330 260 1347 58
is_linear=0
shrinkage=0.04


Tree=85
num_leaves=31
num_cat=0
split_feature=0 18 2 20 5 3 20 8 4 3 4 2 5 19 13 13 3 20 3 1 6 5 12 5 4 17 8 3 12 0
split_gain=1.66173 0.921106 1.06381 3.53616 0.848775 0.775487 1.90712 0.752925 0.802926 1.00291 0.812583 0.828542 1.35264 1.59495 0.802416 0.741967 1.1375 0.708194 1.11334 1.50395 1.00807 1.95775 0.926665 0.935883 1.4644 0.811521 1.52239 1.31322 0.780347 1.07564
threshold=17.150000000000002 0.78656609248549303 0.75000000000000011 -0.22252093395631442 16.550000000000004 12.550000000000002 -0.22252093395631442 12.950000000000001 14.550000000000002 11.950000000000001 1.2500000000000002 2.3500000000000001 1.5500000000000003 1.0000000180025095e-35 3.8500000000000001 2.9500000000000006 3.6500000000000008 0.81174490092936691 1.5500000000000003 2.2500000000000004 12.141666666666664 14.550000000000002 66.500000000000014 4.1500000000000012 2.4500000000000006 -0.5 11.550000000000002 4.7500000000000009 86.500000000000014 5.0500000000000007
decision_type=2 2 2 2 2 2 2 2 2 2 2 2 2 2 2 2 2 2 2 2 2 2 2 2 2 2 2 2 2 2
left_child=1 17 3 -3 7 6 -2 8 10 -10 -4 -12 13 -13 15 16 -14 28 -19 -20 22 -22 -21 -24 -25 -26 27 -27 29 -1
right_child=5 2 4 -5 -6 -7 -8 -9 9 -11 11 12 14 -15 -16 -17 -18 18 19 20 21 -23 23 24 25 26 -28 -29 -30 -31
leaf_value=4.1756807173302154e-05 -0.020931420860251224 0.00095618571017836872 -0.01132027784429207 -0.022051566661474675 -0.036037851079375759 0.10553456015031606 0.12147128862573467 0.017414721828818269 -0.0054792017702061666 -0.00096833145857612565 0.0025513518227740805 -0.0032252043928596564 -0.010744285687401467 -0.045508430064186534 0.0014233071855520932 -0.0097961945776273811 0.0032153199519212123 -0.0054858613714545788 -0.0085040176774958329 0.014836153855845864 0.0032795664780187386 -0.024753468900760137 0.0043886028980538528 -0.021298165776217796 0.0026541587912093084 0.0020817487717816885 0.047731920442158134 -0.010093322091063586 -0.00071351597456155186 0.013136775104086522
leaf_weight=1603 26 39 46 26 38 343 45 92 49 56 330 41 47 30 381 49 116 43 35 207 57 29 89 26 41 28 38 49 665 1961
leaf_count=1603 26 39 46 26 38 343 45 92 49 56 330 41 47 30 381 49 116 43 35 207 57 29 89 26 41 28 38 49 665 1961
internal_value=0.000286749 0.000122988 -0.000805369 -0.00575758 -0.000548589 0.00273735 -0.00105556 -0.000365105 -0.000645724 -0.00396226 -0.000307397 -6.43215e-05 -0.000878195 -0.00605556 -0.000249158 -0.00221596 -0.000902439 0.000378489 -0.000858476 -0.000406667 9.91152e-05 -0.00386207 0.000818372 -0.000720588 -0.00236066 -0.000866242 -0.00258621 -0.00579487 0.00056643 0.000801122
internal_weight=6625 6211 1340 65 1275 414 71 1237 1145 105 1040 994 664 71 593 212 163 4871 642 599 564 86 478 271 182 156 115 77 4229 3564
internal_count=6625 6211 1340 65 1275 414 71 1237 1145 105 1040 994 664 71 593 212 163 4871 642 599 564 86 478 271 182 156 115 77 4229 3564
is_linear=0
shrinkage=0.04


Tree=86
num_leaves=31
num_cat=0
split_feature=1 18 1 5 8 4 16 11 9 9 11 16 20 5 7 3 4 14 7 10 5 5 5 14 4 16 4 5 5 8
split_gain=1.5019 0.857091 0.818036 0.838338 0.788339 1.09801 1.83057 2.31039 0.967483 0.714243 0.983433 1.08734 1.11472 1.43742 0.753615 3.14074 1.54502 1.09567 1.58468 1.76573 1.76291 1.01806 1.00316 1.9897 2.10244 1.79349 1.29284 0.942637 1.97266 0.936347
threshold=20.050000000000004 0.78656609248549303 0.45000000000000007 16.550000000000004 12.950000000000001 14.550000000000002 877.50000000000011 28.450000000000003 59.500000000000007 47.500000000000007 10.550000000000002 27.500000000000004 -0.56174490092936669 5.4500000000000011 10.372916666666669 5.4500000000000011 5.6500000000000012 241.50000000000003 13.581250000000002 8.0500000000000025 6.2500000000000009 8.6500000000000004 7.4500000000000011 187.50000000000003 3.6500000000000008 442.50000000000006 8.0500000000000025 16.350000000000005 10.250000000000002 5.2500000000000009
decision_type=2 2 2 2 2 2 2 2 2 2 2 2 2 2 2 2 2 2 2 2 2 2 2 2 2 2 2 2 2 2
left_child=1 9 -3 4 5 8 -7 -8 -4 10 11 -1 -13 -14 21 -16 -17 18 19 20 -18 22 -11 25 -25 -24 -26 28 -22 -23
right_child=-2 2 3 -5 -6 6 7 -9 -10 14 -12 12 13 -15 15 16 17 -19 -20 -21 27 29 23 24 26 -27 -28 -29 -30 -31
leaf_value=0.0041993905681024608 0.14334561744846128 -0.0054701876874432946 -0.0089632385014757014 -0.031732850785178165 0.018156274902067282 0.0040523079892212403 -0.015494365376441046 0.00010577924171715675 -0.0002921873499857709 0.0004406056351867598 0.040872814900624367 0.021281659862993345 -0.004025492808248668 -0.021743220485824825 -0.022380684224233238 -0.013534509927394777 0.0024681083040797307 0.024170199319087132 0.036685169025937277 0.0063452084947020803 -0.013344806556836902 -0.00025353240084874634 0.0049158847080285773 -0.0194150269240441 0.00080147097642619823 -0.018342383800369757 -0.077019979569417599 -0.01674488360428358 0.00011545114366894656 0.025680600657730372
leaf_weight=81 256 27 48 43 105 46 33 27 1028 2688 287 66 44 36 32 25 46 176 146 135 55 233 171 31 64 38 28 25 49 556
leaf_count=81 256 27 48 43 105 46 33 27 1028 2688 287 66 44 36 32 25 46 176 146 135 55 233 171 31 64 38 28 25 49 556
internal_value=0.000208271 8.72843e-05 -0.000804124 -0.000661157 -0.000475155 -0.000770921 -0.00463551 -0.00918033 -0.000386258 0.000328745 0.00173981 -0.00022807 -0.00228571 -0.0054321 0.000167148 -0.00104928 -0.000443769 -5.05528e-05 -0.00108534 -0.00270096 -0.00534091 0.000387402 5.29627e-05 -0.00201802 -0.00603226 0.000361905 -0.00292473 -0.00772308 -0.00594286 0.00166582
internal_weight=6625 6369 1357 1330 1287 1182 106 60 1076 5012 514 227 146 80 4498 689 657 632 456 310 175 3809 3020 332 123 209 92 129 104 789
internal_count=6625 6369 1357 1330 1287 1182 106 60 1076 5012 514 227 146 80 4498 689 657 632 456 310 175 3809 3020 332 123 209 92 129 104 789
is_linear=0
shrinkage=0.04


Tree=87
num_leaves=31
num_cat=0
split_feature=6 13 18 4 16 11 9 0 17 4 16 11 6 7 4 4 10 1 4 19 3 7 7 6 1 4 11 14 8 12
split_gain=1.26798 1.9874 0.73547 0.909051 1.12864 2.14798 0.756335 1.18997 0.844311 0.946053 0.676983 1.52481 1.2631 0.8302 1.32765 0.808266 2.00626 0.938304 0.647463 0.9195 2.00961 2.26158 1.11197 1.42842 1.03786 1.01646 0.999863 1.01486 1.11884 0.95802
threshold=17.483333333333338 9.3500000000000032 0.78656609248549303 14.550000000000002 877.50000000000011 28.250000000000004 60.500000000000007 3.7500000000000004 0.12940952255126045 1.2500000000000002 1442.5000000000002 5.8500000000000005 1.2249999999999979 8.7520833333333368 11.850000000000003 8.3500000000000032 1.6500000000000001 1.7500000000000002 3.5500000000000003 -0.60785761079279388 13.750000000000002 13.581250000000002 12.68125 15.65 11.250000000000002 6.1500000000000012 17.150000000000002 293.50000000000006 5.1500000000000012 36.500000000000007
decision_type=2 2 2 2 2 2 2 2 2 2 2 2 2 2 2 2 2 2 2 2 2 2 2 2 2 2 2 2 2 2
left_child=2 -2 18 6 -5 -6 7 -4 10 -10 11 -8 -13 -12 -15 17 -17 -14 -1 29 25 22 23 24 -22 -21 27 -27 -29 -20
right_child=1 -3 3 4 5 -7 8 -9 9 -11 13 12 15 14 -16 16 -18 -19 19 20 21 -23 -24 -25 -26 26 -28 28 -30 -31
leaf_value=-0.00028372738165364982 0.11692327552661112 -0.021050173574507496 0.0053128443761677416 0.002540295043355826 -0.017596268407024811 0.00076861094012999867 0.00096392996613778239 -0.010912343476548719 -0.012112999271841654 0.0057268401893443722 0.0092242991200157057 -0.0052513801799455627 0.0050651508333314126 -0.021752912357383844 0.0078907496532388353 0.00042037487288535037 -0.0080696335861125384 -0.012410598128146717 -0.00181235792914866 0.0076030667257878442 -0.013681425285901178 0.039335801374407814 -0.0098458255651302767 0.0037401820486808353 -0.039092261040261277 -0.00066072883470625786 0.0062165742488934587 0.0025243836019722805 -0.024970135716556957 0.0074940662074475337
leaf_weight=1635 340 26 26 59 49 42 191 45 28 415 161 27 42 25 28 47 41 120 99 867 55 57 27 33 40 769 451 27 27 826
leaf_count=1635 340 26 26 59 49 42 191 45 28 415 161 27 42 25 28 47 41 120 99 867 55 57 27 33 40 769 451 27 27 826
internal_value=0.000178086 0.00246322 4.40896e-05 -0.000783964 -0.00370861 -0.00647826 -0.000414369 -0.00438889 -0.000159858 0.0011982 -0.00104246 -0.00189339 -0.00378417 0.000818605 -0.00348148 -0.00286853 -0.00593258 -0.00117791 0.000271062 0.000595304 0.000175021 -0.00353052 -0.00602564 -0.0044031 -0.006875 0.000543418 -0.000175686 -0.00100485 -0.00625455 0.00166307
internal_weight=6625 366 6259 1346 150 91 1196 71 1125 443 682 468 277 214 53 250 88 162 4913 3278 2353 212 155 128 95 2141 1274 823 54 925
internal_count=6625 366 6259 1346 150 91 1196 71 1125 443 682 468 277 214 53 250 88 162 4913 3278 2353 212 155 128 95 2141 1274 823 54 925
is_linear=0
shrinkage=0.04


Tree=88
num_leaves=31
num_cat=0
split_feature=3 18 20 5 8 3 3 7 7 7 5 5 4 8 9 2 2 20 5 5 16 4 18 11 13 19 16 7 11 11
split_gain=1.31782 0.905583 0.898917 1.23068 0.984329 1.26296 0.896909 1.40833 4.3862 1.36836 0.876464 0.802757 0.788926 1.41186 0.757794 0.737192 0.806436 1.61366 0.870025 0.751214 0.684289 0.680522 1.1382 0.914027 1.07246 2.40475 3.89589 2.86846 1.27048 1.17548
threshold=20.050000000000004 0.78656609248549303 0.81174490092936691 17.250000000000004 2.4500000000000006 1.5500000000000003 3.6500000000000008 7.0187500000000007 6.4354166666666677 3.5520833333333344 15.65 16.550000000000004 15.850000000000003 8.6500000000000004 59.500000000000007 8.6500000000000004 0.75000000000000011 -0.22252093395631442 7.0500000000000007 6.3500000000000005 1497.5000000000002 3.5500000000000003 -0.12940952255126037 3.6500000000000008 3.0500000000000003 0.6078576107927941 57.500000000000007 2.8104166666666672 3.1500000000000008 -0.74999999999999989
decision_type=2 2 2 2 2 2 2 2 2 2 2 2 2 2 2 2 2 2 2 2 2 2 2 2 2 2 2 2 2 2
left_child=1 2 21 4 -4 -6 -7 8 9 -8 -9 12 13 14 -3 16 17 -16 19 -18 -14 23 -23 24 28 29 27 -27 -1 -26
right_child=-2 11 3 -5 5 6 7 10 -10 -11 -12 -13 20 -15 15 -17 18 -19 -20 -21 -22 22 -24 -25 25 26 -28 -29 -30 -31
leaf_value=0.00084864353048957008 0.063129509725231917 -0.0079322276931632022 -0.005096406975050153 -0.0022350770284288364 -0.0061751989888389385 0.0085675450455874741 -0.01932721347372535 0.0043325381755893941 -0.0094555061841488982 0.01675847116881064 -0.015219098320012539 -0.029770559323144145 -0.0031502445084193443 0.014238017450871393 0.0023372089672773775 -0.0039222099125574136 -0.00045134174479297096 -0.02107337153845211 0.0081466635688188897 -0.018671640098406106 -0.0092364835199611455 0.006599196942286948 3.2341811052693614e-05 0.0008993560359087749 0.022955105009461681 -0.0047810491462437436 0.011499955344385844 -0.067750733510195366 -0.019539368715659835 -0.0020520345675494722
leaf_weight=385 261 42 41 40 39 120 25 224 36 120 31 37 48 237 35 28 663 26 150 38 43 1549 1377 698 63 25 38 35 25 146
leaf_count=385 261 42 41 40 39 120 25 224 36 120 31 37 48 237 35 28 663 26 150 38 43 1549 1377 698 63 25 38 35 25 146
internal_value=0.000135829 2.1367e-05 0.000268633 -0.00108715 -0.000653061 -0.000234899 0.000258528 -0.000585812 -0.00327473 -0.000136986 0.00132813 -0.00089911 -0.000732265 -0.000462295 -0.00113123 -0.000892667 -0.000692223 -0.00509677 -0.000370892 -0.000962963 -0.00430435 0.000479963 0.000828152 -0.000240113 -0.00124234 -0.00302597 -0.00816162 -0.0144262 9.73237e-05 -0.000590476
internal_weight=6625 6364 5017 676 636 595 556 436 181 145 255 1347 1310 1219 982 940 912 61 851 701 91 4341 2926 1415 717 307 98 60 410 209
internal_count=6625 6364 5017 676 636 595 556 436 181 145 255 1347 1310 1219 982 940 912 61 851 701 91 4341 2926 1415 717 307 98 60 410 209
is_linear=0
shrinkage=0.04


Tree=89
num_leaves=31
num_cat=0
split_feature=0 16 7 3 11 13 7 10 14 6 11 5 6 5 5 14 7 6 0 7 13 11 7 11 0 10 19 6 14 10
split_gain=1.22451 0.806454 1.35742 2.07248 1.50479 4.04968 1.29517 1.77455 2.00995 2.16288 1.24905 3.01359 1.98724 1.1965 1.14639 1.26869 1.11504 1.08838 1.47014 1.23559 1.05261 1.74569 1.04425 1.64951 1.52755 2.36768 1.48787 1.86281 1.27928 1.0617
threshold=21.600000000000005 777.50000000000011 8.6479166666666689 4.9500000000000011 19.550000000000004 10.15 3.0520833333333344 6.4500000000000011 224.50000000000003 2.0333333333333328 12.450000000000001 16.650000000000002 10.824999999999999 2.3500000000000001 3.2500000000000004 214.50000000000003 2.8104166666666672 13.041666666666666 10.15 10.756250000000003 3.7500000000000004 26.750000000000004 4.6687500000000011 5.1500000000000012 5.5500000000000007 7.3500000000000005 -0.60785761079279388 9.1916666666666682 39.500000000000007 4.3500000000000005
decision_type=2 2 2 2 2 2 2 2 2 2 2 2 2 2 2 2 2 2 2 2 2 2 2 2 2 2 2 2 2 2
left_child=1 6 20 -4 5 -5 7 -1 9 -9 11 22 -13 -11 -6 17 -15 18 19 -16 21 -3 28 -24 25 29 -26 -28 -8 -25
right_child=-2 2 3 4 14 -7 10 8 -10 13 -12 12 -14 16 15 -17 -18 -19 -20 -21 -22 -23 23 24 26 -27 27 -29 -30 -31
leaf_value=0.00043336681088273891 0.15600553318311833 0.0024930044045963521 -0.040994512735528101 -0.058166245853754461 -0.0083694807710182461 0.00037475972372209143 -0.010832903167561376 -0.0066812528152739494 0.010496426434745496 0.0018924933653459112 0.012852091480833796 -0.0022366291687370287 -0.016559897689397054 -0.0096775989092471003 0.0081047235840619822 0.041288989995641685 0.0002984554313787 0.055403218678995517 -0.013629468506563503 -0.0031317342073616927 0.0011278091062195609 -0.01582722305817217 0.00072353371654923493 -0.0077287944918163088 0.024758900593692429 -0.010483815669427439 0.00055027862920828917 -0.0084798749663397097 0.0064391677165711496 -0.00065644853534146865
leaf_weight=435 208 54 31 27 29 50 43 60 54 98 1520 49 30 106 37 152 56 43 33 49 741 30 1306 81 108 35 127 80 827 126
leaf_count=435 208 54 31 27 29 50 43 60 54 98 1520 49 30 106 37 152 56 43 33 49 741 30 1306 81 108 35 127 80 827 126
internal_value=0.000202234 0.000104082 -0.000795615 -0.00255752 -0.00180523 -0.00682051 0.000327499 -0.00114074 -0.00315733 -0.00436137 0.000601893 0.000102382 -0.00755 -0.00275862 -0.000662791 5.07938e-05 -0.0048589 -0.00240491 -0.00436667 -0.00156322 0.000169492 -0.00404706 0.000326262 -0.000208154 -0.00202867 -0.00441152 -0.000189873 -0.00217308 0.00146958 -0.00275
internal_weight=6625 6417 1276 451 420 77 5141 809 374 320 4332 2812 79 260 343 314 162 162 119 86 825 84 2733 1863 557 242 315 207 870 207
internal_count=6625 6417 1276 451 420 77 5141 809 374 320 4332 2812 79 260 343 314 162 162 119 86 825 84 2733 1863 557 242 315 207 870 207
is_linear=0
shrinkage=0.04


Tree=90
num_leaves=31
num_cat=0
split_feature=10 19 11 18 13 7 1 12 14 11 0 20 9 19 14 17 14 11 14 19 12 10 12 7 17 12 7 0 13 10
split_gain=1.28194 1.15883 1.78133 1.30578 1.05625 1.37233 1.06312 1.24649 0.928648 1.30778 1.96714 2.74335 2.56191 1.39135 1.14594 1.28116 2.44849 1.7204 3.00776 1.35347 2.1507 2.04853 1.27507 1.08953 1.16528 1.12833 1.11575 1.06969 1.01506 0.979671
threshold=8.8500000000000032 0.87837969732492682 0.8500000000000002 -0.78656609248549325 6.7500000000000009 7.7729166666666671 15.050000000000002 93.500000000000014 190.50000000000003 15.350000000000003 6.9500000000000011 0.81174490092936691 88.500000000000014 1.0000000180025095e-35 72.500000000000014 -0.25881904510252113 184.50000000000003 5.8500000000000005 140.50000000000003 0.6078576107927941 53.500000000000007 4.6500000000000012 76.500000000000014 1.4020833333333338 -0.9159756150367534 57.500000000000007 5.5604166666666677 4.8500000000000005 7.3500000000000005 0.95000000000000007
decision_type=2 2 2 2 2 2 2 2 2 2 2 2 2 2 2 2 2 2 2 2 2 2 2 2 2 2 2 2 2 2
left_child=1 8 3 -3 6 -6 7 -2 14 23 11 12 -11 28 -1 16 17 -16 19 20 -19 27 -23 -10 25 -25 -27 -22 -14 -20
right_child=4 2 -4 -5 5 -7 -8 -9 9 10 -12 -13 13 -15 15 -17 -18 18 29 -21 21 22 -24 24 -26 26 -28 -29 -30 -31
leaf_value=0.0015149785755194675 0.0034100010459582352 -0.0093165841474638807 0.004736214827410855 0.0011461213671695488 0.00043116037166027475 -0.029226260641480546 0.084075262725162955 -0.012836016910672893 -0.0080068680490926105 0.0051269770874783306 0.017575768568589514 -0.018296364638875712 -0.019986419518966431 -0.0058589872284287858 0.00015829033649691644 -0.00052052209745464466 -0.0089973931008275887 -0.0011315922876784727 -0.0037148741724069918 -0.019063254064342672 -0.011748516449698654 -0.017173595009335199 0.0073962946063364943 0.021515216715816902 0.0038848825016924832 -6.1273367431020323e-05 -0.015948621275338366 -0.040829465161827123 -0.012015034913561049 0.0023041976741730633
leaf_weight=621 1640 28 605 39 45 26 295 38 26 178 447 46 26 47 326 975 49 74 66 26 25 41 37 34 643 52 25 27 25 153
leaf_count=621 1640 28 605 39 45 26 295 38 26 178 447 46 26 47 326 975 49 74 66 26 25 41 37 34 643 52 25 27 25 153
internal_value=9.27312e-05 -0.000274881 0.00126003 -0.00488235 0.000927139 -0.00383333 0.0011003 0.000709947 -0.000535012 0.000229678 -0.00094026 -0.00331889 -0.00179061 -0.00694949 -0.00102437 -0.00153556 -0.00269576 -0.00213918 -0.00374222 -0.00692641 -0.00577561 -0.00885496 -0.00465823 0.00138284 0.00166358 -0.00210714 -0.00476923 -0.0149434 -0.0114615 -0.000381818
internal_weight=6685 4641 672 67 2044 71 1973 1678 3969 1549 769 322 276 98 2420 1799 824 775 449 230 204 130 78 780 754 111 77 52 51 219
internal_count=6685 4641 672 67 2044 71 1973 1678 3969 1549 769 322 276 98 2420 1799 824 775 449 230 204 130 78 780 754 111 77 52 51 219
is_linear=0
shrinkage=0.04


Tree=91
num_leaves=31
num_cat=0
split_feature=10 7 4 4 7 19 11 18 14 11 0 20 12 6 0 5 7 4 4 7 6 3 11 11 20 3 19 13 7 17
split_gain=1.10933 0.876443 1.01073 0.864186 1.71179 0.864236 1.71327 1.30578 0.963128 1.01006 1.07408 1.27803 1.00582 1.03424 1.4778 0.876376 1.21031 0.889831 2.9441 0.881097 1.02811 0.875561 0.885267 0.859068 0.85625 0.828309 0.80277 2.20607 0.940465 1.53547
threshold=8.8500000000000032 3.1020833333333337 1.4500000000000002 27.350000000000005 22.343750000000004 0.87837969732492682 0.8500000000000002 -0.78656609248549325 189.50000000000003 15.350000000000003 7.2500000000000009 0.81174490092936691 89.500000000000014 2.066666666666666 2.4500000000000006 2.5500000000000003 6.9770833333333346 3.0500000000000003 2.1500000000000008 10.102083333333335 10.558333333333332 4.1500000000000012 27.350000000000005 1.7500000000000002 -0.56174490092936669 1.3500000000000003 0.6078576107927941 10.65 11.689583333333337 0.12940952255126045
decision_type=2 2 2 2 2 2 2 2 2 2 2 2 2 2 2 2 2 2 2 2 2 2 2 2 2 2 2 2 2 2
left_child=3 2 23 4 5 8 7 -7 26 12 11 -11 13 14 24 16 17 18 -8 -17 -21 -12 -23 -2 -10 -4 28 -28 -1 -30
right_child=1 -3 25 -5 -6 6 15 -9 9 10 21 -13 -14 -15 -16 19 -18 -19 -20 20 -22 22 -24 -25 -26 -27 27 -29 29 -31
leaf_value=-0.00035461216629311651 -0.025554098777484137 0.0094479816540960632 -0.0021320403601739727 0.073013955161390587 -0.03543771413984035 -0.0089439207815653274 0.0034499656969702152 0.0011002765124827683 -0.0011669116534885572 -0.0025822952100640556 -0.030786773594809951 -0.015690441683265905 -0.0024460838974764334 0.005156649939561303 -0.0098340051344110533 0.023191785124613985 -0.015138858077870535 0.0076508817074681882 -0.050817939958599595 -0.010402144664966832 0.050135564382563967 0.049801480984703897 -0.0089876073086007265 -0.0005980849198161238 0.0033321711314316564 0.010137423579329672 -0.0029676612032211685 -0.021517224702238928 -0.00037929711255311804 -0.010206940484998213
leaf_weight=1746 25 1871 29 79 28 28 46 39 38 292 27 48 41 607 25 334 25 89 29 44 38 332 52 29 78 90 335 75 115 51
leaf_count=1746 25 1871 29 79 28 28 46 39 38 292 27 48 41 607 25 334 25 89 29 44 38 332 52 29 78 90 335 75 115 51
internal_value=0.000170506 0.000946699 -0.00177011 -0.000171478 -0.000243699 -0.000181698 0.00114116 -0.00488235 -0.000412115 0.000363401 -0.00068617 -0.00234604 0.00136203 0.00169826 -0.00138028 0.00181518 -0.000442105 0.000824243 -0.00236842 0.00283933 -0.00086747 0.000689321 0.00118442 -0.00625455 0.000547009 0.0003 -0.000926388 -0.00253041 -0.000581286 -0.0034491
internal_weight=6685 2044 173 4641 4562 4534 672 67 3862 1540 751 340 789 748 141 605 189 164 75 416 82 411 384 54 116 119 2322 410 1912 166
internal_count=6685 2044 173 4641 4562 4534 672 67 3862 1540 751 340 789 748 141 605 189 164 75 416 82 411 384 54 116 119 2322 410 1912 166
is_linear=0
shrinkage=0.04


Tree=92
num_leaves=31
num_cat=0
split_feature=4 10 9 14 12 13 1 2 2 11 4 12 9 13 16 20 20 6 14 0 6 4 11 10 17 9 11 8 11 3
split_gain=1.07378 0.852379 1.55934 0.664913 0.877493 1.03959 2.41526 1.05793 1.24603 1.35176 1.35401 0.871534 0.876427 1.2384 2.37115 0.856821 0.855094 1.92759 1.6438 2.076 1.5331 0.971521 2.12461 2.21145 1.04435 0.894847 0.843137 0.997885 0.910415 0.818178
threshold=27.350000000000005 16.350000000000005 69.500000000000014 181.50000000000003 19.500000000000004 9.9500000000000011 10.350000000000003 5.0500000000000007 1.9500000000000002 11.250000000000002 9.6500000000000004 89.500000000000014 99.500000000000014 3.4500000000000006 842.50000000000011 1.0000000180025095e-35 0.81174490092936691 9.3333333333333339 34.500000000000007 16.650000000000002 10.824999999999999 1.2500000000000002 3.1500000000000008 6.6500000000000012 0.37940952255126054 53.500000000000007 0.45000000000000007 2.6500000000000008 1.0500000000000003 16.650000000000002
decision_type=2 2 2 2 2 2 2 2 2 2 2 2 2 2 2 2 2 2 2 2 2 2 2 2 2 2 2 2 2 2
left_child=1 3 -3 4 -1 16 7 8 15 -10 -11 12 -5 14 -14 -7 21 25 -19 20 -20 22 23 -6 26 -18 27 -23 -28 -30
right_child=-2 2 -4 11 5 6 -8 -9 9 10 -12 -13 13 -15 -16 -17 17 18 19 -21 -22 24 -24 -25 -26 -27 28 -29 29 -31
leaf_value=0.0089067385634783534 0.072772861077112741 0.04759555877785996 -0.074775008066749096 0.0018946639270638458 -0.00052225747422867471 0.0010645961763195687 -0.011842998807831559 0.0027904765255479 -0.034372637382463378 0.015522775641552761 -0.0045096473389275547 -0.0036934737205912898 0.0053178439297455584 2.6405662025164834e-05 -0.022495754612644508 -0.0027737675213507784 -0.010801306522106115 0.048643018738307883 -0.0022911794341319387 -0.00020361096891221029 -0.021488712918970667 -0.00040078240513347866 0.0027823712121168311 -0.014926805674441561 0.0032978430212744951 0.0015757332681643099 -0.011789630807704411 0.015646268667952788 -0.0021013339449494979 0.047304150416128288
leaf_weight=119 135 294 37 2383 30 58 29 96 51 38 28 130 34 223 26 31 36 30 37 38 39 71 65 28 859 252 46 163 1220 59
leaf_count=119 135 294 37 2383 30 58 29 96 51 38 28 130 34 223 26 31 36 30 37 38 39 71 65 28 859 252 46 163 1220 59
internal_value=0.00015854 8.54833e-05 0.00206024 -1.99355e-05 -0.000393691 -0.000515582 -0.00263855 -0.00155776 -0.00316908 -0.00586441 -0.00202985 0.000437612 0.000593926 -0.00150704 -0.00655738 0.0004 -0.000278413 -0.00192148 -0.00568276 -0.00786087 -0.0116364 1.57371e-06 -0.00345161 -0.00894915 0.000178586 -2.76815e-05 -0.000438461 0.00177021 -0.000829562 -0.000628125
internal_weight=6685 6550 331 6219 3423 3304 331 302 206 117 66 2796 2666 283 60 89 2973 432 144 114 76 2541 123 58 2418 288 1559 234 1325 1279
internal_count=6685 6550 331 6219 3423 3304 331 302 206 117 66 2796 2666 283 60 89 2973 432 144 114 76 2541 123 58 2418 288 1559 234 1325 1279
is_linear=0
shrinkage=0.04


Tree=93
num_leaves=31
num_cat=0
split_feature=7 7 7 17 18 1 8 9 4 4 9 12 9 16 7 9 4 1 10 16 20 5 6 14 7 4 3 12 14 4
split_gain=1.10057 1.10303 0.846673 0.858568 0.925955 1.18562 2.02093 1.79321 2.00147 3.05661 1.44696 1.17096 1.55087 1.16212 1.28555 1.7897 1.15691 1.1143 1.04266 0.925899 0.997208 1.77968 1.70411 1.38437 0.891479 1.51621 1.72687 0.891399 0.839144 1.26118
threshold=26.668749999999999 22.343750000000004 17.283333333333335 0.12940952255126045 -0.12940952255126037 7.1500000000000012 12.850000000000003 113.50000000000001 11.250000000000002 8.0500000000000025 98.500000000000014 91.500000000000014 54.500000000000007 1617.5000000000002 8.9312500000000021 91.500000000000014 3.1500000000000008 0.75000000000000011 2.1500000000000008 442.50000000000006 -0.56174490092936669 5.8500000000000005 1.8166666666666635 114.50000000000001 10.102083333333335 5.1500000000000012 4.9500000000000011 38.500000000000007 176.50000000000003 4.6500000000000012
decision_type=2 2 2 2 2 2 2 2 2 2 2 2 2 2 2 2 2 2 2 2 2 2 2 2 2 2 2 2 2 2
left_child=1 2 3 4 11 13 7 8 9 -7 -10 16 -13 17 -15 -16 -1 -6 -11 -19 21 23 -22 -21 -5 -26 -27 -24 -29 -30
right_child=-2 -3 -4 24 5 6 -8 -9 10 18 -12 12 -14 14 15 -17 -18 19 -20 20 22 -23 27 -25 25 26 -28 28 29 -31
leaf_value=-0.0020391582664156605 0.060764393258299888 -0.024317059364103555 0.13649584479896276 0.0024948730107732828 -0.002576109429386676 -0.00081329438979475767 0.011430542086678139 0.073563001373403158 0.00057337930482161202 -0.031994605522704563 -0.01167291272188508 0.0068095505595258564 -0.011111247073868456 0.0038700423015859608 0.0091095329007457853 -0.019567978914321917 0.0033407310859579222 0.00026609846049687288 -0.016692936420608463 -0.036273931806828245 -0.0084917994195954864 -0.013762582208444531 0.0067345561627813457 0.0085727730177741542 -0.024266945454542041 -0.0241437650617311 0.00079048841976641184 0.0013961211421219968 0.0079548313248524252 -0.019823544849681029
leaf_weight=299 139 48 91 2405 57 54 117 42 85 35 33 35 40 273 31 25 1225 599 43 25 36 32 133 65 33 38 461 105 26 55
leaf_count=299 139 48 91 2405 57 54 117 42 85 35 33 35 40 273 31 25 1225 599 43 25 36 32 133 65 33 38 461 105 26 55
internal_value=0.000176488 0.000101421 0.000146484 9.17604e-05 -0.000334197 -0.000938034 -0.00283902 -0.00461433 -0.00589641 -0.00926316 -0.00208403 0.0003725 -0.00447368 -0.000404648 0.00168485 -0.00378947 0.000613771 -0.00101235 -0.0142785 -0.00072052 -0.00203347 -0.00513821 -0.000955056 -0.0021978 0.000594963 -0.000885553 -0.000328 -1.24999e-05 -0.00179679 -0.00482927
internal_weight=6685 6546 6498 6407 3470 1871 409 292 250 132 118 1599 75 1462 329 56 1524 1133 78 1076 477 122 355 90 2937 532 499 319 186 81
internal_count=6685 6546 6498 6407 3470 1871 409 292 250 132 118 1599 75 1462 329 56 1524 1133 78 1076 477 122 355 90 2937 532 499 319 186 81
is_linear=0
shrinkage=0.04


Tree=94
num_leaves=31
num_cat=0
split_feature=4 12 18 11 20 17 7 10 3 18 13 3 4 4 7 12 7 4 11 2 6 12 12 11 9 14 4 9 16 2
split_gain=1.06285 0.81945 1.36262 0.947426 0.803746 0.638675 0.87924 1.21603 1.53459 0.838867 1.18062 2.40108 1.61233 1.30759 1.3458 1.27624 1.43613 1.01032 0.956166 0.955622 0.926841 0.869546 0.80757 1.00973 0.969195 0.791826 0.76986 0.824738 1.10552 1.03328
threshold=27.350000000000005 93.500000000000014 -0.5 -4.3499999999999988 0.81174490092936691 0.12940952255126045 2.4354166666666672 7.4500000000000011 1.6500000000000001 -0.12940952255126037 3.7500000000000004 4.9500000000000011 14.050000000000002 10.15 5.3645833333333348 39.500000000000007 8.7520833333333368 3.1500000000000008 4.9500000000000011 8.8500000000000032 2.0333333333333328 85.500000000000014 35.500000000000007 -1.0499999999999998 71.500000000000014 338.50000000000006 10.950000000000001 92.500000000000014 1287.5000000000002 13.550000000000002
decision_type=2 2 2 2 2 2 2 2 2 2 2 2 2 2 2 2 2 2 2 2 2 2 2 2 2 2 2 2 2 2
left_child=1 3 -3 4 -1 9 7 -7 -9 17 11 21 13 14 -13 16 -12 22 20 -15 -17 25 -5 24 -24 -11 -18 -28 -29 -30
right_child=-2 2 -4 5 -6 6 -8 8 -10 10 15 12 -14 19 -16 18 26 -19 -20 -21 -22 -23 23 -25 -26 -27 27 28 29 -31
leaf_value=0.028414101387339227 0.067431370903696261 -0.011025611124621084 0.0053780012389138179 -0.013331477801102972 -0.0028247058755971207 0.00095324691939516312 0.0014483018138388615 -0.0024077912560858264 -0.00038670171604847657 0.0019752881686495825 0.0059264120757647389 -0.010656815860801104 0.00039452916661044448 -0.01290689215460745 -0.0054270678315688735 -0.0042360099080612093 -0.021096069384112046 0.0026033192010505796 -0.0052760752197019735 -0.041547190541014176 0.0052956651150730437 -0.023369211351241197 0.00035520255579382301 0.00057055321939621431 -0.0075258440717211918 -0.0088070554879977787 0.028796318512770199 0.021668011573029423 -0.0096275583198734485 0.054124092460496355
leaf_weight=269 135 39 35 25 40 122 2606 30 45 227 390 50 58 26 92 25 48 1208 535 27 118 36 26 217 25 51 53 36 65 26
leaf_count=269 135 39 35 25 40 122 2606 30 45 227 390 50 58 26 92 25 48 1208 535 27 118 36 26 217 25 51 53 36 65 26
internal_value=0.000176488 0.000103801 -0.00405333 0.000151922 0.00230968 4.34502e-05 0.000489301 -0.00208081 -0.00605263 -0.000328083 -0.00089485 -0.00241549 -0.00530709 -0.00704082 -0.00497902 -0.000228219 0.00108562 0.000375499 -0.00142563 -0.0123704 0.00147222 -7.61903e-05 -0.00172789 -0.00107063 -0.00607692 0.000688172 -0.00143231 -0.000220994 -0.00196875 -0.00430435
internal_weight=6685 6550 74 6476 309 6167 2803 197 75 3364 1863 567 253 195 142 1296 618 1501 678 53 143 314 293 268 51 278 228 180 127 91
internal_count=6685 6550 74 6476 309 6167 2803 197 75 3364 1863 567 253 195 142 1296 618 1501 678 53 143 314 293 268 51 278 228 180 127 91
is_linear=0
shrinkage=0.04


Tree=95
num_leaves=31
num_cat=0
split_feature=4 5 0 16 12 11 19 9 12 11 3 5 9 9 13 16 5 19 20 8 4 3 13 14 9 2 4 0 8 4
split_gain=1.28499 0.803911 0.851422 1.15593 2.20294 1.07808 1.02478 3.51136 1.15213 1.01869 1.84663 3.34766 1.70136 1.32938 1.159 1.11715 0.956431 2.27489 2.3977 1.93633 1.00634 0.864988 0.82893 1.13334 0.954553 1.07495 1.06168 0.904459 0.779163 1.68716
threshold=26.100000000000005 42.850000000000009 4.5500000000000007 92.500000000000014 34.500000000000007 0.75000000000000011 0.87837969732492682 66.500000000000014 91.500000000000014 10.15 7.5500000000000007 12.950000000000001 56.500000000000007 44.500000000000007 2.3500000000000001 37.500000000000007 8.4500000000000011 -1.0000000180025095e-35 1.0000000180025095e-35 8.5500000000000025 7.5500000000000007 9.9500000000000011 7.1500000000000012 126.50000000000001 59.500000000000007 4.4500000000000011 2.5500000000000003 10.850000000000003 4.5500000000000007 11.250000000000002
decision_type=2 2 2 2 2 2 2 2 2 2 2 2 2 2 2 2 2 2 2 2 2 2 2 2 2 2 2 2 2 2
left_child=1 2 3 4 -1 6 8 -8 -4 10 13 16 -13 14 -7 -11 19 -18 21 20 -12 -19 24 -24 25 -15 -27 -26 -5 -30
right_child=-2 -3 5 28 -6 9 7 -9 -10 15 11 12 -14 22 -16 -17 17 18 -20 -21 -22 -23 23 -25 27 26 -28 -29 29 -31
leaf_value=-0.0026099219649884293 0.069768233257369291 -0.017627871073322653 0.030351598105338967 0.00062071819275950066 -0.0011562658270320878 -0.017111224400701425 0.021300901889218231 -0.080948181979928105 -0.0074244800173884689 0.063009645378770684 -0.023891970179624918 -0.0042084308307336893 -0.014826147090936517 -0.0086100551620071613 0.0058852686044702628 0.0007084770260908452 0.027319081469403938 0.0088759737948157294 -0.055897511238968009 0.0067897263671364439 -0.0055079428700134389 -0.0028065715628858312 -0.039887097397580777 0.0017156078435203771 0.033422845483371703 -0.017049068998453546 0.027536810668694362 -0.022448651685466735 -0.00039787928329810748 -0.027003514315792728
leaf_weight=45 159 25 505 1329 1037 25 50 26 32 312 42 25 30 42 30 1694 47 29 39 191 68 28 31 44 374 49 113 39 181 25
leaf_count=45 159 25 505 1329 1037 25 50 26 32 312 42 25 30 42 30 1694 47 29 39 191 68 28 31 44 374 49 113 39 181 25
internal_value=0.000183591 9.64968e-05 0.000124634 -0.000432391 -0.00143306 0.000501811 0.00203909 -0.00228571 0.00265428 0.000211497 -0.000686447 -0.002568 -0.0117857 0.000572193 -0.00535714 0.000769308 -0.00140225 -0.00408333 -0.00758763 -0.000119205 -0.00432432 -0.00227586 0.00105051 -0.00289474 0.00153398 -0.000702439 0.000785276 0.00263768 0.000273438 -0.00200966
internal_weight=6666 6507 6482 2617 1082 3865 613 76 537 3252 1246 499 55 747 55 2006 444 143 96 301 110 57 692 75 617 204 162 413 1535 206
internal_count=6666 6507 6482 2617 1082 3865 613 76 537 3252 1246 499 55 747 55 2006 444 143 96 301 110 57 692 75 617 204 162 413 1535 206
is_linear=0
shrinkage=0.04


Tree=96
num_leaves=31
num_cat=0
split_feature=7 10 19 11 9 0 11 12 11 12 6 15 12 11 8 9 18 7 0 10 2 11 19 0 13 19 2 11 4 2
split_gain=1.12794 0.750748 0.746502 3.9976 3.3911 3.86567 1.18785 1.90118 2.0925 1.09096 1.20147 0.736558 0.767867 1.49019 1.85983 1.56408 1.14345 1.12908 0.903426 3.45292 1.20638 2.04409 4.92468 2.24091 1.27149 1.20964 2.34877 1.00552 1.96675 1.27613
threshold=30.906250000000004 19.450000000000003 0.87837969732492682 0.8500000000000002 69.500000000000014 2.4500000000000006 0.45000000000000007 76.500000000000014 -7.4499999999999993 91.500000000000014 1.5333333333333299 0.55000000000000016 89.500000000000014 3.8500000000000001 7.7500000000000009 41.500000000000007 -0.60355339059327384 4.2770833333333345 5.0500000000000007 13.450000000000001 11.350000000000003 6.3500000000000005 -1.0000000180025095e-35 13.350000000000003 5.0500000000000007 -0.60785761079279388 12.950000000000001 1.6500000000000001 3.2500000000000004 2.5500000000000003
decision_type=2 2 2 2 2 2 2 2 2 2 2 2 2 2 2 2 2 2 2 2 2 2 2 2 2 2 2 2 2 2
left_child=1 2 6 4 5 -4 7 -1 -9 10 -10 12 18 14 17 -15 -16 -14 19 27 -20 22 -22 24 25 -23 -27 28 29 -8
right_child=-2 -3 3 -5 -6 -7 11 8 9 -11 -12 -13 13 15 16 -17 -18 -19 20 -21 21 23 -24 -25 -26 26 -28 -29 -30 -31
leaf_value=0.029686768397491237 0.069716001137788738 0.0687045833903287 -0.02192978778828886 0.0062952329507309232 -0.073929613415320908 0.012312268421866741 -0.0018905943349259166 -0.0062412228834083571 -0.0034414617229162193 -0.0083521881720105846 0.0035263020782513935 0.0067449664962594856 -0.019579704770906398 -0.0098157805630541724 -0.024757073322313236 0.018956784788000565 -0.0019146060321638032 0.0032491221744540733 0.0022587869104000458 -0.024122851568811332 0.046611622448448568 -0.0083647462606253296 -0.057272425213825619 0.028735626953309185 -0.0027281545126562157 -0.0041905163466041595 -0.038132479210987613 -0.00079367308968089243 0.0023661886571850984 -0.019693899159383136
leaf_weight=334 125 135 25 762 40 84 34 30 29 34 415 124 31 28 35 89 29 59 1611 41 37 50 36 410 129 46 46 1724 59 35
leaf_count=334 125 135 25 762 40 84 34 30 29 34 415 124 31 28 35 89 29 59 1611 41 37 50 36 410 129 46 46 1724 59 35
internal_value=0.000219589 0.000147356 8.49073e-05 0.00114474 -0.00482667 -0.00112727 -9.09751e-05 0.00129063 -0.000251473 0.000400835 0.000934832 -0.000341212 -0.000424724 -0.00248529 -0.00505806 0.000915254 -0.0102154 -0.00131868 -0.000293026 -0.000944034 0.000228233 -0.00109139 -0.00740541 -0.000404692 -0.00322059 -0.00581818 -0.00851613 -0.000686454 -0.00409302 -0.00862857
internal_weight=6666 6541 6406 911 149 109 5495 842 508 478 444 4653 4529 271 154 117 64 90 4258 1893 2365 754 73 681 271 142 92 1852 128 69
internal_count=6666 6541 6406 911 149 109 5495 842 508 478 444 4653 4529 271 154 117 64 90 4258 1893 2365 754 73 681 271 142 92 1852 128 69
is_linear=0
shrinkage=0.04


Tree=97
num_leaves=31
num_cat=0
split_feature=7 12 0 13 10 11 11 17 0 8 7 3 5 5 7 7 10 5 10 13 17 16 3 6 16 9 10 11 5 7
split_gain=1.13155 0.92796 0.958832 1.4739 1.1431 1.08391 0.947117 1.36288 1.42269 0.874133 0.816543 1.14731 0.876345 1.64568 1.71514 2.84965 1.96119 1.92079 1.06688 0.980967 0.804788 1.08209 0.945746 1.05238 0.715233 0.713066 0.713459 0.965635 1.16156 1.58088
threshold=30.906250000000004 92.500000000000014 4.8500000000000005 2.1500000000000008 13.450000000000001 -3.7499999999999996 4.3500000000000005 0.78656609248549325 7.2500000000000009 5.2500000000000009 2.9729166666666673 2.2500000000000004 13.750000000000002 18.650000000000002 13.752083333333337 10.025000000000002 11.950000000000001 16.250000000000004 6.6500000000000012 7.8500000000000005 -0.9159756150367534 282.50000000000006 6.4500000000000011 8.6749999999999989 57.500000000000007 56.500000000000007 0.55000000000000016 11.050000000000002 10.050000000000002 7.3395833333333336
decision_type=2 2 2 2 2 2 2 2 2 2 2 2 2 2 2 2 2 2 2 2 2 2 2 2 2 2 2 2 2 2
left_child=1 2 3 4 9 -4 7 8 -3 -1 11 -7 20 14 15 24 17 18 -17 -15 21 22 -12 -24 -14 -5 -27 -28 29 -29
right_child=-2 6 5 25 -6 10 -8 -9 -10 -11 12 -13 13 19 -16 16 -18 -19 -20 -21 -22 -23 23 -25 -26 26 27 28 -30 -31
leaf_value=-0.00081939063846655699 0.066927361092277163 -0.00091790318388411775 0.039721907059325136 0.014360054485545051 -0.010917605900911403 -0.011641051485512588 0.0095306285598376426 0.014978475542107983 -0.014381363859054933 -0.0056276337715190491 0.032424558211387781 0.013693755722785382 -0.0098005789816153609 0.024312452627030488 0.075166727640919251 0.011356289890575688 0.00035548900482477714 -0.028987550583277545 -0.024582781290794713 -0.011774778908330024 0.0032385333913536548 0.0070014917768437025 -0.025371771505377613 -0.022488690150182625 0.068527765173419949 0.0033274809237244136 0.0001364857537632156 -0.0031403668947841 0.0067444573069972268 -0.010340067045622745
leaf_weight=585 125 29 211 231 37 33 47 30 28 38 29 32 31 158 101 28 37 47 25 26 2532 214 27 35 53 172 1206 371 93 55
leaf_count=585 125 29 211 231 37 33 47 30 28 38 29 32 31 158 101 28 37 47 25 26 2532 214 27 35 53 172 1206 371 93 55
internal_value=0.000213589 0.000141241 0.000210362 -0.000347078 -0.00199697 0.000639779 -0.00314074 -0.00559091 -0.00917241 -0.00158333 0.000466999 -0.00393939 0.000553828 -0.000978304 -0.00269969 -0.00466667 -0.0082029 -0.0110891 -0.0057037 0.00203243 0.000827343 -0.00111111 -0.00473913 -0.00749206 0.00112941 0.000165336 -9.06216e-05 -0.000336037 -0.00177692 -0.00266042
internal_weight=6666 6541 6407 2788 660 3619 134 87 57 623 3408 65 3343 506 322 221 137 100 53 184 2837 305 91 62 84 2128 1897 1725 519 426
internal_count=6666 6541 6407 2788 660 3619 134 87 57 623 3408 65 3343 506 322 221 137 100 53 184 2837 305 91 62 84 2128 1897 1725 519 426
is_linear=0
shrinkage=0.04


Tree=98
num_leaves=31
num_cat=0
split_feature=8 16 7 6 5 14 8 5 4 5 11 9 13 14 13 18 20 20 11 4 7 8 13 4 5 7 9 9 16 0
split_gain=1.01915 1.62764 1.29015 0.971096 1.14925 2.24329 2.98391 1.295 1.10847 0.954646 0.787206 1.73773 0.78642 0.863754 0.75317 0.709074 0.689074 0.644778 1.38688 2.19858 1.29231 0.640615 0.799915 1.88755 0.772053 1.92943 0.607597 0.955796 2.15463 0.595574
threshold=5.9500000000000011 92.500000000000014 3.0520833333333344 0.99999999999999623 6.8500000000000005 205.50000000000003 4.1500000000000012 7.7500000000000009 3.0500000000000003 2.5500000000000003 -3.3499999999999992 68.500000000000014 4.7500000000000009 150.50000000000003 2.2500000000000004 0.98296291314453421 1.0000000180025095e-35 -0.22252093395631442 20.950000000000003 5.0500000000000007 9.2979166666666675 2.3500000000000001 10.450000000000001 3.3500000000000001 2.4500000000000006 5.4229166666666675 110.50000000000001 104.50000000000001 2007.5000000000002 14.050000000000002
decision_type=2 2 2 2 2 2 2 2 2 2 2 2 2 2 2 2 2 2 2 2 2 2 2 2 2 2 2 2 2 2
left_child=1 3 9 -1 10 7 -7 8 -6 -2 11 -5 -12 -14 29 17 -17 18 21 -20 -21 22 23 -3 25 -23 27 -16 -29 -4
right_child=2 15 14 4 5 6 -8 -9 -10 -11 12 -13 13 -15 26 16 -18 -19 19 20 -22 24 -24 -25 -26 -27 -28 28 -30 -31
leaf_value=-0.0048577137171685533 0.040470614714287631 -0.010649286814217144 0.0077550535678199582 0.0026457187222989919 -0.018186755129306009 -0.00077338274057715914 -0.026116983212291812 0.0013268656355199168 -0.00035681956176673483 -0.01270335561618071 0.00014187600432859928 -0.0084018440312174734 0.0084761454068299717 -0.0064188786795497379 0.00095946444046888114 0.00276421802107583 -0.012355535528443238 0.0022446190537953174 -0.022565179424871823 0.0042379994828532089 -0.0030269330962440742 0.0038423651762055687 0.00087959373658319322 0.001039338885502557 0.0080382734125930919 -0.016243711697085869 0.044116153410274909 0.0073546530325554142 -0.0089412176660498242 0.086947006648712633
leaf_weight=28 26 42 739 64 27 39 40 153 48 36 816 38 26 62 2369 43 35 896 29 64 25 111 95 63 239 33 168 62 32 218
leaf_count=28 26 42 739 64 27 39 40 153 48 36 816 38 26 62 2369 43 35 896 29 64 25 111 95 63 239 33 168 62 32 218
internal_value=0.000273586 -0.000270467 0.00072309 -0.00130849 -0.00114764 -0.00328571 -0.00905 -0.00125764 -0.00552632 -0.00495238 -0.000492552 -0.00380583 -0.000114917 -0.00368539 0.000822513 0.000560859 -0.00313924 0.000743429 -0.000165242 -0.00410084 -0.000933333 0.000636986 -0.00119403 -0.00358491 0.00159375 -0.000717241 0.000472645 0.000313312 -0.00362105 0.00178288
internal_weight=6666 3016 3650 1341 1313 307 79 228 75 62 1006 102 904 88 3588 1675 78 1597 701 118 89 583 200 105 383 144 2631 2463 94 957
internal_count=6666 3016 3650 1341 1313 307 79 228 75 62 1006 102 904 88 3588 1675 78 1597 701 118 89 583 200 105 383 144 2631 2463 94 957
is_linear=0
shrinkage=0.04


Tree=99
num_leaves=31
num_cat=0
split_feature=7 12 18 11 0 13 0 11 10 11 9 10 16 19 11 9 13 18 2 2 0 11 14 7 10 14 5 7 7 17
split_gain=0.96492 0.914186 1.1139 1.30448 0.971677 1.02987 0.966384 0.957693 0.884685 0.749811 1.30089 0.715863 1.51325 0.898167 0.960908 1.40318 1.04587 1.18527 0.885715 3.32007 1.3148 1.31212 1.07528 0.863224 1.57145 1.56716 2.89725 0.733188 1.44808 0.70634
threshold=30.906250000000004 92.500000000000014 1.0000000180025095e-35 4.3500000000000005 4.8500000000000005 2.1500000000000008 7.4500000000000011 -3.7499999999999996 13.450000000000001 -3.3499999999999992 68.500000000000014 4.3500000000000005 67.500000000000014 0.87837969732492682 4.9500000000000011 69.500000000000014 11.950000000000001 0.98296291314453421 4.6500000000000012 6.1500000000000012 3.3500000000000001 5.9500000000000011 346.50000000000006 2.5437500000000006 6.4500000000000011 183.50000000000003 2.3500000000000001 6.9770833333333346 8.4395833333333368 -0.78656609248549292
decision_type=2 2 2 2 2 2 2 2 2 2 2 2 2 2 2 2 2 2 2 2 2 2 2 2 2 2 2 2 2 2
left_child=1 4 3 6 5 8 -3 -6 9 10 -1 12 -7 14 15 -14 17 18 21 20 -20 -16 29 24 -13 26 -26 -25 -29 -23
right_child=-2 2 -4 -5 7 11 -8 -9 -10 -11 -12 23 13 -15 16 -17 -18 -19 19 -21 -22 22 -24 27 25 -27 -28 28 -30 -31
leaf_value=0.0055014606688383585 0.064211888070967296 -0.0014308166382808211 0.0062269387847486788 0.0099523015040607812 0.037822828703213289 -0.0055503292935880381 -0.014019358575775048 0.00094129374955431006 -0.010546668935652046 -0.00058037924627969716 -0.0081807258676151323 0.0017529064834064423 -0.0047020314335928549 0.0043227929046983681 -0.010064240165050552 0.016185175217181248 0.00052014635842617023 -0.01649709787135975 -0.0041365254590478 0.0021739039486925967 -0.025114847462492977 -0.0052530083868882462 -0.014557294830959348 0.0033037578170406852 0.00063407177214389553 0.00046952993060119132 -0.0092804199369977171 -0.028931677829922609 0.014475205457454256 0.001563977654590372
leaf_weight=26 125 26 50 28 211 43 30 3408 37 566 31 102 26 169 26 144 218 27 25 73 28 89 26 718 25 46 31 36 40 236
leaf_count=26 125 26 50 28 211 43 30 3408 37 566 31 102 26 169 26 144 218 27 25 73 28 89 26 718 25 46 31 36 40 236
internal_value=0.000183591 0.000116784 -0.00314074 -0.00592941 0.000185393 -0.000375762 -0.00940351 0.00061768 -0.00175492 -0.00139103 -0.00572414 5.2607e-05 -0.000636605 -0.000341912 -0.000835691 0.00187135 -0.0014526 -0.00241055 -0.00196032 -0.00485039 -0.0123704 -0.000984127 -0.000329545 0.000832833 -0.00148293 -0.00497087 -0.00940351 0.00142893 -0.00228571 0.000306749
internal_weight=6666 6541 134 84 6407 2788 56 3619 660 623 57 2128 1130 1087 918 170 748 530 503 126 53 377 351 998 204 102 56 794 76 325
internal_count=6666 6541 134 84 6407 2788 56 3619 660 623 57 2128 1130 1087 918 170 748 530 503 126 53 377 351 998 204 102 56 794 76 325
is_linear=0
shrinkage=0.04


Tree=100
num_leaves=31
num_cat=0
split_feature=1 5 17 12 5 14 15 3 15 2 1 1 8 7 9 5 2 3 2 6 19 9 14 11 19 8 6 5 14 8
split_gain=1.09886 1.00248 0.763493 0.874673 1.75166 0.85106 0.789464 1.4426 1.05838 1.05914 2.096 1.56968 1.45678 0.800355 1.15765 0.905541 0.773939 0.783712 0.709971 1.38349 0.975297 0.676951 0.640135 0.623875 1.2649 2.70211 0.681651 1.07324 1.50112 2.14304
threshold=23.750000000000004 45.70000000000001 0.78656609248549325 92.500000000000014 7.9500000000000011 187.50000000000003 1.0000000180025095e-35 5.4500000000000011 0.65000000000000002 8.1500000000000004 12.350000000000003 4.6500000000000012 6.3500000000000005 3.339583333333334 69.500000000000014 2.6500000000000008 15.950000000000001 13.850000000000003 4.8500000000000005 4.6916666666666655 -1.0000000180025095e-35 37.500000000000007 257.50000000000006 -1.8499999999999999 0.6078576107927941 2.8500000000000001 17.108333333333338 13.250000000000002 139.50000000000003 16.250000000000004
decision_type=2 2 2 2 2 2 2 2 2 2 2 2 2 2 2 2 2 2 2 2 2 2 2 2 2 2 2 2 2 2
left_child=1 2 3 6 5 -5 21 13 9 11 22 -9 -13 14 15 -8 18 -18 19 -4 -21 -1 -11 24 -23 -26 27 -25 -29 -30
right_child=-2 -3 16 4 -6 -7 7 8 -10 10 -12 12 -14 -15 -16 -17 17 -19 -20 20 -22 23 -24 26 25 -27 -28 28 29 -31
leaf_value=0.04314206058562519 0.1705817783552338 -0.018784540459856499 0.0010171149999423366 -0.0058016434395118457 0.0085394557301759662 -0.0029671181821592581 -0.017167139263160741 -0.00086844020710666119 0.006818535983258928 0.016079050643566215 -0.018969691099249109 -0.01556641084011458 -0.012522727914532863 0.0080042157565479791 0.0017127034340379186 -0.0026581320840703298 -0.0083845929605724963 0.014574446123195986 0.014064849913479803 0.012208803150177147 -0.010083026904703475 0.011135309131898941 -0.0066234876194870363 0.00014957838077286778 -0.0077221190094760766 0.0016551869286363225 0.02789013282189572 -0.011641187664577448 0.0031142351974721826 -0.014232177213191501
leaf_weight=79 169 28 435 35 31 26 25 44 36 56 29 31 34 172 59 30 30 30 792 30 34 288 26 3543 29 89 139 75 227 43
leaf_count=79 169 28 435 35 31 26 25 44 36 56 29 31 34 172 59 30 30 30 792 30 34 288 26 3543 29 89 139 75 227 43
internal_value=0.000330993 0.000248238 0.000281317 5.90637e-05 -0.00378495 -0.00767742 0.000129773 -0.00131123 -0.00348638 -0.00452489 -0.00175 -0.00730909 -0.0112121 0.000641115 -0.00194783 -0.00607143 0.00112722 -0.00327869 0.00133437 0.000152 -0.00529231 0.000303124 0.00154217 0.000237258 0.00172973 -0.0017479 8.63954e-05 -1.23424e-05 -0.00213873 -0.000738007
internal_weight=6694 6525 6497 5146 92 61 5054 542 256 220 111 109 65 286 114 55 1351 60 1291 499 64 4512 82 4433 406 118 4027 3888 345 270
internal_count=6694 6525 6497 5146 92 61 5054 542 256 220 111 109 65 286 114 55 1351 60 1291 499 64 4512 82 4433 406 118 4027 3888 345 270
is_linear=0
shrinkage=0.04


Tree=101
num_leaves=31
num_cat=0
split_feature=12 18 11 1 10 12 16 9 6 16 9 6 4 11 16 10 5 5 19 19 10 9 8 14 16 11 12 14 11 16
split_gain=1.18862 1.47686 1.2274 1.18543 0.604704 0.602658 0.584536 1.10874 1.62971 1.2467 1.44145 1.05454 1.00834 0.975015 0.929907 0.844633 0.812593 1.34241 1.11213 2.53197 1.86152 2.17845 1.41652 1.98338 0.953153 1.45171 0.997006 1.11353 2.51415 1.489
threshold=92.500000000000014 -0.5 4.3500000000000005 23.750000000000004 21.450000000000003 19.500000000000004 777.50000000000011 98.500000000000014 3.324999999999998 2327.5000000000005 105.50000000000001 15.824999999999999 13.950000000000001 14.050000000000002 1902.5000000000002 0.55000000000000016 13.250000000000002 18.750000000000004 1.0000000180025095e-35 0.87837969732492682 9.7500000000000018 66.500000000000014 13.950000000000001 182.50000000000003 42.500000000000007 -7.4499999999999993 79.500000000000014 213.50000000000003 3.1500000000000008 27.500000000000004
decision_type=2 2 2 2 2 2 2 2 2 2 2 2 2 2 2 2 2 2 2 2 2 2 2 2 2 2 2 2 2 2
left_child=3 2 -2 4 5 -1 12 11 -9 10 13 15 16 -10 -12 -8 24 18 22 20 21 -20 -18 -24 25 -7 -27 29 -29 -28
right_child=1 -3 -4 -5 -6 6 7 8 9 -11 14 -13 -14 -15 -16 -17 17 -19 19 -21 -22 -23 23 -25 -26 26 27 28 -30 -31
leaf_value=0.0034355174919515163 -0.0099112323242949267 0.0027570266173749009 0.0037815149528233612 0.18724545897127512 0.069398891763773188 -0.0052867583484954737 0.01006871217341875 0.014076241318083436 -0.0022623656384835162 0.00095443925484554046 -0.00099105540280053838 -0.022712132507244971 0.011426922401140651 -0.017841841191361708 -0.0077084146023849746 -0.00072850201175644652 0.0041923686724972386 0.002370508767058892 -0.036310924825985184 0.085751570107509306 0.0052492592266303239 -0.0032386268370180821 -0.013351132451915571 0.0059967024744997941 0.0011902968709702911 0.0026902786715018302 0.0029523354849360695 0.00051956929487645908 -0.022212237394398909 -0.0031283743529539223
leaf_weight=231 39 78 25 164 71 40 156 54 26 51 68 27 340 34 26 639 117 105 27 43 25 28 34 46 2584 697 409 64 44 402
leaf_count=231 39 78 25 164 71 40 156 54 26 51 68 27 340 34 26 639 117 105 27 43 25 28 34 46 2584 697 409 64 44 402
internal_value=0.000307095 -0.0033007 -0.00775385 0.000385778 0.000299265 0.000257677 0.00018137 -0.000661737 -0.00293846 -0.00456311 -0.00634839 5.83234e-05 0.000363564 -0.0111475 -0.0032 0.000326633 0.00021003 -0.0014554 -0.00274143 -0.00570968 -0.00987654 -0.0139286 -0.000868687 -0.00493827 0.00037727 -0.000371756 -0.000183055 -0.00104783 -0.00484404 -0.000536946
internal_weight=6694 142 64 6552 6388 6317 6086 1081 259 205 154 822 5005 60 94 795 4665 425 320 123 80 55 197 80 4240 1656 1616 919 108 811
internal_count=6694 142 64 6552 6388 6317 6086 1081 259 205 154 822 5005 60 94 795 4665 425 320 123 80 55 197 80 4240 1656 1616 919 108 811
is_linear=0
shrinkage=0.04


Tree=102
num_leaves=31
num_cat=0
split_feature=0 5 10 19 8 10 12 5 5 14 1 17 12 12 2 3 1 9 6 19 4 13 15 15 9 8 10 12 4 14
split_gain=0.943351 1.07488 0.65425 0.620479 1.50516 1.47708 1.12796 1.0722 2.87974 1.76633 1.75993 1.10513 1.07374 1.05871 1.94574 2.17429 2.39959 1.14575 0.871437 1.02033 1.92236 0.853829 1.56696 1.30397 1.16483 2.11878 1.06321 0.829551 0.916679 0.784556
threshold=21.150000000000002 45.70000000000001 21.450000000000003 -0.60785761079279388 6.3500000000000005 6.4500000000000011 47.500000000000007 6.7500000000000009 10.050000000000002 186.50000000000003 3.1500000000000008 -0.37940952255126065 75.500000000000014 39.500000000000007 14.15 11.15 14.350000000000003 66.500000000000014 9.1916666666666682 -0.8783796973249266 15.65 0.95000000000000007 1.0000000180025095e-35 0.15000000000000005 76.500000000000014 6.8500000000000005 4.3500000000000005 87.500000000000014 4.6500000000000012 49.500000000000007
decision_type=2 2 2 2 2 2 2 2 2 2 2 2 2 2 2 2 2 2 2 2 2 2 2 2 2 2 2 2 2 2
left_child=1 2 3 4 5 -1 18 10 9 -9 11 -7 -13 29 21 -16 17 -17 -6 20 -20 22 24 -24 -15 -26 -23 -8 -29 -5
right_child=-2 -3 -4 13 6 7 27 8 -10 -11 -12 12 -14 14 15 16 -18 -19 19 -21 -22 26 23 -25 25 -27 -28 28 -30 -31
leaf_value=0.00091564673785659917 0.14052814490871093 -0.017792645602652823 0.067461391069101165 0.027881790483443882 0.0035590778951440998 -0.0052944556613403557 0.040113421580141376 -0.011553386907429146 0.016564439109138053 -0.0044826153628326091 0.0047231758009270083 -0.0013746245415374775 0.01147846816257656 0.0027107860437677162 -0.042047419520355706 -0.013752453820411582 0.00071289174777309345 -0.036378629814674483 -0.030580232038707182 0.030531043485334211 0.078420035506401406 -0.0010517222184142348 -0.020545738295317601 -0.010325333528890819 -0.014991562081491104 0.012930437764468537 0.0012346012896128982 -0.013774196724951109 0.013548856874003106 0.00082932895386166842
leaf_weight=606 221 27 76 182 100 26 587 25 29 31 156 25 30 234 28 27 157 29 37 65 25 837 25 31 38 30 2184 46 35 745
leaf_count=606 221 27 76 182 100 26 587 25 29 31 156 25 30 234 28 27 157 29 37 65 25 837 25 31 38 30 2184 46 35 745
internal_value=0.000336968 0.000248996 0.000282922 0.000238581 0.000861842 -0.000266954 0.00203125 -0.00245201 -0.00627907 -0.0115088 -0.00105882 -0.00580488 -0.0025 -1.14334e-05 -0.000320353 -0.00378512 -0.00237383 -0.00940351 -0.000403509 -0.00259375 -0.00622222 -7.21892e-05 -0.00191643 -0.008 -0.000765676 -0.00533333 0.000146923 0.002858 -0.000926829 0.00119397
internal_weight=6694 6473 6446 6370 1823 928 895 322 85 56 237 81 55 4547 3620 241 213 56 227 127 62 3379 358 56 302 68 3021 668 81 927
internal_count=6694 6473 6446 6370 1823 928 895 322 85 56 237 81 55 4547 3620 241 213 56 227 127 62 3379 358 56 302 68 3021 668 81 927
is_linear=0
shrinkage=0.04


Tree=103
num_leaves=31
num_cat=0
split_feature=0 17 8 12 14 11 6 19 19 11 19 9 9 15 6 15 4 19 7 7 9 16 9 5 9 7 2 19 18 5
split_gain=1.0461 0.63497 0.9211 0.845171 0.787376 0.800929 1.14933 1.30993 0.921098 1.63022 0.77744 1.3063 0.754157 0.74775 1.24492 1.23175 1.03735 1.41242 0.928733 0.923867 1.15538 0.897287 0.719167 0.756267 1.53177 1.33471 3.44621 1.26259 0.996486 0.831111
threshold=19.650000000000002 0.78656609248549325 20.050000000000004 92.500000000000014 357.50000000000006 -0.74999999999999989 2.7083333333333308 0.6078576107927941 0.87837969732492682 0.95000000000000007 0.87837969732492682 67.500000000000014 77.500000000000014 1.0000000180025095e-35 5.5333333333333341 0.45000000000000007 9.6500000000000004 -1.0000000180025095e-35 6.6104166666666684 3.9062500000000004 68.500000000000014 522.50000000000011 37.500000000000007 13.250000000000002 51.500000000000007 11.593750000000002 11.350000000000003 0.6078576107927941 0.91597561503675351 9.5500000000000025
decision_type=2 2 2 2 2 2 2 2 2 2 2 2 2 2 2 2 2 2 2 2 2 2 2 2 2 2 2 2 2 2
left_child=1 3 -3 4 5 6 7 -1 13 -10 -8 -12 -6 22 19 16 17 -16 -19 20 -15 -22 -7 29 -25 26 27 -26 -27 -24
right_child=-2 2 -4 -5 12 8 10 -9 9 -11 11 -13 -14 14 15 -17 -18 18 -20 -21 21 -23 23 24 25 28 -28 -29 -30 -31
leaf_value=0.00047716936415661453 0.083335257791241943 0.0045726175485129783 -0.072059301051641156 -0.0030800302254009706 0.00056718001014214269 0.056435011253666956 0.020097727289335694 -0.0096622619086571965 -0.023389591488138899 0.0058293843205015081 0.035640086860976021 -0.078411830536571886 -0.021172365505917716 -0.0075346517093598676 -0.027389784247662204 0.0014120959712860504 -0.001677367025578578 0.020425590242566245 -0.010240171380615041 0.0027402758234739005 0.014658569084148244 -0.015893678681579679 -0.00019035291954985588 0.022517865063676094 0.0018143027220209017 0.00067971257115224829 -0.035840246102671273 -0.017865148332207665 -0.019338622880594278 0.0041374413276363091
leaf_weight=93 269 1297 27 93 31 70 379 41 37 596 41 25 31 44 32 45 49 25 25 136 45 25 2482 59 70 123 28 38 28 410
leaf_count=93 269 1297 27 93 31 70 379 41 37 596 41 25 31 44 32 45 49 25 25 136 45 25 2482 59 70 123 28 38 28 410
internal_value=0.000360866 0.000258326 0.00103849 5.56646e-05 0.000126173 0.000182737 0.00157931 -0.00165926 -2.7471e-06 0.00140694 0.00255605 -0.00143284 -0.00431746 -0.000242035 -0.00181733 -0.00438418 -0.00633333 -0.00906024 -0.00470588 1.48418e-10 -0.00264348 0.00056338 -3.86822e-05 -0.000125965 -0.00189049 -0.00309722 -0.0059562 -0.0026422 -0.0005 8.57243e-05
internal_weight=6694 6425 1324 5101 5008 4946 579 134 4367 633 445 66 62 3734 426 176 131 82 50 250 114 70 3308 3238 346 287 136 108 151 2892
internal_count=6694 6425 1324 5101 5008 4946 579 134 4367 633 445 66 62 3734 426 176 131 82 50 250 114 70 3308 3238 346 287 136 108 151 2892
is_linear=0
shrinkage=0.04


Tree=104
num_leaves=31
num_cat=0
split_feature=0 19 7 3 7 5 11 12 8 16 13 12 0 4 1 17 2 14 18 11 17 5 3 11 4 14 3 14 11 14
split_gain=0.934574 0.63993 1.48792 1.22771 2.28933 2.34531 1.11497 1.10681 1.10169 1.06213 2.15615 1.05827 1.00915 1.42683 0.971146 0.923442 0.804861 0.799501 0.790149 1.10213 1.0207 0.801818 0.754917 0.747747 0.722033 0.702904 0.684454 0.679497 0.634839 1.07571
threshold=21.150000000000002 -0.60785761079279388 6.4708333333333341 13.65 13.581250000000002 14.65 -2.0499999999999994 36.500000000000007 19.450000000000003 62.500000000000007 4.8500000000000005 40.500000000000007 8.4500000000000011 14.350000000000003 15.350000000000003 -0.70710678118654735 14.15 281.50000000000006 1.0000000180025095e-35 1.6500000000000001 0.25881904510252091 5.4500000000000011 18.450000000000003 15.750000000000002 13.15 126.50000000000001 4.9500000000000011 182.50000000000003 21.550000000000004 341.50000000000006
decision_type=2 2 2 2 2 2 2 2 2 2 2 2 2 2 2 2 2 2 2 2 2 2 2 2 2 2 2 2 2 2
left_child=1 2 6 8 5 14 -1 12 28 10 11 -8 -4 -14 16 17 23 27 19 20 -13 -21 -9 -5 -25 -6 -23 -11 -3 -30
right_child=-2 3 7 4 25 -7 9 22 -10 15 -12 18 13 -15 -16 -17 -18 -19 -20 21 -22 26 -24 24 -26 -27 -28 -29 29 -31
leaf_value=0.0062874865460578726 0.13157360880071281 3.0304193288310626e-05 0.0019613063474099505 0.0022773343681422157 -0.012721237132234052 -0.033784167308067922 -0.001263787759735176 0.028624541170714321 -0.0083219216418413105 -0.005610351234179879 -0.018908133127548285 -0.00020518763699870542 -0.027785492163001257 0.036329803450945004 0.0017211031974508125 0.0035266210375817608 -0.023403514812919985 0.0016148196249675931 0.0039394940674917014 0.016781276680220881 -0.013517357882205656 0.00028115587568762414 -0.028491652913700895 -0.0015428617880318604 -0.0080710814443322922 0.054877936547161624 -0.0056500188530064421 -0.015117208262135041 0.0088816061525351046 -0.016416570859446939
leaf_weight=115 221 3507 89 42 47 25 28 591 43 119 32 42 28 29 49 342 44 56 131 74 34 36 47 25 31 120 31 28 625 63
leaf_count=115 221 3507 89 42 47 25 28 591 43 119 32 42 28 29 49 342 44 56 131 74 34 36 47 25 31 120 31 28 625 63
internal_value=0.000348917 0.000261353 0.000889369 9.51984e-06 -0.00215625 -0.00486636 -8.23198e-05 0.00221147 0.000205709 -0.000532495 -0.00207335 -0.00120955 -0.00092517 -0.00503448 -0.0033125 0.000622711 -0.00497902 -0.0015098 -0.000595988 -0.00207339 -0.00592208 2.81692e-05 0.00292958 -0.00290909 -0.00589474 0.00135714 -0.00311765 -0.00305405 0.000271687 0.00138171
internal_weight=6694 6473 1852 4621 383 216 1068 784 4238 953 408 376 146 57 191 545 142 203 348 217 76 141 638 98 56 167 67 147 4195 688
internal_count=6694 6473 1852 4621 383 216 1068 784 4238 953 408 376 146 57 191 545 142 203 348 217 76 141 638 98 56 167 67 147 4195 688
is_linear=0
shrinkage=0.04


Tree=105
num_leaves=31
num_cat=0
split_feature=9 18 4 4 2 20 9 3 4 14 3 17 1 12 9 9 10 14 0 13 6 19 1 2 9 7 7 3 7 7
split_gain=0.931567 0.868001 0.999778 1.2406 1.10084 1.64696 0.938159 1.11412 0.79681 0.941993 0.920048 0.821861 1.07743 1.47594 1.19935 1.69709 0.925947 0.751694 0.709122 1.34129 1.56397 1.58878 2.64824 1.08037 1.79697 1.13502 1.55123 0.902937 1.95734 0.708707
threshold=111.50000000000001 0.78656609248549303 15.850000000000003 18.350000000000005 0.75000000000000011 -0.22252093395631442 61.500000000000007 3.5500000000000003 3.5500000000000003 294.50000000000006 7.3500000000000005 -0.70710678118654735 6.9500000000000011 56.500000000000007 81.500000000000014 60.500000000000007 8.2500000000000018 131.50000000000003 7.8500000000000005 2.0500000000000003 5.883333333333332 1.0000000180025095e-35 3.9500000000000006 5.9500000000000011 56.500000000000007 6.6500000000000012 5.9854166666666684 8.5500000000000025 8.6479166666666689 9.7854166666666682
decision_type=2 2 2 2 2 2 2 2 2 2 2 2 2 2 2 2 2 2 2 2 2 2 2 2 2 2 2 2 2 2
left_child=1 8 4 -4 5 -3 7 -6 9 10 -1 12 -10 -14 15 17 -17 -15 19 20 21 22 -13 -21 -25 26 -26 28 -27 -20
right_child=-2 2 3 -5 6 -7 -8 -9 11 -11 -12 18 13 14 -16 16 -18 -19 29 23 -22 -23 -24 24 25 27 -28 -29 -30 -31
leaf_value=-0.00068417905145837558 0.019864521217346821 8.2723371557987761e-05 -0.010492194973148307 -0.00029884664823807635 -0.010292105709187337 -0.01580911963727161 7.2505088727101808e-05 -0.0024124753985260341 0.001201763620896732 0.0082635486181560046 0.017646959689266991 -0.0036383670822321664 0.00031153519607814275 -0.035478265447982896 -0.016373650356918863 0.0047507787853113964 -0.036857688123989284 -0.012452463010231672 0.030384299561659396 0.010323051287682556 0.002955819251392254 0.0002931453426848329 -0.023122792746220606 0.02086074938289054 -0.011888289765022977 0.056048905096383911 -0.030062381064875337 0.0037451723308107561 -0.014678808389856184 0.0016165761672943084
leaf_weight=1360 219 39 43 64 30 28 1017 51 761 90 181 52 329 35 34 73 29 33 562 527 99 79 47 72 25 25 30 36 28 661
leaf_count=1360 219 39 43 64 30 28 1017 51 761 90 181 52 329 35 34 73 29 33 562 527 99 79 47 72 25 25 30 36 28 661
internal_value=0.00014955 6.21023e-05 -0.000873527 -0.00455556 -0.000531732 -0.00547059 -0.00022566 -0.00434146 0.000292513 -0.000438725 -0.000671855 0.000629734 -0.000172973 -0.00155056 -0.00421463 -0.00280702 0.00046602 -0.00765217 0.00109269 0.000313418 -0.00205755 -0.0042905 -0.00764 0.00119892 -0.00117972 -0.00375172 -0.00821429 -0.000933333 -0.00422222 0.00174183
internal_weight=6659 6440 1272 107 1165 67 1098 81 5168 1631 1541 3537 1294 533 204 170 102 68 2243 1020 277 178 99 743 216 144 55 89 53 1223
internal_count=6659 6440 1272 107 1165 67 1098 81 5168 1631 1541 3537 1294 533 204 170 102 68 2243 1020 277 178 99 743 216 144 55 89 53 1223
is_linear=0
shrinkage=0.04


Tree=106
num_leaves=31
num_cat=0
split_feature=7 7 20 11 16 10 5 19 5 10 7 9 10 13 19 9 12 11 10 2 9 12 17 7 17 13 5 10 13 8
split_gain=0.891777 1.0508 1.93985 0.83174 1.31084 2.2222 4.65355 1.30403 2.11392 1.45593 1.53495 4.17866 1.41398 1.30196 1.8797 1.34418 1.06594 1.82256 1.86309 1.60092 1.70121 1.96708 1.94972 1.62259 1.55567 1.05896 1.53447 1.49765 0.880406 1.17884
threshold=30.906250000000004 22.343750000000004 1.0000000180025095e-35 -0.74999999999999989 67.500000000000014 5.8500000000000005 4.1500000000000012 0.87837969732492682 3.6500000000000008 5.1500000000000012 3.1645833333333337 58.500000000000007 8.1500000000000004 2.8500000000000001 0.6078576107927941 64.500000000000014 82.500000000000014 2.2500000000000004 14.850000000000003 2.9500000000000006 51.500000000000007 87.500000000000014 0.12940952255126045 4.8229166666666679 0.78656609248549325 1.3500000000000003 1.9500000000000002 15.050000000000002 0.55000000000000016 6.2500000000000009
decision_type=2 2 2 2 2 2 2 2 2 2 2 2 2 2 2 2 2 2 2 2 2 2 2 2 2 2 2 2 2 2
left_child=1 3 -3 4 5 6 -1 16 9 -9 -11 -12 -13 -7 -15 -16 -5 18 19 -18 23 24 -23 -21 -22 27 -27 28 -19 -30
right_child=-2 2 -4 7 -6 13 -8 8 -10 10 11 12 -14 14 15 -17 17 25 -20 20 21 22 -24 -25 -26 26 -28 -29 29 -31
leaf_value=0.00010355220897548174 0.060059725296968257 0.060908720571740779 -0.0339985057146273 2.4162436917921588e-06 0.021359775423066656 0.0096494473429217416 -0.010394613812449176 0.0013383831826583809 0.024254013487182521 0.0013029239541327408 0.0063657256442993752 -0.026869334739581668 -0.049031834774535307 0.0027088106306364158 -0.00034526541135920254 -0.071535416656448234 -0.00025402570424050874 0.04426909899017141 0.057572119242810207 -0.025653214281311402 0.0086122649963877636 -0.016347852469523531 -0.0062422574185491053 -0.067045190174911382 -0.024553337704729949 -0.021114687972110878 0.00075642049193552731 -0.023570302781957164 -0.0059629871364301566 0.0050882780968426189
leaf_weight=67 114 25 42 3800 237 325 27 181 503 45 47 33 25 71 29 26 88 33 42 28 49 32 34 25 31 44 571 27 33 25
leaf_count=67 114 25 42 3800 237 325 27 181 503 45 47 33 25 71 29 26 88 33 42 28 49 32 34 25 31 44 571 27 33 25
internal_value=0.000125526 6.41615e-05 -0.00488235 0.000116067 0.00133844 0.00025641 -0.00530526 -5.1957e-05 0.00140838 -0.00107229 -0.00397351 -0.00660377 -0.0136949 0.00142478 -0.00201575 -0.0075 -0.000302694 -0.00142239 -0.00389091 -0.00504167 -0.00702 -0.00473469 -0.00979104 -0.0131111 -0.000493827 -0.000310627 0.000357143 -0.00376471 -0.00126087 -0.00420339
internal_weight=6659 6545 67 6478 782 545 94 5696 834 331 150 105 58 451 126 55 4862 1062 329 287 199 146 66 53 80 733 615 118 91 58
internal_count=6659 6545 67 6478 782 545 94 5696 834 331 150 105 58 451 126 55 4862 1062 329 287 199 146 66 53 80 733 615 118 91 58
is_linear=0
shrinkage=0.04


Tree=107
num_leaves=31
num_cat=0
split_feature=0 11 16 10 5 19 5 10 4 16 12 13 4 11 10 2 5 18 4 13 19 6 11 11 19 19 11 4 6 4
split_gain=0.839691 0.911915 1.25729 2.28099 4.65355 1.00188 1.80024 1.52915 1.07437 1.19928 0.937972 1.74572 1.86313 1.33053 1.30991 2.13894 2.68659 2.48771 1.09177 0.923461 1.70364 0.901735 1.32873 1.18492 1.06552 1.61707 1.84221 1.68324 1.18241 1.02158
threshold=38.300000000000004 -0.74999999999999989 67.500000000000014 5.8500000000000005 4.1500000000000012 0.87837969732492682 3.6500000000000008 7.3500000000000005 10.15 337.50000000000006 85.500000000000014 1.0500000000000003 4.3500000000000005 3.2500000000000004 13.450000000000001 5.1500000000000012 9.0500000000000025 -0.60355339059327384 15.350000000000003 2.8500000000000001 0.87837969732492682 1.8166666666666635 1.6500000000000001 3.9500000000000006 -0.60785761079279388 -0.8783796973249266 20.750000000000004 4.9500000000000011 9.9083333333333332 2.0500000000000003
decision_type=2 2 2 2 2 2 2 2 2 2 2 2 2 2 2 2 2 2 2 2 2 2 2 2 2 2 2 2 2 2
left_child=1 2 3 4 -1 10 7 -7 -8 -10 21 12 -12 14 15 -13 17 -17 -15 -5 -21 22 -3 29 25 26 -25 -28 -29 -23
right_child=-2 5 -4 19 -6 6 8 -9 9 -11 11 13 -14 18 -16 16 -18 -19 -20 20 -22 23 -24 24 -26 -27 27 28 -30 -31
leaf_value=9.9410120616465761e-05 0.19764842508591485 -0.0050788206179714921 0.020505384406143991 0.0092634694492048676 -0.0099788292599512114 0.00039172846300964759 0.040591547328461271 -0.020593356558383787 0.01275526202255858 -0.0017143349781752592 -0.021364670141427466 -0.0002390646931442404 -0.0017622125515176466 0.0015479892232967058 0.023749247337229572 -0.030883844376499249 0.0045390610911776961 -0.0041392377276315753 -0.016548540874939077 0.0020548923370028878 -0.060689339045660616 -0.00073137120256240389 -0.0014236803101663354 0.0016605962675512998 -0.0015928559206392842 0.010765441240147829 -0.022323988607588136 0.00084303238703827834 -0.03030036000229968 0.0090892719237870654
leaf_weight=67 91 27 237 325 27 225 395 106 56 52 39 123 75 312 48 47 27 29 44 82 44 159 287 322 2141 536 27 81 49 579
leaf_count=67 91 27 237 325 27 225 395 106 56 52 39 123 75 312 48 47 27 29 44 82 44 159 287 322 2141 536 27 81 49 579
internal_value=0.000161562 0.000108388 0.00138953 0.00032967 -0.00530526 -6.49731e-05 0.00121677 -0.00107229 0.00272222 -0.000807339 -0.000281042 -0.00158926 -0.00612174 -0.000760697 -0.00285091 -0.00412335 -0.00834615 -0.0121558 0.000851541 0.00151327 -0.00138583 -4.94178e-05 -0.00210794 0.000117073 -0.000220462 0.000846457 -0.000841666 -0.00437975 -0.00244275 0.00155886
internal_weight=6659 6568 782 545 94 5786 834 331 503 108 4952 744 114 630 274 226 103 76 356 451 126 4208 314 3894 3156 1015 479 157 130 738
internal_count=6659 6568 782 545 94 5786 834 331 503 108 4952 744 114 630 274 226 103 76 356 451 126 4208 314 3894 3156 1015 479 157 130 738
is_linear=0
shrinkage=0.04


Tree=108
num_leaves=31
num_cat=0
split_feature=11 19 10 16 7 19 11 18 4 7 0 2 13 16 7 10 6 8 14 3 8 0 11 11 0 11 11 19 3 7
split_gain=0.89464 1.01541 0.987015 3.59701 0.931832 0.898853 1.64548 2.94689 1.14959 1.25861 0.92355 2.48109 0.870483 0.791614 0.714047 1.80027 0.819125 0.84277 2.45652 0.617976 0.589445 0.879523 1.04463 1.13491 0.991218 0.809513 1.10799 0.748379 1.29576 1.76525
threshold=-1.1499999999999997 -1.0000000180025095e-35 7.0500000000000007 22.500000000000004 30.906250000000004 0.87837969732492682 0.95000000000000007 -0.5 9.5500000000000025 11.593750000000002 8.5500000000000025 6.3500000000000005 3.2500000000000004 57.500000000000007 22.343750000000004 10.350000000000003 16.791666666666671 19.150000000000002 202.50000000000003 15.450000000000001 5.9500000000000011 4.2500000000000009 5.7500000000000009 8.9500000000000011 4.5500000000000007 14.950000000000001 18.250000000000004 -0.60785761079279388 13.750000000000002 11.483333333333334
decision_type=2 2 2 2 2 2 2 2 2 2 2 2 2 2 2 2 2 2 2 2 2 2 2 2 2 2 2 2 2 2
left_child=1 -1 3 -3 5 14 7 -7 -8 10 11 -10 -4 -5 16 -16 17 20 -19 -18 21 -2 -23 -24 -25 -26 -27 -22 -29 -30
right_child=4 2 12 13 -6 6 8 -9 9 -11 -12 -13 -14 -15 15 -17 19 18 -20 -21 27 22 23 24 25 26 -28 28 29 -31
leaf_value=0.011216515007972574 -0.00020948129551520857 -0.0072266019256329176 0.014359472671007597 -0.0037413433800796013 0.057305410007289705 -0.052125058370292104 0.0085878094773572649 0.0034580196363980108 2.5761170063515936e-05 0.027838067639381264 0.0071328292570508054 -0.024510339170391277 -0.010941694777579372 0.012873825180397327 -0.032214993771664244 0.020720353404702935 -0.0097872320817406419 0.0010567101002219141 -0.030966307829860415 0.034609907607363891 0.0090523829016609485 2.2521489938466818e-05 -0.0081584570685690541 -0.016959763990461868 0.022389317402638817 -0.021467144272988237 0.00095139573565356634 8.9480743541695503e-05 -0.022649530625491934 -0.001019885643353823
leaf_weight=317 1857 29 190 45 114 27 636 34 45 48 34 28 52 59 41 26 48 55 33 175 750 162 46 43 38 25 73 1460 48 121
leaf_count=317 1857 29 190 45 114 27 636 34 45 48 34 28 52 59 41 26 48 55 33 175 750 162 46 43 38 25 73 1460 48 121
internal_value=0.00020961 0.00156999 0.000159575 -0.00259701 5.16087e-05 -1.84488e-05 0.00118171 -0.00509677 0.00167172 -0.00141026 -0.00381481 -0.00632432 0.00167901 0.000914286 -0.000223111 -0.00429412 -0.00016697 -0.000279287 -0.00413483 0.00219643 -0.000205017 -0.000669933 -0.00240206 -0.00415929 -0.00268889 -0.000992701 -0.00290909 0.000233614 -0.000247853 -0.00355294
internal_weight=6659 692 375 133 5967 5853 852 61 791 155 107 73 242 104 5001 67 4934 4711 88 223 4623 2244 387 225 179 136 98 2379 1629 169
internal_count=6659 692 375 133 5967 5853 852 61 791 155 107 73 242 104 5001 67 4934 4711 88 223 4623 2244 387 225 179 136 98 2379 1629 169
is_linear=0
shrinkage=0.04


Tree=109
num_leaves=31
num_cat=0
split_feature=7 7 10 8 1 12 20 9 0 7 3 9 3 9 10 12 4 7 18 9 19 13 17 1 4 4 7 10 19 3
split_gain=0.852332 0.84573 1.80027 0.798337 2.14658 0.967075 1.54025 1.45934 1.17589 3.90464 1.75698 1.48067 1.67818 0.796759 1.31637 1.00582 0.764146 1.61818 1.11099 1.18528 1.35752 1.04721 1.1718 1.01875 0.849357 1.78703 1.23827 0.752532 0.739517 0.943099
threshold=30.906250000000004 22.343750000000004 10.350000000000003 2.3500000000000001 2.6500000000000008 86.500000000000014 -0.22252093395631442 69.500000000000014 7.4500000000000011 5.793750000000002 10.15 51.500000000000007 3.0500000000000003 61.500000000000007 6.4500000000000011 84.500000000000014 6.5500000000000007 10.025000000000002 -0.12940952255126037 71.500000000000014 -0.8783796973249266 3.8500000000000001 0.12940952255126045 16.650000000000002 13.350000000000003 10.15 6.1479166666666671 13.15 -0.60785761079279388 4.1500000000000012
decision_type=2 2 2 2 2 2 2 2 2 2 2 2 2 2 2 2 2 2 2 2 2 2 2 2 2 2 2 2 2 2
left_child=1 3 -3 4 13 16 7 8 11 -10 -11 -7 -13 -1 -15 -16 17 -5 -18 20 -20 22 24 -19 25 26 -21 28 -22 -30
right_child=-2 2 -4 5 -6 6 -8 -9 9 10 -12 12 -14 14 15 -17 18 23 19 21 27 -23 -24 -25 -26 -27 -28 -29 29 -31
leaf_value=0.0076062945909449774 0.055013193606998113 -0.030926394020797689 0.019891539268514828 0.0021588199846072154 -0.016304799586258814 0.018119519631978543 0.00066500711964744236 0.006946296532129673 -0.047106845740845484 0.0026307083992501011 -0.0027790876934040364 -0.011025128883540994 -0.00086588253010134986 -0.00022100898470067961 -0.0057861098917120794 -0.00031965276740581931 0.006923845580427912 -0.037504619579652614 -0.032431867299787809 -0.0095140460309605084 0.010969683267116588 0.00098985986819030724 0.00058788531845541396 0.00020222047354130152 -2.8757588095786542e-05 -0.027164441303021133 0.015586950367814059 0.056837229536748766 -0.010970687206502657 -0.0023873674137170624
leaf_weight=117 114 41 26 2564 53 52 360 55 36 47 47 36 105 627 30 30 763 25 41 27 45 838 155 27 58 43 49 33 57 158
leaf_count=117 114 41 26 2564 53 52 360 55 36 47 47 36 105 627 30 30 763 25 41 27 45 838 155 27 58 43 49 33 57 158
internal_value=0.000203604 0.000143599 -0.00429412 0.000190153 -0.000946387 0.000363572 -0.000985115 -0.00276517 -0.00379012 -0.00671756 -0.00235789 -0.00179381 -0.00391549 -0.000427329 -0.000947674 -0.00655738 0.000567568 0.00103324 2.99825e-05 -0.000600664 -0.00269851 1.48884e-10 -0.0018979 -0.00588679 -0.00411236 -0.00603333 -0.00228571 -0.00172789 -0.00245211 -0.00342593
internal_weight=6659 6545 67 6478 857 5621 738 378 323 130 94 193 141 804 687 60 4883 2616 2267 1504 334 1170 332 52 177 119 76 293 260 215
internal_count=6659 6545 67 6478 857 5621 738 378 323 130 94 193 141 804 687 60 4883 2616 2267 1504 334 1170 332 52 177 119 76 293 260 215
is_linear=0
shrinkage=0.04


Tree=110
num_leaves=31
num_cat=0
split_feature=11 12 9 0 5 19 5 11 13 19 18 8 8 5 11 14 19 11 4 3 1 5 1 20 13 14 12 10 17 3
split_gain=1.04322 1.01304 2.43556 0.936732 0.886269 0.83008 0.984725 2.09334 1.76321 1.62287 1.70838 1.44755 1.3987 1.26142 0.983813 2.39023 0.928376 1.61102 0.881515 1.04422 1.06688 0.932239 0.879345 0.874396 1.17835 0.8581 1.46947 1.85955 0.73788 0.926168
threshold=-1.8499999999999999 77.500000000000014 77.500000000000014 38.300000000000004 1.9500000000000002 0.87837969732492682 13.750000000000002 10.350000000000003 4.6500000000000012 -1.0000000180025095e-35 0.60355339059327384 16.250000000000004 27.500000000000004 10.15 0.8500000000000002 186.50000000000003 0.6078576107927941 9.5500000000000025 9.9500000000000011 9.1500000000000004 6.3500000000000005 2.7500000000000004 15.450000000000001 1.0000000180025095e-35 3.7500000000000004 190.50000000000003 61.500000000000007 2.2500000000000004 0.37940952255126054 1.5500000000000003
decision_type=2 2 2 2 2 2 2 2 2 2 2 2 2 2 2 2 2 2 2 2 2 2 2 2 2 2 2 2 2 2
left_child=1 -1 4 5 -3 6 12 11 -9 22 -11 23 13 28 15 -7 -15 -18 21 20 -20 25 -10 -8 -25 26 27 -16 -2 -30
right_child=3 2 -4 -5 -6 14 7 8 9 10 -12 -13 -14 16 18 -17 17 -19 19 -21 -22 -23 -24 24 -26 -27 -28 -29 29 -31
leaf_value=0.018912782351794961 -0.00082276558259378814 -0.0019289398221615625 -0.0060426558916205535 0.17980191068147011 0.0031905464009090449 0.0016146152307958089 -0.0072498261293826747 0.013291605091100625 0.018607938284295113 -0.01505433529404504 -0.035969575106265313 -0.0046008822853791619 -0.034686067687624188 0.01057547245080934 0.00027423736853566481 -0.05253276593527699 -0.017252164869548139 0.015094293364922937 0.00067311110529991202 0.0024033251730417931 -0.019824694314869603 0.021986953254438921 -0.020063801565800361 -0.0077910989482651415 0.0072354426240085878 0.012227931050510612 0.00064112042797163579 -0.043245513419740103 -0.00096601600401793918 0.002752182259687624
leaf_weight=235 2563 40 35 94 257 53 33 240 61 67 32 31 37 456 30 25 40 79 28 80 25 426 31 27 42 61 93 25 182 1205
leaf_count=235 2563 40 35 94 257 53 33 240 61 67 32 31 37 456 30 25 40 79 28 80 25 426 31 27 42 61 93 25 182 1205
internal_value=0.000170636 0.00180986 0.000384385 1.71421e-05 0.00157047 -4.55381e-05 -0.000237176 -0.00181239 -0.000453704 -0.0033125 -0.00684 -0.0061791 -4.20774e-05 2.20947e-05 0.00111452 -0.00313924 0.00177083 -0.00136667 0.00155007 -0.00140298 -0.0057037 0.00216981 0.000516129 -0.00380583 -0.0012 -1.90475e-05 -0.00166443 -0.00678571 -0.000232852 0.000510087
internal_weight=6633 567 332 6066 297 5972 5126 564 431 191 99 133 4562 4525 846 78 575 119 768 133 53 635 92 102 69 209 148 55 3950 1387
internal_count=6633 567 332 6066 297 5972 5126 564 431 191 99 133 4562 4525 846 78 575 119 768 133 53 635 92 102 69 209 148 55 3950 1387
is_linear=0
shrinkage=0.04


Tree=111
num_leaves=31
num_cat=0
split_feature=11 16 10 4 0 19 16 18 6 7 5 7 18 11 5 12 6 19 4 11 3 7 5 14 11 4 3 8 11 11
split_gain=0.948182 1.13321 2.54706 1.07432 0.930475 0.929547 1.80343 1.24262 1.33635 1.04053 1.38904 1.31574 1.291 1.75669 1.23272 2.64033 1.17092 1.0362 1.53331 1.48036 1.09265 4.27303 3.34446 1.32919 1.43322 0.997404 1.74758 0.966974 3.43543 4.11946
threshold=-1.8499999999999999 22.500000000000004 7.1500000000000012 3.3500000000000001 38.300000000000004 -0.8783796973249266 1867.5000000000002 0.91597561503675351 1.4833333333333323 6.4354166666666677 5.3500000000000005 6.1062500000000011 0.60355339059327384 11.65 7.2500000000000009 82.500000000000014 3.3833333333333329 -0.60785761079279388 2.6500000000000008 3.0500000000000003 13.65 13.293750000000001 13.450000000000001 150.50000000000003 19.650000000000002 2.6500000000000008 3.1500000000000008 15.950000000000001 15.950000000000001 3.3500000000000001
decision_type=2 2 2 2 2 2 2 2 2 2 2 2 2 2 2 2 2 2 2 2 2 2 2 2 2 2 2 2 2 2
left_child=1 2 3 -1 5 6 9 17 -9 10 11 16 13 14 15 -12 25 18 19 -7 27 22 -22 24 -23 -2 -27 -19 29 -29
right_child=4 -3 -4 -5 -6 7 -8 8 -10 -11 12 -13 -14 -15 -16 -17 -18 20 -20 -21 21 23 -24 -25 -26 26 -28 28 -30 -31
leaf_value=-0.0009350417754142885 0.0019222494736686395 0.0090696131595469302 0.019244050784175307 -0.007281241266622958 0.17260983425421131 -0.0090138708180924898 -0.014058262716163035 -0.0064104049873270706 -0.0012710739090662088 0.003792600858769769 -0.0012880873394488265 -0.013177598663662034 0.002844770536468858 -0.022780108756017152 0.0007841122060432505 -0.062357808090989446 0.015465218451023723 0.00065144814216980154 0.011958736269817987 0.00020354180647521732 -0.0053500888278364203 -0.047850607523943135 -0.031534177480444694 0.050733504070889723 0.058742201182958607 -0.01262688293047981 0.00054178193235795622 0.0011710774074588873 0.017383988457290091 -0.065180332775110164
leaf_weight=25 36 400 116 26 94 42 37 56 613 330 29 28 29 28 52 25 154 3196 581 89 148 29 32 164 41 35 43 26 92 37
leaf_count=25 36 400 116 26 94 42 37 56 613 330 29 28 29 28 52 25 154 3196 581 89 148 29 32 164 41 35 43 26 92 37
internal_value=0.000176666 0.00173944 -0.00102381 -0.00838462 3.03282e-05 -3.21445e-05 -0.0012769 0.000167865 -0.00143881 -0.000865823 -0.00209565 -0.000457912 -0.00504878 -0.0066963 -0.00426168 -0.00843636 0.000416357 0.000408218 0.00180645 -0.00209091 0.000143388 -0.00179277 -0.00640884 0.00177021 -0.0028169 -0.00264348 -0.00516456 0.000383055 -0.00269231 -0.0098125
internal_weight=6633 567 167 51 6066 5972 826 5146 669 789 459 296 163 134 106 54 268 4477 712 131 3765 414 180 234 70 114 78 3351 155 63
internal_count=6633 567 167 51 6066 5972 826 5146 669 789 459 296 163 134 106 54 268 4477 712 131 3765 414 180 234 70 114 78 3351 155 63
is_linear=0
shrinkage=0.04


Tree=112
num_leaves=31
num_cat=0
split_feature=11 16 10 4 8 17 7 7 2 2 19 11 4 4 14 4 4 13 11 7 4 1 8 12 5 8 4 16 11 6
split_gain=0.848507 0.945831 2.19229 1.3974 0.809811 0.81505 1.02245 1.36987 0.935553 0.885027 0.679788 1.29207 1.00808 1.35043 0.897949 0.889725 3.00275 1.44522 0.779707 0.704173 1.30644 2.50503 2.00424 0.770445 0.734318 1.35798 1.33018 0.71601 1.3034 1.45003
threshold=-1.8499999999999999 22.500000000000004 7.1500000000000012 3.3500000000000001 41.250000000000007 0.60355339059327384 22.343750000000004 26.668749999999999 16.850000000000005 16.350000000000005 0.87837969732492682 0.8500000000000002 9.9500000000000011 10.950000000000001 179.50000000000003 1.2500000000000002 1.0500000000000003 2.5500000000000003 0.75000000000000011 3.3687500000000008 2.7500000000000004 8.6500000000000004 6.2500000000000009 67.500000000000014 1.5500000000000003 7.4500000000000011 6.4500000000000011 777.50000000000011 10.15 7.1249999999999973
decision_type=2 2 2 2 2 2 2 2 2 2 2 2 2 2 2 2 2 2 2 2 2 2 2 2 2 2 2 2 2 2
left_child=1 2 3 -1 5 6 8 -8 9 10 15 14 -13 -14 -12 16 17 -2 -17 -20 21 22 23 -21 25 26 -22 28 29 -26
right_child=4 -3 -4 -5 -6 -7 7 -9 -10 -11 11 12 13 -15 -16 18 -18 -19 19 20 24 -23 -24 -25 27 -27 -28 -29 -30 -31
leaf_value=-0.00089764010439771379 -0.0045403828137087392 0.0087068286331650532 0.0184742887528083 -0.0069899916159580381 0.16222278474314344 0.0017139508070120951 -0.045292721227737143 0.0022669688395864029 0.013951079911728869 -0.016423338815561791 0.001327596848988064 0.0049251917057918952 -0.018144342166750541 0.0010435939367403021 -0.055791255219148107 0.0034336661654454613 -0.023363835374262246 0.0018395584343107241 0.00095687623988661616 -0.0088919625502830897 -0.0013842121743246733 -0.033986884164344915 0.051208036025101322 -0.0046642509418576544 0.00021193894269013993 0.037416416687774422 -0.010520701704707709 -0.0023456958085261341 0.0067689025751900079 -0.0064410191608156578
leaf_weight=25 32 400 116 26 86 1736 31 46 195 33 25 447 30 50 29 292 40 78 468 28 54 26 53 46 542 31 50 695 641 282
leaf_count=25 32 400 116 26 86 1736 31 46 195 33 25 447 30 50 29 292 40 78 468 28 54 26 53 46 542 31 50 695 641 282
internal_value=0.000261079 0.00173944 -0.000785714 -0.00761538 0.000122631 6.68786e-05 -0.000231802 -0.00476923 -0.000146833 -0.000279889 -0.000224365 0.0010378 0.00164394 -0.00246914 -0.0048 -0.000442989 -0.00344371 1.47669e-10 -0.000301651 -0.000499143 -0.000770927 -0.00433766 -0.00196875 -0.00618667 -0.000531359 -0.00338235 -0.0055619 -0.000351689 0.000150068 -0.000901818
internal_weight=6633 567 167 51 6066 5980 4244 77 4167 3972 3939 581 527 80 54 3358 150 110 3208 2916 2448 153 127 74 2295 135 104 2160 1465 824
internal_count=6633 567 167 51 6066 5980 4244 77 4167 3972 3939 581 527 80 54 3358 150 110 3208 2916 2448 153 127 74 2295 135 104 2160 1465 824
is_linear=0
shrinkage=0.04


Tree=113
num_leaves=31
num_cat=0
split_feature=18 4 16 2 12 2 13 11 18 4 4 9 2 13 11 0 12 14 13 10 14 14 11 4 17 11 18 9 4 13
split_gain=0.836839 0.904911 2.20319 0.974659 0.90132 1.28671 1.41546 1.84326 1.85841 1.53081 1.07285 1.14443 0.887839 1.36807 0.706919 1.72696 0.945753 0.997846 1.3593 1.57767 0.912256 0.882515 2.02311 2.36205 1.68592 1.40043 1.25377 1.33298 1.13513 2.02017
threshold=0.91597561503675351 16.650000000000002 1132.5000000000002 0.65000000000000002 86.500000000000014 5.0500000000000007 6.2500000000000009 4.5500000000000007 1.0000000180025095e-35 2.8500000000000001 8.5500000000000025 59.500000000000007 7.7500000000000009 1.0500000000000003 3.7500000000000004 2.6500000000000008 74.500000000000014 163.50000000000003 2.9500000000000006 12.450000000000001 274.50000000000006 246.50000000000003 12.450000000000001 12.050000000000002 0.25881904510252091 20.150000000000002 -0.3794095225512602 66.500000000000014 10.050000000000002 10.050000000000002
decision_type=2 2 2 2 2 2 2 2 2 2 2 2 2 2 2 2 2 2 2 2 2 2 2 2 2 2 2 2 2 2
left_child=4 3 -3 -2 14 -6 7 8 9 -7 12 -12 13 -11 15 -1 -17 -18 -19 -20 21 26 -23 24 -24 -26 -16 -28 -29 -30
right_child=1 2 -4 -5 5 6 -8 -9 -10 10 11 -13 -14 -15 20 16 17 18 19 -21 -22 22 23 -25 25 -27 27 28 29 -31
leaf_value=-0.00050922806464290336 -0.0061074345251731065 0.01571088101708315 -0.02218752718760357 -0.00015150911657424876 0.0016718737119838221 -0.025561536024301067 -0.010984269207319392 0.005259697852624202 0.012266610505176308 -0.0076184340276537702 -0.016463199423475607 -0.0011014763860430154 0.00077987818667206302 0.00032391748161017308 0.0022880742650438599 0.026905709963002376 0.018961505057429415 0.0053115785482810906 -0.00036531318359429052 -0.0564572772139951 0.004097052324107957 0.011080928578298602 -0.022459550797375539 0.012481584658721715 -0.024605881919707855 0.091816254827748717 -0.0057439012503519883 0.0012635308042647326 -0.0006222088248862528 -0.0075567378532768953
leaf_weight=309 31 35 33 717 326 50 30 152 75 27 26 26 99 32 990 459 281 273 120 40 638 89 28 31 44 25 386 833 351 77
leaf_count=309 31 35 33 717 326 50 30 152 75 27 26 26 99 32 990 459 281 273 120 40 638 89 28 31 44 25 386 833 351 77
internal_value=0.00024902 -0.000949816 -0.00533333 -0.000544726 0.000417326 -0.000791469 -0.00203089 -0.0015 -0.00315476 -0.00475096 -0.00322275 -0.00815094 -0.00155975 -0.0054 0.000622312 0.00135401 0.00205451 0.00114126 -6.4516e-05 -0.00298137 0.00031148 5.60435e-06 -0.00244037 -0.00564341 -0.00869388 -0.0052 0.000207733 -0.000468446 0.000161648 -0.00151049
internal_weight=6633 816 68 748 5817 843 517 487 335 260 210 52 158 59 4974 1482 1173 714 433 160 3492 2854 217 128 97 69 2637 1647 1261 428
internal_count=6633 816 68 748 5817 843 517 487 335 260 210 52 158 59 4974 1482 1173 714 433 160 3492 2854 217 128 97 69 2637 1647 1261 428
is_linear=0
shrinkage=0.04


Tree=114
num_leaves=31
num_cat=0
split_feature=0 17 7 14 2 7 10 12 11 6 18 18 17 4 16 4 16 16 7 7 11 3 14 6 7 12 1 7 19 7
split_gain=0.809826 0.795936 1.09691 1.61726 0.782729 0.898281 0.756036 0.725322 0.709943 0.956886 1.03681 0.716818 0.927573 0.867696 1.63723 0.956921 0.88333 1.20239 0.840472 1.39078 0.825036 0.737547 0.737312 0.676012 0.674596 0.876461 1.05498 0.966631 0.921678 2.58328
threshold=38.300000000000004 0.60355339059327384 22.343750000000004 149.50000000000003 16.650000000000002 11.281250000000002 16.350000000000005 21.500000000000004 -1.1499999999999997 2.4666666666666637 -0.60355339059327384 -0.3794095225512602 1.0000000180025095e-35 1.2500000000000002 582.50000000000011 2.0500000000000003 42.500000000000007 32.500000000000007 4.7062500000000007 5.3645833333333348 4.2500000000000009 3.7500000000000004 8.5000000000000018 2.0333333333333328 9.7854166666666682 81.500000000000014 16.350000000000005 12.227083333333335 0.6078576107927941 12.531250000000002
decision_type=2 2 2 2 2 2 2 2 2 2 2 2 2 2 2 2 2 2 2 2 2 2 2 2 2 2 2 2 2 2
left_child=1 2 4 -4 6 -6 7 -1 9 10 -9 12 -10 14 23 -15 17 18 -17 -20 -18 -19 -22 -13 -3 28 27 -27 -26 -30
right_child=-2 24 3 -5 5 -7 -8 8 11 -11 -12 13 -14 15 -16 16 20 21 19 -21 22 -23 -24 -25 25 26 -28 -29 29 -31
leaf_value=0.0013606847018427894 0.15968496549626282 0.0044193489183676797 -0.036350610024274511 0.01270029006055438 -0.0028854003220764556 0.042765587802699886 0.023283367050651656 -0.0038902109733229945 0.0013620977966071594 0.0049401624078378335 0.0019712975341765085 -0.0067990168341202882 -0.0017542174430786831 0.0018044516817170267 0.0031730680690525391 0.0047216937976857351 0.0018257074781541768 -0.01019289109069272 -0.007071950944337174 -0.00032793429834905271 0.026785432319745627 -0.0027968273815334368 -0.0025318836163892083 -0.011623498103859301 0.0036648838016736375 -0.00015523441701443467 0.00089142665495430028 -0.010806882887685791 -0.02332276189711616 0.04158221033204601
leaf_weight=263 94 1505 38 33 30 176 107 44 832 348 41 30 564 121 30 55 270 28 25 62 45 39 1421 25 232 26 25 25 52 47
leaf_count=263 94 1505 38 33 30 176 107 44 832 348 41 30 564 121 30 55 270 28 25 62 45 39 1421 25 232 26 25 25 52 47
internal_value=0.000291227 0.000237921 -4.5808e-05 -0.00494444 3.15999e-05 0.00243478 -8.27394e-05 -0.000166824 -0.000301432 0.00122581 -0.00255814 -0.000488162 0.000217609 -0.000946096 -0.00488372 -0.000781809 -0.000996917 -0.00344762 -0.00134266 -0.00377273 -0.000700057 -0.00782353 -0.0010743 -0.00892857 0.000924203 -0.000519608 -0.00436364 -0.00761538 0.000373494 -0.00284
internal_weight=6633 6539 4627 71 4556 206 4350 4243 3980 433 85 3547 1396 2151 85 2066 1945 209 142 87 1736 67 1466 55 1912 407 76 51 331 99
internal_count=6633 6539 4627 71 4556 206 4350 4243 3980 433 85 3547 1396 2151 85 2066 1945 209 142 87 1736 67 1466 55 1912 407 76 51 331 99
is_linear=0
shrinkage=0.04


Tree=115
num_leaves=31
num_cat=0
split_feature=7 7 10 20 11 3 7 11 3 11 9 12 10 13 17 15 17 12 7 9 12 9 13 7 18 0 14 17 18 14
split_gain=0.810774 0.947603 1.7803 0.657148 1.51096 1.13379 1.12812 3.20133 1.81605 0.950986 2.30374 1.85655 1.36063 0.935846 1.6058 1.56176 1.82824 1.2483 1.03628 1.02606 1.61198 2.68626 1.89361 1.74817 1.59136 1.01299 1.13527 1.2904 0.924434 0.76291
threshold=30.906250000000004 22.343750000000004 10.450000000000001 -0.22252093395631442 -2.0499999999999994 8.8500000000000032 10.102083333333335 18.150000000000002 7.1500000000000012 -3.3499999999999992 68.500000000000014 78.500000000000014 6.3500000000000005 1.0500000000000003 -0.25881904510252113 1.0000000180025095e-35 0.78656609248549325 87.500000000000014 11.593750000000002 80.500000000000014 50.500000000000007 61.500000000000007 6.2500000000000009 5.8375000000000004 0.25881904510252057 19.650000000000002 231.50000000000003 0.60355339059327384 0.91597561503675351 101.50000000000001
decision_type=2 2 2 2 2 2 2 2 2 2 2 2 2 2 2 2 2 2 2 2 2 2 2 2 2 2 2 2 2 2
left_child=1 3 -3 4 -1 6 9 -8 -9 10 -5 -12 -13 15 29 16 -6 -17 19 20 21 -16 28 24 -24 26 27 -20 -22 -15
right_child=-2 2 -4 5 13 -7 7 8 -10 -11 11 12 -14 14 18 17 -18 -19 25 -21 22 -23 23 -25 -26 -27 -28 -29 -30 -31
leaf_value=0.010048824177750737 0.048267889078987672 -0.024959425257242498 0.017390261180040618 0.0150646228853512 0.00074210217437243545 0.0027796410104982227 0.0016256889771102648 -0.034568197729597232 -0.0059378213731523678 0.00054398758477066452 0.0022131935887492156 -0.0073551165665537554 -0.014441734150051445 -0.011858593724752913 -0.034601307765827073 -0.0015777295922026666 -0.0072653345507646336 -0.019680828572223971 -0.0034361067471611242 0.018647129347301269 0.010503351779413821 0.0054461429006113235 -0.031803646892398951 0.011202610953992262 -0.00053312630044494462 0.3288465569727872 0.018536632257377453 -0.026957270296951334 -0.0057508690293673519 -0.00063740483300235812
leaf_weight=223 111 45 26 84 164 989 93 33 38 2339 42 33 29 288 38 25 50 27 37 267 616 84 29 53 33 41 35 43 40 681
leaf_count=223 111 45 26 84 164 989 93 33 38 2339 42 33 29 288 38 25 50 27 37 267 616 84 29 53 33 41 35 43 40 681
internal_value=0.000232635 0.000174686 -0.00438889 0.000225562 -0.000239279 0.000575931 0.000150074 -0.00305455 -0.00938889 0.000359177 -0.00237037 -0.00632381 -0.0106667 -0.000515674 -0.000253718 -0.00275655 -0.00122791 -0.00890566 0.000656037 0.00106804 0.000416108 -0.0038374 0.00109326 -0.00362069 -0.00812698 -0.0023949 -0.00431034 -0.00691358 0.0019239 -0.00148866
internal_weight=6636 6525 71 6454 2774 3680 2691 164 71 2527 188 104 62 2551 2285 266 214 52 1316 1160 893 122 771 115 62 156 115 80 656 969
internal_count=6636 6525 71 6454 2774 3680 2691 164 71 2527 188 104 62 2551 2285 266 214 52 1316 1160 893 122 771 115 62 156 115 80 656 969
is_linear=0
shrinkage=0.04


Tree=116
num_leaves=31
num_cat=0
split_feature=7 17 7 20 11 14 11 18 16 12 14 9 14 10 16 10 7 5 12 9 11 14 20 4 4 2 13 17 1 1
split_gain=0.813674 0.745937 1.11801 0.868037 0.907356 0.876803 0.811139 0.861632 1.1197 1.53855 2.38529 0.986713 1.38609 1.76321 1.2128 1.27367 1.68299 1.40053 0.795151 0.767891 1.42607 1.65997 1.25108 1.80144 1.08847 1.53464 1.04139 1.31679 1.33894 1.77143
threshold=30.906250000000004 0.37940952255126054 22.343750000000004 -0.22252093395631442 -0.6499999999999998 34.500000000000007 30.650000000000002 -0.12940952255126037 1607.5000000000002 33.500000000000007 277.50000000000006 70.500000000000014 170.50000000000003 4.4500000000000011 682.50000000000011 0.8500000000000002 3.1020833333333337 2.6500000000000008 81.500000000000014 68.500000000000014 -3.3499999999999992 274.50000000000006 0.81174490092936691 2.9500000000000006 6.4500000000000011 2.1500000000000008 6.7500000000000009 -0.25881904510252113 7.6500000000000012 4.7500000000000009
decision_type=2 2 2 2 2 2 2 2 2 2 2 2 2 2 2 2 2 2 2 2 2 2 2 2 2 2 2 2 2 2
left_child=1 2 3 4 -1 -5 7 -6 9 10 -9 12 13 -11 -13 -16 -17 -18 -15 22 -21 24 -7 -24 -22 -26 27 28 29 -27
right_child=-2 -3 -4 5 6 19 -8 8 -10 11 -12 14 -14 18 15 16 17 -19 -20 20 21 -23 23 -25 25 26 -28 -29 -30 -31
leaf_value=0.0026861857667850471 0.046337173515828181 0.00095237312477528761 -0.023511311756942023 0.014486810225618024 -9.1195533780089828e-05 0.0054862931373503652 0.080248956754362943 -0.0014923355933323518 0.00034749200300455057 -0.034558800510361407 -0.017960338808880053 0.0035294890432979744 0.0021457239806497454 -0.0011896140257681143 0.012754835459375261 0.0013135272626286798 -0.030781527303746722 -0.0066145375027774969 -0.018923688555055631 -0.0034080085838431198 0.00018159680990786621 0.0069165473218193267 -0.013869957489054651 0.00019200813778222345 -0.0090094414457377175 -0.007764837641256666 0.00052773921058448523 0.014081278439751129 -0.0055478272952510259 -0.015115251042838203
leaf_weight=187 111 2462 46 244 675 654 49 47 179 40 27 205 66 54 28 30 25 62 44 50 422 329 43 171 31 40 158 37 90 30
leaf_count=187 111 2462 46 244 675 654 49 47 179 40 27 205 66 54 28 30 25 62 44 50 422 329 43 171 31 40 158 37 90 30
internal_value=0.000226609 0.000168557 -0.00016437 -9.25832e-05 -0.000772542 0.000415652 -0.00109399 -0.00126231 -0.00214356 -0.002938 -0.00832 -0.00220541 -0.00440976 -0.00667626 -0.000911681 -0.00369863 -0.00552542 -0.00831818 -0.00371717 0.000145915 -0.000515151 -0.000221441 0.00104948 -0.0016 -0.00119654 -0.00272868 -0.00196629 -0.00389899 -0.00546584 -0.00957746
internal_weight=6636 6525 4063 4017 1718 2299 1531 1482 807 628 74 554 204 138 350 145 117 87 98 2055 1187 1137 868 214 808 386 355 197 160 70
internal_count=6636 6525 4063 4017 1718 2299 1531 1482 807 628 74 554 204 138 350 145 117 87 98 2055 1187 1137 868 214 808 386 355 197 160 70
is_linear=0
shrinkage=0.04


Tree=117
num_leaves=31
num_cat=0
split_feature=7 10 16 11 2 19 11 4 17 2 11 16 19 6 4 0 5 19 11 6 11 10 0 14 5 7 19 11 2 7
split_gain=0.918351 1.70537 1.19456 1.23503 3.41515 1.24104 0.837672 1.4898 1.11614 2.09655 1.4384 1.32965 0.999464 0.997224 0.831956 1.32276 1.17461 0.773019 1.01397 1.56152 1.97815 2.56056 1.01758 0.739 2.61788 0.912327 0.737486 1.05536 1.11502 2.06437
threshold=3.0312500000000004 12.950000000000001 562.50000000000011 19.550000000000004 12.050000000000002 -0.8783796973249266 14.550000000000002 19.650000000000002 -0.9159756150367534 5.2500000000000009 1.7500000000000002 92.500000000000014 1.0000000180025095e-35 6.4749999999999979 17.150000000000002 9.1500000000000004 7.5500000000000007 -0.8783796973249266 1.7500000000000002 1.5333333333333299 0.45000000000000007 7.6500000000000012 5.1500000000000012 239.50000000000003 5.8500000000000005 9.7854166666666682 -0.60785761079279388 9.1500000000000004 5.8500000000000005 6.8937500000000007
decision_type=2 2 2 2 2 2 2 2 2 2 2 2 2 2 2 2 2 2 2 2 2 2 2 2 2 2 2 2 2 2
left_child=1 17 6 4 26 14 7 8 9 -2 -11 -12 -13 23 15 16 -5 -1 19 -19 -21 -22 -20 25 -25 -8 -4 -28 29 -29
right_child=2 -3 3 5 -6 -7 13 -9 -10 10 11 12 -14 -15 -16 -17 -18 18 22 20 21 -23 -24 24 -26 -27 27 28 -30 -31
leaf_value=0.0018736180198011237 0.0024369094799613768 -0.0092892598536221688 0.0017717445113633033 -0.012853577863637109 -0.04678137505254415 0.0013815241922269812 0.0093286172559691998 -0.010574550172593646 0.00075314411761021754 0.0019901934943519716 -0.024799045515219467 -0.037915706612649695 0.0081197848015177859 0.032568516974181602 0.0042455063358624407 -0.036969544903563516 0.0011438068539487672 -0.0026765276066317042 0.00039831224332946308 1.446511634533143e-05 -0.00024376705694699287 -0.02375903040044821 -0.027979220476827209 0.0030381799580132701 -0.044365280177850366 -0.0097003197931865327 0.00048833259624577418 -0.0048120053785589761 0.0024888855720073925 -0.029968710777819724
leaf_weight=124 151 44 140 31 53 755 254 49 2605 28 38 33 35 948 27 25 27 27 464 203 42 25 28 51 35 34 151 108 73 28
leaf_count=124 151 44 140 31 53 755 254 49 2605 28 38 33 35 948 27 25 27 27 464 203 42 25 28 51 35 34 151 108 73 28
internal_value=0.000214555 -0.000931106 0.000407747 -0.000597604 -0.0020722 0.00034642 0.000742375 0.000365987 0.000484262 -0.00188811 -0.00551111 -0.00762617 -0.00417391 0.00157823 -0.0036036 -0.00557143 -0.00216949 -0.000555799 -0.00101772 -0.00285906 -0.00191882 -0.00782353 9.73632e-05 -0.000170667 -0.0034023 0.000802768 -0.00103792 -0.00199446 -0.00382857 -0.0059562
internal_weight=6636 957 5679 1418 553 865 4261 2939 2890 285 134 106 68 1322 110 83 58 913 789 297 270 67 492 374 86 288 500 360 209 136
internal_count=6636 957 5679 1418 553 865 4261 2939 2890 285 134 106 68 1322 110 83 58 913 789 297 270 67 492 374 86 288 500 360 209 136
is_linear=0
shrinkage=0.04


Tree=118
num_leaves=31
num_cat=0
split_feature=7 7 17 5 3 19 3 6 9 16 13 17 5 19 7 3 16 19 11 9 11 5 13 19 6 12 13 2 18 11
split_gain=0.80499 0.952697 1.19795 0.778562 0.97365 0.728581 0.889591 1.951 1.86703 0.810606 0.787092 0.845335 1.11055 1.55811 1.20386 0.789458 0.775529 0.61629 1.51178 5.78545 1.25067 1.04956 0.966119 1.24871 0.82516 1.20443 1.68481 0.752693 0.701298 1.21106
threshold=30.906250000000004 22.343750000000004 -0.25881904510252113 2.1500000000000008 0.75000000000000011 1.0000000180025095e-35 6.1500000000000012 7.1249999999999973 68.500000000000014 1987.5000000000002 0.8500000000000002 -0.78656609248549292 0.95000000000000007 0.6078576107927941 3.0312500000000004 2.7500000000000004 42.500000000000007 0.87837969732492682 -0.34999999999999992 69.500000000000014 -0.34999999999999992 3.5500000000000003 0.75000000000000011 1.0000000180025095e-35 1.3666666666666625 72.500000000000014 10.15 4.8500000000000005 -0.3794095225512602 17.850000000000005
decision_type=2 2 2 2 2 2 2 2 2 2 2 2 2 2 2 2 2 2 2 2 2 2 2 2 2 2 2 2 2 2
left_child=1 3 -3 4 -1 6 -6 8 -8 10 -7 15 -13 14 -14 -12 -15 20 19 -19 22 28 23 27 25 26 -22 -5 -20 -30
right_child=-2 2 -4 17 5 9 7 -9 -10 -11 11 12 13 16 -16 -17 -18 18 21 -21 24 -23 -24 -25 -26 -27 -28 -29 29 -31
leaf_value=-0.005899250750949942 0.044168277917018703 -0.026070297570704854 0.0013318439448918348 -0.0021266931266824005 0.0017076279641553146 0.0033819292498218352 -0.011930871325488042 0.0077825332818168679 -0.0028397733785457801 0.022934104453006074 -0.0026742882078438441 0.0003528758016633119 -0.015594789351245064 -0.01060130301947227 -0.032813330315246303 0.010449381530162479 -0.00071002378815982359 0.0040114674782914519 0.0039079599695284011 -0.068689961399302821 -0.0079507897132656095 0.025374493609820897 0.0092644500729904301 -0.0071005150413371359 0.00010637276564083382 0.0018973384837387768 -0.00042125608577082898 0.011889602646298599 -0.014015744344739251 0.081533950989851056
leaf_weight=25 111 30 41 29 390 38 26 70 41 34 41 44 32 40 25 44 86 83 36 28 28 510 470 34 4038 48 38 72 72 32
leaf_count=25 111 30 41 29 390 38 26 70 41 34 41 44 32 40 25 44 86 83 36 28 28 510 470 34 4038 48 38 72 72 32
internal_value=0.000244689 0.000186945 -0.00438889 0.000237955 -0.000828175 -0.000609649 0.000356061 -0.0024058 -0.00723529 -0.00193247 -0.00250712 -0.00316933 -0.0044386 -0.00580435 -0.0112414 0.000232558 -0.00327559 0.000418917 0.00147507 -0.00282143 0.000249685 0.00221198 0.00194719 -0.00102941 1.92647e-06 -0.00333913 -0.00680597 0.00121569 -0.000851064 -0.00251429
internal_weight=6636 6525 71 6454 936 911 527 137 67 384 350 312 227 183 57 85 126 5518 761 111 4757 650 605 135 4152 114 66 101 140 104
internal_count=6636 6525 71 6454 936 911 527 137 67 384 350 312 227 183 57 85 126 5518 761 111 4757 650 605 135 4152 114 66 101 140 104
is_linear=0
shrinkage=0.04


Tree=119
num_leaves=31
num_cat=0
split_feature=12 3 0 19 8 8 19 11 9 5 11 1 12 11 12 6 0 12 5 18 9 2 3 0 0 11 2 0 12 8
split_gain=0.807645 2.03301 0.849478 0.64149 1.44264 1.65937 0.860107 1.11004 2.7961 0.938774 0.853565 2.38571 1.74447 1.86504 1.3974 1.19849 1.36587 1.122 1.52355 2.07047 2.92037 2.0234 2.90631 2.53511 1.41812 1.29842 1.20023 1.11969 1.22146 0.839018
threshold=92.500000000000014 11.15 34.100000000000001 -0.60785761079279388 24.350000000000005 6.4500000000000011 0.87837969732492682 -0.84999999999999998 68.500000000000014 3.6500000000000008 2.7500000000000004 1.5500000000000003 78.500000000000014 -6.8499999999999988 84.500000000000014 4.1916666666666655 13.15 39.500000000000007 1.6500000000000001 0.1294095225512602 70.500000000000014 11.050000000000002 8.8500000000000032 9.6500000000000004 12.850000000000003 12.250000000000002 14.250000000000002 13.450000000000001 61.500000000000007 13.450000000000001
decision_type=2 2 2 2 2 2 2 2 2 2 2 2 2 2 2 2 2 2 2 2 2 2 2 2 2 2 2 2 2 2
left_child=2 -2 3 4 5 -1 10 8 -8 -9 11 14 -13 -14 -5 -15 -17 29 19 -19 -21 24 -23 -24 -20 26 -25 28 -27 -12
right_child=1 -3 -4 6 -6 -7 7 9 -10 -11 17 12 13 15 -16 16 -18 18 21 20 -22 22 23 25 -26 27 -28 -29 -30 -31
leaf_value=-6.8413530849248427e-05 0.0014733309811745168 -0.009748608963089404 0.15142655447507061 -0.007278298293834912 -0.041082385236898673 0.016470993411005008 0.0086817421219330081 -0.00031774612312064101 -0.054232422456020356 0.024583980432141633 0.0001399747020331761 0.01209115606556314 -0.0045884346735723123 -0.0050438679722462189 0.00016568093486836539 0.016824380664052698 -0.00088861372920224667 0.0021478478517990311 0.00018225440827854538 -0.029078339489648958 -0.0026450844989903593 -0.042805517809642125 -0.016123423269494307 5.9887145761231364e-05 -0.047832070119525442 -0.035473459655148122 -0.059822863723138942 0.014569128768676692 0.0010514636295492616 0.058060032445919986
leaf_weight=938 88 47 100 26 25 867 68 312 39 494 621 384 32 214 25 297 25 43 1332 29 67 31 40 25 27 34 25 220 36 125
leaf_count=938 88 47 100 26 25 867 68 312 39 494 621 384 32 214 25 297 25 43 1332 29 67 31 40 25 27 34 25 220 36 125
internal_value=0.000256743 -0.00279412 0.000320517 0.000263043 0.000895686 0.0010299 9.62395e-06 0.00110722 -0.0027037 0.00161586 -0.000264553 0.000729084 0.00118363 -0.000224956 -0.00761538 0.000342644 0.00188235 -0.00064006 -0.00115393 -0.00517143 -0.00841237 -0.000835686 -0.00329126 -0.00230971 -9.11763e-05 -0.00117302 -0.00705882 -0.000137457 -0.00450704 0.000674699
internal_weight=6636 135 6501 6401 1830 1805 4571 913 107 806 3658 1003 952 568 51 536 322 2655 1909 139 96 1770 411 380 1359 340 50 290 70 746
internal_count=6636 135 6501 6401 1830 1805 4571 913 107 806 3658 1003 952 568 51 536 322 2655 1909 139 96 1770 411 380 1359 340 50 290 70 746
is_linear=0
shrinkage=0.04


Tree=120
num_leaves=31
num_cat=0
split_feature=5 12 4 13 10 2 11 9 3 7 7 7 5 10 18 8 10 11 12 9 16 7 6 13 4 9 7 9 9 11
split_gain=1.35594 0.832871 1.70579 1.43892 1.23527 1.54982 2.13993 2.55811 1.06585 1.2706 2.3556 1.06655 1.00291 1.84598 0.899883 0.687615 1.19173 0.922847 1.55921 0.824693 1.15329 1.4543 2.40562 1.06001 0.854928 1.0356 0.811622 0.78025 0.650012 0.635157
threshold=18.750000000000004 86.500000000000014 14.65 1.0500000000000003 11.15 5.6500000000000012 3.2500000000000004 64.500000000000014 2.2500000000000004 6.4354166666666677 4.7062500000000007 8.3604166666666675 17.550000000000004 7.2500000000000009 -0.78656609248549325 2.3500000000000001 7.7500000000000009 2.9500000000000006 73.500000000000014 70.500000000000014 42.500000000000007 8.3604166666666675 4.5333333333333314 2.8500000000000001 1.4500000000000002 62.500000000000007 2.3145833333333337 40.500000000000007 120.50000000000001 -3.3499999999999992
decision_type=2 2 2 2 2 2 2 2 2 2 2 2 2 2 2 2 2 2 2 2 2 2 2 2 2 2 2 2 2 2
left_child=1 12 3 8 5 -5 7 14 -3 10 -10 -11 15 -14 -7 16 29 18 -17 24 21 22 23 -21 25 -20 -22 -19 -29 -1
right_child=-2 2 -4 4 -6 6 -8 -9 9 11 -12 -13 13 -15 -16 17 -18 27 19 20 26 -23 -24 -25 -26 -27 -28 28 -30 -31
leaf_value=-0.0025440968482110839 0.0091620779124746525 0.0033756961814733304 -0.010210228274645371 0.0017607623714399701 0.017466362577164437 -0.020817459053729528 0.00013999707772141895 0.00036246413295113573 -0.0071929114418078453 0.012823529930215176 -0.015099330256229497 -0.0039023692341919108 -0.031109152846689747 0.0010626519376794614 -0.010452499383035297 0.017109584036588948 -0.0076882260610033346 0.07102041112219562 -0.021516874683869581 0.01109526912739852 -0.0012312506315305368 0.021472677665077031 -0.051125817947116639 -0.0045381034929067648 0.0078592030955420295 0.0221983173079023 0.013424993754632757 4.5796105634968885e-05 0.11018642823161404 -0.00015601016790354628
leaf_weight=32 310 25 39 247 164 28 132 35 40 55 35 31 30 28 27 427 37 105 28 32 25 28 43 25 465 26 125 3306 68 649
leaf_count=32 310 25 39 247 164 28 132 35 40 55 35 31 30 28 27 427 37 105 28 32 25 28 43 25 465 26 125 3306 68 649
internal_value=0.000250903 0.00012433 -0.00103376 -0.000639024 0.000271294 -0.000774468 -0.00319282 -0.00791209 -0.00372192 -0.00491358 -0.00868421 -0.00156322 0.00030584 -0.00488136 -0.0132143 0.000362228 -0.000789986 0.000538265 0.00148245 0.00043609 -0.001319 -0.00409302 -0.00633663 -0.000896552 0.00137692 -0.00334545 0.0010596 0.000205747 9.95557e-05 -0.000404692
internal_weight=6647 6337 858 819 633 469 222 90 186 161 75 86 5479 58 55 5421 718 4703 1224 797 278 128 100 57 519 54 150 3479 3374 681
internal_count=6647 6337 858 819 633 469 222 90 186 161 75 86 5479 58 55 5421 718 4703 1224 797 278 128 100 57 519 54 150 3479 3374 681
is_linear=0
shrinkage=0.04


Tree=121
num_leaves=31
num_cat=0
split_feature=5 14 9 13 18 2 16 7 10 9 14 4 12 3 5 19 18 0 7 16 0 12 3 12 14 4 12 10 7 7
split_gain=1.05379 0.687886 0.92945 1.24965 0.880352 0.661556 0.888369 0.726416 0.584092 1.15378 0.94946 1.86082 0.811813 1.22886 0.613655 1.0804 0.987301 1.39378 1.68008 1.6792 0.909246 0.667293 0.585288 0.957581 0.85275 1.13526 1.24375 0.952939 1.45244 0.902453
threshold=18.750000000000004 275.50000000000006 99.500000000000014 3.4500000000000006 0.98296291314453421 3.4500000000000006 807.50000000000011 10.583333333333336 16.250000000000004 69.500000000000014 205.50000000000003 3.5500000000000003 92.500000000000014 12.350000000000003 13.750000000000002 0.87837969732492682 -0.70710678118654757 13.050000000000002 10.025000000000002 57.500000000000007 22.350000000000005 52.500000000000007 2.5500000000000003 85.500000000000014 80.500000000000014 8.8500000000000032 56.500000000000007 3.3500000000000001 2.277083333333334 2.9354166666666672
decision_type=2 2 2 2 2 2 2 2 2 2 2 2 2 2 2 2 2 2 2 2 2 2 2 2 2 2 2 2 2 2
left_child=1 8 4 -4 -3 -5 -7 -8 12 10 -10 -12 14 -14 20 16 -16 18 -18 -20 22 -19 23 24 -1 26 -26 28 -28 -29
right_child=-2 2 3 5 -6 6 7 -9 9 -11 11 -13 13 -15 15 -17 17 21 19 -21 -22 -23 -24 -25 25 -27 27 29 -30 -31
leaf_value=0.0037939418856761924 0.0087955947959756694 0.0041181954108036227 -0.0078514813347790001 0.017816108061200913 -0.013948598035541824 0.014276226187228781 -0.01047238130763851 -0.0086847792989305072 0.058957419199020533 -0.062100595779278206 -0.017763541149589938 0.041637859863546796 7.9120720646902736e-05 -0.0095041576498856757 0.00059023058226213908 0.066041694368887252 -0.00025166426918044862 0.095700883092149636 -0.0013483826636123731 -0.022949778549491685 -0.036195621043259664 -0.0079703883535628874 0.00046547427294605178 0.0024481672147508697 0.00083998235361822148 -0.028827535329467281 8.3505520553181019e-06 -0.0044882405078089573 -0.023642153534409221 0.00035357687283724018
leaf_weight=85 310 796 41 51 39 28 26 28 220 42 25 37 55 30 108 58 34 31 28 32 46 47 3542 143 217 34 28 229 33 224
leaf_count=85 310 796 41 51 39 28 26 28 220 42 25 37 55 30 108 58 34 31 28 32 46 47 3542 143 217 34 28 229 33 224
internal_value=0.000299037 0.000187441 0.00114455 -0.00150857 0.00169856 0.00038806 -0.00183133 -0.0048 6.00503e-06 0.00164923 0.00257244 -0.00177778 -0.000100699 -0.00395349 -3.33332e-05 -0.00167552 -0.00270463 -0.00457803 -0.00783158 -0.0118033 8.81713e-05 -0.000607595 0.000145503 -0.000712273 -0.00122209 -0.00164491 -0.00130601 -0.0023767 -0.00703226 -0.00173568
internal_weight=6647 6337 1009 174 835 133 82 54 5328 324 282 62 5004 85 4919 338 280 172 94 60 4581 78 4535 993 850 765 731 514 61 453
internal_count=6647 6337 1009 174 835 133 82 54 5328 324 282 62 5004 85 4919 338 280 172 94 60 4581 78 4535 993 850 765 731 514 61 453
is_linear=0
shrinkage=0.04


Tree=122
num_leaves=31
num_cat=0
split_feature=5 11 10 9 9 8 5 5 0 8 6 12 13 11 10 12 11 19 16 3 13 4 3 16 19 3 10 11 19 11
split_gain=0.794516 0.722724 0.649389 0.891867 0.665748 0.690325 1.05581 0.806504 0.812724 1.21476 1.48654 0.662675 1.56282 0.630942 1.72695 0.620687 0.991091 1.33014 2.2146 1.40021 0.960283 1.23932 1.27577 0.994115 0.922057 0.854959 0.85413 1.23945 1.62379 1.15711
threshold=18.750000000000004 10.550000000000002 16.250000000000004 69.500000000000014 120.50000000000001 27.150000000000002 12.050000000000002 16.850000000000005 15.450000000000001 16.850000000000005 12.891666666666669 88.500000000000014 1.0500000000000003 15.950000000000001 7.1500000000000012 80.500000000000014 3.7500000000000004 0.87837969732492682 52.500000000000007 5.5500000000000007 2.5500000000000003 1.2500000000000002 2.5500000000000003 22.500000000000004 0.87837969732492682 9.9500000000000011 5.9500000000000011 0.75000000000000011 0.6078576107927941 0.25000000000000006
decision_type=2 2 2 2 2 2 2 2 2 2 2 2 2 2 2 2 2 2 2 2 2 2 2 2 2 2 2 2 2 2
left_child=2 -2 4 11 5 7 -7 8 9 15 -11 -4 -13 14 -10 16 17 -1 19 -19 21 23 -23 -17 26 -22 29 -28 -29 -24
right_child=1 -3 3 -5 -6 6 -8 -9 13 10 -12 12 -14 -15 -16 20 -18 18 -20 -21 25 22 24 -25 -26 -27 27 28 -30 -31
leaf_value=0.0045317099353609181 -0.00062839859066266565 0.026661497951061083 0.053613175640439423 -0.057551216319444799 0.073587967945414987 -0.031731245221110732 0.11130127057539074 -0.002758805424079469 -0.030948166282941961 0.0069162903860576254 -0.02011612224132946 -0.01705299950360634 0.051213378591170672 0.10367963267236727 0.06359762131068028 -0.001293205223825227 0.00020215174771741906 -0.0047503643242304367 0.0029740597968351346 -0.059917742644222061 0.00096971063794490376 0.0033648284036863524 -0.0065286875126571884 -0.0059883655337558319 0.025893969601344095 -0.0030039115914446395 0.0021465226320101635 -0.0021397772236498255 -0.01266410654340689 -0.00033604446303777568
leaf_weight=733 43 267 223 43 72 29 29 103 29 42 34 25 43 157 68 31 3019 37 70 25 798 117 31 25 69 101 144 168 28 44
leaf_count=733 43 267 223 43 72 29 29 103 29 42 34 25 43 157 68 31 3019 37 70 25 798 117 31 25 69 101 144 168 28 44
internal_value=0.000341155 0.00231511 0.000244241 0.00195821 0.000148568 0.000101821 -0.00420339 0.000145046 0.000207936 0.000105855 -0.00488312 0.00275342 -0.000695652 0.00241569 -0.000122449 0.000176438 0.000446847 0.00163972 -0.00204511 -0.00749206 -0.000498394 -0.00165957 -0.00112292 -0.00729825 -0.00202887 0.000351111 -0.00274038 -0.00187683 -0.00393909 -0.00657895
internal_weight=6647 310 6337 334 6003 5931 58 5873 5770 5516 76 291 68 254 97 5440 3884 865 132 62 1556 657 601 56 484 899 415 340 196 75
internal_count=6647 310 6337 334 6003 5931 58 5873 5770 5516 76 291 68 254 97 5440 3884 865 132 62 1556 657 601 56 484 899 415 340 196 75
is_linear=0
shrinkage=0.04


Tree=123
num_leaves=31
num_cat=0
split_feature=5 4 10 19 9 18 5 4 4 20 4 0 17 12 1 13 14 16 11 11 9 20 13 13 8 12 12 4 13 16
split_gain=0.773776 1.43986 1.07386 0.844893 1.06248 1.67251 1.73735 1.21585 0.978467 1.12978 1.0702 0.845309 0.735096 0.759583 0.840437 0.718419 1.14919 0.633327 0.959454 1.56582 1.13744 1.11154 2.00921 1.53445 0.844772 0.853549 0.682575 0.58266 1.91518 3.17332
threshold=10.15 23.250000000000004 12.050000000000002 -1.0000000180025095e-35 66.500000000000014 -0.70710678118654757 19.050000000000004 8.0500000000000025 9.3500000000000032 1.0000000180025095e-35 13.250000000000002 1.7500000000000002 0.60355339059327384 92.500000000000014 6.0500000000000007 4.6500000000000012 135.50000000000003 102.50000000000001 11.050000000000002 21.550000000000004 46.500000000000007 1.0000000180025095e-35 1.7500000000000002 4.7500000000000009 18.350000000000005 74.500000000000014 48.500000000000007 1.2500000000000002 2.5500000000000003 27.500000000000004
decision_type=2 2 2 2 2 2 2 2 2 2 2 2 2 2 2 2 2 2 2 2 2 2 2 2 2 2 2 2 2 2
left_child=1 12 3 11 5 -5 7 -7 -6 -10 -11 -2 13 27 -15 -12 -17 18 24 20 -20 22 -22 -23 25 -14 -24 28 29 -1
right_child=2 -3 -4 4 8 6 -8 -9 9 10 15 -13 17 14 -16 16 -18 -19 19 -21 21 23 26 -25 -26 -27 -28 -29 -30 -31
leaf_value=0.000252447814403526 -0.0072462738128809814 -0.023073563860513992 0.036406390221493057 0.0017391214842883795 0.018580272458516501 -0.0047850476014192293 0.00098767981702425228 -0.011925225399236506 0.033500478239702244 -0.015390013310218734 0.011448591111552504 0.0086827580623986753 0.045554782690314259 0.00080453005294253406 -0.0069723154613114237 -0.013807879427644134 0.00021181582981889219 0.017434339085092027 0.19650348067483353 0.010957429365899645 -0.018581551365559647 0.074380531776225264 -0.0474609285884409 -0.026548732980243912 -0.063113979657704988 0.0006395286937439516 -0.0027449824672680428 7.7132505465340732e-06 9.397271557446752e-05 -0.0058715643114436687
leaf_weight=32 26 27 304 121 180 49 43 43 73 48 60 439 158 27 39 25 46 374 27 92 26 41 27 25 29 562 47 3490 141 26
leaf_count=32 26 27 304 121 180 49 43 43 73 48 60 439 158 27 39 25 46 374 27 92 26 41 27 25 29 562 47 3490 141 26
internal_value=0.00027497 4.6234e-05 0.00108916 0.000530329 -0.000359942 -0.00239689 -0.00544118 -0.00851613 0.000849885 -0.000758893 -0.00246667 0.00184549 9.52751e-05 -0.000197018 -0.00441791 -0.000575757 -0.00327778 0.000874379 0.000363285 -0.00160839 -0.00364948 -0.00488623 -0.00752475 -0.000835821 0.00111467 0.00138696 -0.00405333 -0.000120325 -0.00222 -0.00827119
internal_weight=6647 5190 1457 1153 688 256 135 92 432 252 179 465 5163 3755 66 131 71 1408 1034 285 193 166 100 66 749 720 74 3689 199 58
internal_count=6647 5190 1457 1153 688 256 135 92 432 252 179 465 5163 3755 66 131 71 1408 1034 285 193 166 100 66 749 720 74 3689 199 58
is_linear=0
shrinkage=0.04


Tree=124
num_leaves=31
num_cat=0
split_feature=6 9 10 7 7 20 7 5 17 7 7 10 3 17 7 4 5 11 13 12 13 10 15 4 7 7 10 19 8 4
split_gain=0.809157 1.14572 1.85556 1.65565 1.16942 1.1347 2.74205 0.90738 0.791654 0.734603 0.66812 1.40351 0.618343 0.524102 0.911699 1.20866 0.998789 2.39083 0.907995 0.663025 1.31479 0.745323 0.973032 1.05521 0.742687 1.81764 0.794132 0.731266 0.72994 0.717042
threshold=1.8166666666666635 62.500000000000007 6.4500000000000011 2.5437500000000006 2.0687500000000005 1.0000000180025095e-35 3.4729166666666669 2.8500000000000001 -0.78656609248549292 30.906250000000004 22.343750000000004 10.350000000000003 19.850000000000005 0.78656609248549325 9.7854166666666682 7.4500000000000011 10.050000000000002 17.450000000000003 5.9500000000000011 86.500000000000014 1.0500000000000003 11.15 0.25000000000000006 2.8500000000000001 4.7062500000000007 6.3562500000000011 10.15 -0.60785761079279388 24.350000000000005 1.5500000000000003
decision_type=2 2 2 2 2 2 2 2 2 2 2 2 2 2 2 2 2 2 2 2 2 2 2 2 2 2 2 2 2 2
left_child=1 -1 4 -4 -3 8 7 -7 -6 10 12 -12 13 19 -15 -16 17 -17 -18 28 24 22 23 27 -21 -26 -27 -22 29 -2
right_child=9 2 3 -5 5 6 -8 -9 -10 -11 11 -13 -14 14 15 16 18 -19 -20 20 21 -23 -24 -25 25 26 -28 -29 -30 -31
leaf_value=0.0095698409231090662 -0.00084378603335507046 0.0011834768753549473 -0.0054067088170692426 -0.00024518632470917024 -0.0061478995236492239 -0.0028183317768158086 -0.0057974596893205369 0.00492005388389924 0.00092964012445378942 0.046560338482821532 -0.029445398099162773 0.011879845259689745 0.019228858729831277 0.009586367803168518 -0.025243008924580503 -0.013959161696718852 0.010370751732745726 0.064771606856227668 -0.0074989467103511297 -0.00079319988435842695 -0.014805365516725112 0.008155230417899036 0.0047724971468020771 -0.0016847299258485676 -0.0076341520919003874 0.0010278775822560988 -0.011818096240822614 -0.0017774193422388433 -0.03873940784617079 0.0006746756214135967
leaf_weight=59 234 139 25 31 40 42 36 40 104 110 43 25 114 1018 37 28 124 35 35 39 28 104 66 234 26 26 37 31 27 3710
leaf_count=59 234 139 25 31 40 42 36 40 104 110 43 25 114 1018 37 28 124 35 35 39 28 104 66 234 26 26 37 31 27 3710
internal_value=0.000250903 -0.00126886 -0.0019476 -0.00870175 -0.000985074 -0.00255513 -0.00544538 -0.0013494 -0.000165517 0.000378996 0.000319495 -0.0035942 0.000364797 0.000307534 0.00102347 -0.00109231 3.58746e-05 -0.0041875 0.001725 0.000106947 -0.00114189 -0.000146552 -0.00101111 -0.002 -0.00471318 -0.00671111 -0.0029375 -0.00673333 0.000293052 0.000338657
internal_weight=6647 516 457 56 401 262 118 82 144 6131 6021 68 5953 5839 1277 259 222 63 159 4562 591 463 359 293 128 89 63 59 3971 3944
internal_count=6647 516 457 56 401 262 118 82 144 6131 6021 68 5953 5839 1277 259 222 63 159 4562 591 463 359 293 128 89 63 59 3971 3944
is_linear=0
shrinkage=0.04


Tree=125
num_leaves=31
num_cat=0
split_feature=0 17 0 7 7 13 7 4 13 13 7 8 19 4 4 13 16 5 10 9 2 13 4 7 18 10 12 16 13 2
split_gain=0.901697 0.788638 1.12793 1.65315 2.45004 1.28076 0.94139 0.879342 1.41133 0.808075 0.659226 1.06367 0.579772 0.892892 2.09841 1.45614 2.27246 0.869862 0.816526 1.94542 2.14525 1.36717 0.734925 0.804873 0.991657 0.718886 1.06714 1.37328 0.926714 0.846055
threshold=38.300000000000004 0.78656609248549325 4.6500000000000012 6.2229166666666682 8.5437500000000011 1.5500000000000003 10.102083333333335 8.5500000000000025 5.9500000000000011 0.55000000000000016 2.4770833333333337 3.4500000000000006 0.87837969732492682 1.1500000000000001 1.0500000000000003 2.5500000000000003 22.500000000000004 3.6500000000000008 4.9500000000000011 58.500000000000007 2.1500000000000008 3.5500000000000003 9.7500000000000018 11.593750000000002 0.60355339059327384 7.0500000000000007 86.500000000000014 27.500000000000004 2.4500000000000006 6.5500000000000007
decision_type=2 2 2 2 2 2 2 2 2 2 2 2 2 2 2 2 2 2 2 2 2 2 2 2 2 2 2 2 2 2
left_child=1 12 3 5 -5 -3 9 -8 -9 -4 11 -7 13 14 15 16 -1 18 -14 -20 -21 -22 -19 24 -24 -15 -27 -28 -29 -30
right_child=-2 2 6 4 -6 10 7 8 -10 -11 -12 -13 17 25 -16 -17 -18 22 19 20 21 -23 23 -25 -26 26 27 28 29 -31
leaf_value=0.0012095157066057823 0.14027417458518301 -0.0022344031787466835 -0.0066142198324378237 -0.035196110382284658 0.0045024203513383161 0.0028006166119273275 -0.028401375842181064 0.019865322599637743 -0.013231664556600093 0.019813277649139139 0.024845402271498767 -0.0022326233656763199 0.0015954048732296471 -0.00050123739045327082 -0.011828625922783843 0.0010897967212247484 -0.0039603541385176419 0.022096375642751413 0.010346515060849446 0.0026403633432068004 -0.035250020159999132 -0.010198941392558985 0.0073866324263799311 0.060678137857660221 -0.0061924614267885279 0.0030052668641352941 0.0021357916564461016 -0.011880340602182227 0.0060033638081841978 -0.013449293701088438
leaf_weight=25 95 49 57 28 28 51 46 170 52 710 153 38 180 2858 31 103 28 320 45 31 40 28 31 34 31 1102 123 70 58 58
leaf_count=25 95 49 57 28 28 51 46 170 52 710 153 38 180 2858 31 103 28 320 45 31 40 28 31 34 31 1102 123 70 58 58
internal_value=0.000109679 5.35037e-05 0.000902386 -0.00106897 -0.00729825 0.000150685 0.00156371 -0.000475836 0.000573991 0.00227604 0.00134979 -0.00137778 -0.000172407 -0.000344626 -0.00304255 -0.00112102 -0.00644444 0.000863698 -0.000689231 -0.00292414 -0.00604 -0.00997101 0.00207194 -0.000989691 -0.00368254 -0.000225761 0.000512748 -0.00156129 -0.00372192 -0.00150427
internal_weight=6673 6578 1382 347 56 291 1035 268 222 767 242 89 5196 4456 187 156 53 740 324 144 99 68 416 96 62 4269 1411 309 186 116
internal_count=6673 6578 1382 347 56 291 1035 268 222 767 242 89 5196 4456 187 156 53 740 324 144 99 68 416 96 62 4269 1411 309 186 116
is_linear=0
shrinkage=0.04


Tree=126
num_leaves=31
num_cat=0
split_feature=11 12 19 4 11 5 16 12 7 7 5 11 5 8 10 13 12 17 5 1 16 11 5 0 11 12 7 20 12 13
split_gain=0.914249 1.23476 1.20824 1.11032 1.29091 1.25031 1.38107 2.28155 1.01301 0.910594 0.896001 0.801074 0.708503 0.655729 1.22984 1.42612 1.12794 1.006 1.5062 1.70015 2.03184 1.53001 1.37381 2.06002 2.02811 1.33409 1.34732 1.28592 1.09838 1.0251
threshold=-0.74999999999999989 78.500000000000014 0.87837969732492682 10.15 0.95000000000000007 12.450000000000001 187.50000000000003 33.500000000000007 30.906250000000004 1.4020833333333338 2.4500000000000006 -7.4499999999999993 44.000000000000007 5.9500000000000011 11.950000000000001 1.7500000000000002 52.500000000000007 -0.25881904510252113 9.2500000000000018 18.450000000000003 1742.5000000000002 14.550000000000002 14.550000000000002 17.850000000000005 17.650000000000002 42.500000000000007 11.689583333333337 -0.56174490092936669 71.500000000000014 2.3500000000000001
decision_type=2 2 2 2 2 2 2 2 2 2 2 2 2 2 2 2 2 2 2 2 2 2 2 2 2 2 2 2 2 2
left_child=1 -1 8 4 -4 6 -5 -8 9 -2 -6 -3 13 14 -11 16 -16 18 19 20 -15 28 -19 24 29 -26 -27 -22 -20 -24
right_child=2 11 3 5 10 -7 7 -9 -10 12 -12 -13 -14 17 15 -17 -18 22 21 -21 27 -23 23 -25 25 26 -28 -29 -30 -31
leaf_value=0.011883470933365652 -0.0037151773055277234 -0.0028851142492333963 -0.010780443073447572 0.0040133156111302141 0.00032311985158474285 0.07475121872448702 0.0034980117323485135 -0.019116671928217907 0.041117036094063975 -0.00043314557589094145 0.020038286592456302 0.00062115397836139368 -0.012166805974646649 -0.0016119842679480764 -0.021243779128944051 -0.00035965469783496055 -0.0016657404733153758 0.0053004502239551322 -0.01671730412634434 -0.036326584537762642 0.014216619703002491 0.045344423191613997 -0.001720398333433068 0.0054090605627456828 -0.0029339111362846628 -0.03265236252125879 -0.0096861466039463891 -0.0080562497943190165 0.00019290044891378456 0.010117080244191915
leaf_weight=345 27 31 40 41 184 40 27 26 121 2065 462 395 25 488 26 66 26 1541 28 31 27 250 31 87 32 25 30 52 42 62
leaf_count=345 27 31 40 41 184 40 27 26 121 2065 462 395 25 488 26 66 26 1541 28 31 27 250 31 87 32 25 30 52 42 62
internal_value=0.000109679 0.00140415 -5.96305e-05 0.00136419 0.00201456 -0.00195556 -0.00446316 -0.00866667 -0.000289593 -0.000378073 0.00244822 -3.74706e-05 -0.000337183 -0.00030224 -0.000818681 -0.00477311 -0.00966038 0.000111478 -0.000966268 -0.00215025 -0.00164084 0.00124611 0.000658928 -0.00198507 -0.00441989 -0.00877273 -0.0125 -0.00755 -0.00394366 -0.000297872
internal_weight=6673 771 5902 820 686 134 94 53 5082 4961 646 426 4934 4909 2183 118 52 2726 918 598 567 320 1808 267 180 87 55 79 70 93
internal_count=6673 771 5902 820 686 134 94 53 5082 4961 646 426 4934 4909 2183 118 52 2726 918 598 567 320 1808 267 180 87 55 79 70 93
is_linear=0
shrinkage=0.04


Tree=127
num_leaves=31
num_cat=0
split_feature=0 16 9 11 16 11 6 5 5 4 5 7 4 12 11 11 8 19 7 12 17 20 18 13 10 13 8 9 9 10
split_gain=0.891404 1.18966 1.72624 1.4582 1.19718 0.90667 1.19597 1.60174 1.19615 1.48808 0.906107 1.2473 1.47579 1.38543 0.819287 1.91437 1.77537 2.25902 1.18497 0.907815 1.06871 1.12419 0.83853 0.782925 1.47249 1.01006 0.84633 0.81576 1.10027 0.949435
threshold=7.8500000000000005 717.50000000000011 71.500000000000014 19.550000000000004 1537.5000000000002 -1.0499999999999998 8.6250000000000018 8.8500000000000032 4.2500000000000009 11.850000000000003 6.4500000000000011 14.639583333333336 14.850000000000003 26.500000000000004 11.450000000000001 3.5500000000000003 15.950000000000001 -0.60785761079279388 4.5979166666666673 74.500000000000014 -0.37940952255126065 0.81174490092936691 -0.98296291314453399 1.0500000000000003 15.050000000000002 0.8500000000000002 5.5500000000000007 57.500000000000007 66.500000000000014 11.750000000000002
decision_type=2 2 2 2 2 2 2 2 2 2 2 2 2 2 2 2 2 2 2 2 2 2 2 2 2 2 2 2 2 2
left_child=5 14 -3 -4 -5 -1 23 8 -8 -10 -6 12 13 -12 15 22 18 -18 -17 -20 -21 -22 -2 24 25 -7 -27 29 -29 -25
right_child=1 2 3 4 10 6 7 -9 9 -11 11 -13 -14 -15 -16 16 17 -19 19 20 21 -23 -24 27 -26 26 -28 28 -30 -31
leaf_value=0.0017168574042899312 -0.010238005653887076 -0.033463557553787417 -0.019866826196044515 0.04417501302463929 0.043235579737386128 0.00025512919623316854 -0.0044662619589096687 0.0038750805829478934 -0.011150889469192755 -0.0093163184495130818 0.049727169771340354 0.046275935348163405 -0.020088098679235441 -0.01413290884571413 0.022791710182758367 -0.028074649032840512 -0.00028773975475849904 -0.059476629245643925 0.024704118323215597 -0.01582472860459682 0.024095862666523932 -0.0045992084338690939 0.012081702458916833 0.0045372774483565899 -0.017281449292182668 -0.001075558035368478 -0.002179595704866985 -0.0034686592444349335 3.6310908771797882e-05 -0.011035047279255495
leaf_weight=527 33 30 36 153 52 260 47 54 25 32 25 39 25 27 1055 30 44 43 96 34 78 26 517 430 34 48 30 614 2084 145
leaf_count=527 33 30 36 153 52 260 47 54 25 32 25 39 25 27 1055 30 44 43 96 34 78 26 517 430 34 48 30 614 2084 145
internal_value=0.00012766 0.000755973 -0.00126804 -0.000480447 0.000385093 -0.000212422 -0.00042797 -0.0038239 -0.00670476 -0.0105517 -0.00194083 -0.00389744 -0.00682051 -0.00286792 0.00115687 0.00027051 -0.00203409 -0.00695455 -0.000392453 0.000578724 -0.0014964 0.000533333 0.00174229 -0.000279758 -0.00201609 -0.00120354 -0.00516456 -8.18569e-05 -0.000373471 0.00128472
internal_weight=6673 2343 387 357 321 4330 3803 158 104 57 168 116 77 52 1956 901 351 87 264 234 138 104 550 3645 372 338 78 3273 2698 575
internal_count=6673 2343 387 357 321 4330 3803 158 104 57 168 116 77 52 1956 901 351 87 264 234 138 104 550 3645 372 338 78 3273 2698 575
is_linear=0
shrinkage=0.04


Tree=128
num_leaves=31
num_cat=0
split_feature=7 11 19 4 5 3 19 9 1 7 5 18 5 8 14 7 20 7 5 18 8 4 4 9 8 19 11 8 5 11
split_gain=0.799214 0.888217 1.25 1.10545 1.27322 1.31337 0.87736 2.86819 3.1957 1.04314 0.827686 0.81626 0.766323 0.602 0.594174 0.578897 1.5122 0.674474 1.02249 1.89711 1.05279 0.786389 1.754 1.80267 0.77572 0.81212 1.28508 1.28255 1.6228 2.15577
threshold=30.906250000000004 0.45000000000000007 0.87837969732492682 10.15 12.450000000000001 9.2500000000000018 0.87837969732492682 68.500000000000014 4.1500000000000012 3.0770833333333338 2.4500000000000006 0.60355339059327384 3.4500000000000006 2.3500000000000001 358.50000000000006 22.343750000000004 1.0000000180025095e-35 17.283333333333335 14.65 0.60355339059327384 24.350000000000005 12.15 9.6500000000000004 58.500000000000007 8.8500000000000032 -0.60785761079279388 17.850000000000005 10.850000000000003 10.250000000000002 3.5500000000000003
decision_type=2 2 2 2 2 2 2 2 2 2 2 2 2 2 2 2 2 2 2 2 2 2 2 2 2 2 2 2 2 2
left_child=1 6 14 10 5 -5 9 -8 -9 12 -4 -7 -1 -11 15 17 -17 18 20 21 24 22 -20 -24 -3 -26 27 -27 29 -29
right_child=-2 2 3 4 -6 11 7 8 -10 13 -12 -13 -14 -15 -16 16 -18 -19 19 -21 -22 -23 23 -25 25 26 -28 28 -30 -31
leaf_value=9.237522722825525e-05 0.038560686242991089 -0.00047520672451959643 -0.00086989621683066008 -0.013876246564999946 0.070940523112396389 0.055741752651636112 0.0033431255213015629 0.0014982612709484521 -0.060688709334932485 -0.0020571221451569466 0.018086314482784943 -0.0025286394527640507 -0.0065340557328744577 0.015171622275568382 -0.0059444639596840584 0.054965276805771318 -0.032630767962039703 0.042626276736082422 -0.00032337470096680643 -0.016059295182614019 -0.041670152474632897 0.0055040012809209459 -0.0037860009228192965 -0.029084593478279075 0.01994775728555389 0.0061556708215094293 0.023773942844907782 0.00027999979803847798 0.0025330376304044245 -0.03187509389325191
leaf_weight=206 121 2866 188 35 40 29 96 25 25 27 469 29 48 602 44 25 45 91 169 49 36 63 33 25 410 198 375 70 79 155
leaf_count=206 121 2866 188 35 40 29 96 25 25 27 469 29 48 602 44 25 45 91 169 49 36 63 33 25 410 198 375 70 79 155
internal_value=0.000103686 4.39495e-05 -0.000157132 0.00131479 -0.002 -0.00455319 0.00112233 -0.0017415 -0.00941176 0.00159729 0.00198784 -0.000813559 -0.000564706 0.00246984 -0.000403042 -0.000359062 -0.00394366 -0.000303896 -0.000372709 -0.00248235 -0.000201432 -0.00123711 -0.00233333 -0.00827119 -0.00014155 0.000673913 -1.36673e-05 -0.00133598 -0.00296393 -0.00469027
internal_weight=6673 6552 5523 790 133 93 1029 146 50 883 657 58 254 629 4733 4689 70 4619 4528 339 4189 290 227 58 4153 1287 877 502 304 225
internal_count=6673 6552 5523 790 133 93 1029 146 50 883 657 58 254 629 4733 4689 70 4619 4528 339 4189 290 227 58 4153 1287 877 502 304 225
is_linear=0
shrinkage=0.04


Tree=129
num_leaves=31
num_cat=0
split_feature=7 5 10 7 20 16 5 19 7 8 5 4 4 9 4 9 16 13 20 10 2 5 13 5 3 7 19 13 13 14
split_gain=0.787311 0.718297 0.672922 1.07011 1.22317 2.14742 2.03706 0.982161 0.896356 0.824272 0.853783 1.33777 1.65582 1.13138 0.892083 1.29893 1.79099 1.37962 1.34668 0.934742 0.820903 1.38382 1.01823 0.783582 0.685251 0.591134 0.996735 0.715476 0.661538 0.662272
threshold=30.906250000000004 40.350000000000009 7.0500000000000007 2.6187500000000008 1.0000000180025095e-35 42.500000000000007 3.2500000000000004 0.87837969732492682 8.1395833333333361 24.350000000000005 16.350000000000005 13.15 9.7500000000000018 56.500000000000007 15.15 89.500000000000014 702.50000000000011 6.8500000000000005 -0.56174490092936669 6.9500000000000011 10.850000000000003 13.250000000000002 6.1500000000000012 2.5500000000000003 5.2500000000000009 9.3791666666666682 -0.8783796973249266 13.050000000000002 12.15 359.50000000000006
decision_type=2 2 2 2 2 2 2 2 2 2 2 2 2 2 2 2 2 2 2 2 2 2 2 2 2 2 2 2 2 2
left_child=1 2 7 4 6 -6 -4 9 23 10 13 12 24 -1 19 18 -17 -18 -16 25 21 22 -10 -9 -12 27 -27 28 29 -15
right_child=-2 -3 3 -5 5 -7 -8 8 20 -11 11 -13 -14 14 15 16 17 -19 -20 -21 -22 -23 -24 -25 -26 26 -28 -29 -30 -31
leaf_value=0.014267718140996371 0.037018258793271461 -0.006210675517382031 0.0044038601317517483 0.001950188813107003 -0.00032862048878827359 -0.0042261191578499384 -0.0099037244280432164 0.00034353846388692546 -0.0014908575354925821 -0.042926883828613129 -0.01370491879866041 0.0037347265896616102 -0.025353225472087206 -0.00042024309315710128 -0.0050043330072721513 0.016800481601793524 -0.015356647544408547 -0.0025022110851537459 0.0087913055999910283 -0.0068284214137086484 0.035416291470890954 0.047668114986258052 -0.0099212050068995805 0.0093973564239185868 0.0015003357547361705 -0.0020245443412725385 0.0047206124286775161 0.0014731237381233912 -0.003427303826190377 -0.0050892896477895714
leaf_weight=214 121 32 73 2561 41 26 33 164 36 33 26 51 34 1922 31 28 41 37 102 27 42 26 25 247 27 42 324 224 58 25
leaf_count=214 121 32 73 2561 41 26 33 164 36 33 26 51 34 1922 31 28 41 37 102 27 42 26 25 247 27 42 324 224 58 25
internal_value=0.00012766 6.83658e-05 9.81446e-05 0.000576234 -0.00245977 -0.00664706 0.000224299 -0.000247161 0.00133087 -0.000510009 -0.000444306 -0.00351079 -0.0065 -0.000305592 -0.000515723 -0.00285 -0.00613084 -0.00921519 -0.000208955 -0.000301944 -0.00156923 -0.00377273 -0.00703226 0.00224272 -0.002 -0.00022342 0.00126431 -0.000468161 -0.000707876 -0.000581109
internal_weight=6673 6552 6520 2734 173 67 106 3786 540 3246 3213 138 87 3075 2861 239 106 78 133 2622 129 87 61 411 53 2595 366 2229 2005 1947
internal_count=6673 6552 6520 2734 173 67 106 3786 540 3246 3213 138 87 3075 2861 239 106 78 133 2622 129 87 61 411 53 2595 366 2229 2005 1947
is_linear=0
shrinkage=0.04


Tree=130
num_leaves=31
num_cat=0
split_feature=8 9 10 7 7 20 13 16 2 11 12 9 16 20 11 3 5 7 3 11 11 5 5 9 12 20 16 12 5 8
split_gain=0.883711 1.20101 2.20739 1.22317 2.73704 2.0763 1.86173 1.03532 1.02942 0.741926 1.27372 1.31908 0.995681 1.46926 1.40243 1.24116 0.771327 0.826824 2.88526 3.09819 0.983511 1.03028 1.08556 1.615 1.16304 1.10825 0.859392 0.748008 0.677509 0.797886
threshold=2.2500000000000004 61.500000000000007 6.4500000000000011 3.3687500000000008 4.7895833333333346 -0.56174490092936669 9.0500000000000025 3120.0000000000005 1.9500000000000002 1.0000000180025095e-35 73.500000000000014 69.500000000000014 57.500000000000007 1.0000000180025095e-35 -6.8499999999999988 2.5500000000000003 18.650000000000002 9.7854166666666682 7.0500000000000007 18.950000000000003 14.250000000000002 3.9500000000000006 10.550000000000002 71.500000000000014 87.500000000000014 0.81174490092936691 462.50000000000006 91.500000000000014 9.2500000000000018 7.9500000000000011
decision_type=2 2 2 2 2 2 2 2 2 2 2 2 2 2 2 2 2 2 2 2 2 2 2 2 2 2 2 2 2 2
left_child=1 -1 3 -3 5 -5 -7 9 -4 10 -2 27 13 -13 -15 -16 17 28 19 -19 21 -20 23 24 -23 -24 -21 -12 -11 -30
right_child=7 2 8 4 -6 6 -8 -9 -10 16 11 12 -14 14 15 -17 -18 18 20 26 -22 22 25 -25 -26 -27 -28 -29 29 -31
leaf_value=0.005471853794589217 0.021512155988958691 0.00014597090704086385 -0.0029991724087439103 0.00099920119949374413 0.00043321231846511348 -0.016358885835409922 -0.0020101131444791266 -0.0063064422685361254 -0.002498428277899486 0.00016345522746706218 0.006898812003394296 -0.058026937904171669 0.0096358815047859064 -0.0070125035960157183 -0.0054671333840250877 0.0060622981763279425 0.0048398672202655015 0.0024995707010101258 0.011397826898470661 -0.013240284168261014 0.00068515221667438803 -0.039398077019783866 0.0014294690389661216 2.174395812969823e-06 -0.0025669273629111704 -0.0055194559489274587 -0.012552540682677773 -0.0043173453922718428 0.00081276132580532137 0.044273124334023868
leaf_weight=119 280 371 27 26 153 37 28 28 30 3075 350 30 43 25 25 67 306 55 35 28 740 32 71 40 32 34 25 28 315 249
leaf_count=119 280 371 27 26 153 37 28 28 30 3075 350 30 43 25 25 67 306 55 35 28 740 32 71 40 32 34 25 28 315 249
internal_value=0.000199254 -0.00105556 -0.00171174 -0.00100649 -0.0032 -0.00865217 -0.0124242 0.000367264 -0.00917241 0.000404349 0.00149823 0.000407733 -0.00230366 -0.00386486 -0.00179661 0.000516129 0.000219929 9.38294e-05 -0.000870997 -0.00704587 -0.000186802 -0.00238367 -0.00344762 -0.00632381 -0.0102154 -0.000566038 -0.0138519 0.00177309 0.000383517 0.00165664
internal_weight=6704 791 672 615 244 91 65 5913 57 5885 848 568 190 147 117 92 5037 4731 1092 108 984 244 209 104 64 105 53 378 3639 564
internal_count=6704 791 672 615 244 91 65 5913 57 5885 848 568 190 147 117 92 5037 4731 1092 108 984 244 209 104 64 105 53 378 3639 564
is_linear=0
shrinkage=0.04


Tree=131
num_leaves=31
num_cat=0
split_feature=0 10 12 11 13 4 9 15 17 9 7 14 11 17 13 1 2 3 4 10 3 3 18 0 7 9 3 13 3 3
split_gain=0.718836 0.717768 0.607426 1.76361 1.35988 1.74236 1.55151 1.6225 1.89253 1.02029 0.914699 1.85456 1.26863 1.41284 1.12145 0.632581 0.811473 1.54832 1.10756 1.41671 0.99331 0.773747 0.733719 1.07962 0.957123 0.897027 2.01924 1.59253 1.13325 0.72077
threshold=41.600000000000001 21.450000000000003 78.500000000000014 -1.1499999999999997 0.8500000000000002 8.9500000000000011 74.500000000000014 1.0000000180025095e-35 -0.5 55.500000000000007 12.327083333333333 172.50000000000003 8.5500000000000025 0.78656609248549325 3.1500000000000008 13.250000000000002 6.5500000000000007 7.0500000000000007 4.9500000000000011 9.5500000000000025 10.050000000000002 11.550000000000002 0.60355339059327384 5.5500000000000007 3.1895833333333337 67.500000000000014 3.2500000000000004 3.7500000000000004 2.8500000000000001 5.3500000000000005
decision_type=2 2 2 2 2 2 2 2 2 2 2 2 2 2 2 2 2 2 2 2 2 2 2 2 2 2 2 2 2 2
left_child=1 2 3 -1 5 6 7 -4 -9 -5 12 14 13 15 -12 16 22 18 19 -18 -19 -22 24 25 -6 26 27 -24 -27 -26
right_child=-2 -3 4 9 10 -7 -8 8 -10 -11 11 -13 -14 -15 -16 -17 17 20 -20 -21 21 -23 23 -25 29 28 -28 -29 -30 -31
leaf_value=0.011764397318327116 0.13096964400814765 0.04925352014050844 0.0009927975119515041 0.0091214817209499897 -0.0010647209048104036 -0.0097608080887991687 -0.0066298896121229148 0.0012344690903990871 -0.016843028140193454 -7.4187918181150319e-05 -0.010238037165107119 0.001063775577924229 0.013015381777265923 0.0070215559517004837 -0.0085891565349737516 0.0027839610926880345 -0.013584644447841718 0.00043208799194671742 -8.1747015353690123e-05 -0.026547203373121726 -0.037587487703852153 -0.00089944533218364118 -0.019013954029194782 0.016877452219014929 0.0059374673202104346 0.0089132771264580531 0.0031466626059483407 -0.0078363996298247314 -0.0087398031424462258 -0.00027845380750411816
leaf_weight=302 80 78 176 516 208 29 30 25 25 3593 26 52 200 394 47 41 28 149 26 29 32 39 29 56 187 49 32 29 40 157
leaf_count=302 80 78 176 516 208 29 30 25 25 3593 26 52 200 394 47 41 28 149 26 29 32 39 29 56 187 49 32 29 40 157
internal_value=0.00020522 0.000159396 0.00011364 0.000381686 -0.000440075 -0.00300699 -0.00192996 -0.00077533 -0.00705882 0.000164477 -4.32197e-05 -0.00333333 0.000196987 -0.000196592 -0.00740541 -0.000915194 -0.00109991 -0.00285526 -0.00747619 -0.0105517 -0.00108597 -0.00494444 -0.00042132 -0.00228814 0.00037613 -0.0038 -0.00659341 -0.0109831 -0.000933333 0.00166957
internal_weight=6704 6624 6546 4411 2135 285 256 226 50 4109 1850 125 1725 1525 73 1131 1090 303 83 57 220 71 787 235 552 179 90 58 89 344
internal_count=6704 6624 6546 4411 2135 285 256 226 50 4109 1850 125 1725 1525 73 1131 1090 303 83 57 220 71 787 235 552 179 90 58 89 344
is_linear=0
shrinkage=0.04


Tree=132
num_leaves=31
num_cat=0
split_feature=5 10 4 11 6 5 8 10 14 9 3 9 16 14 6 7 10 3 10 10 12 11 4 2 12 16 2 4 2 11
split_gain=0.740283 0.706039 0.655532 3.18127 0.656074 1.08802 1.25611 1.83021 0.806883 1.03628 0.672426 0.62365 0.600278 0.583406 1.09023 0.681786 1.45368 1.45361 1.30851 0.822681 1.27577 1.95617 2.11104 1.4414 1.07346 0.94186 1.01732 2.006 1.55123 0.93101
threshold=18.750000000000004 21.450000000000003 23.250000000000004 18.250000000000004 16.791666666666671 16.550000000000004 12.550000000000002 9.0500000000000025 357.50000000000006 77.500000000000014 13.350000000000003 42.500000000000007 3120.0000000000005 273.50000000000006 14.858333333333336 3.010416666666667 6.3500000000000005 2.1500000000000008 7.2500000000000009 4.6500000000000012 86.500000000000014 3.8500000000000001 2.9500000000000006 6.9500000000000011 57.500000000000007 42.500000000000007 5.3500000000000005 6.6500000000000012 3.3500000000000001 27.850000000000005
decision_type=2 2 2 2 2 2 2 2 2 2 2 2 2 2 2 2 2 2 2 2 2 2 2 2 2 2 2 2 2 2
left_child=1 2 4 -4 5 8 -7 -8 12 -10 -6 -2 13 15 -15 16 -1 18 -18 29 24 22 23 -22 -21 26 27 -26 -29 -17
right_child=11 -3 3 -5 10 6 7 -9 9 -11 -12 -13 -14 14 -16 19 17 -19 -20 20 21 -23 -24 -25 25 -27 -28 28 -30 -31
leaf_value=9.9085524129149713e-05 -0.0037548108733633746 0.047022299689245921 -0.02855089737073481 0.043553534824231258 -0.029196044123384703 0.0010952072713185366 -0.028024298715428522 -0.00038253748816649975 0.00041183098005780614 -0.021522191755788053 0.015173231908513997 0.0096521562272439618 -0.0057430612326454565 0.0024167112722686683 -0.022166897005788666 -0.0013568519712852103 -0.0060591350496962074 -0.00037969264296298206 -0.0018041500538466327 -0.0021487529937554619 -0.01081623538193088 0.0058240724606751226 -0.00054113798730704679 -0.030103277903918407 0.00066577073051423752 0.011489073518396604 0.012135572019324204 -0.00096972237996031333 -0.0069709647450554788 0.011468615303178666
leaf_weight=459 25 76 25 34 25 49 29 27 40 28 203 294 29 860 25 1109 26 182 127 518 38 192 273 36 224 955 522 25 30 219
leaf_count=459 25 76 25 34 25 49 29 27 40 28 203 294 29 860 25 1109 26 182 127 518 38 192 273 36 224 955 522 25 30 219
internal_value=0.000235049 0.000140933 9.44534e-05 -0.00406667 0.000134379 5.44581e-05 -0.00396226 -0.008 0.000126394 -0.00417391 0.00223581 0.0021125 0.000177094 0.00020615 0.00115124 3.64669e-05 -0.00103648 -0.00303571 -0.0058961 0.000242395 0.000629709 -0.00111852 -0.00290805 -0.00885333 0.0010444 0.00151622 0.000503741 -0.00144286 -0.00821429 -0.000577878
internal_weight=6704 6385 6309 59 6250 6022 105 56 5917 68 228 319 5849 5820 885 4935 794 335 153 4141 2813 539 347 74 2274 1756 801 279 55 1328
internal_count=6704 6385 6309 59 6250 6022 105 56 5917 68 228 319 5849 5820 885 4935 794 335 153 4141 2813 539 347 74 2274 1756 801 279 55 1328
is_linear=0
shrinkage=0.04


Tree=133
num_leaves=31
num_cat=0
split_feature=6 11 12 9 7 3 11 9 16 11 11 5 12 4 9 12 11 0 5 11 9 16 4 9 6 20 2 12 7 0
split_gain=0.908316 0.776501 1.11802 2.30452 0.575339 1.74699 3.78011 1.56332 2.3773 2.40259 0.98208 1.42047 1.63746 0.845031 0.704998 1.00921 1.02317 0.699484 0.698602 0.907268 1.98746 1.11703 0.846561 1.66473 0.617885 0.663009 0.989117 1.04612 1.95777 2.02181
threshold=17.483333333333338 -2.4499999999999997 77.500000000000014 77.500000000000014 9.7854166666666682 7.0500000000000007 18.950000000000003 105.50000000000001 902.50000000000011 28.250000000000004 14.050000000000002 7.7500000000000009 71.500000000000014 7.8500000000000005 84.500000000000014 47.500000000000007 29.450000000000003 1.9500000000000002 9.0500000000000025 12.250000000000002 90.500000000000014 222.50000000000003 6.8500000000000005 63.500000000000007 1.5833333333333297 -0.22252093395631442 2.3500000000000001 61.500000000000007 6.3562500000000011 6.9500000000000011
decision_type=2 2 2 2 2 2 2 2 2 2 2 2 2 2 2 2 2 2 2 2 2 2 2 2 2 2 2 2 2 2
left_child=1 2 -1 -4 17 6 -6 10 -9 -10 11 -7 -13 -14 -12 16 -16 -3 24 20 21 22 -20 -24 -19 26 -26 -28 29 -29
right_child=-2 4 3 -5 5 7 -8 8 9 -11 14 12 13 -15 15 -17 -18 18 19 -21 -22 -23 23 -25 25 -27 27 28 -30 -31
leaf_value=0.013908534607980675 0.011033061315192732 -0.00070052234090953256 0.00096660235888826253 -0.008250255455121619 0.00206738437798956 0.005118924392114069 -0.014144913839138039 0.032694508734738441 -0.055605454412874095 -0.001788745867512804 0.015400465381343485 -0.040360270393023846 0.0034131891120661078 -0.0026148199636281261 0.0037557261615806139 -0.0046256550934487698 -0.003043550318085226 -0.0025962480740465196 0.022763687352302248 0.044545785675830535 -0.013681488372924657 -0.027864951559819506 -0.002022106315290202 0.0067246743864359804 0.0063583968619254465 0.0011366496555577728 -0.0062382135529123429 0.00024935028825639278 0.019119493772811632 -0.014390176455254602
leaf_weight=214 368 713 259 30 78 61 52 44 25 34 368 48 35 86 181 32 25 54 210 332 28 25 30 44 188 1826 491 428 222 173
leaf_count=214 368 713 259 30 78 61 52 44 25 34 368 48 35 86 181 32 25 54 210 332 28 25 30 44 188 1826 491 428 222 173
internal_value=0.000217152 0.000104782 0.00161111 -1.3793e-05 -2.53684e-05 -0.000863551 -0.00519084 -0.000259574 -0.00488462 -0.0100667 0.000315412 -0.00190476 -0.00378824 -0.00127869 0.0011598 -0.000535565 0.000502416 0.000162854 0.000366239 0.00154627 8.28404e-05 0.00101935 0.00174035 -0.00192 0.000132427 0.000201863 -0.000420492 -0.000809125 6.31069e-05 -0.00112292
internal_weight=6704 6336 503 289 5833 1069 130 939 103 59 836 230 169 121 606 238 206 4764 4051 669 337 309 284 74 3382 3328 1502 1314 823 601
internal_count=6704 6336 503 289 5833 1069 130 939 103 59 836 230 169 121 606 238 206 4764 4051 669 337 309 284 74 3382 3328 1502 1314 823 601
is_linear=0
shrinkage=0.04


Tree=134
num_leaves=31
num_cat=0
split_feature=0 11 12 9 19 11 14 7 9 19 3 5 10 12 3 17 11 9 5 15 13 9 19 19 1 9 19 12 7 3
split_gain=0.721129 0.749712 1.10225 2.32004 0.602903 1.52401 1.45669 0.803072 2.30994 2.01989 0.71214 0.709525 0.654679 0.83186 1.68725 0.999241 1.08682 2.05582 2.56056 0.918964 0.834126 1.78477 1.24492 1.37235 0.694105 0.665959 1.64076 1.60985 1.8385 1.76546
threshold=41.600000000000001 -2.4499999999999997 77.500000000000014 77.500000000000014 0.87837969732492682 1.2500000000000002 186.50000000000003 1.9000000000000001 80.500000000000014 -1.0000000180025095e-35 4.9500000000000011 3.2500000000000004 4.2500000000000009 62.500000000000007 1.4500000000000002 -0.9159756150367534 9.5500000000000025 70.500000000000014 4.1500000000000012 1.0000000180025095e-35 4.2500000000000009 86.500000000000014 -1.0000000180025095e-35 -0.60785761079279388 5.4500000000000011 72.500000000000014 0.6078576107927941 80.500000000000014 7.7729166666666671 8.8500000000000032
decision_type=2 2 2 2 2 2 2 2 2 2 2 2 2 2 2 2 2 2 2 2 2 2 2 2 2 2 2 2 2 2
left_child=1 2 -1 -4 7 6 10 8 9 -3 -6 -7 13 19 -15 -16 17 18 -17 20 21 -9 23 -23 -19 -14 -27 28 -28 -30
right_child=-2 4 3 -5 5 11 -8 12 -10 -11 -12 -13 25 14 15 16 -18 24 -20 -21 -22 22 -24 -25 -26 26 27 -29 29 -31
leaf_value=0.013722629348219485 0.12488136526939667 -0.00036449033822742423 0.00095024160394571028 -0.0079202452369167547 0.0033605075391795252 -6.1497730547260053e-05 -0.028878109617351169 0.005540143266666399 0.0027778781118270447 -0.024353249712366975 -0.0083885305289897703 0.019721955792040394 -3.4295327407332754e-05 -0.018922624176233426 -0.016501253768399747 -0.030824009789983852 0.032640835901476171 0.0013241303062032667 -8.7444826367323743e-05 -0.0044023029744954846 0.0005555677920137291 -0.0062595179228791221 -0.0010413818576930163 -0.012306571951046704 -0.0097087883566888741 0.0081341943271046983 0.0089270454688327866 -0.0061386178512301791 -0.050475507650207661 0.0073198697962080159
leaf_weight=215 80 37 262 30 47 255 42 161 56 26 26 510 2416 39 48 25 91 108 42 62 1037 78 99 30 26 673 86 34 32 31
leaf_count=215 80 37 262 30 47 255 42 161 56 26 26 510 2416 39 48 25 91 108 42 62 1037 78 99 30 26 673 86 34 32 31
internal_value=0.000199254 0.000153359 0.00162992 2.73039e-05 3.07291e-05 0.000998865 -0.00327586 -0.000132111 -0.00336667 -0.0085625 0.000162162 0.00164491 -5.62608e-05 -0.000658365 -0.00232632 -0.00140762 -0.000518771 -0.00215842 -0.00782353 -0.000226158 -1.42246e-05 -0.0016477 -0.00409615 -0.00704587 0.000711111 0.000283532 0.00124154 -0.0021087 -0.000293333 -0.0054375
internal_weight=6704 6624 507 292 6117 880 115 5237 119 63 73 765 5118 1846 379 340 292 201 67 1467 1405 368 207 108 134 3272 856 183 149 63
internal_count=6704 6624 507 292 6117 880 115 5237 119 63 73 765 5118 1846 379 340 292 201 67 1467 1405 368 207 108 134 3272 856 183 149 63
is_linear=0
shrinkage=0.04


Tree=135
num_leaves=31
num_cat=0
split_feature=18 12 11 13 12 7 3 4 5 9 5 7 19 9 0 1 3 1 3 7 12 11 20 18 16 5 16 4 13 7
split_gain=0.927976 1.41373 1.22516 1.87074 1.45539 1.33809 1.27282 1.10338 1.05282 1.33948 1.17151 1.74635 1.76412 0.866866 1.90438 1.28344 0.807932 1.05261 1.92208 0.892625 0.801605 1.18884 0.801829 1.24344 0.768181 1.51771 1.9468 0.882339 0.913901 0.820605
threshold=-0.12940952255126037 92.500000000000014 2.9500000000000006 3.7500000000000004 28.500000000000004 15.170833333333336 13.850000000000003 12.350000000000003 1.5500000000000003 70.500000000000014 5.8500000000000005 5.3645833333333348 -1.0000000180025095e-35 67.500000000000014 10.550000000000002 6.6500000000000012 6.3500000000000005 4.7500000000000009 8.8500000000000032 2.9104166666666673 79.500000000000014 -4.7499999999999991 -0.56174490092936669 0.60355339059327384 562.50000000000011 5.1500000000000012 47.500000000000007 8.4500000000000011 5.2500000000000009 7.0604166666666677
decision_type=2 2 2 2 2 2 2 2 2 2 2 2 2 2 2 2 2 2 2 2 2 2 2 2 2 2 2 2 2 2
left_child=1 7 20 5 -5 6 8 -1 9 -4 16 12 -12 15 -15 -13 19 -18 -19 -10 -2 -22 23 -23 25 26 -6 28 -28 -26
right_child=2 -3 3 4 24 -7 -8 -9 10 -11 11 13 -14 14 -16 -17 17 18 -20 -21 21 22 -24 -25 29 -27 27 -29 -30 -31
leaf_value=0.00048794110233793639 0.0027778769569036903 -0.0034660972277754339 -0.027710321785679223 0.0052225621441306259 -0.038526337789878899 0.025786652127684499 -0.030748447100991342 0.028520349339880118 -0.00082260988443879279 -0.0012816992349135438 -0.014667871580938803 -0.020937700824504142 -0.0022088322862980074 0.007150713219381123 -0.032608270267279596 -0.00025528605991246867 0.016994694218753707 -0.024569873436192262 -0.00033389960803852802 0.0077379796743231389 -0.0077085497279024617 0.0011286060372991626 0.0035909147449379015 -0.0065638783530515155 -0.00022444381732968172 0.0044125546607564946 0.0085966699744977875 -0.0041078954525537214 -0.001138574239612033 -0.0061896758893018626
leaf_weight=2663 415 79 26 510 27 64 33 311 43 52 34 37 27 112 52 48 25 29 51 218 25 69 221 45 382 440 100 61 145 324
leaf_count=2663 415 79 26 510 27 64 33 311 43 52 34 37 27 112 52 48 25 29 51 218 25 69 221 45 382 440 100 61 145 324
internal_value=0.000184735 0.000698101 -0.000248894 -0.00063358 3.81911e-05 -0.00220188 -0.00265482 0.000838992 -0.00230993 -0.00668354 -0.00179616 -0.00360129 -0.0096129 -0.002096 -0.000387879 -0.00534884 -0.00026158 -0.00320755 -0.0054321 0.000931298 0.00115979 -0.000221606 0.000416667 -0.00229565 -0.000597297 0.000273902 -0.00176048 -0.000833876 0.000243903 -0.00155021
internal_weight=6668 3053 3615 2840 1989 851 787 2974 754 78 676 310 61 249 164 85 366 105 80 261 775 360 335 114 1479 773 333 306 245 706
internal_count=6668 3053 3615 2840 1989 851 787 2974 754 78 676 310 61 249 164 85 366 105 80 261 775 360 335 114 1479 773 333 306 245 706
is_linear=0
shrinkage=0.04


Tree=136
num_leaves=31
num_cat=0
split_feature=8 2 3 2 8 5 8 7 7 11 3 11 13 14 1 12 11 7 1 19 5 17 7 1 7 7 2 10 19 7
split_gain=0.940956 1.37902 1.90517 1.42762 1.7773 0.646438 1.06321 1.44737 1.41601 1.74327 1.52565 1.99276 0.856995 1.83055 0.915475 0.609954 1.97343 1.1314 1.04041 1.00532 2.3084 1.77628 1.75232 1.21094 1.08207 1.50699 0.905073 0.851029 0.832396 0.831246
threshold=12.950000000000001 12.950000000000001 13.850000000000003 15.350000000000003 9.8500000000000032 8.4500000000000011 7.9500000000000011 7.8354166666666671 8.7520833333333368 14.250000000000002 6.3500000000000005 17.850000000000005 1.9500000000000002 213.50000000000003 1.6500000000000001 79.500000000000014 4.2500000000000009 2.3937500000000003 2.8500000000000001 -0.8783796973249266 5.7500000000000009 -0.5 5.4520833333333343 4.0500000000000007 3.2625000000000006 3.9770833333333337 1.3500000000000003 6.6500000000000012 0.87837969732492682 5.8729166666666677
decision_type=2 2 2 2 2 2 2 2 2 2 2 2 2 2 2 2 2 2 2 2 2 2 2 2 2 2 2 2 2 2
left_child=1 5 -3 4 -4 15 7 12 9 -9 11 -10 13 -7 -14 16 17 26 -17 20 23 -22 -23 24 -18 -26 -1 -28 -19 -30
right_child=-2 2 3 -5 -6 6 -8 8 10 -11 -12 -13 14 -15 -16 18 19 28 -20 -21 21 22 -24 -25 25 -27 27 -29 29 -31
leaf_value=-0.0013818656645924932 0.0055799994798632849 0.027098695921405104 -0.0061061791582681544 -0.0011558137638134846 -0.025638391253973904 0.012705985244407704 0.0053682909818115821 -0.01144720540728922 0.0039107310373846698 0.0031155223520657133 0.001335337241023659 -0.010670593919952762 -0.0017565759071470166 -0.022590184086579455 0.014960159120330276 0.00025321380717039152 0.00096017866429631328 0.010790024217412073 -0.002780814583739636 -0.00020710639944715288 -0.03510887866521361 -0.014653110950482684 0.030894132638785387 0.0078391363266883136 -0.016849649283672771 0.00025313488247815351 0.0019641733668623604 -0.0021611435549050936 0.0012296181881596461 -0.020817344773827021
leaf_weight=31 1198 47 33 60 26 45 525 44 29 26 151 29 53 26 300 434 33 516 920 1713 29 25 30 78 31 36 69 30 76 25
leaf_count=31 1198 47 33 60 26 45 525 44 29 26 151 29 53 26 300 434 33 516 920 1713 29 25 30 78 31 36 69 30 76 25
internal_value=0.000112761 -0.000109669 -0.00368862 -0.00636667 -0.0107333 3.01617e-06 0.00080716 -0.000210227 -0.00244286 -0.00732394 -0.000780952 -0.00623729 0.00126118 -0.00272222 0.0020678 -0.000239392 0.000105766 0.00185562 -0.000932841 -0.00055668 -0.00285932 -0.00828235 -0.00392857 -0.000268156 -0.00316832 -0.00605882 -0.00152672 0.00036 0.00256958 -0.000745098
internal_weight=6668 5470 166 119 59 5304 1228 703 279 70 209 58 424 71 353 4076 2722 747 1354 1975 262 84 55 178 100 67 130 99 617 101
internal_count=6668 5470 166 119 59 5304 1228 703 279 70 209 58 424 71 353 4076 2722 747 1354 1975 262 84 55 178 100 67 130 99 617 101
is_linear=0
shrinkage=0.04


Tree=137
num_leaves=31
num_cat=0
split_feature=0 2 3 4 14 3 11 12 11 13 18 0 0 14 4 13 3 11 16 0 0 7 16 6 7 11 4 14 11 11
split_gain=0.914412 0.753445 1.93228 0.854522 1.36082 0.807375 2.19179 0.939523 1.61718 1.18726 1.17307 1.17186 1.89839 1.25877 1.63711 1.01602 1.49818 2.2057 1.36386 1.00331 1.61781 2.80418 2.18757 1.00323 0.887083 0.89439 0.86432 0.802743 0.788437 1.01855
threshold=16.850000000000005 15.850000000000003 14.250000000000002 11.950000000000001 157.50000000000003 1.1500000000000001 20.450000000000003 78.500000000000014 3.3500000000000001 0.95000000000000007 -0.70710678118654757 8.2500000000000018 7.4500000000000011 168.50000000000003 3.7500000000000004 4.1500000000000012 13.15 19.250000000000004 42.500000000000007 5.0500000000000007 3.9500000000000006 4.6687500000000011 157.50000000000003 6.5166666666666657 12.327083333333333 8.9500000000000011 5.1500000000000012 341.50000000000006 7.1500000000000012 3.8500000000000001
decision_type=2 2 2 2 2 2 2 2 2 2 2 2 2 2 2 2 2 2 2 2 2 2 2 2 2 2 2 2 2 2
left_child=1 5 -3 4 -4 6 26 8 -7 11 -10 12 13 14 -9 16 19 -18 -17 20 27 -22 -23 -21 25 -11 28 -12 29 -1
right_child=-2 2 3 -5 -6 7 -8 9 10 24 15 -13 -14 -15 -16 18 17 -19 -20 23 21 22 -24 -25 -26 -27 -28 -29 -30 -31
leaf_value=0.0013415214692641102 0.011251042670385288 -0.017547481217984228 0.0013293322324995551 0.0052243544258439292 -0.029830626903296662 0.0047700584017419312 -0.0014741932543535612 -4.7286137591841764e-05 0.0076497109715178572 -0.00017027801063722553 0.00013120277984976923 0.02631077161463876 -0.015886130007043909 -0.00083209220001148512 -0.0055685267696620232 -0.031431657473084872 -0.044224613240167743 -0.0043151964837438994 0.00057630303073231959 0.03286282719970042 0.027265524381411194 -0.031483231962281352 -0.012502117147074797 -0.00047855513716511556 -0.0063023465829907767 0.011845489846677919 -0.0072603518425189166 -0.0083665652473194976 0.0031562711803841954 -0.0096938922199728394
leaf_weight=80 438 34 26 93 31 758 25 38 499 1405 223 63 29 148 34 40 25 44 1627 130 30 27 28 345 64 171 38 39 98 38
leaf_count=80 438 34 26 93 31 758 25 38 499 1405 223 63 29 148 34 40 25 44 1627 130 30 27 28 345 64 171 38 39 98 38
internal_value=0.000130754 6.41966e-06 -0.00250811 -0.000529801 -0.00434483 8.33473e-05 -0.00201429 0.00018516 0.000550315 -0.000528418 0.000139961 -0.00278594 -0.004016 -0.00271493 -0.0070137 -0.00020633 -0.00129596 -0.00691429 0.000376499 -0.000816525 -0.00244828 -0.0072093 -0.0125 0.000378151 -9.75014e-05 9.13128e-05 -0.000878431 -0.000882129 0.000110599 -0.00208403
internal_weight=6668 6230 184 150 57 6046 279 5767 3815 1952 3057 312 249 220 72 2558 891 69 1667 822 347 85 55 475 1640 1576 254 262 216 118
internal_count=6668 6230 184 150 57 6046 279 5767 3815 1952 3057 312 249 220 72 2558 891 69 1667 822 347 85 55 475 1640 1576 254 262 216 118
is_linear=0
shrinkage=0.04


Tree=138
num_leaves=31
num_cat=0
split_feature=0 10 9 10 14 1 20 4 7 14 10 4 1 1 7 18 4 2 7 3 16 7 11 2 11 16 11 11 4 12
split_gain=0.853528 0.974952 1.24446 2.01748 2.02724 0.882097 0.77867 1.31342 1.54955 2.04917 1.20077 1.19608 1.24728 1.7367 1.31348 0.898681 0.842904 0.795083 0.708479 2.485 1.03149 0.785071 0.735854 1.16979 0.734136 0.632116 1.04144 0.960008 0.931722 1.57987
threshold=7.7500000000000009 11.15 45.500000000000007 8.1500000000000004 181.50000000000003 9.3500000000000032 -0.22252093395631442 17.150000000000002 11.927083333333334 192.50000000000003 6.7500000000000009 11.15 8.2500000000000018 11.65 8.7520833333333368 0.1294095225512602 11.15 8.7500000000000018 10.102083333333335 7.4500000000000011 1902.5000000000002 4.7895833333333346 19.550000000000004 23.250000000000004 4.7500000000000009 67.500000000000014 2.9500000000000006 -7.4499999999999993 8.4500000000000011 41.500000000000007
decision_type=2 2 2 2 2 2 2 2 2 2 2 2 2 2 2 2 2 2 2 2 2 2 2 2 2 2 2 2 2 2
left_child=5 2 3 -2 -5 25 7 8 10 15 11 12 -4 14 17 -10 -11 -14 21 -20 22 24 23 -21 -8 27 -27 -1 -28 -30
right_child=1 -3 6 4 -6 -7 18 -9 9 16 -12 -13 13 -15 -16 -17 -18 -19 19 20 -22 -23 -24 -25 -26 26 28 -29 29 -31
leaf_value=-0.00312411291366553 0.0049674363286344491 0.018653703772914112 0.039061930857919681 -0.020354887991355316 0.0019414416096918655 -0.0030303403466194825 0.034585564189706111 0.087627831222162375 -0.00080332266216205303 -0.024414824419706247 0.0089999678865507315 0.0057849458301300147 -0.023292602633316214 -0.0024767411409370704 -0.026123506514635277 -0.0090340871996943337 0.061684944166783613 -0.0055871761300171612 -0.032185318793604874 0.0010681584480308713 -0.00199306273679958 0.036006798909465031 0.05054056408716015 -0.025546549388003267 -0.010461377042197134 0.0011561407431052273 0.00054584691912644607 -0.00042263559858895253 0.00012242748103557442 -0.005599936086921593
leaf_weight=30 42 750 30 36 33 28 27 88 25 26 187 65 25 78 30 27 48 28 33 174 46 363 180 27 25 440 1505 1682 308 282
leaf_count=30 42 750 30 36 33 28 27 88 25 26 187 65 25 78 30 27 48 28 33 174 46 363 180 27 25 440 1505 1682 308 282
internal_value=0.000118759 0.000723475 0.000177616 -0.00389286 -0.00805714 -0.000219831 0.000474886 -0.000565349 -0.00127018 -0.00516535 -0.000153153 -0.00192996 -0.00352083 -0.00491358 -0.00890476 -0.0111698 -0.000853333 -0.00496296 0.00125571 0.000173536 0.001 0.00245192 0.00168586 1.98021e-05 -0.00211321 -0.000172316 0.000228707 -0.000765908 -0.00014313 -0.001489
internal_weight=6668 2393 1643 111 69 4275 1532 657 569 126 443 256 191 161 83 52 74 53 875 460 427 415 381 201 52 4247 2535 1712 2095 590
internal_count=6668 2393 1643 111 69 4275 1532 657 569 126 443 256 191 161 83 52 74 53 875 460 427 415 381 201 52 4247 2535 1712 2095 590
is_linear=0
shrinkage=0.04


Tree=139
num_leaves=31
num_cat=0
split_feature=6 17 7 10 12 6 11 7 4 7 7 9 0 7 4 5 7 4 7 5 4 4 3 6 13 8 1 0 3 12
split_gain=1.07565 0.776635 1.05469 1.77432 0.94881 1.72902 1.5154 1.31133 3.16173 0.682056 1.71397 2.43619 0.824123 2.09491 1.59227 0.801999 0.797745 1.35387 0.674594 0.645779 1.12426 2.08685 1.81556 0.70162 1.56992 0.599117 0.578186 1.62614 0.552882 0.544297
threshold=17.108333333333338 0.78656609248549325 2.777083333333334 9.3500000000000032 89.500000000000014 5.841666666666665 4.2500000000000009 5.6604166666666673 7.9500000000000011 4.5687500000000014 5.0729166666666679 56.500000000000007 4.7500000000000009 6.2229166666666682 8.0500000000000025 2.9500000000000006 9.7854166666666682 8.5500000000000025 2.5104166666666674 14.350000000000003 9.3500000000000032 14.350000000000003 13.450000000000001 0.99999999999999623 6.6500000000000012 12.950000000000001 10.550000000000002 10.050000000000002 15.850000000000003 79.500000000000014
decision_type=2 2 2 2 2 2 2 2 2 2 2 2 2 2 2 2 2 2 2 2 2 2 2 2 2 2 2 2 2 2
left_child=1 4 3 -3 19 -6 7 -7 -9 15 11 -11 13 -12 -15 -4 -14 -18 -5 23 -21 22 -22 24 -1 26 29 -28 -2 -25
right_child=28 2 9 18 5 6 -8 8 -10 10 12 -13 16 14 -16 -17 17 -19 -20 20 21 -23 -24 25 -26 -27 27 -29 -30 -31
leaf_value=-0.0012872339586514146 -0.013463284622879768 0.00091203157233410567 -0.0099505644947329771 -0.011872396162827351 0.00043948555343482259 -0.032172543435224653 -1.314545672772745e-05 0.0041816514010213773 -0.010087447410017958 -0.01910985615214256 0.024040429604196754 0.0035282612230513339 0.03035115673426176 -0.033794311697287471 -0.0015861487070933328 0.021947988364221148 -0.023177389489153759 0.0017212133191681345 -0.00050465310954301537 0.0011196768221356332 -0.0059631197952030503 0.0042108926786519653 -0.022673603425238244 0.00031502575023086894 0.00064002870551064356 0.0097922753379086347 -0.020547224880916811 0.00037778190983412405 0.034438348156860428 -0.00068632668438428277
leaf_weight=33 59 87 48 26 147 25 63 36 35 40 48 70 447 25 26 247 41 184 31 157 49 64 28 2685 51 433 47 123 331 982
leaf_count=33 59 87 48 26 147 25 63 36 35 40 48 70 447 25 26 247 41 184 31 157 49 64 28 2685 51 433 47 123 331 982
internal_value=0.000112761 -1.40148e-05 0.000847843 -0.00237241 -0.000243597 -0.00239739 -0.005275 -0.00841237 -0.0055 0.00124384 0.000684807 -0.00396396 0.00135233 -0.00204 -0.00761538 0.00290541 0.00185438 -8.84954e-05 -0.0077931 -0.00010144 -0.00189967 -0.00447887 -0.00887179 2.20438e-05 -0.00357647 9.3655e-05 -6.5659e-05 -0.00233918 0.00214834 4.03491e-05
internal_weight=6668 6278 1320 144 4958 306 159 96 71 1176 881 110 771 99 51 295 672 225 57 4652 298 141 77 4354 84 4270 3837 170 390 3667
internal_count=6668 6278 1320 144 4958 306 159 96 71 1176 881 110 771 99 51 295 672 225 57 4652 298 141 77 4354 84 4270 3837 170 390 3667
is_linear=0
shrinkage=0.04


Tree=140
num_leaves=31
num_cat=0
split_feature=11 5 10 10 4 11 0 19 4 19 18 6 13 12 9 10 7 19 9 9 19 6 12 10 6 5 2 4 14 5
split_gain=1.23006 1.00642 0.941876 0.836225 0.828586 1.24552 3.36733 1.81897 2.5046 1.1466 1.08559 0.892091 1.09787 1.92866 0.869826 1.50563 0.932884 0.824872 2.16579 0.775217 0.868122 1.95702 1.56572 2.11776 1.02409 1.59201 1.09419 0.776845 1.35085 0.737312
threshold=-0.74999999999999989 18.750000000000004 1.2500000000000002 0.55000000000000016 8.9500000000000011 10.350000000000003 13.250000000000002 0.6078576107927941 11.350000000000003 0.87837969732492682 -0.60355339059327384 1.2999999999999969 7.2500000000000009 80.500000000000014 72.500000000000014 5.2500000000000009 11.145833333333336 0.87837969732492682 68.500000000000014 110.50000000000001 -0.60785761079279388 16.291666666666668 69.500000000000014 2.2500000000000004 14.35 8.0500000000000025 10.850000000000003 15.750000000000002 202.50000000000003 3.7500000000000004
decision_type=2 2 2 2 2 2 2 2 2 2 2 2 2 2 2 2 2 2 2 2 2 2 2 2 2 2 2 2 2 2
left_child=17 3 -3 -2 9 6 7 14 -9 11 -7 12 13 -5 15 -6 -17 -1 -19 20 21 -12 23 24 25 26 -22 28 -27 -11
right_child=1 2 -4 4 5 10 -8 8 -10 29 19 -13 -14 -15 -16 16 -18 18 -20 -21 22 -23 -24 -25 -26 27 -28 -29 -30 -31
leaf_value=0.0031896820968344854 0.00080450359824488118 -0.0014997772556312749 0.0092850935396218519 -0.0031155250137549989 -0.007867718102923079 0.04159508792674077 -0.01867456970557933 -0.01190799446474541 0.011872694476503264 0.00038579857911648808 0.019778303990485573 -5.3758897141248398e-05 0.00024551964475177641 0.0019481824315632818 0.0063464334695386426 0.0039408787965078138 -0.0038944235919610598 0.0027225325729846538 -0.035747295607049305 0.054807863703640269 9.3519587575397622e-05 -0.044551856071097233 -0.017586595010163901 0.0013860803130443769 0.011424840078061745 -0.00059548582550560157 -0.0119372634395327 -0.0082377348949894541 -0.021598705217028155 0.037308756895636952
leaf_weight=665 309 35 281 37 27 185 43 59 37 271 175 3181 71 27 128 85 32 69 40 75 75 27 28 234 28 31 27 26 27 321
leaf_count=665 309 35 281 37 27 185 43 59 37 271 175 3181 71 27 128 85 32 69 40 75 75 27 28 234 28 31 27 26 27 321
internal_value=0.000225928 2.8557e-05 0.00222082 -9.62815e-05 -0.000215291 -0.00106963 -0.00290291 -0.0016477 -0.00635052 7.9816e-05 -0.000264111 -0.000209828 -0.00338235 -0.00713846 2.93042e-05 -0.00209655 -0.000101695 0.00172387 -0.00149091 -0.000938992 -0.00136672 0.000827586 -0.00229769 -0.00171047 -0.00457674 -0.00564706 -0.00225243 -0.00969412 -0.00691525 0.00169983
internal_weight=6656 5882 316 5566 5257 1349 411 368 96 3908 938 3316 135 64 272 144 117 774 109 753 678 202 476 448 214 186 102 84 58 592
internal_count=6656 5882 316 5566 5257 1349 411 368 96 3908 938 3316 135 64 272 144 117 774 109 753 678 202 476 448 214 186 102 84 58 592
is_linear=0
shrinkage=0.04


Tree=141
num_leaves=31
num_cat=0
split_feature=11 17 12 11 12 7 2 4 17 4 16 14 11 3 7 12 16 11 19 14 5 18 3 5 19 12 16 3 4 20
split_gain=1.10896 0.935751 0.868816 0.74257 2.29796 1.6799 1.21981 1.42749 1.46504 1.3092 1.30141 1.26031 1.08491 1.58966 2.36428 1.27524 1.78515 1.75483 1.23232 3.3782 2.25992 1.2242 1.15504 1.00453 1.74113 0.967532 1.10273 1.66431 1.3535 1.07841
threshold=-0.74999999999999989 0.78656609248549325 73.500000000000014 11.450000000000001 62.500000000000007 13.581250000000002 5.1500000000000012 11.750000000000002 -0.9159756150367534 9.9500000000000011 92.500000000000014 101.50000000000001 19.650000000000002 6.9500000000000011 10.025000000000002 39.500000000000007 702.50000000000011 15.15 1.0000000180025095e-35 211.50000000000003 1.8500000000000003 0.1294095225512602 6.3500000000000005 11.950000000000001 -1.0000000180025095e-35 75.500000000000014 107.50000000000001 7.0500000000000007 2.7500000000000004 1.0000000180025095e-35
decision_type=2 2 2 2 2 2 2 2 2 2 2 2 2 2 2 2 2 2 2 2 2 2 2 2 2 2 2 2 2 2
left_child=2 3 -1 5 12 6 23 8 10 25 -8 -12 15 14 18 -5 -17 -18 19 21 -21 -14 -19 -2 -25 -10 27 28 29 -27
right_child=1 -3 -4 4 -6 -7 7 -9 9 -11 11 -13 13 -15 -16 16 17 22 -20 20 -22 -23 -24 24 -26 26 -28 -29 -30 -31
leaf_value=0.021942256760217767 0.00028164509050978052 0.002037657742731938 0.00074771977611271347 0.00074633154646844258 0.030828973488296999 -0.014230259155709881 -0.018667992445190042 0.005425007972631987 0.0018110005155911038 -0.011066913308198634 0.0028405095300062344 -0.024823875156622072 -0.010700869626351044 0.0084005889844218293 -0.020592639469958464 -0.0035447388214595553 -0.0026814168119795455 -0.0023198590995824934 0.0071240082706662908 2.8896562153953408e-05 -0.021015815228176832 0.0080220163496890345 -0.029120974300924113 -0.0059536145489902867 0.00039073278646144157 -0.0082373707711682724 -0.0096995247486961235 0.00047959602120234684 -0.00039009461750398404 -0.022975275236620001
leaf_weight=242 1339 1220 532 156 528 27 46 79 227 61 46 34 26 776 28 250 65 27 207 27 48 95 40 26 38 46 47 254 92 27
leaf_count=242 1339 1220 532 156 528 27 46 79 227 61 46 34 26 776 28 250 65 27 207 27 48 95 40 26 38 46 47 254 92 27
internal_value=0.000249963 6.25533e-05 0.00167226 -0.000195582 0.0003219 -0.000687866 -0.000572154 -0.00167083 -0.00213394 -0.00146225 -0.00611024 -0.00296296 -0.000378007 0.00028808 -0.00165741 -0.00187013 -0.00311227 -0.00685714 -0.000861386 -0.0031269 -0.00973684 0.00101639 -0.0113529 0.000179487 -0.00467692 -0.000962536 -0.00200428 -0.00134286 -0.00445783 -0.00848649
internal_weight=6656 5882 774 4662 2273 2389 2362 959 880 754 126 80 1745 1207 431 538 382 132 403 196 75 121 67 1403 64 693 466 419 165 73
internal_count=6656 5882 774 4662 2273 2389 2362 959 880 754 126 80 1745 1207 431 538 382 132 403 196 75 121 67 1403 64 693 466 419 165 73
is_linear=0
shrinkage=0.04


Tree=142
num_leaves=31
num_cat=0
split_feature=5 4 4 3 20 19 11 10 9 13 13 13 12 16 13 10 1 9 9 7 13 7 9 16 11 9 12 12 19 11
split_gain=0.924711 0.984244 0.828925 1.60566 1.86655 1.16065 2.09039 1.03825 1.42211 1.18327 0.933166 0.747247 0.927381 1.27049 0.888682 0.852825 1.12264 0.777041 0.994452 0.94555 0.745393 0.713488 0.666875 0.639296 0.613164 0.937832 1.96028 1.16921 0.773839 0.864912
threshold=18.750000000000004 8.9500000000000011 11.15 13.750000000000002 -0.22252093395631442 0.6078576107927941 8.5500000000000025 4.3500000000000005 85.500000000000014 7.8500000000000005 5.9500000000000011 11.15 77.500000000000014 1222.5000000000002 13.250000000000002 0.65000000000000002 8.9500000000000011 72.500000000000014 59.500000000000007 12.227083333333335 2.3500000000000001 7.7729166666666671 74.500000000000014 1182.5000000000002 -1.1499999999999997 68.500000000000014 78.500000000000014 83.500000000000014 0.87837969732492682 1.1500000000000001
decision_type=2 2 2 2 2 2 2 2 2 2 2 2 2 2 2 2 2 2 2 2 2 2 2 2 2 2 2 2 2 2
left_child=1 24 3 5 -5 7 22 8 9 -3 -8 12 13 -4 -13 -15 -17 18 -14 20 -20 -12 -7 -2 25 -1 -27 -28 -26 -30
right_child=23 2 11 4 -6 6 10 -9 -10 -11 21 14 17 15 -16 16 -18 -19 19 -21 -22 -23 -24 -25 28 26 27 -29 29 -31
leaf_value=0.010225839843635376 0.0072977795793921982 -0.022164172437935045 0.0057926810781519815 -0.026083822972276162 -0.00075308713200796635 -0.0022259580094585556 0.072495864512569994 0.004413144450232975 0.0058450622331292666 -0.00078182431922566964 0.00034773927944743352 -0.0057094877836899776 0.0020897339777813241 0.0026611752264936546 0.00079606344868326487 -0.0097563147770263776 -6.3006022745526761e-06 0.0056859410824904614 -0.0034109412617823348 -0.0079080135382830503 0.0023533732226901582 -0.0087661776306718949 -0.027493135252003077 -0.0045092442805423835 3.1033125201889959e-05 0.0047470528903730616 -0.0106806344158333 9.0802062849681516e-05 -0.0019197384660340861 0.0050616424444869038
leaf_weight=319 292 40 508 35 48 25 42 206 91 45 26 62 58 100 59 37 51 27 26 26 29 29 27 26 3510 153 66 56 64 573
leaf_count=319 292 40 508 35 48 25 42 206 91 45 26 62 58 100 59 37 51 27 26 26 29 29 27 26 3510 153 66 56 64 573
internal_value=0.000255971 0.000150182 -0.000708385 -0.00186016 -0.007 -0.00104511 -0.00402667 0.000125327 -0.00212429 -0.00581395 -0.000530612 1.21953e-05 0.00042642 0.00106743 -0.00291803 -0.00173545 -0.00458427 -0.0022515 -0.00345714 -0.00629268 -0.00321429 -0.00392857 -0.0104151 0.00235737 0.000439477 0.00164034 -7.24636e-05 -0.0038374 0.000267117 0.00154859
internal_weight=6656 6338 1597 614 83 531 149 382 176 85 97 983 862 696 121 188 88 166 139 81 55 55 52 318 4741 594 275 122 4147 637
internal_count=6656 6338 1597 614 83 531 149 382 176 85 97 983 862 696 121 188 88 166 139 81 55 55 52 318 4741 594 275 122 4147 637
is_linear=0
shrinkage=0.04


Tree=143
num_leaves=31
num_cat=0
split_feature=11 10 19 13 3 0 8 5 14 3 0 10 7 1 14 0 5 17 5 16 16 11 3 14 4 10 10 12 5 3
split_gain=1.01822 0.77837 0.759408 0.90517 1.08525 0.649795 0.680476 1.75047 0.534124 0.677766 0.522685 0.702575 1.25795 1.06587 1.01479 0.665493 0.586186 0.909476 0.569688 0.563074 0.822971 1.69701 0.987222 0.988699 0.95035 1.32645 1.10095 0.990777 0.93861 1.16645
threshold=-1.1499999999999997 16.850000000000005 0.87837969732492682 2.8500000000000001 3.5500000000000003 41.600000000000001 27.150000000000002 15.050000000000002 197.50000000000003 8.8500000000000032 17.150000000000002 13.750000000000002 3.0520833333333344 10.450000000000001 224.50000000000003 14.050000000000002 7.2500000000000009 0.12940952255126045 5.3500000000000005 22.500000000000004 37.500000000000007 4.7500000000000009 3.5500000000000003 185.50000000000003 6.5500000000000007 8.7500000000000018 10.450000000000001 82.500000000000014 17.150000000000002 5.2500000000000009
decision_type=2 2 2 2 2 2 2 2 2 2 2 2 2 2 2 2 2 2 2 2 2 2 2 2 2 2 2 2 2 2
left_child=2 5 -1 -4 -5 6 10 -8 -3 -10 11 19 -13 14 18 -15 17 -12 -14 -2 21 24 23 -23 26 -26 -21 -28 -22 -30
right_child=1 8 3 4 -6 -7 7 -9 9 -11 16 12 13 15 -16 -17 -18 -19 -20 20 28 22 -24 -25 25 -27 27 -29 29 -31
leaf_value=0.0040209856812250273 0.0014603393601467676 0.048939881805544733 0.010501273188233519 0.0013914342361828649 -0.0392640278447072 0.10184896110683923 -0.038228625259593238 0.11502369933816774 -0.011987110827775045 0.047532129853854341 -0.020267907007610317 -0.0092852935488974241 -0.017058938320052688 -0.012394897244917751 -0.014506510669539905 0.0066158246119278445 0.011740492290337389 0.16962039545692839 0.054257464287321061 -0.00055756866084007205 0.00021713501138381907 0.004404794769813104 0.004212919233041585 -0.0094747906208107191 -0.0062020157835652248 -0.00039300504639719304 -0.0087175233787064443 -0.031284878610842858 -0.018802812637463896 -0.00076060136038627211
leaf_weight=590 390 156 40 26 27 67 38 26 32 27 31 28 39 32 26 25 174 26 99 215 3929 29 195 39 39 41 40 50 32 148
leaf_count=590 390 156 40 26 27 67 38 26 32 27 31 28 39 32 26 25 174 26 99 215 3929 29 195 39 39 41 40 50 32 148
internal_value=0.00031005 0.000142618 0.00177193 -0.00157447 -0.00496296 5.41762e-05 7.7303e-06 -0.00406154 0.0025 -0.000733333 5.47265e-05 -2.5199e-05 -0.002096 -0.00106306 0.000581818 -0.00572414 0.00191379 -0.00158621 0.00195683 7.53692e-05 -4.45564e-05 -0.00136826 0.00110606 -0.00301449 -0.00305699 -0.00691358 -0.00202614 -0.00571429 0.000164477 -0.00265193
internal_weight=6656 5973 683 93 53 5758 5691 64 215 59 5627 5396 249 221 164 57 231 57 138 5147 4757 648 263 68 385 80 305 90 4109 180
internal_count=6656 5973 683 93 53 5758 5691 64 215 59 5627 5396 249 221 164 57 231 57 138 5147 4757 648 263 68 385 80 305 90 4109 180
is_linear=0
shrinkage=0.04


Tree=144
num_leaves=31
num_cat=0
split_feature=1 8 10 9 12 10 7 7 3 19 12 7 4 17 7 5 16 14 14 4 5 12 8 5 12 13 18 2 13 8
split_gain=0.834351 1.34149 0.686957 1.34307 0.608758 0.74122 1.13483 1.16081 1.52597 0.747273 1.00154 0.819493 1.08591 1.17223 0.736689 2.99052 0.736493 0.733048 0.97571 2.39739 1.70048 0.883818 1.66323 0.782595 0.812589 0.721868 0.91354 0.787246 1.43095 1.27138
threshold=29.650000000000002 27.150000000000002 16.850000000000005 69.500000000000014 83.500000000000014 4.8500000000000005 2.4770833333333337 2.2354166666666671 2.1500000000000008 -0.60785761079279388 39.500000000000007 5.6604166666666673 13.050000000000002 -0.9159756150367534 12.227083333333335 11.050000000000002 602.50000000000011 186.50000000000003 66.500000000000014 15.350000000000003 14.550000000000002 57.500000000000007 11.350000000000003 17.550000000000004 79.500000000000014 1.0500000000000003 -0.78656609248549325 2.6500000000000008 0.45000000000000007 6.7500000000000009
decision_type=2 2 2 2 2 2 2 2 2 2 2 2 2 2 2 2 2 2 2 2 2 2 2 2 2 2 2 2 2 2
left_child=1 2 4 -4 5 17 7 -7 -9 10 -8 -11 13 -13 25 -16 -15 18 -1 21 -21 -20 -23 24 -19 26 -6 -28 -29 -30
right_child=-2 -3 3 -5 14 6 9 8 -10 11 -12 12 -14 16 15 -17 -18 23 19 20 -22 22 -24 -25 -26 -27 27 28 29 -31
leaf_value=0.0020553777037425045 0.094802829471078987 -0.038920000133809966 0.035517737217158167 -0.044382278438979371 0.00036101041834642856 5.6965669495994126e-05 -0.003009662684288717 -0.0048615797544892614 0.00052540148374828448 0.0051619402155848419 0.012382218238702119 -0.027273530289819596 0.0069616161123794672 -2.2215857324985557e-05 -0.010253604768598384 0.00023016222612640033 -0.028178629958634557 0.00065575521397584599 0.00017991857514431165 -0.0044620348909317036 -0.00024145261685017908 -0.0012805984053958369 -0.028185709098952627 -0.019557536384909494 -0.0084521767801235409 0.00012644937929725048 0.00091649514902853683 0.0033040484711858147 -0.006249762477629023 -0.0026260905912872433
leaf_weight=450 119 34 264 27 73 114 41 30 29 795 609 48 155 727 30 72 25 1091 399 39 25 284 27 34 28 947 37 30 43 30
leaf_count=450 119 34 264 27 73 114 41 30 29 795 609 48 155 727 30 72 25 1091 399 39 25 284 27 34 28 947 37 30 43 30
internal_value=0.000328076 0.00026736 0.000309348 0.00220548 0.000220184 0.000420117 0.000890443 -0.00222988 -0.00673333 0.0011162 0.00227343 0.000685323 -0.000104602 -0.000699126 -0.000563737 -0.00380583 -0.000308101 -8.91504e-05 -0.000770612 -0.00163097 -0.00898462 -0.000956399 -0.00255128 0.000634316 0.000817857 -0.000275624 -0.00237383 -0.00425532 -0.00603846 -0.00902703
internal_weight=6656 6537 6503 291 6212 4950 2573 173 59 2400 650 1750 955 800 1262 102 752 2377 1224 774 64 710 311 1153 1119 1160 213 140 103 73
internal_count=6656 6537 6503 291 6212 4950 2573 173 59 2400 650 1750 955 800 1262 102 752 2377 1224 774 64 710 311 1153 1119 1160 213 140 103 73
is_linear=0
shrinkage=0.04


Tree=145
num_leaves=31
num_cat=0
split_feature=0 8 3 3 11 9 10 10 7 16 1 14 8 0 19 0 0 9 11 10 3 8 16 14 6 14 7 3 4 14
split_gain=0.687382 0.580915 0.671337 1.51386 2.53332 0.902609 1.97393 0.773612 1.06799 0.645488 0.821349 0.511787 0.558998 0.80016 0.705821 1.34159 1.11385 1.10749 1.5809 1.42544 1.16481 1.57584 1.00047 0.816576 0.696246 1.01212 0.661782 2.04494 0.905229 1.92368
threshold=41.600000000000001 2.3500000000000001 3.6500000000000008 3.0500000000000003 6.1500000000000012 63.500000000000007 6.4500000000000011 3.8500000000000001 2.5854166666666671 1427.5000000000002 1.7500000000000002 25.500000000000004 27.150000000000002 29.650000000000002 -0.60785761079279388 7.2500000000000009 3.0500000000000003 65.500000000000014 2.8500000000000001 4.9500000000000011 6.9500000000000011 5.3500000000000005 1592.5000000000002 77.500000000000014 3.2999999999999967 163.50000000000003 13.752083333333337 13.750000000000002 11.15 157.50000000000003
decision_type=2 2 2 2 2 2 2 2 2 2 2 2 2 2 2 2 2 2 2 2 2 2 2 2 2 2 2 2 2 2
left_child=1 2 3 5 -5 -1 7 8 -7 10 -10 -3 14 -14 15 16 -13 18 20 -20 21 -18 24 -17 25 -19 27 -16 29 -29
right_child=-2 11 -4 4 -6 6 -8 -9 9 -11 -12 12 13 -15 26 23 17 22 19 -21 -22 -23 -24 -25 -26 -27 -28 28 -30 -31
leaf_value=0.0069836923813563316 0.10598837832251702 0.013503744351302978 0.00048201560730123271 -0.0051462783130689404 0.00035893160191188741 3.6119196281894937e-05 -0.0021712913421121456 0.0017220569315176469 -0.0062973261149716795 0.00021598383372309479 -0.0061074205615439196 0.002556644277661418 -0.037363200128457563 0.0051549366338900357 0.00016093218234162647 -0.0060268328400053962 0.012216080570901343 0.02326884654037456 -0.014572735304094824 0.00044117654143368027 -0.012314351043656455 -0.035378438420849749 -0.01199249918154433 0.021795967966003044 0.0099473732543870104 -0.0037542313064628076 0.015610370355187456 0.0026319669140279318 -0.00035920232241724344 -0.016999096519891784
leaf_weight=60 80 300 272 44 45 136 32 157 57 25 26 205 34 38 3400 39 25 25 32 176 26 40 38 609 266 38 261 32 105 69
leaf_count=60 80 300 272 44 45 136 32 157 57 25 26 205 34 38 3400 39 25 25 32 176 26 40 38 609 266 38 261 32 105 69
internal_value=0.000288062 0.000243158 -0.000729824 -0.00149571 -0.00626667 -0.000623482 -0.00126267 -0.000487562 -0.00189388 -0.00484404 -0.00652381 0.000387567 0.000298956 -0.00317808 0.000346018 0.00107632 5.04589e-05 -0.000743628 -0.00254667 -0.00061244 -0.00691304 -0.00393939 0.000728261 0.002453 0.00144242 -0.0023125 5.89453e-05 -8.20625e-05 -0.00394203 -0.00662745
internal_weight=6692 6612 854 582 89 493 433 401 244 108 83 5758 5458 72 5386 1519 871 666 299 208 91 65 367 648 329 63 3867 3606 206 101
internal_count=6692 6612 854 582 89 493 433 401 244 108 83 5758 5458 72 5386 1519 871 666 299 208 91 65 367 648 329 63 3867 3606 206 101
is_linear=0
shrinkage=0.04


Tree=146
num_leaves=31
num_cat=0
split_feature=0 12 3 5 0 1 20 9 10 7 15 4 13 16 14 9 14 3 3 8 16 16 8 14 14 14 12 12 16 8
split_gain=0.67843 0.629389 1.16419 0.744163 0.576888 0.725654 0.92467 0.754455 1.28845 1.42705 0.62025 1.54786 1.25146 1.12091 0.619065 0.591477 0.696324 0.659551 0.749932 0.946213 0.552425 0.945107 0.558252 0.563174 0.514595 0.824265 1.77669 1.03189 0.713726 0.698479
threshold=41.600000000000001 92.500000000000014 11.15 5.2500000000000009 2.2500000000000004 2.6500000000000008 -0.22252093395631442 61.500000000000007 6.4500000000000011 2.6187500000000008 1.0000000180025095e-35 16.650000000000002 0.65000000000000002 777.50000000000011 9.5000000000000018 69.500000000000014 296.50000000000006 2.8500000000000001 5.9500000000000011 6.9500000000000011 1462.5000000000002 1317.5000000000002 2.4500000000000006 175.50000000000003 264.50000000000006 246.50000000000003 57.500000000000007 38.500000000000007 702.50000000000011 14.950000000000001
decision_type=2 2 2 2 2 2 2 2 2 2 2 2 2 2 2 2 2 2 2 2 2 2 2 2 2 2 2 2 2 2
left_child=1 4 3 -3 5 7 -7 -1 20 -10 14 12 -12 15 -6 17 -17 -14 -19 -20 21 22 -9 -24 25 -16 27 -27 -26 -30
right_child=-2 2 -4 -5 10 6 -8 8 9 -11 11 -13 13 -15 24 16 -18 18 19 -21 -22 -23 23 -25 28 26 -28 -29 29 -31
leaf_value=0.0033036468982368949 0.10174884318961637 -0.0011640893149827544 -0.0052669503521476915 0.006391456936805897 0.030477848074516676 0.0057018758920065176 -0.012827033348561386 2.8666476726660291e-05 -0.0021114386309156884 -2.0857968805929679e-05 -0.012967652175308937 -0.019739994215258096 -0.0059264372259354306 -0.0076100953278720618 0.00045668483974567242 0.010553704350673267 -0.0088728881072575334 0.0081784072388557602 -0.0071706787691768895 0.0050936240028809079 0.0020704379568528041 -0.0025543882083749764 -0.013795324283719613 0.0028702455798857375 0.0070971853698755033 -0.0019678199230828085 0.0031754908742372685 -0.029025372670471429 0.00092882572742145249 -0.019226481205973145
leaf_weight=109 80 43 49 45 87 35 42 536 32 42 34 33 38 33 3806 191 25 88 41 59 145 26 25 28 522 29 63 38 314 54
leaf_count=109 80 43 49 45 87 35 42 536 32 42 34 33 38 33 3806 191 25 88 41 59 145 26 25 28 522 29 63 38 314 54
internal_value=0.000311968 0.000267352 -0.0024058 0.000359551 0.000324274 -0.000548482 -0.00425641 -0.000241525 -0.000651497 -0.00565333 0.000487537 -0.00079558 -0.000243137 0.000294118 0.000629223 0.0008307 0.00232258 -0.000599119 0.000380953 -0.0019802 -0.000157687 -0.000681818 -0.000345763 -0.00422222 0.000568469 0.000371857 -0.00274809 -0.00723529 0.00143659 8.6721e-05
internal_weight=6692 6612 137 88 6475 1020 77 943 834 74 5455 542 509 475 4913 442 216 226 188 100 760 615 589 53 4826 3936 130 67 890 368
internal_count=6692 6612 137 88 6475 1020 77 943 834 74 5455 542 509 475 4913 442 216 226 188 100 760 615 589 53 4826 3936 130 67 890 368
is_linear=0
shrinkage=0.04


Tree=147
num_leaves=31
num_cat=0
split_feature=5 5 12 4 19 13 14 20 4 11 12 1 16 19 9 6 13 5 13 9 11 9 17 14 14 12 6 2 18 13
split_gain=0.841151 1.14944 0.630947 1.41885 1.66132 1.3473 1.10131 1.05752 1.12633 0.842157 1.43595 1.05872 1.1165 1.89303 4.12723 1.39609 1.75994 0.93078 1.16202 1.14974 0.81297 0.737275 0.832334 1.84723 0.961678 1.39243 0.701634 1.76216 1.12162 0.659171
threshold=18.750000000000004 18.350000000000005 84.500000000000014 14.050000000000002 -1.0000000180025095e-35 1.0500000000000003 63.500000000000007 -0.56174490092936669 4.2500000000000009 3.2500000000000004 72.500000000000014 1.5500000000000003 42.500000000000007 0.87837969732492682 67.500000000000014 5.5333333333333341 3.1500000000000008 1.6500000000000001 1.2500000000000002 66.500000000000014 -3.3499999999999992 76.500000000000014 -0.37940952255126065 178.50000000000003 186.50000000000003 39.500000000000007 7.3500000000000005 4.7500000000000009 -0.70710678118654757 1.8500000000000003
decision_type=2 2 2 2 2 2 2 2 2 2 2 2 2 2 2 2 2 2 2 2 2 2 2 2 2 2 2 2 2 2
left_child=1 2 9 5 -5 7 -7 8 -4 10 -1 -12 13 15 -15 16 20 18 -11 -20 -13 -21 24 -24 -23 -26 27 -9 -29 -8
right_child=-2 -3 3 4 -6 6 29 26 -10 17 11 12 -14 14 -16 -17 -18 -19 19 21 -22 22 23 -25 25 -27 -28 28 -30 -31
leaf_value=0.01249890877690109 0.0054379369480697893 -0.0071014267695576842 -0.016496713216276895 -0.016391507190287209 2.1510135117934608e-05 -0.014486090519113752 0.0040930877868516277 0.0015251491212952271 -0.0011445187993621533 -0.0079256980977023394 -0.0038928706975778467 -0.0016448727925571932 0.0036842932037451752 6.6084623319079294e-05 -0.050664133798639086 0.014029657575896437 -0.018317500824801967 0.00036494734229043966 -0.0091772552271800756 0.0069948994884717376 0.0044940627982375447 0.0067297099078693868 -0.017556927093187496 -1.5930344459887522e-05 0.0075245809269140198 -0.0022489832936383272 0.06311357086636378 -0.0040543683073454269 -0.0037716912523487675 0.00012460444278729197
leaf_weight=479 316 26 34 26 29 28 148 75 34 25 52 35 325 53 25 199 48 3526 37 67 128 64 28 50 30 25 45 30 26 679
leaf_count=479 316 26 34 26 29 28 148 75 34 25 52 35 325 53 25 199 48 3526 37 67 128 64 28 50 30 25 45 30 26 679
internal_value=0.000335873 0.000235848 0.000270824 -0.000574892 -0.00678571 -0.000258182 0.000490654 -0.00287347 -0.00707246 0.000458726 0.00132045 0.00034642 0.000702703 -0.000507157 -0.00617721 0.000583942 -0.00167925 0.000157799 -0.00188379 -0.00117881 0.000317073 -0.000241509 -0.00147475 -0.00465823 0.000633333 -0.00321429 -0.00122034 -0.00269697 -0.008 0.000758454
internal_weight=6692 6376 6350 1154 55 1099 855 244 68 5196 1344 865 813 488 78 410 211 3852 326 301 163 264 197 78 119 55 176 131 56 827
internal_count=6692 6376 6350 1154 55 1099 855 244 68 5196 1344 865 813 488 78 410 211 3852 326 301 163 264 197 78 119 55 176 131 56 827
is_linear=0
shrinkage=0.04


Tree=148
num_leaves=31
num_cat=0
split_feature=5 5 14 18 8 7 8 4 14 14 7 16 5 13 11 5 11 2 18 10 10 7 8 9 20 2 14 11 2 7
split_gain=0.84616 1.14769 0.72439 0.744514 0.834715 0.737987 1.15813 0.845207 0.738536 0.820331 0.727744 0.585976 0.986066 0.889406 1.23364 0.528306 1.29337 0.884312 1.60679 0.593358 0.663045 0.524289 1.04258 1.58083 1.06663 0.995801 0.963026 1.44673 3.16581 1.12072
threshold=18.750000000000004 18.350000000000005 274.50000000000006 0.98296291314453421 5.2500000000000009 2.9729166666666673 6.4500000000000011 1.0500000000000003 80.500000000000014 225.50000000000003 22.343750000000004 617.50000000000011 1.3500000000000003 5.2500000000000009 3.7500000000000004 3.4500000000000006 1.6500000000000001 2.4500000000000006 -0.78656609248549325 6.2500000000000009 8.7500000000000018 4.6687500000000011 2.1500000000000008 75.500000000000014 1.0000000180025095e-35 6.3500000000000005 246.50000000000003 11.65 4.9500000000000011 10.756250000000003
decision_type=2 2 2 2 2 2 2 2 2 2 2 2 2 2 2 2 2 2 2 2 2 2 2 2 2 2 2 2 2 2
left_child=1 2 5 -4 -5 6 7 -1 -9 11 21 13 -13 15 -15 17 -17 18 -10 -20 -21 22 23 -7 -25 -24 -23 -28 -29 -30
right_child=-2 -3 3 4 -6 10 -8 8 9 -11 -12 12 -14 14 -16 16 -18 -19 19 20 -22 26 25 24 -26 -27 27 28 29 -31
leaf_value=0.00078166118955843959 0.0052204194701469921 -0.0068173696987753798 0.0026098743389132671 -0.020025472899843636 0.0051651354929084167 0.0018531999817413909 -0.0094231830914642128 0.00088920075631694195 -0.0024245748501481802 0.0054232359139840657 -0.031249057844837037 -0.0018371898804590634 0.0019344434565674751 -0.00073763722794253971 -0.025929891008817166 -0.014734565386122897 0.0027704973689999541 0.0020921573445495372 0.0016266028779183014 -0.003188786837042283 0.001672526313451854 0.00031394882598376498 0.0039567586767630608 -0.0023175120479043978 -0.011996652940010131 -0.0056841564583659087 0.004417593430539473 -0.034517228453465609 -0.013641082241381068 0.014696101672349764
leaf_weight=98 316 26 953 25 38 110 41 88 27 49 39 31 55 36 37 44 43 122 47 30 26 3148 825 37 25 146 100 25 56 49
leaf_count=98 316 26 953 25 38 110 41 88 27 49 39 31 55 36 37 44 43 122 47 30 26 3148 825 37 25 146 100 25 56 49
internal_value=0.000329897 0.000229575 0.000264525 0.00124287 -0.0029375 7.79758e-05 -0.00106323 -0.000692098 -0.00122641 -0.00177372 0.00027187 -0.00226052 0.000735632 -0.0028862 -0.00686486 -0.00201176 -0.00468182 -0.0010751 -0.00335878 -0.00103846 -0.00378947 0.000319328 0.00105944 -0.00180347 -0.00685714 0.0015679 6.86595e-05 -0.00242424 -0.00519084 -0.00207547
internal_weight=6692 6376 6350 1016 63 5334 774 733 635 547 4560 498 86 412 73 339 87 252 130 103 56 4521 1143 172 62 971 3378 230 130 105
internal_count=6692 6376 6350 1016 63 5334 774 733 635 547 4560 498 86 412 73 339 87 252 130 103 56 4521 1143 172 62 971 3378 230 130 105
is_linear=0
shrinkage=0.04


Tree=149
num_leaves=31
num_cat=0
split_feature=12 4 13 20 4 17 0 1 11 8 0 11 1 16 13 16 8 8 13 0 10 5 7 16 7 18 9 4 3 4
split_gain=0.735368 1.53218 1.16496 1.00303 1.23509 0.968053 1.08254 1.20587 0.878205 0.823346 0.809411 0.851269 1.18195 1.23456 1.47266 0.987359 0.947168 0.857386 0.736508 0.794689 1.23118 1.2715 1.12044 1.4955 0.706403 0.683721 1.06385 0.877879 1.86772 0.848521
threshold=84.500000000000014 22.350000000000005 1.0500000000000003 -0.56174490092936669 4.2500000000000009 0.78656609248549325 13.15 9.0500000000000025 3.6500000000000008 10.250000000000002 29.650000000000002 3.7500000000000004 1.4500000000000002 42.500000000000007 3.5500000000000003 37.500000000000007 2.5500000000000003 27.150000000000002 1.4500000000000002 5.6500000000000012 5.9500000000000011 8.1500000000000004 3.510416666666667 32.500000000000007 4.7479166666666677 0.1294095225512602 62.500000000000007 5.7500000000000009 3.8500000000000001 12.250000000000002
decision_type=2 2 2 2 2 2 2 2 2 2 2 2 2 2 2 2 2 2 2 2 2 2 2 2 2 2 2 2 2 2
left_child=10 2 3 4 -2 6 7 18 -5 -9 11 12 -1 14 16 24 -14 25 -4 20 -20 22 23 -22 -16 29 27 -27 -29 -13
right_child=1 -3 5 8 -6 -7 -8 9 -10 -11 -12 17 13 -15 15 -17 -18 -19 19 -21 21 -23 -24 -25 -26 26 -28 28 -30 -31
leaf_value=-0.0016349041038293661 -0.015449382778046351 -0.016028096525796724 0.0054693796876761494 0.00020528286117268109 -0.0010348644294808757 0.0066552821481538097 0.0037765367785098721 -0.01610613308562333 -0.0032273488432047509 -0.00059789874766209817 0.11659504297710382 0.00039426427142107856 -0.00092406444881992745 0.008089918408370974 -0.0063890602977375493 0.00014269392555300601 0.0057732338465245172 -0.031447047324752835 0.00061875831563837878 0.0031673792024354296 0.00059534170167801972 -0.0030809609448543256 0.0006699550645696907 -0.018035104119862616 -0.040352064829455678 0.00046666031675233116 1.0989176913093881e-05 -0.016813891030318415 -0.0009313277208631615 0.027149758590128026
leaf_weight=73 34 29 58 147 36 229 80 29 32 50 108 1518 56 719 29 38 511 30 147 131 27 31 105 42 30 80 1929 31 73 260
leaf_count=73 34 29 58 147 36 229 80 29 32 50 108 1518 56 719 29 38 511 30 147 131 27 31 105 42 30 80 1929 31 73 260
internal_value=0.000353803 -0.000539735 -0.000312129 -0.002736 -0.00676056 0.000339785 -0.000399429 -0.000966183 -0.00113333 -0.00555 0.000550492 0.00048122 0.00130679 0.00156936 0.000324812 -0.00420408 0.00110563 0.000174401 -0.000287823 -0.000801653 -0.00179037 -0.00378641 -0.00242286 -0.00634286 -0.0074 0.000227133 -0.000259224 -0.00315676 -0.0055619 0.000804947
internal_weight=6692 1207 1178 249 70 929 700 620 179 79 5485 5377 1456 1383 664 97 567 3921 541 483 352 205 174 69 59 3891 2113 184 104 1778
internal_count=6692 1207 1178 249 70 929 700 620 179 79 5485 5377 1456 1383 664 97 567 3921 541 483 352 205 174 69 59 3891 2113 184 104 1778
is_linear=0
shrinkage=0.04


Tree=150
num_leaves=31
num_cat=0
split_feature=0 5 11 12 9 5 4 18 14 14 13 5 4 7 9 11 19 7 6 1 3 19 2 12 11 11 10 9 2 14
split_gain=0.834892 0.782963 0.726633 0.882197 1.32765 0.647809 0.921855 1.10044 1.22473 2.14977 1.80102 0.992946 1.63482 0.963178 2.35073 0.779977 2.2563 3.08206 1.35426 0.965878 0.835212 1.10036 1.13666 1.08186 1.08143 1.03604 1.47318 4.24825 1.94061 0.93902
threshold=29.650000000000002 45.70000000000001 -2.4499999999999997 77.500000000000014 77.500000000000014 18.750000000000004 15.750000000000002 -0.60355339059327384 188.50000000000003 104.50000000000001 6.3500000000000005 16.250000000000004 9.6500000000000004 14.902083333333335 92.500000000000014 17.250000000000004 -0.8783796973249266 3.9770833333333337 9.9083333333333332 6.5500000000000007 6.2500000000000009 -0.60785761079279388 9.7500000000000018 79.500000000000014 2.0500000000000003 2.8500000000000001 13.850000000000003 51.500000000000007 14.15 17.500000000000004
decision_type=2 2 2 2 2 2 2 2 2 2 2 2 2 2 2 2 2 2 2 2 2 2 2 2 2 2 2 2 2 2
left_child=1 2 3 -1 -5 6 11 -8 9 -9 -11 15 -13 14 -10 20 17 -17 -19 -18 -4 22 23 -22 -25 -23 28 -28 29 -27
right_child=-2 -3 5 4 -6 -7 7 8 13 10 -12 12 -14 -15 -16 16 19 18 -20 -21 21 25 -24 24 -26 26 27 -29 -30 -31
leaf_value=0.0090509328284419394 0.088293032366538571 -0.0053045591409588829 0.0001931061523245347 0.00068102507056016441 -0.0053087700715678575 0.0027966541529454467 0.024210741078386153 -8.6841707750286103e-05 0.0030071358193004224 -0.0012493008484380271 -0.020381098043154224 -2.6209600295305617e-05 -0.01663981645797169 0.036709857407194464 -0.046719097607970508 -0.01629758812591452 0.00025330579099723738 0.002449721709352834 -0.029889312460303269 0.029485769167533631 0.0022130735888919034 0.00015444967985533869 0.038713363935784846 -0.0084528379165062662 -0.0033820684066063786 -0.025191128270312793 2.606916108938175e-05 -0.050673271329922845 -0.027964969914815369 -0.00046186369231048522
leaf_weight=208 129 31 2521 244 25 205 42 68 74 34 33 89 48 51 33 32 642 105 45 688 105 295 158 26 66 29 40 25 46 543
leaf_count=208 129 31 2521 244 25 205 42 68 74 34 33 89 48 51 33 32 642 105 45 688 105 295 158 26 66 29 40 25 46 543
internal_value=0.000179614 0.000116606 0.000147217 0.00164854 0.000133333 2.84581e-05 -4.93234e-05 -0.00208333 -0.00295238 -0.00573529 -0.0107647 7.48548e-05 -0.00327536 -0.000553459 -0.0027037 0.000160984 0.000930602 -0.00323497 -0.000794702 0.00150263 -0.000141115 -0.000950525 0.000955056 -0.00107071 -0.00421505 -0.00164249 -0.00249708 -0.00818182 -0.00188691 -0.00124258
internal_weight=6680 6551 6520 477 269 6043 5838 335 293 135 67 5503 137 158 107 5366 1512 182 150 1330 3854 1333 355 197 92 978 683 65 618 572
internal_count=6680 6551 6520 477 269 6043 5838 335 293 135 67 5503 137 158 107 5366 1512 182 150 1330 3854 1333 355 197 92 978 683 65 618 572
is_linear=0
shrinkage=0.04


Tree=151
num_leaves=31
num_cat=0
split_feature=12 9 0 8 17 11 12 9 16 20 10 5 17 9 12 18 12 4 11 6 10 5 14 12 3 10 17 16 12 3
split_gain=1.06688 1.35536 1.0702 1.59357 0.784681 0.667772 1.05343 1.0054 1.03339 1.51495 1.12864 0.888139 0.606341 0.743579 0.736973 1.09589 1.66896 1.25864 0.720007 1.28057 1.65496 1.69236 1.12046 1.19772 1.09379 1.92858 0.890244 0.825707 0.857103 0.887173
threshold=92.500000000000014 39.500000000000007 29.650000000000002 27.500000000000004 -0.60355339059327362 -0.74999999999999989 72.500000000000014 69.500000000000014 42.500000000000007 1.0000000180025095e-35 6.7500000000000009 1.7500000000000002 0.78656609248549325 78.500000000000014 21.500000000000004 -0.12940952255126037 28.500000000000004 11.950000000000001 2.1500000000000008 9.0916666666666668 8.0500000000000025 6.7500000000000009 161.50000000000003 85.500000000000014 13.750000000000002 8.1500000000000004 1.0000000180025095e-35 42.500000000000007 50.500000000000007 7.0500000000000007
decision_type=2 2 2 2 2 2 2 2 2 2 2 2 2 2 2 2 2 2 2 2 2 2 2 2 2 2 2 2 2 2
left_child=2 -2 3 5 -3 6 -1 11 9 -9 -11 -8 14 -14 -7 16 -16 18 19 20 21 -18 -22 -24 26 -26 -20 -28 -29 -30
right_child=1 4 -4 -5 -6 12 7 8 -10 10 -12 -13 13 -15 15 -17 17 -19 24 -21 22 -23 23 -25 25 -27 27 28 29 -31
leaf_value=0.026656983852349058 -0.0048548190318676177 -0.0039916343924440278 0.08963501232922276 -0.032291921207123653 0.0049592117721166248 0.0020407714247678331 -0.0018340609996114719 -0.038601091886985586 0.0029211763222758346 -0.0042446828704929855 0.017038133093256507 0.0063207745680520259 0.00036201008858775417 0.020243830330561142 -0.005666044573576349 -0.00092638338362761776 0.0005486031637884246 0.027521930275008853 0.0056534843551385621 0.0021159129844213875 0.0069688699993359646 -0.0059395371083692354 -0.017451009840166735 -0.022553185469194527 -0.021085228490223384 0.0018814274748307086 0.0019378778596632557 -0.017792867670715466 -0.005534688366176631 0.0042844614655765407
leaf_weight=229 25 29 123 26 76 308 40 29 61 45 34 298 933 214 31 2200 127 219 706 82 25 43 43 37 34 62 258 25 185 133
leaf_count=229 25 29 123 26 76 308 40 29 61 45 34 298 933 214 31 2200 127 219 706 82 25 43 43 37 34 62 258 25 185 133
internal_value=0.000215537 -0.00335878 0.000286979 0.00021593 -0.00132075 0.000256795 0.00138942 0.000370079 -0.00214118 -0.00447706 -0.00155 0.00162832 0.000109425 0.000930314 -9.91368e-05 -0.000237473 0.000437593 0.000583839 0.000227144 -0.0013743 -0.00268116 -0.000233918 -0.00660377 -0.00888889 0.000635328 -0.00346392 0.000938838 -0.000192691 -0.00147674 -0.000902821
internal_weight=6680 130 6550 6427 105 6401 736 507 169 108 79 338 5665 1147 4518 4210 2010 1979 1760 357 275 170 105 80 1403 96 1307 601 343 318
internal_count=6680 130 6550 6427 105 6401 736 507 169 108 79 338 5665 1147 4518 4210 2010 1979 1760 357 275 170 105 80 1403 96 1307 601 343 318
is_linear=0
shrinkage=0.04


Tree=152
num_leaves=31
num_cat=0
split_feature=12 11 19 14 2 14 19 9 0 8 4 11 17 2 19 7 2 1 10 19 14 0 14 12 1 1 10 20 14 14
split_gain=0.95179 1.06407 1.2444 1.55328 1.54305 1.50352 1.37435 3.46702 1.0672 1.33671 0.926713 1.00189 1.00245 1.09031 0.904716 1.05925 3.10196 1.98457 1.5028 1.02278 0.969111 0.9046 0.771919 1.22835 1.1706 2.97926 1.53984 1.31119 1.04832 0.816871
threshold=84.500000000000014 3.9500000000000006 0.6078576107927941 168.50000000000003 1.0500000000000003 198.50000000000003 0.87837969732492682 69.500000000000014 29.650000000000002 27.150000000000002 16.650000000000002 3.8500000000000001 -0.70710678118654735 4.9500000000000011 0.6078576107927941 6.3145833333333341 5.3500000000000005 8.1500000000000004 10.850000000000003 -1.0000000180025095e-35 142.50000000000003 6.2500000000000009 141.50000000000003 19.500000000000004 8.5500000000000025 11.750000000000002 3.3500000000000001 -0.56174490092936669 84.500000000000014 117.50000000000001
decision_type=2 2 2 2 2 2 2 2 2 2 2 2 2 2 2 2 2 2 2 2 2 2 2 2 2 2 2 2 2 2
left_child=1 2 4 -4 -1 6 -5 -8 9 22 11 14 13 -13 15 16 19 18 21 -2 -21 -18 23 -3 -25 26 28 -27 -26 -28
right_child=10 8 3 5 -6 -7 7 -9 -10 -11 -12 12 -14 -15 -16 -17 17 -19 -20 20 -22 -23 -24 24 25 27 29 -29 -30 -31
leaf_value=-0.00080429349968473562 0.0016428125799824353 0.024509268055839001 0.0027430264336105936 -0.0013687840057929538 0.0057514110821137408 0.00073736482395480836 -0.00055115228557115685 -0.048877781285871363 0.098305585108482668 -0.029866600455718366 -0.0090417996299613813 0.0030207489679700099 0.0028893691897834634 -0.0061635647457642263 0.0016621557454024796 1.6037211027744594e-05 -0.008945487701821556 -0.012345696791523451 -0.019976272972713229 -0.01904554147742574 -0.00039618597572831186 -0.00072512210742428727 0.00028202300686068819 -0.00032058248659672524 -0.017986872373369569 -0.015068940540328517 0.00010124822729297996 0.0023970554289106344 -0.025429522017412776 -0.0028753631670108012
leaf_weight=29 152 94 202 79 987 101 40 25 111 28 46 32 362 30 167 197 25 38 30 27 71 25 2755 699 48 33 49 143 27 28
leaf_count=29 152 94 202 79 987 101 40 25 111 28 46 32 362 30 167 197 25 38 30 27 71 25 2755 699 48 33 49 143 27 28
internal_value=0.000227511 0.000451177 0.00137432 -0.000383928 0.00214749 -0.00252032 -0.00513103 -0.00939394 0.000114542 4.09746e-06 -0.000791355 -0.000566983 0.000978824 -0.00368254 -0.00146248 -0.00222615 -0.00349051 -0.00880672 -0.0123457 -0.000956175 -0.00412121 -0.00784314 6.8094e-05 -0.000816399 -0.0012179 -0.00318541 -0.00726797 0.000361582 -0.0113158 -0.00323077
internal_weight=6680 5478 1463 447 1016 245 144 65 4015 3904 1202 1156 424 62 732 565 368 118 80 250 98 50 3876 1121 1027 328 152 176 75 77
internal_count=6680 5478 1463 447 1016 245 144 65 4015 3904 1202 1156 424 62 732 565 368 118 80 250 98 50 3876 1121 1027 328 152 176 75 77
is_linear=0
shrinkage=0.04


Tree=153
num_leaves=31
num_cat=0
split_feature=5 4 10 17 3 8 3 9 19 4 11 12 11 20 9 10 2 16 12 4 6 6 14 19 16 5 5 19 4 2
split_gain=0.932723 1.4936 0.789699 0.711515 0.966705 0.826396 0.606606 0.814917 2.91376 0.865258 0.724207 0.587974 1.68475 0.848578 1.15841 1.04782 1.03864 1.12674 1.04214 1.2502 2.01988 1.87139 1.49058 1.42074 1.73823 1.27579 1.30851 0.945754 0.941571 0.847269
threshold=10.950000000000001 23.250000000000004 12.15 0.78656609248549325 1.6500000000000001 23.550000000000004 7.3500000000000005 67.500000000000014 0.6078576107927941 12.050000000000002 4.5500000000000007 73.500000000000014 2.9500000000000006 -0.22252093395631442 62.500000000000007 0.55000000000000016 1.7500000000000002 1882.5000000000002 65.500000000000014 11.550000000000002 9.6166666666666654 6.4749999999999979 217.50000000000003 1.0000000180025095e-35 517.50000000000011 4.5500000000000007 2.2500000000000004 -0.60785761079279388 15.750000000000002 5.2500000000000009
decision_type=2 2 2 2 2 2 2 2 2 2 2 2 2 2 2 2 2 2 2 2 2 2 2 2 2 2 2 2 2 2
left_child=1 3 6 5 -5 11 7 8 10 -9 -2 12 -1 16 -15 -16 -14 18 19 20 21 22 -18 24 -22 26 -24 -19 -17 -13
right_child=2 -3 -4 4 -6 -7 -8 9 -10 -11 -12 29 13 14 15 28 17 27 -20 -21 23 -23 25 -25 -26 -27 -28 -29 -30 -31
leaf_value=0.0063715641081278787 -0.0015341459294293874 -0.01691409835866374 0.037457411193969413 -0.0014643224411296644 0.0075933348592972776 -0.024254073389091454 0.0015719013078381364 0.0034861943490734431 -0.024266699731658209 -0.0036675118000758108 0.013833581534654412 1.5281253093046309e-05 0.0015506977951369092 0.010388731425283878 0.0092530578170293351 -0.00050866081543391914 -0.0016102863895560001 -0.0043012871379088302 0.011134924282878916 0.00082662691424142043 -0.021875904553513691 0.018477713363553659 -0.021356961608749014 -0.00063101397791775343 -0.032497273766307802 -0.017738202220919333 0.00132148086936338 0.021667377184238879 -0.020699160257144526 -0.0013561762073339579
leaf_weight=362 26 31 252 174 872 29 699 149 43 31 82 1041 111 242 167 775 196 27 116 99 29 105 25 36 30 25 27 103 36 740
leaf_count=362 26 31 252 174 872 29 699 149 43 31 82 1041 111 242 167 775 196 27 116 99 29 105 25 36 30 25 27 103 36 740
internal_value=0.000221524 -8.89039e-06 0.00119096 4.24741e-05 0.000978033 -0.000184174 0.000698351 -0.000710843 -0.00286842 0.00110497 0.000660551 -0.000137899 0.00025637 -0.000169302 0.000524161 -8.98875e-05 -0.00107957 -0.00157265 -0.00221771 -0.00291798 -0.00377215 -0.00244855 -0.00418978 -0.00895833 -0.0127333 -0.00887179 -0.00513208 0.00183206 -0.000684729 -0.000693603
internal_weight=6680 5398 1282 5367 1046 4321 1030 331 151 180 108 4292 2511 2149 1220 978 929 818 688 572 473 378 273 95 59 77 52 130 811 1781
internal_count=6680 5398 1282 5367 1046 4321 1030 331 151 180 108 4292 2511 2149 1220 978 929 818 688 572 473 378 273 95 59 77 52 130 811 1781
is_linear=0
shrinkage=0.04


Tree=154
num_leaves=31
num_cat=0
split_feature=5 7 19 14 7 10 6 10 10 19 14 14 8 13 12 20 14 7 14 11 7 0 20 11 7 14 12 7 19 13
split_gain=0.921219 0.886332 2.98181 0.876418 0.723786 1.99673 1.32043 1.51159 0.948698 0.792094 1.20777 1.20989 0.708557 1.44904 1.17388 1.52006 0.82922 0.805808 0.768634 1.10896 1.19041 0.978132 0.952956 0.927413 0.818857 0.829327 2.31971 2.24902 1.13564 2.04374
threshold=10.750000000000002 13.581250000000002 -0.60785761079279388 270.50000000000006 3.010416666666667 6.2500000000000009 2.0333333333333328 7.0500000000000007 12.750000000000002 -1.0000000180025095e-35 192.50000000000003 171.50000000000003 2.1500000000000008 1.5500000000000003 49.500000000000007 1.0000000180025095e-35 176.50000000000003 4.1104166666666675 246.50000000000003 2.6500000000000008 7.3854166666666679 4.4500000000000011 -0.56174490092936669 18.150000000000002 12.227083333333335 183.50000000000003 53.500000000000007 7.3854166666666679 0.87837969732492682 2.8500000000000001
decision_type=2 2 2 2 2 2 2 2 2 2 2 2 2 2 2 2 2 2 2 2 2 2 2 2 2 2 2 2 2 2
left_child=1 3 -3 4 5 -1 7 -7 9 -8 11 -11 13 -6 15 -15 -16 -14 23 -20 21 -21 -23 24 25 -19 27 -27 -28 -30
right_child=-2 2 -4 -5 12 6 8 -9 -10 10 -12 -13 17 14 16 -17 -18 18 19 20 -22 22 -24 -25 -26 26 28 -29 29 -31
leaf_value=0.00022498651542591377 0.001128452218880758 -0.03430995737879744 0.0042677861833049953 0.0011493862060946998 -0.0034556667601152915 -0.0055303331201282373 0.0042032885526700091 -0.00019584331106153183 -0.0053375279214931386 -0.0016980829188135219 0.00046079739256987525 -0.010352933164934901 0.0019139329432900105 -0.00010992368070878186 0.0025938895575476845 -0.0034861563862770739 -0.0020632295232298516 0.00017712260407533206 0.022490659363830118 -0.00045417599911092102 0.0055422156458739729 -0.017028674132082568 -0.0013025788953553556 0.007024371105719799 -0.0037136166674732185 -0.01059623696031258 0.0023201689370066533 -0.068340410166931834 0.0098618266511699294 -0.033955434029060032
leaf_weight=424 1329 38 72 886 35 25 79 45 44 50 74 31 594 51 114 26 34 1390 31 29 47 25 26 616 45 46 374 25 45 30
leaf_count=424 1329 38 72 886 35 25 79 45 44 50 74 31 594 51 114 26 34 1390 31 29 47 25 26 616 45 46 374 25 45 30
internal_value=0.00016764 -6.6517e-05 -0.0036036 8.39389e-06 -0.000224977 -0.00133506 -0.00357593 -0.0084507 -0.00232258 -0.00129362 -0.00294872 -0.00629268 1.45091e-05 -0.00199234 -0.00079646 -0.00476923 0.00128859 0.000172082 -0.000118681 -0.00281761 -0.00446875 -0.00740741 -0.0106923 4.82117e-05 -0.000378323 -0.000251177 -0.00161228 -0.00827778 -0.000542222 -0.005
internal_weight=6680 5351 110 5241 4355 772 348 70 278 234 155 81 3583 260 225 77 148 3323 2729 158 127 80 51 2571 1955 1910 520 71 449 75
internal_count=6680 5351 110 5241 4355 772 348 70 278 234 155 81 3583 260 225 77 148 3323 2729 158 127 80 51 2571 1955 1910 520 71 449 75
is_linear=0
shrinkage=0.04


Tree=155
num_leaves=31
num_cat=0
split_feature=8 3 8 4 5 14 11 19 3 13 0 10 17 5 3 18 10 3 15 3 7 0 4 9 10 7 4 9 7 7
split_gain=1.01781 0.691572 1.35704 1.01504 1.67329 0.857047 0.850705 1.11831 0.603831 0.624638 1.39388 2.06549 1.47523 1.41811 1.45426 1.49055 1.16704 1.09968 0.840597 0.705494 1.38331 1.48167 0.687093 0.662887 0.794687 0.614085 1.23038 1.02884 0.702392 1.53615
threshold=13.15 13.750000000000002 8.5500000000000025 11.15 7.9500000000000011 263.50000000000006 28.450000000000003 1.0000000180025095e-35 2.4500000000000006 2.2500000000000004 5.0500000000000007 13.350000000000003 -0.9159756150367534 4.4500000000000011 5.6500000000000012 -0.5 6.9500000000000011 3.4500000000000006 0.15000000000000005 9.9500000000000011 7.0979166666666673 4.7500000000000009 6.4500000000000011 73.500000000000014 6.4500000000000011 5.7166666666666677 6.5500000000000007 60.500000000000007 2.0187500000000007 2.9729166666666673
decision_type=2 2 2 2 2 2 2 2 2 2 2 2 2 2 2 2 2 2 2 2 2 2 2 2 2 2 2 2 2 2
left_child=1 5 -3 -4 -5 8 -7 -8 25 10 11 13 -12 18 15 -15 -16 -17 22 -11 21 -21 -10 24 -22 26 27 -1 -29 -30
right_child=-2 2 3 4 -6 6 7 -9 9 19 12 -13 -14 14 16 17 -18 -19 -20 20 23 -23 -24 -25 -26 -27 -28 28 29 -31
leaf_value=0.0035081427018448432 0.0028763109628588425 0.0011012157188406404 -0.020754915978535991 -0.034771427972023032 0.0032685548583004571 0.0024753314308966273 -0.0045910521432473419 0.058170739552493196 0.0028764632332579539 0.00061641909596158405 -0.020391587405800157 -0.016292557426571201 0.0039534579468981455 0.00990210077297622 -0.0073891260947681718 -0.0083126360836047793 -0.00010611991846720697 -0.00015497165867433136 -0.0043555337618877742 0.00059209053118742941 -0.018634089948679065 -0.026539442210641369 -0.0053375487836834603 0.0011338518357703385 3.6679724099504395e-05 0.0089372888715104886 -0.0093332272141463217 9.9899721444014352e-05 -0.0022522807852632773 -0.00035280244263900004
leaf_weight=166 1126 110 44 35 79 890 37 30 194 2102 30 28 469 56 25 26 25 25 26 30 25 34 41 133 59 99 48 155 219 271
leaf_count=166 1126 110 44 35 79 890 37 30 194 2102 30 28 469 56 25 26 25 25 26 30 25 34 41 133 59 99 48 155 219 271
internal_value=0.000239229 1.52396e-05 -0.00196283 -0.00432704 -0.00229565 0.000116705 0.00119833 -0.00311765 -0.000125029 0.000129769 -0.000739958 -0.00236242 0.000712 -0.001642 -0.00463291 -0.00196296 -0.0101961 -0.00684615 0.000167939 0.000474832 -0.00140426 -0.00652308 0.000932204 0.000128441 -0.00263529 -0.00100938 -0.00135349 -0.000980295 -0.00170279 -0.00244399
internal_weight=6637 5511 268 158 114 5243 957 67 4286 3328 945 446 499 418 157 107 50 51 261 2383 281 64 235 217 84 958 859 811 645 490
internal_count=6637 5511 268 158 114 5243 957 67 4286 3328 945 446 499 418 157 107 50 51 261 2383 281 64 235 217 84 958 859 811 645 490
is_linear=0
shrinkage=0.04


Tree=156
num_leaves=31
num_cat=0
split_feature=12 18 12 13 11 11 4 4 4 10 2 9 11 4 20 11 9 8 2 13 17 14 14 11 4 20 14 14 5 5
split_gain=0.714451 1.05251 1.31824 0.937081 1.01519 0.973474 0.883552 0.828239 0.799846 0.781264 1.33994 1.56391 1.0077 0.751698 1.48764 0.699239 0.678076 0.669296 0.738767 1.36684 0.625915 0.680974 0.937288 0.755327 0.667182 0.571108 0.814243 0.765186 1.61587 0.83583
threshold=86.500000000000014 -0.12940952255126037 26.500000000000004 0.95000000000000007 3.1500000000000008 -4.7499999999999991 11.15 2.4500000000000006 20.450000000000003 8.8500000000000032 6.5500000000000007 61.500000000000007 3.8500000000000001 3.5500000000000003 -0.22252093395631442 2.0500000000000003 118.50000000000001 3.3500000000000001 1.7500000000000002 2.4500000000000006 0.12940952255126045 296.50000000000006 288.50000000000006 28.450000000000003 17.650000000000002 -0.56174490092936669 163.50000000000003 221.50000000000003 15.850000000000003 3.8500000000000001
decision_type=2 2 2 2 2 2 2 2 2 2 2 2 2 2 2 2 2 2 2 2 2 2 2 2 2 2 2 2 2 2
left_child=1 2 -1 4 5 -2 -4 -7 9 10 17 12 -12 14 15 -11 20 18 -5 -20 21 22 -3 24 -23 -22 -27 29 -29 -28
right_child=3 16 6 8 -6 7 -8 -9 -10 13 11 -13 -14 -15 -16 -17 -18 -19 19 -21 25 23 -24 -25 -26 26 27 28 -30 -31
leaf_value=-0.0090275024590184289 -0.0087340906143757394 -0.00071323699898359725 0.00097610228118548848 0.0017840320919872172 -0.010405691433271835 -0.005215825561530575 0.024872203989067691 0.0014871057816759237 -0.005474716319883003 -0.023008154861157398 -0.0087811114293588344 2.108684240138391e-06 -0.00055338066906809532 0.011451457218333769 0.0066504402912827389 0.0019891706538545865 0.048969199382770723 0.011559652184629532 -0.00325092447306999 0.00073706569032575627 0.0048162963025043587 0.0019763940933803623 -0.0024371819870464433 -0.0061518463716815561 -0.046719389446823696 0.0028778654452189449 -0.011004816736548906 0.0078301579512297884 -0.020860133106071925 -0.0019707445462136632
leaf_weight=27 34 1304 2103 45 35 30 320 66 30 28 41 78 30 178 63 25 101 117 31 64 421 328 34 44 28 366 90 212 25 339
leaf_count=27 34 1304 2103 45 35 30 320 66 30 28 41 78 30 178 63 25 101 117 31 64 421 328 34 44 28 366 90 212 25 339
internal_value=0.000269358 0.000433223 0.00106079 -0.00078125 -0.00349398 -0.00183206 0.00116007 0.000247423 -0.000164159 0.000114123 -0.00102211 -0.00402667 -0.00827778 0.00168136 -0.000820513 -0.0057037 -3.40114e-05 0.000728682 -0.00113475 -0.003125 -0.000136591 -0.000648648 -0.0010814 0.000798005 0.00141176 0.000475929 -3.09776e-05 -0.000863568 0.000957983 -0.00186977
internal_weight=6637 5742 2450 895 165 130 2423 96 730 700 406 149 71 294 116 53 3292 257 140 95 3191 1738 1338 400 356 1453 1032 666 237 429
internal_count=6637 5742 2450 895 165 130 2423 96 730 700 406 149 71 294 116 53 3292 257 140 95 3191 1738 1338 400 356 1453 1032 666 237 429
is_linear=0
shrinkage=0.04


Tree=157
num_leaves=31
num_cat=0
split_feature=0 10 9 3 13 6 20 13 12 9 6 10 8 14 16 9 11 6 19 19 18 13 9 5 11 14 16 4 3 0
split_gain=0.672253 0.58508 0.693063 0.555434 0.976697 1.24948 0.981223 0.877665 0.840743 0.855759 1.11138 0.778751 0.770654 0.663915 0.60084 0.995498 0.765161 2.63923 1.49072 1.35211 1.37071 1.31292 2.03807 1.17993 0.997194 0.990203 1.02553 0.722122 0.820777 1.26277
threshold=41.600000000000001 16.250000000000004 69.500000000000014 2.1500000000000008 5.8500000000000005 0.99999999999999623 0.81174490092936691 2.4500000000000006 90.500000000000014 61.500000000000007 5.9416666666666655 10.250000000000002 11.050000000000002 231.50000000000003 777.50000000000011 102.50000000000001 19.550000000000004 10.824999999999999 -0.8783796973249266 1.0000000180025095e-35 0.1294095225512602 3.1500000000000008 98.500000000000014 10.450000000000001 14.750000000000002 268.50000000000006 1522.5000000000002 8.0500000000000025 8.2500000000000018 6.2500000000000009
decision_type=2 2 2 2 2 2 2 2 2 2 2 2 2 2 2 2 2 2 2 2 2 2 2 2 2 2 2 2 2 2
left_child=1 3 -3 4 5 -1 -7 -8 14 10 -10 12 -12 -6 15 -5 17 19 23 24 -21 22 -20 -18 -16 26 -22 -23 29 -29
right_child=-2 2 -4 8 13 6 7 -9 9 -11 11 -13 -14 -15 16 -17 18 -19 21 20 25 27 -24 -25 -26 -27 -28 28 -30 -31
leaf_value=-0.00089144956856715613 0.078844064934586885 0.019570784522843266 -0.030941987681530305 0.0003647775396968348 -1.0553114261886223e-05 -7.5577084460010896e-05 0.00086730574113665733 -0.012063734999601013 0.0064599330603756101 0.00011855165536427268 -0.011000488749260184 -0.001767864026522405 -0.00034997111851724309 0.010480789258248056 0.0027054541412369704 0.022180851467510986 -0.015244045115774136 -0.041475758696894599 0.017480864142101066 0.016496218217192875 -0.0032231767551479606 0.023561355798184663 -0.010837213106033552 0.00085734213575130449 -0.01329977095734507 -0.0030868891239520541 0.00070323254395452197 0.00096782357605368504 0.0014154403245469226 -0.016021462601815556
leaf_weight=32 78 298 39 3811 291 405 28 41 46 103 35 46 26 81 138 160 62 26 35 39 69 194 25 27 47 26 29 70 285 45
leaf_count=32 78 298 39 3811 291 405 28 41 46 103 35 46 26 81 138 160 62 26 35 39 69 194 25 27 47 26 29 70 285 45
internal_value=0.00028141 0.000237195 0.00185799 0.000149124 -0.000782707 -0.00192505 -0.00139789 -0.00577143 0.000302339 -0.00192996 -0.00381818 -0.00603704 -0.00896774 0.000772118 0.000415013 0.000645519 -0.000404293 -0.00187733 0.00033871 -0.000939828 -0.00358537 0.00100153 -0.00459016 -0.00448889 0.00139785 -0.005632 -0.00371717 0.00157311 0.000598504 -0.00224138
internal_weight=6637 6559 337 6222 878 506 474 69 5344 256 153 107 61 372 5088 3971 1117 374 743 348 163 654 60 89 185 124 98 594 400 115
internal_count=6637 6559 337 6222 878 506 474 69 5344 256 153 107 61 372 5088 3971 1117 374 743 348 163 654 60 89 185 124 98 594 400 115
is_linear=0
shrinkage=0.04


Tree=158
num_leaves=31
num_cat=0
split_feature=1 13 12 2 14 16 7 18 7 3 16 11 1 4 5 14 3 17 5 11 19 12 10 7 12 19 14 16 10 1
split_gain=0.667421 0.629549 0.494833 1.43475 1.6752 1.77973 1.19857 1.09306 1.03686 0.855191 0.865267 1.21829 2.27275 1.39055 1.06612 0.875764 0.741931 0.677289 0.870427 0.662661 0.951783 0.967246 0.76746 1.11507 1.53233 0.99349 1.86254 0.751405 1.26463 0.759246
threshold=11.15 2.2500000000000004 86.500000000000014 6.3500000000000005 146.50000000000003 22.500000000000004 6.3562500000000011 -0.78656609248549325 8.6937500000000014 2.5500000000000003 1592.5000000000002 10.550000000000002 1.7500000000000002 5.7500000000000009 3.0500000000000003 225.50000000000003 3.0500000000000003 0.25881904510252091 8.0500000000000025 4.2500000000000009 -1.0000000180025095e-35 72.500000000000014 6.3500000000000005 4.0187500000000007 79.500000000000014 0.87837969732492682 161.50000000000003 37.500000000000007 13.250000000000002 10.550000000000002
decision_type=2 2 2 2 2 2 2 2 2 2 2 2 2 2 2 2 2 2 2 2 2 2 2 2 2 2 2 2 2 2
left_child=2 -2 9 -4 -5 -6 7 -7 -8 10 11 15 -13 14 -14 17 -11 18 -1 20 -18 -22 23 -23 -25 -24 -27 -21 29 -29
right_child=1 -3 3 4 5 6 8 -9 -10 16 -12 12 13 -15 -16 -17 19 -19 -20 27 21 22 25 24 -26 26 -28 28 -30 -31
leaf_value=-0.00086808767152045515 0.032199530865905761 0.00049985384284961419 0.00024665313193612636 0.0012285316887058416 -7.2282700026176386e-05 -0.030131909616625128 0.0028913016232135552 -0.010375919106039671 -0.0048384888497935144 0.0017547556476732611 0.0030580757812072473 -0.0019864924263996672 -0.0015049225461305112 -0.024591077911236693 0.0058742941431376263 0.0025092968975227265 0.0072672252359341849 0.00040071778660087784 -0.0061823049450252876 0.012931591776721412 0.0042145189970347174 0.00091491238485976421 0.0059843881077803578 0.0011232888063902509 -0.0078654253274257242 0.074851047818526251 -0.036438266636124296 2.1169353914231868e-05 -0.015786106550596344 -0.014912797858474422
leaf_weight=285 342 861 465 75 74 26 29 29 33 352 88 42 31 48 110 140 405 320 36 286 202 30 198 32 44 34 36 1874 43 67
leaf_count=285 342 861 465 75 74 26 29 29 33 352 88 42 31 48 110 140 405 320 36 286 202 30 198 32 44 34 36 1874 43 67
internal_value=0.000287436 0.00113954 9.86202e-05 -0.000868852 -0.00320599 -0.0051875 -0.00823729 -0.0125 -0.00431746 0.00024915 -0.000726612 -0.00105824 -0.00360345 -0.00170526 0.000309859 -0.00030179 0.00054717 -0.000928349 -0.0022236 0.000357934 0.00122607 0.000180243 -0.001024 -0.00388785 -0.00644156 0.000118959 -0.00394366 -1.76132e-05 -0.000294206 -0.000142121
internal_weight=6637 1203 5434 731 266 191 117 55 62 4703 1100 1012 231 189 141 781 3603 641 321 3251 981 576 374 106 76 268 70 2270 1984 1941
internal_count=6637 1203 5434 731 266 191 117 55 62 4703 1100 1012 231 189 141 781 3603 641 321 3251 981 576 374 106 76 268 70 2270 1984 1941
is_linear=0
shrinkage=0.04


Tree=159
num_leaves=31
num_cat=0
split_feature=0 11 9 18 9 16 13 14 16 13 20 17 9 0 8 5 9 17 6 7 3 8 6 2 16 7 13 5 19 4
split_gain=0.687816 0.519815 0.501232 0.522924 0.786658 1.21357 1.47702 0.699701 0.619145 0.601139 1.05721 2.09181 1.45004 1.30054 0.78842 1.79046 0.686645 0.659282 0.505784 0.567973 0.890528 0.499439 0.67191 0.771471 0.612834 1.79512 0.511514 0.522019 0.478682 0.785751
threshold=41.600000000000001 -10.549999999999999 122.50000000000001 0.60355339059327384 58.500000000000007 32.500000000000007 4.7500000000000009 302.50000000000006 37.500000000000007 1.0500000000000003 -0.22252093395631442 -0.70710678118654735 65.500000000000014 6.9500000000000011 24.350000000000005 15.850000000000003 55.500000000000007 0.60355339059327384 1.2999999999999969 2.0187500000000007 1.9500000000000002 14.65 13.341666666666667 15.15 22.500000000000004 9.8520833333333346 6.4500000000000011 14.350000000000003 1.0000000180025095e-35 9.5500000000000025
decision_type=2 2 2 2 2 2 2 2 2 2 2 2 2 2 2 2 2 2 2 2 2 2 2 2 2 2 2 2 2 2
left_child=1 -1 3 7 5 -5 -7 9 -9 10 12 -12 13 17 21 -16 -15 -3 19 -6 -21 22 -11 -24 25 -23 -26 -28 -20 -30
right_child=-2 2 -4 4 18 6 -8 8 -10 14 11 -13 -14 16 15 -17 -18 -19 28 20 -22 24 23 -25 26 -27 27 -29 29 -31
leaf_value=0.024224197101295229 0.075301212577774224 0.00054636742860307216 0.11598057467713767 0.0020384259147020007 6.46539949326991e-05 -0.010164353622006446 -0.0010408628518199159 -0.0012200351668303145 0.0081573004076744213 0.00028941125431700967 -0.0055091059246673568 0.0037464280729706347 0.0035497253611556762 -0.010159070359822513 -0.047140033370962391 0.142532189130153 -0.0060054466289206276 -0.0039710466192840006 0.00034968329804892548 -0.0014182887986965132 0.00072350157935900943 0.086860929277815094 -0.017121958045523737 -0.00031686567507798044 0.020810661358918573 -0.0059232819616879609 0.0014742738443555296 -0.0051335184849587304 3.2986833238233489e-05 -0.0037521752383729689
leaf_weight=58 78 70 55 42 31 28 25 25 314 3121 40 238 54 37 38 27 28 28 962 40 25 34 28 47 332 25 39 25 506 237
leaf_count=58 78 70 55 42 31 28 25 25 314 3121 40 238 54 37 38 27 28 28 962 40 25 34 28 47 332 25 39 25 506 237
internal_value=0.000239229 0.000194512 0.000160566 0.000127812 -0.000430153 -0.00395833 -0.00792593 0.000360361 0.00210588 0.000219373 -0.00108871 0.000544803 -0.00317431 -0.00504878 0.000393866 -0.00393939 -0.00939394 -0.00210101 -0.000241953 -0.00305155 -0.00515151 0.00047207 0.000295277 -0.00342105 0.00171053 -0.00206667 0.00227708 -0.000984615 -8.20632e-05 -0.000844086
internal_weight=6637 6559 6501 6446 1896 95 53 4550 339 4211 495 278 217 163 3716 65 65 98 1801 96 65 3651 3196 75 455 59 396 64 1705 743
internal_count=6637 6559 6501 6446 1896 95 53 4550 339 4211 495 278 217 163 3716 65 65 98 1801 96 65 3651 3196 75 455 59 396 64 1705 743
is_linear=0
shrinkage=0.04


Tree=160
num_leaves=31
num_cat=0
split_feature=0 10 16 11 11 0 8 5 11 13 2 9 11 17 3 4 5 2 7 9 11 4 11 20 6 0 9 10 7 16
split_gain=0.94193 1.34455 0.996786 1.10305 0.809652 0.810332 1.69895 0.812098 1.51325 2.66447 1.4511 1.05298 1.04171 1.37667 1.77304 1.34561 1.32843 0.985889 1.57984 0.794663 0.689464 1.1134 0.633084 1.41904 1.66297 1.49876 0.991524 1.50027 1.0976 2.35007
threshold=4.7500000000000009 12.750000000000002 27.500000000000004 3.2500000000000004 -3.7499999999999996 29.650000000000002 27.150000000000002 13.850000000000003 12.65 3.7500000000000004 6.4500000000000011 50.500000000000007 17.950000000000003 -0.78656609248549292 6.3500000000000005 9.7500000000000018 2.2500000000000004 7.9500000000000011 7.2062500000000007 54.500000000000007 24.350000000000005 16.550000000000004 10.350000000000003 -0.22252093395631442 1.2999999999999969 4.2500000000000009 82.500000000000014 1.4500000000000002 6.6104166666666684 252.50000000000003
decision_type=2 2 2 2 2 2 2 2 2 2 2 2 2 2 2 2 2 2 2 2 2 2 2 2 2 2 2 2 2 2
left_child=1 19 -3 -4 -2 6 7 12 9 11 -10 -9 13 14 -6 17 -14 -16 -19 -1 -12 -22 26 25 -25 -24 27 -21 -29 -30
right_child=4 2 3 -5 5 -7 -8 8 10 -11 20 -13 16 -15 15 -17 -18 18 -20 22 21 -23 23 24 -26 -27 -28 28 29 -31
leaf_value=0.006928540072882944 0.01578591555447427 -1.3498480710092727e-05 -0.0089417888813198149 -0.011447233293900239 0.0050652789530414933 0.071444836898534994 -0.031097719674626371 -0.001636236871660462 -0.014030913047130894 0.0019662055283056613 0.0057457605520604841 -0.0058392319766716527 -0.011414860255799558 0.00086977303811196216 -0.02267713441378481 -0.0013099734554225006 0.01395454727559263 0.0058102362324583181 -0.02695887777724686 -0.0014821996047672988 -0.0077772620542402304 0.023094966081579762 -0.0025885948114194451 -0.00060330472663701893 0.0013803650607347483 -0.016400596850031621 0.0019780763436331459 1.1578659769296857e-05 -0.00026793076877378654 -0.022230424814713583
leaf_weight=211 237 38 28 25 71 119 30 25 38 38 311 38 51 1778 35 80 937 40 42 25 32 46 300 36 396 37 306 1226 89 25
leaf_count=211 237 38 28 25 71 119 30 25 38 38 311 38 51 1778 35 80 937 40 42 25 32 46 300 36 396 37 306 1226 89 25
internal_value=0.000149455 -0.000419978 -0.00517391 -0.00866667 0.000544948 0.000399785 0.000291678 0.00037272 -0.00107372 -0.00545098 -2.80372e-05 -0.0104375 0.000624712 0.000109429 -0.00255762 -0.00450505 0.0016906 -0.00722034 -0.00472289 -0.000254902 0.000707692 -0.00263291 -0.000458828 -0.00140779 0.000110855 -0.00334911 -2.1531e-05 -0.000483162 -0.000298285 -0.00403478
internal_weight=6690 2742 91 53 3948 3711 3592 3562 528 101 427 63 3034 2046 268 197 988 117 82 2651 389 78 2440 769 432 337 1671 1365 1340 114
internal_count=6690 2742 91 53 3948 3711 3592 3562 528 101 427 63 3034 2046 268 197 988 117 82 2651 389 78 2440 769 432 337 1671 1365 1340 114
is_linear=0
shrinkage=0.04


Tree=161
num_leaves=31
num_cat=0
split_feature=0 13 15 9 4 11 20 12 17 12 18 12 10 2 14 20 11 4 12 10 13 11 10 9 2 17 11 12 7 0
split_gain=0.738714 0.820969 1.16971 1.18436 1.07779 0.72609 0.897362 0.689917 1.70467 0.653683 1.3451 0.671859 0.639673 0.633572 0.849784 0.651807 0.629163 1.20719 0.756234 1.45545 0.562097 0.55001 1.41198 1.32093 0.807933 0.844896 0.596759 0.704359 0.541033 1.22339
threshold=8.2500000000000018 1.0500000000000003 1.0000000180025095e-35 55.500000000000007 9.1500000000000004 -1.8499999999999999 0.81174490092936691 90.500000000000014 -1.0000000180025095e-35 82.500000000000014 -0.5 32.500000000000007 10.250000000000002 9.5500000000000025 84.500000000000014 -0.56174490092936669 3.3500000000000001 1.6500000000000001 85.500000000000014 11.050000000000002 0.65000000000000002 13.65 13.850000000000003 55.500000000000007 14.15 -0.25881904510252113 7.0500000000000007 78.500000000000014 2.9729166666666673 5.6500000000000012
decision_type=2 2 2 2 2 2 2 2 2 2 2 2 2 2 2 2 2 2 2 2 2 2 2 2 2 2 2 2 2 2
left_child=1 2 4 -4 9 6 -3 16 -9 11 -11 -1 -10 28 -15 -16 18 -18 -2 -20 -12 22 24 -24 26 -26 -19 -28 29 -7
right_child=7 5 3 -5 -6 13 -8 8 12 10 20 -13 -14 14 15 -17 17 21 19 -21 -22 -23 23 -25 25 -27 27 -29 -30 -31
leaf_value=-0.0010790263056963472 0.037697755900158593 0.0032602297964821987 -0.0099856865145108459 -0.0020519986690579624 -0.0063258690437074721 -0.00014358576816824503 -0.0027093025577645904 -0.0089933720340349115 -0.0007185641676287738 0.0015759516147543636 -0.0022244399110054229 0.0023149027102890708 0.043795379934127666 0.00096046188380520482 -0.0088452480155557633 -0.003779655351813258 -0.0052406363446281428 0.0054521220318142346 -0.0023564880722654609 0.036286922707318481 -0.005317228139219682 0.0063537378245210451 0.00034798458176251053 -0.049861203649169225 -0.028419504552713928 0.0010276908771638242 0.0028359595328766875 -0.0041912971280809739 0.00025758892191759424 -0.008582943972860399
leaf_weight=27 359 277 25 54 50 617 34 35 49 84 38 225 49 28 35 111 38 128 42 45 26 1216 27 25 33 30 85 27 2840 31
leaf_count=27 359 277 25 54 50 617 34 35 49 84 38 225 49 28 35 111 38 128 42 45 26 1216 27 25 33 30 85 27 2840 31
internal_value=0.000179346 -0.000113702 -0.00159245 -0.00605 -0.000798226 8.35432e-05 0.0019359 0.000782092 -0.002 -9.97505e-05 -0.00220134 0.00113834 0.000727273 -7.42559e-05 -0.00242286 -0.00364626 0.000963035 0.000593789 0.00229083 -0.00104545 -0.00652308 0.000765903 -0.000617977 -0.00664151 0.000434211 -0.0035625 0.00149378 -0.000637168 4.35656e-05 -0.000998459
internal_weight=6690 4502 529 79 450 3973 311 2188 133 400 148 252 98 3662 174 146 2055 1609 446 87 64 1571 355 52 303 63 240 112 3488 648
internal_count=6690 4502 529 79 450 3973 311 2188 133 400 148 252 98 3662 174 146 2055 1609 446 87 64 1571 355 52 303 63 240 112 3488 648
is_linear=0
shrinkage=0.04


Tree=162
num_leaves=31
num_cat=0
split_feature=10 0 8 5 7 1 5 13 7 12 12 11 9 10 9 5 19 14 19 11 7 8 10 1 1 14 20 5 10 12
split_gain=0.731139 0.615929 1.61455 0.919696 0.692554 1.18382 0.947664 0.677968 1.47094 0.800416 0.841255 0.805141 0.912658 0.997802 0.633442 0.654101 1.24782 1.34439 1.31011 2.46155 0.748173 1.10615 0.843199 1.31488 1.23585 1.11329 0.948691 1.3133 0.847668 0.747383
threshold=21.450000000000003 29.650000000000002 27.150000000000002 39.250000000000007 13.752083333333337 19.850000000000005 7.0500000000000007 1.0500000000000003 11.145833333333336 80.500000000000014 32.500000000000007 -4.7499999999999991 55.500000000000007 10.15 37.500000000000007 13.750000000000002 0.87837969732492682 139.50000000000003 0.6078576107927941 16.550000000000004 2.9729166666666673 6.4500000000000011 6.3500000000000005 2.0500000000000003 3.8500000000000001 228.50000000000003 1.0000000180025095e-35 3.0500000000000003 1.0500000000000003 59.500000000000007
decision_type=2 2 2 2 2 2 2 2 2 2 2 2 2 2 2 2 2 2 2 2 2 2 2 2 2 2 2 2 2 2
left_child=1 2 3 4 5 7 -6 8 9 10 -1 -11 13 -13 -9 20 17 -17 -19 -20 21 22 23 28 25 26 27 -24 -16 -22
right_child=-2 -3 -4 -5 6 -7 -8 14 -10 11 -12 12 -14 -15 15 16 -18 18 19 -21 29 -23 24 -25 -26 -27 -28 -29 -30 -31
leaf_value=-0.0015205384670372796 0.033916139128199747 0.068332893909612738 -0.030107960400622146 -0.0040361955035489215 -0.041270403246509962 -0.020815313863390864 0.020135360190294965 0.023568337859686882 -0.0018082133197770823 -0.0051583136903305309 0.0021520443021981186 0.0033577151754563528 0.0001634291987732302 -0.0092889769752122053 -0.0011243215442895528 -0.0074973378462819661 0.043818811479842179 0.00022133991349873158 0.0036424532441877945 -0.01966425454812638 -0.00010449462802146589 -0.010436115307107781 0.0018584185485457224 0.0014081251804767584 0.0096670938077325717 0.016759711944153873 -0.010224659725581843 -0.0032848781658060167 -8.7242336191271059e-05 0.00092414333086394853
leaf_weight=34 80 119 30 40 32 25 325 72 37 47 323 28 175 48 36 46 80 176 33 33 1744 43 53 199 50 25 69 40 236 2412
leaf_count=34 80 119 30 40 32 25 325 72 37 47 323 28 175 48 36 46 80 176 33 33 1744 43 53 199 50 25 69 40 236 2412
internal_value=0.000173367 0.000127061 7.45534e-05 0.00011823 0.000156338 5.54e-05 0.00186592 9.20531e-05 -0.00108514 -0.000640244 0.000636872 -0.00216722 -0.00125397 -0.00488312 0.000244578 0.000193328 -0.00143089 -0.00265744 -0.00144856 -0.00620895 0.000315404 -0.000845745 -0.000462623 0.000516949 -0.00240336 -0.00389362 -0.00510429 -0.00242553 -0.00128938 0.000525379
internal_weight=6690 6610 6491 6461 6421 6064 357 6039 692 655 357 298 251 76 5347 5275 368 288 242 66 4907 751 708 471 237 187 162 93 272 4156
internal_count=6690 6610 6491 6461 6421 6064 357 6039 692 655 357 298 251 76 5347 5275 368 288 242 66 4907 751 708 471 237 187 162 93 272 4156
is_linear=0
shrinkage=0.04


Tree=163
num_leaves=31
num_cat=0
split_feature=0 10 9 11 12 6 7 18 14 7 14 8 7 3 13 11 13 18 4 2 11 4 0 12 2 5 13 3 6 11
split_gain=0.877433 0.854215 0.810643 0.687073 0.664507 1.66302 0.825796 0.595169 0.990537 0.582937 1.21333 1.8133 0.660103 1.717 2.10125 1.3255 1.57106 0.976265 0.913234 1.00187 0.936247 0.903668 0.873353 0.991141 1.53634 0.818212 0.77912 1.11126 0.743536 1.23917
threshold=4.7500000000000009 10.850000000000003 54.500000000000007 -3.7499999999999996 87.500000000000014 3.7999999999999967 2.6187500000000008 0.98296291314453421 286.50000000000006 3.0520833333333344 182.50000000000003 6.3500000000000005 9.7854166666666682 7.0500000000000007 5.3500000000000005 13.450000000000001 1.7500000000000002 0.1294095225512602 22.450000000000003 9.9500000000000011 18.650000000000002 6.2500000000000009 8.9500000000000011 60.500000000000007 12.250000000000002 9.3500000000000032 5.9500000000000011 15.350000000000003 5.6583333333333306 18.850000000000005
decision_type=2 2 2 2 2 2 2 2 2 2 2 2 2 2 2 2 2 2 2 2 2 2 2 2 2 2 2 2 2 2
left_child=1 2 -1 -2 5 6 -3 -4 -9 10 11 -5 25 14 -14 16 -15 21 19 -19 -21 -17 -18 -24 -25 28 -23 -28 -11 -30
right_child=3 4 7 9 -6 -7 -8 8 -10 12 -12 -13 13 15 -16 17 22 18 -20 20 -22 26 23 24 -26 -27 27 -29 29 -31
leaf_value=0.0067656187954532702 0.014226179494341618 -0.0063051021553699061 -4.4912539386422733e-05 0.0099098035118827497 0.00033184489701514514 -0.013649932946154493 0.0028577552503036428 -0.0018667654114953251 -0.020463569395558202 0.0058135185661073738 0.0004793284102312305 -0.032174715473902098 -8.6710851118229892e-05 -0.0018583323829964187 -0.009469155592132442 -0.011563532273405798 0.0027623896129396037 0.0025949022482354284 0.050035771257868504 -0.040639010088197258 -0.0044808210350623465 0.043460934989992282 -0.042400961900468513 -0.0047559828404035035 0.00037711992166430952 0.01434744683946273 0.058500669224724855 -0.030386920765727337 -0.00050938458743112326 0.025382672828240204
leaf_weight=191 237 29 2238 28 51 42 60 106 25 504 38 30 59 41 46 26 57 130 78 25 215 403 26 31 96 442 36 41 1028 331
leaf_count=191 237 29 2238 28 51 42 60 106 25 504 38 30 59 41 46 26 57 130 78 25 215 403 26 31 96 442 36 41 1028 331
internal_value=0.000173367 -0.00037623 -0.000187427 0.000555077 -0.00301639 -0.00451515 -0.00137778 -0.000389873 -0.003 0.000421336 -0.00263918 -0.00623729 0.000503319 -0.000213577 -0.00509434 0.000215589 -0.00236508 0.000896335 -0.000463252 -0.0012938 -0.00282158 0.00209862 -0.000947867 -0.00251948 -0.00103125 0.000910668 0.0024948 -0.00117949 0.000542919 5.58825e-05
internal_weight=6690 2742 2560 3948 182 131 89 2369 131 3711 96 58 3615 1310 105 1205 251 954 448 370 240 506 210 153 127 2305 480 77 1863 1359
internal_count=6690 2742 2560 3948 182 131 89 2369 131 3711 96 58 3615 1310 105 1205 251 954 448 370 240 506 210 153 127 2305 480 77 1863 1359
is_linear=0
shrinkage=0.04


Tree=164
num_leaves=31
num_cat=0
split_feature=10 6 4 7 14 3 5 8 8 19 11 8 3 14 2 13 4 15 5 10 13 13 2 5 7 5 8 0 0 18
split_gain=0.738101 0.58238 1.30276 1.3455 1.24802 0.478836 0.98999 0.686392 0.524648 0.950903 0.976694 1.42342 2.2859 1.24508 0.594961 0.527458 0.883847 1.26092 0.843958 0.777399 0.698182 0.662577 0.627602 1.25555 2.18152 2.04217 1.04377 1.86293 0.888515 0.734788
threshold=21.450000000000003 1.1499999999999979 4.8500000000000005 2.8104166666666672 194.50000000000003 20.450000000000003 39.250000000000007 27.500000000000004 14.750000000000002 -0.60785761079279388 16.150000000000002 18.050000000000004 16.150000000000002 170.50000000000003 9.6500000000000004 1.0500000000000003 8.9500000000000011 1.0000000180025095e-35 4.9500000000000011 6.9500000000000011 0.55000000000000016 0.95000000000000007 9.9500000000000011 6.2500000000000009 6.9770833333333346 7.3500000000000005 13.850000000000003 13.050000000000002 8.8500000000000032 0.37940952255126048
decision_type=2 2 2 2 2 2 2 2 2 2 2 2 2 2 2 2 2 2 2 2 2 2 2 2 2 2 2 2 2 2
left_child=1 2 3 4 -1 6 7 8 15 -10 11 -11 13 -13 -12 16 17 21 -18 -19 -20 -3 -17 28 -25 -26 -27 -28 29 -24
right_child=-2 5 -4 -5 -6 -7 -8 -9 9 10 14 12 -14 -15 -16 22 18 19 20 -21 -22 -23 23 24 25 26 27 -29 -30 -31
leaf_value=0.0040910069725792466 0.032567888225050572 0.00042316322559368636 0.022572240270074557 -0.0046295601495239041 -0.00066335345840762955 0.014268461000947912 -0.0059708726123567837 -0.017949814837201226 0.059366025501260009 0.00060666802022518555 -0.011780623958768204 -0.020227409242949093 0.005005007461748672 -0.04610522743771555 0.028989399340219088 0.00022470006286499179 -0.01573015635403302 2.9621214081989224e-05 0.0033865451926093667 -0.0056573181835108738 -0.0021482545482599765 -0.002185776879202894 0.0041566832008456513 -0.031635459958482749 -0.016476229074747342 0.00047936115880563729 -0.015795713086603696 0.006692045405935456 0.019586096049791932 -0.010597770815644151
leaf_weight=44 80 412 40 34 41 234 33 33 214 98 25 25 25 29 201 4284 35 25 30 54 27 43 45 31 27 279 28 31 149 34
leaf_count=44 80 412 40 34 41 234 33 33 214 98 25 25 25 29 201 4284 35 25 30 54 27 43 45 31 27 279 28 31 149 34
internal_value=0.000155433 0.00010891 -0.002275 -0.00436667 -0.00162791 0.00016801 0.000100997 0.000138399 0.000169701 0.00127508 0.000128713 -0.00208989 -0.00605 -0.0106182 0.00186784 4.62513e-05 -0.00104625 -0.000418691 -0.00464516 -0.00505 -0.00158621 0.000394737 0.000185781 -0.0009984 -0.00235768 -0.00147541 -0.000613569 -0.0054 0.00136245 -0.00205
internal_weight=6690 6610 159 119 85 6451 6217 6184 6151 617 403 177 79 54 226 5534 626 534 92 79 57 455 4908 624 396 365 338 59 228 79
internal_count=6690 6610 159 119 85 6451 6217 6184 6151 617 403 177 79 54 226 5534 626 534 92 79 57 455 4908 624 396 365 338 59 228 79
is_linear=0
shrinkage=0.04


Tree=165
num_leaves=31
num_cat=0
split_feature=10 7 7 12 18 9 18 9 14 3 9 11 5 20 3 2 10 0 14 7 19 12 2 18 5 12 10 10 19 19
split_gain=0.681084 0.775148 0.961679 1.13639 0.634506 0.616877 0.573734 1.52448 0.80927 0.777868 0.767013 1.69945 1.39919 1.96895 1.78482 1.81342 0.649951 1.17371 1.17844 1.84325 1.52752 1.16603 1.0688 0.929845 0.888867 1.1144 1.69337 0.799045 1.04747 0.762919
threshold=15.65 6.3145833333333341 4.7895833333333346 80.500000000000014 -0.5 122.50000000000001 0.60355339059327384 58.500000000000007 188.50000000000003 3.7500000000000004 50.500000000000007 12.65 3.6500000000000008 -0.56174490092936669 10.050000000000002 6.9500000000000011 4.6500000000000012 7.6500000000000012 149.50000000000003 8.8854166666666696 -0.8783796973249266 83.500000000000014 6.9500000000000011 -0.98296291314453399 3.4500000000000006 82.500000000000014 7.6500000000000012 6.4500000000000011 0.6078576107927941 -1.0000000180025095e-35
decision_type=2 2 2 2 2 2 2 2 2 2 2 2 2 2 2 2 2 2 2 2 2 2 2 2 2 2 2 2 2 2
left_child=5 2 4 -4 -2 6 8 9 10 -8 11 12 -1 -14 15 -15 23 18 -18 20 21 -20 24 -12 25 26 -22 28 -26 -24
right_child=1 -3 3 -5 -6 -7 7 -9 -10 -11 16 -13 13 14 -16 -17 17 -19 19 -21 22 -23 29 -25 27 -27 -28 -29 -30 -31
leaf_value=0.00042090177333610913 -0.0017816216311321643 0.02923847555269966 0.1439628267463631 -0.015943382307341145 0.0392352458967372 0.12542351342053201 -0.0074894463797343363 -0.00012914247983930894 0.00099123242411363081 -0.00072088488509647211 -0.0040205632324630657 0.0093806180447283168 0.0019106902093497314 -0.014794527875447713 -0.0032559192364620963 -0.027011026250698997 0.0012509204113718695 0.0078022626671261806 -0.00092798937219351998 -0.0058428735368447606 0.00082167050283329436 -0.01098149940580123 0.00011610662510471207 -0.00079350652226207227 0.011593091001100017 0.0041293053310880509 -0.0060431611057614326 0.021738089394101594 -0.018092281676187736 -0.013390899141004177
leaf_weight=84 28 277 32 37 74 64 32 1825 1696 48 35 109 46 27 40 30 441 637 38 40 36 36 28 608 38 62 32 168 28 29
leaf_count=84 28 277 32 37 74 64 32 1825 1696 48 35 109 46 27 40 30 441 637 38 40 36 36 28 608 38 62 32 168 28 29
internal_value=0.000169997 0.00167483 -0.00044186 -0.00405714 0.00201942 6.20008e-05 2.13111e-05 -0.000556138 0.00027792 -0.00592593 -0.000166602 -0.00194659 -0.00391228 -0.00630556 -0.0095102 -0.014 9.92469e-05 0.000527881 -0.00034391 -0.00160448 -0.000927419 -0.00618667 9.47882e-06 -0.000975155 0.000810959 -0.00183206 -0.00533333 0.00228085 -0.00143284 -0.00503448
internal_weight=6705 448 171 69 102 6257 6193 1905 4288 80 2592 336 227 143 97 57 2256 1613 976 535 495 74 421 643 364 130 68 234 66 57
internal_count=6705 448 171 69 102 6257 6193 1905 4288 80 2592 336 227 143 97 57 2256 1613 976 535 495 74 421 643 364 130 68 234 66 57
is_linear=0
shrinkage=0.04


Tree=166
num_leaves=31
num_cat=0
split_feature=9 17 7 7 19 10 8 2 8 9 7 7 7 19 10 8 7 18 12 2 11 4 6 4 12 4 4 4 6 16
split_gain=0.571545 0.57678 0.93601 1.28059 2.32986 1.12494 0.919017 0.611768 0.625675 1.23164 0.575669 0.683356 1.19621 1.21506 0.679088 0.664791 2.11041 0.560855 0.766015 1.93453 2.42095 2.09336 1.65737 1.65806 0.85344 0.750853 1.18284 0.949744 0.744181 1.22705
threshold=122.50000000000001 0.78656609248549325 9.7854166666666682 13.425000000000002 -1.0000000180025095e-35 13.15 14.65 9.0500000000000025 11.250000000000002 74.500000000000014 2.6937500000000005 4.5687500000000014 5.0979166666666682 -1.0000000180025095e-35 7.8500000000000005 4.9500000000000011 6.2229166666666682 -0.12940952255126037 86.500000000000014 5.4500000000000011 4.7500000000000009 3.2500000000000004 6.5999999999999979 8.5500000000000025 28.500000000000004 1.2500000000000002 1.0500000000000003 2.0500000000000003 1.2249999999999979 1337.5000000000002
decision_type=2 2 2 2 2 2 2 2 2 2 2 2 2 2 2 2 2 2 2 2 2 2 2 2 2 2 2 2 2 2
left_child=1 17 7 4 -4 6 -6 8 10 -10 14 -12 13 -13 -3 16 -14 18 24 -20 21 -21 -23 -24 -1 26 -19 -27 29 -29
right_child=-2 2 3 -5 5 -7 -8 -9 9 -11 11 12 15 -15 -16 -17 -18 25 19 20 -22 22 23 -25 -26 27 -28 28 -30 -31
leaf_value=-0.0048578557904163551 0.12040657288371072 0.0019561672658776732 0.0068264516096275341 0.016647031530828936 -0.0073002641128747927 -0.0018036351063914027 -0.0018711556532038482 0.050531964582240393 -0.02077035180262957 0.065922555585807535 0.016031929338495933 -0.030024036154910262 0.032104390962033949 0.0031375855840119261 -0.0019148279879267027 0.020767975595466674 -0.027916947918539829 -2.5458326614817487e-05 0.0025400496186465688 -0.022297009433606019 0.0027213508679505478 -0.0068926096368009939 0.00064864193986368139 -0.0067316658403561826 0.0010008707838428032 0.0030173706553233664 -0.0096214061884801923 -0.00090941317939569988 -0.00020311201209013039 0.0049172610159312694
leaf_weight=33 64 62 82 127 46 38 26 160 32 42 291 42 44 44 73 265 28 66 202 37 93 33 93 38 1977 171 30 49 2390 27
leaf_count=33 64 62 82 127 46 38 26 160 32 42 291 42 44 44 73 265 28 66 202 37 93 33 93 38 1977 171 30 49 2390 27
internal_value=0.000205786 0.000169226 0.000889523 -0.0010125 -0.00306736 -0.00684685 -0.00975342 0.00145018 0.00105195 -0.00245333 0.00136 0.00181259 0.000783019 -0.0034023 -0.00102941 0.00185799 -0.00153425 -2.3664e-05 0.000408456 -0.000997988 -0.00306441 -0.00552475 -0.00353939 -0.00148485 0.000755843 -0.000419897 -0.00387629 -0.000292646 -0.000492906 -0.00436364
internal_weight=6705 6641 1402 319 192 110 72 1083 923 74 849 714 423 86 135 337 72 5239 2506 496 294 201 164 131 2010 2733 96 2637 2466 76
internal_count=6705 6641 1402 319 192 110 72 1083 923 74 849 714 423 86 135 337 72 5239 2506 496 294 201 164 131 2010 2733 96 2637 2466 76
is_linear=0
shrinkage=0.04


Tree=167
num_leaves=31
num_cat=0
split_feature=9 10 9 6 11 8 10 9 5 16 12 4 11 8 7 16 19 9 6 11 18 8 2 7 6 7 13 3 5 9
split_gain=0.569718 0.591488 0.697926 0.463287 1.32995 0.548959 0.573125 1.07864 0.456217 0.45378 0.767855 2.88578 1.68657 1.07243 1.56156 0.955167 1.02508 1.86585 1.57757 1.87137 0.990557 1.96111 2.28155 0.827044 0.984511 1.04334 0.744142 1.18796 1.01261 1.69582
threshold=122.50000000000001 16.950000000000003 69.500000000000014 1.3666666666666625 16.950000000000003 2.0500000000000003 2.7500000000000004 81.500000000000014 1.0500000000000003 552.50000000000011 82.500000000000014 22.350000000000005 -5.8499999999999988 14.65 12.227083333333335 77.500000000000014 -0.60785761079279388 59.500000000000007 3.4833333333333303 2.4500000000000006 0.37940952255126048 4.7500000000000009 2.3500000000000001 2.2354166666666671 2.616666666666664 2.0687500000000005 4.6500000000000012 14.850000000000003 4.1500000000000012 102.50000000000001
decision_type=2 2 2 2 2 2 2 2 2 2 2 2 2 2 2 2 2 2 2 2 2 2 2 2 2 2 2 2 2 2
left_child=1 3 -3 4 5 6 7 -1 -5 10 23 12 -12 14 15 16 17 18 -14 -20 -18 22 -22 24 25 -10 27 28 -11 -30
right_child=-2 2 -4 8 -6 -7 -8 -9 9 26 11 -13 13 -15 -16 -17 20 -19 19 -21 21 -23 -24 -25 -26 -27 -28 -29 29 -31
leaf_value=-0.0011158071499149556 0.11559030996836228 0.025781964868147083 -0.02621184646428228 0.0012759348846966875 -0.00097241083848521967 -0.0020416629116826153 0.0021038271846719843 0.00022708640125660554 0.0011181954306739882 8.2069632118317965e-05 -0.0016770569201837401 -0.011365315059331098 0.0014827640212691636 0.0018995804363777654 -0.0024967948040627952 0.002320490639016765 0.00053331613084243068 0.00039619465699362221 -0.036669469383835675 -0.0028425850177656291 -0.0028512275382683704 0.0018184165560302756 -0.022259820678892463 0.0009705447146185148 -0.014447602863336509 -0.00199749192011292 -6.902954421499965e-05 0.0036375634749815167 -0.0060366720454449307 -0.009244686786088906
leaf_weight=30 64 279 39 203 43 30 95 52 46 75 38 31 27 119 44 217 494 139 48 55 27 75 26 3020 26 25 1115 61 121 41
leaf_count=30 64 279 39 203 43 30 95 52 46 75 38 31 27 119 44 217 494 139 48 55 27 75 26 3020 26 25 1115 61 121 41
internal_value=0.000211751 0.000175249 0.0018558 9.04492e-05 -0.00159363 -0.00025 0.000606742 -0.00183133 0.000160026 9.53842e-05 0.000293405 -0.000507084 -0.000216794 3.45913e-05 -0.000339982 -4.32821e-05 -0.000623318 -0.00268148 -0.00610687 -0.00834615 0.000269663 -0.00285271 -0.00866667 0.000637588 -0.00297959 -0.0005 -0.000528996 -0.002301 -0.00357983 -0.00534969
internal_weight=6705 6641 318 6323 250 207 177 82 6073 5870 4457 1340 1309 1271 1152 1108 891 269 130 103 622 128 53 3117 97 71 1413 298 237 162
internal_count=6705 6641 318 6323 250 207 177 82 6073 5870 4457 1340 1309 1271 1152 1108 891 269 130 103 622 128 53 3117 97 71 1413 298 237 162
is_linear=0
shrinkage=0.04


Tree=168
num_leaves=31
num_cat=0
split_feature=6 12 13 13 18 2 9 11 12 11 19 4 8 14 16 16 19 1 2 3 9 3 9 4 13 9 16 13 9 11
split_gain=0.76023 1.08271 0.636742 1.03186 0.862318 0.623069 0.533867 0.514353 1.34334 1.03014 0.898166 1.36511 1.2602 1.43045 0.802747 0.800814 0.491211 0.483779 1.25809 1.12517 0.801829 0.589345 0.544403 0.537492 0.492951 1.04477 0.491398 0.768923 1.58398 3.27108
threshold=1.3666666666666625 30.500000000000004 1.7500000000000002 7.5500000000000007 0.1294095225512602 0.95000000000000007 122.50000000000001 0.75000000000000011 74.500000000000014 -7.4499999999999993 0.87837969732492682 9.7500000000000018 9.7500000000000018 182.50000000000003 187.50000000000003 157.50000000000003 0.87837969732492682 17.150000000000002 15.950000000000001 14.15 85.500000000000014 12.950000000000001 43.500000000000007 12.050000000000002 5.9500000000000011 78.500000000000014 22.500000000000004 2.7500000000000004 52.500000000000007 8.9500000000000011
decision_type=2 2 2 2 2 2 2 2 2 2 2 2 2 2 2 2 2 2 2 2 2 2 2 2 2 2 2 2 2 2
left_child=1 -1 -3 4 -4 -5 7 8 16 -10 17 -12 13 14 -13 -11 -2 18 26 -20 23 -19 -23 -21 -24 -26 -9 28 29 -28
right_child=6 2 3 5 -6 -7 -8 10 9 15 11 12 -14 -15 -16 -17 -18 21 19 20 -22 22 24 -25 25 -27 27 -29 -30 -31
leaf_value=-0.00078410691891482522 0.038207562752285019 0.0018506169367707315 -0.00021477835876865841 0.0077220074776990048 -0.0026716523156946142 -0.00023364494295505817 0.11096669756962779 0.0014470738944034262 -0.0025395225245711944 0.00075917040866084831 0.0064206441772411398 -0.0016569358485777411 0.044936322486133988 0.0049481630832395249 -0.0085770310086817469 -0.0036391228298169628 -0.0012405705364689416 -0.0098284415737724777 -0.01652932091591203 -0.00058334766136314807 -0.018784234336149449 -0.0042193916564242703 0.049888384671784081 0.026683578545295739 -0.043024825802042657 0.049732245619153924 -0.013183140451307789 4.9136720748601649e-05 -0.00050223607448365512 -0.00062073764323074807
leaf_weight=26 300 35 38 70 37 44 64 313 39 703 599 29 57 33 26 27 40 46 25 33 36 26 243 34 25 31 58 2910 671 87
leaf_count=26 300 35 38 70 37 44 64 313 39 703 599 29 57 33 26 27 40 46 25 33 36 26 243 34 25 31 58 2910 671 87
internal_value=0.00024754 -0.00191235 -0.000995555 -0.00191579 -0.00552632 0.000486957 0.000331475 0.000294744 0.00107748 0.000150649 0.000130229 0.00141745 -0.00205479 -0.00503371 -0.00892857 0.000492476 0.00316716 -8.1075e-05 -0.000204414 -0.00409302 -0.00219231 0.00130108 0.00190184 0.000411765 0.00238667 -0.000982456 -8.01979e-05 -0.00020821 -0.00129253 -0.00506849
internal_weight=6705 250 224 189 75 114 6455 6391 1109 769 5282 744 145 88 55 730 340 4538 4167 128 103 371 325 67 299 56 4039 3726 816 145
internal_count=6705 250 224 189 75 114 6455 6391 1109 769 5282 744 145 88 55 730 340 4538 4167 128 103 371 325 67 299 56 4039 3726 816 145
is_linear=0
shrinkage=0.04


Tree=169
num_leaves=31
num_cat=0
split_feature=6 11 13 13 12 9 10 12 4 13 20 14 18 4 2 10 14 11 11 0 14 15 12 19 9 17 2 3 17 9
split_gain=0.840878 0.931189 0.601335 0.974075 1.19365 0.546799 0.509374 0.435138 1.39262 1.21483 1.12173 1.07177 0.945204 1.50902 1.48039 0.886197 1.19967 0.864915 0.907658 0.859061 0.675672 0.657848 0.549796 0.541847 0.594619 0.825767 0.52895 0.921273 1.40222 0.881211
threshold=1.3666666666666625 15.750000000000002 1.7500000000000002 7.5500000000000007 74.500000000000014 122.50000000000001 21.450000000000003 84.500000000000014 22.350000000000005 1.0500000000000003 -0.56174490092936669 192.50000000000003 -0.78656609248549325 2.8500000000000001 5.1500000000000012 6.8500000000000005 150.50000000000003 -4.7499999999999991 3.6500000000000008 7.4500000000000011 88.500000000000014 1.0000000180025095e-35 85.500000000000014 -1.0000000180025095e-35 61.500000000000007 0.78656609248549325 19.750000000000004 18.450000000000003 1.0000000180025095e-35 90.500000000000014
decision_type=2 2 2 2 2 2 2 2 2 2 2 2 2 2 2 2 2 2 2 2 2 2 2 2 2 2 2 2 2 2
left_child=1 2 -1 4 -4 6 7 26 9 10 19 12 13 14 -11 16 -15 -12 -19 -9 -14 22 -22 24 25 -24 27 -2 29 -29
right_child=5 -3 3 -5 -6 -7 -8 8 -10 11 17 -13 20 15 -16 -17 -18 18 -20 -21 21 -23 23 -25 -26 -27 -28 28 -30 -31
leaf_value=0.0017596262391620329 0.00025898477185369389 -0.00081315807359556109 -0.0025647862472843847 6.2921304262600808e-05 -0.00041041393781962338 0.10652802966684266 0.02898562335184058 -0.010145807934419495 -0.013850998933304994 -0.00076943711623832884 -0.0024383710701469472 0.0068164617993750178 -0.0042597116854331844 0.00046234830282469329 -0.012661673376265465 0.001914954996790565 -0.0081055604070901007 0.0028792269318897359 -0.0010348913770128329 -0.0073469010420739115 -0.0014261323103638734 0.0031993145139165673 -0.0073846791748101168 0.0029244134600151586 0.014892016474512918 0.0024503686543881219 0.019175591119125396 0.033524226562069971 -0.041323051705007378 -0.010852813473501442
leaf_weight=34 4896 46 27 98 45 64 78 35 26 35 28 166 46 49 31 104 37 87 29 32 47 109 34 135 40 39 214 42 25 27
leaf_count=34 4896 46 27 98 45 64 78 35 26 35 28 166 46 49 31 104 37 87 29 32 47 109 34 135 40 39 214 42 25 27
internal_value=0.000199821 -0.00207171 -0.000897561 -0.00187134 -0.00536986 0.000288104 0.000250939 0.00021096 -0.000508108 -0.000284133 -0.003 0.000375716 -0.000305516 -0.00224124 -0.00740298 -0.000418848 -0.0034023 -0.000993103 0.000547009 -0.00723529 0.000798226 0.00132346 0.000337838 0.00109237 -0.000947368 -0.00308108 0.000364265 0.000280505 -0.00362105 -0.000628571
internal_weight=6705 250 204 170 72 6455 6391 6313 1109 1083 211 872 706 256 66 190 86 144 116 67 450 404 295 248 113 73 5204 4990 94 69
internal_count=6705 250 204 170 72 6455 6391 6313 1109 1083 211 872 706 256 66 190 86 144 116 67 450 404 295 248 113 73 5204 4990 94 69
is_linear=0
shrinkage=0.04


Tree=170
num_leaves=31
num_cat=0
split_feature=6 12 16 18 9 4 4 10 12 16 19 16 4 7 8 14 16 4 0 14 1 1 8 10 0 14 9 9 14 2
split_gain=0.785545 0.784648 1.58328 0.639491 0.753303 0.755857 2.04009 0.687242 0.617298 0.881388 0.926619 1.19932 1.61029 1.80654 0.787312 0.799114 0.685443 0.823957 0.642592 0.638196 0.662506 1.36306 0.612886 0.68795 0.607466 0.548871 0.535899 0.733448 0.755764 1.2331
threshold=1.0833333333333324 74.500000000000014 412.50000000000006 0.60355339059327384 53.500000000000007 1.2500000000000002 0.95000000000000007 11.350000000000003 23.500000000000004 742.50000000000011 1.0000000180025095e-35 1927.5000000000002 9.5500000000000025 4.8479166666666682 6.7500000000000009 59.500000000000007 47.500000000000007 2.3500000000000001 6.7500000000000009 43.500000000000007 2.4500000000000006 4.1500000000000012 1.1500000000000001 2.8500000000000001 6.7500000000000009 345.50000000000006 75.500000000000014 57.500000000000007 161.50000000000003 6.8500000000000005
decision_type=2 2 2 2 2 2 2 2 2 2 2 2 2 2 2 2 2 2 2 2 2 2 2 2 2 2 2 2 2 2
left_child=1 2 -1 22 -5 6 -6 8 25 16 14 12 13 -12 -11 -16 17 -10 -17 20 -18 -22 23 -2 -14 -7 27 -24 -29 -30
right_child=3 -3 -4 4 5 7 -8 -9 9 10 11 -13 24 -15 15 18 19 -19 -20 -21 21 -23 26 -25 -26 -27 -28 28 29 -31
leaf_value=-0.0017791895446302125 -0.0015775530342977467 0.001245342517272189 -0.00022742120237351061 -0.0020918958866834774 0.00014691746463320134 0.0029402328955720381 -0.0066932759542275878 0.007616786606082622 0.006015868303133047 0.00072808453025673375 -0.014257595515669203 0.00013449357805257246 -0.0076873326629414715 0.015399326436858825 0.0056906138704817819 -0.016472415977400918 0.0093268730938719634 -0.003405654254493031 -0.0020928281832264264 0.0018457210637103244 -0.0086878093011922806 -0.00095604531119127358 0.0009892428706657734 0.00071221646305927354 -0.012922929299300381 -0.010702838302476265 0.0026757563375828524 0.0011153500369349687 -0.0011057280969008396 0.00104810024808061
leaf_weight=25 36 31 72 41 35 287 38 100 32 138 39 60 25 49 35 26 32 164 93 565 25 48 1317 45 25 31 1240 735 723 577
leaf_count=25 36 31 72 41 35 287 38 100 32 138 39 60 25 49 35 26 32 164 93 565 25 48 1317 45 25 31 1240 735 723 577
internal_value=0.000238565 -0.00285271 -0.00461224 0.000299299 -0.000321863 -0.000201299 -0.00416216 -3.60562e-05 -0.000229254 -0.000601326 -0.00195519 -0.0040603 -0.00610072 -0.00278652 -0.000518771 -0.00247742 0.00016609 -0.00190863 -0.00403333 0.000774963 -0.00207547 -0.00416216 0.000550278 -0.00287805 -0.0117647 0.00135423 0.000611365 0.000348345 -0.000127701 -0.000707148
internal_weight=6689 128 97 6561 1888 1847 73 1774 1674 1356 490 198 138 88 292 154 866 196 119 670 105 73 4673 81 50 318 4592 3352 2035 1300
internal_count=6689 128 97 6561 1888 1847 73 1774 1674 1356 490 198 138 88 292 154 866 196 119 670 105 73 4673 81 50 318 4592 3352 2035 1300
is_linear=0
shrinkage=0.04


Tree=171
num_leaves=31
num_cat=0
split_feature=6 5 20 9 10 4 8 14 10 17 4 13 16 11 20 11 14 10 16 11 5 11 10 0 4 19 8 1 8 9
split_gain=0.770434 1.03897 1.03743 0.579132 0.568815 0.764621 0.733578 1.29069 1.60032 0.880276 0.823532 0.749425 0.719136 1.03785 2.7427 0.898372 0.656831 0.624976 0.621321 1.0708 1.7638 0.773772 0.728605 0.881168 0.589141 0.574489 0.869172 0.724679 1.30009 0.596899
threshold=1.0833333333333324 1.3500000000000003 -0.22252093395631442 122.50000000000001 7.0500000000000007 2.3500000000000001 5.6500000000000012 238.50000000000003 11.15 -0.9159756150367534 3.0500000000000003 3.8500000000000001 27.500000000000004 2.4500000000000006 1.0000000180025095e-35 0.25000000000000006 108.50000000000001 6.5500000000000007 37.500000000000007 1.7500000000000002 6.5500000000000007 -1.4499999999999997 6.0500000000000007 4.5500000000000007 5.1500000000000012 -0.60785761079279388 6.6500000000000012 16.850000000000005 18.550000000000004 90.500000000000014
decision_type=2 2 2 2 2 2 2 2 2 2 2 2 2 2 2 2 2 2 2 2 2 2 2 2 2 2 2 2 2 2
left_child=1 -1 -3 4 5 17 7 10 11 16 12 24 -6 14 15 -14 -8 -2 19 20 21 -7 -21 -24 -9 -11 -27 28 29 -28
right_child=3 2 -4 -5 6 18 9 8 -10 25 -12 -13 13 -15 -16 -17 -18 -19 -20 22 -22 -23 23 -25 -26 26 27 -29 -30 -31
leaf_value=-0.00079806313733516972 0.00093600358979449398 -0.0027151379173505187 0.001944371318054599 0.090789824306785921 0.0014150650378987378 -0.0013628137348167999 0.0014316753267905136 -0.00010405785850471474 -0.015186013974791791 0.015775209363143649 0.0014848275975366016 0.012178314190951054 0.0039095214502683738 6.7722217333952958e-05 -0.014144695773250712 -0.0097282110895578026 -0.0088503072177057232 -0.0033945177307700787 -6.9992792759180679e-05 0.0030412829160466471 -0.0053156282988070583 0.0020163098072666489 -0.003818672801847525 0.005912493466453882 -0.010864861423988854 0.0098313911698672072 0.00035670519082992193 0.018590017402574953 -0.04520032323573471 -0.0064839027048396048
leaf_weight=25 458 46 57 67 101 30 38 29 25 594 352 26 50 103 34 36 25 53 2894 84 40 50 35 26 29 122 1043 158 29 30
leaf_count=25 458 46 57 67 101 30 38 29 25 594 352 26 50 103 34 36 25 53 2894 84 40 50 35 26 29 122 1043 158 29 30
internal_value=0.00020867 -0.00285271 -0.00103846 0.000268821 0.000230331 -9.80658e-05 0.000656991 -0.000381679 -0.0044 0.00105686 0.000271787 -0.00169412 -0.00118154 -0.00244643 -0.00495868 -0.00110345 -0.0035625 0.00133594 -0.00033038 -0.00218045 -0.00495868 -0.00148148 0.000136986 -0.00316129 -0.00420339 0.00120587 0.000757773 0.000444092 7.97826e-05 0.000309125
internal_weight=6689 128 103 6561 6494 3670 2824 785 109 2039 676 84 324 223 120 86 63 511 3159 265 120 80 145 61 58 1976 1382 1260 1102 1073
internal_count=6689 128 103 6561 6494 3670 2824 785 109 2039 676 84 324 223 120 86 63 511 3159 265 120 80 145 61 58 1976 1382 1260 1102 1073
is_linear=0
shrinkage=0.04


Tree=172
num_leaves=31
num_cat=0
split_feature=6 5 20 18 9 10 12 5 1 4 8 10 14 8 16 9 17 10 19 4 9 12 5 9 14 14 20 12 14 7
split_gain=0.921213 0.950123 0.865544 0.62638 0.706639 0.62877 0.669883 0.959825 1.4382 3.13395 0.594696 0.68795 0.523452 0.491284 0.94458 0.470928 0.664502 0.78131 0.625718 1.15992 2.69969 1.00221 1.59362 0.572569 0.754956 0.831614 1.1495 1.21105 1.11499 1.05894
threshold=1.0833333333333324 1.3500000000000003 -0.22252093395631442 0.60355339059327384 52.500000000000007 11.850000000000003 23.500000000000004 14.350000000000003 10.750000000000002 20.650000000000002 1.1500000000000001 2.8500000000000001 345.50000000000006 9.7500000000000018 1742.5000000000002 75.500000000000014 0.25881904510252091 7.4500000000000011 -1.0000000180025095e-35 5.0500000000000007 93.500000000000014 57.500000000000007 7.9500000000000011 57.500000000000007 294.50000000000006 159.50000000000003 -0.56174490092936669 86.500000000000014 164.50000000000003 12.327083333333333
decision_type=2 2 2 2 2 2 2 2 2 2 2 2 2 2 2 2 2 2 2 2 2 2 2 2 2 2 2 2 2 2
left_child=1 -1 -3 10 -5 6 12 13 -9 -10 11 -2 -6 -8 -15 23 17 18 19 20 -17 -20 -23 -12 25 29 27 -27 -28 -25
right_child=3 2 -4 4 5 -7 7 8 9 -11 15 -13 -14 14 -16 16 -18 -19 21 -21 -22 22 -24 24 -26 26 28 -29 -30 -31
leaf_value=-0.00076614061184176118 -0.0015116512012154698 -0.0026065324006564962 0.0018665964653324174 -0.0023269065880990834 0.0029606487362355879 0.0082705872540905934 -0.00043381928591789722 0.045803368122760361 -0.012227612439195462 0.047299280346765338 0.00084457281385692557 0.00062900275863235131 -0.010271925058666845 0.0097686891760069543 -0.006932703459413412 0.00058902451213838135 0.013485519762407635 -0.010042046032989346 0.016233483721845701 0.0024360636738333863 -0.018127952185783367 0.00056300092265859885 -0.0075327754237914414 0.0017920453594107934 0.0043855739570789719 0.011580505190257703 -0.0049999339037539664 -0.0033766358741795909 -0.0010398118607196595 -0.0086598616348823459
leaf_weight=25 36 46 57 36 288 87 1124 28 29 28 1317 45 31 201 36 50 444 47 320 220 27 97 35 656 162 268 57 37 799 56
leaf_count=25 36 46 57 36 288 87 1124 28 29 28 1317 45 31 201 36 50 444 47 320 220 27 97 35 656 162 268 57 37 799 56
internal_value=0.000184754 -0.00316279 -0.00142308 0.000250534 -0.000364214 -0.000254722 -0.000419026 -0.000785072 -0.00488372 -0.00848276 0.00049893 -0.00287805 0.0012375 -0.000525697 0.00112605 0.000559112 0.00122482 0.000531995 0.000848 -0.000577181 -0.00476923 0.00178366 -0.00114286 0.000312556 -0.000108055 -0.000335112 -0.000994836 0.00111111 -0.00174562 0.000740533
internal_weight=6689 128 103 6561 1888 1852 1765 1446 85 57 4673 81 319 1361 237 4592 1240 796 749 297 77 452 132 3352 2035 1873 1161 305 856 712
internal_count=6689 128 103 6561 1888 1852 1765 1446 85 57 4673 81 319 1361 237 4592 1240 796 749 297 77 452 132 3352 2035 1873 1161 305 856 712
is_linear=0
shrinkage=0.04


Tree=173
num_leaves=31
num_cat=0
split_feature=18 2 6 7 7 0 5 9 9 5 20 16 10 9 3 0 14 4 3 9 9 3 4 5 7 7 5 16 10 16
split_gain=0.811587 0.899863 0.746863 0.84269 1.39358 2.05369 0.880476 0.714541 0.613815 0.589631 0.535662 0.854687 1.28682 1.98408 1.40778 2.12873 1.05884 0.898786 1.8421 0.87701 0.696524 0.748284 1.71431 2.173 0.982042 0.884669 0.58177 0.558517 0.872537 0.532275
threshold=0.37940952255126048 20.450000000000003 1.2249999999999979 13.052083333333334 14.639583333333336 11.250000000000002 22.250000000000004 107.50000000000001 85.500000000000014 3.2500000000000004 -0.56174490092936669 1882.5000000000002 2.8500000000000001 70.500000000000014 4.2500000000000009 5.5500000000000007 173.50000000000003 4.5500000000000007 1.9500000000000002 82.500000000000014 105.50000000000001 3.3500000000000001 5.2500000000000009 5.6500000000000012 5.0729166666666679 2.9729166666666673 7.7500000000000009 37.500000000000007 8.2500000000000018 562.50000000000011
decision_type=2 2 2 2 2 2 2 2 2 2 2 2 2 2 2 2 2 2 2 2 2 2 2 2 2 2 2 2 2 2
left_child=-1 2 8 7 5 -5 -6 10 9 -2 11 12 14 16 -4 19 17 18 -14 -16 21 22 25 24 -24 -12 -18 28 -27 -25
right_child=1 -3 3 4 6 -7 -8 -9 -10 -11 20 -13 13 -15 15 -17 26 -19 -20 -21 -22 -23 23 29 -26 27 -28 -29 -30 -31
leaf_value=0.00040870703177585394 0.00062432246408677527 0.035676543232654546 0.00029974323931288986 -0.00043132878644336917 0.013970222786644018 -0.00826442913344657 -0.011574900948831792 0.0084952467763048014 -0.00081051090206962599 -0.00083381326712503648 -0.00061637838990932033 0.0084130935699413111 -0.00087711019706813661 0.004752120549014068 -0.0032756402056506847 -0.0003782254242396556 0.0055722731541228135 -0.0046610832985141491 -0.023827213166218865 -0.010435341936351039 -0.0020147823909012915 0.00093261232314587441 -0.022156148558168817 0.015585356413275346 -0.015257345356039018 -0.0022077622108944836 -0.0057435209151963599 0.014850465479039277 0.029596975072369407 -0.011650707693130105
leaf_weight=4171 37 73 54 52 83 28 27 169 36 28 165 90 26 182 25 50 41 40 28 31 45 770 44 46 35 25 28 183 46 31
leaf_count=4171 37 73 54 52 83 28 27 169 36 28 165 90 26 182 25 50 41 40 28 31 45 770 44 46 35 25 28 183 46 31
internal_value=0.000166816 -0.000400159 -0.00053148 -0.000385501 -0.00293194 -0.00691358 1.47669e-10 -0.000159629 -0.00388235 -0.00151515 -0.000372608 -0.00137584 -0.00201581 -0.000635838 -0.00496894 -0.00762617 -0.00382927 -0.00656842 -0.00989091 -0.0129123 5.75127e-05 0.000222883 -0.000868055 -0.00443312 -0.00905 0.000466667 -5.71427e-05 0.0019451 -0.00105556 0.000358974
internal_weight=6689 2518 2445 2344 190 80 110 2154 101 65 1985 595 505 345 160 106 163 94 54 56 1390 1345 575 156 79 419 69 254 71 77
internal_count=6689 2518 2445 2344 190 80 110 2154 101 65 1985 595 505 345 160 106 163 94 54 56 1390 1345 575 156 79 419 69 254 71 77
is_linear=0
shrinkage=0.04


Tree=174
num_leaves=31
num_cat=0
split_feature=6 13 12 13 10 9 18 4 4 3 9 6 2 3 11 11 6 6 13 20 2 13 16 5 5 4 13 12 12 8
split_gain=0.746561 0.956699 2.37816 0.791675 0.612603 0.628358 0.581124 0.684297 1.23035 0.767117 0.617406 0.906325 1.00763 0.605091 0.588459 1.73212 0.663828 0.705842 1.01534 0.612513 0.534848 1.10497 0.543284 0.531773 0.815618 0.793084 0.65683 0.7912 0.527655 1.02899
threshold=1.0833333333333324 7.6500000000000012 74.500000000000014 15.15 15.750000000000002 122.50000000000001 0.60355339059327384 10.65 11.15 3.6500000000000008 66.500000000000014 4.1499999999999995 2.4500000000000006 4.8500000000000005 18.450000000000003 20.450000000000003 18.125000000000004 11.541666666666666 5.8500000000000005 -0.22252093395631442 3.7500000000000004 7.5500000000000007 1412.5000000000002 18.650000000000002 16.850000000000005 23.250000000000004 2.1500000000000008 50.500000000000007 81.500000000000014 12.550000000000002
decision_type=2 2 2 2 2 2 2 2 2 2 2 2 2 2 2 2 2 2 2 2 2 2 2 2 2 2 2 2 2 2
left_child=1 2 -1 -3 5 6 23 9 -9 10 11 12 -8 -10 -15 -16 17 19 -19 -17 22 -22 -12 24 25 -2 -26 -28 -25 -30
right_child=4 3 -4 -5 -6 -7 7 8 13 -11 20 -13 -14 14 15 16 -18 18 -20 -21 21 -23 -24 28 26 -27 27 -29 29 -31
leaf_value=-0.0032915435083924541 0.00033207991376668129 0.0092851899870710665 0.00099669126961859683 -0.00018559755732416205 0.0097710775159023273 0.086699995514012876 -0.00088921141107301568 -0.0052829338139985449 -0.0056435578170042121 0.00056804021045434386 -0.00024587230805186061 0.00056388333775936816 -0.0091438718133473249 0.0020504039496283205 -0.014762176207804541 0.014379176978228936 0.044969490329108117 -0.0084226141149173518 0.021701794960086281 -0.0023447186107203306 0.00068368969743549458 -0.011993185162611155 0.008359511925554881 0.012789600200586929 0.00070130631241659841 -0.02270159140062146 -0.00056068560115592582 -0.015445767995441577 -0.004848270459942493 0.033280610645314207
leaf_weight=30 3924 40 25 33 431 67 75 37 40 660 380 31 35 108 25 66 41 30 30 96 45 29 84 156 30 26 26 34 25 30
leaf_count=30 3924 40 25 33 431 67 75 37 40 660 380 31 35 108 25 66 41 30 30 96 45 29 84 156 30 26 26 34 25 30
internal_value=0.000160837 -0.00285271 -0.00678571 0.000162162 0.000220055 0.000117436 7.45384e-05 -0.000525096 -0.00183122 -6.26864e-05 -0.00100588 -0.00335211 -0.00504504 -0.00122654 -0.000745592 -0.00168858 -0.000712121 -0.00157848 -0.0052459 -0.000196319 -0.0003859 -0.00352 0.00012043 0.000330198 0.000227667 0.000313845 -0.00351648 -0.00590164 0.00228302 -0.00107143
internal_weight=6689 128 55 73 6561 6130 6063 1812 473 1339 679 141 110 436 396 288 263 222 60 162 538 74 464 4251 4040 3950 90 60 211 55
internal_count=6689 128 55 73 6561 6130 6063 1812 473 1339 679 141 110 436 396 288 263 222 60 162 538 74 464 4251 4040 3950 90 60 211 55
is_linear=0
shrinkage=0.04


Tree=175
num_leaves=31
num_cat=0
split_feature=16 9 11 12 9 16 4 20 2 8 7 7 14 12 9 7 17 7 6 4 11 11 16 9 3 0 19 1 16 3
split_gain=0.69877 0.57644 0.522085 0.886419 1.52642 1.28809 0.856083 0.662871 0.973598 2.10737 0.989713 2.44858 1.7587 1.33418 2.73079 1.76621 1.33153 1.31107 1.19673 1.19058 3.19437 1.1549 1.78659 2.26045 0.982286 1.0863 0.963489 0.945787 0.886197 0.739319
threshold=3120.0000000000005 122.50000000000001 -0.34999999999999992 78.500000000000014 69.500000000000014 42.500000000000007 2.3500000000000001 -0.22252093395631442 23.250000000000004 24.350000000000005 11.593750000000002 13.293750000000001 214.50000000000003 50.500000000000007 61.500000000000007 6.4354166666666677 -1.0000000180025095e-35 12.327083333333333 6.4083333333333306 5.0500000000000007 21.750000000000004 9.5500000000000025 57.500000000000007 55.500000000000007 3.2500000000000004 5.9500000000000011 1.0000000180025095e-35 7.8500000000000005 807.50000000000011 25.150000000000002
decision_type=2 2 2 2 2 2 2 2 2 2 2 2 2 2 2 2 2 2 2 2 2 2 2 2 2 2 2 2 2 2
left_child=1 2 3 -1 -5 6 -6 8 9 10 13 12 17 14 -4 18 19 -12 24 20 26 22 23 -20 25 -15 -16 -21 -29 -9
right_child=-2 -3 7 4 5 -7 -8 29 -10 -11 11 -13 -14 15 16 -17 -18 -19 21 27 -22 -23 -24 -25 -26 -27 -28 28 -30 -31
leaf_value=0.0063666244065301138 -0.0068878334679562062 0.06859890143216936 -0.026864807502129506 0.0013593365396892803 0.00025894447669031861 0.0065999880991812103 -0.016136215176805673 0.00033475752015765597 0.040190783220965053 -0.0446627409023692 -0.0025305433199526613 0.0028488778982226582 4.8111658208015104e-05 -0.00035016468040335625 0.0078306861808285239 0.0050016790201392472 0.0016931169858118069 -0.0071369427194156176 -0.012787225511109137 0.00068690461391030075 -0.017462875747468087 0.028677423268111145 -0.030907499346845169 0.025763332233651605 0.0021798601898836058 -0.030276899926265931 -0.0015781835106744601 0.0010852446949958944 -0.015294673354440846 -0.0063395598040039336
leaf_weight=383 33 65 52 349 29 36 71 3152 77 28 32 122 43 376 33 488 250 40 45 160 36 69 38 60 370 48 38 26 41 67
leaf_count=383 33 65 52 349 29 36 71 3152 77 28 32 122 43 376 33 488 250 40 45 160 36 69 38 60 370 48 38 26 41 67
internal_value=0.000190448 0.000219774 0.000182317 0.00109551 -4.11521e-05 -0.00362044 -0.00594059 4.28673e-05 -0.000449656 -0.000592654 -0.000461148 -0.00290756 -0.00706897 -0.000187705 -0.00172056 0.000465552 -0.000929914 -0.0108493 -0.000492552 -0.0025791 -0.00603704 -0.00315493 -0.00519444 -0.00245283 0.000221384 -0.00109176 -0.00105556 -0.000929824 -0.00488235 0.000421118
internal_weight=6657 6624 6559 868 485 136 100 5691 2472 2395 2367 237 115 2130 636 1494 584 72 1006 334 107 212 143 105 794 424 71 227 67 3219
internal_count=6657 6624 6559 868 485 136 100 5691 2472 2395 2367 237 115 2130 636 1494 584 72 1006 334 107 212 143 105 794 424 71 227 67 3219
is_linear=0
shrinkage=0.04


Tree=176
num_leaves=31
num_cat=0
split_feature=16 10 9 18 12 11 4 11 11 2 4 4 16 1 14 4 14 9 4 4 5 5 8 6 9 13 10 14 5 12
split_gain=0.709071 0.616879 0.575953 0.63923 0.80498 0.780347 0.626919 0.856929 1.21405 2.7999 1.43424 1.19028 1.13487 0.953903 0.778971 1.90961 1.20061 0.897972 0.828719 0.60325 0.601621 0.702485 0.725689 0.659635 0.590655 1.18921 1.25792 0.594343 0.689469 0.570761
threshold=3120.0000000000005 21.450000000000003 122.50000000000001 -0.12940952255126037 26.500000000000004 20.150000000000002 10.15 3.2500000000000004 19.650000000000002 14.250000000000002 18.350000000000005 11.550000000000002 147.50000000000003 4.4500000000000011 192.50000000000003 12.350000000000003 97.500000000000014 85.500000000000014 11.050000000000002 16.650000000000002 17.550000000000004 8.7500000000000018 12.450000000000001 9.8583333333333325 93.500000000000014 3.4500000000000006 1.1500000000000001 293.50000000000006 1.5500000000000003 86.500000000000014
decision_type=2 2 2 2 2 2 2 2 2 2 2 2 2 2 2 2 2 2 2 2 2 2 2 2 2 2 2 2 2 2
left_child=1 2 3 4 -1 29 20 -8 9 11 14 12 -9 -13 15 -10 -17 -18 -16 -20 21 22 23 24 27 26 -26 -5 -29 -6
right_child=-2 -3 -4 6 5 -7 7 8 10 -11 -12 13 -14 -15 18 16 17 -19 19 -21 -22 -23 -24 -25 25 -27 -28 28 -30 -31
leaf_value=-0.0087297519216414099 -0.0066123201292379542 0.026294672728846981 0.065854945374882567 -0.00048656369150135544 0.00053269040173130962 0.02725922030565316 0.004788149206859894 -0.00047825762826537776 0.0033149862679633158 -0.02520919356301583 0.01449712187268252 -0.0043891782983662827 -0.0066015141833134089 0.001785758280583959 -0.01752912875586006 -0.00030462674954768678 -0.0064004322256939776 -0.0028083529658424785 0.011959639487010244 -0.0025946146293680857 -0.012364327948166371 0.0022322849792139107 0.084640755741872395 -0.015429935984689502 -0.007410688072143185 0.0038399705485798416 0.00035152056006688146 -0.00027254143071509044 0.0030745960401586752 -0.00034101002177320405
leaf_weight=27 33 71 65 1472 2140 277 89 30 58 45 140 43 45 134 33 52 32 46 134 31 35 316 104 32 29 279 43 28 218 576
leaf_count=27 33 71 65 1472 2140 277 89 30 58 45 140 43 45 134 33 52 32 46 134 31 35 316 104 32 29 279 43 28 218 576
internal_value=0.000232502 0.000262038 0.000221544 0.000183696 0.00060907 0.000672011 -0.000186797 -0.00108653 -0.00149029 -0.0035302 -0.000333966 -0.00186561 -0.00605263 -6.74156e-05 -0.00159173 -0.00342857 -0.00610687 -0.00921519 0.000160804 0.0013253 0.000134533 0.000207772 -4.53308e-05 -0.000207421 -0.000117874 0.001375 -0.00317808 -0.000423502 0.00139271 0.000465219
internal_weight=6657 6624 6553 6488 3020 2993 3468 912 823 297 526 252 75 177 386 188 130 78 198 165 2556 2521 2205 2101 2069 351 72 1718 246 2716
internal_count=6657 6624 6553 6488 3020 2993 3468 912 823 297 526 252 75 177 386 188 130 78 198 165 2556 2521 2205 2101 2069 351 72 1718 246 2716
is_linear=0
shrinkage=0.04


Tree=177
num_leaves=31
num_cat=0
split_feature=9 11 19 9 19 7 6 20 2 8 3 8 9 0 11 13 8 16 13 9 2 16 9 4 9 6 2 5 2 13
split_gain=0.626258 0.63154 0.714389 0.898714 1.35683 0.838002 0.765362 0.561709 0.920337 2.15736 0.760349 1.27449 1.09402 0.76865 1.27584 0.757354 1.0484 0.75005 0.789589 1.3291 0.978986 1.11669 0.924275 1.43267 0.759943 0.735779 2.19582 1.41178 0.808165 1.35939
threshold=122.50000000000001 -1.3499999999999999 -1.0000000180025095e-35 69.500000000000014 0.87837969732492682 6.2645833333333334 2.7333333333333303 -0.22252093395631442 23.250000000000004 24.350000000000005 1.3500000000000003 2.0500000000000003 76.500000000000014 0.8500000000000002 9.7500000000000018 0.75000000000000011 8.1500000000000004 27.500000000000004 2.5500000000000003 45.500000000000007 10.750000000000002 197.50000000000003 61.500000000000007 8.0500000000000025 94.500000000000014 6.4749999999999979 5.4500000000000011 12.050000000000002 1.8500000000000003 10.050000000000002
decision_type=2 2 2 2 2 2 2 2 2 2 2 2 2 2 2 2 2 2 2 2 2 2 2 2 2 2 2 2 2 2
left_child=1 2 -1 -4 5 6 -5 8 9 15 11 -9 -13 14 -12 16 -3 -17 19 -19 21 -20 23 -22 25 26 27 28 -23 -30
right_child=-2 7 3 4 -6 -7 -8 10 -10 -11 13 12 -14 -15 -16 17 -18 18 20 -21 22 24 -24 -25 -26 -27 -28 -29 29 -31
leaf_value=0.0049053355897851324 0.069983673833073828 -0.00065041789049971306 0.0039715782781591545 -0.0031311410591038824 -0.042796323926302268 -0.0068837489607293505 0.0089227501767563822 0.0010961538539073377 0.038226697857496154 -0.042917934014538271 0.0018271642458181261 -0.0005607970099697475 -0.0083796313570712981 0.0004555119281180095 -0.0019466315525447052 0.0028847677075103002 -0.006226471397506139 -0.014706849239101004 0.002168719877364987 -0.00077257183978136153 0.00051469403496038789 0.00083742645405877978 -0.00075316435904262057 -0.013084163123943128 0.00033461860579717763 0.0029017653511152867 -0.02677501334360673 -0.003866201861056396 0.004087775061967178 -0.0094934635807849797
leaf_weight=308 73 121 196 31 28 26 64 71 77 28 33 91 32 3108 28 238 46 31 653 330 40 117 190 47 194 149 51 29 129 98
leaf_count=308 73 121 196 31 28 26 64 71 77 28 33 91 32 3108 28 238 46 31 653 330 40 117 190 47 194 149 51 29 129 98
internal_value=0.000286573 0.000245406 0.00142508 0.000173411 -0.00216 -0.000295082 0.00145833 0.000115307 -0.000330089 -0.000463884 0.00045541 -0.00196923 -0.00441935 0.000604417 -0.00380645 -0.000336039 -0.00292857 -0.000146278 -0.000392423 -0.0020884 -3.06241e-05 0.000394089 -0.00220144 -0.00559091 -0.000640625 -0.00137282 -0.00222118 -0.00114438 -0.000417391 -0.00180702
internal_weight=6657 6584 653 345 149 121 95 5931 2568 2491 3363 194 123 3169 61 2463 167 2296 2058 361 1697 1420 277 87 767 573 424 373 344 227
internal_count=6657 6584 653 345 149 121 95 5931 2568 2491 3363 194 123 3169 61 2463 167 2296 2058 361 1697 1420 277 87 767 573 424 373 344 227
is_linear=0
shrinkage=0.04


Tree=178
num_leaves=31
num_cat=0
split_feature=11 9 12 9 8 17 13 3 12 10 19 19 10 13 8 4 10 13 11 3 20 8 19 0 19 6 3 4 3 2
split_gain=0.660895 0.659666 0.581604 1.43472 0.507247 0.581225 0.446541 0.439997 0.618947 0.433965 0.584065 0.921582 0.998598 0.396128 0.371941 0.401857 0.873067 1.18943 1.70471 0.937407 1.21365 0.777703 1.90793 0.553287 0.523818 0.732213 1.00948 2.57676 0.871389 0.688569
threshold=-2.4499999999999997 122.50000000000001 78.500000000000014 77.500000000000014 1.6500000000000001 -0.9159756150367534 9.4500000000000011 8.3500000000000032 86.500000000000014 6.1500000000000012 1.0000000180025095e-35 0.6078576107927941 1.0500000000000003 3.2500000000000004 45.850000000000001 8.8500000000000032 14.15 0.8500000000000002 8.3500000000000032 3.5500000000000003 1.0000000180025095e-35 27.150000000000002 -0.60785761079279388 21.150000000000002 -0.60785761079279388 18.125000000000004 13.750000000000002 11.15 9.7500000000000018 11.250000000000002
decision_type=2 2 2 2 2 2 2 2 2 2 2 2 2 2 2 2 2 2 2 2 2 2 2 2 2 2 2 2 2 2
left_child=2 4 -1 7 5 6 -2 13 -9 10 -7 -12 -13 -4 15 23 17 18 -17 20 -19 24 -23 -6 -21 26 28 -28 -26 -29
right_child=1 -3 3 -5 14 9 -8 8 -10 -11 11 12 -14 -15 -16 16 -18 19 -20 21 -22 22 -24 -25 25 -27 27 29 -30 -31
leaf_value=0.013029223712306151 -0.0030558095919928541 0.067184326879750886 0.0027338193214891536 -0.0063025420186795028 0.00028862458284238375 0.000426368337907363 0.00048876787888841341 0.017602800873174531 -0.0054771303394368686 -0.00087056287748576891 -0.0014266615713780604 -0.00072894212300004927 0.0038803163243534668 -0.0040845924494538419 0.058558397540045604 -0.014913964506311182 0.026430410069963349 -0.00035796823084877246 0.0011890553574346167 0.0070699245566327486 -0.024197552626777152 -0.016255062568036469 0.020842736339524937 -0.02116594152587908 -0.00081305677374675367 0.023393010659087492 -0.013809007182776009 0.0031542623483149326 0.0010111365400936076 -0.0033418885031600738
leaf_weight=218 38 73 155 25 3910 166 26 28 28 43 34 25 83 37 62 31 105 59 28 394 33 26 35 25 401 89 31 44 281 124
leaf_count=218 38 73 155 25 3910 166 26 28 28 43 34 25 83 37 62 31 105 59 28 394 33 26 35 25 401 89 31 44 281 124
internal_value=0.000304596 0.00019199 0.00171545 0.000481752 0.000146374 -0.00120192 -0.00467692 0.00141365 -0.00168421 -0.000556818 -2.58898e-05 -0.0019021 -7.33943e-05 0.00232124 0.000245114 0.000210789 -0.000306777 -0.000542803 -0.00606667 -0.000324111 -0.00421505 -7.01261e-05 -0.00445161 0.000431911 0.000128938 -0.000370752 -0.000721088 -0.00322 1.17132e-05 -0.00123077
internal_weight=6657 6166 491 273 6093 415 64 248 56 351 308 142 108 192 5678 5616 1681 1576 59 1517 92 1425 61 3935 1364 970 881 199 682 168
internal_count=6657 6166 491 273 6093 415 64 248 56 351 308 142 108 192 5678 5616 1681 1576 59 1517 92 1425 61 3935 1364 970 881 199 682 168
is_linear=0
shrinkage=0.04


Tree=179
num_leaves=31
num_cat=0
split_feature=10 9 14 16 14 3 13 10 16 5 12 9 4 3 6 10 5 12 12 8 10 13 10 13 12 12 6 3 5 0
split_gain=0.598679 0.523567 0.457626 0.715137 0.856369 1.37481 0.736994 0.738169 0.71944 1.38424 1.30074 1.24521 0.705012 1.41282 0.975797 0.64731 0.73134 0.857471 1.16009 0.988185 0.926877 0.871315 0.7564 1.42294 2.06007 0.802202 0.98552 0.83364 0.763427 1.65372
threshold=21.450000000000003 124.50000000000001 275.50000000000006 472.50000000000006 66.500000000000014 19.850000000000005 7.9500000000000011 0.55000000000000016 1592.5000000000002 4.1500000000000012 53.500000000000007 78.500000000000014 14.550000000000002 12.050000000000002 4.4333333333333327 2.4500000000000006 7.1500000000000012 53.500000000000007 46.500000000000007 17.650000000000002 19.350000000000005 7.2500000000000009 3.3500000000000001 2.5500000000000003 63.500000000000007 92.500000000000014 6.5999999999999979 11.15 6.3500000000000005 9.9500000000000011
decision_type=2 2 2 2 2 2 2 2 2 2 2 2 2 2 2 2 2 2 2 2 2 2 2 2 2 2 2 2 2 2
left_child=1 2 3 15 -5 6 7 -6 10 -10 -9 -12 14 -14 -8 -1 22 18 21 -20 -19 -18 23 -17 -25 27 -27 28 -24 -30
right_child=-2 -3 -4 4 5 -7 12 8 9 -11 11 -13 13 -15 -16 16 17 20 19 -21 -22 -23 25 24 -26 26 -28 -29 29 -31
leaf_value=0.003092354528195433 0.024207607653392586 0.080237289306140186 0.00078370820348052208 0.0018617882542398805 0.010056363872424092 -0.017762116511131378 -0.00017209729411479948 0.0053762553890130882 -0.0033824781280905416 -0.0085993989317055403 -0.0018819509842726914 -0.013356878110806134 -0.006486115546620169 0.0022163258716060698 0.0042655836818658553 0.0098268040589804782 0.017442976725882884 0.0015491629670496034 -0.0072683443745518708 -0.049076663617866868 -0.010732929745205049 -0.0032581573496403816 0.0001367593840676803 0.00016967322967035854 -0.027581464542425185 0.00018027564055218798 -0.0089698260702190755 0.0087303279147167394 -0.00057711901861028255 -0.025403334225091317
leaf_weight=133 71 61 1032 282 35 28 375 113 36 48 45 36 30 33 139 26 204 1333 109 31 35 29 1896 27 33 32 28 166 183 28
leaf_count=133 71 61 1032 282 35 28 375 113 36 48 45 36 30 33 139 26 204 1333 109 31 35 29 1896 27 33 32 28 166 183 28
internal_value=0.000316612 0.000276909 0.000242109 9.68331e-05 -0.000766028 -0.001358 -0.00107744 -0.00263694 -0.00332616 -0.0064 -0.00196923 -0.00580488 -0.000228374 -0.0041875 0.000264078 0.000338146 0.00024994 0.000874857 -0.000823529 -0.00368794 0.0013382 0.000905983 -0.0002 -0.00386207 -0.00721311 -6.34103e-05 -0.00459016 5.80476e-05 -0.000157495 -0.00243396
internal_weight=6657 6586 6525 5493 1200 918 890 313 278 84 194 81 577 63 514 4293 4160 1741 373 140 1368 233 2419 86 60 2333 60 2273 2107 211
internal_count=6657 6586 6525 5493 1200 918 890 313 278 84 194 81 577 63 514 4293 4160 1741 373 140 1368 233 2419 86 60 2333 60 2273 2107 211
is_linear=0
shrinkage=0.04


Tree=180
num_leaves=31
num_cat=0
split_feature=0 8 6 20 11 18 3 11 3 2 12 11 19 2 17 6 8 2 14 11 11 8 2 8 4 7 14 0 9 19
split_gain=0.686932 1.74755 0.617255 0.725074 0.880864 0.375056 0.889065 1.30744 0.827292 0.818597 0.937501 1.21018 1.36526 1.59849 1.37485 1.34826 1.9375 0.947305 0.850911 0.612105 0.597757 0.466239 0.433225 0.749953 0.41311 0.8178 1.62753 2.28451 0.603787 0.494758
threshold=24.250000000000004 24.250000000000004 1.1499999999999979 -0.56174490092936669 9.7500000000000018 0.1294095225512602 18.250000000000004 19.850000000000005 20.050000000000004 16.550000000000004 86.500000000000014 3.6500000000000008 0.87837969732492682 5.0500000000000007 0.91597561503675362 6.7499999999999991 8.0500000000000025 9.5500000000000025 193.50000000000003 -4.3499999999999988 -3.3499999999999992 20.150000000000002 1.5500000000000003 1.2500000000000002 19.350000000000005 13.052083333333334 188.50000000000003 9.8500000000000032 89.500000000000014 0.6078576107927941
decision_type=2 2 2 2 2 2 2 2 2 2 2 2 2 2 2 2 2 2 2 2 2 2 2 2 2 2 2 2 2 2
left_child=1 2 3 -1 -5 9 24 -8 -9 10 19 12 13 18 15 -15 -17 -18 -12 -4 -21 22 -22 -24 25 28 27 -27 -7 -30
right_child=-2 -3 5 4 -6 6 7 8 -10 -11 11 -13 -14 14 -16 16 17 -19 -20 20 21 -23 23 -25 -26 26 -28 -29 29 -31
leaf_value=-0.00086346065215627433 0.046065416190816402 -0.038634795056693538 0.010621375538680014 0.001820648824241277 -0.00068004472150384786 -0.00011241708768554764 -0.031291930979308949 -0.0049182082112704034 0.027823265104717977 0.0045528647776627434 0.0035856677013268324 0.00073862706103827475 0.0027577330736861228 -0.0049451731441708816 0.0096713752721490649 0.0018366484241539825 -0.015614791301434101 -0.0049899996296837289 -0.0018465070128788528 -0.0031207186345904099 0.0024005801778820162 -0.021970278421457698 -0.0020735410418305242 0.00091698043272181841 0.014674699020872137 0.0017099483403072747 0.0013976781033216959 -0.0073948733660236408 0.00099800325768264228 -0.00026121490665066992
leaf_weight=40 165 29 188 77 43 1892 25 27 38 204 100 216 59 50 41 48 30 37 34 31 63 28 28 2290 61 30 69 30 473 228
leaf_count=40 165 29 188 77 43 1892 25 27 38 204 100 216 59 50 41 48 30 37 34 31 63 28 28 2290 61 30 69 30 473 228
internal_value=0.000230113 0.000165284 0.000209844 -0.00223602 -0.000661157 0.000272109 -6.54139e-05 -0.00395604 -0.000909091 0.000553364 0.000398274 -0.00100649 -0.00231 -0.00328446 -0.00548792 -0.00710843 -0.00465517 -0.009 0.000118519 0.000727273 0.000557149 0.000629046 0.000690176 0.000600259 6.17818e-05 -1.17516e-05 -0.00310769 -0.00786885 0.000143408 0.0011453
internal_weight=6674 6509 6480 160 120 6320 2873 90 65 3447 3243 615 399 340 206 165 115 67 134 2628 2440 2409 2381 2318 2783 2722 129 60 2593 701
internal_count=6674 6509 6480 160 120 6320 2873 90 65 3447 3243 615 399 340 206 165 115 67 134 2628 2440 2409 2381 2318 2783 2722 129 60 2593 701
is_linear=0
shrinkage=0.04


Tree=181
num_leaves=31
num_cat=0
split_feature=3 5 3 20 1 5 7 6 17 7 5 19 18 8 5 3 8 11 8 10 11 17 7 19 7 12 19 7 6 12
split_gain=0.584295 0.788868 0.548062 0.703884 0.918219 1.33057 1.08397 0.673272 1.02228 0.466142 0.682253 1.21532 1.42154 1.25894 0.724762 1.31011 0.745544 0.857229 0.712794 1.00611 0.664262 0.90702 1.00521 1.26481 1.44235 0.562734 0.480468 0.733999 0.789502 0.554632
threshold=20.850000000000005 38.300000000000004 1.4500000000000002 1.0000000180025095e-35 1.2500000000000002 6.4500000000000011 2.6187500000000008 1.1499999999999979 -0.37940952255126065 15.681250000000004 14.250000000000002 0.87837969732492682 0.60355339059327384 12.250000000000002 10.15 18.250000000000004 20.050000000000004 13.250000000000002 3.7500000000000004 4.4500000000000011 0.75000000000000011 1.0000000180025095e-35 13.425000000000002 1.0000000180025095e-35 12.68125 71.500000000000014 1.0000000180025095e-35 7.9437500000000005 7.5666666666666655 61.500000000000007
decision_type=2 2 2 2 2 2 2 2 2 2 2 2 2 2 2 2 2 2 2 2 2 2 2 2 2 2 2 2 2 2
left_child=1 2 3 7 -5 6 -6 8 -1 10 14 12 20 -14 15 16 -4 -18 19 -16 -12 -22 23 24 25 -23 -20 -28 -29 -30
right_child=-2 -3 9 4 5 -7 -8 -9 -10 -11 11 -13 13 -15 18 -17 17 -19 26 -21 21 22 -24 -25 -26 -27 27 28 29 -31
leaf_value=-0.0011238732606344112 0.014331824617861684 -0.0014355743529518574 0.00015071020506831451 0.00095538126799763715 -0.0010062193287098007 -0.018624479382274857 0.0049497986510793632 0.0014709567015343526 0.00042710144841833809 0.030943435454206747 0.085524599145402863 0.052607450297505853 -0.0014044006750350668 -0.01136464627762543 0.0026571876553211043 -0.015918471255886781 -0.048565819218108944 0.040040424515480587 0.0077923955525632665 -0.015082959826587878 0.0014831490444954234 0.041717528832097596 0.023241923104254266 -0.01801167442949372 -0.002799519755634478 -0.001401134300328511 0.059126959970267894 -0.0050333706640690234 0.019878171411370889 -0.00053615961060583166
leaf_weight=26 239 31 4664 32 45 36 45 209 37 108 35 72 26 25 55 34 26 25 372 25 91 31 54 31 26 38 72 35 73 56
leaf_count=26 239 31 4664 32 45 36 45 209 37 108 35 72 26 25 55 34 26 25 372 25 91 31 54 31 26 38 72 35 73 56
internal_value=0.000212135 0.000139839 0.000171116 -0.0012065 -0.00332075 -0.00485039 -0.0021978 2.93042e-05 -0.0035625 0.00027046 0.00022226 -0.00131163 -0.00226816 -0.00838462 0.000343509 0.000167579 0.000224767 -0.00453846 0.00155588 -0.00197531 -0.00122476 -0.00189706 -0.00353591 -0.00548031 -0.003125 -5.71427e-05 0.00202299 0.000607595 -0.000872727 0.000584616
internal_weight=6674 6435 6404 430 158 126 90 272 63 5974 5866 429 357 51 5437 4749 4715 51 688 80 306 271 180 126 95 69 608 236 164 129
internal_count=6674 6435 6404 430 158 126 90 272 63 5974 5866 429 357 51 5437 4749 4715 51 688 80 306 271 180 126 95 69 608 236 164 129
is_linear=0
shrinkage=0.04


Tree=182
num_leaves=31
num_cat=0
split_feature=7 10 4 10 5 0 8 15 12 12 14 9 19 19 4 11 4 6 5 6 1 4 19 18 12 7 7 6 11 4
split_gain=0.586374 1.36991 1.13855 0.622655 0.613852 0.575805 0.988049 0.567313 0.504701 1.29872 1.12472 1.45363 1.31079 0.967881 1.1525 1.09412 0.60078 0.487858 0.485702 0.474983 0.692489 0.606215 1.32144 0.58145 0.559109 1.22028 1.39813 1.10147 1.00849 0.816579
threshold=2.777083333333334 10.050000000000002 1.4500000000000002 7.0500000000000007 3.2500000000000004 24.250000000000004 23.050000000000004 0.65000000000000002 53.500000000000007 46.500000000000007 186.50000000000003 63.500000000000007 -1.0000000180025095e-35 -1.0000000180025095e-35 14.550000000000002 18.750000000000004 23.250000000000004 2.6499999999999964 11.450000000000001 2.3999999999999964 1.8500000000000003 4.0500000000000007 0.6078576107927941 0.60355339059327384 81.500000000000014 5.1354166666666679 6.6500000000000012 3.9166666666666656 5.4500000000000011 3.3500000000000001
decision_type=2 2 2 2 2 2 2 2 2 2 2 2 2 2 2 2 2 2 2 2 2 2 2 2 2 2 2 2 2 2
left_child=1 17 -3 5 -4 6 7 19 9 13 18 12 -12 14 15 -5 -10 -1 -11 20 21 22 23 -2 28 -26 27 -27 -21 -30
right_child=3 2 4 8 -6 -7 -8 -9 16 10 11 -13 -14 -15 -16 -17 -18 -19 -20 24 -22 -23 -24 -25 25 26 -28 -29 29 -31
leaf_value=-0.00014097798485690027 -0.0055560360292083956 -0.0025443000880691099 0.0030546988120586059 0.00012461979027498911 -0.0049511669677559204 0.079020173111903624 -0.027399412767273472 0.0051108487152679303 0.0018929210726531399 0.079902171928593974 -0.023144632477569597 -0.046774271281350359 0.0065926753751835744 0.03326813789495639 0.38354833159472734 -0.020600371632468514 -0.00076542039523091131 0.002460383434894606 -0.0070371788194184817 0.0018709979221695205 0.0056375413773884307 0.00059904349779163815 0.00030840569079868663 -0.00029311521970001571 0.00098612062051528569 -0.00031826681451139468 -0.00021132458602519201 -0.0055249273262944921 -0.006770914139788693 -8.9916389071126361e-05
leaf_weight=469 27 26 31 30 25 57 27 74 2126 44 27 29 33 173 38 44 49 201 25 421 142 167 31 31 170 30 154 56 212 1705
leaf_count=469 27 26 31 30 25 57 27 74 2126 44 27 29 33 173 38 44 49 201 25 421 142 167 31 31 170 30 154 56 212 1705
internal_value=0.000212135 -0.000839309 -0.00568675 0.000345771 -0.00238596 -1.93644e-05 -8.99013e-05 -2.48369e-05 0.000806415 -0.000423423 -0.00332075 -0.00626667 -0.00262295 0.00118881 -0.00169911 -0.00458667 0.00105699 -0.00023845 0.000514286 -0.000106768 0.00118296 -6.22567e-05 -0.00271111 -0.00623729 -0.000293925 -0.0016545 -0.00348548 -0.00754023 -5.47241e-05 -0.000444213
internal_weight=6674 752 82 5922 56 3304 3247 3220 2618 443 158 89 60 285 112 74 2175 670 69 3146 398 256 89 58 2748 410 240 86 2338 1917
internal_count=6674 752 82 5922 56 3304 3247 3220 2618 443 158 89 60 285 112 74 2175 670 69 3146 398 256 89 58 2748 410 240 86 2338 1917
is_linear=0
shrinkage=0.04


Tree=183
num_leaves=31
num_cat=0
split_feature=0 6 20 13 12 11 12 12 9 7 7 2 20 3 3 12 8 5 5 2 4 20 11 11 7 12 2 0 13 13
split_gain=0.542628 0.479194 1.1077 1.9198 0.838547 0.403106 1.22593 0.844621 0.81001 0.995597 2.13945 0.49537 0.931004 1.25053 0.87538 1.02813 1.31843 1.76848 1.89903 1.2718 1.95696 2.35897 3.30493 2.62507 1.1836 1.48041 1.7785 1.03338 0.870789 1.52518
threshold=38.300000000000004 1.1499999999999979 -0.22252093395631442 7.6500000000000012 42.500000000000007 1.0000000180025095e-35 73.500000000000014 75.500000000000014 69.500000000000014 5.3354166666666671 6.9770833333333346 2.1500000000000008 -0.22252093395631442 1.3500000000000003 3.5500000000000003 57.500000000000007 4.9500000000000011 5.3500000000000005 8.5500000000000025 9.1500000000000004 16.150000000000002 -0.56174490092936669 20.750000000000004 17.450000000000003 11.593750000000002 81.500000000000014 15.350000000000003 15.15 1.9500000000000002 6.6500000000000012
decision_type=2 2 2 2 2 2 2 2 2 2 2 2 2 2 2 2 2 2 2 2 2 2 2 2 2 2 2 2 2 2
left_child=1 2 3 -1 -4 6 -3 -8 -9 -10 -11 -7 14 -14 28 16 17 -16 -19 -18 21 23 -23 -21 27 -26 -27 -17 -13 -30
right_child=-2 5 4 -5 -6 11 7 8 9 10 -12 12 13 -15 15 24 19 18 -20 20 -22 22 -24 -25 25 26 -28 -29 29 -31
leaf_value=-0.00090410806088649152 0.062556774720842104 0.021384595969716293 -0.00029255776681717197 0.0012789824279432172 0.009021751654705314 0.00034342141255791557 -0.0026031705013350205 0.001532953382714243 0.00011049799749531724 -0.028195850517939842 0.017092103576000585 -0.0029921682430306498 -0.0092919634843334244 0.00050733219836854011 -0.0010973668406837381 0.0011577763035708201 0.0036932117841306333 -0.02133336577163835 -0.0045872610711040892 -0.035625520083401217 0.04545434976578059 -0.008919896166441614 -0.027018477623063891 0.0009808626370596033 0.010644267164958336 -0.006023577438478798 0.00018432651306436653 -0.012055341345322939 0.00023737480349960883 -0.013654986003036745
leaf_weight=33 98 288 26 36 65 642 36 436 123 41 30 95 54 2645 102 783 284 36 32 32 72 28 26 134 60 30 28 26 220 133
leaf_count=33 98 288 26 36 65 642 36 436 123 41 30 95 54 2645 102 783 284 36 32 32 72 28 26 134 60 30 28 26 220 133
internal_value=0.000212135 0.000167858 -0.00198758 -0.00577143 0.000913044 0.000221911 0.000980105 3.59822e-05 0.000380349 -0.0017641 -0.0055 8.93284e-05 -4.97821e-05 0.000442963 -0.00067672 -0.000255675 -0.00136011 -0.00444444 -0.0093913 -0.000443674 -0.00229352 -0.0041629 -0.0113455 -0.00177245 0.000633621 -0.00309244 -0.00759322 0.00118025 -0.00224499 -0.00132203
internal_weight=6674 6576 160 69 91 6416 954 666 630 194 71 5462 4820 2699 2121 1673 746 170 68 576 292 220 54 166 927 118 58 809 448 353
internal_count=6674 6576 160 69 91 6416 954 666 630 194 71 5462 4820 2699 2121 1673 746 170 68 576 292 220 54 166 927 118 58 809 448 353
is_linear=0
shrinkage=0.04


Tree=184
num_leaves=31
num_cat=0
split_feature=7 0 11 19 9 12 11 19 10 9 7 5 7 11 4 3 4 1 3 16 9 13 9 20 10 5 0 4 12 7
split_gain=0.774756 1.65584 0.555271 0.886038 3.03873 0.851506 1.36739 0.656319 1.00539 1.33273 2.71789 3.2259 2.06794 1.80108 1.59739 2.07995 1.98678 1.44934 0.552839 0.74867 0.897805 0.845148 0.691809 0.685032 3.57757 0.627597 0.611105 0.771329 0.576692 0.521825
threshold=3.010416666666667 5.6500000000000012 1.0000000180025095e-35 0.87837969732492682 68.500000000000014 86.500000000000014 -4.7499999999999991 -0.8783796973249266 12.65 64.500000000000014 6.3562500000000011 5.1500000000000012 4.6687500000000011 17.950000000000003 17.150000000000002 9.8500000000000032 5.1500000000000012 5.7500000000000009 2.6500000000000008 242.50000000000003 59.500000000000007 0.65000000000000002 73.500000000000014 1.0000000180025095e-35 6.2500000000000009 3.0500000000000003 2.5500000000000003 2.5500000000000003 79.500000000000014 8.1395833333333361
decision_type=2 2 2 2 2 2 2 2 2 2 2 2 2 2 2 2 2 2 2 2 2 2 2 2 2 2 2 2 2 2
left_child=1 18 3 5 -5 -2 -7 8 9 10 11 17 -13 -11 15 16 -15 -4 19 20 -1 -22 -21 25 -25 26 27 -23 -27 -9
right_child=2 -3 7 4 -6 6 -8 29 -10 13 -12 12 -14 14 -16 -17 -18 -19 -20 22 21 23 -24 24 -26 28 -28 -29 -30 -31
leaf_value=0.0035093299052425335 0.017545634925369067 -0.0059642795290114018 -0.0024922973635548231 0.016997779373814054 -0.037872503094719186 -0.0037760019146539886 0.0035842473467584835 0.00058170335707488424 0.036320171139734798 0.0087288044035193531 0.0016981182551733488 -0.0090885581602408363 -0.048075107367728825 -0.01302579278749148 0.035648012245312416 -0.025767444275882463 0.0047416991880192957 0.085059325479647133 0.00077413818259437534 -0.00034782684510826118 0.0012599564713068286 -0.0006335096538971725 0.0012035210077485478 0.00027329167502036642 -0.0030547760140332827 -0.00015759941338290583 0.011443907823324198 0.0014856143795747138 -0.017773837935434952 2.7081831905061823e-05
leaf_weight=65 495 41 39 70 32 40 72 2577 81 262 95 25 33 27 48 43 57 36 299 48 35 43 176 62 47 28 46 27 25 1700
leaf_count=65 495 41 39 70 32 40 72 2577 81 262 95 25 33 27 48 43 57 36 299 48 35 43 176 62 47 28 46 27 25 1700
internal_value=0.000349963 -0.000712619 0.000524682 0.00157183 -0.00186408 0.00215132 -0.00099115 0.000376592 -0.000717537 -0.00123123 -0.00370306 -0.00737313 -0.0143729 6.39271e-05 -0.00306818 -0.00540625 -0.00169412 -0.00184211 -0.000350332 -0.00104809 -0.00213193 -0.00301911 0.000782222 -0.00375627 -0.00621818 -0.00214118 -0.000478632 -0.0028169 -0.0057037 0.000567555
internal_weight=6674 942 5732 709 102 607 112 5023 746 665 228 133 58 437 175 127 84 75 901 602 378 313 224 278 109 169 116 70 53 4277
internal_count=6674 942 5732 709 102 607 112 5023 746 665 228 133 58 437 175 127 84 75 901 602 378 313 224 278 109 169 116 70 53 4277
is_linear=0
shrinkage=0.04


Tree=185
num_leaves=31
num_cat=0
split_feature=5 4 8 20 18 8 3 11 4 7 7 19 9 4 14 20 7 8 5 5 4 13 2 2 7 9 13 19 14 7
split_gain=0.803224 1.64526 1.00443 0.977975 0.917491 1.4834 0.807189 1.57386 0.746293 0.737706 1.5734 1.90498 2.60902 1.59864 0.699666 1.0463 2.09104 0.823004 0.741045 0.664864 0.650886 0.641962 0.840893 0.907416 1.33693 1.29612 1.05868 1.17659 1.29027 1.14643
threshold=6.9500000000000011 20.650000000000002 12.550000000000002 -0.56174490092936669 1.0000000180025095e-35 14.050000000000002 15.750000000000002 10.750000000000002 27.850000000000005 10.497916666666669 11.393750000000002 -1.0000000180025095e-35 82.500000000000014 10.65 177.50000000000003 0.81174490092936691 13.185416666666667 17.550000000000004 9.6500000000000004 24.250000000000004 12.050000000000002 7.7500000000000009 0.75000000000000011 6.5500000000000007 5.8375000000000004 44.500000000000007 0.75000000000000011 1.0000000180025095e-35 101.50000000000001 6.6500000000000012
decision_type=2 2 2 2 2 2 2 2 2 2 2 2 2 2 2 2 2 2 2 2 2 2 2 2 2 2 2 2 2 2
left_child=1 2 6 4 5 -4 20 -8 9 -2 11 -11 13 -13 15 17 -17 18 -12 -20 21 22 -1 -24 25 -25 -26 28 -28 -30
right_child=8 -3 3 -5 -6 -7 7 -9 -10 10 14 12 -14 -15 -16 16 -18 -19 19 -21 -22 -23 23 24 26 -27 27 -29 29 -31
leaf_value=-0.00082304980148951588 0.0010920977993304417 -0.015364874324294942 0.0030509854871781719 0.056360472754646826 0.025649335840978768 -0.023106460015480442 0.0019508827547752474 -0.037745761526638048 0.037658713592938445 0.0042893922746575072 -0.0021924352431941375 -0.0082747517793318667 0.00063476325324372015 -0.024830258435144789 0.0026170688639570684 0.0020795974047237123 -0.011852609778993063 0.030351786816650923 0.0049224214884748306 -0.0081723112298964524 0.0029834202312162311 0.00038995091852805962 2.0100941109591994e-05 -0.020085193078111657 -0.022871517866591105 0.0017727064504198873 -0.0082385803833947696 0.00073959033004180133 -0.011388376308554391 0.012043984714644615
leaf_weight=44 1701 25 38 248 39 35 25 28 122 53 35 45 37 25 432 35 48 77 107 25 158 712 1970 26 41 246 39 121 55 58
leaf_count=44 1701 25 38 248 39 35 25 28 122 53 35 45 37 25 432 35 48 77 107 25 158 712 1970 26 41 246 39 121 55 58
internal_value=0.000396933 2.8652e-05 9.57777e-05 0.00210526 -0.00099115 -0.00362162 -0.000110102 -0.00496296 0.000921619 0.000778329 -0.000134782 -0.00372671 -0.00677778 -0.0112676 0.000626316 -0.000768293 -0.00461905 0.000555102 -0.00102381 0.000360902 -3.4572e-05 -0.000154543 -0.000445982 -0.00035041 -0.00173083 0.000322344 -0.00350476 -0.00258394 -0.00491503 -0.00270175
internal_weight=6650 3908 3883 360 112 73 3523 53 2742 2620 919 160 107 70 759 327 83 244 167 132 3470 3312 2600 2556 586 272 314 273 152 113
internal_count=6650 3908 3883 360 112 73 3523 53 2742 2620 919 160 107 70 759 327 83 244 167 132 3470 3312 2600 2556 586 272 314 273 152 113
is_linear=0
shrinkage=0.04


Tree=186
num_leaves=31
num_cat=0
split_feature=5 4 4 4 1 4 4 7 4 12 3 12 8 14 11 5 2 17 7 5 7 1 1 16 14 5 5 15 12 11
split_gain=0.972971 0.894157 0.822507 1.66259 1.47064 1.64168 0.658676 0.990119 0.957793 2.65882 1.10051 0.874795 0.63779 0.845832 1.10438 0.89192 0.888052 1.75566 0.606101 0.565956 0.745332 0.798408 0.855345 0.7021 0.708395 1.45351 1.09268 0.629457 1.17112 0.821724
threshold=8.4500000000000011 20.650000000000002 11.350000000000003 10.450000000000001 6.3500000000000005 10.950000000000001 27.850000000000005 9.7854166666666682 6.2500000000000009 76.500000000000014 5.4500000000000011 58.500000000000007 5.9500000000000011 168.50000000000003 2.3500000000000001 12.450000000000001 3.1500000000000008 0.25881904510252091 7.3854166666666679 0.8500000000000002 2.5854166666666671 1.6500000000000001 1.8500000000000003 202.50000000000003 181.50000000000003 3.3500000000000001 2.8500000000000001 1.0000000180025095e-35 58.500000000000007 3.6500000000000008
decision_type=2 2 2 2 2 2 2 2 2 2 2 2 2 2 2 2 2 2 2 2 2 2 2 2 2 2 2 2 2 2
left_child=1 2 3 19 -5 -6 7 12 9 -9 11 -10 13 -2 -15 16 -16 -18 -4 -1 21 -21 -23 24 25 -24 -26 -22 -29 -30
right_child=6 -3 18 4 5 -7 -8 8 10 -11 -12 -13 -14 14 15 -17 17 -19 -20 20 27 22 23 -25 26 -27 -28 28 29 -31
leaf_value=0.0010474417404379964 0.00060697843690268849 -0.014084973655121022 -0.0076114894772766443 9.5857878217839123e-05 -0.020105628413235311 -0.00053694911174636444 0.036152365049220911 -0.02988027388308101 -0.011089731747530701 0.00057461015647363497 0.00051956682531954996 0.0026973985657694601 0.025985318939224171 -0.0021937787197568361 0.0022667138861511087 0.010626986251663997 0.00024635601727904276 -0.02338925571979493 0.0027992668272189213 0.00029108905844197952 0.0003137306713609856 -0.0013214698071282685 0.00019750951244730595 0.0050897435420703884 -0.002732011297679264 -0.0029236649016785238 -2.7720300663792339e-06 -0.0073196531315131222 -0.002944233505926317 0.0010815532678665341
leaf_weight=156 160 29 41 52 30 31 122 25 33 46 854 25 599 39 53 65 29 25 380 157 2955 44 103 80 54 27 43 31 167 195
leaf_count=156 160 29 41 52 30 31 122 25 33 46 854 25 599 39 53 65 29 25 380 157 2955 44 103 80 54 27 43 31 167 195
internal_value=0.000408961 8.30421e-05 0.000128436 -4.36256e-05 -0.00480702 -0.00896774 0.00112717 0.0009478 5.28457e-05 -0.00438889 0.000403067 -0.00488136 0.00185376 0.000548387 -0.00111321 0.000277457 -0.00196296 -0.00552727 0.00181043 9.17021e-05 -4.14815e-06 -0.00143026 -0.00248864 -0.00172727 -0.00285965 -0.00091603 -0.00542857 0.000212601 -0.00128934 -0.000639118
internal_weight=6650 4575 4546 4125 113 61 2075 1953 983 71 912 58 970 371 211 172 107 54 421 4012 3856 508 351 307 227 130 97 3348 393 362
internal_count=6650 4575 4546 4125 113 61 2075 1953 983 71 912 58 970 371 211 172 107 54 421 4012 3856 508 351 307 227 130 97 3348 393 362
is_linear=0
shrinkage=0.04


Tree=187
num_leaves=31
num_cat=0
split_feature=7 8 9 0 8 16 14 14 11 0 8 12 5 14 13 19 12 9 4 11 17 0 16 18 11 3 14 11 19 3
split_gain=0.833072 1.72191 1.62205 0.590152 0.644909 1.49201 0.566935 0.928746 0.914817 0.54107 1.79604 0.597246 0.570668 0.561064 0.520975 0.498624 0.493415 0.813549 0.63883 1.73211 1.20086 1.17782 0.647648 0.858457 1.07052 0.588709 0.484965 0.469257 0.598137 1.52657
threshold=3.0520833333333344 6.3500000000000005 71.500000000000014 29.650000000000002 24.350000000000005 57.500000000000007 106.50000000000001 219.50000000000003 20.950000000000003 17.150000000000002 19.150000000000002 21.500000000000004 34.100000000000001 357.50000000000006 3.1500000000000008 -0.8783796973249266 86.500000000000014 56.500000000000007 3.2500000000000004 3.7500000000000004 0.78656609248549325 3.7500000000000004 32.500000000000007 -0.78656609248549325 4.5500000000000007 9.0500000000000025 276.50000000000006 -2.7499999999999996 -0.60785761079279388 2.5500000000000003
decision_type=2 2 2 2 2 2 2 2 2 2 2 2 2 2 2 2 2 2 2 2 2 2 2 2 2 2 2 2 2 2
left_child=1 6 -3 4 9 -6 -1 15 -9 10 11 14 13 16 -2 -8 17 -13 19 20 21 -18 -20 24 25 -24 -25 -17 29 -29
right_child=3 2 -4 -5 5 -7 7 8 -10 -11 -12 12 -14 -15 -16 27 18 -19 22 -21 -22 -23 23 26 -26 -27 -28 28 -30 -31
leaf_value=0.00087498424843669264 -0.0094326033080648023 -0.02539366864554559 0.0082460643701155554 0.048721838197949688 0.1290510587808312 -0.031628601219648514 0.00036983075744289977 0.0031684582640177177 -0.00099677405067062782 0.0031371812034775744 -0.035296625355129695 0.0052621823957528426 -0.0085665264219406054 -0.0092279699187435803 0.0043061402432034461 0.00040162613675382764 -0.00084297829025897471 0.0002799769220242268 0.00069982694178719995 0.0084829727964787424 -0.0003197421255494701 -0.013263108717577344 -0.00017706974399020155 0.00035067850539796072 0.0088912406968131904 -0.01078219107220986 -0.0015798581666210565 -0.0033017478326019586 -0.00059492015583367656 0.00064224357787963512
leaf_weight=155 31 28 27 122 26 38 77 179 32 233 45 769 31 45 225 50 25 3413 235 61 38 38 28 183 33 31 28 28 371 25
leaf_count=155 31 28 27 122 26 38 77 179 32 233 45 769 31 45 225 50 25 3413 235 61 38 38 28 183 33 31 28 28 371 25
internal_value=0.000390919 -0.000690647 -0.0075 0.000576158 0.000515386 -0.00344615 -0.00027451 -0.00072346 0.0015283 0.00056217 0.000478327 0.000547651 0.000450091 0.000484578 0.00242802 -0.00158696 0.000525906 0.000690414 -0.000456491 -0.00265031 -0.00584314 -0.0091875 0.000207792 -0.00101316 -0.00421505 -0.0074 0.000396227 -0.00207158 -0.00250353 -0.00644444
internal_weight=6650 972 55 5678 5556 64 917 762 211 5492 5259 5214 4958 4927 256 551 4882 4182 700 162 101 63 538 303 92 59 211 474 424 53
internal_count=6650 972 55 5678 5556 64 917 762 211 5492 5259 5214 4958 4927 256 551 4882 4182 700 162 101 63 538 303 92 59 211 474 424 53
is_linear=0
shrinkage=0.04


Tree=188
num_leaves=31
num_cat=0
split_feature=0 8 7 4 10 12 3 15 3 1 8 4 3 20 1 5 5 4 4 4 4 5 15 3 6 19 8 2 20 11
split_gain=0.767506 1.10415 0.625813 0.772578 0.546932 0.554584 0.622956 0.771562 0.865175 1.20015 1.32771 1.30699 0.84393 0.733301 1.13093 1.59654 0.665742 0.62397 0.582443 1.0094 0.578579 0.577508 0.604098 1.05567 1.29295 2.00212 1.08778 0.749603 1.15348 0.605324
threshold=16.950000000000003 19.150000000000002 2.4354166666666672 3.3500000000000001 16.750000000000004 84.500000000000014 2.2500000000000004 1.0000000180025095e-35 3.3500000000000001 9.0500000000000025 11.450000000000001 6.0500000000000007 2.8500000000000001 -0.56174490092936669 3.1500000000000008 2.3500000000000001 16.850000000000005 7.3500000000000005 4.8500000000000005 6.0500000000000007 2.4500000000000006 25.150000000000002 1.0000000180025095e-35 5.4500000000000011 8.0416666666666679 -1.0000000180025095e-35 13.050000000000002 2.5500000000000003 -0.22252093395631442 4.2500000000000009
decision_type=2 2 2 2 2 2 2 2 2 2 2 2 2 2 2 2 2 2 2 2 2 2 2 2 2 2 2 2 2 2
left_child=1 2 3 -1 5 21 -7 8 12 13 11 -11 -8 -10 15 -15 -12 18 20 -20 -16 22 29 27 25 -25 -26 28 -24 -4
right_child=-2 -3 4 -5 -6 6 7 -9 9 10 16 -13 -14 14 17 -17 -18 -19 19 -21 -22 -23 23 24 26 -27 -28 -29 -30 -31
leaf_value=-0.00010657717754261764 0.0033694367343602718 -0.035624634377472132 0.0027743235067874661 -0.0025377722957516924 0.020046939122482742 0.0029937370329920113 -1.1321990507704607e-05 0.00050396425823383284 0.0035396611845668179 -0.0071941511373367654 -0.0010016784983046571 -0.0080753883207922723 -0.017580589600011978 0.0035112422622606693 -0.0056537334725916457 -0.0045700828799626727 0.00047627324616749479 0.0033029972892656941 -0.0022435058355997363 0.00016852855494460899 0.014274298605159535 -0.0082238653650629732 0.02266023820521006 -0.0079575842818306528 0.017876218465443058 -0.00098511607656910226 -0.0022310104689832935 0.018559563898237659 -0.0072120105756268704 0.00027554344635262836
leaf_weight=449 433 43 1074 27 277 100 39 238 105 25 39 29 45 25 41 41 28 56 25 34 62 31 27 28 56 51 26 103 36 3057
leaf_count=449 433 43 1074 27 277 100 39 238 105 25 39 29 45 25 41 41 28 56 25 34 62 31 27 28 56 51 26 103 36 3057
internal_value=0.000336792 0.000223223 0.000268178 -0.00112369 0.000384629 0.000295832 -0.00059164 -0.00095078 -0.00172101 -0.00109589 -0.00455738 -0.00916364 -0.00545882 -1.02563e-05 -0.00106667 -0.00561194 -0.000764706 0.000328767 -0.000932515 -0.00406667 0.000884616 0.000480178 0.000518502 -0.00113415 -0.0034321 -0.00705 9.63857e-05 0.0011018 -0.0023125 0.000649565
internal_weight=6650 6217 6174 476 5698 5421 932 832 594 510 121 54 84 389 284 66 67 218 162 59 103 4489 4458 327 161 79 82 166 63 4131
internal_count=6650 6217 6174 476 5698 5421 932 832 594 510 121 54 84 389 284 66 67 218 162 59 103 4489 4458 327 161 79 82 166 63 4131
is_linear=0
shrinkage=0.04


Tree=189
num_leaves=31
num_cat=0
split_feature=0 8 10 12 13 16 4 9 5 7 20 10 7 4 13 12 0 17 12 5 18 12 11 12 16 11 11 4 11 1
split_gain=0.773195 1.1019 0.531696 0.57253 0.560765 0.752198 0.48526 0.819519 0.471319 0.7367 0.50383 1.02912 0.393915 0.496916 0.589325 0.734528 1.84141 0.583015 0.433293 0.640656 0.665667 0.844478 0.790424 0.75415 1.65422 1.36852 0.749748 0.813343 0.905309 1.89345
threshold=16.950000000000003 19.150000000000002 16.750000000000004 21.500000000000004 4.7500000000000009 1247.5000000000002 3.0500000000000003 52.500000000000007 19.250000000000004 22.343750000000004 -0.22252093395631442 7.1500000000000012 2.3937500000000003 1.0500000000000003 10.450000000000001 73.500000000000014 2.2500000000000004 -1.0000000180025095e-35 84.500000000000014 25.150000000000002 -0.12940952255126037 27.500000000000004 -7.4499999999999993 82.500000000000014 37.500000000000007 4.2500000000000009 26.750000000000004 8.4500000000000011 19.550000000000004 10.350000000000003
decision_type=2 2 2 2 2 2 2 2 2 2 2 2 2 2 2 2 2 2 2 2 2 2 2 2 2 2 2 2 2 2
left_child=1 2 3 4 5 -1 7 -4 9 10 11 -2 13 17 15 16 -15 -5 19 20 21 -14 -22 25 -25 -24 27 -27 29 -29
right_child=8 -3 6 12 -6 -7 -8 -9 -10 -11 -12 -13 18 14 -16 -17 -18 -19 -20 -21 22 -23 23 24 -26 26 -28 28 -30 -31
leaf_value=0.00017952607081829009 -0.010613910353300051 -0.034199649002373239 0.036465022543187751 -0.00052952031963575104 0.0050719059197171399 -0.0098229112187288702 0.021191942206195625 -0.012181092117946869 0.026886739959867369 -0.022945620193094509 0.059069520491159565 0.16559844183752656 -0.004252955530499705 -0.0052431467891548011 0.0014841103249457245 -0.00016969599919866601 0.003458213929263397 0.0011598364972015354 -0.00016290124794592889 -0.008696324810904826 -0.0049614508795917459 0.0022748501710504708 0.0030657760211921436 -0.0038094573157335977 0.0082161695645749707 0.00016868921350635682 0.0045041180837396893 -0.0025969900289781788 -3.8950212427697426e-05 -0.015724515781177277
leaf_weight=47 37 43 48 26 222 33 187 42 130 40 162 64 28 45 57 202 26 69 941 29 36 1774 443 32 58 915 261 304 303 46
leaf_count=47 37 43 48 26 222 33 187 42 130 40 162 64 28 45 57 202 26 69 941 29 36 1774 443 32 58 915 261 304 303 46
internal_value=0.000330777 0.00021679 0.000261701 0.000181078 0.00187459 -0.000987654 0.00197122 -0.00043956 0.00196313 0.00109211 0.00186364 -0.000352941 8.93497e-05 -0.00107981 -0.00181269 -0.00258394 -0.00605556 0.00145833 0.000185651 0.000358393 0.000399905 0.000980588 -3.66818e-05 5.41686e-05 -0.00351648 0.000197096 -0.000286339 -0.000616953 -0.00169419 -0.00307692
internal_weight=6650 6217 6174 5897 302 80 277 90 433 303 263 101 5595 425 330 273 71 95 5170 4229 4200 1802 2398 2362 90 2272 1829 1568 653 350
internal_count=6650 6217 6174 5897 302 80 277 90 433 303 263 101 5595 425 330 273 71 95 5170 4229 4200 1802 2398 2362 90 2272 1829 1568 653 350
is_linear=0
shrinkage=0.04


Tree=190
num_leaves=31
num_cat=0
split_feature=17 12 11 13 7 13 1 2 4 3 3 2 3 4 18 5 0 7 8 8 9 19 8 0 14 12 13 5 5 5
split_gain=0.640031 1.31142 1.58613 1.02635 0.876873 1.19783 0.967211 1.11037 0.760262 0.689684 1.42722 0.670264 0.627517 1.00332 0.686878 0.683836 1.6787 4.34379 0.88271 1.43191 1.5734 0.909518 0.840609 1.55638 1.27934 0.984393 1.2038 0.811043 0.818599 0.659685
threshold=-0.9159756150367534 47.500000000000007 1.4500000000000002 2.3500000000000001 4.2354166666666675 2.4500000000000006 3.5500000000000003 6.8500000000000005 7.0500000000000007 9.1500000000000004 13.950000000000001 20.450000000000003 18.450000000000003 13.65 0.60355339059327384 16.850000000000005 15.350000000000003 13.752083333333337 11.750000000000002 11.250000000000002 57.500000000000007 1.0000000180025095e-35 15.950000000000001 16.650000000000002 186.50000000000003 80.500000000000014 2.8500000000000001 8.4500000000000011 8.3500000000000032 17.850000000000005
decision_type=2 2 2 2 2 2 2 2 2 2 2 2 2 2 2 2 2 2 2 2 2 2 2 2 2 2 2 2 2 2
left_child=1 3 -3 -1 -4 8 -7 -8 -6 -9 -11 12 15 -14 -15 18 29 -18 19 27 -21 -20 25 24 -24 -23 -27 28 -2 -17
right_child=11 2 4 -5 5 6 7 9 -10 10 -12 -13 13 14 -16 16 17 -19 21 20 -22 22 23 -25 -26 26 -28 -29 -30 -31
leaf_value=-0.0041292750724852296 3.8939458011535268e-05 0.00080179046472231643 -3.8108013310672743e-05 0.0058242369296675131 -0.01305120810065793 -0.0076212324201329002 0.020312590852817943 -0.019719805539988446 -0.023009929412125502 0.0017735865715019586 -0.022501678935341014 0.049000510369469355 -0.033012112624706526 0.0054748234682913382 -0.01170258968291122 -0.0022564048410183739 -0.011127098484768368 0.010037808436004516 0.019561960853494553 -0.025386283933669217 -0.0069827703845638626 0.10439034880754912 -0.0025834892789965342 0.0026926049524492101 -0.036249526331187457 0.0111843015110323 -0.011393912315243461 0.0019561096599305067 -0.0044676892968859025 0.0015105375678347434
leaf_weight=34 3376 111 145 282 25 37 42 40 41 47 34 219 26 40 25 31 33 41 600 25 66 123 28 37 26 26 39 923 30 156
leaf_count=34 3376 111 145 282 25 37 42 40 41 47 34 219 26 40 25 31 33 41 600 25 66 123 28 37 26 26 39 923 30 156
internal_value=0.000213445 -0.000820024 -0.00204971 0.00121136 -0.00319417 -0.00455431 -0.00298507 -0.00163415 -0.00919403 -0.00357377 -0.00141463 0.000361097 0.000276716 -0.003 -0.00030303 0.000330876 -0.00166412 -0.00672 0.000429434 0.00019905 -0.00473913 0.00158636 -0.0003 -0.00343478 -0.00770909 0.00122751 -0.00272727 0.000303926 1.8785e-05 0.000361702
internal_weight=6708 838 522 316 411 266 200 163 66 121 81 5870 5651 91 65 5560 261 74 5299 4420 91 879 279 91 54 188 65 4329 3406 187
internal_count=6708 838 522 316 411 266 200 163 66 121 81 5870 5651 91 65 5560 261 74 5299 4420 91 879 279 91 54 188 65 4329 3406 187
is_linear=0
shrinkage=0.04


Tree=191
num_leaves=31
num_cat=0
split_feature=0 11 12 10 4 13 11 6 11 12 2 4 17 11 5 19 11 19 5 5 7 8 19 8 8 10 9 5 3 10
split_gain=0.548727 0.600294 1.06568 1.05912 1.22467 1.2419 1.14972 0.968506 0.750665 1.37633 1.51085 1.02254 0.938606 1.24649 0.888172 0.723899 1.27153 0.648046 0.759326 0.673214 2.32557 3.02427 1.20163 1.20023 1.10901 1.42768 1.02303 0.912919 1.0436 1.03913
threshold=38.300000000000004 0.75000000000000011 67.500000000000014 7.0500000000000007 2.8500000000000001 3.7500000000000004 -6.8499999999999988 1.5333333333333299 2.2500000000000004 84.500000000000014 4.9500000000000011 3.7500000000000004 0.37940952255126054 1.9500000000000002 3.1500000000000008 0.6078576107927941 -1.4499999999999997 0.87837969732492682 2.9500000000000006 14.65 13.752083333333337 15.950000000000001 0.6078576107927941 6.6500000000000012 24.350000000000005 10.250000000000002 73.500000000000014 10.250000000000002 18.250000000000004 12.950000000000001
decision_type=2 2 2 2 2 2 2 2 2 2 2 2 2 2 2 2 2 2 2 2 2 2 2 2 2 2 2 2 2 2
left_child=1 2 -1 6 5 -5 -4 -8 9 12 14 -12 13 -3 -11 -9 -17 19 -19 24 21 22 26 -24 27 -26 -21 28 29 -10
right_child=-2 8 3 4 -6 -7 7 15 17 10 11 -13 -14 -15 -16 16 -18 18 -20 20 -22 -23 23 -25 25 -27 -28 -29 -30 -31
leaf_value=0.025555723578330209 0.052668483581112924 -1.2365159337843844e-05 -0.0022282245436500308 0.0007917460062593733 0.011796108831394519 -0.023493589468285614 -0.00083429383410811716 0.0013275873293321098 0.00015509825980061814 0.0041336376848784585 -0.034256802759978319 -0.0034834158193641279 0.0080745616317098173 -0.0045779539551334108 -0.002003143441568306 -0.0063647776237383963 0.0010643431396472362 -0.00059680811563307267 0.0087193282340860667 0.0029704005740604504 0.0046769730303025062 -0.010753820205877746 0.001603271188972131 -0.0149417127996528 -0.029286074198560375 0.13735408474168181 -0.0049289319414638115 0.0026126909035369883 -0.013626679670429669 -0.0053339880013503439
leaf_weight=205 98 112 35 197 421 32 32 140 2932 48 37 53 160 29 46 25 43 221 490 97 220 52 25 25 27 27 38 555 54 232
leaf_count=205 98 112 35 197 421 32 32 140 2932 48 37 53 160 29 46 25 43 221 490 97 220 52 25 25 27 27 38 555 54 232
internal_value=0.000195558 0.000151263 0.000990274 0.000410367 0.00129032 -0.00106087 -0.00166667 -0.0006639 -2.18937e-05 -0.00152263 -0.00423784 -0.00791209 0.000145696 -0.00222535 -0.000673684 0.000344498 -0.00301449 0.000124099 0.00124157 -6.16101e-05 -0.00151092 -0.0042521 -0.00182796 -0.00705882 0.000111808 -0.00552727 0.000147059 0.000193959 -6.46162e-05 3.03319e-05
internal_weight=6708 6610 1130 925 650 229 275 240 5480 485 184 90 301 141 94 208 68 4995 711 4284 457 237 185 50 3827 54 135 3773 3218 3164
internal_count=6708 6610 1130 925 650 229 275 240 5480 485 184 90 301 141 94 208 68 4995 711 4284 457 237 185 50 3827 54 135 3773 3218 3164
is_linear=0
shrinkage=0.04


Tree=192
num_leaves=31
num_cat=0
split_feature=17 7 6 4 12 3 12 2 5 0 19 7 4 18 20 7 7 7 11 13 18 12 12 12 9 19 11 5 17 1
split_gain=0.547406 1.03031 1.67004 1.84175 3.11278 1.07544 1.64594 1.17563 1.00939 1.02886 0.976269 0.974863 1.34998 1.09431 0.784992 0.961409 2.89638 0.740562 0.74041 1.10909 0.656996 1.07555 0.817951 1.00059 1.4044 0.9727 0.863781 1.04823 0.819554 0.813346
threshold=0.12940952255126045 9.7854166666666682 20.775000000000002 6.7500000000000009 76.500000000000014 5.4500000000000011 57.500000000000007 18.950000000000003 8.4500000000000011 4.9500000000000011 -1.0000000180025095e-35 5.4520833333333343 6.8500000000000005 1.0000000180025095e-35 0.81174490092936691 5.7645833333333343 6.9770833333333346 2.2354166666666671 9.7500000000000018 7.2500000000000009 -0.12940952255126037 32.500000000000007 28.500000000000004 73.500000000000014 72.500000000000014 1.0000000180025095e-35 -3.7499999999999996 4.7500000000000009 -0.5 6.1500000000000012
decision_type=2 2 2 2 2 2 2 2 2 2 2 2 2 2 2 2 2 2 2 2 2 2 2 2 2 2 2 2 2 2
left_child=20 8 3 4 -3 6 -5 10 14 11 -7 -10 13 -13 -2 17 -17 -16 -12 -20 22 -22 -1 -24 26 28 27 -25 -26 -23
right_child=1 2 -4 5 -6 7 -8 -9 9 -11 18 12 -14 -15 15 16 -18 -19 19 -21 21 29 23 24 25 -27 -28 -29 -30 -31
leaf_value=-0.0083213670743428319 0.00079834480603948709 -0.030346282140657856 0.099323599985849914 -0.0098547327740393896 -0.00013464434050134262 0.0097948682126928043 0.0009765364440134861 -0.032320943733655808 0.013322729199726038 0.031207167706844154 -0.002284964669451045 -0.012336189861709559 0.020483046737352191 0.0023695867935905495 -0.00044706068975247231 -0.019144995149019968 0.039568388479963031 0.0009014665021820728 0.0085039819150833831 -0.003258768646290329 0.00084952234430138245 -0.00022381196024402587 0.0086788922818223212 -0.0022342931259118821 0.0039709778332188183 -0.01359599592556103 0.00049791351095214323 0.025667298492716886 -0.001542080019028965 -0.0052101642255823625
leaf_weight=26 1604 26 99 28 41 188 27 30 66 399 61 29 37 25 27 33 26 145 150 46 532 1035 745 44 38 55 689 26 38 393
leaf_count=26 1604 26 99 28 41 188 27 30 66 399 61 29 37 25 27 33 26 145 150 46 532 1035 745 44 38 55 689 26 38 393
internal_value=0.000135937 0.000527202 -0.000826399 -0.00162542 -0.00782353 -0.000828625 -0.00607143 -0.000210084 0.000921405 0.00241293 0.000313901 -0.000329114 -0.003 -0.00698182 0.00046841 -0.0017069 -0.00606667 -0.000184971 -0.00128682 -8.12181e-05 -0.000197681 -0.000693524 0.000387485 0.000501223 -0.00040404 -0.00421212 0.000257895 -0.00394366 -0.00124675 -0.00126522
internal_weight=6708 3087 696 597 67 530 55 475 2391 556 445 157 91 54 1835 231 59 172 257 196 3621 1960 1661 1635 890 131 759 70 76 1428
internal_count=6708 3087 696 597 67 530 55 475 2391 556 445 157 91 54 1835 231 59 172 257 196 3621 1960 1661 1635 890 131 759 70 76 1428
is_linear=0
shrinkage=0.04


Tree=193
num_leaves=31
num_cat=0
split_feature=8 16 11 1 3 5 1 12 19 3 4 18 8 1 12 8 3 6 11 14 19 4 14 1 4 5 8 4 8 8
split_gain=0.598184 0.74626 0.970127 1.59464 0.678971 1.44646 0.986253 0.59081 1.07833 1.05114 1.13901 0.815226 0.813865 1.93194 1.67562 1.6575 1.20338 1.6364 0.809956 0.798197 0.558819 0.959793 0.537222 0.911062 0.520024 0.862038 1.02556 1.93536 1.16544 1.01427
threshold=8.6500000000000004 807.50000000000011 19.550000000000004 8.6500000000000004 16.550000000000004 7.2500000000000009 9.0500000000000025 46.500000000000007 -0.60785761079279388 18.950000000000003 2.1500000000000008 -0.70710678118654757 15.950000000000001 17.550000000000004 62.500000000000007 17.950000000000003 14.350000000000003 14.858333333333336 12.250000000000002 135.50000000000003 -0.8783796973249266 19.050000000000004 274.50000000000006 10.950000000000001 8.3500000000000032 1.5500000000000003 6.6500000000000012 9.5500000000000025 7.0500000000000007 7.3500000000000005
decision_type=2 2 2 2 2 2 2 2 2 2 2 2 2 2 2 2 2 2 2 2 2 2 2 2 2 2 2 2 2 2
left_child=24 7 3 -3 5 -4 -7 20 9 10 -9 -11 16 14 15 -14 -10 -18 -16 -15 21 -2 23 -8 -1 -26 -27 29 -29 -28
right_child=1 2 4 -5 -6 6 22 8 12 11 -12 -13 13 19 18 -17 17 -19 -20 -21 -22 -23 -24 -25 25 26 27 28 -30 -31
leaf_value=5.8802782886301255e-05 -0.015293578764483824 0.0051778173612902064 0.078841440163889914 -0.017504657211946328 0.027960697672213649 0.004173114403848311 -0.01410799675267166 -0.020496958012869132 0.0012647039251978956 0.045271945918192225 0.030753072069017288 -0.029982581773857941 -0.0043985755488991978 -0.029432651200886562 -0.0038551686713752861 -0.038833358893707745 -0.014563254390606087 0.0011732070676075104 0.17914856681125441 0.0054764338250459137 0.027462873502232161 0.22322416537758474 -0.0044085615571959075 -0.0037309937230991042 -0.0088917974868211042 6.643999205022557e-05 -0.00029329784002421895 -0.0026132745002514714 0.00041522835778901013 -0.0087872900894810403
leaf_weight=3445 25 28 78 29 95 29 30 34 796 26 416 32 30 27 40 27 31 33 28 108 328 26 35 37 26 575 27 40 179 48
leaf_count=3445 25 28 78 29 95 29 30 34 796 26 416 32 30 27 40 27 31 33 28 108 328 26 35 37 26 575 27 40 179 48
internal_value=0.000177672 0.000688898 -0.000983425 -0.00572414 -7.86884e-05 -0.00135238 -0.00390909 0.00099004 0.000658073 0.00218468 0.00283814 -0.00284746 -3.56823e-05 -0.00199234 -0.00555556 -0.0105517 0.000557491 -0.00467692 -0.00127536 0.00132353 0.00241053 -0.00146154 -0.00574757 -0.00782353 -0.000101359 -0.000959821 -0.00074023 -0.00265763 -0.000745454 -0.00815789
internal_weight=6708 2368 361 57 304 209 131 2007 1628 508 450 58 1120 260 125 57 860 64 68 135 379 51 102 67 4340 895 869 294 219 75
internal_count=6708 2368 361 57 304 209 131 2007 1628 508 450 58 1120 260 125 57 860 64 68 135 379 51 102 67 4340 895 869 294 219 75
is_linear=0
shrinkage=0.04


Tree=194
num_leaves=31
num_cat=0
split_feature=8 14 9 5 10 14 19 12 11 7 7 7 11 11 3 3 11 5 2 11 7 17 8 10 12 8 3 6 9 5
split_gain=0.532668 0.729667 1.26536 0.792467 1.01839 0.972634 0.728622 1.05254 1.25121 0.833589 2.55113 1.65454 0.776782 1.26546 1.635 1.05687 0.679288 0.848305 0.662723 1.24473 1.3644 0.987926 0.631399 0.618182 0.825897 0.758716 0.564459 0.541779 0.522184 0.748196
threshold=8.6500000000000004 124.50000000000001 55.500000000000007 6.4500000000000011 0.65000000000000002 111.50000000000001 -1.0000000180025095e-35 50.500000000000007 19.250000000000004 9.7854166666666682 13.581250000000002 13.052083333333334 0.75000000000000011 5.7500000000000009 13.750000000000002 7.4500000000000011 17.650000000000002 9.2500000000000018 10.250000000000002 4.9500000000000011 5.7166666666666677 0.12940952255126045 17.550000000000004 4.6500000000000012 33.500000000000007 11.550000000000002 19.350000000000005 11.741666666666665 43.500000000000007 19.850000000000005
decision_type=2 2 2 2 2 2 2 2 2 2 2 2 2 2 2 2 2 2 2 2 2 2 2 2 2 2 2 2 2 2
left_child=28 2 -2 5 -5 -4 7 8 -3 16 11 12 -11 -14 15 -15 17 18 19 21 -21 -8 23 24 -6 -26 -9 -25 -1 -30
right_child=1 6 3 4 22 -7 9 26 -10 10 -12 -13 13 14 -16 -17 -18 -19 -20 20 -22 -23 -24 27 25 -27 -28 -29 29 -31
leaf_value=0.011845163668459325 -0.021748532091312136 -0.026987640642130616 0.014306157247123839 -0.012112901451318632 0.00093380547519609624 -0.025276736697256965 -0.012569590821102273 0.032369451833063584 0.0041242398282728973 0.015602157398458218 0.015335605222551825 -0.003734289676484781 -0.020181438315846872 -0.013926713972705118 -0.013401726952120553 0.023279783953836796 0.041833371255469369 0.052080156827680461 0.010957998098359399 0.0021643721050599398 -0.029005685103994445 0.016751254090672067 0.020486322349037075 0.0075251763601808476 -0.014155293832771839 -0.0015771563455863546 -0.0028599924256458215 -0.010404257893171334 -4.6016163992189912e-05 -0.0038492847379813029
leaf_weight=156 37 47 154 33 39 26 49 544 195 27 206 25 45 32 36 102 147 106 70 38 40 101 79 53 28 41 43 25 4159 25
leaf_count=156 37 47 154 33 39 26 49 544 195 27 206 25 45 32 36 102 147 106 70 38 40 101 79 53 28 41 43 25 4159 25
internal_value=0.000189596 0.000672014 -0.000658915 -0.000100209 -0.00136455 0.00198895 0.00104207 0.00192289 -0.000296296 0.000327805 -0.000902953 -0.00347761 -0.00243621 -0.00324074 -0.00163743 0.000414815 0.00138406 0.000533333 -0.000561873 -0.00160699 -0.00567089 0.000529801 -0.000526316 -0.00179679 -0.00374312 -0.00634286 0.00283673 0.000911393 -7.37156e-05 -0.000158662
internal_weight=6708 2368 515 478 298 180 1853 829 242 1024 473 267 242 215 170 134 551 404 298 228 78 150 265 186 108 69 587 78 4340 4184
internal_count=6708 2368 515 478 298 180 1853 829 242 1024 473 267 242 215 170 134 551 404 298 228 78 150 265 186 108 69 587 78 4340 4184
is_linear=0
shrinkage=0.04


Tree=195
num_leaves=31
num_cat=0
split_feature=8 7 5 11 8 13 16 5 11 12 0 7 5 9 7 12 5 2 19 13 12 17 1 12 18 8 8 13 13 5
split_gain=0.60291 0.696643 1.04472 1.45359 1.10491 0.628924 1.27654 0.706451 0.694821 1.54936 0.417971 0.755792 1.37262 1.71165 1.22612 0.522782 1.43564 0.848834 1.37024 1.73605 1.00382 0.567921 1.01031 0.499721 0.479118 0.495251 0.46375 0.700003 0.927884 0.969968
threshold=12.850000000000003 12.68125 7.1500000000000012 14.250000000000002 11.950000000000001 5.7500000000000009 132.50000000000003 17.550000000000004 18.750000000000004 64.500000000000014 1.5500000000000003 4.6687500000000011 3.5500000000000003 69.500000000000014 2.839583333333334 86.500000000000014 11.950000000000001 5.9500000000000011 -1.0000000180025095e-35 3.7500000000000004 90.500000000000014 0.12940952255126045 8.5500000000000025 88.500000000000014 0.37940952255126048 2.0500000000000003 8.7500000000000018 4.9500000000000011 1.4500000000000002 4.0500000000000007
decision_type=2 2 2 2 2 2 2 2 2 2 2 2 2 2 2 2 2 2 2 2 2 2 2 2 2 2 2 2 2 2
left_child=1 10 -3 -4 -5 -2 -7 8 9 -8 11 12 -1 -14 -15 24 17 23 19 20 -19 22 -20 -17 -12 -26 27 28 -27 -30
right_child=5 2 3 4 -6 6 7 -9 -10 -11 15 -13 13 14 -16 16 -18 18 21 -21 -22 -23 -24 -25 25 26 -28 -29 29 -31
leaf_value=-4.0136613559667892e-05 0.0032124616529320689 -0.025546694286887411 -0.0042146109368584534 0.0085475128991867409 -0.0072608069355587865 -0.028136901413424106 -0.017207209690877464 -0.0078483782209355108 0.029633907046784768 0.001625128583062403 0.0007404361328806516 0.0014272281180741733 0.0010390857838203868 -0.00033873446280958036 -0.0057040153600398857 -0.00029960116269310268 -0.0033678087313042614 -0.003282067303460332 0.0013516390157288336 -0.027926937294649633 0.0070571419453973197 0.0043579482663760197 -0.016641189240323508 0.0054255399881271002 0.0025139020100543048 0.00046051396311832577 0.0022425995612359996 5.1015018352172265e-05 -0.00017781996851095786 -0.0052573758985007451
leaf_weight=264 939 35 36 126 26 28 38 36 128 38 2467 115 35 33 40 154 44 45 37 32 28 86 25 197 65 152 268 735 232 183
leaf_count=264 939 35 36 126 26 28 38 36 128 38 2467 115 35 33 40 154 44 45 37 32 28 86 25 197 65 152 268 735 232 183
internal_value=0.000274145 9.52208e-05 -0.00208929 -0.000888889 0.000836601 0.00108278 -0.000624535 0.00033195 0.00124878 -0.00176623 0.000188622 -0.000926229 -0.00180161 -0.00557798 -0.00902703 0.000303094 -0.000751926 -0.000238016 -0.002 -0.0054717 -0.002 0.000483222 -0.0024127 0.00103409 0.0004699 -6.11245e-05 -0.000203692 -0.000515733 -0.00157042 -0.00254808
internal_weight=6667 5460 223 188 152 1207 268 240 204 76 5237 487 372 108 73 4750 648 604 253 105 73 148 62 351 4102 1635 1570 1302 567 415
internal_count=6667 5460 223 188 152 1207 268 240 204 76 5237 487 372 108 73 4750 648 604 253 105 73 148 62 351 4102 1635 1570 1302 567 415
is_linear=0
shrinkage=0.04


Tree=196
num_leaves=31
num_cat=0
split_feature=9 18 13 9 13 5 3 12 13 2 0 14 19 12 3 11 18 19 2 3 12 14 7 10 12 8 11 14 13 16
split_gain=0.551866 0.438499 0.770519 1.09365 0.914089 0.691166 0.637042 1.56748 1.02214 1.69589 0.609784 0.991688 0.607146 0.520568 0.924981 1.33533 1.63989 2.96265 1.67203 1.24376 0.788871 0.936031 0.51806 0.504544 1.57481 0.75244 0.549377 0.489018 0.466689 0.464415
threshold=122.50000000000001 0.60355339059327384 4.1500000000000012 52.500000000000007 1.5500000000000003 16.550000000000004 3.3500000000000001 36.500000000000007 2.7500000000000004 2.1500000000000008 1.6500000000000001 77.500000000000014 -1.0000000180025095e-35 86.500000000000014 4.7500000000000009 4.7500000000000009 -0.5 0.6078576107927941 5.6500000000000012 7.1500000000000012 89.500000000000014 146.50000000000003 3.3687500000000008 3.2500000000000004 60.500000000000007 1.3500000000000003 1.2500000000000002 39.500000000000007 10.350000000000003 1142.5000000000002
decision_type=2 2 2 2 2 2 2 2 2 2 2 2 2 2 2 2 2 2 2 2 2 2 2 2 2 2 2 2 2 2
left_child=1 10 3 -3 -5 28 8 12 9 -6 11 -1 -8 -12 -15 16 17 18 -16 -20 -21 -22 -10 24 -13 -25 -27 -9 -4 -7
right_child=-2 2 5 4 6 29 7 27 22 -11 13 23 -14 14 15 -17 -18 -19 19 20 21 -23 -24 25 -26 26 -28 -29 -30 -31
leaf_value=-0.0035967769807737039 0.079707743681540599 -0.001448667546727262 0.00088618124407567004 0.00048520309639008718 2.8962556510909643e-05 0.0011275972874732775 -0.01121212414296577 -0.002946333673397914 -0.0015784958083997266 -0.015995282389539164 0.00082868091868369242 0.00028492736390895541 -0.0045359433925643202 0.0011800740802559201 0.00021986152458264353 0.0016855090058408083 0.0013515468963618646 0.0022504584093868281 -0.025698483480972225 -0.0022547008352806468 -0.0048945514412846924 -0.011227252145736258 0.013484187186814463 0.002184361839590422 -0.0035885822689257448 -0.00061877420476614696 0.00047230485480930965 0.0036953725240685639 -0.0002002711981890601 -0.011431521253752273
leaf_weight=29 66 27 723 270 33 28 44 34 41 39 3697 74 36 206 38 148 107 70 25 39 27 33 57 86 35 26 56 143 403 27
leaf_count=29 66 27 723 270 33 28 44 34 41 39 3697 74 36 206 38 148 107 70 25 39 27 33 57 86 35 26 56 143 403 27
internal_value=0.000328135 0.000291427 -0.000220357 -0.0012469 -0.000934097 0.000409476 -0.00208411 -0.000821705 -0.00397661 -0.00756164 0.000499042 -0.00122476 -0.0054321 0.000619449 -0.000386167 -0.00133607 -0.00271765 -0.00460086 -0.00755828 -0.009792 -0.00764 -0.0104918 -0.00129293 -0.00047482 -0.00258182 0.000899408 -0.00183133 0.0012809 0.000624667 -0.00392857
internal_weight=6667 6601 1905 724 697 1181 427 257 170 72 4696 306 80 4390 693 487 339 232 162 124 99 60 98 277 109 168 82 177 1126 55
internal_count=6667 6601 1905 724 697 1181 427 257 170 72 4696 306 80 4390 693 487 339 232 162 124 99 60 98 277 109 168 82 177 1126 55
is_linear=0
shrinkage=0.04


Tree=197
num_leaves=31
num_cat=0
split_feature=9 1 0 18 12 12 13 13 4 4 9 14 20 18 15 7 13 9 20 11 12 3 20 6 2 2 13 11 0 3
split_gain=0.548202 0.414862 0.76151 0.618726 0.476008 0.757488 0.819517 0.89318 0.746996 1.32246 0.529548 1.36272 0.660535 0.440288 0.403442 0.372318 1.08011 0.863302 0.992483 0.530407 0.39569 0.745192 1.02346 0.64274 0.619693 1.35244 1.33046 0.712532 0.756324 0.787349
threshold=122.50000000000001 13.350000000000003 14.350000000000003 0.91597561503675351 42.500000000000007 62.500000000000007 1.7500000000000002 2.9500000000000006 12.450000000000001 9.6500000000000004 40.500000000000007 176.50000000000003 -0.56174490092936669 -0.78656609248549325 0.55000000000000016 13.052083333333334 5.4500000000000011 98.500000000000014 0.81174490092936691 16.750000000000004 84.500000000000014 10.15 -0.56174490092936669 9.7083333333333339 0.75000000000000011 0.45000000000000007 8.0500000000000025 4.6500000000000012 8.4500000000000011 7.8500000000000005
decision_type=2 2 2 2 2 2 2 2 2 2 2 2 2 2 2 2 2 2 2 2 2 2 2 2 2 2 2 2 2 2
left_child=1 2 14 4 -3 6 -6 -8 9 -9 11 -7 13 -12 15 20 17 18 19 -17 24 -22 -23 -24 25 -1 -27 28 29 -26
right_child=-2 3 -4 -5 5 10 7 8 -10 -11 12 -13 -14 -15 -16 16 -18 -19 -20 -21 21 22 23 -25 27 26 -28 -29 -30 -31
leaf_value=0.0011328798820187318 0.076519433934278985 0.037873270397104745 -0.0039346227235334255 -0.0064763701864787816 0.023714326391354387 -0.017500139744565362 -0.023721611519368149 0.0023333368774480952 0.073766086852140214 -0.028013531240645314 0.002486541639091839 0.064094268349394121 0.0080632794151437523 -0.0018664947422118606 0.0059683643133899922 -0.0066134411714666398 0.00096918859875127681 -0.012221376345376594 -0.002793999456807284 0.0087758409960693156 -3.4879053970377222e-05 -0.0037785514187404696 -0.0086667699978690838 0.0021896474231438948 0.00049784848764124006 -0.0071472026093322774 -0.00019128339090847661 3.6845784413140837e-05 0.042433107052206404 -0.0014620808136626496
leaf_weight=44 66 169 26 42 42 25 37 35 68 32 27 31 285 33 143 25 76 33 35 51 858 36 27 27 1053 25 48 2835 287 146
leaf_count=44 66 169 26 42 42 25 37 35 68 32 27 31 285 33 143 25 76 33 35 51 858 36 27 27 1053 25 48 2835 287 146
internal_value=0.000340132 0.000303545 0.000183518 0.00114148 0.00139618 0.000876624 -0.00104186 -0.0022659 -0.000735294 -0.00370588 0.0019005 -0.00168421 0.00248555 -0.00131148 0.000214957 0.000161227 -0.00144796 -0.00347586 -0.00175 0.000831169 0.000227214 -0.000514225 -0.00395604 -0.000436363 0.000385673 -0.00247458 -0.00578378 0.000463674 0.00117283 0.00073
internal_weight=6667 6601 5775 826 784 615 214 172 135 67 401 56 345 60 5749 5606 220 144 111 76 5386 948 90 54 4438 117 73 4321 1486 1199
internal_count=6667 6601 5775 826 784 615 214 172 135 67 401 56 345 60 5749 5606 220 144 111 76 5386 948 90 54 4438 117 73 4321 1486 1199
is_linear=0
shrinkage=0.04


Tree=198
num_leaves=31
num_cat=0
split_feature=2 5 19 5 8 16 5 1 0 2 8 12 3 12 16 4 9 20 16 18 2 17 12 2 4 16 9 11 3 0
split_gain=0.498315 0.536385 1.10758 0.953775 2.3301 0.693477 0.726517 0.45943 0.515155 0.475614 0.448753 0.770525 0.41602 0.402539 0.67006 0.396246 0.698182 0.520345 0.642453 0.446974 1.05504 0.381132 0.711613 1.30651 1.49124 0.968054 0.844306 0.643315 0.895083 0.852156
threshold=15.050000000000002 16.450000000000003 0.87837969732492682 18.250000000000004 11.950000000000001 147.50000000000003 21.350000000000005 13.350000000000003 14.15 14.15 18.750000000000004 65.500000000000014 51.95000000000001 40.500000000000007 807.50000000000011 22.350000000000005 64.500000000000014 -0.22252093395631442 27.500000000000004 -0.78656609248549325 18.650000000000002 0.78656609248549325 86.500000000000014 6.5500000000000007 3.3500000000000001 32.500000000000007 63.500000000000007 11.450000000000001 1.5500000000000003 3.2500000000000004
decision_type=2 2 2 2 2 2 2 2 2 2 2 2 2 2 2 2 2 2 2 2 2 2 2 2 2 2 2 2 2 2
left_child=1 7 3 4 -3 -5 -7 8 9 21 -9 -12 13 -2 15 17 -17 19 -19 -15 -21 22 -1 26 -25 -26 -24 29 -29 -23
right_child=12 2 -4 5 -6 6 -8 10 -10 -11 11 -13 -14 14 -16 16 -18 18 -20 20 -22 27 23 24 25 -27 -28 28 -30 -31
leaf_value=0.00012951744499269382 0.037554426573768958 0.0024826367421584661 0.07713666412103061 0.00091513726174761187 -0.0072339587832982175 0.00090454885885176512 -0.0047068108721178351 0.010211496749917098 -0.0039358939008983093 -0.019139160738501179 -0.017648726720445009 0.023190123787984997 -0.0037351848892981077 0.0027053449598421703 -0.0076313337637303937 -0.014475337943973496 0.10185416813288128 -0.0033531663889857224 0.020021269603932565 0.00041906570220256512 -0.030188991151190187 -0.00040842125416317587 0.0032450044314712091 -0.012555441405074563 0.00048358206348082095 -0.0019628781925973759 -0.00062052067261869224 -0.0046490782934777647 0.00024275232764586744 0.0078546599101662028
leaf_weight=3860 150 29 46 78 32 25 32 173 25 26 29 26 35 57 33 27 30 33 197 41 30 126 205 40 58 81 167 39 310 627
leaf_count=3860 150 29 46 78 32 25 32 173 25 26 29 26 35 57 33 27 30 33 197 41 30 126 205 40 58 81 167 39 310 627
internal_value=0.000340132 0.000228003 -0.00161317 -0.00292386 -0.00703226 -0.00102941 -0.00434483 0.000305196 0.000232884 0.000259206 0.00206114 -0.00107143 0.00140694 0.00165609 0.00105123 0.00149038 -0.00158621 0.00198329 0.00311688 -6.20154e-05 -0.00216667 0.000285093 0.000118767 -0.00122464 -0.00402222 -0.00202857 0.000128686 0.000950136 -0.000468571 0.00160743
internal_weight=6667 6034 242 196 61 135 57 5792 5564 5539 228 55 633 598 448 415 57 358 230 128 71 5513 4411 551 179 139 372 1102 349 753
internal_count=6667 6034 242 196 61 135 57 5792 5564 5539 228 55 633 598 448 415 57 358 230 128 71 5513 4411 551 179 139 372 1102 349 753
is_linear=0
shrinkage=0.04


Tree=199
num_leaves=31
num_cat=0
split_feature=3 3 4 11 7 5 0 18 8 0 6 7 3 18 10 11 3 11 19 20 4 3 12 11 19 14 6 11 5 19
split_gain=0.38655 0.583171 0.561844 0.778092 0.543383 0.64566 1.1381 1.01416 1.44999 0.495895 0.759037 1.54481 1.66646 0.724476 0.732666 0.707705 1.08116 0.571651 0.69986 0.624342 0.943143 2.06651 1.31742 1.64193 2.04689 1.48116 0.91229 0.687596 0.909839 1.10321
threshold=20.850000000000005 51.95000000000001 22.350000000000005 18.450000000000003 16.275000000000002 16.450000000000003 16.650000000000002 -0.60355339059327384 11.950000000000001 8.2500000000000018 8.0416666666666679 7.0979166666666673 9.8500000000000032 0.1294095225512602 0.75000000000000011 16.350000000000005 12.250000000000002 0.95000000000000007 0.87837969732492682 -0.22252093395631442 2.7500000000000004 6.7500000000000009 47.500000000000007 20.050000000000004 -0.60785761079279388 121.50000000000001 11.95833333333333 15.550000000000002 4.6500000000000012 0.87837969732492682
decision_type=2 2 2 2 2 2 2 2 2 2 2 2 2 2 2 2 2 2 2 2 2 2 2 2 2 2 2 2 2 2
left_child=2 -2 4 -4 5 9 7 -7 -9 10 -1 12 -12 -13 -15 16 -16 18 -11 20 21 -19 23 -22 -25 26 -24 28 -21 -30
right_child=1 -3 3 -5 -6 6 -8 8 -10 17 11 13 -14 14 15 -17 -18 19 -20 27 22 -23 25 24 -26 -27 -28 -29 29 -31
leaf_value=0.00010476936623964206 0.016750998109701404 -0.0035857774937261945 -0.009708519941251964 0.0042891728593952216 0.0090343082166585483 0.0040560235011594479 -0.0042382902617865556 0.00032312898580402955 -0.0042571211198401742 0.031430972744228514 -0.0012117193813444957 0.0019392548902736845 -0.025132912372508295 0.002769219962931232 -0.0074339339091781713 -0.005659738607867849 0.0019168384204916462 -0.023867897758188376 -0.018557576358290556 0.0095135333799723672 -0.020840542004667461 0.0082552111220586255 0.0005064833215092982 -0.014331085414655248 0.017501987756110209 0.0056763131776006647 -0.011057814736946959 0.034912335361300596 -0.0095667810011357008 0.071180990167698216
leaf_weight=4028 197 35 29 28 64 101 40 71 48 228 48 123 31 59 28 29 27 37 37 131 28 25 47 46 115 327 26 405 170 59
leaf_count=4028 197 35 29 28 64 101 40 71 48 228 48 123 31 59 28 29 27 37 37 131 28 25 47 46 115 327 26 405 170 59
internal_value=0.000322136 0.00192275 0.000264139 -0.00365517 0.000299734 0.000262233 -0.00168582 -0.000542986 -0.00303333 0.00034616 0.000121628 -0.0016763 -0.00655 -0.000209738 -0.00213889 -0.00451765 -0.00178571 0.000929846 0.00263158 0.000609739 -0.000300613 -0.00495238 0.00019661 -0.00254737 -0.000962963 0.00149626 -0.00362162 0.00138381 0.000110803 -0.0014087
internal_weight=6667 232 6435 57 6378 6314 260 220 119 6054 4373 345 79 266 143 84 55 1681 265 1416 651 62 589 189 161 400 73 765 360 229
internal_count=6667 232 6435 57 6378 6314 260 220 119 6054 4373 345 79 266 143 84 55 1681 265 1416 651 62 589 189 161 400 73 765 360 229
is_linear=0
shrinkage=0.04


end of trees

feature_importances:
temp_c=557
pm2_5_mean24=500
pm2_5_lag12=426
pm2_5_lag24=404
rh_pct=385
o3=361
dow_sin=345
wind_dir=308
no2=307
wind_kmh=291
pm10=282
pm2_5=273
pm2_5_lag6=270
boundary_layer_m=237
pm2_5_lag3=205
hour_sin=186
hour_cos=181
pm2_5_mean6=163
dow_cos=162
pm2_5_lag1=117
precip_mm=40

parameters:
[boosting: gbdt]
[objective: quantile]
[metric: quantile]
[tree_learner: serial]
[device_type: cpu]
[data_sample_strategy: bagging]
[data: ]
[valid: ]
[num_iterations: 200]
[learning_rate: 0.04]
[num_leaves: 31]
[num_threads: 0]
[seed: 7]
[deterministic: 0]
[force_col_wise: 0]
[force_row_wise: 0]
[histogram_pool_size: -1]
[max_depth: -1]
[min_data_in_leaf: 25]
[min_sum_hessian_in_leaf: 0.001]
[bagging_fraction: 0.85]
[pos_bagging_fraction: 1]
[neg_bagging_fraction: 1]
[bagging_freq: 5]
[bagging_seed: 17422]
[bagging_by_query: 0]
[feature_fraction: 0.85]
[feature_fraction_bynode: 1]
[feature_fraction_seed: 7040]
[extra_trees: 0]
[extra_seed: 6516]
[early_stopping_round: 0]
[early_stopping_min_delta: 0]
[first_metric_only: 0]
[max_delta_step: 0]
[lambda_l1: 0]
[lambda_l2: 1]
[linear_lambda: 0]
[min_gain_to_split: 0]
[drop_rate: 0.1]
[max_drop: 50]
[skip_drop: 0.5]
[xgboost_dart_mode: 0]
[uniform_drop: 0]
[drop_seed: 15215]
[top_rate: 0.2]
[other_rate: 0.1]
[min_data_per_group: 100]
[max_cat_threshold: 32]
[cat_l2: 10]
[cat_smooth: 10]
[max_cat_to_onehot: 4]
[top_k: 20]
[monotone_constraints: ]
[monotone_constraints_method: basic]
[monotone_penalty: 0]
[feature_contri: ]
[forcedsplits_filename: ]
[refit_decay_rate: 0.9]
[cegb_tradeoff: 1]
[cegb_penalty_split: 0]
[cegb_penalty_feature_lazy: ]
[cegb_penalty_feature_coupled: ]
[path_smooth: 0]
[interaction_constraints: ]
[verbosity: -1]
[saved_feature_importance_type: 0]
[use_quantized_grad: 0]
[num_grad_quant_bins: 4]
[quant_train_renew_leaf: 0]
[stochastic_rounding: 1]
[linear_tree: 0]
[max_bin: 255]
[max_bin_by_feature: ]
[min_data_in_bin: 3]
[bin_construct_sample_cnt: 200000]
[data_random_seed: 61]
[is_enable_sparse: 1]
[enable_bundle: 1]
[use_missing: 1]
[zero_as_missing: 0]
[feature_pre_filter: 1]
[pre_partition: 0]
[two_round: 0]
[header: 0]
[label_column: ]
[weight_column: ]
[group_column: ]
[ignore_column: ]
[categorical_feature: ]
[forcedbins_filename: ]
[precise_float_parser: 0]
[parser_config_file: ]
[objective_seed: 15521]
[num_class: 1]
[is_unbalance: 0]
[scale_pos_weight: 1]
[sigmoid: 1]
[boost_from_average: 1]
[reg_sqrt: 0]
[alpha: 0.1]
[fair_c: 1]
[poisson_max_delta_step: 0.7]
[tweedie_variance_power: 1.5]
[lambdarank_truncation_level: 30]
[lambdarank_norm: 1]
[label_gain: ]
[lambdarank_position_bias_regularization: 0]
[eval_at: ]
[multi_error_top_k: 1]
[auc_mu_weights: ]
[num_machines: 1]
[local_listen_port: 12400]
[time_out: 120]
[machine_list_filename: ]
[machines: ]
[gpu_platform_id: -1]
[gpu_device_id: -1]
[gpu_use_dp: 0]
[num_gpu: 1]

end of parameters

pandas_categorical:[]
