tree
version=v4
num_class=1
num_tree_per_iteration=1
label_index=0
max_feature_idx=20
objective=quantile
feature_names=pm2_5 pm2_5_lag1 pm2_5_lag3 pm2_5_lag6 pm2_5_lag12 pm2_5_lag24 pm2_5_mean6 pm2_5_mean24 pm10 o3 no2 temp_c rh_pct wind_kmh wind_dir precip_mm boundary_layer_m hour_sin hour_cos dow_sin dow_cos
feature_infos=[0.10000000000000001:85.900000000000006] [0.10000000000000001:85.900000000000006] [0.10000000000000001:85.900000000000006] [0.10000000000000001:85.900000000000006] [0.10000000000000001:85.900000000000006] [0.10000000000000001:85.900000000000006] [0.14999999999999528:83.86666666666666] [0.67499999999999993:66.504166666666677] [0.10000000000000001:87.299999999999997] [21:148] [0:36.799999999999997] [-15:37.5] [8:98] [0:26.100000000000001] [1:360] [0:6.4000000000000004] [10:4085] [-1:1] [-1:1] [-0.97492791218182362:0.97492791218182362] [-0.90096886790241903:1]
tree_sizes=2633 2831 2839 2830 2837 2817 2834 2810 2839 2841 2843 2848 2842 2844 2820 2827 2864 2843 2842 2821 2821 2845 2864 2863 2836 2854 2872 2850 2834 2823 2883 2845 2818 2848 2851 2823 2861 2874 2844 2865 2830 2865 2843 2828 2810 2850 2840 2851 2839 2852 2827 2829 2864 2849 2828 2854 2879 2843 2853 2874 2883 2866 2831 2855 2841 2863 2842 2869 2869 2859 2837 2842 2822 2845 2837 2856 2846 2848 2860 2868 2839 2863 2837 2852 2854 2852 2857 2847 2829 2890 2841 2843 2837 2852 2849 2866 2874 2848 2846 2867 2847 2874 2843 2796 2854 2844 2865 2848 2858 2896 2795 2844 2866 2866 2866 2867 2866 2859 2852 2872 2825 2878 2835 2861 2864 2874 2835 2875 2862 2840 2853 2818 2853 2850 2862 2858 2886 2870 2842 2841 2867 2793 2839 2817 2876 2895 2857 2880 2808 2868 2846 2851 2877 2894 2877 2811 2871 2871 2872 2882 2865 2840 2873 2854 2819 2888 2844 2864 2891 2862 2852 2844 2842 2832 2814 2882 2856 2815 2884 2819 2899 2873 2877 2866 2876 2852 2891 2904 2843 2883 2866 2859 2882 2857 2882 2836 2875 2842 2850 2864

Tree=0
num_leaves=31
num_cat=0
split_feature=7 17 11 13 17 8 8 14 7 13 19 12 2 20 5 19 14 7 17 8 5 14 13 14 2 11 14 14 16 10
split_gain=24.8238 18.1295 12.9949 9.98191 10.2059 12.2753 8.28601 6.10133 5.55858 5.54615 4.87379 4.57787 4.42006 4.16876 4.11856 6.88489 4.0989 4.067 3.62138 6.97771 3.10376 2.68684 2.52339 2.31434 2.28283 2.46866 2.21604 4.02637 2.81273 2.0378
threshold=3.1854166666666672 -0.25881904510252113 15.350000000000003 5.5500000000000007 -0.25881904510252113 3.8500000000000001 3.5500000000000003 228.50000000000003 3.6479166666666676 16.850000000000005 -0.60785761079279388 78.500000000000014 4.8500000000000005 -0.56174490092936669 7.6500000000000012 0.6078576107927941 146.50000000000003 11.300000000000002 -0.37940952255126065 6.4500000000000011 10.15 193.50000000000003 19.150000000000002 198.50000000000003 8.0500000000000025 -3.8499999999999992 185.50000000000003 152.50000000000003 187.50000000000003 3.8500000000000001
decision_type=2 2 2 2 2 2 2 2 2 2 2 2 2 2 2 2 2 2 2 2 2 2 2 2 2 2 2 2 2 2
left_child=1 9 3 11 17 8 7 10 -6 -1 -3 -2 29 -9 26 -16 -12 -5 -13 20 23 -22 -4 24 25 -20 27 -7 -29 -8
right_child=2 6 22 4 5 14 12 13 -10 -11 16 18 -14 -15 15 -17 -18 -19 19 -21 21 -23 -24 -25 -26 -27 -28 28 -30 -31
leaf_value=1.8079999542236329 1.8319999504089355 1.7639999532699584 1.8599999523162842 1.8247999593138675 1.7599999550580978 1.8423999535202982 1.8279999542236327 1.7599999547004699 1.7439999544620515 1.7519999551773071 1.7599999547004699 1.8359999561309814 1.776799954009056 1.8075999544203283 1.7879999542236329 1.7479999542236329 1.7679999542236329 1.7479999542236329 1.8079999542236329 1.8039999532699584 1.7559999537467956 1.7439999547600746 1.7719999551773071 1.8039999532699584 1.8119999504089355 1.7679999555349353 1.8191999533057215 1.7939999558031559 1.7679999542236329 1.7763999570071685
leaf_weight=525 1327 88 2708 343 31 54 55 30 101 31 54 411 47 50 105 47 144 37 31 664 27 26 27 74 29 221 100 26 31 212
leaf_count=525 1327 88 2708 343 31 54 55 30 101 31 54 411 47 50 105 47 144 37 31 664 27 26 27 74 29 221 100 26 31 212
internal_value=1.79987 1.79468 1.80087 1.79932 1.79559 1.79181 1.79031 1.78622 1.78141 1.80004 1.7835 1.80048 1.7951 1.79605 1.79564 1.79064 1.7871 1.80052 1.79896 1.79773 1.79362 1.78467 1.80296 1.795 1.79335 1.79213 1.79926 1.79539 1.78807 1.79712
internal_weight=7656 1236 6420 3685 875 495 680 366 132 556 286 2810 314 80 363 152 198 380 1483 1072 408 53 2735 355 281 252 211 111 57 267
internal_count=7656 1236 6420 3685 875 495 680 366 132 556 286 2810 314 80 363 152 198 380 1483 1072 408 53 2735 355 281 252 211 111 57 267
is_linear=0
shrinkage=1


Tree=1
num_leaves=31
num_cat=0
split_feature=4 11 13 0 14 17 0 17 0 9 5 9 3 10 0 5 10 5 18 13 5 11 9 4 11 19 14 3 14 10
split_gain=30.4053 11.8543 10.0697 9.41455 7.77827 6.16853 9.39252 5.91037 5.95263 4.94988 4.14284 3.64447 3.51133 3.30375 3.27458 7.76426 4.08336 3.12135 2.54805 2.54143 2.47406 2.1331 1.98268 1.9043 1.85969 2.40629 1.83099 1.81877 1.63695 1.6129
threshold=1.9500000000000002 15.350000000000003 12.050000000000002 5.2500000000000009 205.50000000000003 -0.25881904510252113 3.2500000000000004 0.12940952255126045 3.2500000000000004 62.500000000000007 8.4500000000000011 77.500000000000014 4.1500000000000012 5.7500000000000009 7.0500000000000007 7.2500000000000009 11.450000000000001 6.5500000000000007 -0.3794095225512602 19.150000000000002 2.7500000000000004 -0.74999999999999989 80.500000000000014 3.4500000000000006 12.350000000000003 1.0000000180025095e-35 183.50000000000003 2.7500000000000004 192.50000000000003 5.2500000000000009
decision_type=2 2 2 2 2 2 2 2 2 2 2 2 2 2 2 2 2 2 2 2 2 2 2 2 2 2 2 2 2 2
left_child=3 2 5 4 7 -2 9 17 11 13 -4 -9 20 -7 15 -8 21 -1 22 -3 -10 -17 29 27 25 -23 -15 -11 -12 -6
right_child=1 19 10 -5 18 6 14 8 12 23 28 -13 -14 26 -16 16 -18 -19 -20 -21 -22 24 -24 -25 -26 -27 -28 -29 -30 -31
leaf_value=-0.030988798196935594 0.03027200497674044 0.053600003814697261 -0.018719998431206593 -0.0065215959022518121 0.0092224019207477522 -0.049759998178482062 0.0035968014096260065 -0.042719998661518092 -0.031055998101472762 -0.011199998102188037 -0.049839998167753218 -0.042655998632431039 -0.046719997231006623 -0.027519997231960254 0.015840003776550295 -0.0060799964904785586 0.017536002773284657 0.012239998930693019 0.0059200013327599891 -0.02687999725341797 0.0009343998856067787 -0.035999998015165485 -0.025919996488094298 -0.0027199961137771627 -0.022975997318268084 -0.049919998168945316 -0.017760000085830691 -0.038511997231721821 -0.037375997946500712 -0.021023997627258435
leaf_weight=123 1550 2791 149 273 27 31 547 118 31 49 26 43 28 39 1043 33 45 42 91 27 55 76 27 141 45 54 51 50 26 25
leaf_count=123 1550 2791 149 273 27 31 547 118 31 49 26 43 28 39 1043 33 45 42 91 27 55 76 27 141 45 54 51 50 26 25
internal_value=0.000112838 0.00102332 -0.000389282 -0.00686425 -0.00962357 7.88284e-05 -0.00128073 -0.0124263 -0.0160145 -0.00717127 -0.00908911 -0.020963 -0.00890435 -0.0137377 -0.000123644 -0.00204744 -0.00782677 -0.00638554 -0.00233918 0.00300532 -0.00478161 -0.0101818 -0.00755 -0.00381743 -0.0119318 -0.0143511 -0.00967033 -0.00804 -0.018717 -0.00286792
internal_weight=7656 6773 3955 883 610 3754 2204 440 275 361 201 161 114 121 1843 800 253 165 170 2818 86 208 79 240 175 130 90 99 52 52
internal_count=7656 6773 3955 883 610 3754 2204 440 275 361 201 161 114 121 1843 800 253 165 170 2818 86 208 79 240 175 130 90 99 52 52
is_linear=0
shrinkage=0.04


Tree=2
num_leaves=31
num_cat=0
split_feature=4 11 13 1 14 5 17 17 1 5 1 3 10 12 18 19 9 3 5 7 19 9 11 4 3 16 18 9 17 1
split_gain=30.0122 10.9372 9.72251 8.71836 7.88083 6.59668 6.30434 6.29215 9.85172 6.51147 5.3373 6.44437 5.03636 4.43449 4.08433 3.86461 3.84765 3.77085 3.20436 2.99971 3.37932 2.87539 3.65502 2.55078 2.18165 2.09324 2.01219 2.2999 2.00903 1.83953
threshold=1.9500000000000002 18.750000000000004 12.050000000000002 5.2500000000000009 200.50000000000003 4.5500000000000007 0.12940952255126045 -0.25881904510252113 6.6500000000000012 7.7500000000000009 3.1500000000000008 4.1500000000000012 11.350000000000003 71.500000000000014 1.0000000180025095e-35 0.6078576107927941 77.500000000000014 6.8500000000000005 7.2500000000000009 4.3020833333333339 -0.60785761079279388 58.500000000000007 0.25000000000000006 5.0500000000000007 5.0500000000000007 42.500000000000007 -0.3794095225512602 80.500000000000014 0.25881904510252091 1.7500000000000002
decision_type=2 2 2 2 2 2 2 2 2 2 2 2 2 2 2 2 2 2 2 2 2 2 2 2 2 2 2 2 2 2
left_child=3 2 7 4 6 24 18 -2 9 14 16 -12 13 -11 19 25 -8 -7 -1 20 28 22 -22 -17 -4 -15 27 -6 -9 -16
right_child=1 -3 5 -5 26 17 10 8 -10 12 11 -13 -14 15 29 23 -18 -19 -20 -21 21 -23 -24 -25 -26 -27 -28 -29 -30 -31
leaf_value=-0.030448446061300274 0.0304691178172878 0.067455997940063475 0.00043839985876085883 -0.0062607321071697511 -0.010615038140354072 -0.04598092509085553 -0.036851197707500456 -0.021423871801277111 0.015206403625488285 -0.017651199786758276 -0.015636223398776888 -0.048819198221530913 0.006545921003570653 -0.021279995649576302 -0.0142427510608348 -0.040631037490711196 -0.04094975868713379 -0.030027965226363338 0.025702403337478405 -0.0094022113061680637 -0.047219197604942302 0.0015270654561569343 -0.023503867540737071 -0.048707197857856765 -0.025971197278022738 -0.044201597222328193 0.0033393412624261459 -0.025283196729898424 -0.047751959735202062 0.0070720666966177861
leaf_weight=126 1814 2054 107 263 59 88 109 31 1367 101 85 27 73 41 60 27 43 44 38 189 27 79 40 30 25 72 107 26 28 476
leaf_count=126 1814 2054 107 263 59 88 109 31 1367 101 85 27 73 41 60 27 43 44 38 189 27 79 40 30 25 72 107 26 28 476
internal_value=0.000112838 0.00101742 -4.32202e-05 -0.006819 -0.00940419 -0.00748679 -0.0124196 0.000399462 -0.000846328 -0.00337569 -0.0162415 -0.00948673 -0.00806956 -0.0105735 -0.00163265 -0.0145029 -0.0211242 -0.0137744 -0.00620606 -0.00471899 -0.00805825 -0.00473469 -0.0107647 -0.0229655 -0.00114286 -0.0100702 -0.00265285 -0.0072093 -0.0160667 0.000640596
internal_weight=7656 6773 4719 883 620 264 428 4455 2641 1274 264 112 344 271 930 170 152 132 164 394 205 146 67 57 132 113 192 85 59 536
internal_count=7656 6773 4719 883 620 264 428 4455 2641 1274 264 112 344 271 930 170 152 132 164 394 205 146 67 57 132 113 192 85 59 536
is_linear=0
shrinkage=0.04


Tree=3
num_leaves=31
num_cat=0
split_feature=4 11 13 8 17 8 17 19 4 19 20 19 9 0 8 7 11 13 16 7 10 18 6 13 4 16 20 11 13 10
split_gain=27.1602 10.3101 8.71069 8.57701 6.95132 11.5056 5.29627 5.20042 4.14254 5.1691 4.08594 3.78592 4.13818 4.01648 3.60984 4.41671 3.5866 3.20649 2.45865 3.2249 2.44741 2.39617 2.74699 2.29065 1.96116 1.93112 1.78611 3.18463 1.7745 1.57957
threshold=1.9500000000000002 18.750000000000004 14.65 6.1500000000000012 -0.25881904510252113 3.6500000000000008 -0.37940952255126065 1.0000000180025095e-35 1.1500000000000001 0.87837969732492682 -0.22252093395631442 -1.0000000180025095e-35 62.500000000000007 1.0500000000000003 8.2500000000000018 7.7166666666666677 2.9500000000000006 7.7500000000000009 82.500000000000014 8.8187500000000032 4.4500000000000011 -0.3794095225512602 4.0333333333333341 18.350000000000005 3.4500000000000006 62.500000000000007 -0.56174490092936669 1.5500000000000003 4.8500000000000005 10.550000000000002
decision_type=2 2 2 2 2 2 2 2 2 2 2 2 2 2 2 2 2 2 2 2 2 2 2 2 2 2 2 2 2 2
left_child=3 2 4 6 -2 11 -1 -4 10 21 16 12 25 -13 15 -7 -8 29 19 -17 -12 22 26 -9 -14 -6 -10 -28 -16 -15
right_child=1 -3 7 -5 5 14 8 23 9 -11 20 13 24 17 28 18 -18 -19 -20 -21 -22 -23 -24 -25 -26 -27 27 -29 -30 -31
leaf_value=-0.0091411590309790122 0.02814635350204071 0.064757758022460934 -0.0035247322023504268 -0.0027980159293850555 -0.043588276046420009 -0.0064437353326181768 -0.035377149799200432 -0.039978439347422248 -0.040473788916358312 -0.035217149618002395 0.0038391763722762928 -0.028092920873877651 -0.032576385373450138 0.0033140056856120086 0.026598145573120124 -0.036316631656758636 -0.043375766894116215 -0.047500600884282353 -0.031146752935156737 0.01037857474681414 -0.034225149879309219 -0.010304831743430682 0.00143317261635763 -0.042207993369491811 -0.011451134353485007 -0.048148709767553283 -0.019884898992122233 0.004732073682723925 -0.0082818531227302535 -0.011730431381595628
leaf_weight=127 1892 2054 58 266 50 808 41 39 34 41 27 26 43 165 991 38 61 38 43 59 64 130 29 28 60 26 34 29 327 28
leaf_count=127 1892 2054 58 266 50 808 41 39 34 41 27 26 43 165 991 38 61 38 43 59 64 130 29 28 60 26 34 29 327 28
internal_value=0.000227766 0.00108828 5.84747e-05 -0.00636652 0.000342982 -0.000958934 -0.00895146 -0.0103175 -0.010835 -0.0078255 -0.0154021 -0.0069016 -0.0113556 -0.00376744 0.000187031 -0.00169441 -0.0208932 -0.00205172 -0.00822695 -0.00461224 -0.00908696 -0.00566537 -0.0095748 -0.0178235 -0.00603846 -0.0183896 -0.0127755 -0.0085625 0.00154056 6.18558e-05
internal_weight=7656 6773 4719 883 4594 2702 617 125 490 297 193 436 179 257 2266 948 102 231 140 97 91 256 126 67 103 76 97 63 1318 193
internal_count=7656 6773 4719 883 4594 2702 617 125 490 297 193 436 179 257 2266 948 102 231 140 97 91 256 126 67 103 76 97 63 1318 193
is_linear=0
shrinkage=0.04


Tree=4
num_leaves=31
num_cat=0
split_feature=4 12 14 1 13 13 19 20 13 12 13 5 5 3 9 7 8 5 8 4 1 7 19 4 3 7 5 14 16 16
split_gain=25.2194 9.60959 7.16612 7.31101 6.50083 6.38684 6.35736 4.62511 4.74472 3.82422 5.68428 3.65255 3.41534 3.9977 2.87966 2.52822 2.45216 2.40255 2.54574 2.49951 2.39845 2.3226 2.20863 2.38288 1.97883 1.90763 1.66694 1.60776 1.53415 1.50252
threshold=1.6500000000000001 78.500000000000014 204.50000000000003 4.5500000000000007 5.6500000000000012 18.750000000000004 0.6078576107927941 -0.56174490092936669 1.7500000000000002 53.500000000000007 6.5500000000000007 1.1500000000000001 6.9500000000000011 4.5500000000000007 76.500000000000014 10.972916666666668 1.1500000000000001 8.3500000000000032 2.3500000000000001 7.4500000000000011 0.75000000000000011 1.9750000000000003 0.87837969732492682 2.2500000000000004 1.4500000000000002 2.8479166666666669 8.8500000000000032 268.50000000000006 282.50000000000006 532.50000000000011
decision_type=2 2 2 2 2 2 2 2 2 2 2 2 2 2 2 2 2 2 2 2 2 2 2 2 2 2 2 2 2 2
left_child=2 5 3 7 11 9 -7 25 -9 20 22 -3 27 26 21 17 -13 18 -6 -19 -2 -10 -11 -24 -22 28 -14 29 -1 -12
right_child=1 4 -4 -5 15 6 -8 8 14 10 12 16 13 -15 -16 -17 -18 19 -20 -21 24 -23 23 -25 -26 -27 -28 -29 -30 -31
leaf_value=-0.030351817023803337 -0.021408878008893344 -0.021251498345170025 -0.0013542420955671753 -0.023894621891525959 -0.03962611760965945 0.017764800943378085 -0.040336249793515119 -0.0299620652186737 -0.029988305274050272 0.027173021311725415 0.00061506507717852446 -0.041510416586831758 -0.018959398641489687 -0.016557651871420088 0.0016568138756252663 -0.046682786060907533 -0.0010250391627698984 -0.048324081273052613 0.011331104602182115 -0.013027187987308788 -0.0099161859139273376 -0.030323973937053536 -0.018432606830529632 -0.0013267645273012374 0.057111386716684864 -0.045323399617858709 -0.044442069383251993 0.018385173035510686 -0.041640736246723764 -0.034420388227060082
leaf_weight=26 49 49 167 169 25 32 29 41 26 1460 129 39 31 120 48 47 1677 34 86 25 90 100 25 216 2618 28 39 119 25 87
leaf_count=26 49 49 167 169 25 32 29 41 26 1460 129 39 31 120 48 47 1677 34 86 25 90 100 25 216 2618 28 39 119 25 87
internal_value=0.000243438 0.000931265 -0.0074168 -0.00997414 -0.00142814 0.00185847 -0.0109032 -0.0137763 -0.0106481 0.00201685 0.000783116 -0.000622876 -0.00285171 -0.00712042 -0.00768 -0.00794495 -0.000312172 -0.00561403 -0.00210714 -0.0120667 0.00301233 -0.0108346 0.00190599 -0.00163636 0.00317165 -0.02205 -0.0146479 -0.000416667 -0.0168462 -0.00247005
internal_weight=7656 7026 630 463 1982 5044 61 294 215 4983 2226 1765 525 190 174 217 1716 170 111 59 2757 126 1701 241 2708 79 70 335 51 216
internal_count=7656 7026 630 463 1982 5044 61 294 215 4983 2226 1765 525 190 174 217 1716 170 111 59 2757 126 1701 241 2708 79 70 335 51 216
is_linear=0
shrinkage=0.04


Tree=5
num_leaves=31
num_cat=0
split_feature=4 12 14 6 1 5 10 17 1 5 5 3 5 18 19 12 18 16 3 4 5 4 2 9 1 4 5 19 5 0
split_gain=23.5136 9.97178 7.11662 5.86266 5.7221 4.55477 4.42039 8.78505 5.30927 5.3961 4.33038 4.28583 3.61555 3.0722 2.59832 2.46864 2.24193 2.22505 1.99961 1.95119 1.81063 2.93046 2.79511 1.75852 1.62125 1.57118 1.52597 1.5213 1.38843 1.37377
threshold=1.1500000000000001 76.500000000000014 203.50000000000003 2.1916666666666651 4.8500000000000005 9.9500000000000011 11.15 -1.0000000180025095e-35 6.8500000000000005 7.7500000000000009 1.5500000000000003 3.7500000000000004 6.3500000000000005 -0.12940952255126037 -0.8783796973249266 88.500000000000014 0.78656609248549303 57.500000000000007 0.8500000000000002 3.3500000000000001 8.3500000000000032 7.3500000000000005 8.7500000000000018 67.500000000000014 3.4500000000000006 15.850000000000003 2.6500000000000008 1.0000000180025095e-35 1.1500000000000001 3.7500000000000004
decision_type=2 2 2 2 2 2 2 2 2 2 2 2 2 2 2 2 2 2 2 2 2 2 2 2 2 2 2 2 2 2
left_child=2 3 4 5 11 18 7 16 9 10 -9 12 27 -7 -11 -12 25 23 -2 -5 -10 22 -22 -16 -8 28 -18 -1 -3 -19
right_child=1 6 -4 19 -6 13 24 8 20 14 15 -13 -14 -15 17 -17 26 29 -20 -21 21 -23 -24 -25 -26 -27 -28 -29 -30 -31
leaf_value=-0.032763581198485471 -0.018523079317291059 -0.017585437534936545 -0.0038076008767120727 0.0023083620403652003 -0.010580999461822265 -0.042249454291453756 -0.022794622933154259 -0.029029835412656305 0.018532622752176969 -0.02155777667478782 -0.011971680831078552 -0.052635184918071502 -0.025592936136159993 -0.014973587611259312 -0.037288274657858361 -0.027629029801446815 -0.033980760049338456 -0.046319145004645262 0.00065126414580849975 0.041764496521614278 -0.0078420522128340667 0.0015752203630318019 -0.045727179113448688 -0.011745715509980856 0.0068844638867748657 -0.05320818546840763 -0.00041682977986268259 -0.024889849395791371 0.023258774628915187 -0.043848806933105021
leaf_weight=73 47 36 102 729 61 31 45 49 165 26 335 29 27 25 44 61 30 29 387 3716 26 106 36 25 585 37 29 28 683 29
leaf_count=73 47 36 102 729 61 31 45 49 165 26 335 29 27 25 44 61 30 29 387 3716 26 106 36 25 585 37 29 28 683 29
internal_value=0.000377883 0.000842998 -0.0102181 0.00186791 -0.0142831 -0.00228106 -0.00128565 -0.00232169 -0.00497425 -0.00722538 -0.00497758 -0.0183038 -0.0149457 -0.0129123 -0.0136883 -0.00356675 0.000710784 -0.0160312 -0.000882758 0.00232569 -0.000922156 -0.00383432 -0.0106667 -0.0109143 0.00158479 0.00129987 -0.00673333 -0.0183922 0.00171667 -0.0218305
internal_weight=7631 7311 320 4935 218 490 2376 1746 931 598 445 157 128 56 153 396 815 127 434 4445 333 168 62 69 630 756 59 101 719 58
internal_count=7631 7311 320 4935 218 490 2376 1746 931 598 445 157 128 56 153 396 815 127 434 4445 333 168 62 69 630 756 59 101 719 58
is_linear=0
shrinkage=0.04


Tree=6
num_leaves=31
num_cat=0
split_feature=4 11 0 20 14 8 20 11 4 13 8 5 12 6 5 12 13 2 13 18 12 11 11 7 19 3 20 7 4 19
split_gain=20.6985 11.1421 6.95115 7.26249 6.13664 5.75311 4.60589 4.34348 3.879 5.20569 3.71364 7.33902 3.56816 3.048 2.72711 2.58751 3.72578 3.0576 1.95277 1.76992 1.53566 1.51579 2.17503 2.68617 2.42199 1.49754 2.9324 4.37216 2.715 1.56875
threshold=1.1500000000000001 15.350000000000003 0.65000000000000002 -0.22252093395631442 203.50000000000003 5.4500000000000011 -0.22252093395631442 2.9500000000000006 3.5500000000000003 12.050000000000002 4.2500000000000009 10.15 69.500000000000014 2.2249999999999983 7.6500000000000012 81.500000000000014 6.8500000000000005 4.2500000000000009 19.150000000000002 -0.9159756150367534 89.500000000000014 5.6500000000000012 10.550000000000002 5.4854166666666684 -1.0000000180025095e-35 1.8500000000000003 -0.56174490092936669 2.7062500000000007 2.2500000000000004 0.87837969732492682
decision_type=2 2 2 2 2 2 2 2 2 2 2 2 2 2 2 2 2 2 2 2 2 2 2 2 2 2 2 2 2 2
left_child=4 2 3 -2 5 6 7 -1 10 15 11 12 -4 -8 -11 -10 21 -18 20 -12 -3 -17 23 -23 -25 -14 27 -27 29 -28
right_child=1 18 8 -5 -6 -7 13 -9 9 14 19 -13 25 -15 -16 16 17 -19 -20 -21 -22 22 -24 24 -26 26 28 -29 -30 -31
leaf_value=-0.031452093308507144 0.006050500821015623 0.042443204062649675 0.001637679913139858 -0.042070230687675528 -0.0036552968416435905 -0.0099977595214963497 0.0032361283193978177 -0.038753237536414742 0.024911749242825812 -0.006662056490069939 -0.024156586422480624 -0.045499319672781029 -0.0063624452866471405 -0.050242545476197886 -0.040186415285977786 0.0052783754763323044 -0.018276297906225352 -0.053479858121196884 -0.020334369868142507 0.0028180681619298766 -0.029313790192648674 0.044908134702977158 0.020759883023214711 -0.015966083438408801 -0.050816756468652316 -0.032786211885175928 -0.015521349891990102 -0.028919623970207677 -0.00099497754760601237 -0.029714906319304974
leaf_weight=30 29 2812 231 34 102 65 26 50 1714 68 135 28 139 47 48 730 28 25 26 707 40 37 92 30 42 25 85 52 121 33
leaf_count=30 29 2812 231 34 102 65 26 50 1714 68 135 28 139 47 48 730 28 25 26 707 40 37 92 30 42 25 85 52 121 33
internal_value=0.000346436 0.000782823 -0.000475417 -0.0135625 -0.00959502 -0.0133699 -0.0175844 -0.0241975 -0.000283688 0.000602487 -0.00188568 -0.00400559 -0.00316739 -0.0101081 -0.00765812 0.000960356 -0.000674112 -0.0108889 0.00272039 -8.54091e-05 0.00282089 -8.15449e-05 -0.00314851 -0.00694545 -0.0113973 -0.0052193 -0.00673817 -0.0134872 -0.00451667 -0.00880672
internal_weight=7631 7311 4433 63 320 218 153 80 4370 2814 1556 714 686 73 116 2698 984 53 2878 842 2852 931 201 109 72 455 316 77 239 118
internal_count=7631 7311 4433 63 320 218 153 80 4370 2814 1556 714 686 73 116 2698 984 53 2878 842 2852 931 201 109 72 455 316 77 239 118
is_linear=0
shrinkage=0.04


Tree=7
num_leaves=31
num_cat=0
split_feature=4 11 17 8 20 11 13 10 6 17 7 10 1 7 9 8 7 19 11 20 9 13 8 11 18 4 9 17 7 19
split_gain=20.1828 10.7296 6.25409 14.2218 5.59599 6.47168 4.71627 4.3426 4.2947 3.95258 3.34516 2.96241 2.75541 3.28235 2.68246 2.33388 3.23149 3.77744 3.67956 2.30454 1.96683 2.01021 1.91866 2.35965 1.84517 1.99026 1.82601 1.76382 1.89876 2.0921
threshold=1.1500000000000001 15.350000000000003 -1.0000000180025095e-35 3.8500000000000001 -0.22252093395631442 5.6500000000000012 17.650000000000002 11.15 2.5583333333333313 0.25881904510252091 7.0895833333333336 4.4500000000000011 4.0500000000000007 2.7062500000000007 86.500000000000014 8.1500000000000004 5.022916666666668 0.6078576107927941 3.9500000000000006 0.81174490092936691 42.500000000000007 19.150000000000002 2.7500000000000004 -2.3499999999999992 -0.5 2.9500000000000006 59.500000000000007 0.25881904510252091 2.3229166666666674 0.6078576107927941
decision_type=2 2 2 2 2 2 2 2 2 2 2 2 2 2 2 2 2 2 2 2 2 2 2 2 2 2 2 2 2 2
left_child=4 2 6 10 5 8 -2 14 -1 -7 19 -6 13 -13 15 16 26 -18 -19 22 -3 -22 23 -4 -24 -26 -5 -25 -29 -30
right_child=1 20 3 7 11 9 -8 -9 -10 -11 -12 12 -14 -15 -16 -17 17 18 -20 -21 21 -23 24 27 25 -27 -28 28 29 -31
leaf_value=-0.030194954218205769 0.015148322317122305 -0.021509872943040628 0.0021303015461421669 -0.051024446880230515 0.011068689266414052 -0.026984422981902546 -0.039053017998989324 0.0099555432100205486 0.001415514226779822 -0.037114434047458802 -0.037686287741293512 -0.011367945256750762 0.0024145420551068366 -0.048520075702300727 0.038985012826218302 -0.0033289682354301392 -0.025092131732768776 -0.013253727010573558 -0.044672391427096968 0.0015602719243960549 0.044176135298565664 -0.01952099507341681 -0.041447540027253579 -0.021774799307768593 -0.026078350391312035 0.010306682783934122 0.00052371802454586117 -0.0061486916824021152 -0.035371026801623906 -0.023560709397433599
leaf_weight=34 1974 99 32 71 57 34 26 755 53 44 47 33 36 29 193 426 167 28 40 55 2753 26 63 82 56 57 228 30 60 43
leaf_count=34 1974 99 32 71 57 34 26 755 53 44 47 33 36 29 193 426 167 28 40 55 2753 26 63 82 56 57 228 30 60 43
internal_value=0.000346436 0.000777352 -0.000457375 -0.00181923 -0.0094704 -0.0145783 0.0011994 -0.000213724 -0.00695455 -0.0228861 -0.00764259 -0.00397436 -0.00816162 -0.0132063 -0.00175737 -0.00262227 -0.00438131 -0.00788136 -0.0157681 -0.00661378 0.00267871 0.00287626 -0.00761321 -0.0098871 -0.00438418 -0.00129825 -0.00161333 -0.0113889 -0.0142388 -0.0168077
internal_weight=7631 7311 4433 2433 320 165 2000 1908 87 78 525 155 98 62 1153 960 534 235 68 478 2878 2779 423 247 176 113 299 215 133 103
internal_count=7631 7311 4433 2433 320 165 2000 1908 87 78 525 155 98 62 1153 960 534 235 68 478 2878 2779 423 247 176 113 299 215 133 103
is_linear=0
shrinkage=0.04


Tree=8
num_leaves=31
num_cat=0
split_feature=4 11 13 0 14 4 12 13 5 14 14 4 5 13 5 18 2 10 16 2 12 14 9 3 7 11 3 4 20 7
split_gain=18.6894 8.68648 8.96732 7.97239 6.60981 5.84483 5.00563 6.0504 4.62631 3.11159 2.93411 2.09467 2.13806 3.52944 2.35849 1.8263 3.85737 2.68038 2.69649 1.8872 1.76789 1.73253 1.72778 1.68808 3.37604 2.44515 2.35309 1.67405 1.64552 2.49732
threshold=1.9500000000000002 19.150000000000002 12.050000000000002 4.7500000000000009 203.50000000000003 0.75000000000000011 79.500000000000014 6.8500000000000005 7.6500000000000012 182.50000000000003 276.50000000000006 8.2500000000000018 8.5500000000000025 5.3500000000000005 1.1500000000000001 -0.60355339059327384 6.3500000000000005 6.8500000000000005 47.500000000000007 2.7500000000000004 32.500000000000007 184.50000000000003 42.500000000000007 3.7500000000000004 2.0416666666666674 -1.1499999999999997 1.7500000000000002 3.9500000000000006 -0.56174490092936669 6.1312500000000014
decision_type=2 2 2 2 2 2 2 2 2 2 2 2 2 2 2 2 2 2 2 2 2 2 2 2 2 2 2 2 2 2
left_child=3 2 6 4 5 9 15 11 20 -1 -10 12 14 -14 -8 16 17 19 -19 -2 -4 -22 -3 24 25 -7 -27 -20 -9 -30
right_child=1 22 8 -5 -6 23 7 28 10 -11 -12 -13 13 -15 -16 -17 -18 18 27 -21 21 -23 -24 -25 -26 26 -28 -29 29 -31
leaf_value=-0.046339912638960888 -0.031245878264029511 -0.018624915150707935 -0.020640149624630344 -0.00030475433780969706 -0.0030178242613026515 -0.0053552850880303638 -0.020861337344039773 -0.014946244531111864 -0.040272260397285563 -0.032829857525986002 -0.023959123840911162 0.026891439171589107 -0.019396606300166427 -0.040345956627686377 -0.00047498881475246008 0.023906270802552951 0.032976801060690474 -0.0098493199349777259 -0.059436121382992813 0.0096921812498481225 -0.026413833036281448 0.016181435553058107 0.065353161013516181 -0.036158257349885439 -0.014268189063361407 -0.018497966395546572 -0.032880696445504926 -0.021752076674318312 -0.017755390621410929 -0.051146596545982768
leaf_weight=36 47 32 32 307 169 26 35 29 56 28 26 369 243 29 941 1925 606 85 30 126 69 86 1905 64 159 45 33 26 34 33
leaf_count=36 47 32 32 307 169 26 35 29 56 28 26 369 243 29 941 1925 606 85 30 126 69 86 1905 64 159 45 33 26 34 33
internal_value=0.000304507 0.00101345 0.00010522 -0.0052212 -0.00805704 -0.0109082 0.000524677 -0.0011832 -0.00697778 -0.0219077 -0.0148434 -0.000600741 -0.00138351 -0.00451282 -0.000507676 0.00155306 8.68623e-05 -0.00350476 -0.00757746 -0.000160919 -0.00346808 -0.00166667 0.00327554 -0.00869512 -0.00722727 -0.0128 -0.0163038 -0.0143158 -0.0108866 -0.0142941
internal_weight=7631 6764 4827 867 560 391 4558 1713 269 64 82 1617 1248 272 976 2845 920 314 141 173 187 155 1937 327 263 104 78 56 96 67
internal_count=7631 6764 4827 867 560 391 4558 1713 269 64 82 1617 1248 272 976 2845 920 314 141 173 187 155 1937 327 263 104 78 56 96 67
is_linear=0
shrinkage=0.04


Tree=9
num_leaves=31
num_cat=0
split_feature=4 11 20 17 8 5 11 17 6 14 15 7 6 5 17 11 10 17 16 0 4 4 5 17 19 8 7 7 3 8
split_gain=17.5612 9.91829 6.47051 6.16183 11.4104 10.3753 6.06293 4.50708 4.2947 3.38559 4.43731 3.74462 2.86011 2.84313 2.78087 2.5214 2.18401 2.1516 2.03624 2.03394 1.94222 1.92639 2.09122 2.62229 2.06549 1.90327 1.68388 2.88079 1.60375 1.57647
threshold=1.1500000000000001 15.350000000000003 -0.22252093395631442 -0.25881904510252113 6.3500000000000005 9.9500000000000011 5.6500000000000012 0.25881904510252091 2.5583333333333313 185.50000000000003 0.45000000000000007 1.9187500000000004 4.0333333333333341 7.5500000000000007 0.60355339059327384 9.2500000000000018 4.4500000000000011 0.25881904510252091 127.50000000000001 0.65000000000000002 10.750000000000002 5.4500000000000011 9.4500000000000011 0.25881904510252091 -1.0000000180025095e-35 3.3500000000000001 11.712500000000004 13.164583333333335 1.1500000000000001 3.0500000000000003
decision_type=2 2 2 2 2 2 2 2 2 2 2 2 2 2 2 2 2 2 2 2 2 2 2 2 2 2 2 2 2 2
left_child=2 3 6 19 5 9 8 -8 -1 10 11 -5 17 -13 -15 -11 -4 -7 -6 -2 -20 22 28 -24 -25 -18 -21 -28 -3 -17
right_child=1 21 16 4 18 12 7 -9 -10 15 -12 13 -14 14 -16 29 25 -19 20 26 -22 -23 23 24 -26 -27 27 -29 -30 -31
leaf_value=-0.027133559543919095 -0.029771531000123658 -0.019091148718552199 0.010784054031635119 -0.023675002313908799 0.0090157430328804151 -0.027410595645736474 -0.024949596219402084 -0.034316662384521017 0.0014726777602370575 0.0037576639647962573 -0.022055125172943495 -0.012812813075281686 -0.021916679182758789 -0.015072642611132859 -0.025896428787418206 -0.030792822690949455 -0.036958372180353721 -0.039497292077524587 -0.0039179302171216531 0.020942535328281782 -0.026810921076406445 0.060307493960039413 0.019757987731483764 -0.044644361964734404 -0.0030868573229188051 -0.0086036258249411121 -0.049900732781182539 0.046057631197389204 0.027772685625026786 -0.025758965685308138
leaf_weight=34 31 33 57 36 1290 25 34 44 53 345 29 464 59 47 29 25 35 65 168 1641 28 2149 56 30 40 63 41 37 570 73
leaf_count=34 31 33 57 36 1290 25 34 44 53 345 29 464 59 47 29 25 35 65 168 1641 28 2149 56 30 40 63 41 37 570 73
internal_value=0.000309749 0.000711707 -0.00884735 -0.000475417 -0.00167958 -0.00458431 -0.0143373 -0.0223797 -0.00695455 -0.00317255 -0.00511551 -0.00432582 -0.0144267 -0.00347505 -0.0105974 -0.000513513 -0.00294872 -0.0189011 0.000661735 0.00137065 -0.0031269 0.00253977 0.000761644 -0.00390551 -0.00901408 -0.00654545 0.00155581 -0.0041519 0.00174172 -0.00614141
internal_weight=7631 7311 320 4433 2683 1197 165 78 87 1048 605 576 149 540 76 443 155 90 1486 1750 196 2878 729 126 70 98 1719 78 603 98
internal_count=7631 7311 320 4433 2683 1197 165 78 87 1048 605 576 149 540 76 443 155 90 1486 1750 196 2878 729 126 70 98 1719 78 603 98
is_linear=0
shrinkage=0.04


Tree=10
num_leaves=31
num_cat=0
split_feature=4 1 11 13 10 4 12 13 4 20 11 9 16 20 6 0 7 9 18 3 3 16 9 12 19 0 11 7 11 20
split_gain=20.6374 7.17966 7.16896 7.49255 6.81115 5.23332 4.9619 3.70566 3.5288 4.60014 3.89324 3.29123 4.0479 3.20508 2.96849 3.76656 2.77557 2.32888 2.14683 3.18809 2.09919 2.56172 3.53983 2.06057 2.03179 2.18822 2.34276 1.90228 1.77445 2.43999
threshold=2.2500000000000004 4.8500000000000005 19.150000000000002 12.450000000000001 2.7500000000000004 12.850000000000003 86.500000000000014 5.7500000000000009 1.0500000000000003 -0.22252093395631442 5.6500000000000012 63.500000000000007 102.50000000000001 -0.56174490092936669 1.8499999999999961 4.1500000000000012 2.4979166666666672 42.500000000000007 -0.78656609248549325 5.9500000000000011 11.850000000000003 22.500000000000004 59.500000000000007 61.500000000000007 -0.60785761079279388 2.3500000000000001 9.5500000000000025 4.4687500000000009 3.3500000000000001 1.0000000180025095e-35
decision_type=2 2 2 2 2 2 2 2 2 2 2 2 2 2 2 2 2 2 2 2 2 2 2 2 2 2 2 2 2 2
left_child=1 4 3 6 -1 24 18 20 9 10 -6 -10 14 -9 -13 -16 -11 -4 19 23 21 -8 28 27 -5 26 -26 -2 -23 -30
right_child=2 -3 17 5 8 -7 7 13 11 16 -12 12 -14 -15 15 -17 -18 -19 -20 -21 -22 22 -24 -25 25 -27 -28 -29 29 -31
leaf_value=0.00068651476418320971 -0.042997009893013916 -0.0039692580925644715 -0.020292218303081189 0.019815267386826953 -0.026047167419306304 -0.028717878723593819 0.0085936797599326185 -0.0043541869267273584 -0.009917653153185102 0.0028319948971390306 -0.032943995889140175 -0.0076607499449031094 -0.0078791095612760573 -0.039284063532425147 -0.026500886338092906 -0.011511912863338128 -0.044525170281226482 0.061370672810767364 0.016382473779100414 0.014256497332388039 0.033372183792385622 -0.021640445980824225 -0.0030628709733740455 -0.011451873127273431 -0.041267994780633192 -0.021258697106597144 -0.018777612964152202 -0.016337720885510231 0.036141816999744954 -0.04761524947362978
leaf_weight=159 26 404 30 49 41 25 153 25 145 33 36 30 121 35 95 32 39 1902 2718 595 119 101 222 193 33 72 39 45 57 37
leaf_count=159 26 404 30 49 41 25 153 25 145 33 36 30 121 35 95 32 39 1902 2718 595 119 101 222 193 33 72 39 45 57 37
internal_value=0.000236994 -0.00473592 0.00110916 0.000241144 -0.00709836 -0.00697717 0.000606425 -0.002352 -0.00913089 -0.0144267 -0.0211795 -0.00723585 -0.00977778 -0.0118033 -0.014 -0.0166562 -0.0070137 0.00314951 0.00122638 -0.000516279 -0.00151304 -0.00252189 -0.00414354 -0.00416604 -0.00468041 -0.00706207 -0.0119452 -0.00994444 -0.00806122 -0.00404211
internal_weight=7611 1135 6476 4544 731 218 4326 749 572 149 77 423 278 60 157 127 72 1932 3577 859 689 570 417 264 193 144 72 71 195 94
internal_count=7611 1135 6476 4544 731 218 4326 749 572 149 77 423 278 60 157 127 72 1932 3577 859 689 570 417 264 193 144 72 71 195 94
is_linear=0
shrinkage=0.04


Tree=11
num_leaves=31
num_cat=0
split_feature=4 12 14 1 20 13 12 13 14 13 17 13 11 8 11 18 17 8 12 17 12 8 0 13 0 0 13 19 8 10
split_gain=17.3645 8.30472 6.87415 6.01535 6.07788 5.80452 4.24711 4.17303 4.14386 3.57226 2.99141 3.81888 2.88414 2.61108 2.37829 1.95961 1.94651 4.42556 2.68033 1.84553 2.03137 1.64219 2.55836 1.58037 1.54225 1.59381 1.82523 1.51543 1.50901 1.65826
threshold=1.5500000000000003 47.500000000000007 200.50000000000003 4.8500000000000005 -0.56174490092936669 7.1500000000000012 79.500000000000014 18.850000000000005 276.50000000000006 14.65 0.12940952255126045 2.1500000000000008 2.9500000000000006 1.1500000000000001 10.950000000000001 -0.3794095225512602 -1.0000000180025095e-35 6.4500000000000011 89.500000000000014 -0.60355339059327362 81.500000000000014 2.0500000000000003 2.2500000000000004 2.6500000000000008 8.2500000000000018 5.5500000000000007 9.6500000000000004 0.87837969732492682 4.1500000000000012 0.75000000000000011
decision_type=2 2 2 2 2 2 2 2 2 2 2 2 2 2 2 2 2 2 2 2 2 2 2 2 2 2 2 2 2 2
left_child=2 7 3 4 12 6 -3 28 9 19 -6 -12 -1 -8 -11 -13 -15 18 27 -7 21 -21 -23 -20 25 -24 -27 -18 29 -2
right_child=1 5 -4 -5 10 8 13 -9 -10 14 11 15 -14 16 -16 -17 17 -19 23 20 -22 22 24 -25 -26 26 -28 -29 -30 -31
leaf_value=-0.024847794304553396 0.02823265554968165 0.014037343282077775 1.5811578194511869e-05 -0.0086144163500819024 -0.014038563879434323 0.00090137096106004239 -0.035519189006865813 -0.025958390811473674 0.0087132258304909206 -0.040119794953772145 -0.023589542452616647 -0.042121804264773292 -0.032626210111310297 0.014091536394921609 -0.019527253943170963 -0.0072225204565944112 -0.010997540878123702 0.0018748571504381623 -0.019951534333086912 0.0028962655303867639 -0.035168480212867066 -0.044383217508791428 -0.0088153834500441335 -0.040051363177280745 0.0058249251568257389 -0.024733713569739343 -0.042672502549121617 -0.015429457526348767 0.069266106790155532 -0.0037049028802893418
leaf_weight=25 212 2203 177 121 71 123 47 39 186 34 27 41 45 652 26 45 316 629 35 41 42 28 91 44 78 38 27 44 1805 319
leaf_count=25 212 2203 177 121 71 123 47 39 186 34 27 41 45 652 26 45 316 629 35 41 42 28 91 44 78 38 27 44 1805 319
internal_value=0.000258014 0.000792635 -0.00656781 -0.00962766 -0.0131137 -0.000184418 0.000412994 0.00271886 -0.0035021 -0.00530813 -0.00921081 -0.0132281 -0.0230986 -0.00104751 -0.0144262 -0.00891954 -0.000790238 -0.00184097 -0.00491818 -0.00411087 -0.00560694 -0.00443421 -0.00559696 -0.01155 -0.00418723 -0.00647134 -0.0112121 -0.0034349 0.0029371 0.00106015
internal_weight=7611 7059 552 375 254 4684 3970 2375 714 528 184 113 70 1767 60 86 1720 1068 439 468 345 303 262 79 234 156 65 360 2336 531
internal_count=7611 7059 552 375 254 4684 3970 2375 714 528 184 113 70 1767 60 86 1720 1068 439 468 345 303 262 79 234 156 65 360 2336 531
is_linear=0
shrinkage=0.04


Tree=12
num_leaves=31
num_cat=0
split_feature=4 11 13 19 17 8 1 17 20 4 5 11 8 5 13 19 7 9 10 10 17 11 9 11 20 18 12 13 8 4
split_gain=16.5578 7.66888 6.51039 5.7172 4.82 8.45332 4.30746 5.6429 3.97412 4.10713 3.94739 3.11923 2.92005 6.0116 3.15087 2.91482 2.85572 2.81708 2.64486 3.19829 2.38066 2.79968 2.33629 2.33318 3.01225 2.18023 2.04175 1.75894 1.71593 2.03852
threshold=1.5500000000000003 19.550000000000004 14.65 1.0000000180025095e-35 -0.37940952255126065 3.6500000000000008 4.8500000000000005 -1.0000000180025095e-35 -0.22252093395631442 1.1500000000000001 10.550000000000002 2.9500000000000006 8.2500000000000018 7.4500000000000011 7.1500000000000012 -0.60785761079279388 4.9895833333333348 64.500000000000014 11.550000000000002 6.7500000000000009 0.12940952255126045 3.7500000000000004 42.500000000000007 5.4500000000000011 1.0000000180025095e-35 1.0000000180025095e-35 90.500000000000014 2.0500000000000003 6.8500000000000005 6.0500000000000007
decision_type=2 2 2 2 2 2 2 2 2 2 2 2 2 2 2 2 2 2 2 2 2 2 2 2 2 2 2 2 2 2
left_child=6 2 4 -4 -2 10 7 -1 9 11 15 -9 13 26 18 20 -5 -12 19 -15 -6 -22 -3 24 -17 -10 -7 -28 29 -21
right_child=1 22 3 16 5 12 -8 8 25 -11 17 -13 -14 14 -16 23 -18 -19 -20 28 21 -23 -24 -25 -26 -27 27 -29 -30 -31
leaf_value=-0.0089715589368948214 0.02036646577285442 -0.020483853318132732 0.0024769177278804715 -0.032163551645688994 -0.016704416346656641 0.0069370747712545391 -0.005916268058849164 -0.02406274876723849 -0.027765060077612317 -0.022203799574804183 -0.03598068219097638 -0.029880083859602689 0.01593995390626593 0.0069550842481430506 -0.03646047539767959 -0.024389861622001362 -0.031511630965391821 -0.035150949178066576 0.011580138998843423 -0.026687671905065713 -0.0077972345984474965 -0.036176893627209189 0.056281509496262309 0.0036241651872103591 0.0018927442172490456 -0.0030067990242874021 0.010195562744706566 -0.032887933774074771 -0.017626806477507258 -0.03402206408484755
leaf_weight=103 1830 29 69 40 56 700 162 31 89 47 26 55 1472 67 54 144 46 36 99 72 28 39 1848 168 103 65 25 26 46 36
leaf_count=103 1830 29 69 40 56 700 162 31 89 47 26 55 1472 67 54 144 46 36 99 72 28 39 1848 168 103 65 25 26 46 36
internal_value=0.000242249 0.000764306 -2.93265e-05 -0.00807692 0.000220366 -0.000716698 -0.00642315 -0.00869565 -0.0115694 -0.0166269 -0.00499168 -0.0217931 0.000272517 -0.0012611 -0.00539733 -0.00387384 -0.0148966 -0.0144762 -0.00386293 -0.00628829 -0.00925806 -0.0142941 0.00295421 -0.00225962 -0.00472581 -0.00712258 0.000803192 -0.00684615 -0.00944516 -0.0121835
internal_weight=7611 7059 5182 155 5027 3197 552 390 287 133 600 86 2597 1125 374 538 86 62 320 221 123 67 1877 415 247 154 751 51 154 108
internal_count=7611 7059 5182 155 5027 3197 552 390 287 133 600 86 2597 1125 374 538 86 62 320 221 123 67 1877 415 247 154 751 51 154 108
is_linear=0
shrinkage=0.04


Tree=13
num_leaves=31
num_cat=0
split_feature=4 14 4 12 17 13 13 2 10 12 13 17 5 3 5 6 8 10 9 5 20 12 4 8 17 0 3 2 3 10
split_gain=15.3827 6.46024 7.62219 5.36155 4.17959 3.91093 3.69891 3.58979 4.42042 3.07764 4.56368 2.64126 2.19522 2.10873 3.7045 2.21536 2.01365 1.95025 1.92767 1.90566 1.83217 2.34913 1.72384 2.02324 1.65902 3.42701 1.94285 1.64056 1.58971 1.54513
threshold=2.2500000000000004 200.50000000000003 0.75000000000000011 84.500000000000014 0.12940952255126045 5.7500000000000009 19.050000000000004 2.8500000000000001 6.3500000000000005 47.500000000000007 7.9500000000000011 -0.60355339059327362 2.0500000000000003 11.850000000000003 8.5500000000000025 3.8666666666666636 5.7500000000000009 6.7500000000000009 63.500000000000007 1.2500000000000002 -0.56174490092936669 90.500000000000014 8.6500000000000004 10.350000000000003 0.25881904510252091 4.4500000000000011 6.2500000000000009 6.1500000000000012 5.0500000000000007 0.75000000000000011
decision_type=2 2 2 2 2 2 2 2 2 2 2 2 2 2 2 2 2 2 2 2 2 2 2 2 2 2 2 2 2 2
left_child=1 2 4 6 -1 13 9 8 -4 16 -11 -12 -10 14 19 -16 29 -17 -9 -5 21 -21 -13 -24 -20 -26 -27 -7 -8 -2
right_child=3 -3 7 5 -6 27 28 18 12 10 11 22 -14 -15 15 17 -18 -19 24 20 -22 -23 23 -25 25 26 -28 -29 -30 -31
leaf_value=-0.016202703405653857 0.03416807197013591 0.0013669884370126515 -0.010739696966447334 -0.022732084451919744 -0.038124791152806634 -0.03030767362784199 -0.01527694332643029 0.00048130285383025473 -0.031396690969942818 0.012982839954564706 0.01865682311271705 -0.017048817273647966 -0.018248664557148749 0.03106130937857416 -0.034797778383775478 0.013037201757941715 0.078244484849449555 -0.026662023292550342 0.002229818910809749 -0.0006283801346230589 0.0088952899552425368 -0.02577389982030423 -0.038156240563604643 -0.006329731509498988 -0.040953664862413641 0.0019381063556370643 -0.027061093121388904 -0.045100618371197013 -0.024623366408166127 -0.00072496359754088853
leaf_weight=34 295 338 182 27 60 49 26 237 25 2722 162 235 65 146 25 31 1478 120 46 129 373 45 47 28 44 70 34 37 25 476
leaf_count=34 295 338 182 27 60 49 26 237 25 2722 162 235 65 146 25 31 1478 120 46 129 373 45 47 28 44 70 34 37 25 476
internal_value=0.000226485 -0.0040669 -0.00603007 0.000979466 -0.0166737 -0.00174161 0.00146606 -0.00458523 -0.00817582 0.00156723 0.000768701 -0.00285835 -0.0153846 -0.000954292 -0.00181092 -0.00687006 0.00270044 -0.00497368 -0.00230556 -0.000250435 0.000270073 -0.00310857 -0.00501608 -0.0102632 -0.00525128 -0.00730201 -0.00327619 -0.00983908 -0.00915385 0.00104145
internal_weight=7611 1135 797 6476 94 982 5494 703 272 5443 3194 472 90 896 750 176 2249 151 431 574 547 174 310 75 194 148 104 86 51 771
internal_count=7611 1135 797 6476 94 982 5494 703 272 5443 3194 472 90 896 750 176 2249 151 431 574 547 174 310 75 194 148 104 86 51 771
is_linear=0
shrinkage=0.04


Tree=14
num_leaves=31
num_cat=0
split_feature=8 17 8 11 19 18 20 13 18 9 11 10 3 11 13 11 14 11 10 14 13 7 18 3 19 7 18 7 18 0
split_gain=11.2877 14.7963 6.93395 5.19673 3.92972 5.13305 3.16651 2.55184 2.47654 2.89586 4.7368 3.13751 3.25336 3.08081 2.77003 2.43963 2.4012 2.4346 2.71184 3.48346 2.22772 2.0207 3.89246 2.40327 2.74771 2.29319 1.96385 1.60681 1.58427 2.5511
threshold=7.4500000000000011 -1.0000000180025095e-35 3.5500000000000003 9.7500000000000018 -0.60785761079279388 0.60355339059327384 0.81174490092936691 19.050000000000004 -0.98296291314453399 73.500000000000014 2.7500000000000004 5.2500000000000009 2.8500000000000001 4.6500000000000012 12.550000000000002 19.550000000000004 247.50000000000003 23.450000000000003 10.15 119.50000000000001 5.5500000000000007 7.7166666666666677 0.25881904510252057 6.7500000000000009 0.6078576107927941 9.0729166666666696 0.78656609248549303 3.1854166666666672 -0.78656609248549325 10.15
decision_type=2 2 2 2 2 2 2 2 2 2 2 2 2 2 2 2 2 2 2 2 2 2 2 2 2 2 2 2 2 2
left_child=1 7 3 6 5 -5 8 -1 -3 11 -11 13 -13 -10 -12 20 17 18 19 -4 28 22 23 24 -21 -23 -20 -14 29 -2
right_child=15 2 16 4 -6 -7 -8 -9 9 10 14 12 27 -15 -16 -17 -18 -19 26 21 -22 25 -24 -25 -26 -27 -28 -29 -30 -31
leaf_value=0.011037167372516081 -0.014556029689977946 -0.013085701340327764 0.0048635122614209695 -0.04202047434542127 0.0065976561061737984 0.018244261480612898 0.0026130190297306392 -0.017732649961287924 -0.034202692777104582 0.002245398764394931 -0.013966155978167747 -0.017536986916563059 -0.018053596652086619 -0.041541157452007572 -0.030548802214442918 0.099205920426943789 0.0066112248690765978 0.053701173543995485 0.00038766053197106655 -0.02505288318270436 -0.00795807683161554 -0.037697158608318883 -0.0040869429105552099 0.0018132692507433297 -0.030299702071860623 -0.021129566904077416 -0.019761116745273203 -0.034205192349458728 0.030790492256275181 0.032449585792841462
leaf_weight=2088 282 68 112 33 164 32 53 35 30 67 42 92 25 29 35 1119 252 109 312 148 509 29 162 39 32 32 26 65 1233 357
leaf_count=2088 282 68 112 33 164 32 53 35 30 67 42 92 25 29 35 1119 252 109 312 148 509 29 162 39 32 32 26 65 1233 357
internal_value=0.000215975 -0.00120525 -0.00368426 -0.0067663 -0.00175652 -0.01 -0.00902564 0.00111676 -0.0101057 -0.0113471 -0.00678621 -0.0140331 -0.0113224 -0.0220667 -0.0134872 0.00188518 -0.00187241 -0.0027505 -0.00344009 -0.00516036 0.00116037 -0.00675395 -0.00564398 -0.00910909 -0.0110497 -0.0134839 -0.000613569 -0.0167033 0.00179818 0.00018125
internal_weight=7611 4111 1988 735 229 65 506 2123 453 385 144 241 182 59 77 3500 1253 1001 892 554 2381 442 381 219 180 61 338 90 1872 639
internal_count=7611 4111 1988 735 229 65 506 2123 453 385 144 241 182 59 77 3500 1253 1001 892 554 2381 442 381 219 180 61 338 90 1872 639
is_linear=0
shrinkage=0.04


Tree=15
num_leaves=31
num_cat=0
split_feature=4 11 13 14 19 10 12 13 4 13 9 13 5 6 18 2 16 19 11 5 3 11 10 5 11 3 11 14 7 14
split_gain=11.754 5.64411 6.27216 5.10933 4.74559 3.40577 3.24922 4.45586 2.84908 2.75606 2.50669 2.3197 3.21403 3.11209 2.13665 2.24866 1.9134 2.48359 2.14637 1.88732 2.44048 1.77942 1.75504 1.70787 2.16783 2.91666 1.7334 1.91393 1.83975 1.69073
threshold=1.6500000000000001 19.150000000000002 14.65 203.50000000000003 1.0000000180025095e-35 10.250000000000002 78.500000000000014 6.8500000000000005 0.75000000000000011 18.350000000000005 40.500000000000007 6.3500000000000005 6.0500000000000007 6.4749999999999979 -0.78656609248549325 7.5500000000000007 72.500000000000014 -0.60785761079279388 4.2500000000000009 1.3500000000000003 4.7500000000000009 8.2500000000000018 1.9500000000000002 8.3500000000000032 -0.34999999999999992 11.15 12.15 153.50000000000003 7.0895833333333336 157.50000000000003
decision_type=2 2 2 2 2 2 2 2 2 2 2 2 2 2 2 2 2 2 2 2 2 2 2 2 2 2 2 2 2 2
left_child=3 2 6 5 -4 8 11 19 -1 22 -3 14 -13 29 15 -2 18 -18 -10 20 -8 -19 -6 -21 -25 26 27 -26 -29 -14
right_child=1 10 4 -5 9 -7 7 -9 16 -11 -12 12 13 -15 -16 -17 17 21 -20 23 -22 -23 -24 24 25 -27 -28 28 -30 -31
leaf_value=-0.032375897996212065 -0.017592006625682804 -0.036120027187321983 0.00084202005613364869 0.0026828597068751705 -0.0032923231718361037 -0.0053079496051675395 -0.036040393509425422 -0.025974548260448631 -0.017222336346398644 -0.029750955947802277 0.051105591445707116 0.0053077982069200218 0.0020616267598940062 0.0078323805559258382 0.026832839825976222 0.033159470229172615 0.0081886878508632202 -0.0088777240444343451 -0.018623629970529184 0.0036884012990805945 0.018090387410646353 -0.027199426371988737 -0.037451339249068558 0.040257772697057062 -0.015427935914925644 0.0249875967863828 0.020718492809323547 -0.01449478499435258 -0.044521345953268572 -0.019914508846961308
leaf_weight=67 204 26 58 167 28 99 42 109 101 29 1907 499 41 131 1609 331 43 58 31 1242 27 30 25 78 128 135 42 56 74 146
leaf_count=67 204 26 58 167 28 99 42 109 101 29 1907 499 41 131 1609 331 43 58 31 1242 27 30 25 78 128 135 42 56 74 146
internal_value=0.000334744 0.000796211 9.05662e-05 -0.00505193 -0.00822695 -0.00735814 0.000330133 -0.000945191 -0.00930514 -0.0143614 0.00263289 0.00116273 -0.000650367 -0.00378683 0.00185361 -0.000335821 -0.00737879 -0.00390909 -0.0107669 -0.000473424 -0.00691429 -0.00773034 -0.00866667 -0.000216401 -0.00215564 -0.00325688 -0.0054485 -0.00667181 -0.0100763 -0.00708511
internal_weight=7563 6967 5034 596 140 429 4894 1933 330 82 1933 2961 817 318 2144 535 263 131 132 1824 69 88 53 1755 513 435 300 258 130 187
internal_count=7563 6967 5034 596 140 429 4894 1933 330 82 1933 2961 817 318 2144 535 263 131 132 1824 69 88 53 1755 513 435 300 258 130 187
is_linear=0
shrinkage=0.04


Tree=16
num_leaves=31
num_cat=0
split_feature=4 4 0 17 0 14 15 14 14 8 5 17 11 11 5 6 10 4 8 18 2 4 19 20 18 18 16 12 17 10
split_gain=10.8402 5.33069 3.29246 3.19638 3.01856 2.93792 2.89072 2.65201 2.57223 2.52781 3.45491 3.00246 4.17322 2.5423 1.85245 1.72091 2.30894 3.06979 2.28267 1.6575 2.70717 2.18552 2.0194 1.62876 1.59717 1.5485 1.57901 1.49953 1.49388 2.42964
threshold=3.5500000000000003 0.75000000000000011 0.65000000000000002 0.25881904510252091 9.8500000000000032 207.50000000000003 0.15000000000000005 82.500000000000014 188.50000000000003 7.4500000000000011 7.7500000000000009 0.25881904510252091 14.350000000000003 6.3500000000000005 12.950000000000001 5.7499999999999973 2.4500000000000006 7.1500000000000012 8.8500000000000032 0.78656609248549303 3.1500000000000008 2.2500000000000004 -1.0000000180025095e-35 -0.22252093395631442 0.25881904510252057 -0.12940952255126037 22.500000000000004 54.500000000000007 0.25881904510252091 9.3500000000000032
decision_type=2 2 2 2 2 2 2 2 2 2 2 2 2 2 2 2 2 2 2 2 2 2 2 2 2 2 2 2 2 2
left_child=1 3 -2 23 5 7 9 -3 -5 10 -4 -12 13 24 -7 -8 -17 -18 -19 25 21 22 -21 -1 -13 26 -9 -11 -28 -30
right_child=2 4 6 8 -6 14 15 19 -10 27 11 12 -14 -15 -16 16 17 18 -20 20 -22 -23 -24 -25 -26 -27 28 -29 29 -31
leaf_value=-0.02637077239851901 -0.028920789167613578 0.011404842402108413 0.016954321606793984 -0.034855709464276727 0.023121801165359446 0.0032280110044328424 0.0038410838831973411 -0.0036111900273160151 -0.02108400595423494 0.087803781349026486 0.0046718671967070488 -0.027763661119825204 -0.0033966438276295907 -0.024105969454608522 -0.027974688249517578 0.024886391949458759 4.6591167649789272e-06 -0.044774256726026564 -0.014083629714440396 -0.011171478181686834 0.014250360519183188 -0.0078184772093257329 -0.023059281286841461 0.010333628671233113 0.00076623842218884078 -0.0017177210592718031 -0.015591296675174069 0.023544131789532862 -0.025069909128045662 -0.011207025325628986
leaf_weight=26 54 153 1579 34 220 523 160 145 31 1357 349 34 142 41 25 40 66 35 54 36 31 74 67 38 32 322 204 1379 181 131
leaf_count=26 54 153 1579 34 220 523 160 145 31 1357 349 34 142 41 25 40 66 35 54 36 31 74 67 38 32 322 204 1379 181 131
internal_value=0.000318879 -0.00201427 0.00130152 -0.00987692 -0.00152958 -0.00204543 0.00140292 -0.0030513 -0.0160606 0.00165486 0.000637282 -0.00194992 -0.005296 -0.0112222 0.000422587 -0.00207865 -0.00459184 -0.00679487 -0.0116 -0.00368792 -0.00692823 -0.00883146 -0.0125769 -0.00344615 -0.00620895 -0.00299593 -0.00410272 0.00246401 -0.00513733 -0.0068754
internal_weight=7563 2241 5322 129 2112 1892 5268 1344 65 4913 2177 598 249 107 548 355 195 155 89 1191 208 177 103 64 66 983 661 2736 516 312
internal_count=7563 2241 5322 129 2112 1892 5268 1344 65 4913 2177 598 249 107 548 355 195 155 89 1191 208 177 103 64 66 983 661 2736 516 312
is_linear=0
shrinkage=0.04


Tree=17
num_leaves=31
num_cat=0
split_feature=4 1 17 18 14 5 11 10 13 12 9 9 0 17 4 11 12 13 19 6 11 12 7 7 11 1 6 9 1 1
split_gain=10.0155 5.28612 6.21876 5.87576 4.67943 4.1879 4.39952 3.79275 3.54825 3.54107 3.44247 3.42695 3.38016 3.99859 4.34353 3.06074 2.79843 2.69983 2.49209 6.49899 1.76633 1.57978 2.18198 1.57923 1.5262 1.50274 1.49538 1.46464 1.44725 1.40191
threshold=1.4500000000000002 7.1500000000000012 1.0000000180025095e-35 0.25881904510252057 200.50000000000003 7.2500000000000009 11.750000000000002 10.750000000000002 18.750000000000004 89.500000000000014 49.500000000000007 68.500000000000014 7.9500000000000011 -0.37940952255126065 0.75000000000000011 5.3500000000000005 54.500000000000007 5.5500000000000007 -0.60785761079279388 3.0833333333333299 3.3500000000000001 78.500000000000014 7.6729166666666684 5.1562500000000009 5.8500000000000005 5.1500000000000012 1.4999999999999962 56.500000000000007 1.9500000000000002 16.550000000000004
decision_type=2 2 2 2 2 2 2 2 2 2 2 2 2 2 2 2 2 2 2 2 2 2 2 2 2 2 2 2 2 2
left_child=4 2 8 5 10 9 7 11 -2 18 -1 27 13 -12 -15 25 -3 -18 19 -4 -11 26 28 -8 -16 -13 -5 -7 -23 -19
right_child=1 16 3 21 -6 6 23 -9 -10 20 12 15 -14 14 24 -17 17 29 -20 -21 -22 22 -24 -25 -26 -27 -28 -29 -30 -31
leaf_value=0.0048757393072194977 0.010923314792302574 0.096003816543666215 -0.036525154654959265 -0.012946932231058512 0.00054072625776952485 -0.029196057921452745 -0.041880702670841069 0.012967710047653598 -0.027352238134426776 -0.032974961427086912 0.0034401345707969272 0.0016371706231902059 0.034230262431598074 -0.032863134531975674 -0.012303622350621182 -0.019144768633945989 0.017366136082384211 -0.018171503114736046 0.0020970209071596263 -0.0020767140131237481 -0.051433511594389095 -0.015423767094123259 -0.02022746251274914 -0.001517461573903012 -0.029927304501186369 -0.025880586946726451 0.017344597487892389 -0.041080397153085528 8.1276089730195617e-05 0.1104190252385501
leaf_weight=39 2297 1213 28 45 154 25 36 33 41 31 29 33 31 56 114 25 1447 249 343 105 25 25 28 126 43 29 609 40 219 45
leaf_count=39 2297 1213 28 45 154 25 36 33 41 31 29 33 31 56 114 25 1447 249 343 105 25 25 28 126 43 29 609 40 219 45
internal_value=0.000329455 0.000702733 -0.000219112 -0.00198228 -0.00534475 -0.00432273 -0.00773563 -0.0119355 0.00114237 -0.0020863 -0.00815335 -0.0145882 -0.00973723 -0.0113251 -0.013215 -0.00922727 0.00199526 0.000966705 -0.000955975 -0.00558209 -0.0115088 0.00024164 -0.00231502 -0.00289571 -0.0096962 -0.00431746 0.00130687 -0.0215152 -0.00107755 -0.00252203
internal_weight=7563 7097 4143 1805 466 879 347 185 2338 532 312 152 273 242 213 87 2954 1741 476 133 56 926 272 162 157 62 654 65 244 294
internal_count=7563 7097 4143 1805 466 879 347 185 2338 532 312 152 273 242 213 87 2954 1741 476 133 56 926 272 162 157 62 654 65 244 294
is_linear=0
shrinkage=0.04


Tree=18
num_leaves=31
num_cat=0
split_feature=8 17 18 8 12 12 2 5 7 11 16 11 14 5 12 7 19 14 11 5 16 2 3 2 2 20 16 5 8 9
split_gain=8.79428 11.6448 4.98189 3.17338 3.04302 3.03408 3.30893 2.58611 3.56045 3.31432 3.85998 3.2677 4.66209 2.85343 2.44099 2.1271 2.7289 1.89264 1.68691 1.62069 1.57094 1.56804 1.6025 1.52441 2.32781 1.51271 2.15387 2.76246 1.4374 1.6346
threshold=7.6500000000000012 -1.0000000180025095e-35 1.0000000180025095e-35 2.6500000000000008 54.500000000000007 89.500000000000014 5.9500000000000011 6.9500000000000011 3.9520833333333338 11.750000000000002 42.500000000000007 5.7500000000000009 228.50000000000003 3.3500000000000001 85.500000000000014 2.0979166666666669 1.0000000180025095e-35 252.50000000000003 18.150000000000002 12.950000000000001 957.50000000000011 3.3500000000000001 1.7500000000000002 5.9500000000000011 6.5500000000000007 1.0000000180025095e-35 637.50000000000011 3.3500000000000001 18.550000000000004 40.500000000000007
decision_type=2 2 2 2 2 2 2 2 2 2 2 2 2 2 2 2 2 2 2 2 2 2 2 2 2 2 2 2 2 2
left_child=1 15 5 18 -2 7 -7 8 11 10 -9 -3 13 -13 23 16 -1 -12 25 -17 -18 22 -16 -5 -25 26 27 -4 29 -6
right_child=4 2 3 14 28 6 -8 9 -10 -11 17 12 -14 -15 21 19 20 -19 -20 -21 -22 -23 -24 24 -26 -27 -28 -29 -30 -31
leaf_value=0.0097665688105564377 0.073997679732955832 -0.0059232311819247922 -0.01620334950061213 0.0050407801399158549 -0.019631987973706057 -0.040944519685722283 -0.01362167053376632 -0.012300179434889145 0.01199717066520666 -0.0094928563872657221 -0.038871974600159863 -0.022926119020751149 -0.011221566735257789 -0.03317319391282926 -0.0023331034102286497 0.016290569941674892 -0.0024215632762251272 -0.027459034070593104 0.0014775500764206836 -0.017699966835438011 -0.026785337651874228 -0.012621458094187576 -0.021488851133420434 -0.023875890442424757 0.0052979152363341079 -0.0083553073164184238 -0.023037923067408827 0.0075265370858178995 0.10664651019183939 0.0043649569277051312
leaf_weight=91 1457 219 41 697 96 52 35 72 157 139 67 44 45 26 26 1915 25 25 55 86 34 81 37 33 72 60 32 30 261 1553
leaf_count=91 1457 219 41 697 96 52 35 72 157 139 67 44 45 26 26 1915 25 25 55 86 34 81 37 33 72 60 32 30 261 1553
internal_value=0.000303014 -0.000918751 -0.00307918 -0.00135966 0.00182542 -0.00534694 -0.0124091 -0.00455849 -0.0027561 -0.00746053 -0.011297 -0.00508657 -0.0105172 -0.0169014 -0.000354804 0.00113569 -0.00344371 -0.0166882 -0.00569863 0.00148052 -0.0100667 -0.00513103 -0.0098125 0.000508095 -0.00396226 -0.00773171 -0.0106538 -0.00661111 0.000774464 0.00033697
internal_weight=7563 4196 2045 1164 3367 881 87 794 491 303 164 334 115 70 946 2151 150 92 218 2001 59 144 63 802 105 163 103 71 1910 1649
internal_count=7563 4196 2045 1164 3367 881 87 794 491 303 164 334 115 70 946 2151 150 92 218 2001 59 144 63 802 105 163 103 71 1910 1649
is_linear=0
shrinkage=0.04


Tree=19
num_leaves=31
num_cat=0
split_feature=4 8 17 14 12 0 4 17 13 5 11 13 12 13 8 5 7 19 5 11 11 18 8 5 2 14 18 3 0 12
split_gain=9.31403 5.54494 6.22175 3.75693 3.5412 3.18736 3.2089 4.28603 3.17534 3.10178 2.98906 3.62819 2.91717 2.91929 3.96426 2.09872 2.06713 1.61022 2.54195 1.5525 2.1951 1.94768 1.4172 2.84453 2.04817 1.33943 1.36725 1.80477 1.31238 1.24886
threshold=1.3500000000000003 7.6500000000000012 1.0000000180025095e-35 200.50000000000003 88.500000000000014 7.9500000000000011 0.75000000000000011 0.12940952255126045 18.750000000000004 7.2500000000000009 21.550000000000004 6.8500000000000005 54.500000000000007 8.7500000000000018 10.15 12.250000000000002 3.9520833333333338 -0.60785761079279388 4.4500000000000011 3.4500000000000006 10.750000000000002 0.25881904510252057 4.5500000000000007 10.850000000000003 3.2500000000000004 108.50000000000001 0.25881904510252057 6.4500000000000011 4.7500000000000009 38.500000000000007
decision_type=2 2 2 2 2 2 2 2 2 2 2 2 2 2 2 2 2 2 2 2 2 2 2 2 2 2 2 2 2 2
left_child=3 2 8 5 9 6 7 -1 -2 16 11 22 -3 -14 -15 28 17 18 -4 -8 21 -21 23 24 -11 -6 27 -27 -13 -5
right_child=1 12 4 29 25 -7 19 -9 -10 10 -12 15 13 14 -16 -17 -18 -19 -20 20 -22 -23 -24 -25 -26 26 -28 -29 -30 -31
leaf_value=-0.010797945470140133 0.0090280912125901818 0.070861651974947565 -0.0064192739148010367 -0.018358035502229097 -0.026472422449726883 0.0274957236294338 -0.0081877766623548436 -0.030446943120189269 -0.020490116155043651 0.014354862927626218 0.021855105806615233 -0.02545434634609697 0.010628702327022795 -0.033567818343860252 0.00011629764466186193 -0.0058829077109924304 0.011752542098673865 -0.0024426915574245816 -0.031208674053297747 -0.0250333145903309 -0.0013410906415559851 -0.01499324999961171 -0.0091220484970031233 -0.035750212461428815 -0.02609743346809909 -0.038000162522184827 -0.00067213037558969872 -0.015544827942709616 -0.026371681705677844 0.0046359599394559751
leaf_weight=28 2194 1444 83 26 25 30 86 44 34 39 86 40 1760 34 68 36 449 384 35 28 25 28 211 26 25 60 50 35 35 115
leaf_count=28 2194 1444 83 26 25 30 86 44 34 39 86 40 1760 34 68 36 449 384 35 28 25 28 211 26 25 60 50 35 35 115
internal_value=0.000308303 0.000644674 -0.000387734 -0.00554744 -0.00227407 -0.00831111 -0.00985 -0.0168767 0.000983401 -0.00163034 -0.00418437 -0.00559806 0.00184578 0.000798712 -0.00574757 -0.01175 -0.000289916 -0.00205169 -0.00611765 -0.00673809 -0.0106829 -0.0150175 -0.00329801 -0.00747253 -0.00283077 -0.0077193 -0.00616438 -0.00895833 -0.0155263 -0.000253521
internal_weight=7563 7153 3847 410 1619 269 239 72 2228 1449 498 412 3306 1862 102 111 951 502 118 167 81 56 301 90 64 170 145 95 75 141
internal_count=7563 7153 3847 410 1619 269 239 72 2228 1449 498 412 3306 1862 102 111 951 502 118 167 81 56 301 90 64 170 145 95 75 141
is_linear=0
shrinkage=0.04


Tree=20
num_leaves=31
num_cat=0
split_feature=12 13 13 17 0 18 1 13 3 12 19 7 7 13 10 7 11 5 16 7 3 3 20 9 17 5 9 3 9 3
split_gain=8.40259 6.61512 4.4364 4.4881 6.76116 4.13811 4.87743 2.98556 2.87372 2.71917 2.55827 2.41464 2.03813 2.01923 2.41502 1.96574 2.73938 2.79617 1.8183 1.76549 2.32595 1.76357 2.11439 2.22622 1.71785 1.62996 2.38472 1.54431 3.07431 1.35511
threshold=76.500000000000014 18.750000000000004 6.9500000000000011 -1.0000000180025095e-35 6.1500000000000012 -0.60355339059327384 6.9500000000000011 11.65 3.5500000000000003 89.500000000000014 0.6078576107927941 11.61875 7.4895833333333348 14.050000000000002 2.8500000000000001 1.685416666666667 -1.7499999999999998 1.5500000000000003 22.500000000000004 6.8312500000000007 4.3500000000000005 2.4500000000000006 -0.56174490092936669 56.500000000000007 0.37940952255126054 6.4500000000000011 61.500000000000007 2.5500000000000003 67.500000000000014 2.8500000000000001
decision_type=2 2 2 2 2 2 2 2 2 2 2 2 2 2 2 2 2 2 2 2 2 2 2 2 2 2 2 2 2 2
left_child=1 5 3 -2 9 6 7 12 13 15 -3 19 27 -7 -15 -5 -17 -18 -11 20 29 -19 23 -23 -20 -24 -27 28 -1 -4
right_child=2 10 11 4 -6 8 -8 -9 -10 18 -12 -13 -14 14 -16 16 17 21 24 -21 -22 22 25 -25 -26 26 -28 -29 -30 -31
leaf_value=-0.027836979084011091 0.012216087912969487 -0.0038899073803806655 -0.017863985655771294 -0.015496045626313017 -0.00021534790991976379 0.0029908595811578001 0.01833822973576742 -0.034168028889228381 0.039955563981844404 -0.0021901235118306698 -0.030575765239111465 -0.029950908968627368 -0.010115648122943877 -0.00038028253469506244 -0.024967558399990486 0.0013065528807732097 -0.02142619409479838 -0.0029512706970033099 -0.013512018120974717 0.02799258936182927 -0.035752199217899371 -0.006693379571379463 -0.0050086253770047625 -0.026425821936670035 -0.035051931771361254 -0.045270411783282651 -0.010431197734579178 -0.0030230843180763141 0.003714945456475801 0.015818423971712188
leaf_weight=40 867 45 52 36 772 1058 683 47 2723 26 35 35 30 68 36 103 30 156 30 32 29 26 144 52 50 26 52 317 28 29
leaf_count=40 867 45 52 36 772 1058 683 47 2723 26 35 35 30 68 36 103 30 156 30 32 29 26 144 52 50 26 52 317 28 29
internal_value=3.49962e-05 0.000970456 -0.00184144 -0.00138338 -0.00270479 0.00115285 -0.00095986 -0.00412959 0.0017756 -0.00545902 -0.0103704 -0.00793258 -0.00302885 0.00011006 -0.00518095 -0.00444089 -0.00387119 -0.00512526 -0.0113645 -0.00553846 -0.00792793 -0.00432385 -0.00611296 -0.0117468 -0.014321 -0.00408969 -0.00870886 -0.00222798 -0.00765217 -0.00434146
internal_weight=7657 5110 2547 2370 1503 5030 1145 462 3885 731 80 177 415 1162 104 625 589 486 106 142 110 456 300 78 80 222 78 385 68 81
internal_count=7657 5110 2547 2370 1503 5030 1145 462 3885 731 80 177 415 1162 104 625 589 486 106 142 110 456 300 78 80 222 78 385 68 81
is_linear=0
shrinkage=0.04


Tree=21
num_leaves=31
num_cat=0
split_feature=8 17 12 10 13 5 7 3 11 11 14 20 12 9 14 20 7 5 12 13 7 9 11 7 7 7 9 20 16 7
split_gain=9.10361 8.73896 5.08139 5.24935 4.3831 3.99711 3.58989 3.37563 2.87127 3.74359 4.39794 3.25545 2.75248 2.4499 2.44595 2.11675 4.75994 2.33798 2.06189 2.05905 2.42881 2.56231 1.90074 1.88822 3.42132 1.78893 1.99049 1.65876 2.06865 3.33312
threshold=8.8500000000000032 -0.25881904510252113 49.500000000000007 10.250000000000002 19.250000000000004 9.9500000000000011 9.3479166666666682 1.1500000000000001 3.9500000000000006 11.950000000000001 239.50000000000003 -0.56174490092936669 72.500000000000014 52.500000000000007 146.50000000000003 0.81174490092936691 9.0729166666666696 1.3500000000000003 54.500000000000007 11.050000000000002 7.4895833333333348 68.500000000000014 9.2500000000000018 2.0979166666666669 1.9187500000000004 3.1562500000000004 78.500000000000014 0.81174490092936691 27.500000000000004 2.4104166666666673
decision_type=2 2 2 2 2 2 2 2 2 2 2 2 2 2 2 2 2 2 2 2 2 2 2 2 2 2 2 2 2 2
left_child=1 4 7 5 15 8 19 -3 13 10 11 14 -13 -4 -10 23 17 -17 -2 20 21 -7 -12 24 -1 26 27 28 29 -15
right_child=18 2 3 -5 -6 6 -8 -9 9 -11 22 12 -14 25 -16 16 -18 -19 -20 -21 -22 -23 -24 -25 -26 -27 -28 -29 -30 -31
leaf_value=0.011574848011256711 0.071667106929566446 -0.018257522873887745 -0.0327960802750904 -0.00072425996175136485 -0.015356352366133618 -0.023938309634885108 -0.007799076318559214 0.0083237138224521185 -0.012862321035741022 0.0024129644872794447 0.0081026468493972607 0.0081216699262884658 -0.027194134900291555 -0.018365883078386602 -0.035968566883548665 -0.0054153101054996875 -0.04288430841791728 0.0042944464489650417 0.0077628427728797401 -0.040289474170886991 -0.044825805095606616 0.0062980390793817313 -0.022148959843594149 0.020054296937227187 -0.029740837273099015 0.0023339770522187507 0.0039035313756349142 0.0046536535167861397 -0.012525170909387687 -0.003178927251969292
leaf_weight=75 1265 60 33 552 34 51 57 591 38 128 79 50 201 29 53 34 36 222 1559 25 41 29 25 1797 44 297 67 38 120 27
leaf_count=75 1265 60 33 552 34 51 57 591 38 128 79 50 201 29 53 34 36 222 1559 25 41 29 25 1797 44 297 67 38 120 27
internal_value=1.4103e-05 -0.00104013 -0.00262191 -0.0036476 0.00078823 -0.00495896 -0.0101373 0.000435583 -0.00406408 -0.00609391 -0.00782103 -0.0100058 -0.00760317 -0.00215033 -0.0164783 0.00101041 -0.002157 -0.000217899 0.00181805 -0.0134422 -0.0111148 -0.00691358 -0.000609524 0.001494 -0.00336667 -0.00153368 -0.0038156 -0.00569302 -0.00732203 -0.013614
internal_weight=7657 4833 2591 1940 2242 1388 203 651 1185 574 446 342 251 611 91 2208 292 256 2824 146 121 80 104 1916 119 578 281 214 176 56
internal_count=7657 4833 2591 1940 2242 1388 203 651 1185 574 446 342 251 611 91 2208 292 256 2824 146 121 80 104 1916 119 578 281 214 176 56
is_linear=0
shrinkage=0.04


Tree=22
num_leaves=31
num_cat=0
split_feature=4 8 20 8 11 12 13 2 13 19 18 5 6 4 19 14 9 11 13 18 15 13 7 2 12 19 4 19 5 12
split_gain=11.7372 5.75124 5.30365 4.22627 3.67005 3.46414 4.53889 3.48948 3.16631 2.94366 2.6508 2.6047 2.63473 2.4981 2.29968 2.06779 1.99854 1.96701 1.97772 1.80128 1.76421 1.72695 2.16877 1.93478 1.70168 2.66392 1.65222 1.65111 4.17207 2.04736
threshold=1.0500000000000003 8.8500000000000032 -0.22252093395631442 3.0500000000000003 5.8500000000000005 75.500000000000014 7.3500000000000005 4.5500000000000007 18.350000000000005 0.6078576107927941 -0.12940952255126037 9.9500000000000011 4.0333333333333341 2.3500000000000001 0.6078576107927941 200.50000000000003 63.500000000000007 20.450000000000003 5.5500000000000007 0.25881904510252057 0.45000000000000007 6.5500000000000007 2.9562500000000007 3.2500000000000004 90.500000000000014 1.0000000180025095e-35 3.0500000000000003 0.87837969732492682 7.6500000000000012 83.500000000000014
decision_type=2 2 2 2 2 2 2 2 2 2 2 2 2 2 2 2 2 2 2 2 2 2 2 2 2 2 2 2 2 2
left_child=2 5 3 -1 -5 8 11 -8 10 -10 21 13 -13 14 -7 -4 -16 18 20 -14 -3 -2 -23 -24 -15 -26 -12 29 -29 -20
right_child=1 17 15 4 -6 6 7 -9 9 -11 26 12 19 24 16 -17 -18 -19 27 -21 -22 22 23 -25 25 -27 -28 28 -30 -31
leaf_value=-0.022860142777252117 -0.00048421611162578456 0.021266229113385163 -0.026120333679552118 0.00069983342464126016 -0.0187843766460353 -0.0057401678748504308 -0.01745000245157944 -0.036647855555153694 -0.001384037498017457 -0.023449862370549829 -0.003955312312276995 -0.024108155622378301 -0.0036613846600922406 0.0035565607691375018 -0.0054578242791930558 0.0086861231042516668 -0.024079730829431899 0.10987150200265232 0.025528143842003095 -0.05077720010531668 -0.0107687215883292 0.0038030007093724626 -0.019407057291897473 -0.0070452301541130049 -0.031694587113176895 0.0044678592035624224 0.016496975123261755 0.029535538925536731 -0.040373951086908048 -0.031741087548449433
leaf_weight=49 554 1526 72 41 37 278 84 34 42 32 384 39 100 991 41 55 62 835 317 26 30 66 55 136 44 81 1548 27 31 40
leaf_count=49 554 1526 72 41 37 278 84 34 42 32 384 39 100 991 41 55 62 835 317 26 30 66 55 136 44 81 1548 27 31 40
internal_value=2.97729e-05 0.000320368 -0.00840784 -0.0141562 -0.00820253 -0.000550674 -0.0019315 -0.00947899 0.000322214 -0.00778667 0.000543732 -0.00139026 -0.00614458 -0.000862483 -0.00365445 -0.00259375 -0.00873077 0.00174706 0.0010568 -0.00327559 0.00171098 -0.00137438 -0.00407752 -0.00622917 9.31067e-05 -0.00428571 0.0013492 -0.00139423 -0.00759322 -0.000368715
internal_weight=7657 7403 254 127 78 4597 1780 118 2817 74 2743 1662 165 1497 381 127 103 2806 1971 126 1556 811 257 191 1116 125 1932 415 58 357
internal_count=7657 7403 254 127 78 4597 1780 118 2817 74 2743 1662 165 1497 381 127 103 2806 1971 126 1556 811 257 191 1116 125 1932 415 58 357
is_linear=0
shrinkage=0.04


Tree=23
num_leaves=31
num_cat=0
split_feature=4 1 20 11 5 4 15 9 16 11 11 13 16 11 11 19 7 14 7 2 9 20 9 14 7 10 9 1 6 11
split_gain=10.9647 5.31738 4.74437 4.19119 3.8722 3.26402 2.8271 2.68098 3.11147 2.49677 2.45447 2.36763 2.3285 2.09194 2.68774 2.0905 3.78458 2.06779 1.98886 2.70551 1.62485 2.86376 2.17981 2.27491 1.8263 1.78915 1.45599 1.68101 1.89129 2.62827
threshold=1.0500000000000003 7.1500000000000012 -0.22252093395631442 5.8500000000000005 9.5500000000000025 2.9500000000000006 0.15000000000000005 45.500000000000007 87.500000000000014 12.550000000000002 1.0000000180025095e-35 19.150000000000002 32.500000000000007 2.6500000000000008 5.3500000000000005 0.6078576107927941 1.9750000000000003 200.50000000000003 10.88541666666667 16.550000000000004 59.500000000000007 0.81174490092936691 55.500000000000007 134.50000000000003 10.268750000000002 1.6500000000000001 77.500000000000014 4.4500000000000011 2.0249999999999972 -1.5499999999999998
decision_type=2 2 2 2 2 2 2 2 2 2 2 2 2 2 2 2 2 2 2 2 2 2 2 2 2 2 2 2 2 2
left_child=2 4 3 12 5 15 7 8 -3 10 -6 20 -1 -12 -15 26 -17 -4 -8 -20 21 22 -7 -24 -22 -26 27 28 -2 -30
right_child=1 6 17 -5 9 11 18 -9 -10 -11 13 -13 -14 14 -16 16 -18 -19 19 -21 24 -23 23 -25 25 -27 -28 -29 29 -31
leaf_value=-0.017593897850562649 0.0011635876370816199 -0.00040011892405845815 -0.025075520332370035 -0.019693076481543045 0.029447118762718417 0.013396978938613763 -0.00096267879974465973 0.035480693248302879 -0.027018779743244594 -0.0052552694736761095 -0.021642223356041754 -0.026642903059849767 0.0012053534270471873 0.0053488355131822317 -0.027434694581278198 -0.015494005514068532 -0.007073069403118794 0.0083386781800816011 -0.044750407576723772 -0.0014432212741049603 0.012377882406438589 -0.03125118114402884 -0.032003129605774991 -0.0036863949062418263 0.014969944449921498 -0.020088532486102841 0.0034798038566970797 0.0017333790998045337 0.0025523510251753904 -0.018809073636712394
leaf_weight=27 113 248 72 64 31 259 92 2599 35 326 49 30 36 62 111 25 306 55 25 25 2130 37 38 119 36 41 249 167 40 210
leaf_count=27 113 248 72 64 31 259 92 2599 35 326 49 30 36 62 111 25 306 55 25 25 2130 37 38 119 36 41 249 167 40 210
internal_value=6.11127e-05 0.000341977 -0.00809412 -0.0135312 -0.000548858 -8.41882e-05 0.00163174 0.00190357 -0.00178873 -0.0035931 -0.00656693 0.000668896 -0.0060625 -0.00803587 -0.00590805 -0.00190819 -0.00456626 -0.00259375 -0.00386014 -0.0101961 0.000796693 -0.00138326 -0.000422062 -0.00412658 0.00124457 -0.00476923 -0.000774359 -0.00195857 -0.00348352 -0.00541833
internal_weight=7657 7403 254 127 4379 3800 3024 2882 283 579 253 2690 63 222 173 1110 331 127 142 50 2660 453 416 157 2207 77 779 530 363 250
internal_count=7657 7403 254 127 4379 3800 3024 2882 283 579 253 2690 63 222 173 1110 331 127 142 50 2660 453 416 157 2207 77 779 530 363 250
is_linear=0
shrinkage=0.04


Tree=24
num_leaves=31
num_cat=0
split_feature=4 12 13 13 20 19 11 4 17 8 17 16 5 3 2 8 13 5 19 18 12 14 17 5 19 5 5 2 2 20
split_gain=10.1508 5.62196 4.75339 4.44256 4.21622 3.53444 3.50691 3.334 2.54814 3.34177 2.51594 2.3285 2.20581 3.49314 2.19978 2.43833 1.92379 2.86551 3.72639 1.83404 1.80255 1.79011 1.73575 1.38914 1.71841 1.37426 2.68295 1.58825 3.13865 1.59189
threshold=1.0500000000000003 75.500000000000014 7.0500000000000007 18.750000000000004 -0.22252093395631442 0.6078576107927941 5.8500000000000005 6.5500000000000007 -0.37940952255126065 6.4500000000000011 0.25881904510252091 32.500000000000007 9.9500000000000011 5.1500000000000012 4.8500000000000005 11.050000000000002 7.1500000000000012 9.5500000000000025 1.0000000180025095e-35 -0.60355339059327384 90.500000000000014 189.50000000000003 0.25881904510252091 1.5500000000000003 1.0000000180025095e-35 8.1500000000000004 10.750000000000002 11.65 9.0500000000000025 -0.56174490092936669
decision_type=2 2 2 2 2 2 2 2 2 2 2 2 2 2 2 2 2 2 2 2 2 2 2 2 2 2 2 2 2 2
left_child=4 3 8 7 6 -5 11 16 -3 12 -8 -1 20 -14 -4 -16 19 -18 -19 -2 23 -6 -22 24 -10 -11 27 28 29 -27
right_child=1 2 14 5 21 -7 10 -9 9 25 -12 -13 13 -15 15 -17 17 18 -20 -21 22 -23 -24 -25 -26 26 -28 -29 -30 -31
leaf_value=-0.016890141936540138 -0.0070206118939273631 0.014237311110187402 -0.013244066213851281 0.0017609308588219241 -0.024884960884520115 -0.029723856735930115 -0.021741313642708017 0.041903651997228834 -0.0042027554934823122 0.0091371956000561982 -0.017778487970309526 0.0011571392899653039 -0.022462594196399871 -0.020145820899725872 -0.034881565928473759 -0.01863685291798008 -0.0021913872032541964 0.0019557114584500593 -0.031743800112389128 0.012103042646014505 -0.0093967814737503565 0.0073984437967345197 -0.024692618304681498 -0.004803335872613698 -0.016895145716280043 -0.01380892610633159 0.0068024570321745985 0.021043969491156767 -0.045653971360768771 -0.00034390022101961294
leaf_weight=27 512 719 99 38 57 34 28 2492 34 485 36 36 36 41 43 30 623 44 48 1057 28 70 35 566 26 27 245 37 34 70
leaf_count=27 512 719 99 38 57 34 28 2492 34 485 36 36 36 41 43 30 623 44 48 1057 28 70 35 566 26 27 245 37 34 70
internal_value=6.6336e-05 0.000336575 -0.00118153 0.00113673 -0.00778039 -0.00865753 -0.0129062 0.00128616 -0.000716443 -0.00157598 -0.0194462 -0.0060625 -0.00351499 -0.00989744 -0.00758381 -0.0128108 0.000182057 -0.00153631 -0.00808602 0.000965605 -0.00278841 -0.00259375 -0.0091875 -0.00213078 -0.00786885 8.00891e-05 -0.00161353 -0.00549112 -0.00754545 -0.00379592
internal_weight=7657 7403 2555 4848 254 72 127 4776 2383 1664 64 63 766 77 172 73 2284 715 92 1569 689 127 63 626 60 898 413 168 131 97
internal_count=7657 7403 2555 4848 254 72 127 4776 2383 1664 64 63 766 77 172 73 2284 715 92 1569 689 127 63 626 60 898 413 168 131 97
is_linear=0
shrinkage=0.04


Tree=25
num_leaves=31
num_cat=0
split_feature=4 11 13 4 20 12 12 4 9 20 13 17 10 8 7 11 4 13 20 8 16 7 20 7 13 7 7 12 1 13
split_gain=10.2769 4.19021 3.93337 3.61179 4.71507 3.20138 2.7155 2.61758 2.58689 2.68627 2.37474 2.62746 2.17374 2.47216 3.22083 2.05956 2.25785 3.13441 2.05714 1.94259 2.31351 1.99969 2.76962 2.72306 2.39211 1.73005 2.22899 1.69968 1.58429 1.55257
threshold=1.6500000000000001 21.550000000000004 7.1500000000000012 0.75000000000000011 -0.56174490092936669 84.500000000000014 78.500000000000014 3.5500000000000003 42.500000000000007 -0.22252093395631442 18.750000000000004 -0.70710678118654735 0.8500000000000002 10.050000000000002 3.2583333333333337 1.0500000000000003 4.4500000000000011 12.050000000000002 1.0000000180025095e-35 6.3500000000000005 102.50000000000001 2.7812500000000004 1.0000000180025095e-35 3.0145833333333334 1.3500000000000003 3.885416666666667 2.9562500000000007 48.500000000000007 3.3500000000000001 6.4500000000000011
decision_type=2 2 2 2 2 2 2 2 2 2 2 2 2 2 2 2 2 2 2 2 2 2 2 2 2 2 2 2 2 2
left_child=3 2 7 4 -1 10 -6 8 9 -2 11 -4 -13 14 -14 -16 18 28 -17 20 21 22 24 -23 -5 26 -3 -12 -18 -28
right_child=1 25 5 19 6 -7 -8 -9 -10 -11 27 12 13 -15 15 16 17 -19 -20 -21 -22 23 -24 -25 -26 -27 29 -29 -30 -31
leaf_value=-0.020988415033383112 -0.030912885351692013 0.013844369587073227 0.012817304689145589 -0.021944843716704542 -0.0026392637352191401 -0.020129253026281921 -0.021774472792434309 0.012705771097506723 -0.0022439220814672585 -0.0016232661829086628 -0.029453427136050397 0.04446752515022339 0.0024446035671972194 0.022502285723261985 0.013722718736236253 -0.014724284738475368 0.0059990234498591153 -0.035299565261202426 -0.032559020173596055 0.0017486296044816941 -0.0038493584037492491 -0.020038632048993376 0.0024161659233110301 -0.012954500274175027 -0.011417762969164642 0.060262300582475982 0.00051789866601594783 -0.011143816632722998 -0.012031468706042839 -0.019348939194393375
leaf_weight=37 32 57 327 27 66 46 42 3258 1161 34 26 93 108 155 32 50 60 78 28 120 156 26 65 45 41 1319 35 25 85 36
leaf_count=37 32 57 327 27 66 46 42 3258 1161 34 26 93 108 155 32 50 60 78 28 120 156 26 65 45 41 1319 35 25 85 36
internal_value=0.000151219 0.000587568 9.1445e-05 -0.00476038 -0.010274 -0.00203591 -0.00594495 0.000619706 -0.000954397 -0.00859701 -0.00158427 -0.00115634 -0.00255652 -0.00344389 -0.00496833 -0.00691018 -0.00793377 -0.00583929 -0.0137722 -0.00307692 -0.00454294 -0.00733659 -0.00438806 -0.0127222 -0.00997101 0.00250552 -0.00192248 -0.00992308 -0.00232877 -0.00661111
internal_weight=7670 7045 5598 625 145 1113 108 4485 1227 66 1067 1016 689 596 441 333 301 223 78 480 360 204 133 71 68 1447 128 51 145 71
internal_count=7670 7045 5598 625 145 1113 108 4485 1227 66 1067 1016 689 596 441 333 301 223 78 480 360 204 133 71 68 1447 128 51 145 71
is_linear=0
shrinkage=0.04


Tree=26
num_leaves=31
num_cat=0
split_feature=4 8 17 13 4 20 11 5 13 19 12 8 20 9 8 9 8 17 19 13 7 6 12 11 11 10 9 2 15 10
split_gain=9.44849 3.87636 3.82524 3.40839 3.1597 5.15727 3.08657 3.42559 4.64435 2.46522 2.45763 2.39817 2.39357 2.45083 2.9064 2.07693 1.86998 2.18493 1.86083 2.00951 1.72872 1.70903 1.69105 1.79444 1.56635 1.56621 1.82127 2.08898 1.55191 1.54066
threshold=1.6500000000000001 11.950000000000001 -0.25881904510252113 18.750000000000004 0.75000000000000011 -0.56174490092936669 21.550000000000004 7.6500000000000012 5.4500000000000011 1.0000000180025095e-35 79.500000000000014 3.5500000000000003 0.81174490092936691 60.500000000000007 5.9500000000000011 40.500000000000007 6.3500000000000005 -1.0000000180025095e-35 0.6078576107927941 1.1500000000000001 9.8520833333333346 16.225000000000001 56.500000000000007 11.350000000000003 15.750000000000002 10.550000000000002 69.500000000000014 8.1500000000000004 0.25000000000000006 3.6500000000000008
decision_type=2 2 2 2 2 2 2 2 2 2 2 2 2 2 2 2 2 2 2 2 2 2 2 2 2 2 2 2 2 2
left_child=4 2 3 12 5 -1 7 11 24 22 -7 -4 -2 14 -14 21 17 -6 19 -19 -13 -3 -10 -24 25 26 27 -9 -17 -15
right_child=1 15 6 -5 16 10 -8 8 9 -11 -12 20 13 29 -16 28 -18 18 -20 -21 -22 -23 23 -25 -26 -27 -28 -29 -30 -31
leaf_value=-0.020148878432047788 0.019251393548485506 -0.021063557223798553 -0.014245845430066725 -0.025990981940254825 0.0016489018441028897 -0.0022984015835989255 0.027293975267018232 -0.02020112874624683 0.0058437076070041883 -0.023347723594456533 -0.020942928900494352 0.0028217281111484853 0.0009495334350847225 -0.0083759198687565171 -0.041130365765821068 0.060127696400587648 0.0016786844203024243 -0.013024601413539451 -0.014811284801569898 -0.0078887701413387894 -0.024657520987768789 0.14147035841323471 -0.018319958584049757 -0.018716659590258457 0.010002104359224618 -0.0001229328006929828 -0.008055706286721696 -0.030500928446008532 -0.010447450656666224 0.010680587855007553
leaf_weight=37 2129 57 388 33 85 69 409 97 56 124 39 1136 33 150 28 1566 120 37 51 187 26 30 51 33 162 195 107 53 54 128
leaf_count=37 2129 57 388 33 85 69 409 97 56 124 39 1136 33 150 28 1566 120 37 51 187 26 30 51 33 162 195 107 53 54 128
internal_value=0.00014079 0.000559183 2.84699e-05 0.00116867 -0.00456869 -0.00972603 -0.000976744 -0.00151832 -0.00351308 -0.00793962 -0.00521101 -0.000386847 0.00134143 -0.00177647 -0.00896774 0.0022178 -0.00299376 -0.00443213 -0.00615942 -0.00455111 0.000522786 -0.00377273 -0.00425532 -0.00781176 -0.0016 -0.00280795 -0.00485271 -0.00768212 0.00254164 -0.000172043
internal_weight=7670 7045 5338 2501 625 145 2837 2428 878 264 108 1550 2468 339 61 1707 480 360 275 224 1162 87 140 84 614 452 257 150 1620 278
internal_count=7670 7045 5338 2501 625 145 2837 2428 878 264 108 1550 2468 339 61 1707 480 360 275 224 1162 87 140 84 614 452 257 150 1620 278
is_linear=0
shrinkage=0.04


Tree=27
num_leaves=31
num_cat=0
split_feature=4 20 11 4 5 13 20 17 13 12 13 9 0 18 1 10 2 13 2 5 11 16 5 20 13 18 12 17 4 17
split_gain=9.14456 5.61573 6.21253 4.4193 3.12108 3.08428 4.32452 3.01166 2.62486 2.59529 3.16307 3.08855 2.40821 2.37461 2.05884 2.85238 1.89922 1.87834 1.63732 1.55185 2.57295 2.53916 1.935 1.49444 1.80664 1.42164 1.39594 1.34524 1.87713 1.29846
threshold=1.1500000000000001 -0.56174490092936669 2.9500000000000006 3.6500000000000008 9.5500000000000025 4.5500000000000007 1.0000000180025095e-35 0.25881904510252091 18.850000000000005 51.500000000000007 6.5500000000000007 50.500000000000007 4.2500000000000009 -0.12940952255126037 6.6500000000000012 3.4500000000000006 2.9500000000000006 2.7500000000000004 2.8500000000000001 2.4500000000000006 -1.5499999999999998 92.500000000000014 1.1500000000000001 0.81174490092936691 6.9500000000000011 -0.98296291314453399 71.500000000000014 -0.78656609248549292 14.15 -0.37940952255126065
decision_type=2 2 2 2 2 2 2 2 2 2 2 2 2 2 2 2 2 2 2 2 2 2 2 2 2 2 2 2 2 2
left_child=1 2 -1 4 14 -6 26 -4 9 12 29 -12 13 16 15 -2 -5 18 -3 20 -17 22 -22 -15 -25 -21 -7 -13 -29 -11
right_child=3 17 7 8 5 6 -8 -9 -10 10 11 27 -14 23 -16 19 -18 -19 -20 25 21 -23 -24 24 -26 -27 -28 28 -30 -31
leaf_value=0.0031341830000063886 0.0042920723207867358 -0.011406142399411619 -0.016723434740970385 -0.035010407532886777 -0.0080063169072305783 -0.020691964838717433 -0.0049010542626901814 -0.017375672974170222 -0.023850789326327938 0.029185980608444552 -0.016024489351681808 0.023486828075409093 0.059176935045835384 0.015147135195209133 0.0138382398857215 0.0027979824053373753 -0.011025000073391166 -0.0026770485961202062 -0.014969299155232907 -0.020849831140086851 -0.031435964009814486 -0.0016692970346408886 -0.018456564517433053 0.032448324567096377 -0.029263567284004813 -0.0029276588442358571 -0.036271355342366321 -0.012456247822968721 -0.036495046222586064 0.00081498702940364627
leaf_weight=31 403 27 28 26 117 28 36 35 49 1004 35 109 1610 503 402 59 32 173 38 36 31 90 122 30 25 684 27 305 28 1547
leaf_count=31 403 27 28 26 117 28 36 35 49 1004 35 109 1610 503 402 59 32 173 38 36 31 90 122 30 25 684 27 305 28 1547
internal_value=0.00014079 -0.00634234 -0.0145684 0.000434937 -0.00114931 -0.0057799 -0.0112609 -0.0216875 0.00104299 0.00112959 0.000367118 -0.00261925 0.00216614 3.8898e-05 -0.000619256 -0.0013324 -0.00759322 -0.00304602 -0.00878788 -0.00245552 -0.00485809 -0.00667213 -0.00979221 0.000844365 -0.00535714 -0.00144244 -0.0182143 -0.00169752 -0.00295808 0.000926332
internal_weight=7670 332 94 7338 2035 208 91 63 5303 5254 3028 477 2226 616 1827 1425 58 238 65 1022 302 243 153 558 55 720 55 442 333 2551
internal_count=7670 332 94 7338 2035 208 91 63 5303 5254 3028 477 2226 616 1827 1425 58 238 65 1022 302 243 153 558 55 720 55 442 333 2551
is_linear=0
shrinkage=0.04


Tree=28
num_leaves=31
num_cat=0
split_feature=4 4 20 14 12 13 15 7 11 5 13 20 6 9 7 4 9 20 14 12 8 5 5 18 13 19 14 4 14 2
split_gain=8.10509 4.89354 3.96563 3.82051 2.90811 2.59894 2.4424 2.95862 4.86898 2.35189 3.18899 4.51763 2.2674 2.06237 1.99356 2.77421 2.18072 2.18983 1.83472 1.55733 1.45919 2.51042 1.52513 1.45925 1.37083 1.57034 2.3863 1.66141 1.28853 1.2678
threshold=0.75000000000000011 3.6500000000000008 -0.56174490092936669 188.50000000000003 77.500000000000014 18.850000000000005 0.15000000000000005 11.61875 16.350000000000005 9.5500000000000025 4.5500000000000007 1.0000000180025095e-35 6.5166666666666657 89.500000000000014 13.043750000000001 17.650000000000002 45.500000000000007 -0.22252093395631442 203.50000000000003 71.500000000000014 6.8500000000000005 6.0500000000000007 1.2500000000000002 -0.12940952255126037 5.5500000000000007 0.87837969732492682 169.50000000000003 6.4500000000000011 170.50000000000003 6.3500000000000005
decision_type=2 2 2 2 2 2 2 2 2 2 2 2 2 2 2 2 2 2 2 2 2 2 2 2 2 2 2 2 2 2
left_child=2 9 -1 4 -4 6 14 -8 -9 12 28 19 13 29 15 16 17 -3 -19 -12 21 22 -18 24 -22 26 27 -26 -11 -2
right_child=1 5 3 -5 -6 -7 7 8 -10 10 11 -13 -14 -15 -16 -17 20 18 -20 -21 23 -23 -24 -25 25 -27 -28 -29 -30 -31
leaf_value=-0.018673985905127061 -0.0053789018308134139 0.017796381143012987 -0.017231373716370308 0.0034290633742337074 -0.021690678439326389 -0.022896757753274818 -0.004362098767783879 -0.044715623130549269 0.010885271640526804 -0.016034351004112157 -0.019349151764972018 -0.015450575355659564 0.015600477368995249 0.010724435655080885 0.15252967623365427 -0.024751483965939309 -0.0075477837400003481 -0.0064832214191653924 -0.050627451133052274 -0.034820501128671667 0.020407031449057474 -0.0057753883654764176 0.019371925186620367 0.052659134034451834 -0.028251422190820236 -0.032248045037556371 0.047815522710580066 -0.0040561932213779841 0.0070238974022410429 -0.018383304881004731
leaf_weight=37 1365 119 30 53 25 49 294 26 32 35 29 43 378 208 671 42 103 72 52 27 774 708 1044 1119 25 30 111 32 89 48
leaf_count=37 1365 119 30 53 25 49 294 26 32 35 29 43 378 208 671 42 103 72 52 27 774 708 1044 1119 25 30 111 32 89 48
internal_value=0.000156433 0.000337497 -0.00917808 -0.00521101 -0.0125 0.000997738 0.00108392 -0.00213031 -0.0103051 -0.00123797 -0.005125 -0.01044 -0.000802 -0.00145253 0.00131511 0.000993384 0.0010969 -0.00257377 -0.006272 -0.0178246 0.00132354 0.000506466 0.00166202 0.0020478 0.000912641 -0.00205025 -0.00052071 -0.00710345 -0.000832 -0.002
internal_weight=7670 7525 145 108 55 5303 5254 352 58 2222 223 99 1999 1621 4902 4231 4189 243 124 56 3946 1855 1147 2091 972 198 168 57 124 1413
internal_count=7670 7525 145 108 55 5303 5254 352 58 2222 223 99 1999 1621 4902 4231 4189 243 124 56 3946 1855 1147 2091 972 198 168 57 124 1413
is_linear=0
shrinkage=0.04


Tree=29
num_leaves=31
num_cat=0
split_feature=8 17 18 11 2 10 19 0 12 5 9 8 5 12 16 19 3 3 12 7 3 9 5 3 3 19 7 14 0 11
split_gain=5.62666 8.28844 3.88589 3.06779 2.82477 3.08941 2.75573 3.17621 2.28287 2.24109 2.03011 1.93265 1.72597 2.05954 1.66451 1.99632 3.47009 2.91386 2.88864 1.78804 1.85935 1.70248 2.75075 1.5831 2.13847 1.9297 1.55965 2.47964 1.25733 1.25453
threshold=6.8500000000000005 -1.0000000180025095e-35 1.0000000180025095e-35 19.650000000000002 2.9500000000000006 9.0500000000000025 -1.0000000180025095e-35 2.0500000000000003 56.500000000000007 9.0500000000000025 46.500000000000007 18.650000000000002 7.0500000000000007 87.500000000000014 37.500000000000007 0.6078576107927941 10.65 12.450000000000001 81.500000000000014 10.410416666666668 15.550000000000002 40.500000000000007 11.15 7.0500000000000007 5.2500000000000009 -0.60785761079279388 8.6041666666666679 166.50000000000003 6.3500000000000005 25.350000000000005
decision_type=2 2 2 2 2 2 2 2 2 2 2 2 2 2 2 2 2 2 2 2 2 2 2 2 2 2 2 2 2 2
left_child=1 28 4 11 6 8 7 -3 -6 -8 -5 14 23 -14 21 18 26 -18 -16 -20 -21 22 -2 24 -10 -26 -17 -28 -1 -4
right_child=3 2 29 10 5 -7 9 -9 12 -11 -12 -13 13 -15 15 16 17 -19 19 20 -22 -23 -24 -25 25 -27 27 -29 -30 -31
leaf_value=0.006259825146633975 -0.052428896585172011 -0.016857895216708815 -0.0072746191755710468 -0.045202134135534325 0.009417861439112973 -0.00037177633525433399 -0.0031705854964422511 -0.023975227780426746 -0.0090968396410671948 -0.018537338317124969 0.07871655778684368 0.087353916727621717 -0.018991187109376341 -0.0020136918558157019 0.016333812024650438 0.0012308064053164335 -0.064090698677565089 -0.050345146199146255 -0.012124534591540401 -0.033909661127313626 -0.017005714718932717 0.015287757966955013 0.052273009115212397 0.042853623801991619 -0.010521176553383457 -0.022241798525308241 0.0060663176015693177 -0.045406069012565602 -0.031265920580619354 0.026044918087825754
leaf_weight=1978 25 41 874 33 33 244 84 51 131 37 1141 307 65 26 878 268 45 51 212 25 25 746 25 27 26 27 33 25 27 160
leaf_count=1978 25 41 874 33 33 244 84 51 131 37 1141 307 65 26 878 268 45 51 212 25 25 746 25 27 26 27 33 25 27 160
internal_value=0.000156433 -0.000927975 -0.00287685 0.00123854 -0.00498361 -0.00352414 -0.00891589 -0.0141075 -0.0060119 -0.00488525 0.00294128 0.000487622 -0.00710231 -0.0116957 9.83469e-05 -0.000660269 -0.00300709 -0.00964948 0.000210342 -0.00346768 -0.0101961 0.00158595 -0.0054902 -0.00507547 -0.0064 -0.0131111 -0.00102752 -0.00691525 0.000847458 -0.0012599
internal_weight=7670 3831 1826 3839 792 579 213 92 335 121 1174 2665 302 91 2358 1562 422 96 1140 262 50 796 50 211 184 53 326 58 2005 1034
internal_count=7670 3831 1826 3839 792 579 213 92 335 121 1174 2665 302 91 2358 1562 422 96 1140 262 50 796 50 211 184 53 326 58 2005 1034
is_linear=0
shrinkage=0.04


Tree=30
num_leaves=31
num_cat=0
split_feature=4 4 14 17 7 4 13 10 0 6 0 9 16 7 12 19 4 13 18 10 12 9 13 10 3 7 13 19 12 7
split_gain=7.30239 4.03489 3.60997 2.90539 2.32762 4.68054 2.14732 2.09384 2.13769 3.86739 2.00207 1.96162 2.2698 1.75721 1.6316 1.91645 3.13986 1.61198 1.72436 1.52171 1.46477 2.41829 1.6565 2.06376 1.94212 1.63535 1.6034 1.37331 1.43273 2.2151
threshold=3.8500000000000001 0.75000000000000011 191.50000000000003 0.25881904510252091 13.164583333333335 18.750000000000004 18.850000000000005 0.75000000000000011 10.750000000000002 10.258333333333335 0.65000000000000002 45.500000000000007 77.500000000000014 2.9562500000000007 89.500000000000014 1.0000000180025095e-35 2.4500000000000006 7.0500000000000007 -0.9159756150367534 7.3500000000000005 77.500000000000014 72.500000000000014 6.5500000000000007 0.95000000000000007 13.450000000000001 5.4520833333333343 1.5500000000000003 -0.8783796973249266 57.500000000000007 3.8062500000000008
decision_type=2 2 2 2 2 2 2 2 2 2 2 2 2 2 2 2 2 2 2 2 2 2 2 2 2 2 2 2 2 2
left_child=1 2 3 -1 5 6 10 -3 9 14 -2 12 -12 -5 17 16 -16 18 -9 27 22 -22 -13 -24 -25 -23 -27 -19 -29 -30
right_child=4 7 -4 13 -6 -7 -8 8 -10 -11 11 20 -14 -15 15 -17 -18 19 -20 -21 21 25 23 24 -26 26 -28 28 29 -31
leaf_value=-0.010386848648740673 -0.021315357723448211 0.018403502787321304 -0.0057807022418216916 -0.0099610928055500376 0.13124510358443961 -0.028151918134144593 -0.020242424203974835 -0.018777320771539003 0.027595614606712615 -0.037871807277673315 -0.0061762160707542072 0.037685647025580769 -0.022491848676914946 -0.024867986473575573 -0.0063301057438277675 -0.00072747855166501504 -0.030090944694635323 0.013551937918064302 -0.00057012645251470258 -0.010921819707026088 0.0056950188627205457 0.0074455407250846274 0.038609998566825912 -0.0016005715637370946 -0.041829272299452241 -0.026777737404246115 -0.011762762224937834 -0.0023269931040407702 -0.0085304482742724497 -0.028015690474106011
leaf_weight=28 45 117 55 26 632 32 48 251 158 26 179 1883 60 27 30 58 34 51 1275 32 827 71 420 663 42 41 146 160 109 40
leaf_count=28 45 117 55 26 632 32 48 251 158 26 179 1883 60 27 30 58 34 51 1275 32 827 71 420 663 42 41 146 160 109 40
internal_value=0.000161755 -0.00161905 -0.00829197 -0.0136098 0.00102868 0.000706146 0.000817894 -0.00122801 -0.00150292 -0.00184615 0.000910918 0.000998846 -0.00251667 -0.019037 -0.00164625 -0.00611382 -0.0108308 -0.00135904 -0.000770137 -0.00364377 0.00120469 -5.52485e-05 0.00165902 0.00044405 -0.000878187 -0.00342857 -0.00538298 -0.00288089 -0.00388387 -0.00669333
internal_weight=7566 2477 136 81 5089 4457 4425 2341 2224 2066 4377 4332 239 53 2040 122 64 1918 1526 392 4093 1085 3008 1125 705 258 187 360 309 149
internal_count=7566 2477 136 81 5089 4457 4425 2341 2224 2066 4377 4332 239 53 2040 122 64 1918 1526 392 4093 1085 3008 1125 705 258 187 360 309 149
is_linear=0
shrinkage=0.04


Tree=31
num_leaves=31
num_cat=0
split_feature=4 4 14 15 7 11 5 0 17 0 5 3 7 7 14 18 1 10 5 17 10 0 14 10 4 11 19 3 10 16
split_gain=6.65769 4.11347 3.60997 3.19302 3.17868 3.17573 3.15772 3.16676 2.90539 2.38693 3.67622 4.94252 2.91203 1.75721 1.69934 1.94463 1.67207 2.39724 1.61771 1.60065 1.43152 1.7603 1.62694 1.42614 1.37863 1.35129 1.62966 1.3283 1.30714 1.30319
threshold=3.8500000000000001 0.75000000000000011 191.50000000000003 0.15000000000000005 11.61875 16.350000000000005 9.4500000000000011 2.8500000000000001 0.25881904510252091 7.6500000000000012 7.7500000000000009 6.7500000000000009 10.410416666666668 2.9562500000000007 174.50000000000003 -0.12940952255126037 6.6500000000000012 3.4500000000000006 10.050000000000002 -0.78656609248549292 12.450000000000001 2.6500000000000008 119.50000000000001 3.7500000000000004 12.750000000000002 15.350000000000003 -0.60785761079279388 2.5500000000000003 8.8500000000000032 27.500000000000004
decision_type=2 2 2 2 2 2 2 2 2 2 2 2 2 2 2 2 2 2 2 2 2 2 2 2 2 2 2 2 2 2
left_child=1 2 8 9 28 -6 16 -8 -1 10 12 20 -2 -10 15 -9 17 -3 -16 -19 21 27 -23 -21 -24 26 -11 -12 -5 -25
right_child=3 6 -4 4 5 -7 7 14 13 25 11 -13 -14 -15 18 -17 -18 19 -20 23 -22 22 24 29 -26 -27 -28 -29 -30 -31
leaf_value=-0.0099713747027910492 0.015626378435070597 0.0034040990146510376 -0.0055494741521488235 0.00054345990450244109 -0.041174930885906375 -0.0064426992650963603 -0.023888262406314628 -0.022198402654827656 -0.0095626490933280375 0.070454670355304214 -0.017088601261505364 0.018161091687928916 -0.027971177749823863 -0.023873267014632549 -0.021673927050855645 0.0073793106793231689 0.011818179655892548 0.011262383827913287 0.0066552156059693866 -0.024552884876479254 0.0055369059316696468 0.003714517392604907 -0.014836905899687074 0.00070133825898429671 -0.02714065055884906 0.084027065726987912 0.0011796871554090819 0.017704712898711433 -0.01849680572655191 -0.0085235208092102263
leaf_weight=28 1768 460 55 248 26 27 43 54 26 269 37 322 66 27 28 27 439 144 93 35 62 30 207 253 28 1236 660 52 51 765
leaf_count=28 1768 460 55 248 26 27 43 54 26 269 37 322 66 27 28 27 439 144 93 35 62 30 207 253 28 1236 660 52 51 765
internal_value=0.000145897 -0.00155448 -0.00829197 0.000973674 -0.00269688 -0.0116296 -0.00115969 -0.00544715 -0.0136098 0.00124694 0.000422853 -0.0019594 0.00138202 -0.019037 -0.00331034 -0.0077561 -0.000656175 -0.00123764 -0.000295082 -0.0021803 -0.00483453 -0.00581408 -0.00744361 -0.00272106 -0.00855932 0.0022253 0.00107097 -0.000933333 -0.00108 -0.00244161
internal_weight=7566 2477 136 5089 352 53 2341 245 81 4737 2572 738 1834 53 202 81 2096 1657 121 1197 416 354 265 1053 235 2165 929 89 299 1018
internal_count=7566 2477 136 5089 352 53 2341 245 81 4737 2572 738 1834 53 202 81 2096 1657 121 1197 416 354 265 1053 235 2165 929 89 299 1018
is_linear=0
shrinkage=0.04


Tree=32
num_leaves=31
num_cat=0
split_feature=4 4 14 5 10 12 13 12 13 11 11 17 12 8 5 5 12 10 18 14 9 17 8 9 12 5 12 12 1 5
split_gain=6.17165 3.85923 3.866 3.1759 3.70478 4.50256 3.93203 2.51001 2.93506 3.10541 2.23945 1.99373 2.2789 3.06721 2.30603 1.91043 1.84262 3.05995 1.70195 1.70456 1.64889 1.60821 2.07287 2.02049 1.8664 1.55046 1.50759 1.49967 1.43951 1.9053
threshold=3.9500000000000006 0.75000000000000011 182.50000000000003 9.4500000000000011 9.9500000000000011 57.500000000000007 5.3500000000000005 77.500000000000014 11.15 18.850000000000005 8.2500000000000018 0.12940952255126045 90.500000000000014 6.9500000000000011 9.6500000000000004 3.8500000000000001 36.500000000000007 1.9500000000000002 0.37940952255126048 121.50000000000001 48.500000000000007 -0.70710678118654735 6.2500000000000009 76.500000000000014 29.500000000000004 1.1500000000000001 78.500000000000014 60.500000000000007 13.350000000000003 8.3500000000000032
decision_type=2 2 2 2 2 2 2 2 2 2 2 2 2 2 2 2 2 2 2 2 2 2 2 2 2 2 2 2 2 2
left_child=1 2 26 21 5 -5 -7 8 20 10 -10 18 28 -14 -15 -12 -17 -18 -9 -20 -2 -3 23 24 -23 -26 -1 -4 29 -13
right_child=7 3 27 4 -6 6 -8 11 9 -11 15 12 13 14 -16 16 17 -19 19 -21 -22 22 -24 -25 25 -27 -28 -29 -30 -31
leaf_value=-0.015765462157041658 -0.012420534061771871 0.0097962361280043483 -0.01624654255781555 0.0016492692976722097 0.00052284680414611416 -0.0188831158466587 -0.026829926154231375 0.020848769689332664 0.0065777887055998375 0.010224955510707316 -0.001638381275335778 0.00085850579487725762 -0.026987742077255201 0.0071357485871919816 -0.011955487546817887 -0.02632315861264433 0.011018146903064454 -0.040080612880846439 -0.04153107143381532 0.0038723934542830691 0.035109332550251671 -0.025737082147117986 0.0041972828199942974 0.00078513861224170059 -0.013268453140816837 -0.0069113124270583463 -0.017240200665792543 0.0021704230724146549 0.053077235202909731 -0.015969594363390825
leaf_weight=30 180 367 25 52 109 60 37 638 55 315 52 225 27 41 34 26 25 48 57 50 2990 30 697 312 49 696 28 53 87 171
leaf_count=30 180 367 25 52 109 60 37 638 55 315 52 225 27 41 34 26 25 48 57 50 2990 30 697 312 49 696 28 53 87 171
internal_value=0.000135325 -0.00146897 -0.008 -0.0010971 -0.00528185 -0.00936 -0.0144082 0.000948626 0.00148537 -0.00129502 -0.00510145 -0.000540946 -0.00228669 -0.00768932 -0.00342105 -0.00760526 -0.01084 -0.00740541 0.000831099 -0.00381481 0.0019426 -0.000592937 -0.00108908 -0.00218015 -0.0032732 -0.00286863 -0.0157288 -0.00212658 -0.00113223 -0.00215617
internal_weight=7566 2545 136 2409 258 149 97 5021 3691 521 206 1330 585 102 75 151 99 73 745 107 3170 2151 1784 1087 775 745 58 78 483 396
internal_count=7566 2545 136 2409 258 149 97 5021 3691 521 206 1330 585 102 75 151 99 73 745 107 3170 2151 1784 1087 775 745 58 78 483 396
is_linear=0
shrinkage=0.04


Tree=33
num_leaves=31
num_cat=0
split_feature=4 4 14 5 0 11 4 15 17 7 11 13 17 1 8 3 7 9 8 4 13 11 17 9 8 2 9 4 5 14
split_gain=6.20087 4.11878 3.60997 3.58664 4.08639 3.61515 3.38375 2.92671 2.90539 2.12419 2.27943 1.99096 1.98509 1.98786 1.76994 3.26648 1.75721 1.61263 1.60827 1.99902 3.54491 3.38978 1.51998 1.48092 2.01949 1.44072 3.24557 1.82243 1.74759 1.50898
threshold=0.75000000000000011 7.0500000000000007 191.50000000000003 9.3500000000000032 3.1500000000000008 9.5500000000000025 4.6500000000000012 0.15000000000000005 0.25881904510252091 11.61875 16.350000000000005 18.750000000000004 -0.70710678118654735 6.6500000000000012 16.550000000000004 10.850000000000003 2.9562500000000007 88.500000000000014 9.6500000000000004 12.550000000000002 9.8500000000000032 22.850000000000005 -0.60355339059327362 82.500000000000014 1.6500000000000001 5.1500000000000012 73.500000000000014 2.2500000000000004 7.2500000000000009 175.50000000000003
decision_type=2 2 2 2 2 2 2 2 2 2 2 2 2 2 2 2 2 2 2 2 2 2 2 2 2 2 2 2 2 2
left_child=2 3 8 11 5 6 -5 18 -1 -9 -11 12 -2 17 15 -6 -10 25 19 23 -21 -22 -13 24 -3 27 28 29 -27 -14
right_child=1 7 -4 4 14 -7 -8 9 16 10 -12 22 13 -15 -16 -17 -18 -19 -20 20 21 -23 -24 -25 -26 26 -28 -29 -30 -31
leaf_value=-0.0089242043686660697 0.014535051135396514 -0.041487521603802993 -0.0049723049931117104 -0.024520657434137831 -0.0073827000045960309 -0.012495721124311297 -0.010360010285572527 -0.0012702183084539187 -0.0085104082636420879 -0.03789569996633823 -0.0056956106755402039 -0.022224564476690231 -0.010184976860463798 0.011416944964510647 0.058868386586021566 -0.028500161978062412 -0.022252324121270126 0.0085857709359485751 0.067122404501673796 0.005488733985947721 -0.03450488262184026 -0.0024899499290287931 7.1489178943155777e-05 0.044109707492133242 0.0057592992703968957 0.00049902949376081111 -0.019868612677398229 0.00046804274256150269 -0.028656264731767959 -0.0026536648926179501
leaf_weight=28 831 28 55 43 416 70 25 128 26 26 27 25 222 840 101 34 27 281 1432 267 41 41 25 454 602 211 96 869 39 256
leaf_count=28 831 28 55 43 416 70 25 128 26 26 27 25 222 840 101 34 27 281 1432 267 41 41 25 454 602 211 96 869 39 256
internal_value=0.000140611 0.000296057 -0.00829197 -0.000488939 -0.00313623 -0.00926619 -0.0157681 0.00142566 -0.0136098 -0.00349451 -0.0101481 5.4114e-06 0.000115195 -0.000392185 -0.00158696 -0.00266075 -0.019037 -0.00108557 0.00173761 0.0007894 -0.00184 -0.00906024 -0.00784314 0.00163687 0.000380349 -0.00155136 -0.00385014 -0.000958457 -0.00143426 -0.00293946
internal_weight=7566 7430 136 4384 689 138 68 3046 81 181 53 3695 3645 2814 551 450 53 1974 2865 1433 349 82 50 1084 630 1693 346 1347 250 478
internal_count=7566 7430 136 4384 689 138 68 3046 81 181 53 3695 3645 2814 551 450 53 1974 2865 1433 349 82 50 1084 630 1693 346 1347 250 478
is_linear=0
shrinkage=0.04


Tree=34
num_leaves=31
num_cat=0
split_feature=4 12 13 19 13 20 12 9 0 5 4 4 5 0 5 4 2 9 3 20 18 11 5 19 3 5 20 10 4 6
split_gain=5.75642 4.24411 3.80729 3.97435 3.3958 2.74394 2.05126 2.0383 1.9367 1.77322 2.7927 2.43594 2.24291 2.19384 1.6997 1.65532 3.08123 1.81353 1.64307 1.58131 2.50424 1.73621 1.54764 1.53065 1.48745 1.40484 1.69177 1.55264 1.79133 3.34233
threshold=0.75000000000000011 57.500000000000007 18.750000000000004 0.6078576107927941 5.6500000000000012 -0.56174490092936669 77.500000000000014 70.500000000000014 7.1500000000000012 6.0500000000000007 3.8500000000000001 13.350000000000003 9.4500000000000011 2.6500000000000008 1.1500000000000001 12.750000000000002 3.2500000000000004 83.500000000000014 2.0500000000000003 -0.56174490092936669 1.0000000180025095e-35 5.1500000000000012 2.4500000000000006 0.87837969732492682 3.1500000000000008 7.1500000000000012 -0.56174490092936669 11.050000000000002 7.4500000000000011 9.6750000000000007
decision_type=2 2 2 2 2 2 2 2 2 2 2 2 2 2 2 2 2 2 2 2 2 2 2 2 2 2 2 2 2 2
left_child=5 2 8 -4 6 -1 23 -7 15 11 12 13 -11 19 24 17 -17 -2 -12 20 -6 -21 -23 -3 -8 26 -16 28 29 -27
right_child=1 4 3 -5 9 7 14 -9 -10 10 18 -13 -14 -15 25 16 -18 -19 -20 21 -22 22 -24 -25 -26 27 -28 -29 -30 -31
leaf_value=-0.016317794371499397 -0.0016499600320968547 0.013839242858293089 0.0020115611608814902 -0.021641078696038211 0.00098827720464940059 -0.01416119837326554 -0.030472141453558026 0.0047728407053220573 0.060907252705908452 -0.0090337144000716737 -0.022181778206336853 -0.021343320223721398 -0.023549273327384771 0.0075991003372393407 -0.011648119710368943 -0.028108698103129399 -0.0030966228702761899 0.015719349877135271 -0.006884258608873331 0.0071874797187396087 -0.024659081485224409 0.017650119565412452 -0.01840675779731182 -0.015490379774676249 -0.0009183613446408698 -0.0098520622144037517 0.0053435293882792825 0.00061033998102136462 -0.0039880560100039866 -0.041334790558584696
leaf_weight=37 709 1169 39 32 25 56 32 43 1315 56 30 25 34 277 325 26 145 933 253 51 26 27 32 171 37 228 955 245 208 25
leaf_count=37 709 1169 39 32 25 56 32 43 1315 56 30 25 34 277 325 26 145 933 253 51 26 27 32 171 37 228 955 245 208 25
internal_value=0.000124752 0.000274526 0.00137375 -0.00772222 -0.000556711 -0.008 5.88943e-06 -0.00444 0.00158261 -0.00283871 -0.0048877 -0.00118103 -0.010989 -0.000473804 -0.000787938 0.000734289 -0.003 0.00112477 -0.00291549 -0.00417284 -0.00992308 -0.00144144 -0.00606667 0.00122297 -0.00691429 -0.000571716 0.000218579 -0.00200283 -0.00336797 -0.00562205
internal_weight=7566 7430 3199 71 4231 136 3395 99 3128 836 373 463 90 438 2055 1813 171 1642 283 161 51 110 59 1340 69 1986 1280 706 461 253
internal_count=7566 7430 3199 71 4231 136 3395 99 3128 836 373 463 90 438 2055 1813 171 1642 283 161 51 110 59 1340 69 1986 1280 706 461 253
is_linear=0
shrinkage=0.04


Tree=35
num_leaves=31
num_cat=0
split_feature=4 1 14 17 17 9 16 13 20 11 15 4 9 5 14 4 7 7 11 0 11 11 2 2 7 11 0 11 11 7
split_gain=5.1438 4.01636 3.504 3.53143 3.29457 2.6865 3.89425 2.45262 2.98459 2.55504 2.39952 2.27794 2.27435 2.20419 2.7689 1.98576 3.2961 1.9555 3.63804 1.84039 1.67866 1.62266 1.62021 1.56069 1.73013 1.50727 1.47668 1.32815 1.40518 1.94572
threshold=0.75000000000000011 7.1500000000000012 191.50000000000003 0.25881904510252091 -0.25881904510252113 42.500000000000007 87.500000000000014 14.550000000000002 0.81174490092936691 9.9500000000000011 1.0000000180025095e-35 10.350000000000003 83.500000000000014 10.050000000000002 205.50000000000003 12.750000000000002 11.077083333333336 11.712500000000004 16.350000000000005 1.9500000000000002 2.8500000000000001 11.15 5.2500000000000009 3.4500000000000006 7.5312500000000009 15.750000000000002 2.0500000000000003 -1.7499999999999998 12.15 3.6187500000000008
decision_type=2 2 2 2 2 2 2 2 2 2 2 2 2 2 2 2 2 2 2 2 2 2 2 2 2 2 2 2 2 2
left_child=2 4 3 -1 7 6 20 8 -2 -9 25 -10 13 27 21 26 -17 -12 -19 -11 -3 22 -15 -16 -25 -7 -14 -6 -29 -30
right_child=1 5 -4 -5 12 10 -8 9 11 19 17 -13 15 14 23 16 -18 18 -20 -21 -22 -23 -24 24 -26 -27 -28 28 29 -31
leaf_value=-0.0065922224355751289 0.014751867125933151 -0.028056645742734185 0.0015670049651566736 -0.017909830989238859 0.0020610399646678514 0.0095042709530735424 -0.020327439348353495 -0.036533205198696898 -0.0049502002903659388 0.0061384675239463029 -0.0010278028560297343 -0.035352173793719473 -0.0072816063329102136 -0.0175032960268653 -0.040090337788202854 -0.032770110955201437 0.019598635310474927 -0.042284335296703841 0.048930430723848332 -0.013588426540078332 0.01723290446341497 0.0025583264029456964 -0.001674131244461464 0.0083730526033053941 -0.028806176253931969 0.068644159841005928 0.023137076440906661 -0.0093180750998149448 -0.019805097030142146 0.0096179142012152077
leaf_weight=33 1623 39 61 54 199 1279 25 29 240 65 177 26 91 37 31 34 43 27 34 48 121 97 38 28 25 1335 406 993 76 346
leaf_count=33 1623 39 61 54 199 1279 25 29 240 65 177 26 91 37 31 34 43 27 34 48 121 97 38 28 25 1335 406 993 76 346
internal_value=5.74339e-05 0.000203381 -0.00730201 -0.0124091 -0.000558534 0.00132587 -0.00333333 0.00063189 0.00101376 -0.00441958 0.00162916 -0.00290637 -0.00154765 -0.00222341 -0.00566537 0.000653913 -0.00528205 -0.0022092 -0.00832258 -0.00164912 -0.000993789 -0.00272832 -0.00710526 -0.0115765 -0.00718518 0.00197935 0.00158233 -0.0016743 -0.00210452 -0.000170213
internal_weight=7660 7512 148 87 4475 3037 185 2031 1889 142 2852 266 2444 1870 256 574 77 238 61 113 160 172 75 84 53 2614 497 1614 1415 422
internal_count=7660 7512 148 87 4475 3037 185 2031 1889 142 2852 266 2444 1870 256 574 77 238 61 113 160 172 75 84 53 2614 497 1614 1415 422
is_linear=0
shrinkage=0.04


Tree=36
num_leaves=31
num_cat=0
split_feature=4 12 13 14 17 13 18 6 19 5 20 18 19 6 13 8 20 7 17 19 0 14 3 3 4 0 7 14 12 12
split_gain=5.12193 3.78278 3.85373 3.504 3.53143 2.66394 2.29307 2.29107 3.00481 2.03886 2.00207 1.97576 2.03738 2.1322 1.72312 1.64293 1.62961 1.62961 2.25849 1.89501 2.4798 2.03957 1.56306 1.52381 1.42628 3.22866 1.68486 4.63482 1.3776 1.25922
threshold=0.75000000000000011 78.500000000000014 6.3500000000000005 191.50000000000003 0.25881904510252091 6.8500000000000005 0.1294095225512602 2.1499999999999972 -1.0000000180025095e-35 3.9500000000000006 -0.22252093395631442 -0.60355339059327384 0.6078576107927941 3.2499999999999964 8.0500000000000025 0.95000000000000007 -0.56174490092936669 2.4104166666666673 -0.37940952255126065 1.0000000180025095e-35 3.5500000000000003 181.50000000000003 7.0500000000000007 1.5500000000000003 12.350000000000003 7.0500000000000007 11.406250000000002 181.50000000000003 31.500000000000004 85.500000000000014
decision_type=2 2 2 2 2 2 2 2 2 2 2 2 2 2 2 2 2 2 2 2 2 2 2 2 2 2 2 2 2 2
left_child=3 2 11 4 -1 16 10 8 -8 -7 -4 12 13 -2 -11 -10 17 -3 -19 20 -20 22 -22 -17 -9 26 27 -26 -25 -21
right_child=1 5 6 -5 -6 9 7 24 15 14 -12 -13 -14 -15 -16 23 -18 18 19 29 21 -23 -24 28 25 -27 -28 -29 -30 -31
leaf_value=-0.00632853353815212 -0.024095001257514587 -0.026277475830669559 -0.00051652580619670466 0.0015043247665504095 -0.017193437749669305 -0.022881302419826333 0.0088791829483479776 0.016310670851624846 0.0016801876311877259 -0.015226004651845084 -0.015897789048441729 0.022630954017487565 -0.01158117980237118 0.017079177403654815 0.0041045818382278131 -0.0062314498296645229 -0.00034655416318166892 0.019471047952786369 -0.020253148564426556 0.0035028698450102242 -0.0083919401344944196 0.008228852458054367 -0.031060239957225868 -0.0055952348212978901 -0.0021204668342675826 0.0980238631592346 -0.0012333116583912341 -0.028506466674472597 -0.03611550042162294 -0.0092837820748906518
leaf_weight=33 47 34 272 61 54 45 107 842 29 38 307 2428 273 628 52 39 1492 142 50 105 45 46 39 25 32 139 41 27 42 146
leaf_count=33 47 34 272 61 54 45 107 842 29 38 307 2428 273 628 52 39 1492 142 50 105 45 46 39 25 32 139 41 27 42 146
internal_value=4.17702e-05 0.000187409 0.000771358 -0.00730201 -0.0124091 -0.00119195 -0.000668418 0.000250755 -0.00325926 -0.00661765 -0.00276552 0.00158247 3.37199e-05 0.00121302 -0.00307692 -0.00720588 -0.00084 -0.00258553 -0.00206969 -0.00350926 -0.00662983 -0.00366412 -0.00734118 -0.00949533 0.00103882 -0.00168333 -0.00712871 -0.0114 -0.0131176 -0.00125397
internal_weight=7660 7512 5278 148 87 2234 1902 1323 242 135 579 3376 948 675 90 135 2099 607 573 431 180 130 84 106 1081 239 100 59 67 251
internal_count=7660 7512 5278 148 87 2234 1902 1323 242 135 579 3376 948 675 90 135 2099 607 573 431 180 130 84 106 1081 239 100 59 67 251
is_linear=0
shrinkage=0.04


Tree=37
num_leaves=31
num_cat=0
split_feature=0 17 4 5 11 20 7 13 16 11 15 7 14 5 13 6 7 7 4 11 11 20 5 5 9 19 11 9 5 19
split_gain=4.49921 4.18444 4.83321 2.48601 2.45079 2.30729 3.75865 3.12224 3.11688 2.22509 2.22378 2.83539 1.77251 2.42724 2.69559 2.03697 2.57063 1.70542 1.48473 1.51345 2.32113 1.47271 1.36906 1.31136 1.20096 2.02505 1.15968 1.25401 1.92231 1.49007
threshold=7.5500000000000007 -0.25881904510252113 0.65000000000000002 9.9500000000000011 25.550000000000004 0.81174490092936691 9.0729166666666696 14.550000000000002 1142.5000000000002 20.250000000000004 1.0000000180025095e-35 11.712500000000004 205.50000000000003 12.450000000000001 6.8500000000000005 3.3749999999999978 8.0145833333333361 4.5062500000000014 12.450000000000001 11.750000000000002 3.1500000000000008 -0.22252093395631442 7.5500000000000007 2.5500000000000003 40.500000000000007 1.0000000180025095e-35 -1.1499999999999997 76.500000000000014 1.2500000000000002 -1.0000000180025095e-35
decision_type=2 2 2 2 2 2 2 2 2 2 2 2 2 2 2 2 2 2 2 2 2 2 2 2 2 2 2 2 2 2
left_child=1 5 -3 17 12 7 -7 23 -9 10 24 -12 13 14 -5 -14 -17 26 19 20 22 -10 -19 -1 25 -2 -4 28 -28 -30
right_child=9 2 3 4 -6 6 -8 8 21 -11 11 -13 15 -15 -16 16 -18 18 -20 -21 -22 -23 -24 -25 -26 -27 27 -29 29 -31
leaf_value=-0.00037896778456448143 0.015860421150008006 -0.014845927941381678 0.001734640211368905 -0.010379090170820742 0.045051060356131101 -0.0043337676397980146 -0.037857832329308512 -0.031990084958398994 0.0060665007899871372 0.088895646010038867 -0.0048394911875922894 -0.034701910664394084 -0.04175354809277218 0.00073126588944763136 -0.032920317900525575 0.0029494876177309269 -0.026154334618894225 0.016723617564729502 -0.015054821953334147 0.024498483445575252 -0.016379828078322996 -0.012486461534269182 -0.0082365097378376325 0.021526501050506987 0.01484704109215192 -0.049969060197701573 -0.017888129678439457 -0.0010028824125763061 -0.01639461717652178 -0.003778908320185789
leaf_weight=585 81 72 181 81 48 269 29 29 60 816 141 43 29 119 25 43 37 200 67 427 239 48 66 1206 1732 34 39 311 235 368
leaf_count=585 81 72 181 81 48 269 29 29 60 816 141 43 29 119 25 43 37 200 67 427 239 48 66 1206 1732 34 39 311 235 368
internal_value=4.17702e-05 -0.00070378 -0.00179753 -0.00150238 -0.00446997 0.00056758 -0.00270234 0.00107413 -0.00472464 0.00130197 0.00059252 -0.00358919 -0.00568358 -0.00362832 -0.008 -0.00985455 -0.00641975 -0.000969072 0.000236 0.000651661 -0.000830039 -0.00154128 0.00173783 0.00152009 0.00101082 -0.00293103 -0.00202996 -0.002587 -0.00359565 -0.00302649
internal_weight=7660 4813 2587 2515 382 2226 298 1928 137 2847 2031 184 334 225 106 109 80 2133 999 932 505 108 266 1791 1847 115 1134 953 642 603
internal_count=7660 4813 2587 2515 382 2226 298 1928 137 2847 2031 184 334 225 106 109 80 2133 999 932 505 108 266 1791 1847 115 1134 953 642 603
is_linear=0
shrinkage=0.04


Tree=38
num_leaves=31
num_cat=0
split_feature=8 17 4 12 13 7 20 9 8 13 10 0 8 19 11 5 10 7 3 5 12 17 5 4 7 2 12 18 4 9
split_gain=4.44277 3.84428 3.61879 2.71926 3.14693 4.05599 2.41318 2.63523 3.71375 2.37403 2.05787 2.08693 2.00512 2.932 1.74344 1.73862 2.30527 2.12844 2.35711 2.76888 1.94671 1.68302 1.66065 1.63977 3.07537 1.64131 1.60483 3.72741 1.50912 1.85111
threshold=11.350000000000003 -0.25881904510252113 0.65000000000000002 56.500000000000007 6.5500000000000007 3.5437500000000002 0.81174490092936691 60.500000000000007 5.7500000000000009 18.750000000000004 3.8500000000000001 4.8500000000000005 3.2500000000000004 -0.60785761079279388 -1.1499999999999997 9.0500000000000025 11.15 3.0145833333333334 1.2500000000000002 2.1500000000000008 84.500000000000014 0.12940952255126045 2.5500000000000003 9.3500000000000032 7.2395833333333348 4.5500000000000007 77.500000000000014 0.1294095225512602 4.3500000000000005 101.50000000000001
decision_type=2 2 2 2 2 2 2 2 2 2 2 2 2 2 2 2 2 2 2 2 2 2 2 2 2 2 2 2 2 2
left_child=1 6 -3 12 14 -6 9 8 -8 22 11 28 13 -4 -5 17 21 18 -16 20 -20 -17 26 24 25 -23 -1 -28 -9 -30
right_child=-2 2 3 4 5 -7 7 10 -10 -11 -12 -13 -14 -15 15 16 -18 -19 19 -21 -22 23 -24 -25 -26 -27 27 -29 29 -31
leaf_value=0.0062923451598002056 0.027800489660412247 -0.013697837772239938 -0.037741873359584156 0.002787877055529932 0.0010204334603754765 -0.016645879531776108 0.0027357812491175769 0.0034789092810199192 -0.033255041792722768 -0.014936999309360478 0.011247493617868722 0.062819646304885263 0.013429940459751294 -0.00076526946507625318 0.011726394297000316 -0.014076667630334392 0.00069583574809205175 -0.00052136834300325766 -0.016936434816001985 -0.0090350176018593516 -0.0045041023482641582 -0.011022455990440697 0.020025476164226709 -0.0069798426427874352 -0.026674663876775733 -0.00099314283013701124 0.0064468096949758663 -0.039302056213886119 -0.022009053872704822 -0.007642509260702912
leaf_weight=493 1905 85 40 305 112 205 31 26 32 42 124 53 817 148 44 60 105 891 46 135 26 37 1497 55 51 44 126 53 42 30
leaf_count=493 1905 85 40 305 112 205 31 26 32 42 124 53 817 148 44 60 105 891 46 135 26 37 1497 55 51 44 126 53 42 30
internal_value=3.65489e-05 -0.00051772 -0.00143935 -0.00121589 -0.00202929 -0.00569811 0.000641569 -0.00250147 -0.0098125 0.00112297 -0.000797101 -0.00392105 0.000497018 -0.00321693 -0.00138 -0.00194247 -0.0043966 -0.00118285 -0.00442857 -0.00621154 -0.0124932 -0.0065 0.00130691 -0.0083617 -0.0107669 -0.00580488 -0.000344725 -0.00357778 -0.00735354 -0.0103014
internal_weight=7660 5755 3206 3121 2116 317 2549 338 63 2211 275 151 1005 188 1799 1494 352 1142 251 207 72 247 2169 187 132 81 672 179 98 72
internal_count=7660 5755 3206 3121 2116 317 2549 338 63 2211 275 151 1005 188 1799 1494 352 1142 251 207 72 247 2169 187 132 81 672 179 98 72
is_linear=0
shrinkage=0.04


Tree=39
num_leaves=31
num_cat=0
split_feature=8 17 4 20 7 18 1 5 7 19 4 13 5 7 8 8 7 13 7 4 11 10 13 12 10 2 20 4 19 12
split_gain=4.23404 3.86732 3.47811 2.72801 3.63104 2.01031 2.54266 1.80637 2.49716 1.9429 1.83957 1.80633 2.24893 1.74659 1.62574 1.60661 1.49282 2.78519 1.43911 1.29135 1.42007 1.19836 1.1803 1.60601 1.95464 1.12357 2.36177 1.80818 1.04455 1.01751
threshold=8.8500000000000032 -0.25881904510252113 0.65000000000000002 0.81174490092936691 9.0729166666666696 0.1294095225512602 7.1500000000000012 9.2500000000000018 11.189583333333337 -0.8783796973249266 10.550000000000002 11.350000000000003 10.750000000000002 2.1687500000000006 18.950000000000003 6.2500000000000009 5.1562500000000009 5.0500000000000007 10.089583333333335 4.0500000000000007 -1.1499999999999997 12.65 14.250000000000002 80.500000000000014 5.2500000000000009 4.8500000000000005 -0.56174490092936669 1.9500000000000002 0.87837969732492682 77.500000000000014
decision_type=2 2 2 2 2 2 2 2 2 2 2 2 2 2 2 2 2 2 2 2 2 2 2 2 2 2 2 2 2 2
left_child=1 3 -3 11 -5 6 -2 15 9 -9 16 21 13 -13 29 19 17 -11 -17 20 -4 -1 23 -21 -25 -22 -27 -28 -15 -8
right_child=5 2 7 4 -6 -7 14 8 -10 10 -12 12 -14 28 -16 18 -18 -19 -20 22 25 -23 -24 24 -26 26 27 -29 -30 -31
leaf_value=0.016914167225711974 -0.019567244228852459 -0.013420524077060472 0.00086806800079372614 -0.0039950642147965889 -0.031010717415656697 0.046770522855118138 0.014257566062702325 0.0096584583899092889 0.018237845898764246 -0.0042376530601293252 -0.032071187201716408 -0.016302948842457931 -0.016275415156695283 0.0067654573683901022 0.086716460676002943 0.0036379813420746665 -0.0055375725284747572 -0.033741042165277561 -0.027369819487720402 0.021079686016040391 -0.008120594459922274 -0.015802223222605466 -0.016717884256041364 -0.018853796432738334 -0.00028690623524370063 -0.039994586613181837 -0.015190865399640518 0.00069532675946893524 -0.0042838278112953031 -0.0041798078385286812
leaf_weight=1628 68 80 160 254 42 1050 930 65 78 42 39 48 25 173 332 604 239 36 25 342 583 25 30 37 139 25 30 56 33 442
leaf_count=1628 68 80 160 254 42 1050 930 65 78 42 39 48 25 173 332 604 239 36 25 342 583 25 30 37 139 25 30 56 33 442
internal_value=4.69914e-05 -0.000671213 -0.00171582 0.000552714 -0.00301683 0.00127807 0.000455725 -0.00145397 -0.003608 -0.00482464 -0.00598319 0.00110088 -0.00187143 -0.000721568 0.000760117 -0.000923228 -0.0049434 -0.00972152 0.000755556 -0.00167641 -0.00264795 0.00160339 -0.000160291 0.000292871 -0.00280226 -0.00343022 -0.00710714 -0.00386207 0.000888889 0.000151493
internal_weight=7660 4838 2610 2228 296 2822 1772 2530 499 421 356 1932 279 254 1704 2031 317 78 629 1402 854 1653 548 518 176 694 111 86 206 1372
internal_count=7660 4838 2610 2228 296 2822 1772 2530 499 421 356 1932 279 254 1704 2031 317 78 629 1402 854 1653 548 518 176 694 111 86 206 1372
is_linear=0
shrinkage=0.04


Tree=40
num_leaves=31
num_cat=0
split_feature=4 18 16 13 2 12 4 2 7 11 13 15 6 9 14 10 4 8 12 11 4 9 12 20 11 19 3 10 12 7
split_gain=5.12619 3.05716 3.42126 2.62047 3.17207 2.41124 2.33798 2.24146 2.81249 2.08348 1.97131 1.9825 2.04149 2.3534 1.85675 1.67197 2.42164 2.6569 2.76125 1.921 1.38897 1.8149 1.36827 1.35657 1.23399 1.16032 1.06208 2.14124 1.14078 1.04476
threshold=7.0500000000000007 -0.60355339059327384 32.500000000000007 15.15 1.9500000000000002 90.500000000000014 0.65000000000000002 3.1500000000000008 5.9395833333333341 25.950000000000003 7.3500000000000005 0.15000000000000005 5.3916666666666631 62.500000000000007 192.50000000000003 4.4500000000000011 12.050000000000002 10.550000000000002 32.500000000000007 18.850000000000005 3.0500000000000003 88.500000000000014 46.500000000000007 0.81174490092936691 -1.5499999999999998 -1.0000000180025095e-35 2.0500000000000003 6.9500000000000011 66.500000000000014 2.8479166666666669
decision_type=2 2 2 2 2 2 2 2 2 2 2 2 2 2 2 2 2 2 2 2 2 2 2 2 2 2 2 2 2 2
left_child=1 2 29 5 22 7 -4 8 20 10 11 -2 -13 -14 25 16 -12 18 -18 -20 21 23 -5 26 -8 -7 -3 28 -28 -1
right_child=9 3 6 4 -6 14 24 -9 -10 -11 15 12 13 -15 -16 -17 17 -19 19 -21 -22 -23 -24 -25 -26 -27 27 -29 -30 -31
leaf_value=-0.0059294085844924047 0.026203790676364594 -0.0034685666386305054 -0.01458843375951783 0.0061755412597440731 -0.01622901186361185 -0.01476955496983081 0.001570714068482314 0.006323948724641662 -0.02609699711952462 0.078627814206380528 0.012159523168967529 0.020165197169223967 -0.028131413051325584 -0.0062406965982596575 0.011052016765671481 -0.01872814164150622 -0.02947946915795065 0.11783154734470275 -0.019998254861102144 0.027743956711578234 0.0041163234833737324 0.011608084969892685 -0.012454105912610869 0.0027270415830081573 -0.014829541526874076 -0.0064316122889479599 0.012335761108147892 -0.025665545592034419 -0.014373560622258537 0.0047707967002936788
leaf_weight=88 1833 235 49 50 46 27 104 1601 46 493 319 38 26 51 27 143 30 58 34 30 548 92 26 67 863 35 46 47 53 461
leaf_count=88 1833 235 49 50 46 27 104 1601 46 493 319 38 26 51 27 143 30 58 34 30 548 92 26 67 863 35 46 47 53 461
internal_value=2.43163e-05 -0.000832447 -0.00226054 -7.32947e-05 -0.00578862 0.000175575 -0.00363422 0.000387427 -0.000972687 0.00128927 0.000830277 0.00145305 -0.00362069 -0.00733333 -0.00626667 -0.00114472 8.47472e-06 -0.00413072 -0.00825263 -0.00344615 -0.00055831 -0.0019963 -0.000727273 -0.00304677 -0.00319421 -0.0100317 -0.00396859 -0.00663946 -0.00324 0.000283637
internal_weight=7566 4511 1565 2946 122 2824 1016 2735 1134 3055 2562 1948 115 77 89 614 471 152 94 64 1088 540 76 448 967 62 381 146 99 549
internal_count=7566 4511 1565 2946 122 2824 1016 2735 1134 3055 2562 1948 115 77 89 614 471 152 94 64 1088 540 76 448 967 62 381 146 99 549
is_linear=0
shrinkage=0.04


Tree=41
num_leaves=31
num_cat=0
split_feature=4 7 4 10 5 0 6 14 3 4 3 20 4 13 10 13 9 4 7 12 20 9 4 12 17 11 8 5 1 11
split_gain=4.60374 2.48418 3.44108 2.31486 2.12368 2.86934 2.5512 1.99997 1.93344 1.92027 3.65687 2.03974 1.92545 1.7386 2.00392 1.72399 1.54083 1.48242 1.30417 1.24111 1.2018 1.19659 1.67007 1.17149 1.59734 1.50587 1.39141 1.96695 3.02201 1.37782
threshold=3.5500000000000003 13.164583333333335 18.350000000000005 0.75000000000000011 9.5500000000000025 2.9500000000000006 6.2249999999999979 86.500000000000014 9.5500000000000025 1.3500000000000003 5.2500000000000009 -0.56174490092936669 0.8500000000000002 5.6500000000000012 0.95000000000000007 2.7500000000000004 91.500000000000014 13.850000000000003 5.1562500000000009 84.500000000000014 -0.22252093395631442 51.500000000000007 7.8500000000000005 55.500000000000007 -0.37940952255126065 -1.1499999999999997 3.8500000000000001 3.9500000000000006 2.4500000000000006 11.750000000000002
decision_type=2 2 2 2 2 2 2 2 2 2 2 2 2 2 2 2 2 2 2 2 2 2 2 2 2 2 2 2 2 2
left_child=3 2 7 -1 6 -6 9 19 -7 10 11 12 -5 23 -15 20 21 -18 -11 -2 -13 22 -16 26 -25 -26 27 -9 -29 -27
right_child=1 -3 -4 4 5 8 -8 13 -10 18 -12 15 -14 14 16 -17 17 -19 -20 -21 -22 -23 -24 24 25 29 -28 28 -30 -31
leaf_value=0.016543907122882204 0.052469472254922649 0.11639604463997293 -0.017274122194021382 -0.01342885445855941 -0.023259772411876999 -0.0072555088679404555 0.0081046523668766232 0.034420157566656957 -0.023061303228193726 -0.0028158078804450455 -0.014319968103922545 -0.0096378098594301197 -0.0077966737639628353 0.0085658125845662122 -0.020283705512426413 0.002538818917093409 0.022311568528942668 -0.02041292261726509 -0.028452623483744367 -0.017587785859911945 -0.005329372303864599 -0.0095976474903001225 -0.0023048046082177974 0.027115284607433982 0.028178435144750939 -0.0070395562328610228 0.040545549165925746 0.0035747040890073446 -0.037416081733512664 0.0055704597842861905
leaf_weight=117 689 660 38 27 45 161 390 46 28 1140 25 31 48 426 29 145 152 29 42 44 45 772 25 619 166 652 611 31 26 307
leaf_count=117 689 660 38 27 45 161 390 46 28 1140 25 31 48 426 29 145 152 29 42 44 45 772 25 619 166 652 611 31 26 307
internal_value=2.96024e-05 0.000670299 0.000344843 -0.00148953 -0.00179135 -0.00537872 -0.0013453 0.000444541 -0.00317895 -0.00209308 -0.0048323 -0.00355556 -0.00921053 8.32478e-05 -0.00102371 -0.0016036 -0.00199603 0.00134066 -0.00134573 0.00235967 -0.00644156 -0.00272793 -0.00843636 0.000728752 0.000169628 -0.000728241 0.00209231 -0.00219231 -0.00710345 -0.0013375
internal_weight=7566 5322 4662 2244 2127 234 1893 4624 189 1503 321 296 75 3891 1433 221 1007 181 1182 733 76 826 54 2458 1744 1125 714 103 57 959
internal_count=7566 5322 4662 2244 2127 234 1893 4624 189 1503 321 296 75 3891 1433 221 1007 181 1182 733 76 826 54 2458 1744 1125 714 103 57 959
is_linear=0
shrinkage=0.04


Tree=42
num_leaves=31
num_cat=0
split_feature=9 0 17 2 12 11 16 19 18 1 13 13 13 7 5 11 13 5 15 13 16 1 13 9 14 18 11 13 5 2
split_gain=4.08238 3.61799 3.76609 2.52301 2.86391 2.63153 2.54406 1.84962 3.91381 3.06028 2.10455 2.01399 1.78418 1.76845 1.86074 1.61379 1.58602 2.11147 1.42137 1.20888 2.20732 1.52334 1.34981 2.35385 1.31527 1.19388 3.00205 1.79984 1.8237 1.37525
threshold=89.500000000000014 10.15 -0.5 3.1500000000000008 49.500000000000007 -0.94999999999999984 27.500000000000004 -1.0000000180025095e-35 0.25881904510252057 1.7500000000000002 8.2500000000000018 11.65 18.450000000000003 2.7812500000000004 7.2500000000000009 9.5500000000000025 8.0500000000000025 9.8500000000000032 0.25000000000000006 7.1500000000000012 122.50000000000001 9.9500000000000011 2.9500000000000006 41.500000000000007 168.50000000000003 0.78656609248549303 5.4500000000000011 5.5500000000000007 6.9500000000000011 2.1500000000000008
decision_type=2 2 2 2 2 2 2 2 2 2 2 2 2 2 2 2 2 2 2 2 2 2 2 2 2 2 2 2 2 2
left_child=1 2 16 7 -5 -6 -7 8 9 -4 13 25 -2 -11 -15 -13 -1 -18 -3 21 -21 22 23 -8 -25 27 29 -9 -29 -27
right_child=12 18 3 4 5 6 19 11 -10 10 -12 15 -14 14 -16 -17 17 -19 -20 20 -22 -23 -24 24 -26 26 -28 28 -30 -31
leaf_value=0.011401981845040139 0.025768066171831427 0.024479930985574067 -0.0063421007892771322 0.016551808906209175 0.0029284621454299894 0.0035284431571515956 -0.041255394647317235 0.0054742494018046707 -0.0039635326942233078 -0.011014074985837726 -0.0038517644079258712 -0.0333798497838112 -0.0052935343477933418 -0.02625155033251101 -0.032976012012665722 -0.0028346613984805008 -0.0041776838380213743 -0.014800744903849932 -0.0098891156169625301 -0.030679391545747579 -0.014585681693240427 -0.026785631722232216 -0.0040451623008924929 0.00032259363255597839 -0.013059306880678143 -0.0078006317990508313 0.013934729509627472 7.1267357185188823e-05 -0.011148426807418425 -0.015078978899412721
leaf_weight=1163 1453 1336 50 391 305 319 25 242 237 39 27 34 37 33 25 33 302 26 46 26 126 50 706 107 144 64 81 67 36 36
leaf_count=1163 1453 1336 50 391 305 319 25 242 237 39 27 34 37 33 25 33 302 26 46 26 126 50 706 107 144 64 81 67 36 36
internal_value=5.60329e-05 -0.000404147 -0.000933759 -0.00170662 -0.000947273 -0.00161857 -0.00230585 -0.00336716 -0.00542718 -0.00996571 -0.013312 -0.00193266 0.00193159 -0.0160408 -0.0204746 -0.00841176 0.000726542 -0.00172644 0.00139407 -0.00315949 -0.00648366 -0.00266408 -0.00231129 -0.0046787 -0.00347619 -0.00109298 -0.00371429 0.000289017 -0.00411538 -0.00831683
internal_weight=7566 6076 4694 3203 2199 1808 1503 1004 411 174 124 593 1490 97 58 67 1491 328 1382 1184 152 1032 982 276 251 526 181 345 103 100
internal_count=7566 6076 4694 3203 2199 1808 1503 1004 411 174 124 593 1490 97 58 67 1491 328 1382 1184 152 1032 982 276 251 526 181 345 103 100
is_linear=0
shrinkage=0.04


Tree=43
num_leaves=31
num_cat=0
split_feature=4 5 10 17 4 13 0 7 17 7 12 18 11 4 16 13 11 9 12 16 8 13 11 6 9 8 13 18 10 7
split_gain=4.36898 4.14547 3.08933 2.55563 2.65347 2.22547 2.08638 2.53842 3.17048 3.42677 2.05679 2.38926 2.72239 3.04421 1.98134 1.85831 1.81168 2.57373 1.81062 1.79862 2.54127 1.50959 1.95437 1.43693 1.32159 1.25224 1.26334 3.26176 1.54334 1.97467
threshold=7.0500000000000007 16.350000000000005 7.1500000000000012 -0.5 0.65000000000000002 15.550000000000002 10.250000000000002 7.8145833333333341 0.25881904510252091 8.5062500000000032 76.500000000000014 0.25881904510252057 2.8500000000000001 8.0500000000000025 1497.5000000000002 10.450000000000001 16.950000000000003 94.500000000000014 90.500000000000014 22.500000000000004 6.9500000000000011 5.2500000000000009 15.350000000000003 9.9916666666666654 42.500000000000007 4.5500000000000007 7.1500000000000012 -0.5 4.9500000000000011 4.9104166666666682
decision_type=2 2 2 2 2 2 2 2 2 2 2 2 2 2 2 2 2 2 2 2 2 2 2 2 2 2 2 2 2 2
left_child=1 3 -3 5 -5 -1 7 18 -9 -10 15 -12 -13 -14 -7 24 17 -17 23 -20 -21 -8 -23 25 -2 -6 -27 -28 -29 -30
right_child=10 2 -4 4 6 14 21 8 9 -11 11 12 13 -15 -16 16 -18 -19 19 20 -22 22 -24 -25 -26 26 27 28 29 -31
leaf_value=0.0085193373207672011 -0.063223513150345884 -0.024704667580536747 -0.026827219655968852 -0.01140690225772271 -0.0041301958196062654 -0.025164608204091291 0.026780189789450373 0.01048839386374731 -0.025056229564666563 -0.0043936703876207598 0.0058025203984210646 0.015733855165518302 -0.029010793765107522 -0.026499633955259651 0.0005077480157514824 -0.033285862760454629 0.0048763797600808977 0.033795812455773011 0.0025850721817610419 -0.023505818280428758 0.0035943009160863881 -0.033285602311217299 0.023834478904621481 -0.037034323070543627 0.040432521195280374 0.0022103744244093564 -0.026760523162123875 0.017770319692410597 -0.0099825706336283942 0.0019075100575152919
leaf_weight=1178 33 38 57 95 1014 32 366 32 27 40 478 67 34 99 35 65 320 39 46 54 26 36 54 33 1920 1137 39 108 31 33
leaf_count=1178 33 38 57 95 1014 32 366 32 27 40 478 67 34 99 35 65 320 39 46 54 26 36 54 33 1920 1137 39 108 31 33
internal_value=5.60329e-05 -0.000734929 -0.00895833 -0.000556033 -0.00115889 0.000979133 -0.000954176 -0.00138878 -0.00764 -0.0125294 0.00122382 -0.000718704 -0.00437811 -0.00767164 -0.00605882 0.00177796 -0.000621176 -0.00518095 -0.00114036 -0.00579528 -0.00938272 0.00154048 -0.00307692 -0.000893155 0.00229887 -0.000775285 2.37214e-05 -0.00281132 -0.000416185 -0.00529231
internal_weight=7566 4511 95 4416 3171 1245 3076 2620 99 67 3055 678 200 133 67 2377 424 104 2521 126 80 456 90 2395 1953 2362 1348 211 172 64
internal_count=7566 4511 95 4416 3171 1245 3076 2620 99 67 3055 678 200 133 67 2377 424 104 2521 126 80 456 90 2395 1953 2362 1348 211 172 64
is_linear=0
shrinkage=0.04


Tree=44
num_leaves=31
num_cat=0
split_feature=4 5 10 13 17 2 0 7 17 7 11 13 15 6 9 10 4 0 12 11 4 14 9 3 5 9 14 8 11 14
split_gain=4.04018 4.20832 3.08933 2.28322 2.76269 2.61354 2.42235 2.32481 3.09685 3.06653 2.07929 1.94559 1.66283 1.86006 1.89984 1.6148 2.3237 3.84969 2.9 1.93507 1.57086 2.13561 2.0508 2.45057 1.72455 3.49289 2.04116 1.63328 1.55808 1.39725
threshold=7.0500000000000007 16.350000000000005 7.1500000000000012 15.550000000000002 -0.5 1.9500000000000002 10.250000000000002 7.8145833333333341 0.25881904510252091 8.5062500000000032 25.950000000000003 7.3500000000000005 0.15000000000000005 5.3916666666666631 62.500000000000007 4.4500000000000011 12.050000000000002 8.6500000000000004 32.500000000000007 18.850000000000005 1.3500000000000003 182.50000000000003 54.500000000000007 3.4500000000000006 6.9500000000000011 41.500000000000007 133.50000000000003 5.0500000000000007 10.15 160.50000000000003
decision_type=2 2 2 2 2 2 2 2 2 2 2 2 2 2 2 2 2 2 2 2 2 2 2 2 2 2 2 2 2 2
left_child=1 3 -3 4 -1 28 7 20 -9 -10 11 12 -2 -14 -15 16 -13 18 -18 -20 21 22 -6 29 25 -22 27 -26 -5 -24
right_child=10 2 -4 5 6 -7 -8 8 9 -11 -12 15 13 14 -16 -17 17 -19 19 -21 24 -23 23 -25 26 -27 -28 -29 -30 -31
leaf_value=0.0081785638279365143 0.022919210940387937 -0.023716480877315271 -0.025754130869730094 -0.014195287855743271 0.0073332346643456602 -0.01571191510574654 0.016522005672450345 0.010068858109197412 -0.02423508840465198 -0.0048918393509388702 0.070728730334810974 0.0094043156253617987 0.018159051771421977 -0.024806332817958614 -0.0067573926197636407 -0.018044221685343715 -0.029593483668962039 0.13766228486153936 -0.017755413018995986 0.025182714286671709 -0.024495891816963412 -0.002717779319309502 -0.001886906660594424 -0.013129086797421037 -0.019601212679598315 0.00052976713512058605 -0.0052957685560744636 -0.011650511744426374 0.0059284477073674258 -0.010465169369981389
leaf_weight=1178 1833 38 57 27 35 49 458 32 26 39 493 319 38 26 51 143 33 58 33 28 25 174 49 38 26 1535 591 32 56 46
leaf_count=1178 1833 38 57 27 35 49 458 32 26 39 493 319 38 26 51 143 33 58 33 28 25 174 49 38 26 1535 591 32 56 46
internal_value=8.77496e-05 -0.000672872 -0.00895833 -0.000492642 -0.000332322 -0.00565414 -0.000957837 -0.00142242 -0.00746939 -0.0124242 0.00121073 0.000752244 0.00137096 -0.00327586 -0.00682051 -0.00120976 -7.6271e-05 -0.00413072 -0.00909474 -0.00380645 -0.00118965 -0.00370845 -0.00691124 -0.00916418 -0.00079819 -7.68736e-05 -0.00252923 -0.00962712 -0.00128571 -0.005625
internal_weight=7566 4511 95 4416 4284 132 3106 2648 97 65 3055 2562 1948 115 77 614 471 152 94 61 2551 342 168 133 2209 1560 649 58 83 95
internal_count=7566 4511 95 4416 4284 132 3106 2648 97 65 3055 2562 1948 115 77 614 471 152 94 61 2551 342 168 133 2209 1560 649 58 83 95
is_linear=0
shrinkage=0.04


Tree=45
num_leaves=31
num_cat=0
split_feature=4 5 8 12 13 5 13 19 9 4 17 7 12 9 5 9 5 19 15 6 3 5 5 3 9 5 7 14 16 7
split_gain=3.66624 2.58197 3.23978 2.61842 1.93304 1.82844 1.68368 2.43094 2.18735 2.82473 1.67796 1.84399 1.72587 2.33377 1.65279 1.91409 1.54132 1.85953 1.49931 1.44573 1.20504 2.44738 2.24402 1.19204 1.92389 1.18986 2.78928 1.30497 1.17539 1.1473
threshold=7.2500000000000009 9.4500000000000011 16.550000000000004 89.500000000000014 15.550000000000002 16.650000000000002 5.0500000000000007 -0.60785761079279388 71.500000000000014 3.5500000000000003 -0.60355339059327362 3.9520833333333338 15.500000000000002 77.500000000000014 6.7500000000000009 41.500000000000007 1.2500000000000002 -0.60785761079279388 1.0000000180025095e-35 6.4749999999999979 3.5500000000000003 7.6500000000000012 11.950000000000001 9.8500000000000032 61.500000000000007 1.2500000000000002 2.7062500000000007 179.50000000000003 1207.5000000000002 13.043750000000001
decision_type=2 2 2 2 2 2 2 2 2 2 2 2 2 2 2 2 2 2 2 2 2 2 2 2 2 2 2 2 2 2
left_child=1 4 3 5 10 6 -3 -8 9 -9 -1 12 -12 25 15 -13 -6 -18 20 -16 21 -2 -23 -20 -25 26 27 -14 -19 -26
right_child=18 2 -4 -5 16 -7 7 8 -10 -11 11 14 13 -15 19 -17 17 28 23 -21 -22 22 -24 24 29 -27 -28 -29 -30 -31
leaf_value=0.009431881486486016 0.024738449637311741 -0.0015618200353753695 0.055828049065854535 -0.0094812683652874957 0.0034873629365957805 -0.023299729750913101 0.0084611767888064272 -0.024687138243915704 -0.011785450978073557 -0.015376344962038078 -0.030797960497017291 -0.038502663358008789 -0.028993850148801733 0.0027931820219330283 -0.011176323726381521 0.0089567078754970806 0.0069681365731823867 -0.028022802092397076 0.0028084526781036357 0.0055243373734098636 0.02423849095712793 -0.015193850782114809 0.00046110706272761817 -0.021135277376878096 -0.017711260041248178 -0.0050664916076493963 0.014531057785023869 -0.013938322228151374 -0.0063872518349874065 0.015247874425461622
leaf_weight=992 148 318 97 40 25 49 49 37 67 43 28 27 28 337 267 1019 30 28 160 238 2450 41 40 26 61 762 31 28 46 35
leaf_count=992 148 318 97 40 25 49 49 37 67 43 28 27 28 337 267 1019 30 28 160 238 2450 41 40 26 61 762 31 28 46 35
internal_value=0.000146794 -0.000561587 -0.00279601 -0.00388742 -0.000158477 -0.00317021 -0.00245437 -0.00536041 -0.00791892 -0.0123457 7.45092e-06 -0.000498915 -0.00166584 -0.00142881 0.000414949 0.00132187 -0.00495385 -0.00708571 0.00124375 -0.00146245 0.00153582 -0.00123478 -0.00678049 -0.0015265 -0.0044878 -0.00254588 -0.00695455 -0.0122105 -0.0104533 -0.00181443
internal_weight=7547 4586 700 603 3886 563 514 196 147 80 3757 2765 1214 1186 1551 1046 129 104 2961 505 2679 229 81 282 122 849 87 56 74 96
internal_count=7547 4586 700 603 3886 563 514 196 147 80 3757 2765 1214 1186 1551 1046 129 104 2961 505 2679 229 81 282 122 849 87 56 74 96
is_linear=0
shrinkage=0.04


Tree=46
num_leaves=31
num_cat=0
split_feature=4 14 7 13 8 8 12 17 8 16 14 7 5 1 0 2 2 3 14 5 3 10 7 18 12 16 5 8 20 18
split_gain=3.31506 2.18486 2.42768 2.18139 2.11697 1.78246 1.80215 2.13082 2.09133 1.89722 1.79168 1.81481 3.02175 1.44009 1.38929 1.37436 1.61922 1.78003 1.31821 1.32582 1.55806 2.25969 1.45606 1.40308 1.40048 1.14178 1.50726 1.99362 1.66772 2.01913
threshold=3.2500000000000004 179.50000000000003 6.9625000000000012 18.350000000000005 4.5500000000000007 19.450000000000003 54.500000000000007 -0.60355339059327362 4.1500000000000012 32.500000000000007 157.50000000000003 5.022916666666668 4.1500000000000012 7.7500000000000009 2.4500000000000006 7.2500000000000009 8.5500000000000025 9.0500000000000025 90.500000000000014 5.4500000000000011 2.5500000000000003 9.4500000000000011 2.0416666666666674 0.37940952255126048 89.500000000000014 812.50000000000011 6.8500000000000005 14.65 -0.22252093395631442 -0.5
decision_type=2 2 2 2 2 2 2 2 2 2 2 2 2 2 2 2 2 2 2 2 2 2 2 2 2 2 2 2 2 2
left_child=1 2 13 5 -5 6 8 15 10 -9 -2 12 -12 18 -14 -8 17 -17 -1 22 -21 -22 23 -20 -24 26 27 -11 -28 -30
right_child=3 -3 -4 4 -6 -7 7 9 -10 25 11 -13 14 -15 -16 16 -18 -19 19 20 21 -23 24 -25 -26 -27 28 -29 29 -31
leaf_value=0.00044061647958802935 0.05102951117828812 0.00010986229664834566 -0.022428160642835603 0.0015311685714560128 -0.015033841593791676 0.088089206945844975 0.026054900510801945 0.0091809288339533696 0.0310819349794185 0.00099220360013876517 -0.0067411093943524313 0.00024150018018007961 -0.013991807700461068 0.0053847559032712301 -0.041656236948385682 -0.0065404232043979682 0.0095341402233985583 -0.026963750014691423 -0.0030355715658637282 -0.0033663928445526303 -0.015752884139367981 -0.00098388057407471888 -0.0016327292850909282 -0.023352444986073032 -0.025831203489545328 -0.036802981204756537 -0.0027358464096259786 -0.032538453546552083 -0.02000563279773588 -0.0038727497393397452
leaf_weight=175 128 1075 28 33 30 441 567 560 1766 582 105 188 26 123 26 62 217 30 45 67 71 36 320 30 28 25 315 36 206 206
leaf_count=175 128 1075 28 33 30 441 567 560 1766 582 105 188 26 123 26 62 217 30 45 67 71 36 320 30 28 25 315 36 206 206
internal_value=0.000152093 -0.00124462 -0.002671 0.000655135 -0.0066875 0.00074066 0.00052715 -0.000148201 0.00137321 -0.00089073 -0.000987342 -0.00248555 -0.00564557 -0.00229911 -0.013434 0.00148689 -0.000658064 -0.00507527 -0.0029392 -0.00383278 -0.00676571 -0.00974074 -0.00261321 -0.00763158 -0.00151289 -0.0016922 -0.00153046 -7.75443e-05 -0.00276374 -0.00443584
internal_weight=7547 1998 923 5549 63 5486 5045 2806 2239 1930 473 345 157 895 52 876 309 92 772 597 174 107 423 75 348 1370 1345 618 727 412
internal_count=7547 1998 923 5549 63 5486 5045 2806 2239 1930 473 345 157 895 52 876 309 92 772 597 174 107 423 75 348 1370 1345 618 727 412
is_linear=0
shrinkage=0.04


Tree=47
num_leaves=31
num_cat=0
split_feature=0 10 13 5 7 20 11 11 4 12 2 19 8 9 19 15 5 1 13 11 11 7 8 5 16 11 11 19 18 16
split_gain=3.05614 2.12608 2.79522 2.06797 2.74349 2.52093 5.25411 3.71216 2.02668 2.01867 1.94283 1.79838 1.67935 1.84923 1.87626 1.81221 1.91009 1.66691 2.38728 1.60063 1.56751 1.32732 1.33416 1.63899 1.24014 1.20794 1.09078 1.00133 1.28602 1.01126
threshold=8.2500000000000018 0.75000000000000011 15.550000000000002 9.9500000000000011 10.88541666666667 1.0000000180025095e-35 8.0500000000000025 11.15 3.0500000000000003 41.500000000000007 4.6500000000000012 -0.60785761079279388 19.450000000000003 40.500000000000007 1.0000000180025095e-35 0.15000000000000005 6.6500000000000012 1.0500000000000003 5.9500000000000011 3.7500000000000004 25.950000000000003 9.8520833333333346 5.2500000000000009 4.9500000000000011 367.50000000000006 17.150000000000002 1.2500000000000002 -0.60785761079279388 -0.3794095225512602 32.500000000000007
decision_type=2 2 2 2 2 2 2 2 2 2 2 2 2 2 2 2 2 2 2 2 2 2 2 2 2 2 2 2 2 2
left_child=1 -1 3 8 5 19 -7 -8 20 -2 -9 -4 13 14 25 27 -17 18 -10 26 -3 -19 -23 -24 -12 -11 -5 -15 29 -29
right_child=9 2 11 4 -6 6 7 10 17 12 24 -13 -14 15 -16 16 -18 21 -20 -21 -22 22 23 -25 -26 -27 -28 28 -30 -31
leaf_value=0.016352552237254493 0.091901117281699599 -0.0025186857753941171 0.005633887456563993 0.00035429196857935644 0.02156166259702462 0.00036301181186311948 -0.035895428336173582 -0.017248926131268227 0.0041339198656540187 0.061937157399876458 -0.041203112613217865 -0.014251880396872045 0.073531406528615978 0.040542898401450485 -0.05254846897363568 0.0016117933782523188 -0.012272767502607038 0.0055639734455404681 -0.023709022405966472 0.00084452254177286735 -0.023501307111699371 0.0053701033801894938 -0.039397785006973253 -0.015685868777717979 -0.012063863367172809 -0.064251153166457631 -0.014799954406205731 0.023043255959916038 0.013616229193012364 -0.016307359986208379
leaf_weight=611 589 1302 34 25 93 98 30 34 45 47 37 101 314 381 29 49 46 2251 39 202 26 40 29 65 25 25 32 175 392 381
leaf_count=611 589 1302 34 25 93 98 30 34 45 47 37 101 314 381 29 49 46 2251 39 202 26 40 29 65 25 25 32 175 392 381
internal_value=0.000178591 -0.000375781 -0.000675981 -0.000500228 -0.00273137 -0.00394215 -0.00704 -0.0124094 -0.000161137 0.00134706 -0.00841237 -0.00632353 0.000693478 0.000144168 -0.00505882 0.000516491 -0.00479167 0.000516599 -0.00498824 -0.00124615 -0.00142062 0.00071249 -0.00314074 -0.00572632 -0.0125714 -0.00153425 -0.00710345 0.000899248 0.000202318 -0.00103411
internal_weight=7547 5119 4508 4373 576 483 224 126 3797 2428 96 135 1839 1525 101 1424 95 2469 84 259 1328 2385 134 94 62 72 57 1329 948 556
internal_count=7547 5119 4508 4373 576 483 224 126 3797 2428 96 135 1839 1525 101 1424 95 2469 84 259 1328 2385 134 94 62 72 57 1329 948 556
is_linear=0
shrinkage=0.04


Tree=48
num_leaves=31
num_cat=0
split_feature=4 5 8 12 5 4 13 2 19 4 13 5 7 12 18 5 7 20 20 6 2 13 7 12 5 7 19 18 13 4
split_gain=2.77983 1.93069 2.68448 2.18261 1.61731 1.58821 1.49396 1.77014 1.59216 1.7136 1.77263 1.3777 1.33213 1.41098 1.87278 3.01692 1.52757 1.84038 1.4048 1.29273 2.06299 2.15866 2.25269 1.15291 1.11176 1.52798 2.17405 4.10743 1.87718 2.22349
threshold=7.0500000000000007 9.3500000000000032 16.550000000000004 90.500000000000014 16.650000000000002 0.55000000000000016 5.0500000000000007 9.6500000000000004 -0.60785761079279388 3.2500000000000004 9.0500000000000025 4.9500000000000011 19.439583333333335 77.500000000000014 0.37940952255126048 3.5500000000000003 12.289583333333335 1.0000000180025095e-35 1.0000000180025095e-35 6.4749999999999979 6.1500000000000012 7.1500000000000012 4.0312500000000009 78.500000000000014 11.850000000000003 9.7916666666666679 0.6078576107927941 -0.5 11.450000000000001 14.550000000000002
decision_type=2 2 2 2 2 2 2 2 2 2 2 2 2 2 2 2 2 2 2 2 2 2 2 2 2 2 2 2 2 2
left_child=1 5 3 4 6 11 -3 8 -8 -10 -11 -1 13 24 16 -16 23 -18 -17 20 -7 22 -22 -15 25 26 -2 -28 -27 -30
right_child=12 2 -4 -5 -6 19 7 -9 9 10 -12 -13 -14 14 15 18 17 -19 -20 -21 21 -23 -24 -25 -26 28 27 -29 29 -31
leaf_value=-0.0028954471174284079 0.040021875583472699 -0.00067875330509462983 0.051370467108671151 -0.011805389795900831 -0.022118361174857687 -0.00032746233540216095 0.017639756365516221 -0.02212853736559069 -0.016684802615519051 0.0016595916825857674 -0.013410004348351542 -0.011554037453423125 0.22406515417930511 -0.014481593849679116 -0.062688438498610957 0.0041649245845120494 0.0082290396093848677 -0.031720769594062379 -0.034620435871219907 0.010238159040309874 -0.019069510156265117 -0.025258733053677301 0.001032353371519253 0.011612120688426051 0.025538951516669017 0.0022331964023602105 -0.057549130708310539 0.0045907980784568019 -0.022850273825806941 0.019372890842979048
leaf_weight=44 798 323 92 28 49 2649 45 25 41 51 36 28 241 26 29 80 32 46 30 907 37 30 104 352 514 526 28 276 47 33
leaf_count=44 798 323 92 28 49 2649 45 25 41 51 36 28 241 26 29 80 32 46 30 907 37 30 104 352 514 526 28 276 47 33
internal_value=0.000205088 -0.000428508 -0.00237337 -0.00335225 -0.0028021 -7.47367e-05 -0.00213793 -0.00486432 -0.00337931 -0.00564341 -0.00240909 -0.00591781 0.00113501 0.000889993 -0.000838926 -0.00488571 0.000402626 -0.00465823 -0.0018018 3.96997e-05 -0.000382843 -0.00462791 -0.00250704 0.00145646 0.00135313 0.000861323 0.00174796 -0.00112787 -0.000751235 -0.00641975
internal_weight=7547 4489 690 598 570 3799 521 198 173 128 87 72 3058 2817 595 139 456 78 110 3727 2820 171 141 378 2222 1708 1102 304 606 80
internal_count=7547 4489 690 598 570 3799 521 198 173 128 87 72 3058 2817 595 139 456 78 110 3727 2820 171 141 378 2222 1708 1102 304 606 80
is_linear=0
shrinkage=0.04


Tree=49
num_leaves=31
num_cat=0
split_feature=7 11 14 16 18 4 9 8 14 0 11 10 18 9 18 7 5 19 17 11 16 11 9 0 7 7 4 14 11 13
split_gain=2.77981 2.03702 2.18964 1.62627 1.88723 1.80844 1.93507 1.94952 1.94194 1.79575 1.79045 3.08446 1.76309 1.47979 1.44126 1.21653 1.75022 1.77769 1.12372 1.48625 1.62763 1.93569 1.687 2.5177 1.32304 2.53648 1.08109 1.32516 1.49575 1.62416
threshold=13.164583333333335 -1.7499999999999998 86.500000000000014 27.500000000000004 -0.60355339059327384 18.450000000000003 41.500000000000007 6.3500000000000005 124.50000000000001 10.65 8.0500000000000025 4.4500000000000011 0.91597561503675351 59.500000000000007 -0.12940952255126037 10.268750000000002 14.550000000000002 1.0000000180025095e-35 -1.0000000180025095e-35 17.050000000000004 1317.5000000000002 22.150000000000002 93.500000000000014 2.9500000000000006 2.4104166666666673 1.8500000000000003 2.9500000000000006 269.50000000000006 8.6500000000000004 4.9500000000000011
decision_type=2 2 2 2 2 2 2 2 2 2 2 2 2 2 2 2 2 2 2 2 2 2 2 2 2 2 2 2 2 2
left_child=1 -1 13 -4 9 6 -6 8 10 15 11 -8 -13 14 -3 16 -5 -18 19 24 21 -21 -22 -24 25 -10 27 28 29 -20
right_child=-2 2 3 4 5 -7 7 -9 18 -11 -12 12 -14 -15 -16 -17 17 -19 26 20 22 -23 23 -25 -26 -27 -28 -29 -30 -31
leaf_value=0.007579042249299661 0.10223379448149665 0.026603145802178676 0.0053391700757282239 -0.0098448650569913469 -0.017139340423153474 -0.018764643582909177 -0.059255152988367969 0.0046818172480102924 0.0051908518918545102 0.0044896671695167931 0.0066695550496129108 -0.00072240872326149997 -0.024982090197502815 0.016393571094736697 -0.023123338378571723 0.01392574549826241 -0.0051693262853117362 -0.021236811291895818 -0.0083992328921925815 -0.0046333444747583474 0.030158703484398867 -0.022322365984630763 -0.017834645969119892 0.064184801738095668 0.017774635794133936 -0.01110713805423299 -0.00094345807652096545 0.0028577664133825863 -0.013832274406664423 0.0018127901289380394
leaf_weight=559 665 30 755 956 35 27 41 1535 57 275 67 84 34 796 25 51 28 25 95 51 120 44 48 36 423 44 458 49 69 65
leaf_count=559 665 30 755 956 35 27 41 1535 57 275 67 84 34 796 25 51 28 25 95 51 120 44 48 36 423 44 458 49 69 65
internal_value=0.000205088 -3.37061e-05 -0.000238457 -0.000532066 -0.000807969 -0.000305055 -0.0002205 -0.000120445 -0.00101904 -0.00208084 -0.00447577 -0.006775 -0.00342857 0.00164789 -0.00464286 -0.00282752 -0.00313267 -0.0101481 -0.000515384 0.0005 -0.00174667 -0.00604167 0.000273171 -0.00404706 0.00178286 -0.00231373 -0.00164993 -0.0036129 -0.00488696 -0.00273292
internal_weight=7547 6882 6323 5472 4717 3382 3355 3320 1785 1335 226 159 118 851 55 1060 1009 53 1559 823 299 95 204 84 524 101 736 278 229 160
internal_count=7547 6882 6323 5472 4717 3382 3355 3320 1785 1335 226 159 118 851 55 1060 1009 53 1559 823 299 95 204 84 524 101 736 278 229 160
is_linear=0
shrinkage=0.04


Tree=50
num_leaves=31
num_cat=0
split_feature=12 0 18 13 4 5 4 5 3 2 10 0 14 9 9 14 9 10 12 16 10 9 0 10 14 11 0 7 3 9
split_gain=3.55554 2.57528 2.20361 1.56587 2.11851 1.4939 1.87175 1.87635 2.09107 1.65973 1.47143 1.44309 1.42632 3.76369 1.97856 1.83663 1.2924 1.2732 1.73527 1.31048 1.88776 1.2183 1.15613 1.94191 1.83868 1.04439 1.12339 0.999571 1.0874 1.6833
threshold=78.500000000000014 7.0500000000000007 -0.60355339059327384 10.050000000000002 12.050000000000002 7.3500000000000005 0.75000000000000011 1.4500000000000002 4.3500000000000005 16.950000000000003 6.7500000000000009 6.4500000000000011 126.50000000000001 61.500000000000007 79.500000000000014 117.50000000000001 89.500000000000014 6.5500000000000007 88.500000000000014 42.500000000000007 11.050000000000002 45.500000000000007 3.7500000000000004 3.5500000000000003 169.50000000000003 2.5500000000000003 10.15 7.5937500000000018 3.1500000000000008 73.500000000000014
decision_type=2 2 2 2 2 2 2 2 2 2 2 2 2 2 2 2 2 2 2 2 2 2 2 2 2 2 2 2 2 2
left_child=1 2 11 -4 22 6 -2 8 10 12 -8 27 13 -7 17 -15 -6 -14 19 -19 -21 -3 23 -5 -25 -20 -27 28 29 -1
right_child=5 21 3 4 16 9 7 -9 -10 -11 -12 -13 14 15 -16 -17 -18 18 25 20 -22 -23 -24 24 -26 26 -28 -29 -30 -31
leaf_value=-0.014535816981440131 -0.010833431135308765 -0.018812656338421236 0.0044657298923612204 -0.00050561925960750304 -0.0013114177165461022 -0.016645615276681541 -0.01200679644372175 0.00097237970439040407 0.011182958999903464 0.033654823539419419 -0.023183907681184772 -0.02465970094183316 0.009084585566501829 0.0092975700895444376 -0.012333538065614141 -0.010118231256432058 -0.020629912573827618 0.0042437566593168125 -0.012795548800015124 -0.034360351001376521 0.0057097732901494761 0.036270512068773693 0.014818298166959912 -0.00028872716897315997 -0.031177696961233126 0.0012535547493837187 -0.0066756232701047974 -0.0037739247907567085 0.0019134997400471116 0.0014750687817758257
leaf_weight=91 50 139 1871 353 37 42 47 1343 36 69 27 41 112 75 29 25 46 174 50 57 41 2141 193 30 39 45 25 27 266 74
leaf_count=91 50 139 1871 353 37 42 47 1343 36 69 27 41 112 75 29 25 46 174 50 57 41 2141 193 30 39 45 25 27 266 74
internal_value=0.000297525 0.000858478 0.000101662 0.000574319 -0.00104149 -0.00103737 -0.00031117 -4.67674e-05 -0.00504504 -0.00250201 -0.00885333 -0.002328 -0.00310651 -0.00665734 -0.00214981 -0.00237624 -0.007 -0.00155248 -0.00262595 -0.000849817 -0.00452525 0.00187637 -0.000227273 -0.00139953 -0.00748571 -0.00661157 -0.00338028 -0.0016732 -0.00119444 -0.00373494
internal_weight=7595 5348 3068 2569 698 2247 1503 1453 110 744 74 499 675 142 533 100 83 504 392 272 98 2280 615 422 69 120 70 458 431 165
internal_count=7595 5348 3068 2569 698 2247 1503 1453 110 744 74 499 675 142 533 100 83 504 392 272 98 2280 615 422 69 120 70 458 431 165
is_linear=0
shrinkage=0.04


Tree=51
num_leaves=31
num_cat=0
split_feature=12 0 18 17 11 2 5 12 19 1 7 1 0 18 5 0 2 3 5 20 1 5 7 0 0 9 3 16 12 2
split_gain=3.11728 2.5095 2.28241 2.04814 2.04616 2.15252 3.09073 1.92402 2.67897 2.45647 2.41393 1.78808 1.57719 1.49594 2.3032 1.4096 2.83456 1.35227 1.90418 1.21849 1.48784 1.17785 1.15575 1.11942 1.71979 2.35125 1.04814 0.980192 2.15102 2.33232
threshold=78.500000000000014 7.6500000000000012 -0.60355339059327384 -1.0000000180025095e-35 -1.1499999999999997 16.950000000000003 8.3500000000000032 89.500000000000014 -0.60785761079279388 12.350000000000003 9.5437500000000011 6.4500000000000011 7.3500000000000005 0.37940952255126048 2.1500000000000008 11.350000000000003 9.3500000000000032 12.65 8.2500000000000018 0.81174490092936691 3.7500000000000004 8.0500000000000025 3.9520833333333338 6.7500000000000009 5.9500000000000011 64.500000000000014 6.6500000000000012 27.500000000000004 89.500000000000014 5.1500000000000012
decision_type=2 2 2 2 2 2 2 2 2 2 2 2 2 2 2 2 2 2 2 2 2 2 2 2 2 2 2 2 2 2
left_child=1 2 12 13 -5 6 11 8 -8 10 -9 27 23 19 -15 16 -10 -4 -19 -2 -21 -22 -13 24 -1 -26 -16 -6 -29 -30
right_child=3 -3 17 4 5 -7 7 9 15 -11 -12 22 -14 14 26 -17 -18 18 -20 20 21 -23 -24 -25 25 -27 -28 28 29 -31
leaf_value=-0.0026388004107723052 0.016219871887698314 0.035382226158183143 0.0017939375910988574 0.0016854579045728145 0.00070965081140638548 0.048595773914230866 0.0045314467355193596 -0.014968977593098561 -0.0069285749282889412 -0.01342189842274895 0.0054548199004145074 -0.0076301950751504208 -0.015549938692146119 -0.042602078071291023 0.013696353547173506 0.015149479562111542 -0.042746302247427453 -0.030850132045817311 0.15336226433147651 0.026119965238611167 -0.016488718846442513 -0.0044883091458023036 0.0072044085940506019 0.022960098482754449 -0.0089042425362085547 -0.02279544299068852 -0.036486734945048324 -0.0065534008262290028 -0.0050267999591745759 -0.032442191821958948
leaf_weight=417 590 2062 2627 248 120 75 70 38 108 26 31 36 28 30 61 33 25 61 39 35 37 29 263 50 39 25 25 310 31 26
leaf_count=417 590 2062 2627 248 120 75 70 38 108 26 31 36 28 30 61 33 25 61 39 35 37 29 263 50 39 25 25 310 31 26
internal_value=0.00026593 0.000791176 0.000104655 -0.000983986 -0.00188758 -0.00257502 -0.0030161 -0.00625301 -0.00428692 -0.0110417 -0.00691429 -0.00164676 -0.00222143 0.000628713 -0.00355556 -0.00704192 -0.00886567 0.000582112 -0.0039604 0.00133526 -0.00270588 -0.00620895 0.000786667 -0.0017218 -0.00231535 -0.00836923 -0.000183908 -0.00313934 -0.00416304 -0.0112414
internal_weight=7595 5348 3286 2247 1440 1192 1117 331 236 95 69 786 559 807 116 166 133 2727 100 691 101 66 299 531 481 64 86 487 367 57
internal_count=7595 5348 3286 2247 1440 1192 1117 331 236 95 69 786 559 807 116 166 133 2727 100 691 101 66 299 531 481 64 86 487 367 57
is_linear=0
shrinkage=0.04


Tree=52
num_leaves=31
num_cat=0
split_feature=12 13 10 8 17 11 6 17 8 12 6 4 11 19 11 7 7 7 4 0 0 14 7 8 4 9 6 10 1 19
split_gain=2.89149 2.34955 1.92756 2.27541 1.72042 1.91098 1.97688 1.69307 2.83 1.57958 1.44618 2.75892 1.44559 1.69144 2.67154 3.45319 1.39746 1.34807 2.02984 1.49068 1.37689 1.34541 1.37751 1.49879 1.24839 1.21959 1.48797 1.70358 1.84668 2.12022
threshold=78.500000000000014 5.4500000000000011 0.75000000000000011 2.6500000000000008 -1.0000000180025095e-35 -1.1499999999999997 16.81666666666667 -0.70710678118654735 2.0500000000000003 49.500000000000007 1.8999999999999968 4.1500000000000012 9.0500000000000025 0.6078576107927941 15.15 7.4895833333333348 10.533333333333335 7.3729166666666677 7.2500000000000009 11.450000000000001 1.1500000000000001 189.50000000000003 3.3104166666666672 3.9500000000000006 0.55000000000000016 60.500000000000007 9.3916666666666675 13.450000000000001 6.3500000000000005 -1.0000000180025095e-35
decision_type=2 2 2 2 2 2 2 2 2 2 2 2 2 2 2 2 2 2 2 2 2 2 2 2 2 2 2 2 2 2
left_child=1 21 -3 7 -2 -6 17 -4 9 -9 -10 -12 -5 -14 15 -15 -16 20 19 -19 -7 22 23 -1 -22 26 27 28 29 -23
right_child=4 2 3 12 5 6 -8 8 10 -11 11 -13 13 14 16 -17 -18 18 -20 -21 24 25 -24 -25 -26 -27 -28 -29 -30 -31
leaf_value=0.0011698440319345463 0.0030032383434796042 0.016156673871909045 8.9574736015794556e-05 0.0039225578758951881 0.0016180395883898999 -0.017656418613817761 0.055108736269883954 -0.014552353448807077 -0.017695180104982097 0.00071589998142805318 -0.022492061373619671 0.0027614871953523098 0.00043755874701596178 -0.014630822756759611 -0.010090402508547442 -0.042738372307070324 0.070093487864885937 -0.019330726955901333 -0.0061422148087410091 -0.0092983503702581214 -0.010163009103738626 -0.04571320984014899 0.035714350731376306 -0.0094418118275168567 -0.0032137338435092718 0.0093950433820686446 0.012778553195773071 0.017023815131595638 -0.035187846182908482 0.0068210427934028237
leaf_weight=145 807 564 139 361 248 26 72 37 43 101 32 29 790 43 156 31 61 60 173 37 28 33 1453 65 796 897 167 58 69 74
leaf_count=145 807 564 139 361 248 26 72 37 43 101 32 29 790 43 156 31 61 60 173 37 28 33 1453 65 796 897 167 58 69 74
internal_value=0.000255398 0.000761264 -0.000172529 -0.000804824 -0.000948398 -0.00177654 -0.00244091 -0.00354974 -0.00556379 -0.00178417 -0.0105143 -0.0063871 -7.76159e-05 -0.000809612 -0.00341096 -0.00992 -0.00115596 -0.00285459 -0.00531365 -0.00991837 -0.00206815 0.00151384 0.00226683 -0.000758294 -0.00177455 0.000548114 -0.00128358 -0.00333617 -0.00528814 -0.00196296
internal_weight=7595 5348 2387 1823 2247 1440 1192 381 242 138 104 61 1442 1081 291 74 217 1120 270 97 850 2961 1663 210 824 1298 401 234 176 107
internal_count=7595 5348 2387 1823 2247 1440 1192 381 242 138 104 61 1442 1081 291 74 217 1120 270 97 850 2961 1663 210 824 1298 401 234 176 107
is_linear=0
shrinkage=0.04


Tree=53
num_leaves=31
num_cat=0
split_feature=14 0 11 11 17 13 16 4 11 4 18 8 4 5 7 8 8 7 1 5 3 7 14 7 16 13 1 2 5 14
split_gain=2.76943 2.56439 1.64006 1.77176 1.50384 1.86263 1.81577 1.80537 1.61561 1.6926 1.54637 2.01467 1.87552 2.26281 1.72235 2.64704 1.83218 1.53572 1.6803 2.36388 1.29048 1.57216 2.43692 1.86556 1.50375 1.37033 1.25998 1.24021 2.20475 1.22676
threshold=86.500000000000014 10.250000000000002 -1.5499999999999998 25.550000000000004 -0.5 18.750000000000004 27.500000000000004 18.550000000000004 22.450000000000003 5.2500000000000009 -0.3794095225512602 6.1500000000000012 12.550000000000002 10.450000000000001 8.1395833333333361 4.5500000000000007 2.6500000000000008 9.8520833333333346 9.4500000000000011 8.4500000000000011 5.2500000000000009 3.4187500000000002 140.50000000000003 3.9520833333333338 42.500000000000007 1.8500000000000003 6.9500000000000011 5.3500000000000005 2.7500000000000004 126.50000000000001
decision_type=2 2 2 2 2 2 2 2 2 2 2 2 2 2 2 2 2 2 2 2 2 2 2 2 2 2 2 2 2 2
left_child=-1 2 -2 4 5 7 -6 8 27 -10 17 14 -13 26 16 -16 -12 18 20 -20 21 25 -23 -24 -25 -8 -14 -4 -29 -3
right_child=1 29 3 -5 6 -7 10 -9 9 -11 11 12 13 -15 15 -17 -18 -19 19 -21 -22 22 23 24 -26 -27 -28 28 -30 -31
leaf_value=0.022315517948985217 0.0044693052720311708 -0.0068405156967889652 0.010565095753127944 0.021203499418078399 0.0015038737098129263 -0.012117749936230214 -0.012832737971837831 -0.011845776341644465 -0.02770150634881725 -0.0015044924026718285 -0.011364276519337833 0.0066671900236425375 -0.036897077691223357 0.01486814490629719 0.0016356143502200093 -0.027661609497963591 -0.0015807561147842594 0.0046788712904498719 -0.017344761961752015 -0.025904784320644025 -0.0021177579751261218 -0.023713009468222124 -0.020872658467711077 0.0041752122783146745 -0.012124813146205501 -0.00093523706710663872 -0.031977870546249336 -0.026255505049814946 0.0051466978589594101 0.02462668659255236
leaf_weight=1036 477 135 687 402 519 33 28 25 26 107 176 553 28 30 33 42 493 76 47 28 394 38 47 55 152 199 27 79 320 1303
leaf_count=1036 477 135 687 402 519 33 28 25 26 107 176 553 28 30 33 42 493 76 47 28 394 38 47 55 152 199 27 79 320 1303
internal_value=0.000223802 -7.98779e-05 -0.000499024 -0.000728525 -0.000969125 0.000178404 -0.00146325 0.000430522 0.000652459 -0.00349254 -0.00191908 -0.00103543 0.000613459 -0.00488372 -0.00244832 -0.00815789 -0.00179701 -0.00306479 -0.00348635 -0.00921053 -0.00300656 -0.00431538 -0.00625256 -0.0048 -0.00313462 -0.00180702 -0.00964286 0.00116283 -0.00061 0.00141209
internal_weight=7595 6559 5121 4644 4242 1277 2965 1244 1219 133 2446 1382 638 85 744 75 669 1064 988 75 913 519 292 254 207 227 55 1086 399 1438
internal_count=7595 6559 5121 4644 4242 1277 2965 1244 1219 133 2446 1382 638 85 744 75 669 1064 988 75 913 519 292 254 207 227 55 1086 399 1438
is_linear=0
shrinkage=0.04


Tree=54
num_leaves=31
num_cat=0
split_feature=12 13 10 8 16 8 17 6 5 10 2 4 4 18 6 9 18 5 10 0 19 2 5 1 4 12 16 2 15 8
split_gain=2.69856 2.15648 1.64606 1.68527 1.84693 1.67933 1.528 1.52545 2.09521 1.64387 1.62711 2.97254 1.62465 1.5096 1.84816 1.43735 1.39183 1.74375 1.31927 1.50558 2.33686 1.35547 1.29842 1.29372 1.23729 1.22956 2.64249 2.08117 1.13652 1.66152
threshold=78.500000000000014 5.4500000000000011 3.5500000000000003 2.6500000000000008 752.50000000000011 2.3500000000000001 -1.0000000180025095e-35 16.81666666666667 8.3500000000000032 11.050000000000002 9.4500000000000011 7.9500000000000011 0.55000000000000016 -0.60355339059327384 9.3250000000000011 82.500000000000014 0.37940952255126048 2.4500000000000006 11.65 5.9500000000000011 0.6078576107927941 4.1500000000000012 9.7500000000000018 6.4500000000000011 4.5500000000000007 89.500000000000014 27.500000000000004 4.7500000000000009 0.25000000000000006 8.4500000000000011
decision_type=2 2 2 2 2 2 2 2 2 2 2 2 2 2 2 2 2 2 2 2 2 2 2 2 2 2 2 2 2 2
left_child=1 13 -3 4 5 -4 16 8 12 10 28 -12 -8 14 18 -5 -2 -18 19 -1 24 -20 -22 25 -21 -14 -27 -28 29 -10
right_child=6 2 3 15 -6 -7 7 -9 9 -11 11 -13 23 -15 -16 -17 17 -19 21 20 22 -23 -24 -25 -26 26 27 -29 -30 -31
leaf_value=-0.00023385197168676906 0.0091313613728212471 0.002201850239155102 0.0019045152690184942 -0.0034335747481825242 -0.030917261752543702 -0.0099062434142417263 -0.0096277407568125511 0.051919319355386517 -0.0083247552120911429 -0.0013148726174014944 -0.037561192611182771 -0.0067419626364460129 -0.0030045685564466023 0.017229699308591563 0.02792683212572095 0.0045671966480860145 -0.037983662982118201 0.0035193291322499942 -0.012781212853809397 -0.0077383344514134148 -0.03069297727208694 0.011524596642932565 -0.047324929203089144 0.0040221564547463645 0.032896790760964779 0.0045869558378151248 -0.0038015404705074758 -0.029658931864410217 0.0024371045859936397 0.00034715417068002964
leaf_weight=178 691 1549 53 569 36 31 31 72 97 137 32 43 517 2087 386 149 38 78 25 44 31 132 28 338 50 35 34 27 31 46
leaf_count=178 691 1549 53 569 36 31 31 72 97 137 32 43 517 2087 386 149 38 78 25 44 31 132 28 338 50 35 34 27 31 46
internal_value=0.000250132 0.00073883 -0.000155779 -0.00158284 -0.00595041 -0.00263529 -0.000912811 -0.00169327 -0.0019927 -0.00448579 -0.006416 -0.0113158 -0.00100916 0.00145982 6.40001e-05 -0.000845619 0.000480198 -0.00355556 -0.00157055 -0.003 -0.0058961 0.00144304 -0.0120667 -0.000710084 -0.00193684 -0.00180456 -0.00593814 -0.0109032 -0.00425143 -0.00575
internal_weight=7595 5348 2387 838 120 84 2247 1440 1368 386 249 75 982 2961 874 718 807 116 488 331 153 157 59 951 94 613 96 61 174 143
internal_count=7595 5348 2387 838 120 84 2247 1440 1368 386 249 75 982 2961 874 718 807 116 488 331 153 157 59 951 94 613 96 61 174 143
is_linear=0
shrinkage=0.04


Tree=55
num_leaves=31
num_cat=0
split_feature=7 14 11 4 18 16 4 3 8 0 12 13 13 11 16 13 17 14 13 12 7 7 0 3 13 2 6 17 4 12
split_gain=2.4187 2.31568 2.2721 1.94903 1.52493 1.67791 1.75639 1.66593 2.00574 1.92507 1.69758 1.53058 1.46956 2.92151 1.37104 2.17937 1.68729 1.96231 1.29236 1.24139 1.19991 1.45044 1.07132 2.22516 1.38229 2.02508 1.24246 1.12277 1.04813 1.44858
threshold=13.164583333333335 86.500000000000014 -1.5499999999999998 18.750000000000004 -0.60355339059327384 27.500000000000004 6.4500000000000011 13.450000000000001 6.1500000000000012 9.3500000000000032 84.500000000000014 3.2500000000000004 11.250000000000002 7.1500000000000012 192.50000000000003 5.6500000000000012 0.25881904510252091 179.50000000000003 9.8500000000000032 88.500000000000014 7.7166666666666677 10.004166666666668 12.750000000000002 9.5500000000000025 2.0500000000000003 2.7500000000000004 4.7499999999999991 0.25881904510252091 2.1500000000000008 67.500000000000014
decision_type=2 2 2 2 2 2 2 2 2 2 2 2 2 2 2 2 2 2 2 2 2 2 2 2 2 2 2 2 2 2
left_child=1 19 -3 4 5 -4 12 8 -6 18 -10 20 14 -14 15 22 -17 -18 -9 -1 -8 -22 23 24 25 -7 -27 -28 -26 -30
right_child=-2 2 3 -5 7 6 11 9 10 -11 -12 -13 13 -15 -16 16 17 -19 -20 -21 21 -23 -24 -25 28 26 27 -29 29 -31
leaf_value=0.020933704087260245 0.093979640952849886 0.0058292650098684499 0.0044222306639472367 -0.015162622414950745 -0.0018556054365422888 -0.024213320647254621 0.020907733898016229 -0.015113300167214339 0.012477154540763659 0.0019167552784452849 -0.0028411056174794335 0.0030719835631118388 -0.0027284832098143086 -0.0234223297561932 0.00028275404873063283 -0.0023212865169517406 -0.011530590853911723 -0.0085458620945245475 -0.031958950289510853 -0.014084801396104404 -0.015880187060471167 0.0033856773275003915 0.067116581726154978 -0.026474515644417315 0.0025968366947157488 0.0095879543438403061 -0.039411482385118157 -0.0010753635129501307 -0.025090597917784528 -0.0025698712709527833
leaf_weight=870 667 546 385 25 1859 25 29 45 1488 87 236 306 27 25 169 32 28 25 25 39 47 25 36 42 141 26 37 28 62 221
leaf_count=870 667 546 385 25 1859 25 29 45 1488 87 236 306 27 25 169 32 28 25 25 39 47 25 36 42 141 26 37 28 62 221
internal_value=0.000138348 -8.30329e-05 -0.000366954 -0.000612185 -0.000560014 -0.00154688 -0.00221922 -0.000106923 7.03126e-05 -0.00412658 0.00105275 -2.94116e-05 -0.0031827 -0.00966038 -0.0027858 -0.0035625 -0.00953488 -0.0138519 -0.00901408 0.0017978 -0.00427451 -0.0070137 -0.00272698 -0.00314237 -0.00243993 -0.0062906 -0.00343478 -0.00636364 -0.00137412 -0.00277465
internal_weight=7603 6936 6027 5481 5456 1716 1331 3740 3583 157 1724 407 924 52 872 703 85 53 70 909 101 72 618 582 540 116 91 65 424 283
internal_count=7603 6936 6027 5481 5456 1716 1331 3740 3583 157 1724 407 924 52 872 703 85 53 70 909 101 72 618 582 540 116 91 65 424 283
is_linear=0
shrinkage=0.04


Tree=56
num_leaves=31
num_cat=0
split_feature=4 10 7 8 20 7 7 13 16 20 9 7 18 6 9 11 17 7 13 11 7 11 3 6 11 6 11 2 18 8
split_gain=2.67667 1.83472 1.7169 1.50415 1.48656 1.57934 2.25283 1.47564 2.58409 1.87249 1.76024 1.429 1.61926 2.16394 1.60601 1.4314 3.82739 1.71614 1.35408 2.24077 1.34643 2.01485 2.76837 3.7622 1.47315 1.67804 1.33424 1.31371 1.29876 1.20529
threshold=3.8500000000000001 0.75000000000000011 19.439583333333335 3.5500000000000003 -0.56174490092936669 1.8500000000000003 2.3583333333333338 7.3500000000000005 142.50000000000003 -0.22252093395631442 60.500000000000007 2.6229166666666672 0.78656609248549303 1.7083333333333295 55.500000000000007 7.6500000000000012 0.25881904510252091 2.8875000000000002 2.8500000000000001 5.7500000000000009 3.4604166666666676 25.550000000000004 11.250000000000002 13.458333333333332 8.4500000000000011 6.7333333333333334 -0.84999999999999998 20.650000000000002 1.0000000180025095e-35 17.950000000000003
decision_type=2 2 2 2 2 2 2 2 2 2 2 2 2 2 2 2 2 2 2 2 2 2 2 2 2 2 2 2 2 2
left_child=1 -1 7 4 5 -3 -7 10 -9 -10 29 12 -6 -14 -13 17 -17 -16 -8 -20 -11 22 24 -24 -22 28 -5 -12 -26 -2
right_child=2 3 -4 26 11 6 18 8 9 20 27 14 13 -15 15 16 -18 -19 19 -21 21 -23 23 -25 25 -27 -28 -29 -30 -31
leaf_value=0.013920176617761666 -0.0045422345479293356 0.0003901359662744178 0.19531754471555754 0.0073885889609496391 0.0030291952885625902 -0.02626542936616005 0.004191301520233121 -0.034787417928211606 0.0079304931789170724 -0.014020930324751903 0.014756670387508592 0.0093884714221758592 0.00015524848140461046 -0.0078695179920743284 -0.021817904233352274 -0.0048411785653328385 -0.020959179670107707 -0.00010606875604592654 -0.011636356407792512 -8.7960952285504743e-05 0.0041238781511353162 0.04042704639616148 -0.041362078851033254 0.0026661514729730547 -0.022026582045528036 0.0061583897570322912 -0.0016611619253095909 -0.053196467893832873 -0.0071462302188965024 0.042591447500593162
leaf_weight=116 956 65 238 204 270 50 46 45 470 36 2538 49 51 26 25 61 42 123 46 44 123 177 46 26 27 115 1275 35 143 135
leaf_count=116 956 65 238 204 270 50 46 45 470 36 2538 49 51 26 25 61 42 123 46 44 123 177 46 26 27 115 1275 35 143 135
internal_value=0.000148869 -0.000925421 0.000673058 -0.00116569 -0.00245606 -0.00506349 -0.00693048 0.000510569 -0.000701406 -0.000333333 0.000910232 -0.00143827 0.000310345 -0.00476923 -0.00345515 -0.00474603 -0.00834615 -0.00220134 -0.00420438 -0.00703297 -0.00165418 -0.00123404 -0.00257796 -0.00975342 -0.00129095 -0.00286713 -0.000381081 0.00148096 -0.00538012 -0.000435897
internal_weight=7603 2493 5110 2377 898 251 186 4872 1208 1163 3664 647 347 77 300 251 103 148 136 90 693 657 480 72 408 285 1479 2573 170 1091
internal_count=7603 2493 5110 2377 898 251 186 4872 1208 1163 3664 647 347 77 300 251 103 148 136 90 693 657 480 72 408 285 1479 2573 170 1091
is_linear=0
shrinkage=0.04


Tree=57
num_leaves=31
num_cat=0
split_feature=4 7 12 5 13 14 9 7 18 18 4 4 14 7 6 2 14 20 11 7 5 3 8 13 14 9 8 4 18 8
split_gain=2.51618 1.73256 1.75155 2.31851 2.24279 1.99395 2.28881 2.14476 2.04492 1.73874 1.65213 2.97854 1.41113 2.33742 1.50865 2.56823 1.79441 1.38578 1.74065 2.56885 4.40814 1.69096 1.50829 2.12126 1.86032 1.46382 1.3598 1.34918 1.14976 1.50236
threshold=3.7500000000000004 19.439583333333335 77.500000000000014 17.650000000000002 10.450000000000001 126.50000000000001 73.500000000000014 10.410416666666668 -0.60355339059327384 -0.12940952255126037 7.9500000000000011 6.9500000000000011 179.50000000000003 7.0895833333333336 6.166666666666667 6.2500000000000009 162.50000000000003 -0.22252093395631442 8.0500000000000025 10.004166666666668 13.65 11.050000000000002 7.7500000000000009 3.8500000000000001 189.50000000000003 53.500000000000007 25.650000000000002 10.350000000000003 0.78656609248549303 4.1500000000000012
decision_type=2 2 2 2 2 2 2 2 2 2 2 2 2 2 2 2 2 2 2 2 2 2 2 2 2 2 2 2 2 2
left_child=12 2 4 5 9 7 -7 10 -8 17 11 -4 13 14 15 16 28 -2 -19 20 21 22 23 -20 -25 -24 -11 -5 -1 -30
right_child=1 -3 3 27 -6 6 8 -9 -10 26 -12 -13 -14 -15 -16 -17 -18 18 19 -21 -22 -23 25 24 -26 -27 -28 -29 29 -31
leaf_value=0.00047154676867197968 0.012792806090386058 0.18750484292693523 -0.0046783520728316168 -0.039871034525426667 -0.0037476843901601102 0.0053721891379824851 -0.016006001015842892 -0.034365922794763762 -0.00086835619225966731 0.033138144797059364 0.037194764397695548 -0.032133268844735989 3.3265347650031803e-05 -0.013541808804991607 0.0025158374452686622 -0.01615146319398314 -0.0085063753196364354 0.013383572132265372 0.0015741006372939099 0.0048281737949113987 -0.030855051872531531 -0.04216756487836458 -0.0487394235259326 -0.017101723776137012 -0.023199840675698361 0.036362310892245939 -0.091074256910205695 -0.0501073470388178 -0.0064262434214133555 0.0024230906796747437
leaf_weight=411 469 238 117 39 628 831 48 36 100 1813 84 40 1290 34 224 28 232 158 51 219 26 26 35 33 32 106 25 27 123 80
leaf_count=411 469 238 117 39 628 831 48 36 100 1813 84 40 1290 34 224 28 232 158 51 219 26 26 35 33 32 106 25 27 123 80
internal_value=0.00015939 0.000656889 0.000495955 -0.000749811 0.000950856 -0.000362768 0.000485714 -0.00335252 -0.00408054 0.00140681 -0.00196694 -0.00437975 -0.000904663 -0.00193469 -0.00160874 -0.00235886 -0.00195514 0.000190312 -0.000954876 -0.00205671 -0.0044 -0.00291549 -0.00190698 -0.00526496 -0.01 0.00087324 0.00217075 -0.008 -0.000819512 -0.00327451
internal_weight=7603 5181 4943 1322 3621 1256 979 277 148 2993 241 157 2422 1132 1098 874 846 1155 686 528 309 283 257 116 65 141 1838 66 614 203
internal_count=7603 5181 4943 1322 3621 1256 979 277 148 2993 241 157 2422 1132 1098 874 846 1155 686 528 309 283 257 116 65 141 1838 66 614 203
is_linear=0
shrinkage=0.04


Tree=58
num_leaves=31
num_cat=0
split_feature=0 14 9 18 18 0 11 12 8 3 12 4 5 18 16 1 14 18 10 5 9 0 0 9 12 4 4 19 6 12
split_gain=2.25709 2.41341 1.70779 1.67444 1.58322 1.78891 1.58201 1.35745 1.32332 1.95609 1.72688 1.37934 1.27023 1.61506 1.81213 1.57792 1.66541 1.50228 1.21167 1.76472 1.1184 1.34558 1.44582 2.06773 3.1539 1.3082 1.29938 1.28257 1.26588 1.22895
threshold=10.15 86.500000000000014 59.500000000000007 -0.12940952255126037 -0.12940952255126037 5.7500000000000009 -1.5499999999999998 28.500000000000004 10.850000000000003 6.3500000000000005 80.500000000000014 0.8500000000000002 9.7500000000000018 0.98296291314453421 112.50000000000001 2.3500000000000001 181.50000000000003 0.78656609248549303 4.6500000000000012 2.6500000000000008 88.500000000000014 1.0500000000000003 5.2500000000000009 71.500000000000014 76.500000000000014 5.4500000000000011 12.950000000000001 -1.0000000180025095e-35 6.3583333333333325 48.500000000000007
decision_type=2 2 2 2 2 2 2 2 2 2 2 2 2 2 2 2 2 2 2 2 2 2 2 2 2 2 2 2 2 2
left_child=1 2 3 -1 6 12 18 -8 11 -10 -11 -9 13 -6 -15 -14 -17 -18 19 -3 21 -13 25 26 28 27 -24 29 -25 -23
right_child=-2 4 -4 -5 5 -7 7 8 9 10 -12 20 15 14 -16 16 17 -19 -20 -21 -22 22 23 24 -26 -27 -28 -29 -30 -31
leaf_value=0.029396354209263623 0.020372071213549482 0.0078735580639494422 0.017385805075010693 -0.019215031695903179 0.00026243667594780766 0.012545395648264766 -0.013912058452742789 -0.0090374162335116887 -0.018895821575165683 0.0061012570477534528 -0.015373596118443038 -0.016035813972768695 0.017106956100379135 -0.020184130786410858 -0.0026587784064160971 0.0011302958704099159 -0.021090543765885081 -0.0099263571653477843 0.0075819622919300299 -0.01880471617152563 0.003686744483670918 -0.031766307191637304 -0.0024910036663199487 -0.016832191368943993 -0.019302630379458112 0.0053159628897093839 -0.071466241601088415 0.0014240408113264029 0.0009333961863709294 -0.006850378191649761
leaf_weight=25 1682 25 775 27 1490 926 44 108 44 84 26 47 32 45 93 44 49 35 254 30 71 26 624 33 39 255 25 330 67 248
leaf_count=25 1682 25 775 27 1490 926 44 108 44 84 26 47 32 45 93 44 49 35 254 30 71 26 624 33 39 255 25 330 67 248
internal_value=0.000185692 -0.000181695 0.00182126 -0.00513208 -0.000507164 0.000153223 -0.00125997 -0.0016583 -0.00150493 -0.00505806 -0.00216216 -0.00121025 -0.000585802 -0.00025046 -0.0043741 -0.00397516 -0.00595349 -0.00922353 0.00140645 -0.00392857 -0.000939977 -0.0011469 -0.000953883 -0.00219011 -0.0066 0.000181395 -0.00123692 -0.000833058 -0.00277228 -0.00285091
internal_weight=7603 5921 827 52 5094 2714 2380 2071 2027 154 110 1873 1788 1628 138 160 128 84 309 55 1765 1694 1647 788 139 859 649 604 100 274
internal_count=7603 5921 827 52 5094 2714 2380 2071 2027 154 110 1873 1788 1628 138 160 128 84 309 55 1765 1694 1647 788 139 859 649 604 100 274
is_linear=0
shrinkage=0.04


Tree=59
num_leaves=31
num_cat=0
split_feature=7 12 4 13 18 4 18 14 8 4 2 2 17 7 14 0 11 9 20 14 13 7 2 19 18 13 14 2 1 9
split_gain=2.24884 2.13871 2.1667 1.88503 1.98613 1.77575 1.98523 1.73738 1.59908 1.56456 1.63677 2.08274 1.42935 1.57756 1.36297 1.57829 1.46097 1.56985 1.46031 1.81817 1.7917 1.38243 2.60738 4.35778 1.35964 1.8622 1.49349 1.44095 2.39128 1.37133
threshold=19.439583333333335 78.500000000000014 0.75000000000000011 9.5500000000000025 -0.12940952255126037 15.550000000000002 0.78656609248549303 184.50000000000003 5.3500000000000005 6.6500000000000012 2.8500000000000001 1.6500000000000001 1.0000000180025095e-35 2.8479166666666669 193.50000000000003 10.750000000000002 4.8500000000000005 64.500000000000014 1.0000000180025095e-35 170.50000000000003 3.7500000000000004 2.7062500000000007 3.1500000000000008 1.0000000180025095e-35 1.0000000180025095e-35 3.1500000000000008 185.50000000000003 9.9500000000000011 11.350000000000003 73.500000000000014
decision_type=2 2 2 2 2 2 2 2 2 2 2 2 2 2 2 2 2 2 2 2 2 2 2 2 2 2 2 2 2 2
left_child=1 3 7 4 14 6 12 -3 -6 10 11 -8 13 -4 16 21 -1 -18 -19 20 -20 -16 23 -23 25 29 27 -27 -29 -14
right_child=-2 2 5 -5 8 -7 9 -9 -10 -11 -12 -13 24 -15 15 -17 17 18 19 -21 -22 22 -24 -25 -26 26 -28 28 -30 -31
leaf_value=0.01536292965461479 0.17918976636131587 -0.00848941705289292 -0.0084360204494771836 -0.0033254762104722264 0.00081406554831789206 -0.016582691166708772 0.00029588899058693199 0.00078046660176309449 0.04027555240491066 -0.033506176740332239 0.016741468459072321 -0.022029585608631913 0.001266299969400825 0.015171348736460834 0.0050927738584500204 0.025271629716179522 0.0039272929114273145 2.4345451711915565e-05 -0.024457150502485949 0.004754605641577969 -0.037632189537640845 -0.021777339486748412 -0.0041942364276931991 0.002758112696502489 0.0015394771519583468 -0.010437912526802633 0.00020314700738096968 -0.036368173794079299 -0.01134063057712956 -0.011331929001405396
leaf_weight=231 238 31 122 1060 917 48 52 25 1421 66 84 49 345 578 68 241 456 182 44 28 30 31 432 26 395 196 82 26 49 50
leaf_count=231 238 31 122 1060 917 48 52 25 1421 66 84 49 345 578 68 241 456 182 44 28 30 31 432 26 395 196 82 26 49 50
internal_value=0.00016465 4.07278e-05 -0.00100409 0.000485294 0.000873418 -0.00079888 -0.000622434 -0.00870175 0.00163831 -0.00395238 -0.00204301 -0.00545098 -0.000167028 0.00125535 -0.000137853 -0.0013617 0.000868313 1.48811e-10 -0.00232982 -0.00613592 -0.00938667 -0.00253047 -0.00327347 -0.0112414 -0.00103846 -0.00204005 -0.00414689 -0.00557353 -0.0102632 -0.000151515
internal_weight=7603 7365 2198 5167 4107 2142 2094 56 2338 251 185 101 1843 700 1769 798 971 740 284 102 74 557 489 57 1143 748 353 271 75 395
internal_count=7603 7365 2198 5167 4107 2142 2094 56 2338 251 185 101 1843 700 1769 798 971 740 284 102 74 557 489 57 1143 748 353 271 75 395
is_linear=0
shrinkage=0.04


Tree=60
num_leaves=31
num_cat=0
split_feature=7 12 13 11 12 10 14 6 17 16 8 7 14 18 19 18 3 19 4 0 1 11 8 14 14 6 7 4 20 11
split_gain=2.12681 1.9315 2.02237 1.80829 1.74578 1.69422 2.86709 2.05975 1.56174 1.8782 1.60046 1.61705 2.78721 1.44705 1.90238 1.42928 1.63388 2.20195 2.80369 1.31461 1.61073 1.18743 1.16142 1.12463 2.41977 2.60558 2.53546 2.02164 1.27931 1.85289
threshold=19.439583333333335 51.500000000000007 10.050000000000002 -0.84999999999999998 90.500000000000014 4.6500000000000012 200.50000000000003 2.1916666666666651 -0.60355339059327362 27.500000000000004 1.1500000000000001 11.189583333333337 150.50000000000003 0.37940952255126048 0.6078576107927941 -0.12940952255126037 5.3500000000000005 -1.0000000180025095e-35 2.5500000000000003 12.750000000000002 11.550000000000002 11.950000000000001 6.9500000000000011 162.50000000000003 185.50000000000003 5.8999999999999977 7.8145833333333341 2.8500000000000001 -0.22252093395631442 7.8500000000000005
decision_type=2 2 2 2 2 2 2 2 2 2 2 2 2 2 2 2 2 2 2 2 2 2 2 2 2 2 2 2 2 2
left_child=1 2 15 5 8 6 7 -3 10 -10 -5 -12 -13 14 -4 16 17 18 -1 20 21 23 -19 -11 26 -26 28 -27 -25 -30
right_child=-2 3 13 4 -6 -7 -8 -9 9 19 11 12 -14 -15 -16 -17 -18 22 -20 -21 -22 -23 -24 24 25 27 -28 -29 29 -31
leaf_value=-0.00020388518662856932 0.17028091060033354 -0.00018920046710635229 -0.0020301420282254497 -0.0056781681738388859 -0.0067108793608872839 0.0071428215050822128 0.0077937037053706281 -0.018529779824817818 0.0049443691100658641 -0.002542310831086705 0.013025652989801004 -0.058961043111339519 0.039357929461035279 0.00019273810156109254 -0.023905363319014983 0.029105082897743495 0.012039925624212883 0.010419066688915058 -0.048750110845159754 0.021237256941173347 -0.033782666575582758 9.4926785598506514e-05 -0.019096252307458917 -0.00757387920968473 5.9980881095549614e-05 0.013254802114584931 -0.033606383082977198 -0.026599481908619455 -0.0041297708447117732 -0.016479953481067618
leaf_weight=39 231 25 122 40 264 620 57 31 534 661 826 32 45 506 44 1431 353 91 44 276 71 505 25 123 363 27 27 53 107 40
leaf_count=39 231 25 122 40 264 620 57 31 534 661 826 32 45 506 44 1431 353 91 44 276 71 505 25 123 363 27 27 53 107 40
internal_value=0.000211715 9.31872e-05 0.000956325 -0.000391709 -0.000726908 0.00143324 -0.00305263 -0.00940351 -0.000503886 -0.000979914 0.000902543 0.00125221 -0.00425641 -0.000939079 -0.00416766 0.00159879 -0.000130199 -0.00302 -0.00795238 -0.00148536 -0.00184631 -0.00162349 0.000547009 -0.00222254 -0.00329285 -0.00141441 -0.00608054 -0.00790123 -0.00487085 -0.00737838
internal_weight=7613 7382 2655 4727 3994 733 113 56 3730 2787 943 903 77 672 166 1983 552 199 83 2253 1977 1906 116 1401 740 443 297 80 270 147
internal_count=7613 7382 2655 4727 3994 733 113 56 3730 2787 943 903 77 672 166 1983 552 199 83 2253 1977 1906 116 1401 740 443 297 80 270 147
is_linear=0
shrinkage=0.04


Tree=61
num_leaves=31
num_cat=0
split_feature=9 7 12 13 12 10 5 9 4 5 0 12 18 18 3 2 2 9 14 14 6 11 11 14 7 3 7 2 12 16
split_gain=2.16892 1.84657 1.70649 1.81658 1.84345 1.89926 1.75919 2.17359 1.52323 1.28532 1.27684 1.25769 1.94581 1.48187 2.1289 1.70779 1.24746 1.04094 1.04063 1.29656 1.37421 2.4616 2.75406 2.95215 2.29986 1.2287 1.21852 1.03442 0.989433 0.988264
threshold=105.50000000000001 19.439583333333335 90.500000000000014 5.9500000000000011 15.500000000000002 0.75000000000000011 9.0500000000000025 65.500000000000014 13.850000000000003 3.1500000000000008 3.1500000000000008 73.500000000000014 -0.70710678118654757 0.78656609248549303 7.3500000000000005 3.3500000000000001 2.1500000000000008 71.500000000000014 266.50000000000006 162.50000000000003 6.4749999999999979 7.6500000000000012 10.550000000000002 186.50000000000003 8.7062500000000025 3.3500000000000001 11.985416666666671 14.550000000000002 70.500000000000014 117.50000000000001
decision_type=2 2 2 2 2 2 2 2 2 2 2 2 2 2 2 2 2 2 2 2 2 2 2 2 2 2 2 2 2 2
left_child=1 2 3 11 -5 8 9 -8 -6 -4 -11 12 28 -13 15 16 -15 -18 19 26 21 25 23 -23 -24 -21 29 -22 -1 -7
right_child=-2 -3 6 4 5 18 7 -9 -10 10 -12 13 -14 14 -16 -17 17 -19 -20 20 27 22 24 -25 -26 -27 -28 -29 -30 -31
leaf_value=-0.0067635403783385464 0.028019709409094359 0.14957025836454971 -0.021888199407874485 -0.033210655459892491 0.023305981709025182 -0.010421458654504143 -0.0083608816103265191 0.0086904072068610672 -0.0058280122401504035 -0.0069088579755104207 0.0020631105434558098 0.00017190175935596352 0.01727794101268796 -0.0012884766418364555 -0.036784762007956814 0.021448366698971981 -0.030369992672198576 -0.011855885249351598 0.00056249553626805675 0.0059192907196021606 0.001554171772236131 -0.027166634369857872 -0.0058414392674976346 -0.0073121332962214226 -0.023568078112328951 -0.003035735939853056 -0.031132348461875247 -0.034961184483899704 0.018949875162933331 0.0011830601894720395
leaf_weight=515 551 182 47 29 299 39 51 32 44 28 143 1932 1773 93 30 71 25 35 450 95 146 41 230 41 33 30 33 34 88 473
leaf_count=515 551 182 47 29 299 39 51 32 44 28 143 1932 1773 93 30 71 25 35 450 95 146 41 230 41 33 30 33 34 88 473
internal_value=0.000201208 1.24594e-05 -9.30096e-05 4.19454e-05 -0.000957383 -0.000808446 -0.00303311 -0.00795238 0.00189535 -0.00113242 0.000488372 0.000483892 0.00112074 -0.000208505 -0.00307451 -0.00170667 -0.00407792 -0.00852459 -0.00137303 -0.00198997 -0.00319508 -0.00433121 -0.00606936 -0.0124337 -0.00404545 0.000476191 -0.00054945 -0.000220994 -0.000841059 -6.2378e-05
internal_weight=7613 7062 6880 6579 2017 1988 301 83 343 218 171 4562 2376 2186 254 224 153 60 1645 1195 650 470 345 82 263 125 545 180 603 512
internal_count=7613 7062 6880 6579 2017 1988 301 83 343 218 171 4562 2376 2186 254 224 153 60 1645 1195 650 470 345 82 263 125 545 180 603 512
is_linear=0
shrinkage=0.04


Tree=62
num_leaves=31
num_cat=0
split_feature=4 11 5 13 6 2 7 13 11 19 15 9 7 3 5 7 0 13 2 9 11 13 18 10 9 2 9 13 20 3
split_gain=2.09312 1.72279 1.68516 1.63507 1.55145 3.43166 2.10783 2.93033 1.54386 1.1531 1.49323 2.33574 1.13337 1.9263 2.17468 3.32975 1.87328 1.51056 1.1996 1.10518 1.8722 1.81263 1.01836 1.22018 1.29814 1.01716 1.00627 0.986839 0.835151 1.02793
threshold=7.0500000000000007 25.550000000000004 16.350000000000005 5.8500000000000005 6.4749999999999979 6.1500000000000012 3.9520833333333338 7.1500000000000012 16.450000000000003 -0.60785761079279388 0.15000000000000005 62.500000000000007 6.3312500000000007 4.1500000000000012 5.4500000000000011 9.7916666666666679 9.3500000000000032 11.750000000000002 4.0500000000000007 111.50000000000001 25.950000000000003 7.2500000000000009 -0.60355339059327384 11.65 45.500000000000007 3.2500000000000004 72.500000000000014 11.15 -0.56174490092936669 13.450000000000001
decision_type=2 2 2 2 2 2 2 2 2 2 2 2 2 2 2 2 2 2 2 2 2 2 2 2 2 2 2 2 2 2
left_child=2 3 4 9 5 19 -7 -8 -4 -2 -11 -12 -5 18 15 17 -17 -15 -14 20 -1 25 23 24 -6 -22 -26 -23 -16 -30
right_child=1 -3 8 12 22 6 7 -9 -10 10 11 -13 13 14 28 16 -18 -19 -20 -21 21 27 -24 -25 26 -27 -28 -29 29 -31
leaf_value=-0.00068315565974448784 0.044082123283203531 0.054744858186129966 -0.004967938733650379 0.018974354079214755 -0.032051459448490069 -0.017624476877661565 -0.00047171756255073611 -0.018627978445584038 -0.021888567240393942 0.0058189933906449675 -0.013890410551542182 0.00083669796861332558 -0.0048499701398413081 0.0052792976658936662 0.044980850972090862 -0.046653158062605019 -0.035298913416353397 -0.035764844347772259 -0.031224492449029917 0.012190149484294173 0.022369474859284606 -0.032183362929404338 0.01662732463013103 0.0086050264030438708 0.0010643069306506335 -0.015038029304021667 -0.01361572330658887 -0.010667458894814432 0.0091557643676940872 -0.014122653324438158
leaf_weight=2783 512 537 58 108 62 42 117 29 37 1139 25 45 46 126 120 28 27 30 25 89 33 27 622 255 258 26 73 26 231 77
leaf_count=2783 512 537 58 108 62 42 117 29 37 1139 25 45 46 126 120 28 27 30 25 89 33 27 622 255 258 26 73 26 231 77
internal_value=0.000164434 0.000969776 -0.000381666 0.000533858 -0.000268287 -0.000741254 -0.00596825 -0.00364626 -0.005625 0.00123345 0.000558678 -0.00507042 -0.000937729 -0.00151899 -0.00081875 -0.00413208 -0.0125 -0.00112102 -0.00772222 -0.00041005 -0.00054558 -0.00559292 0.000912667 -0.000197226 -0.00159391 -0.000733333 -0.000590361 -0.0108889 0.000820513 -0.000284789
internal_weight=7613 3076 4537 2539 4442 3172 188 146 95 1721 1209 70 818 710 639 211 55 156 71 2984 2895 112 1270 648 393 59 331 53 428 308
internal_count=7613 3076 4537 2539 4442 3172 188 146 95 1721 1209 70 818 710 639 211 55 156 71 2984 2895 112 1270 648 393 59 331 53 428 308
is_linear=0
shrinkage=0.04


Tree=63
num_leaves=31
num_cat=0
split_feature=4 11 8 5 5 11 12 3 7 11 14 17 9 5 3 11 10 11 14 0 5 10 2 12 10 2 2 17 14 9
split_gain=2.0659 1.72279 1.43499 1.43319 1.54469 1.3841 1.24587 2.18456 2.66634 2.41294 1.67424 1.66423 1.6231 1.2515 3.50396 1.58092 2.78228 2.0249 1.41437 1.21477 1.3268 1.82934 1.4171 2.72493 1.58246 2.22806 2.00136 2.21297 3.18609 1.86638
threshold=7.0500000000000007 25.550000000000004 19.450000000000003 16.350000000000005 19.250000000000004 -1.1499999999999997 77.500000000000014 11.450000000000001 12.183333333333335 13.350000000000003 186.50000000000003 -0.60355339059327362 86.500000000000014 15.350000000000003 10.950000000000001 9.9500000000000011 12.050000000000002 5.9500000000000011 138.50000000000003 10.350000000000003 5.4500000000000011 13.950000000000001 9.9500000000000011 74.500000000000014 5.0500000000000007 7.4500000000000011 3.5500000000000003 -0.37940952255126065 157.50000000000003 60.500000000000007
decision_type=2 2 2 2 2 2 2 2 2 2 2 2 2 2 2 2 2 2 2 2 2 2 2 2 2 2 2 2 2 2
left_child=3 2 5 19 -5 -2 7 -7 9 -9 -11 12 -12 15 -15 16 17 -8 -19 20 -1 22 24 -24 25 26 -22 28 -28 -26
right_child=1 -3 -4 4 -6 6 13 8 -10 10 11 -13 -14 14 -16 -17 -18 18 -20 -21 21 -23 23 -25 29 -27 27 -29 -30 -31
leaf_value=0.00014075443572216426 0.072678868212954259 0.052555063858684775 0.088774142941171197 -0.021537263813778438 0.0016304405612253148 0.012425935644985026 0.0017635884553636205 0.023780143761341101 0.015438519388130822 -0.014106809614789797 -0.0032138506138604311 -0.052256768132339614 -0.026437172274507929 -0.032823549750825499 0.029120954019222649 0.016905981860637808 -0.015866314933917651 -0.06046502193865979 -0.00087833434449312211 0.015539380491195819 -0.0052579033563735266 0.0096106928609089853 0.013708274870898056 -0.028261694404815102 -0.0094843813444074384 0.038571512004102616 -0.0073321978425010381 -0.0076794090339809004 -0.021272323717285928 0.0024468208880058782
leaf_weight=2463 143 537 309 61 34 1100 260 64 200 84 36 40 27 33 48 98 39 32 26 487 233 196 30 25 327 54 35 76 42 474
leaf_count=2463 143 537 309 61 34 1100 260 64 200 84 36 40 27 33 48 98 39 32 26 487 233 196 30 25 327 54 35 76 42 474
internal_value=0.000169688 0.000969776 0.000533858 -0.000372851 -0.00520833 0.000179292 -8.23753e-05 0.000492268 -0.00184956 -0.0045873 -0.00687234 -0.0102692 -0.0060625 -0.00174302 -0.00629268 -0.000921052 -0.00215642 -0.000902821 -0.00759322 -0.000268287 -0.000500505 -0.00144139 -0.00198612 -0.00821429 -0.0017037 -0.00362812 -0.00469251 -0.00823377 -0.0129744 -0.000643391
internal_weight=7613 3076 2539 4537 95 2230 2087 1551 451 251 187 103 63 536 81 455 357 318 58 4442 3955 1492 1296 55 1241 440 386 153 77 801
internal_count=7613 3076 2539 4537 95 2230 2087 1551 451 251 187 103 63 536 81 455 357 318 58 4442 3955 1492 1296 55 1241 440 386 153 77 801
is_linear=0
shrinkage=0.04


Tree=64
num_leaves=31
num_cat=0
split_feature=4 11 8 19 4 4 3 6 2 7 7 4 3 3 18 10 9 9 16 8 9 12 17 11 3 12 14 13 8 20
split_gain=2.35395 1.53219 1.27985 1.47253 2.80086 3.84791 2.74821 1.15977 2.62623 2.46974 2.02092 1.66217 1.10793 1.207 1.02824 1.30688 1.74124 0.992102 1.85301 1.2794 0.919795 3.25733 0.853179 1.40867 1.37573 1.07588 0.970685 0.872328 0.853771 1.27184
threshold=7.0500000000000007 25.550000000000004 19.450000000000003 0.6078576107927941 13.850000000000003 17.050000000000004 9.4500000000000011 6.4749999999999979 6.1500000000000012 3.9520833333333338 5.5562500000000012 5.1500000000000012 11.350000000000003 13.850000000000003 -0.3794095225512602 11.850000000000003 43.500000000000007 82.500000000000014 187.50000000000003 5.7500000000000009 111.50000000000001 15.500000000000002 -0.5 24.350000000000005 4.9500000000000011 90.500000000000014 179.50000000000003 16.850000000000005 1.1500000000000001 -0.56174490092936669
decision_type=2 2 2 2 2 2 2 2 2 2 2 2 2 2 2 2 2 2 2 2 2 2 2 2 2 2 2 2 2 2
left_child=7 2 3 -2 12 6 -6 8 20 -10 -11 -12 17 -14 15 16 -9 18 -5 -20 21 -1 23 27 -25 -24 -27 28 29 -23
right_child=1 -3 -4 4 5 -7 -8 14 9 10 11 -13 13 -15 -16 -17 -18 -19 19 -21 -22 22 25 24 -26 26 -28 -29 -30 -31
leaf_value=-0.028864640409714301 0.0037275641509345128 0.050452861304337376 0.085223177223524349 0.003418449628272471 -0.028849406412041909 0.080759472155671336 -0.065104451643088992 -0.031042346509531308 -0.016925127979983984 0.0010778574700848367 -0.0001205006329732387 -0.017992781262186966 -0.034308887665047777 0.0063643560786221407 0.017243150028776792 0.0080558731809477185 -0.0017352416061644561 0.020288826597490366 -0.034692448168732605 -0.0060358396844385513 0.011696913327493513 -0.0078943911465271452 -0.0012203693894013259 0.017443414904146942 -0.026031382705663783 -0.021550476331329241 0.00023510538107848801 -0.0050028914390817915 0.0084954859135357979 0.010821964877840153
leaf_weight=32 1652 537 309 177 29 45 27 51 42 85 26 35 48 33 487 326 471 143 32 44 89 30 1905 26 27 49 31 41 746 38
leaf_count=32 1652 537 309 177 29 45 27 51 42 85 26 35 48 33 487 326 471 143 32 44 89 30 1905 26 27 49 31 41 746 38
internal_value=0.000232729 0.00108677 0.000675591 0.000340655 -0.00139551 -0.00741176 -0.0143158 -0.000346408 -0.000759288 -0.00533333 -0.00282993 -0.00832258 -0.000108786 -0.00434146 0.000643713 -0.00019788 -0.00143786 0.000765743 -0.000740157 -0.00592208 -0.000472305 -0.000594668 -0.000451969 0.000563256 -0.0057037 -0.000916415 -0.0054321 0.000957944 0.00124663 -0.00301449
internal_weight=7613 3076 2539 2230 578 101 56 4537 3202 188 146 61 477 81 1335 848 522 396 253 76 3014 2925 2893 908 53 1985 80 855 814 68
internal_count=7613 3076 2539 2230 578 101 56 4537 3202 188 146 61 477 81 1335 848 522 396 253 76 3014 2925 2893 908 53 1985 80 855 814 68
is_linear=0
shrinkage=0.04


Tree=65
num_leaves=31
num_cat=0
split_feature=0 14 12 5 7 11 17 7 4 12 9 4 0 10 14 4 11 9 0 4 13 1 0 13 7 19 3 4 19 18
split_gain=2.67508 1.978 1.53767 1.46522 1.92195 1.68719 1.67204 1.37426 2.02158 1.22328 1.26498 1.2166 1.31855 2.94832 1.12796 1.71114 1.13244 1.09385 1.66712 1.08135 1.07772 1.07586 1.84304 1.06002 1.51253 1.06607 1.04561 2.56361 2.20811 1.03847
threshold=8.5500000000000025 86.500000000000014 43.500000000000007 9.6500000000000004 11.508333333333335 -0.44999999999999996 0.12940952255126045 10.175000000000002 7.9500000000000011 14.500000000000002 59.500000000000007 0.35000000000000003 3.0500000000000003 12.950000000000001 112.50000000000001 2.2500000000000004 5.2500000000000009 78.500000000000014 1.0500000000000003 16.650000000000002 11.350000000000003 6.6500000000000012 7.6500000000000012 4.4500000000000011 5.3354166666666671 1.0000000180025095e-35 5.4500000000000011 5.0500000000000007 0.6078576107927941 0.78656609248549303
decision_type=2 2 2 2 2 2 2 2 2 2 2 2 2 2 2 2 2 2 2 2 2 2 2 2 2 2 2 2 2 2
left_child=1 9 -2 11 5 -5 20 8 21 -1 -11 -3 13 14 15 -13 17 18 -16 -4 -7 23 -23 -8 -25 -26 -18 -28 -29 -20
right_child=2 3 19 4 -6 6 7 -9 -10 10 -12 12 -14 -15 16 -17 26 -19 29 -21 -22 22 -24 24 25 -27 27 28 -30 -31
leaf_value=-0.010921279004787118 0.07324788859139246 -0.005490497525341035 0.0013075048743269441 0.01985646765259344 0.012677785832554815 0.00027413903106792234 0.00041360334141497172 0.0010814076680743781 -0.013568559963851742 -0.013418889376020383 0.015264645829876942 -0.027391849665727427 0.00056585736480741639 -0.017117599278159826 -0.0071787070935250552 -0.001655785652352608 -0.0010749529175771656 0.0069928143611815872 0.0020826848906267546 0.1030390519565173 -0.011822017382476478 -0.015258536485679396 -0.0044709678188216105 -0.028151230130632043 0.0011993876160734335 -0.014205401668458685 -0.0099349456836988186 0.00036273147998888851 -0.028205036844738563 -0.013403545889746689
leaf_weight=31 608 33 1532 49 101 195 69 42 54 47 686 30 2429 25 29 71 526 140 347 185 49 31 27 29 44 32 25 96 30 54
leaf_count=31 608 33 1532 49 101 195 69 42 54 47 686 30 2429 25 29 71 526 140 347 185 49 31 27 29 44 32 25 96 30 54
internal_value=0.000149601 -0.000344983 0.00128117 -0.000660816 -0.00231259 -0.00314469 -0.00375567 -0.00561702 -0.00660627 0.00153726 0.00186921 -0.000349322 -0.000281883 -0.0012722 -0.00101408 -0.00505882 -0.000682692 0.000630473 -0.00037123 0.000668219 -0.00124082 -0.00494421 -0.00962712 -0.00333714 -0.00584906 -0.00280519 -0.00178761 -0.00471053 -0.00233071 0.000308458
internal_weight=7646 5321 2325 4557 722 621 572 328 286 764 733 3835 3802 1373 1348 101 1247 570 430 1717 244 232 58 174 105 76 677 151 126 401
internal_count=7646 5321 2325 4557 722 621 572 328 286 764 733 3835 3802 1373 1348 101 1247 570 430 1717 244 232 58 174 105 76 677 151 126 401
is_linear=0
shrinkage=0.04


Tree=66
num_leaves=31
num_cat=0
split_feature=6 11 14 16 11 8 14 13 18 14 11 8 16 11 8 2 4 9 14 1 1 13 9 11 8 14 8 11 4 7
split_gain=2.77163 2.22727 1.30864 1.42712 1.51452 1.58453 1.2493 1.1486 3.17186 1.86993 2.85058 1.84017 1.88684 1.75324 1.44833 1.58637 1.58236 1.4158 2.01883 1.2214 1.56625 1.20241 1.06057 1.04631 1.26245 1.02608 1.75469 1.79588 1.50595 1.15865
threshold=6.4166666666666634 21.350000000000005 86.500000000000014 2397.5000000000005 5.4500000000000011 0.95000000000000007 182.50000000000003 10.950000000000001 -0.3794095225512602 268.50000000000006 21.750000000000004 4.2500000000000009 827.50000000000011 8.2500000000000018 2.6500000000000008 4.8500000000000005 5.6500000000000012 95.500000000000014 292.50000000000006 1.8500000000000003 2.2500000000000004 7.6500000000000012 59.500000000000007 -1.1499999999999997 18.650000000000002 197.50000000000003 5.9500000000000011 10.15 5.4500000000000011 6.7479166666666677
decision_type=2 2 2 2 2 2 2 2 2 2 2 2 2 2 2 2 2 2 2 2 2 2 2 2 2 2 2 2 2 2
left_child=2 23 22 4 5 -4 -7 9 13 14 -11 12 -12 -9 16 25 19 -10 -19 -6 -21 -17 -1 -2 -25 -16 27 -27 -29 -30
right_child=1 -3 3 -5 7 6 -8 8 17 10 11 -13 -14 -15 15 21 -18 18 -20 20 -22 -23 -24 24 -26 26 -28 28 29 -31
leaf_value=-0.013906822113827835 0.025789600460388865 0.053456440210388791 -0.0064014818996673594 0.009960756240346506 -0.0027412273196649691 -0.0012074822099737879 0.0032454990727594345 -0.0090689398036375782 -0.0024713400423824589 0.021778434431566355 -0.010730435019665667 0.0045148295295963491 -0.019780737935385029 -0.020032364305570902 0.0025546228269028816 -0.012400202023092277 -7.4716255309289437e-05 -0.0084680520106722463 -0.011185541473478592 -0.012644749768934095 -0.0044136421206053189 -0.020142498728793111 0.0088286202404961565 -0.0008013945377856155 0.046746543600827702 0.02734795034521274 0.015175406233471205 -0.03686490357463576 0.014107745562583849 -0.0093646787536099344
leaf_weight=33 237 865 35 143 64 807 794 26 304 263 27 54 26 26 388 265 72 50 25 27 29 51 520 1980 351 29 49 55 25 26
leaf_count=33 237 865 35 143 64 807 794 26 304 263 27 54 26 26 388 265 72 50 25 27 29 51 520 1980 351 29 49 55 25 26
internal_value=0.000196679 0.00104019 -0.000490745 -0.000764818 -0.000924389 -3.42088e-05 0.00015231 -0.00169819 -0.00350926 -0.00115782 0.0012938 -0.00418518 -0.00940741 -0.0126792 -0.00199815 -0.00131384 -0.0051399 -0.00222105 -0.00710526 -0.00793388 -0.0122105 -0.0035836 0.0013213 0.000448424 0.000190395 -5.58463e-05 -0.00250811 -0.00485294 -0.00725234 -0.00223077
internal_weight=7646 3433 4213 3660 3517 1636 1601 1881 431 1450 370 107 53 52 1080 888 192 379 75 120 56 316 553 2568 2331 572 184 135 106 51
internal_count=7646 3433 4213 3660 3517 1636 1601 1881 431 1450 370 107 53 52 1080 888 192 379 75 120 56 316 553 2568 2331 572 184 135 106 51
is_linear=0
shrinkage=0.04


Tree=67
num_leaves=31
num_cat=0
split_feature=7 13 12 11 8 18 3 16 0 4 7 10 17 3 5 16 4 19 18 7 19 17 11 5 5 7 4 17 7 12
split_gain=2.48848 1.7709 1.39633 1.59845 2.84064 1.77773 1.48992 2.96084 3.81131 1.46838 1.28186 1.9527 1.34357 1.26968 1.25471 1.24295 1.10853 1.11372 2.40091 1.72357 1.74595 1.02627 1.03703 1.10824 1.24279 1.63016 1.87943 1.68484 1.34915 1.08621
threshold=13.285416666666668 10.950000000000001 59.500000000000007 13.550000000000002 4.0500000000000007 -0.12940952255126037 4.6500000000000012 52.500000000000007 4.9500000000000011 2.4500000000000006 2.6604166666666673 8.9500000000000011 -0.9159756150367534 12.950000000000001 1.6500000000000001 812.50000000000011 0.75000000000000011 0.6078576107927941 1.0000000180025095e-35 10.452083333333336 -0.60785761079279388 -0.60355339059327362 1.2500000000000002 0.65000000000000002 8.7500000000000018 10.533333333333335 10.550000000000002 0.91597561503675362 7.3354166666666671 87.500000000000014
decision_type=2 2 2 2 2 2 2 2 2 2 2 2 2 2 2 2 2 2 2 2 2 2 2 2 2 2 2 2 2 2
left_child=1 2 3 -1 10 6 7 -6 -9 -7 -5 12 -12 -8 -14 21 -3 19 -19 -18 -21 -4 -23 -24 -25 26 27 -26 -29 -27
right_child=-2 16 15 4 5 9 13 8 -10 -11 11 -13 14 -15 -16 -17 17 18 -20 20 -22 22 23 24 25 29 -28 28 -30 -31
leaf_value=0.014815215771789497 0.085344266285592024 -0.0088019877297329553 0.0074249889454189632 0.0013221864675271586 0.0044202490277743594 -0.011522584204458897 0.011905752406901633 1.8125873908498748e-05 -0.055328733459222512 0.031366384513818513 -0.030065665040187612 -0.023305674024830494 -0.022754823361638393 -0.018221848870106853 0.00028989340571160526 -0.013085902907666326 0.0010732395829134119 -0.021064301290744335 -0.003504217936011157 -0.016069497925133524 0.00018200632669621234 0.00028120165119503926 -0.016995014611655295 -0.0016183941411757328 -0.0034505191848328764 0.011644131091990972 -0.046959786698148528 -0.0030019063407217619 -0.015049771600503952 -0.013241304777281287
leaf_weight=644 637 25 892 63 41 30 325 28 30 884 49 28 26 49 163 28 447 40 187 32 31 910 27 1428 330 133 29 29 48 33
leaf_count=644 637 25 892 63 41 30 325 28 30 884 49 28 26 49 163 28 447 40 187 32 31 910 27 1428 330 133 29 29 48 33
internal_value=0.000160063 -5.76318e-05 0.000164533 0.000931809 0.000293535 0.00108646 -0.000902953 -0.00524 -0.0109831 0.00211585 -0.00304242 -0.00425468 -0.00304602 0.000256 -0.00149474 -0.00030144 -0.0018768 -0.00158808 -0.00391228 -0.000547945 -0.0066875 -0.000239378 -0.000597035 -0.00109427 -0.000984736 -0.00250746 -0.00378947 -0.00306863 -0.00835897 0.000862276
internal_weight=7646 7009 6247 2360 1716 1387 473 99 58 914 329 266 238 374 189 3887 762 737 227 510 63 3859 2967 2057 2030 602 436 407 77 166
internal_count=7646 7009 6247 2360 1716 1387 473 99 58 914 329 266 238 374 189 3887 762 737 227 510 63 3859 2967 2057 2030 602 436 407 77 166
is_linear=0
shrinkage=0.04


Tree=68
num_leaves=31
num_cat=0
split_feature=0 14 9 12 11 19 5 7 11 14 0 9 12 8 13 14 11 17 8 5 8 13 12 3 9 5 3 13 15 9
split_gain=2.1362 1.869 1.43498 1.98742 1.19932 1.48937 1.15392 1.36164 1.30893 1.81073 1.14764 1.13233 0.967099 0.947727 1.94682 1.04831 1.2238 1.69292 1.54795 1.98788 1.3253 0.938492 0.927534 1.16293 0.961998 1.38797 1.57215 1.72629 1.28693 1.12664
threshold=8.5500000000000025 86.500000000000014 45.500000000000007 67.500000000000014 19.650000000000002 -0.60785761079279388 9.9500000000000011 11.508333333333335 19.550000000000004 181.50000000000003 8.4500000000000011 59.500000000000007 14.500000000000002 2.6500000000000008 18.850000000000005 99.500000000000014 5.2500000000000009 -1.0000000180025095e-35 2.2500000000000004 5.3500000000000005 0.95000000000000007 1.1500000000000001 77.500000000000014 13.850000000000003 70.500000000000014 8.4500000000000011 5.0500000000000007 1.5500000000000003 1.0000000180025095e-35 73.500000000000014
decision_type=2 2 2 2 2 2 2 2 2 2 2 2 2 2 2 2 2 2 2 2 2 2 2 2 2 2 2 2 2 2
left_child=1 11 3 -2 5 -4 10 8 -8 -10 13 -1 -13 15 22 -3 20 -18 -19 -20 -17 -22 23 -15 -24 26 29 -28 -29 -26
right_child=2 6 4 -5 -6 -7 7 -9 9 -11 -12 12 -14 14 -16 16 17 18 19 -21 21 -23 24 -25 25 -27 27 28 -30 -31
leaf_value=-0.01262286047424321 -0.042188514444991131 -0.027436511599028567 0.029996711616245331 0.00019840847355794602 0.079373557668988251 -1.9773827314278108e-05 -0.0039222531486132316 0.010826593656613894 0.0010137747139180981 -0.015644656588031457 -0.02068847447815117 -0.010376669286037128 0.014184782921743234 0.0024735186276829461 -0.0090394652988348197 -0.0055027168384149151 -0.00077843551828588823 -0.0026840111581187005 -0.020864219312407579 -0.0036902684926934078 -0.0061326143638786761 0.0025478500086252749 -0.0001737351755558874 -0.022267406567054407 -0.012890946926550286 0.017199856519172871 -0.02454021513890043 -0.01671669663855228 0.0017081381863150429 0.0063126759807590332
leaf_weight=47 49 36 394 185 715 982 425 94 52 78 29 31 686 1808 27 31 308 88 33 36 75 311 827 52 35 39 29 32 26 86
leaf_count=47 49 36 394 185 715 982 425 94 52 78 29 31 686 1808 27 31 308 88 33 36 75 311 827 52 35 39 29 32 26 86
internal_value=0.000149601 -0.000292371 0.00116079 -0.00180426 0.00149331 0.000801743 -0.000599386 -0.00216 -0.00291367 -0.00641221 -0.000339729 0.00153726 0.00193315 -0.000279381 6.88725e-05 -0.00140152 -0.00112344 -0.00253219 -0.00589873 -0.0103429 0.000449761 0.00109561 0.000168995 0.000709296 -0.000766511 -0.00295161 -0.0042488 -0.00831818 -0.00420339 -0.00127869
internal_weight=7646 5321 2325 234 2091 1376 4557 649 555 130 3908 764 717 3879 2961 918 882 465 157 69 417 386 2934 1860 1074 247 208 87 58 121
internal_count=7646 5321 2325 234 2091 1376 4557 649 555 130 3908 764 717 3879 2961 918 882 465 157 69 417 386 2934 1860 1074 247 208 87 58 121
is_linear=0
shrinkage=0.04


Tree=69
num_leaves=31
num_cat=0
split_feature=7 9 12 10 13 11 19 17 3 0 8 2 5 4 11 12 7 0 0 13 9 2 11 4 20 10 6 17 5 19
split_gain=2.069 1.61042 2.13881 1.3078 2.07902 1.47675 1.29375 1.83119 1.32176 1.24125 3.54065 1.06364 0.927567 2.27551 2.34171 1.38523 1.22393 1.12194 0.853191 0.911096 0.815721 1.72301 1.32976 1.1912 1.36168 2.22168 1.42182 1.09423 0.949672 1.18767
threshold=18.272916666666671 99.500000000000014 15.500000000000002 0.8500000000000002 10.950000000000001 4.9500000000000011 0.6078576107927941 0.37940952255126054 3.0500000000000003 2.4500000000000006 1.6500000000000001 9.6500000000000004 16.550000000000004 6.7500000000000009 17.050000000000004 76.500000000000014 12.629166666666668 10.15 1.0500000000000003 17.850000000000005 60.500000000000007 11.450000000000001 11.350000000000003 2.1500000000000008 0.81174490092936691 7.2500000000000009 1.6499999999999966 -0.78656609248549292 9.6500000000000004 1.0000000180025095e-35
decision_type=2 2 2 2 2 2 2 2 2 2 2 2 2 2 2 2 2 2 2 2 2 2 2 2 2 2 2 2 2 2
left_child=1 2 -1 -4 12 -6 9 8 -8 10 -7 -11 17 14 -14 -15 -17 20 -3 -20 23 27 -23 -5 26 -26 -25 -22 29 -28
right_child=-2 18 3 4 5 6 7 -9 -10 11 -12 -13 13 15 -16 16 -18 -19 19 -21 21 22 -24 24 25 -27 28 -29 -30 -31
leaf_value=-0.028221330924561073 0.12302361039974707 -0.0071074560188983931 0.020996716085336882 0.0028628903189023935 0.0053658286632198684 0.0015580657319584368 -0.0104699172671725 -0.0035780014091772935 -0.023321017927288541 0.0066087490392101687 -0.023189489059344145 -0.024067573221331687 -0.022624639313451215 0.045098599762446893 -0.029022927317340939 0.00068719797192229478 -0.046699358506651453 0.0087608950401344421 0.019572419047836791 -0.0044969301141531831 0.015121241161473169 -0.00096597435205617857 -0.043363734538544127 -0.013014867506368375 -0.011383599931169695 -0.0023372798714996492 -0.011254456085720213 -0.0002051542947357397 -0.008910159359060893 0.0039685895150577705
leaf_weight=29 261 25 429 270 56 60 31 52 39 142 43 40 38 122 27 33 29 1048 752 25 669 36 36 28 38 50 381 2306 180 371
leaf_count=29 261 25 429 270 56 60 31 52 39 142 43 40 38 122 27 33 29 1048 752 25 669 36 36 28 38 50 381 2306 180 371
internal_value=0.000186217 6.22801e-05 -0.000143985 -9.51944e-05 -0.000244858 -0.00281897 -0.00365686 -0.00708943 -0.0112676 -0.00216783 -0.00565385 -0.000174863 -3.39041e-05 -0.002416 -0.00878788 -0.00012973 -0.00495238 7.60991e-05 0.00175342 0.00198972 -0.000206138 0.000153543 -0.00591781 -0.00103715 -0.00164728 -0.00638202 -0.00120708 0.000302419 -0.000934619 -0.000308101
internal_weight=7646 7385 6583 6554 6125 463 407 122 70 285 103 182 5662 249 65 184 62 5413 802 777 4365 3047 72 1318 1048 88 960 2975 932 752
internal_count=7646 7385 6583 6554 6125 463 407 122 70 285 103 182 5662 249 65 184 62 5413 802 777 4365 3047 72 1318 1048 88 960 2975 932 752
is_linear=0
shrinkage=0.04


Tree=70
num_leaves=31
num_cat=0
split_feature=9 13 10 4 19 0 14 6 14 5 18 2 2 4 0 5 19 14 4 5 9 1 17 19 2 14 14 7 5 20
split_gain=2.14051 1.97319 1.55827 1.33226 1.31738 1.58413 1.35952 1.7335 1.35651 2.07578 1.50529 1.45326 1.24763 1.92215 1.6461 1.15037 1.45683 1.14729 2.64376 3.1514 1.40714 1.59495 1.15679 1.14643 1.14033 1.0793 1.07791 0.828673 1.07124 2.32455
threshold=105.50000000000001 5.8500000000000005 0.75000000000000011 3.8500000000000001 0.6078576107927941 2.4500000000000006 228.50000000000003 6.2249999999999979 228.50000000000003 2.7500000000000004 0.78656609248549303 2.7500000000000004 13.250000000000002 10.450000000000001 16.850000000000005 1.8500000000000003 -1.0000000180025095e-35 157.50000000000003 4.3500000000000005 5.3500000000000005 81.500000000000014 5.9500000000000011 0.37940952255126054 0.87837969732492682 1.3500000000000003 177.50000000000003 114.50000000000001 21.091666666666672 17.550000000000004 1.0000000180025095e-35
decision_type=2 2 2 2 2 2 2 2 2 2 2 2 2 2 2 2 2 2 2 2 2 2 2 2 2 2 2 2 2 2
left_child=1 3 15 -1 5 8 17 -8 10 -10 26 -11 -7 14 -14 16 -3 20 19 -19 -6 -22 -20 -9 -12 -24 -4 28 -5 -30
right_child=-2 2 4 27 6 12 7 23 9 11 24 -13 13 -15 -16 -17 -18 18 22 -21 21 -23 25 -25 -26 -27 -28 -29 29 -31
leaf_value=-0.0011110185194592307 0.022135530595727031 0.037089985520618707 -0.0069077906580449532 0.005157091384398166 0.0036986739835411413 0.00087098403164258416 0.019124319907101488 0.015831707422193905 0.0018764488347525227 -0.011648769988201191 -0.017143978901127031 -0.01064961833614686 -0.039940275524958407 0.0032068709354834027 -0.021903881832056462 0.01366357330933555 -0.0066571328620227948 -0.0021642670997964884 -0.0097747838212427253 -0.013175837312505411 -0.00091712538433296636 -0.031934969165691482 -0.021898923673476546 -0.024259583862027406 -0.0049168391650500345 0.0028892154090880587 0.005773734598115106 0.15025019010472318 0.031309378211173015 -0.033276900667396352
leaf_weight=1770 548 25 38 2883 83 809 88 25 33 25 28 28 27 78 26 312 38 29 56 29 41 30 36 29 34 50 120 137 86 95
leaf_count=1770 548 25 38 2883 83 809 88 25 33 25 28 28 27 78 26 312 38 29 56 29 41 30 36 29 34 50 120 137 86 95
internal_value=0.000202174 1.57993e-05 -0.00100661 0.000451328 -0.00151004 -0.000814755 -0.00325151 5.59442e-05 -0.00330945 -0.00754023 -0.00162896 -0.0123704 1.48853e-10 -0.00360606 -0.00940741 0.00132979 -0.0035625 -0.00457465 -0.00656716 -0.0136949 -0.00196129 -0.00605556 -0.00358042 -0.00552727 -0.00685714 -0.000643678 0.00045283 0.000938164 0.000801305 -0.00217582
internal_weight=7636 7088 2117 4971 1742 1246 496 142 306 86 220 53 940 131 53 375 63 354 200 58 154 71 142 54 62 86 158 3201 3064 181
internal_count=7636 7088 2117 4971 1742 1246 496 142 306 86 220 53 940 131 53 375 63 354 200 58 154 71 142 54 62 86 158 3201 3064 181
is_linear=0
shrinkage=0.04


Tree=71
num_leaves=31
num_cat=0
split_feature=7 4 10 13 3 0 9 3 5 9 4 16 6 8 2 11 3 5 10 5 9 9 13 11 5 4 12 11 11 5
split_gain=2.04831 1.98396 1.37495 2.15337 1.89619 1.77426 1.67774 1.54772 1.50925 1.3784 2.93639 1.65151 1.38442 2.38667 1.28144 1.26667 1.22103 1.17784 1.15802 1.10914 1.9797 0.814022 1.55623 1.97486 3.17609 1.27263 1.14601 0.976243 0.975797 0.959404
threshold=13.410416666666668 17.650000000000002 0.75000000000000011 5.8500000000000005 13.350000000000003 2.2500000000000004 84.500000000000014 14.350000000000003 1.0500000000000003 68.500000000000014 4.3500000000000005 752.50000000000011 2.3999999999999964 1.7500000000000002 15.750000000000002 8.6500000000000004 13.250000000000002 3.8500000000000001 1.6500000000000001 1.2500000000000002 62.500000000000007 73.500000000000014 1.4500000000000002 4.8500000000000005 5.8500000000000005 4.1500000000000012 78.500000000000014 9.7500000000000018 -5.3499999999999988 7.2500000000000009
decision_type=2 2 2 2 2 2 2 2 2 2 2 2 2 2 2 2 2 2 2 2 2 2 2 2 2 2 2 2 2 2
left_child=1 2 -1 6 5 8 19 -6 -5 10 -10 -11 13 18 -9 -3 -8 -15 -13 20 -4 28 23 25 -25 -23 -27 -24 -21 -30
right_child=-2 15 3 4 7 -7 16 14 9 11 -12 12 -14 17 -16 -17 -18 -19 -20 21 -22 22 27 24 -26 26 -28 -29 29 -31
leaf_value=0.011616233070029125 0.0740430292765345 -0.0013239128089366017 -0.020505595549021996 0.0040192241550457619 -0.034757847138595428 -0.00022790388831838934 0.026276080987049494 0.0031175247173035377 -0.011421156759864586 0.001718850126117094 -0.0022849075486389161 -0.006460629470745524 0.0013600209560767143 -0.018603378676037806 -0.033505680576430143 -0.015325764097354054 -0.017540067564904741 -0.032086375993065838 0.0018306830907592569 0.047504963287608684 -0.00093361691070038193 0.0062868262224628369 -0.0025656693060217566 -0.043395780524801406 0.013148596201737993 0.031472953657735302 -0.013205604539813925 0.02450509290499768 0.0028574369007001461 -0.0021159990167391161
leaf_weight=706 608 25 44 51 27 1219 490 36 32 115 45 31 47 27 33 30 46 26 45 143 124 51 421 25 25 26 33 191 1812 1102
leaf_count=706 608 25 44 51 27 1219 490 36 32 115 45 31 47 27 33 30 46 26 45 143 124 51 421 25 25 26 33 191 1812 1102
internal_value=0.000191698 -1.13799e-06 5.90767e-05 -0.000129547 -0.00132795 -0.00100549 0.000329069 -0.00676289 -0.00324762 -0.00414092 -0.00887179 -0.00286301 -0.00528814 -0.00741538 -0.00348571 -0.0075 0.00242831 -0.0138519 -0.00280519 4.70237e-05 -0.00312426 0.000186945 -0.000972833 -0.00447205 -0.0109804 -0.00144144 -0.0054 -5.22021e-05 0.000480052 0.000321098
internal_weight=7636 7028 6973 6267 1734 1638 4533 96 419 368 77 291 176 129 69 55 536 53 76 3997 168 3829 772 160 50 110 59 612 3057 2914
internal_count=7636 7028 6973 6267 1734 1638 4533 96 419 368 77 291 176 129 69 55 536 53 76 3997 168 3829 772 160 50 110 59 612 3057 2914
is_linear=0
shrinkage=0.04


Tree=72
num_leaves=31
num_cat=0
split_feature=7 11 7 9 14 16 11 12 9 7 9 14 18 12 9 5 5 0 4 9 14 14 9 5 19 3 11 7 17 17
split_gain=2.06068 1.343 2.56986 1.62778 1.22056 1.24899 1.5965 1.70222 1.93322 1.48422 1.10418 1.09063 0.94136 0.916014 2.26863 1.57064 0.995176 0.901521 2.10368 4.14301 2.21593 2.74293 1.96462 1.40794 1.16751 1.04764 1.10252 1.03578 1.021 1.17088
threshold=19.439583333333335 25.350000000000005 3.7270833333333337 102.50000000000001 75.500000000000014 27.500000000000004 -1.7499999999999998 90.500000000000014 57.500000000000007 1.9187500000000004 72.500000000000014 339.50000000000006 -0.70710678118654757 78.500000000000014 78.500000000000014 9.6500000000000004 10.550000000000002 9.8500000000000032 10.850000000000003 88.500000000000014 172.50000000000003 274.50000000000006 89.500000000000014 14.550000000000002 0.6078576107927941 11.65 15.350000000000003 12.629166666666668 0.78656609248549325 -0.5
decision_type=2 2 2 2 2 2 2 2 2 2 2 2 2 2 2 2 2 2 2 2 2 2 2 2 2 2 2 2 2 2
left_child=1 4 3 -3 -1 9 -7 11 12 -6 -10 17 -9 -11 15 -15 -17 18 22 28 -21 -22 23 -8 -25 26 -19 -27 29 -20
right_child=-2 2 -4 -5 5 6 7 8 10 13 -12 -13 -14 14 -16 16 -18 25 19 20 21 -23 -24 24 -26 27 -28 -29 -30 -31
leaf_value=0.0099637903542227884 0.1418349716418579 -0.01792864602968585 0.03506561921953194 0.0075259084192311121 -0.0057619636084704799 0.012747460409044849 -0.0026320066116566525 -0.01939573380145624 0.0033723879724210826 0.021834757693757426 -0.0037591220333945243 0.019804296263239023 -0.014046462178615791 0.0047688695491734136 -0.016801497145830988 -0.017131521377480498 -0.0014950621168371599 -0.00076380971011318825 0.00032334226692572432 -0.01802162619397658 -0.031385683300668703 -0.011564135443433972 0.011196599232713001 -0.012516655590631299 -0.026692387142437921 -0.02103993684992889 0.05521755550237549 0.027231524922735107 0.0082136531282347887 -0.017262285119749501
leaf_weight=645 238 40 653 31 25 348 2463 38 83 400 30 205 31 453 30 32 65 267 117 37 44 47 425 53 39 191 275 181 66 84
leaf_count=645 238 40 653 31 25 348 2463 38 83 400 30 205 31 453 30 32 65 267 117 37 44 47 425 53 39 191 275 181 66 84
internal_value=0.000160273 4.2168e-05 0.00167724 -0.0055 -0.000135431 -0.000312438 -0.00056995 -0.000764593 -0.00454645 0.000974155 -0.00129825 -0.000610456 -0.00977143 0.00122324 0.000206541 0.000798548 -0.00379592 -0.000746853 -0.00104858 -0.00378788 -0.00967442 -0.013 -0.000684334 -0.00110329 -0.00593548 0.000367213 0.00148803 -0.00126542 -0.000940298 -0.00235644
internal_weight=7636 7398 724 71 6674 6029 5024 4676 182 1005 113 4494 69 980 580 550 97 4289 3375 395 128 91 2980 2555 92 914 542 372 267 201
internal_count=7636 7398 724 71 6674 6029 5024 4676 182 1005 113 4494 69 980 580 550 97 4289 3375 395 128 91 2980 2555 92 914 542 372 267 201
is_linear=0
shrinkage=0.04


Tree=73
num_leaves=31
num_cat=0
split_feature=7 14 6 14 10 11 4 16 11 11 3 14 1 20 13 16 0 11 5 16 3 19 13 17 17 12 11 12 11 1
split_gain=2.04888 1.38724 1.26623 1.53957 1.36239 2.15167 1.91242 1.43545 1.40538 2.77296 3.23535 1.59275 1.6995 1.38174 2.7274 2.0545 1.47628 1.3033 1.31508 1.45525 1.60685 1.65904 1.73522 1.5068 1.42854 1.30134 1.28051 1.25716 1.18146 1.5737
threshold=19.439583333333335 86.500000000000014 6.4749999999999979 187.50000000000003 5.2500000000000009 -3.8499999999999992 3.5500000000000003 377.50000000000006 4.1500000000000012 7.2500000000000009 4.6500000000000012 155.50000000000003 2.2500000000000004 1.0000000180025095e-35 7.4500000000000011 1347.5000000000002 1.9500000000000002 10.15 4.0500000000000007 32.500000000000007 6.7500000000000009 -0.8783796973249266 15.350000000000003 1.0000000180025095e-35 0.78656609248549325 89.500000000000014 25.550000000000004 88.500000000000014 2.8500000000000001 5.6500000000000012
decision_type=2 2 2 2 2 2 2 2 2 2 2 2 2 2 2 2 2 2 2 2 2 2 2 2 2 2 2 2 2 2
left_child=1 27 3 4 5 -3 7 25 -7 10 11 12 -10 -11 -15 16 -16 -5 24 -20 21 23 -23 -21 -19 -6 -4 -1 -8 -30
right_child=-2 2 26 17 6 8 28 -9 9 13 -12 -13 -14 14 15 -17 -18 18 19 20 -22 22 -24 -25 -26 -27 -28 -29 29 -31
leaf_value=0.015196631606990321 0.1361615727761836 -0.014690369317770253 0.00033353729057418647 0.0027845772072374849 -0.0017599103839457575 0.0012515845531335253 0.015371038353939222 -0.0073280354397685515 -0.021140467765270045 0.00046279331578458666 -0.059158506865940583 0.0089791941362135971 7.86993926470686e-06 0.03813702657571074 -0.0097385953528957118 -0.0026126659819865673 -0.024070055179369946 0.0067727114074641161 0.016062511628680713 -0.0053760130665580132 0.013331364921532671 -0.0090149137557535858 -0.0099716722299155128 -0.03714351751387273 -0.011169880704225189 -0.016642066941427631 0.060749524408928599 -0.013431643549437294 0.001793380402874765 -0.014347639382292545
leaf_weight=922 238 26 2543 1026 461 133 178 33 41 272 32 32 32 47 25 38 35 316 53 30 82 286 29 28 32 41 235 30 269 91
leaf_count=922 238 26 2543 1026 461 133 178 33 41 272 32 32 32 47 25 38 35 316 53 30 82 286 29 28 32 41 235 30 269 91
internal_value=0.000170748 5.29803e-05 -0.000157593 -0.000645407 -0.00148629 -0.00284034 -0.00058473 -0.00227612 -0.00240116 -0.00328649 -0.0082029 -0.00471698 -0.00794595 -0.0016555 -0.00479452 -0.00856566 -0.0131148 0.000152948 -0.000998833 -0.0022947 -0.00302632 -0.00413904 -0.00297468 -0.0103051 0.000893983 -0.0017336 0.000486506 0.00147744 0.00109833 -0.000221606
internal_weight=7636 7398 6446 3668 1786 713 1073 535 687 554 137 105 73 417 145 98 60 1882 856 508 455 373 315 58 348 502 2778 952 538 360
internal_count=7636 7398 6446 3668 1786 713 1073 535 687 554 137 105 73 417 145 98 60 1882 856 508 455 373 315 58 348 502 2778 952 538 360
is_linear=0
shrinkage=0.04


Tree=74
num_leaves=31
num_cat=0
split_feature=7 4 12 9 11 5 11 13 4 12 4 10 10 5 8 3 5 6 6 13 1 10 12 6 3 7 14 18 18 4
split_gain=2.00205 1.43432 1.40545 2.37698 1.52317 1.73008 1.56854 1.53765 1.42203 1.33422 1.85732 1.78076 1.23603 1.19988 1.19539 1.6172 1.92993 1.25411 1.26744 2.01431 1.44768 1.09544 1.05626 1.41015 1.19163 2.4095 1.94223 1.00923 0.950197 1.46136
threshold=19.439583333333335 3.8500000000000001 88.500000000000014 73.500000000000014 2.8500000000000001 1.5500000000000003 25.550000000000004 10.050000000000002 9.0500000000000025 36.500000000000007 11.450000000000001 1.7500000000000002 0.75000000000000011 6.9500000000000011 3.5500000000000003 3.9500000000000006 3.5500000000000003 2.599999999999997 2.1499999999999972 1.9500000000000002 2.2500000000000004 1.4500000000000002 51.500000000000007 3.6833333333333322 12.350000000000003 10.800000000000002 164.50000000000003 -0.70710678118654757 -0.5 5.6500000000000012
decision_type=2 2 2 2 2 2 2 2 2 2 2 2 2 2 2 2 2 2 2 2 2 2 2 2 2 2 2 2 2 2
left_child=1 12 4 28 -3 -6 7 22 -9 10 -10 -11 -1 -12 15 17 -17 18 21 -20 -21 -14 24 -24 -7 26 -26 -18 -4 -30
right_child=-2 2 3 -5 5 6 -8 8 9 11 13 -13 14 -15 -16 16 27 -19 19 20 -22 -23 23 -25 25 -27 -28 -29 29 -31
leaf_value=0.010512839160866854 0.13071510986513626 0.020025811586951953 0.0029287148935854797 -0.01508758625164212 -0.010568530405517581 0.019712479609051363 0.032867414928765146 0.00013438056820581877 -0.0016400580054121226 0.013557311831325974 -0.017010741374274604 -0.029654786925960745 -0.004579103286760559 -0.015719731560465463 -0.00022791544851293131 -0.0024853085568383917 -0.013458899990399635 0.0030010648474327766 -0.02078253851967804 -0.010142844344329769 0.0026672993606351027 -0.0014058821421627972 0.007706588270279183 -0.0039015058415782906 -0.0076666953349988059 0.063323741037400988 -0.05134373357837374 -0.0076871501590217517 0.015567216043534069 -0.010609909545889586
leaf_weight=118 238 746 180 35 168 844 603 258 39 54 27 75 42 28 1481 86 31 183 29 46 52 397 282 1225 35 138 25 28 49 94
leaf_count=118 238 746 180 35 168 844 603 258 39 54 27 75 42 28 1481 86 31 183 29 46 52 397 282 1225 35 138 25 28 49 94
internal_value=0.000212649 9.62294e-05 0.000493274 -0.00191643 0.000683377 0.000358759 0.000542653 0.000171561 -0.00190041 -0.00423214 -0.00783158 -0.00156923 -0.000684843 -0.0125 -0.000883838 -0.00203799 -0.00589041 -0.00128533 -0.00221517 -0.00571875 -0.00290909 -0.00119091 0.000563137 -0.000114058 0.00154171 -0.00124623 -0.00786885 -0.0114 -0.00082716 -0.00325
internal_weight=7636 7398 4905 358 4547 3801 3633 3030 481 223 94 129 2493 55 2375 894 145 749 566 127 98 439 2549 1507 1042 198 60 59 323 143
internal_count=7636 7398 4905 358 4547 3801 3633 3030 481 223 94 129 2493 55 2375 894 145 749 566 127 98 439 2549 1507 1042 198 60 59 323 143
is_linear=0
shrinkage=0.04


Tree=75
num_leaves=31
num_cat=0
split_feature=7 12 4 18 12 2 16 19 11 9 13 12 2 12 19 19 13 13 9 5 7 0 11 5 13 13 4 20 12 7
split_gain=1.94834 1.269 2.22843 1.12688 1.53391 1.95902 1.52995 2.04343 2.56063 1.35429 1.12746 1.34329 1.23217 1.7885 1.40521 1.10404 1.05043 1.11233 1.17817 1.17648 1.12467 1.04678 1.00701 0.997306 1.49061 1.08205 0.907681 0.930518 1.65442 1.49284
threshold=19.439583333333335 88.500000000000014 14.15 -0.3794095225512602 61.500000000000007 3.1500000000000008 67.500000000000014 0.6078576107927941 19.550000000000004 71.500000000000014 7.2500000000000009 65.500000000000014 13.450000000000001 44.500000000000007 0.6078576107927941 -0.60785761079279388 7.6500000000000012 18.750000000000004 101.50000000000001 2.7500000000000004 3.3520833333333337 3.7500000000000004 5.8500000000000005 6.1500000000000012 8.0500000000000025 4.0500000000000007 4.0500000000000007 -0.56174490092936669 79.500000000000014 5.7145833333333336
decision_type=2 2 2 2 2 2 2 2 2 2 2 2 2 2 2 2 2 2 2 2 2 2 2 2 2 2 2 2 2 2
left_child=1 3 -3 4 5 9 15 23 -9 -1 11 21 14 -14 -12 -7 -16 18 19 20 -18 -5 -11 24 -8 -25 27 28 -6 -30
right_child=-2 2 -4 10 26 6 7 8 -10 22 12 -13 13 -15 16 -17 17 -19 -20 -21 -22 -23 -24 25 -26 -27 -28 -29 29 -31
leaf_value=-0.011441249616273288 0.11815008100840879 -0.0028095544163866709 -0.020481957765576451 0.00085939076182792499 0.0015056180489360089 -0.0048958573959742967 -0.0016474774582093783 -0.043419635261195105 -0.00087449538142139087 0.0076396000694587875 0.0017893759001428795 0.00060375416072576036 0.0025485468287058132 -0.048599432993234486 -0.0053976550531203808 0.017484109313611877 -0.0012109744568291325 -0.0046505741073475078 0.038891649144236977 -0.0024566970125761119 -0.028726650370489489 0.032141816623335873 -0.0041799120214293982 -0.011344489231645541 -0.012164391042568659 0.010717012072964225 0.0030894317818509391 0.00039937724038764682 -0.0058708593914404408 -0.019047174497650071
leaf_weight=44 241 550 25 433 117 41 56 41 40 29 884 1277 48 31 26 226 32 27 82 214 36 1228 43 69 26 126 903 539 93 25
leaf_count=44 241 550 25 433 117 41 56 41 40 29 884 1277 48 31 26 226 32 27 82 214 36 1228 43 69 26 126 903 539 93 25
internal_value=0.000287038 0.000170131 -0.00163194 0.00032418 -0.000367094 -0.0018814 -0.000990415 -0.00269638 -0.0082439 -0.00663248 0.000711276 0.00115413 -0.000231716 -0.00505 6.45163e-05 0.00129851 -0.00184689 -0.00131633 -0.000723288 -0.00195053 -0.00649275 0.00190373 -0.00317808 -0.00105036 -0.00472289 0.000510204 0.000302742 -0.000701935 -0.00279661 -0.00611765
internal_weight=7552 7311 575 6736 2418 741 625 358 81 116 4318 2938 1380 79 1301 267 417 391 364 282 68 1661 72 277 82 195 1677 774 235 118
internal_count=7552 7311 575 6736 2418 741 625 358 81 116 4318 2938 1380 79 1301 267 417 391 364 282 68 1661 72 277 82 195 1677 774 235 118
is_linear=0
shrinkage=0.04


Tree=76
num_leaves=31
num_cat=0
split_feature=7 14 10 12 12 11 13 8 9 12 11 8 5 10 8 13 11 19 13 7 7 8 9 12 4 19 2 2 10 10
split_gain=1.90176 1.36005 0.947437 0.876391 0.847832 0.810565 0.665317 0.857229 0.662682 0.845636 1.29072 0.85448 0.790901 0.767407 0.695989 2.25689 1.32638 2.0062 2.19666 1.81226 3.69835 2.08987 1.93739 1.18555 2.25874 1.35492 1.49772 3.3036 3.32474 1.41187
threshold=21.091666666666672 45.500000000000007 17.950000000000003 73.500000000000014 14.500000000000002 32.150000000000013 1.7500000000000002 4.3500000000000005 42.500000000000007 67.500000000000014 2.6500000000000008 8.3500000000000032 10.65 8.9500000000000011 4.1500000000000012 18.650000000000002 14.550000000000002 1.0000000180025095e-35 13.950000000000001 2.9812500000000002 5.0562500000000012 2.7500000000000004 76.500000000000014 81.500000000000014 15.550000000000002 1.0000000180025095e-35 12.750000000000002 9.0500000000000025 10.350000000000003 15.750000000000002
decision_type=2 2 2 2 2 2 2 2 2 2 2 2 2 2 2 2 2 2 2 2 2 2 2 2 2 2 2 2 2 2
left_child=1 3 5 4 -1 8 7 -5 9 11 -11 -3 -12 -14 16 23 -10 18 19 -18 21 -21 -22 -16 25 26 27 -25 -29 -27
right_child=-2 2 -4 6 -6 -7 -8 -9 14 10 12 -13 13 -15 15 -17 17 -19 -20 20 22 -23 -24 24 -26 29 -28 28 -30 -31
leaf_value=-0.003810805737504645 0.13381682997766223 -0.0015153991089112925 0.01251167201383171 -0.025470582566135529 0.045867044732465251 0.034781213154697295 0.010292036564165134 0.010940358815165899 -0.00053647721920012294 -0.029008307295899205 0.031425976433923461 -0.042993207523376785 -0.0060019771853472847 0.012620963462635446 0.0027182943532911815 -0.0045130250961342424 -0.001138199503022667 0.00020723186857641548 0.0055144251910395001 -0.01361437528153479 0.0090604989497251841 -0.034489780089688511 -0.0077054915157421383 -0.0065951049635563511 -0.022788130656828245 0.0047629816501929007 0.030504227737687781 -0.0093098736090387914 -0.042201947202816462 -0.011821950383150388
leaf_weight=31 212 30 222 26 461 77 65 25 1554 34 70 32 29 27 3335 25 50 185 41 25 36 30 36 319 34 373 68 43 30 27
leaf_count=31 212 30 222 26 461 77 65 25 1554 34 70 32 29 27 3335 25 50 185 41 25 36 30 36 319 34 373 68 43 30 27
internal_value=0.000255263 0.000147119 -1.66343e-05 0.00195731 0.00269371 -0.000104438 -0.00116239 -0.00453846 -0.000153559 -0.00229596 -0.000745341 -0.00622222 0.00113386 -0.00238596 -7.66257e-05 0.000210576 -0.000700715 -0.00274257 -0.00533333 -0.00725843 -0.00978125 -0.0175 -0.00372603 0.000282742 -0.00101006 -0.000603949 -0.00208243 -0.00303308 -0.0106486 0.00109726
internal_weight=7552 7340 6732 608 492 6510 116 51 6433 222 160 62 126 56 6211 4254 1957 403 218 177 127 55 72 4229 894 860 460 392 73 400
internal_count=7552 7340 6732 608 492 6510 116 51 6433 222 160 62 126 56 6211 4254 1957 403 218 177 127 55 72 4229 894 860 460 392 73 400
is_linear=0
shrinkage=0.04


Tree=77
num_leaves=31
num_cat=0
split_feature=7 12 4 14 10 18 12 2 8 3 11 10 4 3 0 16 5 17 8 7 3 11 5 7 0 5 0 3 12 1
split_gain=1.86945 1.31205 1.66487 1.44172 1.2164 0.82334 1.67003 1.86389 1.40109 1.88966 1.20536 1.14448 1.20039 1.60599 3.53762 0.997027 1.05696 0.987849 0.851985 1.12897 2.73236 2.4571 2.02244 1.30573 1.26497 1.10853 1.39499 1.08679 2.2332 1.01451
threshold=21.091666666666672 88.500000000000014 15.050000000000002 45.500000000000007 17.950000000000003 -0.3794095225512602 61.500000000000007 3.1500000000000008 2.4500000000000006 2.7500000000000004 7.2500000000000009 13.750000000000002 1.9500000000000002 5.8500000000000005 6.0500000000000007 72.500000000000014 5.4500000000000011 1.0000000180025095e-35 24.350000000000005 13.164583333333335 13.250000000000002 20.050000000000004 4.7500000000000009 11.508333333333335 5.7500000000000009 9.0500000000000025 2.6500000000000008 7.7500000000000009 32.500000000000007 15.450000000000001
decision_type=2 2 2 2 2 2 2 2 2 2 2 2 2 2 2 2 2 2 2 2 2 2 2 2 2 2 2 2 2 2
left_child=1 3 -3 -1 5 6 7 8 10 -10 -5 12 -9 14 -14 -15 -17 -8 19 20 24 22 -22 -23 25 -7 -27 28 -28 -26
right_child=-2 2 -4 4 -6 18 17 11 9 -11 -12 -13 13 15 -16 16 -18 -19 -20 -21 21 23 -24 -25 29 26 27 -29 -30 -31
leaf_value=0.029757154296544117 0.12846415677855574 -0.0022743586278514034 -0.020054424699807054 0.003655866264673869 0.025014686797821772 0.00045414389457420302 0.0090201319133364349 0.011147601241693131 -0.016801183469338742 -0.00052263493582292491 -0.0083807259515752026 0.019896614678047458 -0.0009264667620515109 0.031310955445295233 -0.017684048650467181 -0.027879925885498161 -0.0037815816922899138 -0.0013945719012425704 -0.061286093037829739 0.073523099574167541 -0.0064341286936572062 -0.014009571470987518 -0.047883734652530929 0.055015062239165531 0.014897987900527314 0.01306557479642614 -0.024830184121553973 0.016183299972864752 -0.0044320253764579941 -0.01071014965640674
leaf_weight=588 212 556 25 27 168 1861 677 49 36 25 26 85 83 96 48 42 184 906 50 203 25 40 35 46 1197 58 36 28 98 42
leaf_count=588 212 556 25 27 168 1861 677 49 36 25 26 85 83 96 48 42 184 906 50 203 25 40 35 46 1197 58 36 28 98 42
internal_value=0.000287038 0.000179812 -0.00164261 0.000336687 0.000156189 6.19588e-05 -0.000535667 -0.00215954 -0.00681739 -0.0109032 -0.002 -0.0012449 -0.00197217 -0.00261674 -0.00633333 -0.00108978 -0.00253744 0.000184344 0.000429032 0.000500273 0.000329968 -0.0050068 -0.0111475 -0.000643678 0.000566095 -3.65032e-05 -0.00271493 -0.0046135 -0.0061037 0.00157742
internal_weight=7552 7340 581 6759 6171 6003 2284 701 114 61 53 587 502 453 131 322 226 1583 3719 3669 3466 146 60 86 3320 2081 220 162 134 1239
internal_count=7552 7340 581 6759 6171 6003 2284 701 114 61 53 587 502 453 131 322 226 1583 3719 3669 3466 146 60 86 3320 2081 220 162 134 1239
is_linear=0
shrinkage=0.04


Tree=78
num_leaves=31
num_cat=0
split_feature=7 14 7 9 10 11 11 16 13 5 10 0 1 9 5 5 14 4 4 11 5 20 7 5 14 18 2 7 5 15
split_gain=1.88019 0.966112 1.1188 1.26166 0.91264 0.791034 0.616853 0.881877 2.4373 1.39867 2.25624 1.25315 1.22738 1.14001 1.08891 1.11067 0.962998 0.990179 1.69607 0.887662 2.40036 0.891342 0.816877 1.48294 0.88615 0.81144 0.738072 1.79447 3.5504 2.10612
threshold=21.091666666666672 45.500000000000007 2.4104166666666673 59.500000000000007 17.950000000000003 32.150000000000013 -1.7499999999999998 32.500000000000007 1.1500000000000001 4.9500000000000011 7.4500000000000011 5.4500000000000011 3.2500000000000004 40.500000000000007 1.4500000000000002 9.0500000000000025 335.50000000000006 5.1500000000000012 4.1500000000000012 2.3500000000000001 10.550000000000002 1.0000000180025095e-35 5.856250000000002 6.2500000000000009 191.50000000000003 0.60355339059327384 9.9500000000000011 8.0145833333333361 8.7500000000000018 1.0000000180025095e-35
decision_type=2 2 2 2 2 2 2 2 2 2 2 2 2 2 2 2 2 2 2 2 2 2 2 2 2 2 2 2 2 2
left_child=1 2 -1 -4 5 6 22 13 9 10 12 -11 -9 -8 -15 25 26 18 -18 20 -17 -21 23 -3 -25 -16 -10 28 -28 -29
right_child=-2 4 3 -5 -6 -7 7 8 16 11 -12 -13 -14 14 15 19 17 -19 -20 21 -22 -23 -24 24 -26 -27 27 29 -30 -31
leaf_value=-0.0043035864306814036 0.12332559050741351 0.0022951233977087891 -0.012089280444810708 0.045010498136025055 0.011785612899990843 0.033371798872726448 -0.014074339319579368 0.015603539054444532 -0.00024355643198667302 -0.052309392702557904 -0.016863188499577981 0.0084512308289874955 -0.015066935083569726 -0.014920138558790097 0.010800192132573366 -0.019173321429974938 0.0059965882121189263 0.06362068671129463 -0.024589713401743915 0.020325228408383435 0.0033432029947367391 -0.021564511754851631 0.057947137210929256 -0.028249500441418652 0.0070970576377151016 -0.0024905498674476544 -0.014255985174311455 0.0015030716285963106 -0.03017990882946163 -0.019079121066656865
leaf_weight=34 212 266 34 540 222 77 41 25 3546 27 44 86 25 44 570 34 64 181 25 109 34 77 131 26 26 142 166 642 29 73
leaf_count=34 212 266 34 540 222 77 41 25 3546 27 44 86 25 44 570 34 64 181 25 109 34 77 131 26 26 142 166 642 29 73
internal_value=0.000276447 0.000168914 0.00169458 0.00211478 3.08928e-05 -5.52909e-05 -0.000103823 -0.000211194 -0.000435346 -0.00467308 -0.00825263 -0.00164912 -0.00235294 0.000840304 0.00110781 0.00138987 -0.000248783 0.00206642 -0.00137778 -0.000878431 -0.00475362 0.00055615 0.00132444 0.000225705 -0.00588679 0.00219916 -0.0003895 -0.00140505 -0.00479592 -0.00047486
internal_weight=7552 7340 608 574 6732 6510 6433 5984 4933 207 94 113 50 1051 1010 966 4726 270 89 254 68 186 449 318 52 712 4456 910 195 715
internal_count=7552 7340 608 574 6732 6510 6433 5984 4933 207 94 113 50 1051 1010 966 4726 270 89 254 68 186 449 318 52 712 4456 910 195 715
is_linear=0
shrinkage=0.04


Tree=79
num_leaves=31
num_cat=0
split_feature=7 12 4 0 5 0 3 5 7 0 10 11 11 13 19 2 1 12 12 12 12 8 3 5 12 4 18 10 18 12
split_gain=1.84807 1.24533 1.68819 1.14871 1.39125 2.00403 1.72518 1.10538 1.9497 1.0974 1.07447 0.95408 1.13389 1.12397 2.57729 1.69574 0.881148 1.09737 1.92061 1.06269 0.87983 0.875918 0.929819 0.855741 1.43592 0.853172 0.769156 0.759426 0.82956 1.07747
threshold=21.091666666666672 88.500000000000014 15.050000000000002 4.4500000000000011 5.8500000000000005 3.0500000000000003 9.1500000000000004 12.250000000000002 5.8145833333333341 3.0500000000000003 10.450000000000001 -1.7499999999999998 21.850000000000005 7.9500000000000011 0.6078576107927941 9.0500000000000025 3.3500000000000001 74.500000000000014 83.500000000000014 34.500000000000007 58.500000000000007 25.650000000000002 19.850000000000005 6.9500000000000011 35.500000000000007 10.050000000000002 0.91597561503675351 17.750000000000004 -0.70710678118654757 65.500000000000014
decision_type=2 2 2 2 2 2 2 2 2 2 2 2 2 2 2 2 2 2 2 2 2 2 2 2 2 2 2 2 2 2
left_child=1 3 26 4 9 7 16 23 -9 10 -1 -5 13 27 -15 25 20 19 -19 -18 -7 22 -14 24 -6 -16 -3 28 -13 -30
right_child=-2 2 -4 11 5 6 -8 8 -10 -11 -12 12 21 14 15 -17 17 18 -20 -21 -22 -23 -24 -25 -26 -27 -28 -29 29 -31
leaf_value=-0.00030433710486604847 0.11839256688711698 -0.00096858241336186313 -0.018449316614582011 0.025070967733722554 -0.010971577597820466 -0.0011905461674670771 0.055229966781035582 -0.028467422010824417 0.00043352849570986468 0.0082643295529617571 -0.012413438486073243 -0.0033670639271334247 0.030075555019447756 0.00045764862255106209 -0.001420238861927838 -0.028480579052942046 -0.021953097824013664 -0.025256796213897894 -0.0023295902114362295 -0.0072230857716634655 0.003893073560569798 -0.13031964839865215 -0.051741430635546842 0.0074157667488423994 0.0058675283607211347 -0.016918568792555468 -0.0079678146967432934 0.027110593060904666 0.022847369393527259 -0.00042606406228500032
leaf_weight=1216 212 524 25 302 35 29 36 37 68 640 25 855 829 289 48 25 39 38 25 95 43 25 25 221 76 25 32 119 813 781
leaf_count=1216 212 524 25 302 35 29 36 37 68 640 25 855 829 289 48 25 39 38 25 95 43 25 25 221 76 25 32 119 813 781
internal_value=0.000308222 0.000201608 -0.00157388 0.000354438 -0.000300305 -0.00176581 -0.00424837 -2.73971e-05 -0.00358491 0.000278427 -0.000415459 0.00076964 0.000598696 0.000223275 -0.0017835 -0.00735354 -0.00534815 -0.00672727 -0.0110625 -0.00462222 -0.00153425 0.00185909 0.00207719 0.00110511 -0.00175 -0.00416216 -0.00110592 0.000526275 0.000373878 0.000912853
internal_weight=7552 7340 581 6759 2623 742 305 437 105 1881 1241 4136 3834 2955 387 98 269 197 63 134 72 879 854 332 111 73 556 2568 2449 1594
internal_count=7552 7340 581 6759 2623 742 305 437 105 1881 1241 4136 3834 2955 387 98 269 197 63 134 72 879 854 332 111 73 556 2568 2449 1594
is_linear=0
shrinkage=0.04


Tree=80
num_leaves=31
num_cat=0
split_feature=7 9 12 5 10 13 5 9 5 20 12 5 19 11 11 7 18 12 0 8 17 10 4 10 10 7 9 11 12 11
split_gain=1.95629 1.31831 1.49005 2.12988 1.2193 1.33315 1.23059 1.64183 1.27233 2.61602 1.74018 1.98818 1.07465 2.84959 2.54859 1.49014 1.70862 1.7668 1.08098 1.65972 1.74857 1.2381 1.05 0.997623 1.19813 0.964165 1.17632 2.54 1.59064 1.22764
threshold=21.091666666666672 109.50000000000001 15.500000000000002 5.2500000000000009 0.75000000000000011 6.4500000000000011 0.65000000000000002 69.500000000000014 17.650000000000002 1.0000000180025095e-35 77.500000000000014 19.650000000000002 0.6078576107927941 7.8500000000000005 9.9500000000000011 5.6187500000000012 1.0000000180025095e-35 55.500000000000007 2.2500000000000004 2.0500000000000003 -0.5 3.7500000000000004 13.950000000000001 8.7500000000000018 9.8500000000000032 3.0395833333333337 40.500000000000007 2.6500000000000008 67.500000000000014 1.3500000000000003
decision_type=2 2 2 2 2 2 2 2 2 2 2 2 2 2 2 2 2 2 2 2 2 2 2 2 2 2 2 2 2 2
left_child=1 2 3 -1 -4 6 7 -6 25 -10 11 -11 18 -14 -15 -16 17 -17 19 -7 -21 -22 -18 -20 -25 -8 27 -27 -29 -28
right_child=-2 -3 4 -5 5 12 8 -9 9 10 -12 -13 13 14 15 16 22 -19 23 20 21 -23 -24 24 -26 26 29 28 -30 -31
leaf_value=-0.02917291749387646 0.10283380482553516 0.038172826243839317 0.010190898408166244 0.025631396992071221 -0.018074835354663955 -0.00077129662359748136 -0.0015948134149228275 0.00032599624749523931 0.017105263986376764 -0.030870486767503855 -0.052409899116799226 0.032973332282305472 0.0015304817620067613 -0.013530540729699151 0.006335001836158761 -0.027275150547239578 0.00085796129464876369 -0.0034712113208795652 0.00089020332451000936 0.0029513524578768623 -0.0057875440751570728 -0.0044731535933057532 -0.019632061222495993 -0.03027281137187432 -0.0015149246196996334 -0.015381098214483085 0.0068181521223456944 -0.047815760232707678 0.013609997781867545 0.001111697651498444
leaf_weight=32 211 317 578 25 25 171 669 33 89 27 47 34 134 47 67 37 80 25 758 28 36 25 27 26 46 26 845 45 89 3028
leaf_count=32 211 317 578 25 25 171 669 33 89 27 47 34 134 47 67 37 80 25 758 28 36 25 27 26 46 26 845 45 89 3028
internal_value=0.000192449 8.41312e-05 -2.87322e-05 -0.00641379 2.38536e-05 -0.000133643 0.000183139 -0.00555932 0.000252245 -0.00288889 -0.00704587 -0.00251613 -0.00117507 -0.00289952 -0.00516901 -0.00344304 -0.00543529 -0.0106667 -0.00051329 -0.00275862 -0.00715556 -0.0109032 -0.00233333 0.000192539 -0.00427397 0.000384436 0.000617749 -0.00273292 -0.000474074 0.000756841
internal_weight=7627 7416 7099 57 7042 6464 4957 58 4899 197 108 61 1507 417 283 236 169 62 1090 260 89 61 107 830 72 4702 4033 160 134 3873
internal_count=7627 7416 7099 57 7042 6464 4957 58 4899 197 108 61 1507 417 283 236 169 62 1090 260 89 61 107 830 72 4702 4033 160 134 3873
is_linear=0
shrinkage=0.04


Tree=81
num_leaves=31
num_cat=0
split_feature=7 8 12 13 11 10 4 20 14 11 7 4 20 4 5 18 19 3 13 8 10 10 7 14 14 3 5 14 13 6
split_gain=1.99176 1.27865 2.08029 1.82333 1.75738 1.68132 1.54035 1.3497 1.61979 1.48916 2.19925 2.7393 1.63372 1.41656 1.29476 1.26111 1.47276 2.48872 1.22448 1.1772 1.09046 1.07779 1.00748 1.36371 1.43442 0.989387 2.15763 1.775 0.983788 1.42083
threshold=19.439583333333335 4.1500000000000012 81.500000000000014 6.4500000000000011 1.0000000180025095e-35 14.250000000000002 15.550000000000002 0.81174490092936691 158.50000000000003 3.5500000000000003 5.6187500000000012 4.5500000000000007 -0.22252093395631442 7.6500000000000012 16.650000000000002 -0.70710678118654757 0.6078576107927941 10.65 18.450000000000003 6.5500000000000007 7.1500000000000012 11.550000000000002 3.6187500000000008 179.50000000000003 161.50000000000003 11.250000000000002 5.3500000000000005 186.50000000000003 1.4500000000000002 4.7833333333333323
decision_type=2 2 2 2 2 2 2 2 2 2 2 2 2 2 2 2 2 2 2 2 2 2 2 2 2 2 2 2 2 2
left_child=1 5 3 15 -4 14 7 9 -9 10 -6 -12 13 -13 28 16 -3 21 20 -11 25 -18 23 24 -17 -5 27 -27 29 -1
right_child=-2 2 4 18 6 -7 -8 8 -10 19 11 12 -14 -15 -16 22 17 -19 -20 -21 -22 -23 -24 -25 -26 26 -28 -29 -30 -31
leaf_value=-0.0037423602041706107 0.086758629363129391 0.0042585538325291897 0.0084710967617629539 0.0041750021962558854 0.0013524940630522465 -0.0098905175845829269 -0.016798495137593236 0.00046113052553536991 -0.029817723058950165 -0.017571684866009778 -0.023412861228024832 -0.014967221669036381 0.0091830262270679516 -0.0032387048760629529 -0.021754666664305471 -0.0017811066795875104 -0.012491699323957857 -0.043183502409819073 -0.0030805140877516908 0.005300411903323793 -0.010345331469273666 0.021371439059774802 0.024668856960762955 0.01354739343852944 -0.031904686790820057 -0.018163271194378161 0.0095899443098583798 -0.058833199337295632 -0.00013589377585484949 -0.036181755417989979
leaf_weight=280 237 547 227 806 168 27 29 36 59 134 38 32 42 50 41 64 107 49 28 295 144 82 1828 89 27 39 143 31 1915 33
leaf_count=280 237 547 227 806 168 27 29 36 59 134 38 32 42 50 41 64 107 49 28 295 144 82 1828 89 27 39 143 31 1915 33
internal_value=0.000213424 9.74159e-05 0.000450638 0.00087729 -0.00108011 -0.000686112 -0.00188688 -0.00157193 -0.00604167 -0.00100526 -0.00302115 -0.00633129 -0.003392 -0.0066506 -0.000565639 0.00143593 7.6336e-05 -0.00254393 -0.000432886 0.000548837 -0.00023024 -0.000442105 0.00196715 -0.000883978 -0.00430435 0.000231373 -0.00218692 -0.00788732 -0.000434275 -0.00250955
internal_weight=7627 7390 5094 3984 1110 2296 883 854 95 759 330 162 124 82 2269 2793 785 238 1191 429 1163 189 2008 180 91 1019 213 70 2228 313
internal_count=7627 7390 5094 3984 1110 2296 883 854 95 759 330 162 124 82 2269 2793 785 238 1191 429 1163 189 2008 180 91 1019 213 70 2228 313
is_linear=0
shrinkage=0.04


Tree=82
num_leaves=31
num_cat=0
split_feature=7 9 12 3 11 10 12 5 10 6 12 3 5 3 5 16 12 7 3 10 3 13 19 18 13 3 0 19 8 2
split_gain=1.96713 1.07838 1.49005 3.92154 1.02096 1.16782 2.41352 2.81506 1.12644 1.07892 1.29427 2.51792 2.11783 1.28411 1.20486 1.05586 1.09796 2.30454 2.51047 4.83161 2.3874 1.73236 1.26744 1.82738 2.51398 1.80878 3.77691 2.24422 0.982823 2.09235
threshold=21.091666666666672 109.50000000000001 15.500000000000002 4.3500000000000005 -1.7499999999999998 4.7500000000000009 74.500000000000014 2.6500000000000008 0.75000000000000011 2.6999999999999971 38.500000000000007 1.3500000000000003 6.1500000000000012 1.0500000000000003 12.950000000000001 17.500000000000004 82.500000000000014 6.7479166666666677 11.450000000000001 9.2500000000000018 7.0500000000000007 2.3500000000000001 0.6078576107927941 1.0000000180025095e-35 6.8500000000000005 10.65 14.15 0.87837969732492682 5.0500000000000007 3.5500000000000003
decision_type=2 2 2 2 2 2 2 2 2 2 2 2 2 2 2 2 2 2 2 2 2 2 2 2 2 2 2 2 2 2
left_child=1 2 3 -1 5 6 -4 -8 -6 10 11 -10 -13 -12 -15 -11 22 28 19 21 -21 -19 -17 24 25 -24 27 -27 -18 -30
right_child=-2 -3 4 -5 8 -7 7 -9 9 15 13 12 -14 14 -16 16 17 18 -20 20 -22 -23 23 -25 -26 26 -28 -29 29 -31
leaf_value=-0.029058989856595156 0.095250107457988564 0.036478913106235515 0.034469268077017945 0.065911762946463989 0.0096999045008983285 0.012660744457060637 0.0044079762096994358 -0.016797695089006338 -0.010045899137720573 0.0092274931884066391 0.003838717920169652 0.019671350427800917 -0.020440009652259953 -0.0021067274697790157 -0.0084288276598335349 0.0018459972047184634 0.003228870787156449 -0.0098528772363666566 0.00030569574172804084 -0.011134796006979385 -0.029530467969989527 0.00083744850419796004 -0.00030608188126188984 0.002842426792099654 -0.014741635313145466 -0.086115069427015356 0.04621732014510424 -0.018845865775096497 -0.021153309164167845 -0.00079706505884713161
leaf_weight=28 211 317 73 29 576 452 26 25 41 300 142 69 26 717 38 2571 276 35 129 29 47 91 378 472 78 28 46 27 27 323
leaf_count=28 211 317 73 29 576 452 26 25 41 300 142 69 26 717 38 2571 276 35 129 29 47 91 378 472 78 28 46 27 27 323
internal_value=0.000181961 7.33452e-05 -2.87322e-05 -0.00641379 2.38536e-05 0.00163605 -0.001792 -0.00838462 -0.000119994 -0.000285181 -0.00145841 -0.00508029 -0.00145833 -0.000904231 -0.00156085 -3.54054e-05 -0.000186924 -0.0013904 -0.00408434 -0.00685714 -0.0147532 -0.00201575 0.000133296 -0.00105243 -0.00260215 -0.00150833 -0.00623529 -0.0132143 3.82777e-05 -0.00136752
internal_weight=7627 7416 7099 57 7042 576 124 51 6466 5890 1033 136 95 897 755 4857 4557 957 331 202 76 126 3600 1029 557 479 101 55 626 350
internal_count=7627 7416 7099 57 7042 576 124 51 6466 5890 1033 136 95 897 755 4857 4557 957 331 202 76 126 3600 1029 557 479 101 55 626 350
is_linear=0
shrinkage=0.04


Tree=83
num_leaves=31
num_cat=0
split_feature=7 10 6 5 7 14 19 10 6 1 4 13 14 19 0 5 13 16 6 5 0 14 16 12 13 5 3 5 2 12
split_gain=1.90785 0.938181 1.23682 1.16511 2.79886 1.00527 1.33844 0.919438 2.13615 1.19095 1.31654 1.31784 1.41212 1.25447 1.17219 1.6269 1.04503 0.919114 0.789048 1.97638 2.13073 0.757548 0.893677 0.913653 1.16088 1.47895 1.15949 1.0296 2.19478 0.891795
threshold=21.091666666666672 0.75000000000000011 2.6999999999999971 12.950000000000001 5.7854166666666673 294.50000000000006 0.87837969732492682 1.6500000000000001 1.4499999999999968 1.4500000000000002 2.3500000000000001 0.8500000000000002 103.50000000000001 -0.60785761079279388 2.6500000000000008 3.7500000000000004 9.1500000000000004 1517.5000000000002 5.1833333333333309 3.9500000000000006 2.3500000000000001 346.50000000000006 17.500000000000004 88.500000000000014 3.9500000000000006 9.7500000000000018 9.2500000000000018 3.7500000000000004 4.7500000000000009 89.500000000000014
decision_type=2 2 2 2 2 2 2 2 2 2 2 2 2 2 2 2 2 2 2 2 2 2 2 2 2 2 2 2 2 2
left_child=1 5 3 7 -5 -1 18 8 17 -9 11 -11 -13 14 15 -12 -15 -3 19 -7 -21 22 -4 -24 25 27 -27 28 -25 -29
right_child=-2 2 21 4 -6 6 -8 9 -10 10 13 12 -14 16 -16 -17 -18 -19 -20 20 -22 -23 23 24 -26 26 -28 29 -30 -31
leaf_value=0.02783856719511614 0.091440103159668981 -0.004676396733112622 0.0082013868863533741 -0.029543927811504556 0.0027386527241494811 0.0029013109314484755 -0.0041430729106864293 0.0018083444716823801 0.00074620256967134022 -0.013234979848613132 -0.0062603120209423777 -0.021420983220326054 -0.00095951641401308466 0.01038935646034499 0.017079562504944818 -0.011262282710679725 -0.01793180202406856 -0.0066879304603230383 0.044072044535862991 0.0089934423535470275 -0.021146472244856485 0.038350500614364944 0.00034769829052528392 0.0094825285880571139 0.00085115334460080991 -0.013803528169653322 -0.0082878594203708352 -0.0071676242253613034 -0.014115420076977038 0.0018096423263181188
leaf_weight=479 211 26 383 35 30 78 33 261 82 31 46 38 203 293 31 25 41 27 117 25 26 157 4543 26 140 33 25 32 32 118
leaf_count=479 211 26 383 35 30 78 33 261 82 31 46 38 203 293 31 25 41 27 117 25 26 157 4543 26 140 33 25 32 32 118
internal_value=0.000239644 0.000132668 -1.9222e-05 -0.0012 -0.00636364 0.00146509 -0.000442857 -0.000890498 -0.00397059 -0.000457732 -0.00130889 -0.00348718 -0.00246281 5.49201e-05 -0.00380583 -0.00661111 0.00124179 -0.0101481 0.000582996 -0.00156923 -0.00761538 0.000232423 0.00015151 7.27288e-06 -0.00180835 -0.00335581 -0.00894915 -0.00176077 -0.00623729 1.48025e-10
internal_weight=7627 7416 6658 1169 65 758 279 1104 135 969 708 272 241 436 102 71 334 53 246 129 51 5489 5332 4949 406 266 58 208 58 150
internal_count=7627 7416 6658 1169 65 758 279 1104 135 969 708 272 241 436 102 71 334 53 246 129 51 5489 5332 4949 406 266 58 208 58 150
is_linear=0
shrinkage=0.04


Tree=84
num_leaves=31
num_cat=0
split_feature=7 4 14 7 2 15 11 11 3 14 14 10 5 8 3 19 11 9 14 12 9 18 12 14 17 2 5 12 14 9
split_gain=1.91856 0.938657 1.37664 1.17177 1.52168 1.22963 1.16401 1.25522 1.06488 1.90777 2.78664 0.913364 1.81195 0.910595 1.93937 3.00051 3.29559 1.88035 1.99726 1.84435 1.37672 1.55865 1.32354 1.51748 1.56218 1.14873 2.55066 2.62282 0.981471 0.89317
threshold=21.091666666666672 3.1500000000000008 178.50000000000003 6.8312500000000007 6.5500000000000007 0.15000000000000005 25.550000000000004 1.2500000000000002 6.9500000000000011 294.50000000000006 333.50000000000006 4.1500000000000012 4.7500000000000009 18.950000000000003 11.450000000000001 0.6078576107927941 21.850000000000005 82.500000000000014 164.50000000000003 28.500000000000004 60.500000000000007 0.91597561503675351 88.500000000000014 174.50000000000003 0.60355339059327384 15.450000000000001 10.850000000000003 66.500000000000014 88.500000000000014 43.500000000000007
decision_type=2 2 2 2 2 2 2 2 2 2 2 2 2 2 2 2 2 2 2 2 2 2 2 2 2 2 2 2 2 2
left_child=1 2 3 4 5 -1 7 11 9 -8 -11 12 -3 14 20 19 17 18 -17 -16 21 22 -9 24 -24 -21 27 -27 -22 -13
right_child=-2 6 -4 -5 -6 -7 8 13 -10 10 -12 29 -14 -15 15 16 -18 -19 -20 25 28 -23 23 -25 -26 26 -28 -29 -30 -31
leaf_value=-0.0045051834250102616 0.087782499033282196 0.058731014842263667 0.00054124404090008049 -0.010561476457954206 0.0032237033206081013 0.0011350398590210576 0.01870658964754416 -0.00042877512087705544 0.044722040848881893 -0.016839071482149748 0.0093113047179967361 -0.008782710768156678 -0.0092613460607288596 0.035417208256766704 -0.018842544278984571 -0.02455891894030161 0.033287009907481048 -0.045961096971667843 -0.026190600757939532 0.0025339585286180454 0.03093437637607779 -0.017177766835045918 -0.014617776884051453 0.0014193425007282864 -0.021420442116106116 -0.066705130602429497 0.038172909301780085 0.0032170693806563393 0.0005838923783597755 0.012995952096890107
leaf_weight=654 211 28 1044 33 152 69 166 740 410 25 38 26 27 290 30 33 28 27 31 310 421 31 45 57 34 39 42 27 1908 651
leaf_count=654 211 28 1044 33 152 69 166 740 410 25 38 26 27 290 30 33 28 27 31 310 421 31 45 57 34 39 42 27 1908 651
internal_value=0.000229156 0.000121882 -0.000630824 -0.00176898 -0.00148402 -0.00224862 0.000390851 0.000178202 0.00199375 -0.000191304 -0.0060625 0.00170259 -0.00321429 -9.47727e-05 -0.000259726 -0.00241549 -0.00803333 -0.0116957 -0.00775385 -0.000908686 0.000118629 -0.00120264 -0.000884834 -0.00449635 -0.00805 -0.000210024 -0.00374312 -0.00859701 0.000633477 0.00210619
internal_weight=7627 7416 1952 908 875 723 5464 4825 639 229 63 732 55 4093 3803 567 119 91 64 448 3236 907 876 136 79 418 108 66 2329 677
internal_count=7627 7416 1952 908 875 723 5464 4825 639 229 63 732 55 4093 3803 567 119 91 64 448 3236 907 876 136 79 418 108 66 2329 677
is_linear=0
shrinkage=0.04


Tree=85
num_leaves=31
num_cat=0
split_feature=4 19 12 4 3 2 14 18 3 12 4 3 14 14 5 17 10 10 0 11 3 19 8 13 13 18 8 3 5 8
split_gain=2.08597 1.30154 1.47877 1.21624 2.20326 2.46506 2.4853 1.27424 1.2048 1.07115 0.969195 0.898647 0.860446 1.81203 0.853418 0.797061 1.28585 1.54885 1.48083 1.28471 2.41299 2.01813 0.926185 0.848134 1.01811 0.819428 1.8154 1.68877 1.0568 1.19975
threshold=7.6500000000000012 0.6078576107927941 25.500000000000004 9.9500000000000011 15.950000000000001 10.750000000000002 290.50000000000006 0.91597561503675351 4.0500000000000007 14.500000000000002 4.8500000000000005 11.450000000000001 171.50000000000003 188.50000000000003 7.8500000000000005 -0.78656609248549292 0.75000000000000011 12.65 3.9500000000000006 24.150000000000002 7.3500000000000005 1.0000000180025095e-35 0.95000000000000007 14.350000000000003 1.8500000000000003 0.25881904510252057 5.6500000000000012 7.1500000000000012 11.350000000000003 10.850000000000003
decision_type=2 2 2 2 2 2 2 2 2 2 2 2 2 2 2 2 2 2 2 2 2 2 2 2 2 2 2 2 2 2
left_child=9 8 -3 11 5 6 7 -5 12 10 -1 -4 -2 -14 -15 19 -17 25 -19 22 21 -21 -11 24 -24 28 27 -27 -18 -30
right_child=1 2 3 4 -6 -7 -8 -9 -10 15 -12 -13 13 14 -16 16 17 18 -20 20 -22 -23 23 -25 -26 26 -28 -29 29 -31
leaf_value=-0.02025140441037971 0.0016765769920884643 0.062682610903765909 0.012530658588801463 0.0013317076650406412 0.057603031415794953 -0.039160013082257569 -0.047074331750073535 -0.015237593517120842 0.014311127466103343 -0.0047841715859318649 -0.0025334681248945592 -0.023932003276595611 -0.02958829530445805 0.03710523969672018 -0.01268363030870054 0.009497668471100229 -0.002551450353339319 -0.0039433950795838696 0.0039594282691725836 -0.024136954893611413 0.028438544492943581 -0.0032197806100768573 -0.0017400448380395159 -0.0046366251818129632 0.020757689708779288 -0.0021129641916645542 0.013277942834736874 -0.020223885685084379 -0.0040787517252835713 -0.016326355747521976
leaf_weight=25 92 118 204 169 91 47 29 27 1879 29 26 43 25 56 25 212 1557 49 662 30 45 36 144 25 532 736 462 25 145 78
leaf_count=25 92 118 204 169 91 47 29 27 1879 29 26 43 25 56 25 212 1557 49 662 30 45 36 144 25 532 736 462 25 145 78
internal_value=0.000137985 0.00100499 -0.000449931 -0.00124386 -0.00271429 -0.00451282 -0.00274336 -0.00109645 0.00151492 -0.000366881 -0.00607692 0.000919355 -0.00144724 -0.00388785 -0.000926829 -0.00030453 -0.000543927 -0.000717093 0.000960674 0.000812352 -0.00317857 -0.008 0.00142271 0.0017151 0.00198523 -0.00111451 -0.000316993 -0.00151706 -0.00166199 -0.00423214
internal_weight=7623 2805 728 610 363 272 225 196 2077 4818 51 247 198 106 81 4767 3926 3714 711 841 111 66 730 701 676 3003 1223 761 1780 223
internal_count=7623 2805 728 610 363 272 225 196 2077 4818 51 247 198 106 81 4767 3926 3714 711 841 111 66 730 701 676 3003 1223 761 1780 223
is_linear=0
shrinkage=0.04


Tree=86
num_leaves=31
num_cat=0
split_feature=7 4 12 11 13 12 0 5 7 9 14 10 20 8 7 2 18 2 11 10 5 9 5 3 4 7 1 14 7 2
split_gain=1.95534 1.4343 1.78349 1.2694 1.30723 3.10355 2.68419 3.05522 1.1653 1.08114 0.955535 0.95369 0.909208 1.50808 1.79905 1.62163 1.46454 1.16118 1.07272 2.20026 1.80458 0.858756 0.778852 1.66269 1.33076 0.873656 0.70964 0.745547 1.95627 2.28278
threshold=21.091666666666672 3.7500000000000004 15.500000000000002 29.350000000000005 12.050000000000002 32.500000000000007 5.4500000000000011 4.1500000000000012 10.800000000000002 107.50000000000001 207.50000000000003 0.55000000000000016 -0.56174490092936669 5.3500000000000005 6.4395833333333341 4.9500000000000011 -0.9159756150367534 2.9500000000000006 8.4500000000000011 2.9500000000000006 1.9500000000000002 66.500000000000014 1.4500000000000002 4.0500000000000007 5.5500000000000007 6.6729166666666675 2.3500000000000001 211.50000000000003 12.289583333333335 12.550000000000002
decision_type=2 2 2 2 2 2 2 2 2 2 2 2 2 2 2 2 2 2 2 2 2 2 2 2 2 2 2 2 2 2
left_child=1 2 -1 4 9 6 7 -6 -8 22 -9 -4 13 15 -15 16 21 18 19 -18 -21 -13 23 24 -3 -25 -24 -28 29 -29
right_child=-2 3 11 -5 5 -7 8 10 -10 -11 -12 12 -14 14 -16 -17 17 -19 -20 20 -22 -23 26 25 -26 -27 27 28 -30 -31
leaf_value=-0.025371042720818911 0.098359538124826479 -0.0067496265669631473 0.010021705476648043 0.045305967709812565 -0.00064527947249193914 0.00079407005408276324 0.10885177031244511 -0.020855399758660981 -0.012176890564575622 0.069394818296217978 -0.011329874473594024 -0.042886450046110129 -0.00039235686914498153 0.0037952093540060063 -0.0079491905473064381 -0.016950974661938491 -0.0091814483194396397 0.0022608828311990689 0.0011925236474217408 -0.011063824054092146 0.0025128055585988763 -0.0017827144519057952 0.0076918799490622936 0.02541719213554532 -0.018368873226331048 -0.017171665383233919 0.0022253337607149844 -0.0013836591475269891 0.055334459610289162 -0.024739853652044508
leaf_weight=26 209 27 70 236 28 244 40 31 25 199 25 26 1611 231 48 35 29 97 59 45 85 26 382 63 25 25 2502 867 205 102
leaf_count=26 209 27 70 236 28 244 40 31 25 199 25 26 1611 231 48 35 29 97 59 45 85 26 382 63 25 25 2502 867 205 102
internal_value=0.000174712 6.68916e-05 -0.000740058 0.000450368 0.000308913 -0.00189848 -0.00642667 -0.0111059 -0.00030303 0.000506594 -0.0164211 -0.000622937 -0.000764064 -0.00198827 0.000271429 -0.00355335 -0.00275 -0.00170886 -0.0033242 -0.005025 -0.00274809 -0.00890566 0.000369612 -0.00255319 -0.00815094 0.000808989 0.000471052 0.000300245 -0.000531064 -0.00128247
internal_weight=7623 7414 2388 5026 4790 393 149 84 65 4397 56 2362 2292 681 279 402 367 315 218 159 130 52 4198 140 52 88 4058 3676 1174 969
internal_count=7623 7414 2388 5026 4790 393 149 84 65 4397 56 2362 2292 681 279 402 367 315 218 159 130 52 4198 140 52 88 4058 3676 1174 969
is_linear=0
shrinkage=0.04


Tree=87
num_leaves=31
num_cat=0
split_feature=7 4 12 11 13 12 14 5 3 18 10 14 7 7 19 12 11 19 18 10 5 9 12 6 0 13 6 11 0 5
split_gain=1.92312 1.25754 1.81288 1.11723 0.924247 1.80894 1.92306 1.40029 1.7027 1.00293 0.98951 1.14373 1.411 1.87063 0.971053 1.90935 1.40345 1.12237 0.89863 1.35628 1.10869 1.40062 1.21982 0.874148 1.39128 1.30396 2.59865 1.10081 1.00196 2.04471
threshold=21.091666666666672 3.7500000000000004 15.500000000000002 29.350000000000005 9.1500000000000004 22.500000000000004 205.50000000000003 1.2500000000000002 4.0500000000000007 0.78656609248549303 4.4500000000000011 168.50000000000003 6.0958333333333341 8.3229166666666696 0.6078576107927941 41.500000000000007 20.450000000000003 0.87837969732492682 -0.3794095225512602 9.7500000000000018 11.350000000000003 64.500000000000014 35.500000000000007 3.8249999999999971 9.3500000000000032 2.0500000000000003 2.3499999999999965 1.3500000000000003 6.0500000000000007 6.2500000000000009
decision_type=2 2 2 2 2 2 2 2 2 2 2 2 2 2 2 2 2 2 2 2 2 2 2 2 2 2 2 2 2 2
left_child=1 2 -1 4 7 6 9 8 -3 -6 14 -12 -13 -14 -7 16 -16 -18 19 20 22 -22 -4 25 27 26 -24 -25 -29 -30
right_child=-2 3 18 -5 5 10 -8 -9 -10 -11 11 12 13 -15 15 -17 17 -19 -20 -21 21 -23 23 24 -26 -27 -28 28 29 -31
leaf_value=-0.024356201011986163 0.094425156599833415 -0.016328532162872455 -0.0050367013724053143 0.04349372900142006 -0.018281979575611739 0.0042519495682384551 -0.012312132938830574 0.0020728833527561032 0.0045833783989876562 0.057397074306436542 0.0019010442891976074 0.014523015729465681 -0.032008449437793213 -0.036375609218184342 -0.014803002651669079 0.0036247087427595504 -0.010936049512192809 0.010126996687976002 0.00029719138850641295 0.00039153387472072164 -0.00054763093099771025 -0.0098303389663634399 -0.0083253959187866104 0.00025575791686222813 0.04594367797169497 0.0020695419692431166 0.004816272872103006 -0.0068432643772377037 -0.016887074149454777 -0.0063457249924838447
leaf_weight=26 209 33 32 236 26 364 48 3902 58 32 57 28 25 29 30 101 25 32 1269 382 28 25 40 76 38 251 45 114 26 36
leaf_count=26 209 33 32 236 26 364 48 3902 58 32 57 28 25 29 30 101 25 32 1269 382 28 25 40 76 38 251 45 114 26 36
internal_value=0.000206191 9.92584e-05 -0.000656341 0.000458325 0.000325611 -0.000917293 -0.00575701 0.000573861 -0.00430435 -0.000813559 -0.00016763 -0.00317143 -0.00616867 -0.00989091 0.000593129 -0.00173545 -0.00604545 -0.00227586 -0.000538299 -0.00137843 -0.00241011 -0.00792593 -0.00195448 -0.00155662 -0.00316151 -0.000166172 -0.0044186 -0.00423715 -0.0059661 -0.0100317
internal_weight=7623 7414 2388 5026 4790 797 106 3993 91 58 691 139 82 54 552 188 87 57 2362 1093 711 53 658 626 290 336 85 252 176 62
internal_count=7623 7414 2388 5026 4790 797 106 3993 91 58 691 139 82 54 552 188 87 57 2362 1093 711 53 658 626 290 336 85 252 176 62
is_linear=0
shrinkage=0.04


Tree=88
num_leaves=31
num_cat=0
split_feature=6 7 11 3 2 11 13 2 3 4 7 2 13 20 11 7 3 6 4 0 15 0 20 5 14 4 6 2 7 13
split_gain=1.69963 1.09555 2.96665 1.79873 1.71834 1.4733 1.45287 1.34125 1.78028 1.51795 1.63477 1.31509 1.30956 1.37773 2.74438 2.20352 3.51771 1.99846 1.64254 1.7364 1.36614 2.24545 1.4971 1.28416 1.35423 1.2647 1.13233 1.02343 1.02144 1.25998
threshold=22.483333333333338 3.9145833333333337 24.350000000000005 3.1500000000000008 4.9500000000000011 29.350000000000005 6.5500000000000007 7.0500000000000007 5.3500000000000005 1.7500000000000002 3.3520833333333337 3.1500000000000008 8.7500000000000018 -0.22252093395631442 8.0500000000000025 11.406250000000002 10.850000000000003 6.7333333333333334 7.6500000000000012 5.1500000000000012 0.15000000000000005 7.4500000000000011 -0.56174490092936669 10.250000000000002 243.50000000000003 9.8500000000000032 2.0249999999999972 9.2500000000000018 4.9895833333333348 12.050000000000002
decision_type=2 2 2 2 2 2 2 2 2 2 2 2 2 2 2 2 2 2 2 2 2 2 2 2 2 2 2 2 2 2
left_child=1 2 4 6 11 12 -4 8 9 -6 -11 -1 20 23 -15 16 17 18 19 28 -3 -22 -23 26 -25 -20 -14 -19 -16 -30
right_child=-2 5 3 -5 7 -7 -8 -9 -10 10 -12 -13 13 14 15 -17 -18 27 25 -21 21 22 -24 24 -26 -27 -28 -29 29 -31
leaf_value=-0.00095037198391515691 0.15704937705247082 0.0019207511261276941 0.0073157727736844064 -0.020205241691169679 0.005239175600426256 0.057291194108835208 -0.020133558639291366 0.014863094416882452 -0.0043217092047306586 -0.019191897204316227 -0.0029966317530413979 0.0032998639646958402 -0.017737800535794709 0.0067113735105859612 0.010218853331360377 0.013533267191871723 -0.023763403893851939 0.049696808829627008 0.026001053441650341 -0.017308626577216865 0.00076902667268893723 -0.0026109564884412234 -0.015091248517226406 0.00028265946932413152 -0.015110331727061445 -0.011947456147257242 0.011847656977016886 -0.0078054587102975971 -0.0080792316998833085 -0.009766130850830796
leaf_weight=1149 181 4218 32 39 40 231 25 27 33 28 42 435 28 106 28 80 35 61 48 26 176 38 53 28 25 52 273 31 27 28
leaf_count=1149 181 4218 32 39 40 231 25 27 33 28 42 435 28 106 28 80 35 61 48 26 176 38 53 28 25 52 273 31 27 28
internal_value=0.000158972 6.55651e-05 -0.000777958 -0.00758763 -0.000401139 0.000344717 -0.00296552 -0.00421053 -0.00575 -0.00324324 -0.00676056 1.00948e-05 0.000209623 -0.0012041 -0.0025086 -0.00397122 -0.00538872 -0.00396026 -0.00611429 -0.00949091 0.000485956 -0.00228358 -0.00734783 0.000721127 -0.00496296 -0.00237624 0.0017351 0.000946237 -0.00652381 -0.00964286
internal_weight=7623 7442 1850 96 1754 5592 57 170 143 110 70 1584 5361 876 522 416 336 301 209 109 4485 267 91 354 53 100 301 92 83 55
internal_count=7623 7442 1850 96 1754 5592 57 170 143 110 70 1584 5361 876 522 416 336 301 209 109 4485 267 91 354 53 100 301 92 83 55
is_linear=0
shrinkage=0.04


Tree=89
num_leaves=31
num_cat=0
split_feature=6 11 17 11 11 3 5 9 16 5 13 2 11 7 20 11 13 7 19 1 17 16 14 16 6 3 19 7 0 20
split_gain=1.70476 1.87134 0.995381 3.36428 2.07326 2.04105 1.61376 1.1373 1.26841 1.30208 1.02005 1.01558 1.01983 1.15292 0.988137 1.93196 1.55635 1.42604 1.80389 2.48403 1.20347 1.12717 1.52815 1.00141 0.985598 1.10554 1.85589 2.40879 1.7551 1.31658
threshold=6.4749999999999979 25.550000000000004 -0.60355339059327362 24.150000000000002 29.350000000000005 7.1500000000000012 3.3500000000000001 77.500000000000014 37.500000000000007 1.1500000000000001 0.75000000000000011 1.0500000000000003 1.2500000000000002 10.004166666666668 -0.22252093395631442 2.4500000000000006 4.7500000000000009 3.2854166666666673 0.87837969732492682 3.4500000000000006 0.78656609248549325 62.500000000000007 219.50000000000003 377.50000000000006 22.483333333333338 9.9500000000000011 1.0000000180025095e-35 7.8645833333333348 8.1500000000000004 1.0000000180025095e-35
decision_type=2 2 2 2 2 2 2 2 2 2 2 2 2 2 2 2 2 2 2 2 2 2 2 2 2 2 2 2 2 2
left_child=2 24 3 -1 5 6 -5 8 9 -4 -10 -12 -13 14 21 -16 -17 -18 19 20 23 22 -14 -19 25 -2 -27 28 -28 -29
right_child=1 -3 7 4 -6 -7 -8 -9 10 -11 11 12 13 -15 15 16 17 18 -20 -21 -22 -23 -24 -25 -26 26 27 29 -30 -31
leaf_value=0.0057555859582462563 0.0026110636068325459 0.056801572274516994 -0.015261743162923145 -0.0053663947309219038 0.012881966204412943 -0.00073151700615703332 -0.021304185018186216 0.00040255900056840538 -0.033070590753476299 0.00051857311447090697 0.0078185816233568625 0.0033541274095493351 -0.0021309309854695814 0.010230053027839144 -0.011453671536922918 -0.0023268010254135088 -0.0018700926466178119 -0.0090705625106652036 -0.015992059004898806 -1.9601899266063796e-05 -0.020322292706585459 0.00070392038344751172 -0.035029715122003501 -0.00094026607960563115 0.14440912332073783 0.0021005482477823045 -0.014797595265421307 0.0013874284651762712 -0.069068955550245101 -0.022034256490739656
leaf_weight=1083 1617 423 45 25 41 33 32 1139 29 652 56 150 103 39 34 189 83 27 49 86 26 226 25 30 124 802 33 241 43 138
leaf_count=1083 1617 423 45 25 41 33 32 1139 29 652 56 150 103 39 34 189 83 27 49 86 26 226 25 30 124 802 33 241 43 138
internal_value=0.000179958 0.000842782 -0.000359743 0.000605761 -0.00542424 -0.00879121 -0.0133103 -0.000752091 -0.00136432 -1.71918e-05 -0.00217866 -0.00198221 -0.00225843 -0.00275817 -0.00305802 -0.00416 -0.00350305 -0.00528477 -0.00697717 -0.00496471 -0.00985714 -0.00141972 -0.0044031 -0.00641379 0.00049083 0.000339478 -0.000550079 -0.00258772 -0.00903896 -0.00127368
internal_weight=7623 3421 4202 1214 131 90 57 2988 1849 697 1152 1123 1067 917 878 524 490 301 218 169 83 354 128 57 2998 2874 1257 455 76 379
internal_count=7623 3421 4202 1214 131 90 57 2988 1849 697 1152 1123 1067 917 878 524 490 301 218 169 83 354 128 57 2998 2874 1257 455 76 379
is_linear=0
shrinkage=0.04


Tree=90
num_leaves=31
num_cat=0
split_feature=8 11 7 12 16 11 9 7 9 12 9 3 10 16 11 3 19 0 1 1 9 13 7 0 18 9 3 10 11 14
split_gain=1.67 1.20369 2.88651 1.46422 1.17822 1.06947 1.01153 1.13921 1.53637 2.12894 1.42669 1.15129 1.02052 1.0303 1.01936 0.961962 3.9609 2.66567 1.97597 3.24417 1.91004 1.73786 1.23052 3.13992 1.14295 1.46791 1.52571 1.04655 0.895399 2.09121
threshold=18.950000000000003 24.950000000000003 3.7270833333333337 19.500000000000004 1347.5000000000002 1.2500000000000002 41.500000000000007 3.2583333333333337 78.500000000000014 67.500000000000014 84.500000000000014 5.8500000000000005 8.5500000000000025 37.500000000000007 -0.74999999999999989 11.050000000000002 0.6078576107927941 3.2500000000000004 15.350000000000003 10.850000000000003 84.500000000000014 7.0500000000000007 10.089583333333335 7.1500000000000012 0.91597561503675351 61.500000000000007 7.4500000000000011 6.9500000000000011 2.3500000000000001 197.50000000000003
decision_type=2 2 2 2 2 2 2 2 2 2 2 2 2 2 2 2 2 2 2 2 2 2 2 2 2 2 2 2 2 2
left_child=1 5 3 -3 -2 6 -1 12 -9 -10 11 -11 -8 14 -14 20 17 -17 19 21 24 -18 -22 -24 28 -26 27 -27 29 -7
right_child=4 2 -4 -5 -6 15 7 8 9 10 -12 -13 13 -15 -16 16 18 -19 -20 -21 22 -23 23 -25 25 26 -28 -29 -30 -31
leaf_value=-0.010240358072414548 0.057803784097229229 -0.0093828699551320519 0.025525138055093075 0.0059241029507319364 -0.028474398744491595 -0.0017307019159340201 0.0005155642123838227 0.01219592806345241 0.030417661990137665 -0.013852425524256735 0.010150719176310862 -0.0013206479364616991 -0.0023551103443037631 -0.016138566489247896 0.0038584901342185243 -0.013269957962838736 0.00904186441223832 0.0012233626812616079 0.051692670848457668 -0.067210788011993761 0.0034860462563744287 -0.023652680187968875 -0.021955216748498492 0.12596461282179258 -0.023314218174348408 0.00039839741070947011 -0.026389399357608791 -0.0096353059221760354 -0.00045382442647919519 -0.0073281792231148458
leaf_weight=31 475 48 703 36 30 208 270 650 92 40 27 31 37 39 34 30 41 520 31 49 895 27 25 33 35 197 26 46 2873 65
leaf_count=31 475 48 703 36 30 208 270 650 92 40 27 31 37 39 34 30 41 520 31 49 895 27 25 33 35 197 26 46 2873 65
internal_value=0.000190451 3.30534e-05 0.00150761 -0.00545882 0.00241107 -0.00014985 0.000897764 0.00108108 0.0019025 -0.00125654 -0.00533333 -0.00827778 -0.000734908 -0.00396396 -0.00105556 -0.000406899 -0.00178541 -0.000217786 -0.00757047 -0.0099322 -0.000188011 -0.00417391 0.00139623 -0.00420339 -0.000625905 -0.00296393 -0.00194074 -0.000934426 -0.00039911 -0.00258394
internal_weight=7644 7139 787 84 505 6352 1251 1220 840 190 98 71 380 110 71 5101 698 550 148 117 4403 68 953 58 3450 304 269 243 3146 273
internal_count=7644 7139 787 84 505 6352 1251 1220 840 190 98 71 380 110 71 5101 698 550 148 117 4403 68 953 58 3450 304 269 243 3146 273
is_linear=0
shrinkage=0.04


Tree=91
num_leaves=31
num_cat=0
split_feature=3 8 12 19 11 11 5 4 7 18 19 7 7 14 4 13 7 14 6 5 13 5 5 12 6 3 17 0 6 18
split_gain=1.58296 1.18016 2.06975 1.53337 1.71004 1.3345 1.95599 1.54849 3.36929 1.15199 2.41189 1.73425 2.1059 1.9438 1.67177 1.34742 1.09743 1.13006 1.08257 1.06444 1.06562 1.06274 2.41433 1.21318 1.05047 1.17475 1.22381 1.07432 1.0464 2.15158
threshold=23.250000000000004 4.1500000000000012 82.500000000000014 0.87837969732492682 1.0000000180025095e-35 3.0500000000000003 5.4500000000000011 8.1500000000000004 6.8312500000000007 -0.60355339059327384 0.6078576107927941 5.4854166666666684 9.5437500000000011 181.50000000000003 5.2500000000000009 6.5500000000000007 3.4187500000000002 214.50000000000003 4.3333333333333313 16.650000000000002 1.7500000000000002 17.050000000000004 26.100000000000005 87.500000000000014 4.8500000000000005 7.7500000000000009 0.60355339059327384 10.65 4.3333333333333313 -0.70710678118654757
decision_type=2 2 2 2 2 2 2 2 2 2 2 2 2 2 2 2 2 2 2 2 2 2 2 2 2 2 2 2 2 2
left_child=1 19 9 4 -4 6 -6 8 -8 10 -3 -12 13 -13 -15 16 17 18 -11 20 28 23 -23 24 -7 -26 27 -27 -1 -30
right_child=-2 2 3 -5 5 21 7 -9 -10 15 11 12 -14 14 -16 -17 -18 -19 -20 -21 -22 22 -24 -25 25 26 -28 -29 29 -31
leaf_value=-0.0050515412598396096 0.1418883469734554 0.0022391714196849546 0.0049845071441121727 0.0090158514316976551 -0.0016456053622690692 -0.02730620686103238 -0.0034771428009719085 -0.0012902878797435666 -0.014954039699308931 -0.0014277125340200773 0.0042781897891600029 -0.0098065350619636737 -2.8359831320766407e-05 -0.029319766211567812 -0.042457458735203381 0.00047807138197416876 0.021388676807180099 0.024099757909999821 -0.028345273628183149 -0.019863103756003184 -0.0001217296287080854 -0.039657457346003615 0.018358620311857542 0.001260852145290784 0.0035824518688409158 -0.026490426306133498 0.024784192555155002 -0.0035467514274776179 0.010104941895319906 -0.042013772792423187
leaf_weight=323 174 804 169 123 103 41 75 44 33 76 89 71 97 48 35 1084 1807 46 36 39 1854 27 25 209 81 26 25 25 26 29
leaf_count=323 174 804 169 123 103 41 75 44 33 76 89 71 97 48 35 1084 1807 46 36 39 1854 27 25 209 81 26 25 25 26 29
internal_value=0.000216612 0.000128497 0.000460769 -0.00116783 -0.00175113 -0.00260699 -0.00492187 -0.00779085 -0.0103486 0.000851693 -0.000230568 -0.00304985 -0.00474603 -0.00763871 -0.0117619 0.00125771 0.00188199 -0.00130818 -0.00346903 -0.000632042 -0.000515898 -0.00131304 -0.00664151 -0.000617647 -0.00285427 -0.00134177 -0.00488312 -0.00838462 -0.00244855 -0.0075
internal_weight=7644 7470 5199 1006 883 714 255 152 108 4193 1144 340 251 154 83 3049 1965 158 112 2271 2232 459 52 407 198 157 76 51 378 55
internal_count=7644 7470 5199 1006 883 714 255 152 108 4193 1144 340 251 154 83 3049 1965 158 112 2271 2232 459 52 407 198 157 76 51 378 55
is_linear=0
shrinkage=0.04


Tree=92
num_leaves=31
num_cat=0
split_feature=0 18 12 17 14 10 0 12 4 13 11 12 16 18 10 11 14 9 13 9 16 16 4 11 18 9 11 20 13 17
split_gain=1.70619 0.905957 1.58851 1.59678 1.4895 1.23443 1.46602 1.64127 1.17209 1.67884 1.70722 1.17125 2.02309 1.97173 2.20574 1.54187 1.94902 2.21862 3.58624 1.81342 1.5777 2.22092 1.23808 1.2138 1.36091 2.0477 1.08188 0.983259 1.35854 1.48231
threshold=10.15 -0.12940952255126037 45.500000000000007 -0.5 287.50000000000006 11.65 9.6500000000000004 80.500000000000014 0.8500000000000002 3.1500000000000008 7.2500000000000009 53.500000000000007 812.50000000000011 0.37940952255126048 2.4500000000000006 14.850000000000003 241.50000000000003 95.500000000000014 10.550000000000002 111.50000000000001 2252.5000000000005 1067.5000000000002 2.8500000000000001 1.1500000000000001 0.91597561503675351 61.500000000000007 24.750000000000004 1.0000000180025095e-35 9.1500000000000004 -0.37940952255126065
decision_type=2 2 2 2 2 2 2 2 2 2 2 2 2 2 2 2 2 2 2 2 2 2 2 2 2 2 2 2 2 2
left_child=1 2 4 -4 -1 6 8 -8 9 -5 -11 15 23 -14 -15 -3 22 -18 19 20 21 -19 26 -13 -25 -26 -17 -24 -29 -30
right_child=-2 11 3 5 -6 -7 7 -9 -10 10 -12 12 13 14 -16 16 17 18 -20 -21 -22 -23 27 24 25 -27 -28 28 29 -31
leaf_value=-0.0018366695389919749 0.0092826466824931803 0.008516168732776476 0.009627042117962805 -0.0061089224380174098 -0.0090686065687506055 0.0020325360977804996 -0.023339712434649367 -0.018741508190499707 -0.0016365792122327654 0.002014990606065508 -0.0036925198133384331 0.0018847060072743269 0.0032453048673018155 -0.0021849853939691199 -0.024345764003391591 0.0042462905410668396 0.0042048964551654449 0.011480777657228212 -0.01381575028958046 0.0273692265441383 0.010423827025354182 -0.030999845579569783 0.027731489230012899 9.1768017444739991e-06 -0.024588700515376871 -0.0032586376696041286 -0.008499205985851889 0.028432040854369626 -0.0087663565409143926 0.00082739077144720734
leaf_weight=221 1677 455 574 26 74 360 35 27 1126 42 29 389 30 30 40 37 249 25 34 56 27 46 497 920 30 241 29 205 51 62
leaf_count=221 1677 455 574 26 74 360 35 27 1126 42 29 389 30 30 40 37 249 25 34 56 27 46 497 920 30 241 29 205 51 62
internal_value=0.000200916 -0.000115952 -0.000693439 -0.000326126 -0.00344595 -0.000959903 -0.00153966 -0.00749206 -0.00123203 -0.00542857 -0.00216667 0.000304575 -0.000452112 -0.00594059 -0.00957746 0.00102142 0.000327521 -0.00185388 -0.00512169 -0.00247742 -0.00573737 -0.00883333 0.00141043 -0.000101202 -0.000734899 -0.00322059 -0.0038209 0.00183824 0.000100314 -0.00340351
internal_weight=7644 5967 2514 2219 295 1645 1285 62 1223 97 71 3453 1680 100 70 1773 1318 437 188 154 98 71 881 1580 1191 271 66 815 318 113
internal_count=7644 5967 2514 2219 295 1645 1285 62 1223 97 71 3453 1680 100 70 1773 1318 437 188 154 98 71 881 1580 1191 271 66 815 318 113
is_linear=0
shrinkage=0.04


Tree=93
num_leaves=31
num_cat=0
split_feature=7 9 8 12 3 14 8 12 16 5 5 16 2 8 8 2 1 18 3 7 7 7 8 10 9 0 20 0 6 7
split_gain=1.57281 1.07745 1.35915 1.10865 2.27784 0.81939 0.652871 1.69542 1.59894 1.21611 1.20657 1.32984 1.4296 1.56125 1.85387 1.46728 1.92881 1.06009 1.87309 3.77679 2.05373 1.39128 1.14821 1.08188 1.40693 1.06277 0.999507 1.30804 1.36521 1.08309
threshold=21.091666666666672 107.50000000000001 2.0500000000000003 15.500000000000002 4.0500000000000007 13.500000000000002 4.1500000000000012 82.500000000000014 37.500000000000007 16.650000000000002 5.4500000000000011 92.500000000000014 3.3500000000000001 10.550000000000002 20.650000000000002 9.8500000000000032 13.350000000000003 1.0000000180025095e-35 4.7500000000000009 6.7479166666666677 4.189583333333335 3.9520833333333338 24.350000000000005 13.050000000000002 60.500000000000007 5.1500000000000012 -0.22252093395631442 8.3500000000000032 7.8999999999999986 5.8958333333333348
decision_type=2 2 2 2 2 2 2 2 2 2 2 2 2 2 2 2 2 2 2 2 2 2 2 2 2 2 2 2 2 2
left_child=1 3 -3 4 -1 -5 9 8 -8 -7 -9 12 -12 -14 15 -15 -17 18 19 20 -10 -20 -19 24 -22 -26 27 28 -23 -28
right_child=-2 2 -4 5 -6 6 7 10 17 -11 11 -13 13 14 -16 16 -18 22 21 -21 23 26 -24 -25 25 -27 29 -29 -30 -31
leaf_value=-0.02359417633533856 0.083603928207486453 -0.0060284492705916385 0.027316974172464897 0.03796353942997046 0.0046911173593215854 -0.00065282807300026072 0.015603942840007394 0.00053937543412664872 0.0044294186996863246 -0.020869067826686259 -0.015131799791851003 0.0013089328200266703 -0.002336192393689126 -0.00091987336565942112 0.10481784012414416 -0.035803101493762937 -0.008672106589635303 0.0077108140788338143 -0.0055196511977883764 -0.018345010913712299 -0.046691080360500979 0.010151278768758777 -0.10323297168001389 0.0013178740466638997 0.02486776034443532 -0.01669344011072239 0.0051224335393050026 0.026123033466593931 -0.0091839183794958507 -0.0075755993472483756
leaf_weight=26 212 26 366 137 27 2097 808 422 98 37 30 95 273 54 33 38 43 1466 33 27 32 95 29 35 25 31 139 285 61 564
leaf_count=26 212 26 366 137 27 2097 808 422 98 37 30 95 273 54 33 38 43 1466 33 27 32 95 29 35 25 31 139 285 61 564
internal_value=0.000216612 0.000119467 0.00215776 5.68116e-06 -0.0057037 4.97998e-05 -1.1677e-05 0.000251007 0.000641459 -0.000592037 -0.00122144 -0.00242681 -0.00329661 -0.00270588 -0.00572781 -0.00779412 -0.0111707 0.000205409 -0.000575035 -0.00372691 -0.00196396 9.1681e-05 0.000949198 -0.0053871 -0.00773034 -0.00378947 0.000328384 0.001819 -0.00112102 -0.000607954
internal_weight=7644 7432 392 7040 53 6987 6850 4716 3728 2134 988 566 471 441 168 135 81 2920 1425 248 221 1177 1495 123 88 56 1144 441 156 703
internal_count=7644 7432 392 7040 53 6987 6850 4716 3728 2134 988 566 471 441 168 135 81 2920 1425 248 221 1177 1495 123 88 56 1144 441 156 703
is_linear=0
shrinkage=0.04


Tree=94
num_leaves=31
num_cat=0
split_feature=1 11 7 11 12 14 12 0 3 16 12 2 3 7 10 13 20 13 7 11 11 17 0 20 18 4 17 11 6 7
split_gain=1.50692 1.35007 2.08222 1.27008 0.915936 0.890489 1.24027 0.898272 1.75601 2.42865 1.28456 1.33444 0.965799 1.55822 1.03029 0.948276 0.925088 1.75421 2.31172 1.13616 1.42225 1.00982 1.04076 0.888183 1.12219 0.872031 0.785961 1.50782 1.05524 1.03843
threshold=19.650000000000002 25.550000000000004 3.7270833333333337 1.2500000000000002 19.500000000000004 75.500000000000014 47.500000000000007 9.8500000000000032 9.6500000000000004 2137.5000000000005 82.500000000000014 12.950000000000001 11.450000000000001 9.6562500000000018 8.8500000000000032 1.0500000000000003 -0.56174490092936669 6.9500000000000011 9.7916666666666679 7.1500000000000012 20.750000000000004 0.25881904510252091 7.3500000000000005 0.81174490092936691 0.37940952255126048 4.8500000000000005 -0.5 13.550000000000002 2.6666666666666639 10.972916666666668
decision_type=2 2 2 2 2 2 2 2 2 2 2 2 2 2 2 2 2 2 2 2 2 2 2 2 2 2 2 2 2 2
left_child=1 3 4 25 -3 6 -5 8 26 16 11 -9 13 14 -12 -13 17 18 -10 -18 21 22 -21 -8 -25 -1 27 -7 -29 -28
right_child=-2 2 -4 5 -6 7 23 10 9 -11 12 15 -14 -15 -16 -17 19 -19 -20 20 -22 -23 -24 24 -26 -27 29 28 -30 -31
leaf_value=0.00022861452542627628 0.1116642088229829 -0.0074152143367674965 0.023703827128571713 0.059342591363582144 0.0059591405199605277 0.0061911523480394047 0.0024156887592174723 0.022962181145191229 -0.0059386604571932235 -0.019906499233082364 0.052160022637305826 -0.014996531618313916 0.000800641505030303 -0.032938264651578238 -0.0058346421973646924 -0.0011968382979305522 0.029478952933519067 0.0218360797491675 -0.034856944048172453 -0.009252899161365593 0.038413725363284072 0.0014232558626723374 -0.022999921581056914 0.0026951144939870633 -0.04072083627192976 0.032441957455962685 -0.0016035424941296683 0.0053091087235539562 -0.0057809883337466075 0.013058737925466708
leaf_weight=831 290 46 649 255 28 619 277 541 49 27 32 26 88 35 52 324 76 30 29 55 55 30 46 25 26 431 2261 77 267 67
leaf_count=831 290 46 649 255 28 619 277 541 49 27 32 26 88 35 52 324 76 30 29 55 55 30 46 25 26 431 2261 77 267 67
internal_value=0.000200916 8.91912e-05 0.00172928 -8.98672e-05 -0.00458667 -0.000358287 0.00111644 -0.000538124 -0.000837083 -0.00334673 0.000465878 0.00112556 -0.00236538 -0.0047 -0.00169412 -0.000797721 -0.00247978 -0.00557798 -0.00870886 -0.00118631 -0.00286631 -0.00512121 -0.00701961 -0.000510638 -0.00530769 0.00105146 -0.000533414 0.000427386 -0.00169275 -0.000930871
internal_weight=7644 7354 723 6631 74 5369 583 4786 3688 397 1098 891 207 119 84 350 370 108 78 262 186 131 101 328 51 1262 3291 963 344 2328
internal_count=7644 7354 723 6631 74 5369 583 4786 3688 397 1098 891 207 119 84 350 370 108 78 262 186 131 101 328 51 1262 3291 963 344 2328
is_linear=0
shrinkage=0.04


Tree=95
num_leaves=31
num_cat=0
split_feature=8 6 13 9 14 11 17 8 12 5 5 3 3 9 14 2 9 14 14 8 16 11 12 14 5 5 4 9 3 4
split_gain=1.68436 1.33192 1.06909 1.43169 0.89336 1.13168 1.5871 1.52651 2.06763 1.85595 0.798917 2.65915 0.791478 0.718285 1.09545 0.7174 0.732992 0.71774 0.67719 0.658921 0.6397 0.767214 0.952323 1.87016 1.06771 1.72203 1.7416 1.25728 2.10404 2.07997
threshold=2.7500000000000004 22.483333333333338 18.750000000000004 107.50000000000001 352.50000000000006 4.1500000000000012 -1.0000000180025095e-35 1.9500000000000002 74.500000000000014 5.1500000000000012 4.1500000000000012 6.3500000000000005 2.5500000000000003 75.500000000000014 275.50000000000006 0.8500000000000002 71.500000000000014 174.50000000000003 342.50000000000006 2.5500000000000003 17.500000000000004 -3.4499999999999997 77.500000000000014 304.50000000000006 17.250000000000004 26.100000000000005 8.0500000000000025 72.500000000000014 5.1500000000000012 7.7500000000000009
decision_type=2 2 2 2 2 2 2 2 2 2 2 2 2 2 2 2 2 2 2 2 2 2 2 2 2 2 2 2 2 2
left_child=4 2 3 18 5 13 10 15 9 12 11 -7 -9 14 19 -8 -17 -18 20 -1 -2 -22 -23 24 27 26 -26 -24 -29 -30
right_child=1 -3 -4 -5 -6 6 7 8 -10 -11 -12 -13 -14 -15 -16 16 17 -19 -20 -21 21 22 23 -25 25 -27 -28 28 29 -31
leaf_value=0.00086725523759345819 0.0081771255389425385 0.12830197451816125 -0.0043842212047443662 0.05241642946800678 -0.014217687772090251 -0.00060250712097304393 0.0018973276292076951 -0.020312729616272937 0.0015306725536325177 -0.0023527208887961885 0.0013013576144751504 -0.021307280528406611 -0.027756854769371266 0.0057019172114138247 -0.0072376423157079128 -0.005035301456062553 0.0073721786419311645 -0.0081530014270705196 0.022322762714136971 -0.010678093152833868 0.01330636966613909 0.00086963512983170236 9.981087944366841e-05 -0.017090996026566739 -0.015188990098884275 0.011380616535809835 -0.033636504774727294 0.0046857266637608062 -0.014820986451145305 -0.00045436088855698668
leaf_weight=291 403 189 33 339 25 284 32 25 37 50 217 26 25 117 31 29 30 32 181 30 276 3426 1125 25 28 31 30 96 80 61
leaf_count=291 403 189 33 339 25 284 32 25 37 50 217 26 25 117 31 29 30 32 181 30 276 3426 1125 25 28 31 30 96 80 61
internal_value=0.000201973 0.000469956 0.000367726 0.00040708 -0.00112012 -0.000967382 -0.0018934 -0.00444444 -0.00733333 -0.010297 -0.000628788 -0.00192926 -0.0156863 0.000587234 -0.00031728 -0.00119355 -0.003 -0.000507936 0.000258199 0.000385093 0.000179864 6.02434e-05 -5.54761e-05 -0.000904536 -0.000713498 -0.00493333 -0.00894915 -0.000434336 -0.00307563 -0.00616901
internal_weight=7604 6323 6134 6101 1281 1256 787 260 137 100 527 310 50 469 352 123 91 62 5762 321 5581 5178 4902 1476 1451 89 58 1362 237 141
internal_count=7604 6323 6134 6101 1281 1256 787 260 137 100 527 310 50 469 352 123 91 62 5762 321 5581 5178 4902 1476 1451 89 58 1362 237 141
is_linear=0
shrinkage=0.04


Tree=96
num_leaves=31
num_cat=0
split_feature=6 8 13 9 11 17 7 13 14 1 0 14 9 11 13 10 11 12 7 9 9 9 3 4 13 11 7 0 6 9
split_gain=1.56288 1.21706 1.05731 1.4767 0.848376 1.13931 1.74263 1.8416 2.22707 2.14467 0.985592 0.89777 1.69384 0.834642 1.75682 0.633317 0.859416 0.562914 1.58528 1.68893 1.89326 1.37667 2.63905 2.32164 2.06247 1.07351 1.04845 1.00877 1.149 0.969675
threshold=22.483333333333338 2.7500000000000004 18.750000000000004 107.50000000000001 4.1500000000000012 -1.0000000180025095e-35 6.9625000000000012 5.8500000000000005 172.50000000000003 1.3500000000000003 2.3500000000000001 275.50000000000006 74.500000000000014 23.850000000000005 4.4500000000000011 8.7500000000000018 -4.4499999999999993 77.500000000000014 12.500000000000004 49.500000000000007 66.500000000000014 72.500000000000014 5.1500000000000012 7.7500000000000009 1.5500000000000003 11.550000000000002 2.0979166666666669 9.9500000000000011 11.566666666666668 60.500000000000007
decision_type=2 2 2 2 2 2 2 2 2 2 2 2 2 2 2 2 2 2 2 2 2 2 2 2 2 2 2 2 2 2
left_child=1 4 3 17 11 13 7 10 -9 -10 -7 15 -13 -6 -15 16 -1 25 21 -20 -21 26 -23 24 -24 -3 -19 -27 -29 -28
right_child=-2 2 -4 -5 5 6 -8 8 9 -11 -12 12 -14 14 -16 -17 -18 18 19 20 -22 22 23 -25 -26 27 29 28 -30 -31
leaf_value=-0.013519866604145701 0.12316989553743481 0.0042371693038303609 -0.0042088523565545948 0.050319772289286496 -0.00030343364879023945 0.0018827582071256894 0.009639627802336289 -0.0018421903412937735 -0.0042801286734142161 -0.011725974728278726 -0.013331640467803644 -0.010957062616707274 0.013153425133943384 -0.014513325193297129 0.0002863314500558509 -0.0050558236744984086 0.0028972919722998537 -0.023837106909073431 0.0093521364941317048 -0.029895919940334612 0.0007827072237290186 0.0054520197366626881 -0.020228523432761304 0.0079583505935455594 -0.0027489560305868823 -0.00089057748974459745 -0.00038363336961558768 0.036219229500969508 0.00025541264122280153 0.0047062056039585357
leaf_weight=25 189 1403 33 339 465 73 38 56 31 41 27 33 31 25 48 58 330 34 38 45 28 135 35 58 72 1630 818 305 529 632
leaf_count=25 189 1403 33 339 465 73 38 56 31 41 27 33 31 25 48 58 330 34 38 45 28 135 35 58 72 1630 818 305 529 632
internal_value=0.000186193 9.43907e-05 0.000328606 0.000367748 -0.00102652 -0.00181863 -0.00395506 -0.00527511 -0.00843411 -0.0130411 -0.00118812 0.000309624 -0.00406154 -0.000756957 -0.0047027 0.000995169 0.00162921 0.000216554 -0.000348101 -0.00496429 -0.00848649 -5.82632e-05 -0.00252492 -0.00590361 -0.00937037 0.000493278 0.000441751 -9.73616e-06 0.00112096 0.000606478
internal_weight=7604 7415 6134 6101 1281 804 266 228 128 72 100 477 64 538 73 413 355 5762 1895 111 73 1784 300 165 107 3867 1484 2464 834 1450
internal_count=7604 7415 6134 6101 1281 804 266 228 128 72 100 477 64 538 73 413 355 5762 1895 111 73 1784 300 165 107 3867 1484 2464 834 1450
is_linear=0
shrinkage=0.04


Tree=97
num_leaves=31
num_cat=0
split_feature=6 4 5 11 5 9 13 14 6 6 13 6 3 17 6 3 20 10 8 2 5 14 7 6 11 4 0 5 4 4
split_gain=1.55372 1.08465 1.38915 1.24717 1.23544 0.984547 1.11643 0.947623 0.917876 1.27453 1.15674 1.40947 1.11066 1.26321 1.29686 1.04018 0.85809 1.27224 3.2065 2.43233 1.78239 1.2308 1.44054 4.41238 1.65341 1.92068 2.64368 1.67911 2.24154 1.53616
threshold=22.483333333333338 3.2500000000000004 0.55000000000000016 24.350000000000005 4.0500000000000007 109.50000000000001 12.15 178.50000000000003 6.1166666666666636 1.7499999999999967 3.0500000000000003 1.8999999999999968 3.2500000000000004 0.25881904510252091 3.4083333333333301 5.2500000000000009 0.81174490092936691 4.1500000000000012 4.4500000000000011 3.5500000000000003 17.250000000000004 225.50000000000003 12.183333333333335 14.149999999999997 14.750000000000002 14.350000000000003 4.0500000000000007 3.4500000000000006 7.1500000000000012 9.4500000000000011
decision_type=2 2 2 2 2 2 2 2 2 2 2 2 2 2 2 2 2 2 2 2 2 2 2 2 2 2 2 2 2 2
left_child=1 3 -3 7 -5 16 -7 8 9 -1 12 -12 13 -11 -15 -13 21 18 19 -18 -19 -4 23 24 -23 26 27 -26 -29 -28
right_child=-2 2 5 4 -6 6 -8 -9 -10 10 11 15 -14 14 -16 -17 17 20 -20 -21 -22 22 -24 -25 25 -27 29 28 -30 -31
leaf_value=0.0016219079892120843 0.1182430997159374 -0.01365203564944803 0.0030549473705696697 -0.014698469509283024 0.015834262039059192 0.05282902766338414 -0.011011297526850575 0.00072857120005259636 0.0012588851470234888 -0.015682374979896257 -0.018349178213346255 0.00020578829143003379 -0.0022143293557917092 0.00099695983966816655 -0.020727732189956407 -0.0029554708369769261 -0.012714893578442361 0.0019066763414234817 -0.00073283185932948374 -0.012078530490604485 -0.038175307824140768 0.0023840161726657598 0.046914012006482493 -0.056343494057479793 0.0035305893013322593 -0.041239790909232348 0.012263486638368008 -0.022852260663643948 -0.0072625248504039229 -0.0070438770430278231
leaf_weight=127 189 34 3150 46 27 260 26 1054 197 67 28 273 90 30 34 41 52 400 203 29 53 510 172 32 35 29 208 46 37 125
leaf_count=127 189 34 3150 46 27 260 26 1054 197 67 28 273 90 30 34 41 52 400 203 29 53 510 172 32 35 29 208 46 37 125
internal_value=0.000196713 0.000105178 0.000400593 -0.000686848 -0.00578378 0.00045231 0.00273171 -0.000492276 -0.00145495 -0.00214182 -0.00295745 -0.00149271 -0.00520721 -0.00754545 -0.00344615 -0.000711111 0.000323495 -0.000937669 -0.00303158 -0.00970732 0.000378855 0.00053763 -0.000555648 -0.0011261 -0.000645812 -0.00232848 -0.00167257 -0.00678992 -0.00985714 0.000155689
internal_weight=7604 7415 5401 2014 73 5367 286 1941 887 690 563 342 221 131 64 314 5081 737 284 81 453 4344 1194 1022 990 480 451 118 83 333
internal_count=7604 7415 5401 2014 73 5367 286 1941 887 690 563 342 221 131 64 314 5081 737 284 81 453 4344 1194 1022 990 480 451 118 83 333
is_linear=0
shrinkage=0.04


Tree=98
num_leaves=31
num_cat=0
split_feature=7 4 5 11 9 13 11 20 9 7 3 0 4 5 14 5 4 7 6 7 3 16 11 14 14 2 8 11 7 5
split_gain=1.56591 0.999408 1.95807 1.52347 1.14952 1.26258 0.975724 1.33831 1.67049 1.30269 1.86136 2.36496 1.08609 1.51644 1.41352 0.962 1.31604 0.919701 1.37901 1.94396 1.32273 1.56861 1.67647 1.85116 1.38496 1.30651 1.50818 1.96746 2.84075 2.35348
threshold=19.439583333333335 3.7500000000000004 0.55000000000000016 24.250000000000004 107.50000000000001 13.450000000000001 4.7500000000000009 -0.22252093395631442 46.500000000000007 12.500000000000004 6.9500000000000011 10.250000000000002 5.0500000000000007 6.7500000000000009 164.50000000000003 4.7500000000000009 2.8500000000000001 5.7520833333333341 6.4749999999999979 10.452083333333336 2.6500000000000008 1367.5000000000002 23.050000000000004 251.50000000000003 225.50000000000003 11.350000000000003 20.450000000000003 16.650000000000002 11.841666666666669 7.2500000000000009
decision_type=2 2 2 2 2 2 2 2 2 2 2 2 2 2 2 2 2 2 2 2 2 2 2 2 2 2 2 2 2 2
left_child=1 3 -3 -1 6 -6 -4 12 9 10 -9 -12 13 14 -8 16 -5 -10 19 20 -19 22 23 -22 -23 -20 27 28 -27 -29
right_child=-2 2 4 15 5 -7 7 8 17 -11 11 -13 -14 -15 -16 -17 -18 18 25 -21 21 24 -24 -25 -26 26 -28 29 -30 -31
leaf_value=-0.00044967921389224466 0.061987709642750757 -0.018314598938623083 0.0044017808689455571 -0.014432953912804794 0.054645662528692393 -0.01058566886844009 0.010335498444544107 0.0022325028063544211 0.0014643075273696085 0.048516229194766648 -0.041584993338752811 -0.046516326990410244 0.0075555137806993721 0.012243239603789405 -0.024518774330933579 0.0081120773746572537 -0.0097329384511599792 0.0044655874762686452 0.0062680051018650478 0.02130187360843782 -0.017124883873310199 0.033096194971440236 -0.024098591487175129 0.0031963438409449915 -0.0098443902952617419 -0.011641664477767377 0.058143981012468697 -0.023911532128673346 -0.044352536759300863 0.035568215386850663
leaf_weight=2321 247 28 1332 33 314 31 49 27 414 26 25 36 1163 87 100 31 27 46 545 56 130 56 27 46 37 71 97 39 39 124
leaf_count=2321 247 28 1332 33 314 31 49 27 414 26 25 36 1163 87 100 31 27 46 545 56 130 56 27 46 37 71 97 39 39 124
internal_value=0.000212492 0.000107094 0.000432673 -0.000560298 0.000493697 0.00271676 0.000325388 -4.93673e-05 -0.000757872 -0.00542609 -0.00773034 -0.0115484 0.000882857 -0.0015865 -0.00402667 -0.0056087 -0.00852459 -0.000446759 -0.000964992 -0.00292732 -0.00405831 -0.00503704 -0.007 -0.00551412 -0.000723404 -0.00010917 -0.0019407 -0.00345985 -0.00756757 -0.000658536
internal_weight=7604 7357 4945 2412 4917 345 4572 3240 1841 114 88 61 1399 236 149 91 60 1727 1313 398 342 296 203 176 93 915 370 273 110 163
internal_count=7604 7357 4945 2412 4917 345 4572 3240 1841 114 88 61 1399 236 149 91 60 1727 1313 398 342 296 203 176 93 915 370 273 110 163
is_linear=0
shrinkage=0.04


Tree=99
num_leaves=31
num_cat=0
split_feature=7 4 11 5 9 13 9 18 14 9 14 19 0 6 5 4 13 6 2 11 7 14 5 11 1 0 5 9 11 16
split_gain=1.49327 0.99983 1.29071 1.06336 1.01676 1.22473 0.992858 0.715208 1.20976 1.36693 1.00524 1.34279 1.62149 0.975752 0.932514 1.40687 1.45277 1.08855 1.01933 0.917373 0.898872 0.885316 0.770871 0.842347 2.24889 1.2305 1.11114 1.18436 1.02077 0.726049
threshold=21.091666666666672 3.7500000000000004 24.250000000000004 0.55000000000000016 107.50000000000001 13.450000000000001 94.500000000000014 0.1294095225512602 174.50000000000003 60.500000000000007 278.50000000000006 -0.60785761079279388 1.9500000000000002 3.6166666666666636 9.5500000000000025 1.5500000000000003 4.5500000000000007 6.4749999999999979 6.2500000000000009 11.550000000000002 5.1187500000000012 166.50000000000003 7.2500000000000009 6.9500000000000011 2.3500000000000001 6.2500000000000009 4.2500000000000009 50.500000000000007 2.8500000000000001 762.50000000000011
decision_type=2 2 2 2 2 2 2 2 2 2 2 2 2 2 2 2 2 2 2 2 2 2 2 2 2 2 2 2 2 2
left_child=1 2 7 -3 -5 -6 -4 10 9 -9 14 -12 -13 -14 17 -16 19 18 20 -17 22 29 23 25 -25 28 -26 -28 -1 -11
right_child=-2 3 6 4 5 -7 -8 8 -10 21 11 12 13 -15 15 16 -18 -19 -20 -21 -22 -23 -24 24 26 -27 27 -29 -30 -31
leaf_value=-0.00044403595800262082 0.077174786443781701 -0.017582014981078156 -0.017873897717583478 0.00070457313100883562 0.052459836027544705 -0.010162242113702489 -0.00078136352725784012 -0.012297026297529297 0.0048026442978752948 0.00091935771720299435 0.013046798604579515 -0.0057255230917477159 0.002032150970651023 -0.0044231990383345526 0.0031132978759162602 -0.014349457241174137 -0.016542016819689136 0.0041626409845748136 -0.0071206169620588759 0.0075154013050092137 -0.043174748677654813 -0.0075039633687780582 0.021359102762579775 -0.0032652257992184758 0.0028754037129179585 -0.0049034241594671712 0.010014362771037916 -0.009719984546530263 0.0061335232944980372 -0.0039684303828659336
leaf_weight=311 224 28 44 4595 314 31 47 45 410 317 33 27 28 43 42 42 44 317 44 41 32 41 93 30 75 36 26 49 145 50
leaf_count=311 224 28 44 4595 314 31 47 45 410 317 33 27 28 43 42 42 44 317 44 41 32 41 93 30 75 36 26 49 145 50
internal_value=0.00023879 0.000140902 -0.000527144 0.000465285 0.000510018 0.00260116 -0.00517391 -0.000342808 0.000569445 -0.000854625 -0.000882796 -0.00421212 -0.00654545 -0.00327778 -0.000551205 -0.00331765 -0.00540625 -0.000144952 -0.000897862 -0.0022381 -0.000566416 -0.000117359 -0.000287206 -0.000760772 -0.00309392 9.73632e-05 -0.0010596 -0.00447368 0.000665208 0.00051087
internal_weight=7604 7380 2412 4968 4940 345 91 2321 863 453 1458 131 98 71 1327 169 127 1158 841 83 797 408 765 672 180 492 150 75 456 367
internal_count=7604 7380 2412 4968 4940 345 91 2321 863 453 1458 131 98 71 1327 169 127 1158 841 83 797 408 765 672 180 492 150 75 456 367
is_linear=0
shrinkage=0.04


Tree=100
num_leaves=31
num_cat=0
split_feature=3 10 11 10 0 12 2 5 18 9 10 4 5 7 19 5 14 9 3 14 7 12 4 7 5 10 4 0 2 5
split_gain=1.56884 0.758728 0.782994 0.756388 0.725007 0.804747 0.703134 0.792504 1.33009 1.85479 0.676848 0.616102 1.51686 0.711252 1.75402 1.94362 2.06755 3.32922 1.73522 2.76238 1.35753 1.13679 0.946021 2.41312 2.57528 2.0146 2.71937 1.58886 1.17617 1.06033
threshold=23.250000000000004 17.950000000000003 32.550000000000004 0.35000000000000003 10.15 41.500000000000007 21.600000000000005 18.250000000000004 -0.70710678118654757 54.500000000000007 26.300000000000001 0.55000000000000016 5.3500000000000005 6.7479166666666677 -0.60785761079279388 3.2500000000000004 163.50000000000003 78.500000000000014 4.7500000000000009 202.50000000000003 6.9625000000000012 14.500000000000002 10.450000000000001 10.622916666666669 8.6500000000000004 2.7500000000000004 13.050000000000002 9.7500000000000018 5.9500000000000011 6.3500000000000005
decision_type=2 2 2 2 2 2 2 2 2 2 2 2 2 2 2 2 2 2 2 2 2 2 2 2 2 2 2 2 2 2
left_child=1 2 3 -1 11 -6 7 -7 9 -9 -3 12 -5 21 18 16 -16 -18 19 -15 -17 -13 27 24 25 26 -24 -22 -26 -25
right_child=-2 10 -4 4 5 6 -8 8 -10 -11 -12 13 -14 14 15 20 17 -19 -20 -21 22 -23 23 29 28 -27 -28 -29 -30 -31
leaf_value=0.0042518076013684002 0.11120020203271624 0.012570224788435464 0.028050225419876718 0.00034808034042943666 0.029242970811802171 0.003600690953046352 -0.018801761190174227 0.0045336966038485469 0.011472609637702934 -0.034265942845501336 -0.0036704951720265195 -0.019176333114741911 -0.0039475578756719672 0.026669589416477239 -0.0048329348735774184 -0.01213971574819633 -0.0054894777386835557 -0.055037535499916121 0.029080241870668631 -0.017007372550631769 0.0011861714459901946 0.00034506766896091635 -0.0047322266046288712 -0.0046333972553650269 -0.013138441403129886 0.042479383620338505 -0.059153368149975558 -0.0032218566793741285 -0.042849900706867249 0.0095287887485597592
leaf_weight=130 176 204 119 48 282 896 47 25 79 28 26 31 29 56 65 78 30 27 409 28 506 3869 58 26 33 79 26 38 37 195
leaf_count=130 176 204 119 48 282 896 47 25 79 28 26 31 29 56 65 78 30 27 409 28 506 3869 58 26 33 79 26 38 37 195
internal_value=0.000255175 0.000167355 9.56702e-05 4.1923e-05 -1.42327e-05 0.000815906 0.000315985 0.000536443 -0.00234586 -0.00718518 0.00242424 -0.000213089 -0.00374359 -0.000163805 -0.0008487 -0.00167473 -0.00643902 -0.011931 0.00115789 -0.00404706 -0.00112906 0.000133299 -0.000728729 -0.00207473 -0.00490598 -0.00212195 -0.0064 0.00039633 -0.0112676 0.000918919
internal_weight=7680 7504 7274 7155 7025 1357 1075 1028 132 53 230 5668 77 5591 1691 1198 122 57 493 84 1076 3900 998 454 233 163 84 544 70 221
internal_count=7680 7504 7274 7155 7025 1357 1075 1028 132 53 230 5668 77 5591 1691 1198 122 57 493 84 1076 3900 998 454 233 163 84 544 70 221
is_linear=0
shrinkage=0.04


Tree=101
num_leaves=31
num_cat=0
split_feature=3 10 0 12 11 16 8 3 0 2 19 11 8 4 16 5 3 4 8 1 4 11 17 17 11 6 8 11 14 8
split_gain=1.40768 0.778675 0.826421 0.823978 0.818071 1.15719 2.77231 0.882985 1.39261 0.767636 1.78811 1.22569 1.03974 1.22922 1.83437 1.43039 1.10181 0.843324 0.710202 0.624207 0.616606 1.41585 0.907151 0.793258 1.0847 1.58305 1.66789 0.960533 1.34497 0.976478
threshold=24.000000000000004 0.75000000000000011 10.250000000000002 41.500000000000007 22.150000000000002 1277.5000000000002 3.9500000000000006 4.5500000000000007 4.9500000000000011 9.9500000000000011 -0.60785761079279388 23.850000000000005 8.0500000000000025 7.0500000000000007 322.50000000000006 8.5500000000000025 11.950000000000001 18.450000000000003 12.550000000000002 11.450000000000001 3.2500000000000004 24.350000000000005 0.60355339059327384 -0.60355339059327362 23.850000000000005 1.7499999999999967 1.9500000000000002 15.450000000000001 152.50000000000003 9.3500000000000032
decision_type=2 2 2 2 2 2 2 2 2 2 2 2 2 2 2 2 2 2 2 2 2 2 2 2 2 2 2 2 2 2
left_child=1 4 9 -4 -1 6 -6 8 -7 17 -11 12 -12 15 -15 -14 -16 20 -5 -9 21 22 -3 27 25 26 -25 -22 -29 -30
right_child=-2 2 3 18 5 7 -8 19 -10 10 11 -13 13 14 16 -17 -18 -19 -20 -21 23 -23 -24 24 -26 -27 -28 28 29 -31
leaf_value=0.0077630905685333101 0.11804646044295329 -0.0018719287235002911 0.043372925930980674 0.0075779677122852383 -0.021789949254899538 0.0020693234185445442 0.01192966293839943 0.011005983860830197 -0.018249817603313154 0.013387215663121456 0.0002923172579691706 0.027236977663446474 -0.012971925615385377 0.0048043454656969825 -0.011550993260322882 -0.022365323742697701 -0.047178278422797676 -0.0052674628878366407 0.00018702415930189315 -0.043633633444684891 0.012928502835892332 -0.01321301434579249 0.00060388293066040869 -0.00064720492222462942 0.021569152067156021 -0.00029958337417222312 -0.011468155503951949 0.021851379876387796 -0.007047423365088127 0.010217043468225306
leaf_weight=269 166 1066 236 210 25 48 64 304 25 105 52 29 31 52 25 27 31 47 962 26 799 55 619 52 212 1823 41 105 146 28
leaf_count=269 166 1066 236 210 25 48 64 304 25 105 52 29 31 52 25 27 31 47 962 26 799 55 619 52 212 1823 41 105 146 28
internal_value=0.000343705 0.000262941 0.000126148 0.000987935 0.00147507 0.000503043 -0.0036 0.00141584 -0.00254054 -0.00010101 -0.00190368 -0.00375806 -0.00478539 -0.00632335 -0.00374312 -0.0109831 -0.00870175 2.64319e-05 0.00055243 0.00229607 7.76229e-05 -0.000528432 -0.000320285 0.000406611 -4.13338e-05 -0.000342201 -0.00540426 0.00129008 -0.000728571 -0.00288
internal_weight=7680 7514 6753 1408 761 492 89 403 73 5345 352 247 218 166 108 58 56 4993 1172 330 4946 1740 1685 3206 2128 1916 93 1078 279 174
internal_count=7680 7514 6753 1408 761 492 89 403 73 5345 352 247 218 166 108 58 56 4993 1172 330 4946 1740 1685 3206 2128 1916 93 1078 279 174
is_linear=0
shrinkage=0.04


Tree=102
num_leaves=31
num_cat=0
split_feature=3 0 10 13 12 20 12 13 4 10 3 5 10 9 8 17 9 13 9 14 3 16 13 4 9 19 3 12 10 3
split_gain=1.44017 0.733801 0.764426 0.89293 1.16889 1.57981 1.12249 1.32588 1.22054 0.855961 0.957359 1.51841 0.726004 0.794411 1.35866 1.75528 1.23893 1.27451 1.23149 1.68769 1.47579 1.06364 1.9599 1.05431 1.29134 1.39511 1.08228 1.46375 0.999715 1.20598
threshold=24.000000000000004 10.15 0.75000000000000011 8.9500000000000011 41.500000000000007 0.81174490092936691 31.500000000000004 14.350000000000003 4.4500000000000011 3.5500000000000003 5.5500000000000007 6.6500000000000012 18.250000000000004 59.500000000000007 9.7500000000000018 0.78656609248549325 47.500000000000007 2.7500000000000004 56.500000000000007 134.50000000000003 4.3500000000000005 27.500000000000004 3.1500000000000008 2.8500000000000001 98.500000000000014 0.87837969732492682 4.4500000000000011 79.500000000000014 4.5500000000000007 12.65
decision_type=2 2 2 2 2 2 2 2 2 2 2 2 2 2 2 2 2 2 2 2 2 2 2 2 2 2 2 2 2 2
left_child=1 2 -1 12 5 6 -5 8 -8 -6 -11 -12 13 14 18 16 -16 -18 -4 -20 21 -21 -23 24 25 -15 27 -27 29 -25
right_child=-2 -3 3 4 9 -7 7 -9 -10 10 11 -13 -14 23 15 -17 17 -19 19 20 -22 22 -24 28 -26 26 -28 -29 -30 -31
leaf_value=0.0033769728418100854 0.11332460202523517 0.004700349705712743 0.00051367634186541143 0.00045225133700633433 0.00088148044447527594 -0.0098100803820028101 -0.0010847372448393145 0.0054681170366547259 -0.01580364189926536 -0.00038460757499432995 -0.032892019215492639 -0.00081695662502238246 0.010934341114340575 9.7278851393806529e-05 -0.022949127770197864 0.018765988762425256 -0.015610908272432996 -0.0030808441282283512 -0.021175379112766166 0.0012630786914398524 0.0016342157233153673 -0.01704896057617494 -0.00065146738467190704 0.00042467287083726034 -0.0086934025082185187 -0.010674169860603273 -0.014765491650037637 0.0040633338910089764 0.0043906776270607331 -0.019827813857183765
leaf_weight=690 166 1511 748 120 303 36 29 26 47 174 27 34 94 719 25 30 32 52 42 31 103 28 41 856 26 52 36 46 1476 80
leaf_count=690 166 1511 748 120 303 36 29 26 47 174 27 34 94 719 25 30 32 52 42 31 103 28 41 856 26 52 36 46 1476 80
internal_value=0.000302044 0.000220359 2.19855e-05 -0.00014076 -0.00137516 -0.00358301 -0.00229596 -0.00535922 -0.008 -0.000311688 -0.00211864 -0.0063871 7.70254e-05 2.71263e-06 -0.000910856 -0.0046 -0.00694545 -0.00451765 -0.000390342 -0.00284553 -0.00131373 -0.00475247 -0.00748571 0.000317133 -0.000868182 -0.000594848 -0.00432593 -0.00210101 0.000749275 -0.000273212
internal_weight=7680 7514 6003 5313 796 258 222 102 76 538 235 61 4517 4423 1132 139 109 84 993 245 203 100 69 3291 879 853 134 98 2412 936
internal_count=7680 7514 6003 5313 796 258 222 102 76 538 235 61 4517 4423 1132 139 109 84 993 245 203 100 69 3291 879 853 134 98 2412 936
is_linear=0
shrinkage=0.04


Tree=103
num_leaves=31
num_cat=0
split_feature=6 11 2 0 12 7 8 9 12 20 18 5 14 5 6 14 7 7 9 7 4 11 16 7 17 19 14 4 7 4
split_gain=1.4017 0.709882 0.610989 0.606164 0.736881 0.922266 1.62364 1.01672 0.779664 0.608709 0.927762 1.91174 0.809038 0.737886 1.41071 1.18436 0.654382 1.12601 0.690399 0.515042 1.57643 0.85108 1.44712 0.651705 1.3397 1.69995 1.71146 1.11348 0.882535 0.841553
threshold=22.483333333333338 32.550000000000004 21.600000000000005 10.15 82.500000000000014 12.389583333333336 14.65 40.500000000000007 84.500000000000014 1.0000000180025095e-35 -0.70710678118654757 17.250000000000004 169.50000000000003 11.850000000000003 13.575000000000001 284.50000000000006 7.8645833333333348 7.5312500000000009 75.500000000000014 11.61875 16.550000000000004 17.850000000000005 222.50000000000003 9.7916666666666679 -0.5 1.0000000180025095e-35 153.50000000000003 12.65 10.533333333333335 7.8500000000000005
decision_type=2 2 2 2 2 2 2 2 2 2 2 2 2 2 2 2 2 2 2 2 2 2 2 2 2 2 2 2 2 2
left_child=1 2 3 19 9 7 -7 -6 -9 16 11 12 -11 14 -12 -16 17 18 -5 20 23 22 -21 29 25 26 -25 -26 -29 -1
right_child=-2 -3 -4 4 5 6 -8 8 -10 10 13 -13 -14 -15 15 -17 -18 -19 -20 21 -22 -23 -24 24 27 -27 -28 28 -30 -31
leaf_value=-0.00027472616769713259 0.10310574015310645 0.026048463405561897 -0.041317007389748375 0.045373901152480495 -0.0076989747877504724 0.0041527165024700056 -0.034492476357079749 -0.0035286976355388489 0.0064999295641018466 -0.054862183883434223 0.027625930342105965 -0.023121926766224661 0.024433450739156478 0.030536532868774155 -0.064504901967398262 0.030990130707791105 0.032347177608826445 -0.03141419500953576 -0.026530458492330298 0.0037839919165228021 -0.034465140472084814 0.10927192846859597 -0.0082009547681398468 -0.044061061738556936 0.009512501944893904 0.00033033945386211827 -0.017819113864889234 -0.03209130293103412 0.0031015398361041399 0.0045437470272383885
leaf_weight=4258 185 119 35 128 25 32 34 37 129 34 127 32 107 185 49 26 421 29 40 68 30 167 33 31 96 50 25 32 37 1079
leaf_count=4258 185 119 35 128 25 32 34 37 129 34 127 32 107 185 49 26 421 29 40 68 30 167 33 31 96 50 25 32 37 1079
internal_value=0.00033329 0.000248132 0.000198455 0.000223917 0.000961003 -0.000976744 -0.00501493 0.0004375 0.00158084 0.00138422 0.000427808 -0.002 2.81692e-05 0.00151546 -0.000157635 -0.00447368 0.00224879 0.000343434 0.00160947 4.46929e-05 -3.68858e-05 0.00175465 -0.00113725 1.28367e-05 -0.00189706 -0.00538318 -0.0101053 0.000361446 -0.00348571 0.000110154
internal_weight=7680 7495 7376 7341 1435 257 66 191 166 1178 560 173 141 387 202 75 618 197 168 5906 5638 268 101 5608 271 106 56 165 69 5337
internal_count=7680 7495 7376 7341 1435 257 66 191 166 1178 560 173 141 387 202 75 618 197 168 5906 5638 268 101 5608 271 106 56 165 69 5337
is_linear=0
shrinkage=0.04


Tree=104
num_leaves=31
num_cat=0
split_feature=2 12 16 7 4 18 8 11 11 14 7 14 16 7 14 12 0 2 5 8 5 8 20 17 5 7 3 5 19 7
split_gain=1.27985 0.791409 1.54799 1.27468 1.20355 1.67242 1.55136 1.82637 2.24101 1.67112 1.18342 2.31925 1.0955 1.17061 1.0866 1.70409 2.75647 3.65792 2.30455 1.91196 2.49188 1.65974 1.44702 2.24681 1.76755 1.53069 1.10463 1.06736 0.987295 3.25472
threshold=26.100000000000005 77.500000000000014 37.500000000000007 12.077083333333336 12.450000000000001 -0.3794095225512602 10.550000000000002 11.15 26.950000000000003 213.50000000000003 12.500000000000004 166.50000000000003 1497.5000000000002 10.268750000000002 167.50000000000003 36.500000000000007 3.9500000000000006 3.3500000000000001 4.1500000000000012 12.750000000000002 5.4500000000000011 14.250000000000002 0.81174490092936691 -0.25881904510252113 4.0500000000000007 2.7062500000000007 4.7500000000000009 4.1500000000000012 0.87837969732492682 6.0958333333333341
decision_type=2 2 2 2 2 2 2 2 2 2 2 2 2 2 2 2 2 2 2 2 2 2 2 2 2 2 2 2 2 2
left_child=1 2 -1 4 12 -6 7 -7 9 -9 -3 -12 14 -14 22 16 17 18 -16 28 21 -21 25 24 -24 -4 -22 -18 -17 -30
right_child=-2 10 3 -5 5 6 -8 8 -10 -11 11 -13 13 -15 15 19 27 -19 -20 20 26 -23 23 -25 -26 -27 -28 -29 29 -31
leaf_value=0.013477591546526384 0.11869245405711468 -0.00025253709873242404 -0.0062652754462257767 0.028450131038437333 -0.073740802676247399 0.015862748574371883 0.099010996217985592 -0.024912250748812856 0.057414336351031374 -0.028620669206071953 -0.01449988273225364 0.00033176156876375639 0.0057973728668580492 -0.019386638094548388 0.00090211058008648863 0.001053824166396848 -0.0046728653725072664 -0.021489025709540109 -0.012764365928323449 -0.009834136534581997 -0.014882381799042162 -0.049785021129334556 -0.0012432499346071511 0.016202583800695912 -0.022437036355968786 0.0060129584007037121 0.0094579318600659067 0.0017481042513689733 0.0064283625142852706 -0.02706005350354046
leaf_weight=708 148 2293 104 523 31 52 64 68 31 43 43 72 638 26 61 1037 46 37 43 34 26 39 58 49 36 936 129 144 110 51
leaf_count=708 148 2293 104 523 31 52 64 68 31 43 43 72 638 26 61 1037 46 37 43 34 26 39 58 49 36 936 129 144 110 51
internal_value=0.000302044 0.000229391 0.000510439 0.000231832 -1.74626e-05 -0.00249655 -0.00142085 -0.0032 -0.00553846 -0.00817857 -0.000368618 -0.00431034 0.00018197 0.00164812 -0.000149609 -0.000780432 -0.00336145 -0.00757746 -0.00365714 -0.000179397 -0.00352838 -0.00956757 0.000787162 -0.00297222 -0.00656842 0.00130644 -0.000641025 -0.000209424 0.000460384 -0.00244444
internal_weight=7680 7532 5124 4416 3893 289 258 194 142 111 2408 115 3604 664 2940 1757 331 141 104 1426 228 73 1183 143 94 1040 155 190 1198 161
internal_count=7680 7532 5124 4416 3893 289 258 194 142 111 2408 115 3604 664 2940 1757 331 141 104 1426 228 73 1183 143 94 1040 155 190 1198 161
is_linear=0
shrinkage=0.04


Tree=105
num_leaves=31
num_cat=0
split_feature=6 18 12 14 3 2 9 0 18 12 16 4 8 4 3 7 8 9 3 3 3 12 12 13 13 8 12 12 9 7
split_gain=1.34423 1.11081 1.55133 1.34443 2.17943 1.76516 1.86416 1.37435 1.56712 1.28779 1.20816 1.20774 1.12423 1.11508 1.12694 3.60835 1.03693 0.914968 1.26053 1.39338 1.47037 1.16316 1.27893 1.14197 1.69502 1.38793 1.27966 1.25894 0.903255 0.896269
threshold=22.483333333333338 -0.70710678118654757 72.500000000000014 126.50000000000001 6.8500000000000005 8.5500000000000025 80.500000000000014 3.8500000000000001 0.60355339059327384 65.500000000000014 37.500000000000007 12.65 23.650000000000002 5.0500000000000007 3.6500000000000008 8.7062500000000025 3.3500000000000001 57.500000000000007 4.2500000000000009 1.1500000000000001 0.95000000000000007 15.500000000000002 66.500000000000014 11.15 8.9500000000000011 4.3500000000000005 60.500000000000007 38.500000000000007 60.500000000000007 4.585416666666668
decision_type=2 2 2 2 2 2 2 2 2 2 2 2 2 2 2 2 2 2 2 2 2 2 2 2 2 2 2 2 2 2
left_child=1 9 10 4 7 6 -6 8 16 11 -3 -1 13 17 15 -15 -4 -12 19 20 -19 -21 -23 24 25 27 -27 -20 -9 -10
right_child=-2 2 3 -5 5 -7 -8 28 29 -11 12 -13 -14 14 -16 -17 -18 18 23 21 -22 22 -24 -25 -26 26 -28 -29 -30 -31
leaf_value=-0.0033673193288454618 0.095983757662583144 0.022510016556551909 0.0077933048803921203 0.00010897784978917037 -0.047932785088069495 -0.0031931014498258045 -0.017499659002167031 -0.016193134096941054 -0.013540812864339764 4.1613782821578667e-05 0.005387663214153092 -0.011213015238142183 -0.041800592238575129 0.00093905802190653962 0.0087576073788153842 -0.014967059385593284 -0.009273272214568317 -3.0697750687465634e-06 -0.03324585263620667 -0.019488033828105208 -0.018254099091164377 0.0058621718211285777 -0.0020816820195321785 0.0072492901515443502 -0.027517685830498066 0.0058643680531600987 -0.01178008553879681 -0.00077499134459570423 0.019945270397931879 -0.00029660412133852685
leaf_weight=499 172 345 88 1372 43 57 25 28 57 1310 93 31 46 298 1908 31 25 85 25 36 49 493 94 43 27 110 40 26 134 25
leaf_count=499 172 345 88 1372 43 57 25 28 57 1310 93 31 46 298 1908 31 25 85 25 36 49 493 94 43 27 110 40 26 134 25
internal_value=0.000259979 0.000178936 0.000458958 -0.000487331 -0.00230228 -0.0068254 -0.0111304 -0.00070391 -0.00295918 -0.000673547 0.000926933 -0.00233522 0.000697797 0.000783567 0.00129937 -0.000860606 0.000105263 -0.000245989 -0.000590865 0.000248021 -0.00343704 0.00104487 0.00147619 -0.00292647 -0.0040524 -0.00275248 -0.000794702 -0.00838462 0.00201227 -0.00713253
internal_weight=7615 7443 5603 1854 482 125 68 357 195 1840 3749 530 3404 3358 2237 329 113 1121 1028 757 134 623 587 271 228 201 150 51 162 82
internal_count=7615 7443 5603 1854 482 125 68 357 195 1840 3749 530 3404 3358 2237 329 113 1121 1028 757 134 623 587 271 228 201 150 51 162 82
is_linear=0
shrinkage=0.04


Tree=106
num_leaves=31
num_cat=0
split_feature=7 11 10 3 5 16 14 19 5 0 3 10 0 14 5 14 12 12 11 8 8 13 11 10 8 13 5 12 16 10
split_gain=1.34313 0.934547 1.04748 0.978513 1.06553 0.959988 1.48072 1.41176 1.41658 1.11308 2.99762 1.08016 1.39837 1.72061 1.21931 1.68952 1.2158 0.796942 1.13542 0.758647 0.749696 1.16393 0.726873 1.25082 1.91365 1.01564 2.11842 1.24613 1.21435 2.79889
threshold=21.091666666666672 25.550000000000004 0.75000000000000011 6.9500000000000011 9.8500000000000032 662.50000000000011 75.500000000000014 -1.0000000180025095e-35 13.850000000000003 9.3500000000000032 11.250000000000002 2.8500000000000001 2.1500000000000008 175.50000000000003 5.1500000000000012 169.50000000000003 38.500000000000007 19.500000000000004 32.550000000000004 17.150000000000002 6.1500000000000012 7.3500000000000005 -3.8499999999999992 4.6500000000000012 4.7500000000000009 1.8500000000000003 3.2500000000000004 63.500000000000007 27.500000000000004 8.7500000000000018
decision_type=2 2 2 2 2 2 2 2 2 2 2 2 2 2 2 2 2 2 2 2 2 2 2 2 2 2 2 2 2 2
left_child=1 2 -1 4 17 22 -7 19 9 10 11 14 -13 -14 15 -9 -16 18 -3 20 21 -8 23 24 -4 26 27 -24 -29 -30
right_child=-2 3 5 -5 -6 6 7 8 -10 -11 -12 12 13 -15 16 -17 -18 -19 -20 -21 -22 -23 25 -25 -26 -27 -28 28 29 -31
leaf_value=0.0048658086380141893 0.059776015249472396 -0.017338276837965631 -0.015510261988341196 0.029559640226548712 -0.0065144258413883938 0.041187142631274168 -0.015221909310782362 -0.0096230303424390817 0.0039280675514661648 0.043051768724002792 -0.02654295571369867 -0.022071913990121175 0.0048924449952933539 -0.0074514090274808101 -0.009424186872835312 0.0056305038307820077 -0.0027514633400041381 0.013544653816245006 0.0057091966968520922 -0.019847477555052603 0.047416118379053823 0.00020783421844229545 0.0073863485833116473 0.018015777545232609 0.054821553337587973 0.00031957675356041623 0.00010723826946144807 -0.0059686570910540849 -0.0051758434630717175 -0.029399035003286573
leaf_weight=424 207 63 25 420 32 102 44 25 47 48 27 39 34 34 48 91 48 154 42 26 133 161 66 288 25 3782 849 166 111 54
leaf_count=424 207 63 25 420 32 102 44 25 47 48 27 39 34 34 48 91 48 154 42 26 133 161 66 288 25 3782 849 166 111 54
internal_value=0.000233719 0.000144689 -1.79143e-06 0.00152247 -0.000260274 -0.000131973 -0.0013348 -0.00191067 -0.00342986 -0.00421266 -0.00500288 -0.0038875 -0.00714815 -0.0035942 -0.00221596 0.000547009 -0.00552577 0.0006 -0.00207547 -6.57533e-05 0.000448378 -0.00106796 7.15485e-05 0.00186431 -0.00392157 -4.93138e-05 -0.00103929 -0.00344724 -0.00444578 -0.00686747
internal_weight=7615 7408 6697 711 291 6273 907 805 441 394 346 319 107 68 212 116 96 259 105 364 338 205 5366 338 50 5028 1246 397 331 165
internal_count=7615 7408 6697 711 291 6273 907 805 441 394 346 319 107 68 212 116 96 259 105 364 338 205 5366 338 50 5028 1246 397 331 165
is_linear=0
shrinkage=0.04


Tree=107
num_leaves=31
num_cat=0
split_feature=6 18 12 14 18 8 4 6 16 8 12 4 13 8 14 5 11 20 5 14 16 11 19 16 8 5 12 16 11 1
split_gain=1.34019 1.01378 1.32473 1.3177 2.19301 2.11937 1.87009 1.63886 1.13924 1.15708 1.12699 1.25693 1.01497 0.754157 0.746463 0.919321 0.708045 0.877019 1.31311 1.48632 0.736014 1.63873 0.696525 0.788025 0.808619 0.751305 0.939821 1.12293 1.26961 1.25884
threshold=22.483333333333338 -0.70710678118654757 72.500000000000014 126.50000000000001 0.60355339059327384 5.1500000000000012 5.1500000000000012 6.7333333333333334 42.500000000000007 24.800000000000001 65.500000000000014 12.65 0.75000000000000011 5.5500000000000007 176.50000000000003 1.2500000000000002 14.850000000000003 0.81174490092936691 3.0500000000000003 181.50000000000003 57.500000000000007 6.7500000000000009 -0.60785761079279388 42.500000000000007 6.2500000000000009 2.4500000000000006 85.500000000000014 157.50000000000003 7.2500000000000009 4.0500000000000007
decision_type=2 2 2 2 2 2 2 2 2 2 2 2 2 2 2 2 2 2 2 2 2 2 2 2 2 2 2 2 2 2
left_child=1 10 8 4 -4 6 -6 -7 -3 12 11 16 13 -10 15 -12 17 18 -1 -20 -21 -22 23 24 -17 -24 27 28 29 -27
right_child=-2 2 3 -5 5 7 -8 -9 9 -11 14 -13 -14 -15 -16 22 -18 -19 19 20 21 -23 25 -25 -26 26 -28 -29 -30 -31
leaf_value=-0.036956698236978232 0.090226357605808369 0.020381272966838729 6.0797504213554475e-05 0.00010688272491109595 -0.008472043831867164 0.017689001049228086 -0.037648260448951636 -0.0400140984863585 -0.021605284295461297 -0.088000944703340314 -0.013207241175387185 -0.010777277698559119 0.0014566765752930188 0.00056208175974280402 0.0027225958033285018 0.0053758357857986916 -0.00035571258178086063 0.001679034015014605 0.008236560839064478 -0.0022836120019952208 -0.00088589549175789335 -0.017798434043908701 0.0015222765137803598 0.026944140210711752 -0.021922730310673932 -0.015039314023795734 0.00083296446565547019 0.0019261494381621683 -0.021958270292551638 -0.00084612189037037197
leaf_weight=44 172 419 295 1372 71 49 42 25 31 33 30 31 3235 31 706 31 249 42 50 51 27 36 70 92 30 32 133 34 60 92
leaf_count=44 172 419 295 1372 71 49 42 25 31 33 30 31 3235 31 706 31 249 42 50 51 27 36 70 92 30 32 133 34 60 92
internal_value=0.000265231 0.00018431 0.00045182 -0.000422641 -0.00221946 -0.00559574 -0.00901754 -0.00032 0.000884267 0.000636446 -0.000630092 -0.00218456 0.000711947 -0.00431746 1.48898e-10 -0.0010314 -0.001688 -0.00318725 -0.0042488 -0.0025697 -0.00507826 -0.0079375 -0.000667826 0.00163636 -0.00187097 -0.00150711 -0.00226136 -0.00387215 -0.0051027 -0.002752
internal_weight=7615 7443 5603 1854 482 187 113 74 3749 3330 1840 530 3297 62 1310 604 499 250 208 164 114 63 574 153 61 421 351 218 184 124
internal_count=7615 7443 5603 1854 482 187 113 74 3749 3330 1840 530 3297 62 1310 604 499 250 208 164 114 63 574 153 61 421 351 218 184 124
is_linear=0
shrinkage=0.04


Tree=108
num_leaves=31
num_cat=0
split_feature=6 18 2 8 2 13 16 10 2 14 14 15 10 3 7 13 20 17 8 2 13 0 7 11 19 14 11 14 0 4
split_gain=1.30402 0.819862 1.21725 1.14065 0.969253 1.74094 1.07905 1.22448 1.69669 1.76046 1.63306 0.857282 2.14596 1.18957 1.18514 1.11187 1.08116 1.40081 0.823007 0.823238 0.834112 0.803865 2.01992 1.42077 0.926005 2.31994 1.43346 0.970534 1.12849 1.36152
threshold=22.483333333333338 -0.70710678118654757 21.450000000000003 5.4500000000000011 4.6500000000000012 1.6500000000000001 1697.5000000000002 5.9500000000000011 6.5500000000000007 49.500000000000007 143.50000000000003 0.15000000000000005 8.8500000000000032 12.550000000000002 5.6479166666666671 8.7500000000000018 -0.22252093395631442 -0.9159756150367534 25.250000000000004 2.0500000000000003 3.7500000000000004 5.9500000000000011 3.9520833333333338 -7.0499999999999989 0.6078576107927941 221.50000000000003 15.350000000000003 172.50000000000003 15.15 6.9500000000000011
decision_type=2 2 2 2 2 2 2 2 2 2 2 2 2 2 2 2 2 2 2 2 2 2 2 2 2 2 2 2 2 2
left_child=1 21 3 4 -3 -6 7 8 9 -7 -11 15 13 -13 -14 18 -17 -18 19 20 -5 23 -23 -1 27 -26 -27 28 29 -24
right_child=-2 2 -4 11 5 6 -8 -9 -10 10 -12 12 14 -15 -16 16 17 -19 -20 -21 -22 22 24 -25 25 26 -28 -29 -30 -31
leaf_value=-0.01386469487627285 0.086617303301576035 0.00016759355563489121 -0.063346220222197644 -0.014148763646489931 -0.019829134283343181 0.054997901985704541 0.022869337297096951 0.00039228157383347723 0.0047279960013839875 -0.052667548992220758 -0.0067645987818991836 0.0034983010537479619 -0.0089084621981996258 -0.010888003684068377 -0.0072044292029895401 0.01178915646122479 -0.014329278707779287 -0.0012888766135483074 -0.047767818356581317 0.0076351741166949165 0.006134223776645591 -0.013297653367976187 -0.017202904963552642 0.00061553424712219613 -0.0069968639437727048 -0.03048782062444437 -0.0091431447062731569 0.0038005153927200275 -0.012154911040963688 0.010461969382526784
leaf_weight=29 172 1911 26 25 49 27 73 102 85 25 76 108 25 26 25 198 44 269 31 2448 30 27 121 808 240 26 26 446 29 88
leaf_count=29 172 1911 26 25 49 27 73 102 85 25 76 108 25 26 25 198 44 269 31 2448 30 27 121 808 240 26 26 446 29 88
internal_value=0.0003125 0.000232671 0.000473234 0.000514163 -0.000156662 -0.00185388 -0.000946015 -0.00196203 -0.00368224 -0.00657364 -0.00898039 0.00100186 -0.00164324 0.00100741 -0.00862745 0.00116218 -0.000539062 -0.002 0.00150533 0.00158626 -0.00321429 -0.000499728 -0.00126295 0.000415275 -0.000958035 -0.00283959 -0.0104151 -0.000151825 -0.0022092 -0.0011619
internal_weight=7615 7443 5603 5577 2348 437 388 315 213 128 101 3229 184 134 50 3045 511 313 2534 2503 55 1840 1003 837 976 292 52 684 238 209
internal_count=7615 7443 5603 5577 2348 437 388 315 213 128 101 3229 184 134 50 3045 511 313 2534 2503 55 1840 1003 837 976 292 52 684 238 209
is_linear=0
shrinkage=0.04


Tree=109
num_leaves=31
num_cat=0
split_feature=7 12 7 14 20 7 17 9 3 4 7 4 5 18 9 0 5 4 16 18 19 13 1 5 12 19 14 18 17 20
split_gain=1.27718 0.855223 1.71581 2.08661 1.10316 2.79314 2.16827 1.55892 2.11523 1.73312 1.40745 2.59794 1.09733 1.0234 1.20902 1.48481 1.66391 1.35723 0.918258 1.10598 1.35826 1.95324 1.93679 1.80067 1.50972 2.07456 1.11402 1.10284 1.00674 0.901921
threshold=21.091666666666672 77.500000000000014 12.500000000000004 168.50000000000003 -0.56174490092936669 2.4104166666666673 -1.0000000180025095e-35 71.500000000000014 6.0500000000000007 7.9500000000000011 7.0895833333333336 6.7500000000000009 5.9500000000000011 1.0000000180025095e-35 58.500000000000007 8.3500000000000032 6.8500000000000005 6.9500000000000011 32.500000000000007 1.0000000180025095e-35 0.6078576107927941 10.950000000000001 5.1500000000000012 3.0500000000000003 35.500000000000007 -1.0000000180025095e-35 181.50000000000003 -0.70710678118654757 -0.9159756150367534 0.81174490092936691
decision_type=2 2 2 2 2 2 2 2 2 2 2 2 2 2 2 2 2 2 2 2 2 2 2 2 2 2 2 2 2 2
left_child=1 18 4 -4 5 -3 -7 13 -9 -10 12 -12 -8 -6 15 16 -15 -16 -1 20 24 22 -22 -24 25 28 -25 -28 -20 -21
right_child=-2 2 3 -5 7 6 10 8 9 -11 11 -13 -14 14 17 -17 -18 -19 19 29 21 -23 23 26 -26 -27 27 -29 -30 -31
leaf_value=0.011031579949219793 0.051938085583048799 -0.021600339732307221 -0.024148300325647264 -0.0064876920763632211 0.003019503188083918 0.015811151557873594 -0.0023282484905999775 0.0001151766977522941 -0.014111601816544996 0.00019460882439142666 -0.01200422368988804 -0.008547283101299024 0.0029959731248963089 -0.003097645367225176 0.0038009262764570695 0.0019785444926179439 -0.020489071904473858 -0.039124777971941367 -0.010225150803839948 0.0026389203354098877 0.014584745776486878 -0.0078644239344708763 -0.075872402794042781 0.00090952569412223842 0.0010702070510810377 0.0012801945583835251 -0.022769976072992488 -0.00026249713185945434 -0.0087696257815207141 -0.0013383722077791192
leaf_weight=541 207 44 37 52 849 197 163 258 69 46 41 81 118 43 220 48 29 47 44 2344 131 49 25 153 1128 70 77 84 42 378
leaf_count=541 207 44 37 52 849 197 163 258 69 46 41 81 118 43 220 48 29 47 44 2344 131 49 25 153 1128 70 77 84 42 378
internal_value=0.0003125 0.000225672 -0.000406317 -0.00582222 -0.000189884 -0.0015876 -0.000865224 0.000370186 -0.00189305 -0.00637931 -0.00254455 -0.00611382 -0.000978723 0.00105416 -0.000649484 -0.00396694 -0.00756164 0.000850746 0.000517861 0.000331419 -0.000436807 -0.00216154 -0.00135881 -0.00295294 0.000261479 -0.00341401 -0.00210794 -0.00441975 -0.00754023 0.00084025
internal_weight=7615 7408 2342 89 2253 644 600 1609 373 115 403 122 281 1236 387 120 72 267 5066 4525 1803 519 470 339 1284 156 314 161 86 2722
internal_count=7615 7408 2342 89 2253 644 600 1609 373 115 403 122 281 1236 387 120 72 267 5066 4525 1803 519 470 339 1284 156 314 161 86 2722
is_linear=0
shrinkage=0.04


Tree=110
num_leaves=31
num_cat=0
split_feature=0 11 11 9 3 5 14 6 9 3 3 5 20 13 11 6 8 18 4 5 4 19 19 8 10 5 11 10 17 19
split_gain=1.26787 1.00153 2.01775 0.943214 1.45888 0.813047 1.74418 1.13064 1.5594 1.39197 1.59343 1.04613 1.03591 1.65706 1.65528 2.49748 1.3243 0.953338 0.929012 0.838261 0.919905 0.981472 0.882408 0.838013 0.79036 0.770436 0.658382 0.628995 1.05453 0.628684
threshold=10.15 6.2500000000000009 4.7500000000000009 40.500000000000007 15.850000000000003 9.5500000000000025 166.50000000000003 9.9916666666666654 72.500000000000014 13.65 15.15 13.750000000000002 -0.22252093395631442 9.1500000000000004 3.8500000000000001 6.4749999999999979 11.15 0.1294095225512602 7.8500000000000005 1.4500000000000002 12.65 -0.60785761079279388 1.0000000180025095e-35 9.7500000000000018 3.4500000000000006 5.4500000000000011 11.550000000000002 11.250000000000002 0.91597561503675362 0.87837969732492682
decision_type=2 2 2 2 2 2 2 2 2 2 2 2 2 2 2 2 2 2 2 2 2 2 2 2 2 2 2 2 2 2
left_child=5 2 3 -2 -5 7 11 18 -9 17 -11 -7 13 14 15 -8 27 -10 -1 -20 29 -22 25 26 -24 -23 -13 28 -14 -21
right_child=1 -3 -4 4 -6 6 12 8 9 10 -12 23 16 -15 -16 -17 -18 -19 19 20 21 22 24 -25 -26 -27 -28 -29 -30 -31
leaf_value=5.3060137112249801e-05 -0.004223608465416911 0.013015380425292584 -0.041783145166811878 0.0090903709446120851 -0.0079891564501037519 0.0067835853650868843 8.3504322582797407e-05 0.0060685620037204636 -0.013491922907427076 -0.03950570565575192 -0.014571924475788867 -0.020011612621940022 -3.6780250761232956e-05 -0.0083881795992926649 -3.8235041674273836e-05 -0.014715431454912626 -0.013081604673682343 0.085573946118518207 -0.0062449850123884086 0.025600468127575701 0.021576251766026823 -0.029996549067870248 -0.021331205467509013 -0.0088612025122659279 0.051928185454983185 -0.0080698680357353409 0.010956207635181079 0.015366836226323089 -0.018324432825916934 -0.002457413461771554
leaf_weight=3732 37 1286 30 265 27 267 32 76 32 26 39 33 253 40 136 25 35 31 38 646 78 25 40 25 41 32 44 63 39 120
leaf_count=3732 37 1286 30 265 27 267 32 76 32 26 39 33 253 40 136 25 35 31 38 646 78 25 40 25 41 32 44 63 39 120
internal_value=0.000317619 0.00130012 -0.000566667 0.000351515 0.00111945 4.57221e-05 -0.000998993 0.000254993 -0.00265366 -0.00533333 -0.00939394 0.00117838 -0.00228846 -0.00439316 -0.00282474 -0.00848276 -0.00102302 -0.0010625 0.000380391 0.00144956 0.0016765 -0.000626728 -0.00264748 -0.00225243 4.87806e-05 -0.00641379 -0.000153846 -0.000280899 -0.00106485 0.00232595
internal_weight=7593 1645 359 329 292 5948 992 4956 204 128 65 369 623 233 193 57 390 63 4752 1020 982 216 138 102 81 57 77 355 292 766
internal_count=7593 1645 359 329 292 5948 992 4956 204 128 65 369 623 233 193 57 390 63 4752 1020 982 216 138 102 81 57 77 355 292 766
is_linear=0
shrinkage=0.04


Tree=111
num_leaves=31
num_cat=0
split_feature=3 4 5 4 8 11 7 11 11 5 14 13 3 20 12 3 7 14 4 5 3 18 0 5 8 14 1 14 14 12
split_gain=1.24286 0.719068 1.2634 2.15001 1.27784 1.02374 0.987513 1.4288 0.974446 1.11608 1.69498 0.90404 1.15864 2.307 0.8339 1.24453 1.87229 3.08772 1.48463 1.20723 1.23988 0.837569 0.811138 0.949621 1.03716 1.01875 0.790374 0.779825 0.97459 0.904216
threshold=26.100000000000005 6.7500000000000009 9.5500000000000025 6.2500000000000009 16.250000000000004 -1.1499999999999997 7.4895833333333348 20.450000000000003 25.550000000000004 1.2500000000000002 153.50000000000003 10.050000000000002 11.250000000000002 -0.22252093395631442 73.500000000000014 12.250000000000002 12.289583333333335 216.50000000000003 11.350000000000003 17.650000000000002 11.550000000000002 0.91597561503675351 1.2500000000000002 10.750000000000002 6.6500000000000012 188.50000000000003 4.2500000000000009 235.50000000000003 187.50000000000003 70.500000000000014
decision_type=2 2 2 2 2 2 2 2 2 2 2 2 2 2 2 2 2 2 2 2 2 2 2 2 2 2 2 2 2 2
left_child=1 2 -1 4 6 -3 7 22 9 10 -7 14 -13 -14 15 -11 17 -17 -19 21 -21 26 -4 24 -24 -26 -16 28 29 -8
right_child=-2 5 3 -5 -6 8 27 -9 -10 11 -12 12 13 -15 19 16 -18 18 -20 20 -22 -23 23 -25 25 -27 -28 -29 -30 -31
leaf_value=0.00011922109838720293 0.090370543433185277 0.056738059712925011 -0.013666003638790017 -0.0082371840391712754 0.039853414083785427 -0.031996430447675424 -0.01717501300323819 -0.0081984798616838994 0.015226414292275312 0.014624369218637101 0.011603860412027529 1.9393512970054701e-05 0.0020333369452968154 -0.01906747426401894 0.014664887606684144 0.0021297628213217301 0.029176617108116216 -0.061180803372661491 -0.010581828121025658 -0.026258099174727802 -0.013170960654121867 -0.021164707748383839 0.0034126953777845036 0.0053824611652559173 0.0013462605000901847 -0.02132517662871531 -0.00018297836262466557 0.0037193856461619308 -0.018518695943183529 1.9945808214729039e-05
leaf_weight=3761 145 146 27 62 86 30 38 36 486 919 25 244 49 45 142 108 254 32 29 31 54 37 57 159 27 25 438 35 25 41
leaf_count=3761 145 146 27 62 86 30 38 36 486 919 25 244 49 45 142 108 254 32 29 31 54 37 57 159 27 25 438 35 25 41
internal_value=0.000317619 0.000245939 -8.31049e-05 -0.00175767 -0.000962298 0.00071531 -0.00178344 -0.000590361 0.0005513 0.000224775 -0.00535714 0.000355854 -0.00155752 -0.00530526 0.000672861 0.00125689 -0.000537736 -0.00378824 -0.0109032 -0.000443812 -0.00488372 0.000174757 0.000337838 0.00101115 -0.00185455 -0.00588679 0.000550775 -0.0046 -0.00632381 -0.00405
internal_weight=7593 7448 4379 618 556 3069 470 331 2923 2437 55 2382 338 94 2044 1342 423 169 61 702 85 617 295 268 109 52 580 139 104 79
internal_count=7593 7448 4379 618 556 3069 470 331 2923 2437 55 2382 338 94 2044 1342 423 169 61 702 85 617 295 268 109 52 580 139 104 79
is_linear=0
shrinkage=0.04


Tree=112
num_leaves=31
num_cat=0
split_feature=2 12 14 8 18 4 16 18 17 16 7 20 10 14 5 5 2 7 5 19 4 14 19 8 13 1 14 8 14 18
split_gain=1.25528 0.724886 1.45828 1.35127 2.07181 2.37242 1.82202 1.14499 1.04616 2.05902 1.10319 1.00492 0.910933 0.875525 0.841479 2.58755 2.83507 1.36572 1.1227 1.35326 1.44126 1.08481 1.4442 1.45119 1.02566 0.866019 0.724275 0.872967 0.916824 0.989057
threshold=26.100000000000005 51.500000000000007 172.50000000000003 3.9500000000000006 0.37940952255126048 2.8500000000000001 932.50000000000011 -0.5 -0.78656609248549292 1152.5000000000002 2.4104166666666673 -0.22252093395631442 6.4500000000000011 339.50000000000006 12.550000000000002 10.050000000000002 7.6500000000000012 9.5437500000000011 5.3500000000000005 -1.0000000180025095e-35 13.850000000000003 287.50000000000006 0.6078576107927941 8.7500000000000018 7.8500000000000005 11.950000000000001 172.50000000000003 22.450000000000003 163.50000000000003 0.78656609248549303
decision_type=2 2 2 2 2 2 2 2 2 2 2 2 2 2 2 2 2 2 2 2 2 2 2 2 2 2 2 2 2 2
left_child=1 2 7 4 5 -4 -7 12 10 26 11 -3 -1 14 15 17 24 21 -19 20 -20 -5 -23 -24 -17 -18 27 28 29 -10
right_child=-2 8 3 13 -6 6 -8 -9 9 -11 -12 -13 -14 -15 -16 16 25 18 19 -21 -22 22 23 -25 -26 -27 -28 -29 -30 -31
leaf_value=-0.02029736114443648 0.10581311094638281 -0.015489266659698939 0.00012346997459500796 0.017390502690626686 0.00027054455122619935 -0.031623415837927923 -0.0093462525884090118 0.019636997653954921 0.00011366525078272818 -0.013702301655395878 0.010789902456378687 0.00013670499986122802 0.021029614034335235 0.033871590849702482 0.029279624687643783 -0.0020445971283374166 0.080482546694627718 -0.046530941036676501 -0.018711848587607379 0.088652490849116444 0.0054817550709894266 0.0066107950115015983 0.00021801770598744503 -0.0073005916583334142 -0.018074075186214119 -0.074159838697614999 0.00019638983378406086 -0.039531479086648558 -0.0045098480483632356 -0.0063479448737136556
leaf_weight=54 146 36 72 420 262 42 52 891 1008 25 719 49 34 140 162 36 41 58 25 61 30 155 33 33 25 25 2248 26 324 361
leaf_count=54 146 36 72 420 262 42 52 891 1008 25 719 49 34 140 162 36 41 58 25 61 30 155 33 33 25 25 2248 26 324 361
internal_value=0.000312352 0.000240065 0.000770739 5.26003e-05 -0.00188345 -0.00536527 -0.00951579 0.00199592 -5.33665e-05 -0.000318557 0.00126211 -0.00302326 -0.00233708 0.000719679 0.000340272 -0.00011877 -0.00540625 0.000710784 -0.00242286 -0.000136752 -0.00464286 0.00156386 -0.000702703 -0.00561194 -0.0115484 0.000358209 -0.00024496 -0.000862791 -0.000748524 -0.00029489
internal_weight=7593 7447 2651 1672 428 166 94 979 4796 3992 804 85 88 1244 1104 942 127 815 174 116 55 641 221 66 61 66 3967 1719 1693 1369
internal_count=7593 7447 2651 1672 428 166 94 979 4796 3992 804 85 88 1244 1104 942 127 815 174 116 55 641 221 66 61 66 3967 1719 1693 1369
is_linear=0
shrinkage=0.04


Tree=113
num_leaves=31
num_cat=0
split_feature=0 12 10 18 12 0 11 10 3 4 3 12 14 9 2 8 3 13 16 11 14 18 14 18 2 9 2 10 16 14
split_gain=1.35394 0.875814 0.922777 0.73579 1.55126 1.23169 1.43139 1.40251 2.73263 1.05027 1.32779 2.03938 1.36712 1.09096 1.59894 0.942146 1.30921 2.92037 1.03234 1.17661 1.33946 1.67139 1.05359 1.11175 2.10274 0.994128 1.02077 0.965319 1.76599 0.886723
threshold=10.15 82.500000000000014 20.350000000000005 -0.12940952255126037 28.500000000000004 5.6500000000000012 -7.0499999999999989 12.350000000000003 3.4500000000000006 1.7500000000000002 5.2500000000000009 61.500000000000007 174.50000000000003 46.500000000000007 7.4500000000000011 5.4500000000000011 13.350000000000003 12.15 1712.5000000000002 21.350000000000005 203.50000000000003 0.60355339059327384 190.50000000000003 0.60355339059327384 4.9500000000000011 57.500000000000007 3.1500000000000008 1.8500000000000003 862.50000000000011 196.50000000000003
decision_type=2 2 2 2 2 2 2 2 2 2 2 2 2 2 2 2 2 2 2 2 2 2 2 2 2 2 2 2 2 2
left_child=3 -2 -3 4 -1 6 -6 8 -7 -10 11 -11 -13 14 -12 18 25 -18 19 22 -21 -22 23 -5 27 -17 -27 -25 -29 -15
right_child=1 2 -4 15 5 7 -8 -9 9 10 13 12 -14 29 -16 16 17 -19 -20 20 21 -23 -24 24 -26 26 -28 28 -30 -31
leaf_value=-0.0056878989751318852 0.016721193577865622 1.1353360075486012e-05 -0.0070565561584940767 0.00036438068492579119 -0.0068682533570081838 -0.013091141392614669 0.00034938387743377374 0.0039195938190539513 0.0028700318265467194 -0.025620050986787882 0.0071420166952878986 -0.038713416992225622 0.0089078121349383914 0.00045759525255212731 -0.027125368498451995 -0.0016358204298128811 0.00043366215976314252 -0.015390275812967516 0.0044812302275400017 -0.00048455650426829279 -0.023736593728028239 -0.0056528694206067842 0.0028665363848511 0.0075199702431632803 -0.040518134550681567 -0.0020039022678178036 0.012337617325013268 -0.0012484985290954699 -0.016055456626654304 -0.0019110051177828524
leaf_weight=48 1363 255 27 368 51 38 1387 258 62 25 25 28 27 367 51 130 124 25 283 136 35 40 458 59 43 175 1166 317 43 179
leaf_count=48 1363 255 27 368 51 38 1387 258 62 25 25 28 27 367 51 130 124 25 283 136 35 40 458 59 43 175 1166 317 43 179
internal_value=0.000333421 0.00134872 -0.000678445 5.24459e-05 -0.00046172 -0.000323329 0.000439194 -0.00135721 -0.00218182 -0.00165229 -0.00209388 -0.00691358 -0.0025 -0.00146388 -0.00592208 0.000437261 0.0011351 -0.00242667 -0.00019742 -0.000616 -0.00337736 -0.00763158 -0.000161365 -0.00101083 -0.00231533 0.00149728 0.00182116 -0.0014381 -0.00221607 -0.000833638
internal_weight=7593 1645 282 5948 2546 2498 1438 1060 802 764 702 80 55 622 76 3402 1620 149 1782 1499 211 75 1288 830 462 1471 1341 419 360 546
internal_count=7593 1645 282 5948 2546 2498 1438 1060 802 764 702 80 55 622 76 3402 1620 149 1782 1499 211 75 1288 830 462 1471 1341 419 360 546
is_linear=0
shrinkage=0.04


Tree=114
num_leaves=31
num_cat=0
split_feature=2 18 6 9 12 11 0 2 3 3 14 10 16 5 3 16 16 10 11 16 11 9 9 19 3 19 16 18 16 14
split_gain=1.25167 0.680493 1.0814 2.24806 0.928215 1.13686 0.997768 1.38811 1.68014 3.3293 1.16382 1.01458 1.13911 0.964488 3.18067 1.41896 1.24338 1.19204 1.49562 1.28286 0.913764 1.49267 1.78247 0.951806 1.51868 0.836188 1.17423 1.94375 1.35942 1.2557
threshold=26.100000000000005 -0.60355339059327384 1.9499999999999955 107.50000000000001 65.500000000000014 8.2500000000000018 9.5500000000000025 11.250000000000002 15.050000000000002 13.350000000000003 121.50000000000001 9.2500000000000018 1637.5000000000002 9.6500000000000004 6.6500000000000012 297.50000000000006 1112.5000000000002 2.2500000000000004 21.850000000000005 1412.5000000000002 1.1500000000000001 79.500000000000014 84.500000000000014 0.87837969732492682 3.1500000000000008 1.0000000180025095e-35 57.500000000000007 0.78656609248549303 42.500000000000007 141.50000000000003
decision_type=2 2 2 2 2 2 2 2 2 2 2 2 2 2 2 2 2 2 2 2 2 2 2 2 2 2 2 2 2 2
left_child=1 -1 3 -3 5 -4 7 10 9 -9 -7 12 13 16 15 -15 -12 18 -18 -20 21 23 -23 -6 -25 26 27 28 -22 -29
right_child=-2 2 4 -5 20 6 -8 8 -10 -11 11 -13 -14 14 -16 -17 17 -19 19 -21 25 22 -24 24 -26 -27 -28 29 -30 -31
leaf_value=-0.00058832311621543948 0.10158013237412447 -0.00035059987341991619 0.034342429302925158 -0.0063342819942913044 0.0043231477429861078 0.024285090198035385 0.021480476093673432 0.0046431186808633994 0.0095005038737177756 -0.02566877227962212 0.00086462505595739133 0.006397050715090058 0.0044148090651309558 -0.024126635042801166 0.01590499893747863 -0.010588056128851771 0.0053427466637002907 -0.013939965231957849 -0.021912987972121382 0.0026856123293020873 0.00016416558617904503 -0.01041844954010138 0.046460595871008127 -0.018301161321052858 0.0073938540164756759 0.00082483525219741302 8.3387551306124877e-05 -0.021623121524059919 -0.024711884087472841 -0.01902522734504521
leaf_weight=2190 146 521 424 26 376 427 649 38 43 28 405 158 375 25 71 48 61 29 41 32 200 37 25 26 38 559 440 28 85 42
leaf_count=2190 146 521 424 26 376 427 649 38 43 28 405 158 375 25 71 48 61 29 41 32 200 37 25 26 38 559 440 28 85 42
internal_value=0.000317619 0.000245435 0.000492202 -0.00118978 0.000687752 0.00114046 0.000806253 0.000316498 -0.00403636 -0.008 0.000602511 -1.60512e-05 -0.000452206 -0.0013913 -0.00430345 -0.0101081 -0.000646749 -0.00358537 -0.00195556 -0.00578378 -8.6159e-06 0.00144732 -0.00431746 0.00226757 -0.00221538 -0.000549077 -0.00138191 -0.00308989 -0.00160839 -0.00901408
internal_weight=7593 7447 5257 547 4710 2854 2430 1781 109 66 1672 1245 1087 712 144 73 568 163 134 73 1856 502 62 440 64 1354 795 355 285 70
internal_count=7593 7447 5257 547 4710 2854 2430 1781 109 66 1672 1245 1087 712 144 73 568 163 134 73 1856 502 62 440 64 1354 795 355 285 70
is_linear=0
shrinkage=0.04


Tree=115
num_leaves=31
num_cat=0
split_feature=3 17 9 13 16 18 3 20 9 9 13 7 3 6 5 20 14 14 16 20 6 10 3 18 1 10 0 9 9 12
split_gain=1.29091 0.999598 1.203 0.963744 1.44117 1.02812 0.910434 1.40161 0.803219 0.815064 0.745835 0.681426 1.35566 1.46286 0.7841 0.690773 1.12682 1.64208 0.884047 0.775728 0.599607 0.586918 0.603217 1.13176 1.61072 1.10696 1.70228 1.39991 2.95693 1.29536
threshold=26.100000000000005 -0.70710678118654735 82.500000000000014 7.5500000000000007 117.50000000000001 0.98296291314453421 1.1500000000000001 -0.56174490092936669 70.500000000000014 75.500000000000014 18.750000000000004 7.8645833333333348 5.6500000000000012 6.4166666666666634 6.3500000000000005 1.0000000180025095e-35 230.50000000000003 158.50000000000003 682.50000000000011 -0.56174490092936669 18.341666666666669 2.3500000000000001 4.8500000000000005 0.25881904510252057 8.4500000000000011 12.65 4.1500000000000012 60.500000000000007 54.500000000000007 48.500000000000007
decision_type=2 2 2 2 2 2 2 2 2 2 2 2 2 2 2 2 2 2 2 2 2 2 2 2 2 2 2 2 2 2
left_child=1 10 3 5 -5 21 7 -4 -7 -10 20 12 15 -14 -13 18 17 -17 -6 -20 -1 -3 23 24 25 26 29 28 -28 -23
right_child=-2 2 6 4 11 8 -8 -9 9 -11 -12 14 13 -15 -16 16 -18 -19 19 -21 -22 22 -24 -25 -26 -27 27 -29 -30 -31
leaf_value=0.0028697216685524612 0.066143493263621594 0.024365346489097054 -0.013848541165086331 -0.027348584089077064 0.0070208307078347566 0.006030956917801103 0.0023546522292032415 0.0052603162278552426 -0.015394524932581494 -0.0014228477033848995 -0.0010352417099165174 -0.03050051820142493 -0.016677274964392835 -0.001608946302717161 0.0021410279854211195 -0.00038941239258738529 0.00053048148746429546 -0.011559237716987398 -0.008482819899357898 0.012077124533748656 -0.054596188036007007 -0.012021380402870246 0.00036437742288789569 0.00068846590077605452 -0.026938999664884746 0.00090039611435748998 -0.011474331998639722 -0.0026296830049513959 -0.039871538388502013 2.5104248992483921e-05
leaf_weight=1793 146 91 37 30 115 33 1268 40 26 25 30 25 38 37 118 40 61 35 35 39 27 32 2061 614 33 184 69 120 34 391
leaf_count=1793 146 91 37 30 115 33 1268 40 26 25 30 25 38 37 118 40 61 35 35 39 27 32 2061 614 33 184 69 120 34 391
internal_value=0.000260619 0.000187651 -7.74146e-05 -0.000404945 -0.00193031 -0.00016909 0.000965825 -0.00323077 -0.00451765 -0.00761538 0.000994057 -0.00144853 -0.00229426 -0.00710526 0.000916667 -0.00116564 -0.00332847 -0.00657895 0.0004 -0.00298667 0.0010983 -6.72175e-05 -0.000149195 -0.0007659 -0.00169907 -0.00134777 -0.00212674 -0.00494643 -0.00834615 -0.000632075
internal_weight=7627 7481 5631 4286 573 3713 1345 77 84 51 1850 543 400 75 143 325 136 75 189 74 1820 3629 3538 1477 863 830 646 223 103 423
internal_count=7627 7481 5631 4286 573 3713 1345 77 84 51 1850 543 400 75 143 325 136 75 189 74 1820 3629 3538 1477 863 830 646 223 103 423
is_linear=0
shrinkage=0.04


Tree=116
num_leaves=31
num_cat=0
split_feature=2 2 7 17 9 12 3 5 14 7 10 13 4 10 2 9 16 16 12 5 2 2 7 7 14 11 1 11 7 4
split_gain=1.28698 0.896461 2.73606 0.770949 1.02087 0.964571 1.21029 2.19031 2.10406 0.961276 1.77599 0.954106 1.32003 0.824952 0.815483 1.91472 0.781754 1.04683 0.843269 0.751434 0.838376 3.36203 0.836026 1.32372 1.10297 0.829798 1.31941 1.2779 0.929936 1.36723
threshold=26.100000000000005 21.450000000000003 15.295833333333336 -0.70710678118654735 85.500000000000014 35.500000000000007 6.6500000000000012 2.9500000000000006 231.50000000000003 2.4104166666666673 6.1500000000000012 9.1500000000000004 9.9500000000000011 12.65 1.6500000000000001 103.50000000000001 52.500000000000007 57.500000000000007 78.500000000000014 15.050000000000002 15.450000000000001 17.050000000000004 10.175000000000002 9.0729166666666696 183.50000000000003 15.750000000000002 6.6500000000000012 4.8500000000000005 9.4645833333333353 4.9500000000000011
decision_type=2 2 2 2 2 2 2 2 2 2 2 2 2 2 2 2 2 2 2 2 2 2 2 2 2 2 2 2 2 2
left_child=1 3 -3 5 13 6 7 -1 -9 10 -7 -8 -13 19 15 -6 18 -18 -15 20 25 -22 23 24 -21 27 -27 -5 29 -29
right_child=-2 2 -4 4 14 9 11 8 -10 -11 -12 12 -14 16 -16 -17 17 -19 -20 22 21 -23 -24 -25 -26 26 -28 28 -30 -31
leaf_value=0.0023544160940381503 0.065771885153608989 -0.10792185262717718 0.05114827957290783 8.4103580404674806e-05 0.00028579856378136017 0.00046254060620912391 0.0073471715757635848 -0.00079628335421045638 -0.017391505141778021 0.0084381856193064281 -0.023937187626518988 0.025484614693430677 -0.012679922538936229 0.018241131274038244 0.0059956183854186522 -0.0067087961671958816 -0.0080189678089020774 0.00020434802437372575 4.6431221830030232e-06 0.0036279118233754717 -0.021477233794712433 0.020232310188931853 -0.00064418346218349026 -0.020364911744858372 -0.017166523567877873 -0.0014802354017800666 0.033712214152359733 -0.0017175815419954274 0.0024572817851765882 -0.010631700017062252
leaf_weight=77 148 25 48 1408 114 87 220 52 49 1242 26 44 40 391 970 25 38 124 346 33 40 54 207 28 30 357 388 562 100 354
leaf_count=77 148 25 48 1408 114 87 220 52 49 1242 26 44 40 391 970 25 38 124 346 33 40 54 207 28 30 357 388 562 100 354
internal_value=0.000292082 0.000218717 -0.00416216 0.000262455 2.80073e-05 0.000972797 -0.000563147 -0.00317318 -0.00701961 0.00151917 -0.002 0.000970492 -0.00263529 -0.000242098 0.00111351 -0.00174286 0.00084 -0.00166871 0.00139295 -0.000515441 -0.000339461 -0.00404211 -0.00243478 -0.0056087 -0.0023125 -0.000228391 0.000938338 -0.000587216 -0.00166765 -0.00206761
internal_weight=7627 7479 73 7406 5569 1837 482 178 101 1355 113 304 84 4460 1109 139 899 162 737 3561 3263 94 298 91 63 3169 745 2424 1016 916
internal_count=7627 7479 73 7406 5569 1837 482 178 101 1355 113 304 84 4460 1109 139 899 162 737 3561 3263 94 298 91 63 3169 745 2424 1016 916
is_linear=0
shrinkage=0.04


Tree=117
num_leaves=31
num_cat=0
split_feature=2 2 7 17 6 2 2 7 10 8 2 17 8 16 11 11 0 8 6 4 11 11 16 6 10 13 5 4 0 6
split_gain=1.28698 0.896461 2.73606 0.818912 0.856966 1.18808 0.944032 1.43834 1.28511 1.13633 1.00437 1.12325 0.980444 1.18054 0.967026 0.907513 0.804311 0.766051 1.30324 1.43644 3.96377 1.12782 1.49792 0.964093 1.89418 2.87543 0.846465 0.752826 0.753632 1.82519
threshold=26.100000000000005 21.450000000000003 15.295833333333336 -0.70710678118654735 6.4749999999999979 9.9500000000000011 5.1500000000000012 4.3020833333333339 8.9500000000000011 9.3500000000000032 3.2500000000000004 0.91597561503675362 6.0500000000000007 32.500000000000007 -2.3499999999999992 12.15 7.1500000000000012 18.950000000000003 14.491666666666665 12.850000000000003 17.250000000000004 16.350000000000005 187.50000000000003 10.641666666666664 7.6500000000000012 3.3500000000000001 17.950000000000003 1.8500000000000003 5.7500000000000009 5.1833333333333309
decision_type=2 2 2 2 2 2 2 2 2 2 2 2 2 2 2 2 2 2 2 2 2 2 2 2 2 2 2 2 2 2
left_child=1 3 -3 -1 6 -6 10 27 9 14 -5 -12 13 -13 -9 -15 -14 18 21 20 -20 22 23 24 -7 -26 -25 -8 29 -29
right_child=-2 2 -4 4 5 17 7 8 -10 -11 11 12 16 15 -16 -17 -18 -19 19 -21 -22 -23 -24 26 25 -27 -28 28 -30 -31
leaf_value=0.0019351738512177275 0.06314100974746463 -0.10360497852209009 0.049102348389991529 -0.00078742151798682038 0.004555526578418052 0.010588181457428228 -0.0015368809125570811 -0.0082330208745509635 0.0022399831870867914 -0.013979881971127242 0.0023570932267910371 0.0017312952009040051 0.0099107348034508293 -0.014187422419837684 -0.00044986848781245674 -0.0017444740606765974 -0.012067785372621669 0.033373243319413923 -0.00047187885847943946 0.0093367398755440974 -0.068313469569887986 0.012207208727963588 -0.020987398461139978 0.0024372080992410947 0.00094616696736991 -0.030560851104463948 -0.024606778037223144 -0.0041053420248759378 -0.023346863035897305 0.0029102338888005235
leaf_weight=1837 148 25 48 1476 1298 37 56 25 163 47 800 27 79 42 265 28 26 238 63 62 43 277 45 233 47 37 35 28 53 39
leaf_count=1837 148 25 48 1476 1298 37 56 25 163 47 800 27 79 42 265 28 26 238 63 62 43 277 45 233 47 37 35 28 53 39
internal_value=0.000292082 0.000218717 -0.00416216 0.000262455 2.0826e-05 0.000587748 -0.000413312 -0.00173708 -0.000638722 -0.00204734 -5.16336e-05 0.000925224 -0.00173399 -0.00461224 -0.00109966 -0.00732394 0.000943396 -0.000368515 -0.000913636 -0.00407101 -0.0068785 -0.000162921 -0.00143448 -0.000625641 -0.00357377 -0.00687059 0.000713755 -0.00483616 -0.00661157 -0.00370588
internal_weight=7627 7479 73 7406 5569 2415 3154 676 500 337 2478 1002 202 97 290 70 105 1117 879 168 106 711 434 389 121 84 268 176 120 67
internal_count=7627 7479 73 7406 5569 2415 3154 676 500 337 2478 1002 202 97 290 70 105 1117 879 168 106 711 434 389 121 84 268 176 120 67
is_linear=0
shrinkage=0.04


Tree=118
num_leaves=31
num_cat=0
split_feature=2 2 7 7 3 13 3 12 7 20 7 5 19 6 7 5 8 19 16 5 7 11 15 11 11 8 7 3 7 6
split_gain=1.2687 0.698496 2.28171 0.746743 0.770552 2.48376 0.976524 1.30795 1.39435 1.22428 1.9238 1.07372 3.28918 1.56487 1.21118 1.00955 1.18957 1.23557 2.28717 0.916951 0.943225 1.01892 0.975593 0.90443 1.33354 0.850126 0.939327 1.43168 0.811812 1.0523
threshold=26.100000000000005 21.450000000000003 15.572916666666666 13.985416666666667 13.250000000000002 11.950000000000001 6.5500000000000007 77.500000000000014 5.5187500000000007 -0.22252093395631442 6.0145833333333334 3.1500000000000008 0.6078576107927941 8.6166666666666654 6.8312500000000007 10.550000000000002 4.6500000000000012 1.0000000180025095e-35 32.500000000000007 8.6500000000000004 11.189583333333337 -0.44999999999999996 1.0000000180025095e-35 5.7500000000000009 10.550000000000002 14.950000000000001 8.8187500000000032 4.7500000000000009 5.1895833333333341 1.7083333333333295
decision_type=2 2 2 2 2 2 2 2 2 2 2 2 2 2 2 2 2 2 2 2 2 2 2 2 2 2 2 2 2 2
left_child=1 3 -3 4 6 -6 19 11 -9 10 -10 12 -8 14 -14 16 -12 18 -18 28 21 -21 25 -11 -25 26 -23 -28 -1 -30
right_child=-2 2 -4 -5 5 -7 7 8 9 23 15 -13 13 -15 -16 -17 17 -19 -20 20 -22 22 -24 24 -26 -27 27 -29 29 -31
leaf_value=-9.9916161990841446e-05 0.060615369357566035 -0.088264726072026553 0.05430974160662861 0.026966672062815996 -0.0018197283107457048 -0.012272867770601676 0.029780814981882463 0.006101221279176415 -0.0253764645261144 0.011304976285777391 0.0024112563090899104 0.010817012304554299 0.0092555436237519856 -0.072351745456466707 -0.053460454163066884 0.0023498931473633668 -0.0022806244771032031 -0.0002404118045794037 -0.037944304097886739 0.01489991071679854 0.0085855382904117591 -0.0033082938063656794 0.0051731637344814632 -0.015973308727120474 0.005707260211571339 0.057668535003108236 -0.013827170943971576 -0.0014100956725679153 -0.0050033327266447158 0.0055895417278523521
leaf_weight=2653 148 29 44 326 459 28 191 146 30 169 34 1392 27 26 26 54 27 59 38 59 50 449 60 49 45 29 45 43 26 866
leaf_count=2653 148 29 44 326 459 28 191 146 30 169 34 1392 27 26 26 54 27 59 38 59 50 449 60 49 45 29 45 43 26 866
internal_value=0.000318301 0.000245455 -0.00362162 0.000284056 0.000197712 -0.00133607 0.000311192 0.000973207 -0.000546012 -0.0015415 -0.00358848 0.00156825 -0.000738007 -0.00755 -0.00348148 -0.00221596 -0.0038239 -0.005632 -0.00939394 -4.67179e-05 -0.00133152 -0.00172012 -0.00219458 0.000348485 -0.00277895 -0.00270899 -0.00307063 -0.00683146 0.000219966 0.00126316
internal_weight=7627 7479 73 7406 7080 487 6593 2313 651 505 242 1662 270 79 53 212 158 124 65 4280 735 685 626 263 94 566 537 88 3545 892
internal_count=7627 7479 73 7406 7080 487 6593 2313 651 505 242 1662 270 79 53 212 158 124 65 4280 735 685 626 263 94 566 537 88 3545 892
is_linear=0
shrinkage=0.04


Tree=119
num_leaves=31
num_cat=0
split_feature=2 11 0 9 11 20 20 4 3 11 11 3 19 8 5 16 11 5 14 16 17 13 14 3 5 4 12 2 17 11
split_gain=1.29801 0.659447 0.556505 1.07512 1.13763 1.98606 1.29809 1.24126 0.968285 0.976492 1.10714 1.60986 1.47995 0.946933 0.924123 2.55231 1.95498 1.33174 2.06018 1.0263 0.88546 1.47287 1.58643 1.85847 1.05535 1.13122 0.878755 0.63271 0.700784 1.41121
threshold=26.100000000000005 33.350000000000001 6.7500000000000009 45.500000000000007 4.1500000000000012 -0.22252093395631442 -0.22252093395631442 5.2500000000000009 13.250000000000002 15.750000000000002 11.950000000000001 9.9500000000000011 1.0000000180025095e-35 23.050000000000004 8.7500000000000018 262.50000000000006 6.2500000000000009 4.5500000000000007 135.50000000000003 812.50000000000011 0.25881904510252091 3.1500000000000008 158.50000000000003 8.2500000000000018 7.6500000000000012 4.4500000000000011 67.500000000000014 0.8500000000000002 -0.60355339059327362 21.450000000000003
decision_type=2 2 2 2 2 2 2 2 2 2 2 2 2 2 2 2 2 2 2 2 2 2 2 2 2 2 2 2 2 2
left_child=1 2 27 4 5 -4 -6 -8 9 10 20 -12 -13 -11 15 -10 -16 19 -19 -17 -5 -22 -23 24 -24 -26 -9 -1 29 -29
right_child=-2 -3 3 8 6 -7 7 26 14 13 11 12 -14 -15 16 17 -18 18 -20 -21 21 22 23 -25 25 -27 -28 28 -30 -31
leaf_value=0.0017252225342471415 0.058190754583263421 0.031078661070479741 -0.020848180296700429 0.019657103708450838 0.0071903365509749075 2.2520356942820785e-05 0.015624633853604294 -0.066253829229322478 0.018236628850169107 0.022309422725410321 0.00055633552978899309 0.00014465422319894839 -0.031493235052346462 -0.10746617986320248 -0.016537271212778037 0.021762931670171435 0.025888005180303361 -0.058698157187394219 -0.014541754950679832 -0.03717514457961258 0.0057061164800237141 0.0091402048653995357 0.00068004580724223898 -0.038272010686266136 -0.0002206123402661111 -0.026598595977506752 -0.014410766402753235 0.0035208891330131861 -0.00060543890752682769 -0.0026113718276874536
leaf_weight=165 148 93 35 368 75 41 50 32 95 932 145 31 47 25 30 27 346 28 43 29 363 128 63 25 27 33 51 1125 2767 260
leaf_count=165 148 93 35 368 75 41 50 32 95 932 145 31 47 25 30 27 346 28 43 29 363 128 63 25 27 33 51 1125 2767 260
internal_value=0.00027635 0.000202674 0.000160282 0.000571987 -0.00176842 -0.00592208 -0.000229665 -0.00259701 0.000811199 0.0012011 0.000454915 -0.00208929 -0.00668354 0.00215866 -0.000614357 -0.00265471 0.000594165 -0.00634375 -0.00994444 -0.00168421 0.00101984 0.00011875 -0.00207942 -0.00488591 -0.00280645 -0.00655738 -0.00557143 -0.000132469 -0.000229232 0.000505051
internal_weight=7627 7479 7386 3069 284 76 208 133 2785 2187 1230 223 78 957 598 222 376 127 71 56 1007 639 276 148 123 60 83 4317 4152 1385
internal_count=7627 7479 7386 3069 284 76 208 133 2785 2187 1230 223 78 957 598 222 376 127 71 56 1007 639 276 148 123 60 83 4317 4152 1385
is_linear=0
shrinkage=0.04


Tree=120
num_leaves=31
num_cat=0
split_feature=3 0 20 3 5 0 2 8 3 13 11 7 2 4 11 5 7 4 5 3 9 18 10 13 6 7 5 16 16 3
split_gain=1.27761 0.60727 0.980188 0.746067 1.08112 1.5 1.04737 1.26437 0.696114 0.64324 2.10861 1.92129 0.614314 0.973541 0.599852 1.3133 0.604651 1.15496 0.560135 0.735918 0.548068 0.54407 1.19682 1.06707 0.899169 0.613618 0.882742 1.1405 2.8101 0.642856
threshold=26.100000000000005 10.250000000000002 1.0000000180025095e-35 13.950000000000001 16.850000000000005 13.450000000000001 16.450000000000003 16.250000000000004 16.550000000000004 5.1500000000000012 15.350000000000003 9.4125000000000014 20.650000000000002 17.050000000000004 29.450000000000003 2.1500000000000008 14.312500000000002 18.750000000000004 4.4500000000000011 8.8500000000000032 40.500000000000007 0.98296291314453421 4.6500000000000012 12.050000000000002 3.1166666666666654 11.61875 15.450000000000001 402.50000000000006 72.500000000000014 13.65
decision_type=2 2 2 2 2 2 2 2 2 2 2 2 2 2 2 2 2 2 2 2 2 2 2 2 2 2 2 2 2 2
left_child=1 14 9 4 18 -6 7 8 -5 20 11 -11 -8 -14 16 -16 17 21 19 -4 -3 25 23 -23 -24 26 29 28 -28 -1
right_child=-2 2 3 6 5 -7 12 -9 -10 10 -12 -13 13 -15 15 -17 -18 -19 -20 -21 -22 22 24 -25 -26 -27 27 -29 -30 -31
leaf_value=5.6693530025573453e-05 0.083754286721528612 -0.0050969977719421836 -0.011224762885876836 0.01919426954878533 -0.021589636930706885 0.053313547853932768 0.011849924813092876 -0.047205275397025244 -0.015264214310239069 -0.038407616174954473 0.0043820361488462346 0.0076501989423808439 -0.066047629509728131 0.067501626665575992 -0.0073165597445962616 0.038598613160398677 0.11287887908751412 -0.0052038922233532039 0.033823163975104084 0.070393024707094035 0.018237088906138114 0.0055538412062551522 -0.012506322291232662 -0.010444452808785093 -0.0065801312433587588 0.0088295762471199205 0.003225566836001924 0.0053183615643274994 -0.026154071132888465 -0.0067439667036987448
leaf_weight=5049 143 30 39 38 40 41 101 37 26 25 181 31 29 26 35 188 76 40 282 47 519 113 30 47 28 142 35 31 37 100
leaf_count=5049 143 30 39 38 40 41 101 37 26 25 181 31 29 26 35 188 76 40 282 47 519 113 30 47 28 142 35 31 37 100
internal_value=0.000240411 0.000168189 0.000889484 -0.000192362 0.000791111 -0.00336585 -0.00190698 -0.00505882 -0.0016 0.00186023 0.000117647 -0.00659649 0.000152866 -0.00321429 -1.27687e-05 0.00201786 -9.21625e-05 -0.000140102 0.00171274 -0.00110345 0.00261091 -9.12167e-05 -0.00204566 -0.000248447 -0.00691525 -1.18627e-05 -8.22386e-05 -0.00373077 -0.00646575 -8.54354e-06
internal_weight=7586 7443 1492 706 449 81 257 101 64 786 237 56 156 55 5951 223 5728 5652 368 86 549 5612 218 160 58 5394 5252 103 72 5149
internal_count=7586 7443 1492 706 449 81 257 101 64 786 237 56 156 55 5951 223 5728 5652 368 86 549 5612 218 160 58 5394 5252 103 72 5149
is_linear=0
shrinkage=0.04


Tree=121
num_leaves=31
num_cat=0
split_feature=6 14 12 12 14 20 0 13 0 0 20 2 19 11 7 11 5 13 12 15 0 10 9 9 20 19 18 12 5 3
split_gain=1.40044 0.608528 1.03427 1.78755 0.535409 1.42204 1.38181 0.570207 0.62807 0.461147 0.648997 0.667514 0.775119 1.82805 1.30078 1.29022 3.36482 0.501267 0.481175 0.458006 0.653888 0.474667 0.444365 0.655735 1.40456 1.27179 0.676828 0.703799 0.542239 0.504885
threshold=22.483333333333338 43.500000000000007 73.500000000000014 79.500000000000014 339.50000000000006 -0.56174490092936669 4.9500000000000011 0.45000000000000007 21.950000000000003 10.250000000000002 1.0000000180025095e-35 10.65 0.6078576107927941 17.050000000000004 11.712500000000004 19.850000000000005 10.950000000000001 1.4500000000000002 90.500000000000014 0.25000000000000006 7.4500000000000011 2.1500000000000008 37.500000000000007 47.500000000000007 0.81174490092936691 -0.8783796973249266 -0.78656609248549325 78.500000000000014 4.7500000000000009 13.350000000000003
decision_type=2 2 2 2 2 2 2 2 2 2 2 2 2 2 2 2 2 2 2 2 2 2 2 2 2 2 2 2 2 2
left_child=1 2 -1 -4 7 6 -6 -3 9 19 18 17 15 14 -14 -13 -17 -12 -11 22 21 -21 -9 24 25 -24 27 -27 -29 -25
right_child=-2 4 3 -5 5 -7 -8 8 -10 10 11 12 13 -15 -16 16 -18 -19 -20 20 -22 -23 23 29 -26 26 -28 28 -30 -31
leaf_value=0.022860462739028451 0.074150109335549011 0.0055544152183618634 -0.032938191077920551 0.0038478948734498569 -0.016278484811256221 0.024809692114346658 0.013387404320971527 0.0041963171354465392 -0.020203250743524703 0.0091056097334182365 -0.016646571992478102 0.0072921820206462932 -0.0032206294710069952 0.0033504065891534081 -0.037607993676248092 -0.070567223660932571 0.055878381838234958 0.033177716179925432 -0.00036198756433656552 -0.0014059830439019439 -0.0063355911022516045 0.0037131670661250888 -0.020129580139443704 -0.00017868659177898658 -0.014437169979688011 -0.025921522951684147 0.0042335882914601667 -0.0047067873012853903 0.016200278206522863 -0.0036726380967165174
leaf_weight=481 176 218 35 67 44 242 36 55 39 631 29 212 29 56 29 25 35 121 33 43 37 181 26 4297 26 47 103 25 32 176
leaf_count=481 176 218 35 67 44 242 36 55 39 631 29 212 29 56 29 25 35 121 33 43 37 181 26 4297 26 47 103 25 32 176
internal_value=0.000235139 0.000151127 0.00139041 -0.00225243 4.51085e-05 0.00163468 -0.00296296 -3.38148e-05 -0.000103689 -7.16913e-05 0.000632806 -0.000402234 -0.00128165 -0.00403478 -0.00894915 -0.000117216 -0.0052459 0.0018543 0.00146767 -0.000239255 0.00138931 0.00220444 -0.000328321 -0.000370167 -0.00232308 -0.00131624 -0.00025 -0.00251429 0.000482759 -0.000256593
internal_weight=7586 7410 583 102 6827 322 80 6505 6287 6248 1200 536 386 114 58 272 60 150 664 5048 261 224 4787 4732 259 233 207 104 57 4473
internal_count=7586 7410 583 102 6827 322 80 6505 6287 6248 1200 536 386 114 58 272 60 150 664 5048 261 224 4787 4732 259 233 207 104 57 4473
is_linear=0
shrinkage=0.04


Tree=122
num_leaves=31
num_cat=0
split_feature=3 5 9 4 20 17 5 1 5 9 3 5 19 12 4 4 11 13 5 3 19 0 5 11 19 4 10 3 2 12
split_gain=1.27761 0.686783 2.00394 0.800198 1.30054 1.16583 1.06537 1.62139 1.8421 1.58174 1.34012 2.3812 0.970281 1.27708 1.7482 1.54822 1.05371 1.19234 1.1348 1.6796 2.38843 0.968483 1.4879 0.953635 2.39344 0.910446 1.48016 1.91624 2.70551 0.934772
threshold=26.100000000000005 1.2500000000000002 62.500000000000007 4.8500000000000005 0.81174490092936691 0.12940952255126045 4.0500000000000007 4.1500000000000012 7.1500000000000012 53.500000000000007 14.250000000000002 8.6500000000000004 0.6078576107927941 88.500000000000014 7.9500000000000011 5.9500000000000011 29.150000000000002 10.65 9.9500000000000011 6.1500000000000012 0.87837969732492682 15.050000000000002 5.5500000000000007 19.850000000000005 -0.60785761079279388 10.550000000000002 9.4500000000000011 8.4500000000000011 5.6500000000000012 67.500000000000014
decision_type=2 2 2 2 2 2 2 2 2 2 2 2 2 2 2 2 2 2 2 2 2 2 2 2 2 2 2 2 2 2
left_child=1 2 -1 -3 12 6 -6 8 -8 -9 -11 -12 13 21 15 -15 17 25 19 -19 -21 -5 -23 -24 -25 -14 27 28 -27 -29
right_child=-2 3 -4 4 5 -7 7 9 -10 10 11 -13 16 14 -16 -17 -18 18 -20 20 -22 22 23 24 -26 26 -28 29 -30 -31
leaf_value=-0.014012935001929938 0.077438110879245445 -0.00020115095666586795 -0.00038169796976438638 0.0095279139902813021 0.0020813209787901776 0.0013876905807982535 -0.023721517834108301 -0.02880612829958535 -0.0022947045712354598 0.004778004045824188 -0.049353687145620169 0.0048972593352232738 0.0015247188912113035 0.0018138401241782369 0.0030818203828869694 -0.010858566433269807 0.038732291658159647 -0.0007644397372375592 0.0019175748775310233 -0.0068777555459600447 -0.011728401599266381 -0.0371557417145248 0.040208603152462809 -0.080146864588856656 0.14400173194486965 0.003220998455696557 0.016444554426938939 0.0024786826318330605 -0.055984319592246624 -0.030512224633567453
leaf_weight=44 143 2885 326 1921 106 247 28 42 26 125 25 33 655 36 96 74 97 56 56 26 27 46 107 32 39 25 79 111 25 48
leaf_count=44 143 2885 326 1921 106 247 28 42 26 125 25 33 655 36 96 74 97 56 56 26 27 46 107 32 39 25 79 111 25 48
internal_value=0.000240411 0.000168189 -0.00150943 0.000256149 0.000609215 -0.00106161 -0.00243523 -0.00372857 -0.00989091 -0.00221239 -0.000586956 -0.00555932 0.000906382 0.00137925 -0.00162319 -0.00504504 -1.65836e-05 -0.000367899 -0.00349398 -0.00585455 -0.0108889 0.00166822 -0.000817778 0.000849162 -0.00272222 0.000182204 -0.00168858 -0.00344762 -0.0101961 -0.001275
internal_weight=7586 7443 370 7073 4188 632 385 279 54 225 183 58 3556 2351 206 110 1205 1108 165 109 53 2145 224 178 71 943 288 209 50 159
internal_count=7586 7443 370 7073 4188 632 385 279 54 225 183 58 3556 2351 206 110 1205 1108 165 109 53 2145 224 178 71 943 288 209 50 159
is_linear=0
shrinkage=0.04


Tree=123
num_leaves=31
num_cat=0
split_feature=6 9 16 14 12 9 20 0 9 11 4 20 5 13 20 12 16 10 16 5 17 5 14 0 1 6 18 10 13 4
split_gain=1.24595 0.61351 1.23429 1.2883 1.2928 1.117 1.50981 1.87745 1.10849 1.61118 1.10446 2.79999 2.09608 1.90223 1.00539 1.04866 1.61309 1.00433 1.28342 1.49844 1.24769 1.10821 1.23073 1.06687 0.916672 1.43856 1.3428 0.906763 0.888494 1.12959
threshold=22.483333333333338 84.500000000000014 317.50000000000006 292.50000000000006 66.500000000000014 81.500000000000014 0.81174490092936691 5.2500000000000009 113.50000000000001 27.350000000000005 11.950000000000001 0.81174490092936691 8.6500000000000004 12.050000000000002 1.0000000180025095e-35 34.500000000000007 1482.5000000000002 2.4500000000000006 862.50000000000011 2.6500000000000008 -0.78656609248549292 1.2500000000000002 167.50000000000003 0.8500000000000002 8.3500000000000032 5.3166666666666638 0.1294095225512602 1.7500000000000002 1.6500000000000001 4.0500000000000007
decision_type=2 2 2 2 2 2 2 2 2 2 2 2 2 2 2 2 2 2 2 2 2 2 2 2 2 2 2 2 2 2
left_child=1 5 -3 4 10 17 24 -8 9 14 -4 13 -13 -12 15 16 -5 23 20 -20 28 22 -22 -1 25 -7 -27 -16 29 -19
right_child=-2 2 3 8 -6 6 7 -9 -10 -11 11 12 -14 -15 27 -17 -18 18 19 -21 21 -23 -24 -25 -26 26 -28 -29 -30 -31
leaf_value=-0.004443327555785347 0.069069025649904456 0.012458439589510774 0.0049306562886332235 -0.020263425165159221 -0.016874753478017715 -0.00018602739041244276 -0.0090152507640598387 -0.00039160560001448824 0.0076343144537088193 -0.01205671224034012 0.035266275688569423 -0.046387302046548388 0.0091305101998426837 -0.0098502349823008876 0.048616394769708145 0.00063078800954893257 -0.002403357093059574 -0.0098287805041060231 -0.0181083056203384 -0.0010546759825997812 -0.010749279725446958 -0.00015119426071278166 -0.00082595400500467132 0.020433737702188311 0.016481241194662152 -0.0113412237118135 -0.005373200479285938 -0.0065094702261681518 0.014395460214586566 0.0071854798611438991
leaf_weight=29 176 373 765 31 39 160 25 25 60 43 172 29 26 48 104 65 66 40 25 47 49 3855 69 435 80 25 36 31 542 116
leaf_count=29 176 373 765 31 39 160 25 25 60 43 172 29 26 48 104 65 66 40 25 47 49 3855 69 435 80 25 36 31 542 116
internal_value=0.000208778 0.000129537 0.000759849 0.000240541 0.000959259 -8.05899e-05 -0.00226136 -0.00862745 -0.00169576 -0.00258064 0.00122959 -0.000942029 -0.00892857 0.00108597 -0.00151678 -0.0036319 -0.0062449 6.68204e-05 -0.000107082 -0.00536986 -2.48286e-05 -0.000298943 -0.00410084 0.00184086 -0.00117881 -0.0025045 -0.00767742 0.00102941 0.00153362 -0.00112102
internal_weight=7586 7410 1852 1479 1079 5558 351 50 400 340 1040 275 55 220 297 162 97 5207 4743 72 4671 3973 118 464 301 221 61 135 698 156
internal_count=7586 7410 1852 1479 1079 5558 351 50 400 340 1040 275 55 220 297 162 97 5207 4743 72 4671 3973 118 464 301 221 61 135 698 156
is_linear=0
shrinkage=0.04


Tree=124
num_leaves=31
num_cat=0
split_feature=3 9 16 12 14 3 20 13 7 3 7 7 5 9 20 8 10 18 14 4 3 10 7 9 11 5 14 11 19 13
split_gain=1.28484 0.735618 1.03878 0.979305 1.05272 1.11482 1.63527 1.46791 1.29964 1.0579 0.956163 1.66944 0.949259 0.840261 1.59444 3.70177 0.885206 1.18812 0.992837 0.884596 1.20147 1.73082 1.01449 0.80868 1.99951 0.75451 0.67432 0.669618 0.77431 1.48378
threshold=26.100000000000005 84.500000000000014 262.50000000000006 71.500000000000014 292.50000000000006 12.750000000000002 0.81174490092936691 12.350000000000003 4.0729166666666679 4.4500000000000011 11.189583333333337 9.8520833333333346 1.4500000000000002 80.500000000000014 0.81174490092936691 5.4500000000000011 0.8500000000000002 0.91597561503675351 214.50000000000003 6.4500000000000011 3.3500000000000001 6.9500000000000011 6.7937500000000011 113.50000000000001 27.350000000000005 14.65 203.50000000000003 -2.6499999999999999 1.0000000180025095e-35 2.8500000000000001
decision_type=2 2 2 2 2 2 2 2 2 2 2 2 2 2 2 2 2 2 2 2 2 2 2 2 2 2 2 2 2 2
left_child=1 13 -3 4 5 8 7 -7 9 26 11 23 -10 16 25 -16 -1 27 19 20 21 -19 -21 24 -6 -15 -4 28 -18 -30
right_child=-2 2 3 -5 10 6 -8 -9 12 -11 -12 -13 -14 14 15 -17 17 18 -20 22 -22 -23 -24 -25 -26 -27 -28 -29 29 -31
leaf_value=0.044518080091970613 0.07157782541807943 0.013731077565010172 -0.00080844922671165296 -0.012013138239198218 -0.0010711279059889929 0.0084469143394132213 -0.042354125150116863 -0.012145884822230904 -0.0087036043421318109 -0.020607788617200969 0.054292292239206563 -0.023923976983617107 0.019782805379811731 -0.00017842985432510531 -0.0086546407334974467 -0.00029865943514150096 0.013084558920698149 -0.0008344112783024429 0.0048027625323661524 -0.022144390182931625 0.0067957225711978101 -0.0082701872105694334 -0.0080565591469599039 0.003071702052184779 -0.0087848609026780974 -0.0055724153294611249 0.023477509755330708 2.6791808385750901e-07 0.0117208784159176 -0.0075623631370160798
leaf_weight=128 143 327 134 35 226 135 36 25 28 25 86 28 644 371 25 46 254 70 70 30 57 31 39 41 30 29 53 4292 82 66
leaf_count=128 143 327 134 35 226 135 36 25 28 25 86 28 644 371 25 46 254 70 70 30 57 31 39 41 30 29 53 4292 82 66
internal_value=0.000229867 0.000157442 0.000847897 0.000408645 0.000565684 0.00122109 -0.00150254 0.000248447 0.00182599 -0.000901408 -0.00115534 -0.00214724 0.00268648 -7.15434e-05 -0.00168644 -0.00716667 7.73439e-05 -7.21139e-06 -0.00245638 -0.00373684 -0.00206289 -0.00466667 -0.00748571 -0.00124832 -0.0020856 -0.000698254 0.000148936 0.000148243 0.0017072 -0.000590604
internal_weight=7586 7443 1853 1526 1491 1080 196 160 884 212 411 325 672 5590 471 71 5119 4991 297 227 158 101 69 297 256 400 187 4694 402 148
internal_count=7586 7443 1853 1526 1491 1080 196 160 884 212 411 325 672 5590 471 71 5119 4991 297 227 158 101 69 297 256 400 187 4694 402 148
is_linear=0
shrinkage=0.04


Tree=125
num_leaves=31
num_cat=0
split_feature=7 8 19 8 5 20 4 6 19 18 12 8 2 19 5 13 17 8 17 19 13 2 5 7 6 9 12 0 6 13
split_gain=1.5653 0.819105 2.09014 0.653703 0.7703 1.55709 0.926733 0.876108 1.33931 0.665042 1.58486 1.42854 1.41795 1.01091 0.889391 1.21387 2.21266 1.03743 0.986419 0.941549 1.92589 0.886803 1.8674 5.02439 2.42566 0.813603 0.844475 1.95808 1.25927 0.80298
threshold=19.439583333333335 24.350000000000005 -0.60785761079279388 20.050000000000004 17.250000000000004 0.81174490092936691 5.3500000000000005 11.566666666666668 -0.60785761079279388 -0.12940952255126037 28.500000000000004 5.4500000000000011 1.2500000000000002 1.0000000180025095e-35 7.3500000000000005 1.0500000000000003 0.25881904510252091 1.0500000000000003 0.25881904510252091 0.87837969732492682 4.6500000000000012 4.6500000000000012 2.5500000000000003 6.0958333333333341 4.4333333333333327 80.500000000000014 88.500000000000014 6.7500000000000009 3.7999999999999967 9.6500000000000004
decision_type=2 2 2 2 2 2 2 2 2 2 2 2 2 2 2 2 2 2 2 2 2 2 2 2 2 2 2 2 2 2
left_child=1 3 -3 4 9 6 -6 -8 -9 10 13 21 -13 -1 17 16 -16 -12 -17 25 -21 -11 23 -23 -24 26 28 -28 -20 -14
right_child=-2 2 -4 -5 5 -7 7 8 -10 11 14 12 29 -15 15 18 -18 -19 19 20 -22 22 24 -25 -26 -27 27 -29 -30 -31
leaf_value=-0.0094424929880190765 0.028883298596656819 -0.12143845484714316 0.008495210402010055 0.035277687716999531 -0.020733457433567574 -0.030802249213693834 0.018139359522665259 0.025358315831404833 -0.01957229842892139 0.00018871308479965186 -0.022053118378556703 -0.0062295863894636172 0.008532834255657153 0.00433613464256059 -0.035469965114025163 0.0018444820398556827 7.5029422964432903e-05 0.00093875286157030235 -0.0038979889895678129 -0.00029608222657981836 -0.024649141538556206 0.016226773726195725 -0.01617295497896707 -0.052881970281600688 0.0020144548529316543 -0.0015044117232008187 0.0031763496498778371 -0.010315254883592955 0.00084205512192225363 -0.001158960012726926
leaf_weight=30 246 29 54 182 28 34 81 30 43 1487 29 33 1657 25 46 595 68 1759 42 42 25 40 37 26 213 37 26 25 340 340
leaf_count=30 246 29 54 182 28 34 81 30 43 1487 29 33 1657 25 46 595 68 1759 42 42 25 40 37 26 213 37 26 25 340 340
internal_value=0.00036549 0.00026094 -0.00366667 0.000305969 0.000245413 -0.00210138 -0.000612022 0.000619355 -0.00254054 0.000318937 -0.000117799 0.00067084 0.00139833 -0.00678571 5.27198e-06 -0.000814755 -0.00473043 0.000576859 -0.000416593 -0.00165799 -0.00605882 -0.000148559 -0.0020694 -0.008 -0.000478087 -0.00101911 -0.000525345 -0.00530769 0.000125327 0.00153554
internal_weight=7649 7403 83 7320 7138 216 182 154 73 6922 3089 3833 2030 55 3034 1246 114 1788 1132 537 67 1803 316 66 250 470 433 51 382 1997
internal_count=7649 7403 83 7320 7138 216 182 154 73 6922 3089 3833 2030 55 3034 1246 114 1788 1132 537 67 1803 316 66 250 470 433 51 382 1997
is_linear=0
shrinkage=0.04


Tree=126
num_leaves=31
num_cat=0
split_feature=6 11 8 19 0 4 20 18 19 13 4 12 17 0 8 5 7 12 11 6 11 20 4 1 16 17 4 8 12 10
split_gain=1.58941 0.837654 0.664443 1.26076 0.661659 1.39466 2.89735 1.12879 1.03372 1.05499 1.01394 0.995265 3.34536 0.796637 1.96331 0.739231 1.17587 0.789966 1.75464 0.776762 1.01829 1.92589 0.800917 1.58989 0.76364 1.78025 1.3468 1.2519 1.13643 1.2338
threshold=22.483333333333338 32.550000000000004 24.350000000000005 1.0000000180025095e-35 8.3500000000000032 18.450000000000003 -0.22252093395631442 -0.78656609248549325 -0.60785761079279388 2.7500000000000004 10.550000000000002 68.500000000000014 0.25881904510252091 10.15 10.250000000000002 9.6500000000000004 11.61875 15.500000000000002 28.150000000000002 9.1666666666666661 11.350000000000003 1.0000000180025095e-35 7.8500000000000005 1.0500000000000003 47.500000000000007 1.0000000180025095e-35 6.0500000000000007 6.3500000000000005 32.500000000000007 1.0500000000000003
decision_type=2 2 2 2 2 2 2 2 2 2 2 2 2 2 2 2 2 2 2 2 2 2 2 2 2 2 2 2 2 2
left_child=1 2 4 -4 5 15 -7 8 -6 10 11 12 -10 14 -11 17 24 18 -1 22 -21 -22 -19 -24 25 -17 27 -27 29 -26
right_child=-2 -3 3 -5 7 6 -8 -9 9 13 -12 -13 -14 -15 -16 16 -18 19 -20 20 21 -23 23 -25 28 26 -28 -29 -30 -31
leaf_value=0.034771122072878517 0.044602066883683393 0.031707209682646349 -0.10851949410911241 0.031834445731047274 0.023745012213981741 -0.015584964253701603 0.14511397257434544 0.0048564650230048158 -0.027415210323155061 0.013105921759076307 -0.01336837601936606 0.0012464573929021976 0.029685913887412051 0.0053718618646197078 -0.024637520281958966 0.011427663257723226 0.01402450364312057 0.00017496050586694072 -0.021154677340672282 0.022810809322186935 -8.8941412479071001e-05 -0.022248630721690536 -0.0092559646464051692 0.0075448245232127521 -3.4002325982468081e-05 0.0034499034425408298 -0.007506969293232634 -0.0061170307402711004 6.2454204492701684e-05 -0.011364854012467545
leaf_weight=29 190 117 38 29 155 25 40 1553 30 49 33 85 26 178 41 51 80 3321 28 57 42 25 26 809 45 40 55 31 382 39
leaf_count=29 190 117 38 29 155 25 40 1553 30 49 33 85 26 178 41 51 80 3321 28 57 42 25 26 809 45 40 55 31 382 39
internal_value=0.000375948 0.000283646 0.000229879 -0.00370588 0.00026663 1.95085e-05 -0.00575758 0.000855416 -0.000622073 -0.00160722 -0.00402286 -0.00250704 -0.00659649 -2.97396e-05 -0.00307692 9.48431e-05 -0.0010884 0.000292301 -0.00434483 0.000355057 -0.002752 -0.00605882 0.0004484 0.00155502 -0.00165838 -0.00388764 -0.0064252 -0.00272222 -0.000805139 -0.00498824
internal_weight=7649 7459 7342 67 7275 5125 65 2150 597 442 174 141 56 268 90 5060 723 4337 57 4280 124 67 4156 835 643 177 126 71 466 84
internal_count=7649 7459 7342 67 7275 5125 65 2150 597 442 174 141 56 268 90 5060 723 4337 57 4280 124 67 4156 835 643 177 126 71 466 84
is_linear=0
shrinkage=0.04


Tree=127
num_leaves=31
num_cat=0
split_feature=6 8 0 18 13 19 19 8 9 15 5 4 7 17 12 8 8 10 9 5 11 4 11 2 4 4 10 6 5 7
split_gain=1.4406 0.664769 0.684135 1.18341 1.03274 1.68684 1.19787 1.19714 1.4145 0.80895 0.909328 0.770362 1.54798 0.664172 0.849319 0.593346 0.98517 0.590705 0.606083 0.640602 0.607634 1.01321 0.949708 1.27065 0.97342 2.1874 2.4233 1.67709 0.785217 1.73789
threshold=22.483333333333338 27.250000000000004 8.3500000000000032 -0.78656609248549325 2.7500000000000004 -1.0000000180025095e-35 0.87837969732492682 15.050000000000002 57.500000000000007 0.15000000000000005 6.3500000000000005 18.450000000000003 13.577083333333336 0.25881904510252091 82.500000000000014 11.450000000000001 11.850000000000003 0.75000000000000011 41.500000000000007 18.450000000000003 1.4500000000000002 6.2500000000000009 1.6500000000000001 3.4500000000000006 12.550000000000002 14.850000000000003 5.5500000000000007 6.2666666666666648 2.5500000000000003 6.0958333333333341
decision_type=2 2 2 2 2 2 2 2 2 2 2 2 2 2 2 2 2 2 2 2 2 2 2 2 2 2 2 2 2 2
left_child=1 2 11 4 5 -4 7 8 -7 -5 -11 15 -13 -6 -15 17 -17 -1 -19 20 21 -20 23 -22 28 26 27 -26 29 -24
right_child=-2 -3 3 9 13 6 -8 -9 -10 10 -12 12 -14 14 -16 16 -18 18 19 -21 22 -23 24 -25 25 -27 -28 -29 -30 -31
leaf_value=0.0022967917959271322 0.042817984208336046 -0.11244639382598084 0.025151652234641119 0.007087988433444721 0.014438514908264102 -0.02114846366541737 0.0043381224777424869 -0.03600808464528589 0.0170210657022264 0.0024974510907513252 -0.026036178760556698 -0.0077575204734648519 0.1399724427742938 0.00269508339950239 -0.0082081017153834198 -0.008478181592721493 -0.0045133452492889265 0.0031378928688172943 0.00013365698908646384 -0.021095830425321621 -0.0056718163838011069 0.052966168248561013 -0.00063836605281434634 0.0017111236454643141 -0.0080493313223494092 0.011769762412775666 0.039583906860672882 -0.038132118384326411 0.00030813722443394831 -0.034456136917434758
leaf_weight=574 190 28 78 1546 223 40 32 43 30 36 35 38 30 113 43 26 78 111 820 45 28 198 705 32 48 77 35 43 2257 67
leaf_count=574 190 28 78 1546 223 40 32 43 30 36 35 38 30 113 43 26 78 111 820 45 28 198 705 32 48 77 35 43 2257 67
internal_value=0.000339347 0.000251475 0.000275027 0.000863063 -0.000650083 -0.00280357 -0.00534247 -0.00726316 -0.00394366 0.00142645 -0.00272222 2.45541e-05 -0.00417391 0.000621053 -0.0013758 8.08553e-05 -0.00289524 0.000142829 -1.25362e-05 -8.72358e-05 -3.71142e-05 0.000816487 -0.000301245 -0.0052459 -0.000207856 -0.00288235 -0.00611024 -0.00952174 -2.77226e-05 -0.00112807
internal_weight=7649 7459 7431 2219 602 223 145 113 70 1617 71 5212 68 379 156 5144 104 5040 4466 4355 4310 1018 3292 60 3232 203 126 91 3029 772
internal_count=7649 7459 7431 2219 602 223 145 113 70 1617 71 5212 68 379 156 5144 104 5040 4466 4355 4310 1018 3292 60 3232 203 126 91 3029 772
is_linear=0
shrinkage=0.04


Tree=128
num_leaves=31
num_cat=0
split_feature=7 4 5 19 0 4 5 14 8 5 20 11 7 9 3 5 14 8 8 0 3 3 17 8 19 11 11 11 8 20
split_gain=1.48032 0.604447 2.0988 1.04033 0.684551 0.618815 1.11452 2.55729 0.996812 0.924911 1.12219 0.815917 2.37233 1.29974 1.37094 0.913616 0.860183 0.809639 1.03505 0.999512 1.08823 1.95572 0.760485 1.29424 1.04009 3.62661 0.753317 0.770482 0.688426 0.670236
threshold=18.272916666666671 18.250000000000004 7.8500000000000005 -1.0000000180025095e-35 6.1500000000000012 6.5500000000000007 1.4500000000000002 153.50000000000003 27.250000000000004 18.250000000000004 1.0000000180025095e-35 24.150000000000002 3.885416666666667 103.50000000000001 3.0500000000000003 6.3500000000000005 205.50000000000003 9.3500000000000032 5.9500000000000011 10.750000000000002 4.3500000000000005 6.6500000000000012 0.25881904510252091 1.1500000000000001 -0.60785761079279388 9.5500000000000025 29.450000000000003 -1.1499999999999997 5.3500000000000005 0.81174490092936691
decision_type=2 2 2 2 2 2 2 2 2 2 2 2 2 2 2 2 2 2 2 2 2 2 2 2 2 2 2 2 2 2
left_child=1 5 3 -3 -4 9 7 -7 26 11 -11 16 13 14 -13 -14 -1 18 22 20 -19 -22 23 -18 25 -24 27 -8 -17 -29
right_child=-2 2 4 -5 -6 6 8 -9 -10 10 -12 12 15 -15 -16 28 17 19 -20 -21 21 -23 24 -25 -26 -27 -28 29 -30 -31
leaf_value=-0.00022656590882589114 0.022675542705835924 -0.012905297071337692 -0.0027382727344652793 -0.013753448737826759 0.10758019871349067 -0.022266183212817144 0.051266710817734547 0.0031546183399371037 -0.10856730888420535 0.0063243914012377266 -0.021396503754409293 -0.01723446913577802 0.030929260443651359 3.1393343837623266e-05 -0.018979517648473256 -0.014506191298624826 -0.0033725461644245908 0.011433629682728213 0.009164894424026588 0.0049933026943800394 -0.0094292433663943267 0.0070467768347095526 0.012248059244450223 0.0080127579420669771 0.0013749717263454827 -0.027053149897878083 0.038145981105517042 0.0016066045197029892 0.0010114888538195854 -0.00120129221935351
leaf_weight=2738 272 25 25 29 59 39 160 42 25 25 26 34 109 33 25 26 46 26 271 110 51 53 42 427 161 34 149 2168 27 392
leaf_count=2738 272 25 25 29 59 39 160 42 25 25 26 34 109 33 25 26 46 26 271 110 51 53 42 427 161 34 149 2168 27 392
internal_value=0.000360262 0.000253185 -0.00235971 -0.00843636 0.0016 0.000303315 0.000745968 -0.00385366 0.000875993 -5.62705e-06 -0.00530769 5.98008e-05 -0.00213333 -0.00722581 -0.0107333 0.000785276 0.00020101 0.00108347 0.00159267 -0.00099585 -0.00335878 -0.00518095 0.000787623 0.00171308 -0.00105882 -0.00488312 0.000946342 0.000793826 -0.00348148 0.000624756
internal_weight=7649 7377 138 54 84 7239 2975 81 2894 4264 51 4213 254 92 59 162 3959 1221 981 240 130 104 710 473 237 76 2869 2720 53 2560
internal_count=7649 7377 138 54 84 7239 2975 81 2894 4264 51 4213 254 92 59 162 3959 1221 981 240 130 104 710 473 237 76 2869 2720 53 2560
is_linear=0
shrinkage=0.04


Tree=129
num_leaves=31
num_cat=0
split_feature=3 12 8 4 4 20 2 13 5 5 2 7 14 3 16 1 20 2 4 3 5 4 5 4 3 5 8 5 20 14
split_gain=1.2939 0.596438 1.47432 1.1042 1.58225 0.888876 1.96861 0.822044 0.781493 0.76478 0.712734 1.15175 1.30237 1.42984 1.21173 1.18345 1.30357 1.17724 0.816778 1.18913 1.84966 1.36125 0.837467 1.83698 0.963816 1.28829 0.844355 1.31111 0.680107 0.669974
threshold=26.100000000000005 77.500000000000014 3.9500000000000006 16.450000000000003 21.250000000000004 0.81174490092936691 3.7500000000000004 18.750000000000004 4.8500000000000005 16.650000000000002 11.350000000000003 12.183333333333335 221.50000000000003 12.550000000000002 2057.5000000000005 11.65 -0.22252093395631442 13.65 6.2500000000000009 3.6500000000000008 7.7500000000000009 8.3500000000000032 11.750000000000002 5.1500000000000012 1.1500000000000001 5.6500000000000012 14.250000000000002 5.9500000000000011 -0.22252093395631442 200.50000000000003
decision_type=2 2 2 2 2 2 2 2 2 2 2 2 2 2 2 2 2 2 2 2 2 2 2 2 2 2 2 2 2 2
left_child=1 2 5 29 -5 9 8 10 -7 -1 18 12 15 28 -13 16 -12 -15 22 20 -20 -22 24 -24 25 -4 -26 -28 -14 -3
right_child=-2 3 7 4 -6 6 -8 -9 -10 -11 11 14 13 17 -16 -17 -18 -19 19 -21 21 -23 23 -25 26 -27 27 -29 -30 -31
leaf_value=-2.8656440595007982e-05 0.03607589072096927 -0.00042006064329093559 0.0023494149363951877 -0.0091610079881892913 0.00081462864972625302 0.001067707360465375 -0.0036428076580784876 -0.0028037891602799283 -0.009231919740097105 -0.016991724208585898 0.0035287482662966752 0.024640442456376876 0.0022153890536934988 -0.0012883194881693758 -0.018940755729037698 0.016198808326444422 -0.024325897905533817 -0.045868107240038924 0.014365626588845723 0.011858414715062951 0.00073926357759726341 -0.016946062174899773 0.00077685624177092991 -0.012667272696266971 0.0038360628232768463 -0.022432413967880534 -0.016661606302177591 0.0094501185323464711 -0.010559934355569798 0.0033553469825906681
leaf_weight=1165 153 1830 34 29 34 84 35 28 36 30 43 375 55 26 32 226 44 39 93 1300 25 39 65 32 1162 32 34 48 45 476
leaf_count=1165 153 1830 34 29 34 84 35 28 36 30 43 375 55 26 32 226 44 39 93 1300 25 39 65 32 1162 32 34 48 45 476
internal_value=0.000344575 0.000269975 0.000512481 -0.000254852 -0.0054375 -0.000621761 -0.00346154 0.000917946 -0.000991735 -0.000250836 0.0009696 -2.25732e-05 -0.00135282 -0.00421687 0.00153922 0.000165605 -0.00377273 -0.00878788 0.00127609 0.00193964 -0.00134177 -0.00652308 0.000588068 -0.00297959 0.00085431 -0.0038209 0.00110522 -0.00279518 -0.00118812 -0.000110966
internal_weight=7649 7496 5127 2369 63 1350 155 3777 120 1195 3749 885 478 165 407 313 87 65 2864 1457 157 64 1407 97 1310 66 1244 82 100 2306
internal_count=7649 7496 5127 2369 63 1350 155 3777 120 1195 3749 885 478 165 407 313 87 65 2864 1457 157 64 1407 97 1310 66 1244 82 100 2306
is_linear=0
shrinkage=0.04


Tree=130
num_leaves=31
num_cat=0
split_feature=0 8 12 10 10 0 0 9 11 5 14 11 16 17 7 10 10 5 11 9 16 9 4 4 12 1 8 9 11 14
split_gain=1.1277 1.01435 0.77671 0.752776 1.35127 1.24893 2.95781 0.795831 2.56485 0.895583 2.03244 0.86214 0.795142 0.790659 0.948579 2.18727 0.784106 1.04401 1.2555 0.778458 1.1309 0.907659 0.760452 1.32659 2.85196 0.777639 1.75876 0.727416 0.724745 0.721778
threshold=25.150000000000002 25.650000000000002 73.500000000000014 15.350000000000003 17.750000000000004 7.7500000000000009 10.350000000000003 80.500000000000014 -2.0499999999999994 1.2500000000000002 134.50000000000003 5.2500000000000009 27.500000000000004 -1.0000000180025095e-35 2.4104166666666673 5.4500000000000011 4.4500000000000011 2.6500000000000008 3.5500000000000003 72.500000000000014 42.500000000000007 46.500000000000007 5.9500000000000011 6.7500000000000009 88.500000000000014 13.15 13.350000000000003 43.500000000000007 1.0500000000000003 156.50000000000003
decision_type=2 2 2 2 2 2 2 2 2 2 2 2 2 2 2 2 2 2 2 2 2 2 2 2 2 2 2 2 2 2
left_child=1 2 28 7 5 12 -7 9 -9 10 -4 -10 -5 14 15 -11 17 -16 -19 21 -21 27 29 24 -24 26 -25 -18 -1 -15
right_child=-2 -3 3 4 -6 6 -8 8 11 13 -12 -13 -14 22 16 -17 19 18 -20 20 -22 -23 23 25 -26 -27 -28 -29 -30 -31
leaf_value=0.012953953489067327 0.050807118537447328 -0.10443807910350315 -0.025023966172410692 -0.0065540315771150139 0.0013681800573716357 -0.027873939579572963 0.001104302997033382 -0.007376376596847211 0.0016498350133939885 0.0089471069337814808 -0.00036323430539663993 -0.0098354671689769579 0.0034274647559308993 0.0010664424837194143 -0.051376529738271427 -0.021750235042851011 0.0034429523366206593 -0.0054870627570625394 0.0092101323387263831 -0.022390998532147353 0.011114200819979858 0.025718075291489791 -0.00093428215275756607 -0.00049487377993377539 -0.03123196946006199 0.0089639393450226153 -0.025023344527373412 -0.015888085268496471 0.0006322293286669321 -0.00022071209843535465
leaf_weight=350 156 28 25 28 156 27 27 26 114 36 91 36 25 338 25 37 64 25 69 37 52 561 45 236 26 76 25 32 4242 643
leaf_count=350 156 28 25 28 156 27 27 26 114 36 91 36 25 338 25 37 64 25 69 37 52 561 45 236 26 76 25 32 4242 643
internal_value=0.000364539 0.000294282 0.000323211 -0.000191467 -0.00222727 -0.00566667 -0.00989091 1.37406e-05 -0.00257627 0.000201309 -0.00321367 -0.000529801 -0.00125926 0.000372852 0.00126944 -0.00308108 0.00163972 -0.00136667 0.000589474 0.00212048 -0.00137778 0.00259574 -0.000233093 -0.00168215 -0.00661111 -0.000627219 -0.00166412 -0.000989691 0.000646201 0.000370672
internal_weight=7658 7502 7474 2882 263 107 54 2619 176 2443 116 150 53 2327 938 73 865 119 94 746 89 657 1389 408 71 337 261 96 4592 981
internal_count=7658 7502 7474 2882 263 107 54 2619 176 2443 116 150 53 2327 938 73 865 119 94 746 89 657 1389 408 71 337 261 96 4592 981
is_linear=0
shrinkage=0.04


Tree=131
num_leaves=31
num_cat=0
split_feature=1 8 8 2 20 7 0 8 14 7 14 12 2 10 11 4 9 15 7 17 8 3 18 7 18 1 14 1 4 7
split_gain=1.0932 0.654086 0.61145 0.742601 1.06054 1.13784 1.1883 1.52816 0.962914 1.48358 1.34992 1.27919 0.844603 1.26879 2.2847 1.30059 1.02167 0.762223 0.730678 0.730115 0.714893 0.964081 0.974345 0.669974 0.633942 0.59082 0.552812 0.920579 0.527013 1.36577
threshold=27.850000000000005 27.250000000000004 18.750000000000004 10.65 1.0000000180025095e-35 8.0145833333333361 11.050000000000002 9.9500000000000011 274.50000000000006 9.8520833333333346 37.500000000000007 67.500000000000014 16.650000000000002 9.9500000000000011 20.150000000000002 13.15 94.500000000000014 0.15000000000000005 10.702083333333336 0.60355339059327384 10.950000000000001 5.0500000000000007 0.25881904510252057 7.5937500000000018 -0.60355339059327384 8.2500000000000018 176.50000000000003 21.750000000000004 17.650000000000002 13.577083333333336
decision_type=2 2 2 2 2 2 2 2 2 2 2 2 2 2 2 2 2 2 2 2 2 2 2 2 2 2 2 2 2 2
left_child=1 2 3 20 5 6 7 -5 9 11 -11 -6 13 14 15 -12 -16 -7 -10 -15 28 22 -22 -24 25 -23 27 -4 -1 -30
right_child=-2 -3 26 4 8 17 -8 -9 18 10 12 -13 -14 19 16 -17 -18 -19 -20 -21 21 24 23 -25 -26 -27 -28 -29 29 -31
leaf_value=0.00032406345453333418 0.050835766394587596 -0.050286663983959347 0.0052623739968530496 -6.9844114615096633e-05 -0.034009277186209753 0.0057929877918826483 0.0046063811704103496 -0.036928647070743371 -0.0026190241918048513 0.033026433245390008 -0.0085041143766096047 0.044434730875024753 -0.0003641562581216487 0.028910899772377187 0.013105107050979678 -0.032280952520073972 -0.012017714304560126 -0.0024742662329905532 0.049117690694114695 -0.059154512391938779 -0.01054023949560943 -0.0018331015776215781 0.02135986576500009 -0.014512187213632705 0.043883429683764755 0.0029299125621350137 0.035551490511543639 -0.074370230155294051 -0.0097919009186672179 0.13713435566408835
leaf_weight=5291 132 41 86 37 47 403 74 26 30 34 43 74 43 35 28 31 25 26 75 29 49 27 93 36 337 179 229 25 39 34
leaf_count=5291 132 41 86 37 47 403 74 26 30 34 43 74 43 35 28 31 25 26 75 29 49 27 93 36 337 179 229 25 39 34
internal_value=0.000374984 0.000311412 0.0003393 0.000260286 -0.000716305 0.000465609 -0.00269565 -0.0066875 -0.00206869 -0.00298462 -0.0046394 0.000688525 -0.00571915 -0.00685417 -0.00915625 -0.0136533 -0.00274074 0.00147907 0.00132075 -0.00221538 0.000430496 0.00161219 -0.000938547 0.000892308 0.00244853 0.000695652 0.00199414 -0.000321428 0.000271389 -0.00308108
internal_weight=7658 7526 7485 7145 1060 566 137 63 494 389 268 121 234 191 127 74 53 429 105 64 6085 721 178 129 543 206 340 111 5364 73
internal_count=7658 7526 7485 7145 1060 566 137 63 494 389 268 121 234 191 127 74 53 429 105 64 6085 721 178 129 543 206 340 111 5364 73
is_linear=0
shrinkage=0.04


Tree=132
num_leaves=31
num_cat=0
split_feature=3 20 5 5 14 0 7 9 10 6 3 9 10 14 5 4 11 11 5 7 7 14 5 7 7 3 4 12 9 0
split_gain=1.21246 0.608742 1.06498 1.84353 1.16131 1.44716 2.13445 1.32622 1.11276 1.29254 0.990917 1.24046 1.68741 0.977138 1.61621 0.912857 0.85945 0.71173 0.689902 0.689834 1.06994 0.565494 3.75543 0.696092 0.554398 1.20381 0.970095 0.759944 0.748543 1.24759
threshold=26.100000000000005 0.81174490092936691 4.0500000000000007 4.6500000000000012 172.50000000000003 6.1500000000000012 9.0729166666666696 47.500000000000007 4.8500000000000005 3.7499999999999973 14.250000000000002 84.500000000000014 4.9500000000000011 86.500000000000014 1.4500000000000002 5.8500000000000005 30.750000000000004 -5.8499999999999988 16.550000000000004 7.1979166666666679 10.533333333333335 101.50000000000001 1.9500000000000002 10.410416666666668 12.289583333333335 16.550000000000004 16.850000000000005 90.500000000000014 108.50000000000001 5.6500000000000012
decision_type=2 2 2 2 2 2 2 2 2 2 2 2 2 2 2 2 2 2 2 2 2 2 2 2 2 2 2 2 2 2
left_child=1 13 -3 -4 7 6 8 -5 9 -6 11 12 -9 14 15 -1 17 -15 -7 -14 -21 22 -19 -24 25 26 28 -26 -23 -30
right_child=-2 2 3 4 5 18 -8 10 -10 -11 -12 -13 19 16 -16 -17 -18 21 -20 20 -22 24 23 -25 27 -27 -28 -29 29 -31
leaf_value=-0.0019126777437754425 0.025166643079711348 0.0013232637746960971 -0.011135104864471968 -0.023970542569353638 0.0003684265490697025 0.019146125897572527 -0.01105398066116548 -0.022237443891387682 0.0087461685002758662 -0.0055164177886862396 -0.051670469539298332 0.057509441697967657 0.019832297423324884 0.022663544055109567 0.014595743460992206 -0.022330374211570688 0.033814012052444838 -0.037435180279837887 -0.005283750827634829 -0.0087694223722600256 0.025815025712518556 0.00028712664333298824 0.0041280370372726452 -0.02258686097231535 0.016781090937256368 -0.026387461949886344 -0.027571811435877659 -0.0063369694505080792 6.5227909375660214e-05 -0.010240371410866601
leaf_weight=44 146 358 36 25 32 217 25 27 62 31 45 71 53 181 734 25 98 32 25 25 43 4506 138 31 453 35 28 26 70 36
leaf_count=44 146 358 36 25 32 217 25 27 62 31 45 71 53 181 734 25 98 32 25 25 43 4506 138 31 453 35 28 26 70 36
internal_value=0.000374984 0.000304539 -0.000576208 -0.00146518 -0.000991202 0.000427481 -0.00264901 -0.00291034 -0.00047619 -0.0041875 -0.00205283 -0.000927273 -0.00300671 0.000451693 0.00175622 -0.00405714 0.000265484 0.000199386 0.00233745 -0.00095082 -0.0035942 0.000115758 -0.0019604 0.000447059 0.00019709 6.41575e-05 0.000120664 0.00149167 0.000166486 -0.00314019
internal_weight=7658 7512 1075 717 681 392 150 289 125 63 264 219 148 6437 803 69 5634 5536 242 121 68 5355 201 169 5154 4675 4640 479 4612 106
internal_count=7658 7512 1075 717 681 392 150 289 125 63 264 219 148 6437 803 69 5634 5536 242 121 68 5355 201 169 5154 4675 4640 479 4612 106
is_linear=0
shrinkage=0.04


Tree=133
num_leaves=31
num_cat=0
split_feature=2 12 11 0 16 11 14 16 0 2 5 3 5 20 9 14 18 14 10 4 20 7 5 4 11 14 5 14 5 3
split_gain=1.23808 0.4563 1.05298 0.889304 0.861915 1.12062 0.901186 0.897114 1.61387 0.723088 0.819449 1.934 1.57313 3.12575 1.14868 0.750091 0.687248 0.968499 1.67444 0.640368 1.27359 1.74562 1.50485 1.26066 1.42861 1.33494 1.04398 1.08047 0.963588 0.789708
threshold=26.100000000000005 66.500000000000014 11.350000000000003 14.15 52.500000000000007 14.750000000000002 197.50000000000003 152.50000000000003 3.3500000000000001 21.450000000000003 7.7500000000000009 11.15 4.5500000000000007 1.0000000180025095e-35 92.500000000000014 306.50000000000006 -0.78656609248549325 243.50000000000003 3.7500000000000004 5.2500000000000009 -0.22252093395631442 8.3937500000000025 4.7500000000000009 4.3500000000000005 31.050000000000004 231.50000000000003 3.6500000000000008 202.50000000000003 1.6500000000000001 4.5500000000000007
decision_type=2 2 2 2 2 2 2 2 2 2 2 2 2 2 2 2 2 2 2 2 2 2 2 2 2 2 2 2 2 2
left_child=1 2 16 -3 5 6 -4 8 -6 10 11 19 15 14 -14 -13 17 -1 -19 23 -21 28 -23 24 26 -25 -9 -28 -22 -27
right_child=-2 3 4 -5 7 -7 -8 9 -10 -11 -12 12 13 -15 -16 -17 -18 18 -20 20 21 22 -24 25 -26 29 27 -29 -30 -31
leaf_value=0.0021704610294410475 0.027619533571002927 -0.00020016706717085393 0.028129848698367717 0.0057515968756023383 -0.010903853770685904 0.013656878615614754 -0.0081374717015441477 0.010229128834853989 -0.0019916014185593473 -0.062392718931295076 0.0042801672483972061 0.0060253053181576945 -0.024430968628219762 -0.025302553269587552 0.082659445807177767 -0.021191741465679263 0.0052991361025249558 0.00022242673780162466 -0.009636394547080351 0.021471296690821054 -0.003610142132467849 -0.015731193629297365 -0.00058643789368781796 0.0014370501210082128 -0.0047579221618572571 -0.016744390621769398 -0.007748557922014788 0.011439621210209493 0.0045715893323978601 -0.028231903586852753
leaf_weight=110 149 3288 43 280 29 332 30 159 329 27 809 79 44 46 33 29 865 25 27 292 27 27 39 50 30 25 75 61 273 26
leaf_count=110 149 3288 43 280 29 332 30 159 329 27 809 79 44 46 33 29 865 25 27 292 27 27 39 50 30 25 75 61 273 26
internal_value=0.000374984 0.000303063 0.000599696 -2.46566e-05 0.000211321 0.00192118 -0.00254054 -6.53385e-05 -0.00191643 0.000243495 0.00032753 -0.000288754 -0.00360345 -0.00667742 -0.00169231 -7.33943e-05 0.00170039 -0.000687116 -0.00513208 0.000420277 0.00120182 -0.000370572 -0.00620895 -0.000786885 0.000429448 -0.00466667 0.00128378 -0.00128467 0.000930233 -0.00915385
internal_weight=7658 7509 3941 3568 2914 405 73 2509 358 2151 2124 1315 231 123 77 108 1027 162 52 1084 658 366 66 426 325 101 295 136 300 51
internal_count=7658 7509 3941 3568 2914 405 73 2509 358 2151 2124 1315 231 123 77 108 1027 162 52 1084 658 366 66 426 325 101 295 136 300 51
is_linear=0
shrinkage=0.04


Tree=134
num_leaves=31
num_cat=0
split_feature=0 8 12 11 14 3 17 18 13 10 8 7 9 6 8 1 10 11 8 11 12 20 10 19 14 9 7 3 1 20
split_gain=1.10324 1.0245 0.623629 0.834968 0.923685 0.863145 0.7858 0.731738 0.758326 2.32074 1.74876 1.1719 0.991076 0.837371 0.81828 0.794799 0.680203 2.79074 1.20594 1.20015 1.29441 1.07809 1.03345 1.00763 1.03416 0.985266 0.971641 0.954229 1.28485 1.36752
threshold=25.150000000000002 25.650000000000002 66.500000000000014 12.550000000000002 166.50000000000003 5.6500000000000012 0.12940952255126045 -0.5 9.1500000000000004 5.1500000000000012 3.7500000000000004 6.3604166666666675 107.50000000000001 4.091666666666665 18.050000000000004 2.9500000000000006 4.5500000000000007 -4.4499999999999993 1.2500000000000002 -5.8499999999999988 68.500000000000014 -0.22252093395631442 15.350000000000003 0.87837969732492682 268.50000000000006 65.500000000000014 2.3583333333333338 2.2500000000000004 8.1500000000000004 -0.22252093395631442
decision_type=2 2 2 2 2 2 2 2 2 2 2 2 2 2 2 2 2 2 2 2 2 2 2 2 2 2 2 2 2 2
left_child=1 2 7 16 5 -5 -7 -1 10 14 12 -11 13 -9 -10 -15 17 -4 26 -18 21 -21 -22 24 25 -20 -19 -24 -29 -30
right_child=-2 -3 3 4 -6 6 -8 8 9 11 -12 -13 -14 15 -16 -17 19 18 23 20 22 -23 27 -25 -26 -27 -28 28 29 -31
leaf_value=-0.00039865999177742347 0.0456481233095411 -0.097224698787101077 -0.005901268171780283 0.0015822791128336274 0.029782467528591216 -0.0017874568519485907 -0.0072231917288104333 0.00033895101939131439 0.0006876133821359236 -0.0011105004073816884 0.013130255594022717 -0.025877465946456079 -0.0075354759640391938 0.0017922066290156316 -0.020280095015470737 -0.02422144892084235 0.035674084799834319 0.00036960232336161853 -0.035084919812160262 0.0006171865482294044 0.00018817674393501176 -0.012317467096037014 -0.0062938553796106364 0.02328487792618417 0.0065999878237075586 -0.0005109028657109975 -0.0081775098798534847 0.0043746119017911214 -0.0090815175783985416 -0.0011264348889722924
leaf_weight=850 156 28 29 61 350 56 41 307 828 33 1732 30 40 27 27 40 133 28 54 31 2137 40 34 80 66 188 36 70 48 78
leaf_count=850 156 28 29 61 350 56 41 307 828 33 1732 30 40 27 27 40 133 28 54 31 2137 40 34 80 66 188 36 70 48 78
internal_value=0.000401097 0.000331601 0.000360669 -2.24655e-05 0.00147741 -0.0010566 -0.00338775 0.000709068 0.000997064 3.48206e-05 0.00140848 -0.0073125 -0.000925301 -0.000277333 0.000584112 -0.00429412 -0.000272519 -0.00165145 -0.000865342 -1.39967e-05 -0.000216482 -0.0055 -5.57431e-05 -2.05654e-05 -0.00106149 -0.0022716 -0.00590769 -0.0025974 -0.00150254 -0.00390551
internal_weight=7658 7502 7474 3560 508 158 97 3914 3064 918 2146 63 414 374 855 67 3052 481 452 2571 2438 71 2367 388 308 242 64 230 196 126
internal_count=7658 7502 7474 3560 508 158 97 3914 3064 918 2146 63 414 374 855 67 3052 481 452 2571 2438 71 2367 388 308 242 64 230 196 126
is_linear=0
shrinkage=0.04


Tree=135
num_leaves=31
num_cat=0
split_feature=4 11 12 13 8 18 10 11 18 11 3 9 18 3 11 12 4 4 0 10 16 11 11 0 11 11 9 16 9 16
split_gain=0.998911 1.03463 1.13244 1.73136 1.66929 1.40881 1.33282 1.29878 1.68908 1.70154 1.09016 1.04508 0.995576 0.976981 0.890495 1.05364 1.45622 1.53359 1.28222 1.13388 1.50537 0.865902 0.808924 1.16377 1.57506 0.884917 1.22223 1.23 3.45129 1.52104
threshold=4.8500000000000005 -1.1499999999999997 77.500000000000014 10.050000000000002 4.3500000000000005 -0.5 5.8500000000000005 11.750000000000002 -0.3794095225512602 5.9500000000000011 7.2500000000000009 71.500000000000014 1.0000000180025095e-35 8.7500000000000018 25.750000000000004 34.500000000000007 9.9500000000000011 6.7500000000000009 6.6500000000000012 1.1500000000000001 1277.5000000000002 5.1500000000000012 24.350000000000005 6.2500000000000009 26.150000000000002 2.9500000000000006 41.500000000000007 277.50000000000006 72.500000000000014 62.500000000000007
decision_type=2 2 2 2 2 2 2 2 2 2 2 2 2 2 2 2 2 2 2 2 2 2 2 2 2 2 2 2 2 2
left_child=22 -2 3 -3 12 11 14 8 -7 13 -11 -6 -4 -10 15 16 17 -5 -18 -17 -21 -14 25 24 -24 26 -1 29 -29 -28
right_child=1 2 4 6 5 7 -8 -9 9 10 -12 -13 21 -15 -16 19 18 -19 -20 20 -22 -23 23 -25 -26 -27 27 28 -30 -31
leaf_value=-0.016030356013697917 0.031364801117393919 0.0042305209867195912 0.01710106427866492 -0.0040115568478391976 0.0011577735839443403 -0.016000405710699682 -0.02227844384459518 0.0015189879720656958 -0.00083040588907909874 -0.0193194520891878 -0.041799654610635138 -0.0075401067387966146 -0.0064441461220326301 -0.011904014308514017 0.0043211965123231885 0.035816502296909886 -0.011090474862447566 0.051631005300554068 -0.008322052010934897 -0.00052293541601935729 -0.012224087131885678 0.0089406829512517182 -0.014442187224078454 0.019067568982574661 -0.007008751172825867 0.00025578569743077163 -0.00066911503268881321 -0.0087377627397667874 0.00092944443250672941 0.0037059370212917152
leaf_weight=26 254 2589 184 26 302 25 25 71 155 25 28 45 62 41 152 88 42 47 32 164 31 43 27 29 93 1843 843 35 60 228
leaf_count=26 254 2589 184 26 302 25 25 71 155 25 28 45 62 41 152 88 42 47 32 164 31 43 27 29 93 1843 843 35 60 228
internal_value=0.000181198 0.000569495 0.000418382 0.000783234 -0.000769857 -0.0018355 -0.00113816 -0.00364162 -0.00488727 -0.003856 -0.0101481 -3.44826e-05 0.00177931 -0.00211167 -0.000740995 -0.00167053 -0.00440541 -0.000378378 -0.00832 -0.000239436 -0.00193878 -0.00132075 -0.000359184 -0.00322667 -0.00495868 -0.000217391 -0.00106622 -0.000870608 -0.00520833 -0.000481343
internal_weight=7615 4431 4177 3196 981 692 607 345 274 249 53 347 289 196 582 430 147 73 74 283 195 105 3184 149 120 3035 1192 1166 95 1071
internal_count=7615 4431 4177 3196 981 692 607 345 274 249 53 347 289 196 582 430 147 73 74 283 195 105 3184 149 120 3035 1192 1166 95 1071
is_linear=0
shrinkage=0.04


Tree=136
num_leaves=31
num_cat=0
split_feature=3 17 8 8 12 18 8 1 8 7 13 7 19 12 7 7 7 14 12 10 8 16 13 12 12 2 17 3 3 7
split_gain=0.886718 0.943674 1.32454 1.00977 0.920619 0.910344 1.45756 1.20092 1.09775 1.65854 1.31619 1.13344 1.32103 3.91826 2.18535 1.14591 2.74414 2.62776 2.00007 1.14821 1.74663 2.19781 1.01168 1.14074 2.73283 0.895674 0.915522 0.901738 0.88448 1.43761
threshold=6.4500000000000011 -0.60355339059327362 10.850000000000003 0.65000000000000002 77.500000000000014 0.37940952255126048 2.9500000000000006 0.8500000000000002 1.9500000000000002 1.5645833333333334 0.55000000000000016 2.7062500000000007 -0.60785761079279388 39.500000000000007 3.0395833333333337 3.4187500000000002 3.885416666666667 198.50000000000003 73.500000000000014 9.4500000000000011 6.0500000000000007 77.500000000000014 7.6500000000000012 59.500000000000007 64.500000000000014 5.2500000000000009 -0.9159756150367534 11.450000000000001 11.050000000000002 12.289583333333335
decision_type=2 2 2 2 2 2 2 2 2 2 2 2 2 2 2 2 2 2 2 2 2 2 2 2 2 2 2 2 2 2
left_child=1 2 3 -1 28 8 7 -7 -3 -10 -11 -12 13 -13 -14 -15 -17 19 -19 20 -18 -22 -16 -24 -25 -6 -27 -28 -2 -30
right_child=4 5 -4 -5 25 6 -8 -9 9 10 11 12 14 15 22 16 17 18 -20 -21 21 -23 23 24 -26 26 27 -29 29 -31
leaf_value=-0.002653217660552514 0.008926487689864428 0.00089972383317583502 -0.0071308204214992586 0.0033625797076129822 0.014168952569781363 0.0015652256469746316 0.0025456595932917382 -0.0024789338072667604 -0.0054671207629420513 0.018596847242743547 0.0020106314410590488 -0.010311268140658315 -0.0048481480213823404 0.0027087546496998879 -1.7695403465852663e-05 -0.011852885654446926 0.0072099340107632248 -0.00083753305308325644 -0.031204326702451768 0.015673737814255535 -0.029919873785190454 -0.0014140951377966946 3.9533003104493106e-05 -0.014607346503389721 0.00017715132219164328 -0.0053092666909128903 -0.0057329633780289196 0.0019887720646652889 -0.003220027942844816 0.017338584568377981
leaf_weight=26 1385 160 32 973 85 80 1078 314 29 72 174 28 84 45 755 25 43 26 27 80 25 29 59 25 35 52 524 266 532 547
leaf_count=26 1385 160 32 973 85 80 1078 314 29 72 174 28 84 45 755 25 43 26 27 80 25 29 59 25 35 52 524 266 532 547
internal_value=0.000191702 -0.000195029 0.000856589 0.001116 0.000673349 -0.000534753 0.000195519 -0.00188354 -0.00115912 -0.00148271 -0.00129941 -0.00156057 -0.00197047 -0.00415805 -0.00121794 -0.0027907 -0.00382812 -0.00242424 -0.0101481 -6.74156e-05 -0.00297959 -0.00770909 -0.000621714 -0.00403333 -0.00786885 -0.000400862 -0.000797153 -0.00045512 0.00107748 0.000218519
internal_weight=7615 4224 1031 999 3391 3193 1472 394 1721 1561 1532 1460 1286 328 958 300 255 230 53 177 97 54 874 119 60 927 842 790 2464 1079
internal_count=7615 4224 1031 999 3391 3193 1472 394 1721 1561 1532 1460 1286 328 958 300 255 230 53 177 97 54 874 119 60 927 842 790 2464 1079
is_linear=0
shrinkage=0.04


Tree=137
num_leaves=31
num_cat=0
split_feature=0 9 5 16 4 7 5 16 5 14 8 7 12 16 4 14 13 11 5 7 6 3 1 4 11 5 16 13 13 4
split_gain=0.944208 1.20969 1.8852 1.75185 0.752694 1.29515 0.623502 0.983116 0.968915 0.869919 0.838551 0.811203 1.38118 2.81506 1.05415 0.757513 1.46014 1.39029 1.02133 1.73042 1.13926 1.90688 1.46709 0.895967 1.10394 0.852336 0.757037 2.36532 0.887413 0.933751
threshold=8.3500000000000032 40.500000000000007 11.15 37.500000000000007 18.450000000000003 13.752083333333337 10.050000000000002 47.500000000000007 10.750000000000002 168.50000000000003 8.1500000000000004 10.88541666666667 32.500000000000007 1597.5000000000002 9.5500000000000025 204.50000000000003 18.850000000000005 22.450000000000003 7.1500000000000012 8.2604166666666696 5.2749999999999986 3.4500000000000006 2.7500000000000004 3.2500000000000004 27.550000000000004 0.65000000000000002 732.50000000000011 7.8500000000000005 1.9500000000000002 2.8500000000000001
decision_type=2 2 2 2 2 2 2 2 2 2 2 2 2 2 2 2 2 2 2 2 2 2 2 2 2 2 2 2 2 2
left_child=4 2 3 -2 6 -6 15 8 -8 -9 -10 12 13 -11 -14 23 17 -17 19 20 21 -19 -23 24 26 -25 28 -28 29 -1
right_child=1 -3 -4 -5 5 -7 7 9 10 11 -12 -13 14 -15 -16 16 -18 18 -20 -21 -22 22 -24 25 -26 -27 27 -29 -30 -31
leaf_value=-0.00042986870519088873 -0.042740737936822849 0.0032123266514671096 0.0019094340536014484 -0.00031691808779528305 -0.0046926653386536749 0.14610595217037461 -0.008051781776980833 0.0032922935967637642 -7.2589838864584898e-05 -0.015946088063475746 -0.0078886103199252086 0.013556733466856399 0.00015707795695124948 0.0028848703606296428 -0.019464147244471191 0.0022690188927395527 -0.0014156557180626669 0.0043396267855752551 0.037794710788937307 -0.013456528810133414 0.006146838558716815 -0.00018949271649383625 -0.017524418683214537 -0.021262500587478587 -0.0099634165288874886 0.00046026376468346659 -0.009317334531456594 -0.00035645519454604625 0.00012221846098175087 -0.0088247659872973169
leaf_weight=222 33 2314 47 38 40 27 34 174 98 25 29 47 159 26 25 1198 30 42 42 38 60 26 37 25 27 1884 25 102 693 48
leaf_count=222 33 2314 47 38 40 27 34 174 98 25 29 47 159 26 25 1198 30 42 42 38 60 26 37 25 27 1884 25 102 693 48
internal_value=0.000191702 0.000841759 -0.00309244 -0.00716667 -0.000113426 -0.00429412 -5.78462e-05 -0.00124919 -0.00392593 -0.000297593 -0.00228125 -0.00166784 -0.00262712 -0.00838462 -0.000994594 0.000105778 0.00084939 0.00103324 -0.00170732 -0.00288235 -0.00108434 -0.00358491 -0.0079375 -0.000256359 -0.00115563 0.000270157 -0.000953254 -0.00384375 -0.000568465 -0.00250922
internal_weight=7615 2432 118 71 5183 67 5116 617 161 456 127 282 235 51 184 4499 1473 1443 245 203 165 105 63 3026 1117 1909 1090 127 963 270
internal_count=7615 2432 118 71 5183 67 5116 617 161 456 127 282 235 51 184 4499 1473 1443 245 203 165 105 63 3026 1117 1909 1090 127 963 270
is_linear=0
shrinkage=0.04


Tree=138
num_leaves=31
num_cat=0
split_feature=0 4 7 9 12 11 7 3 18 14 2 7 10 7 4 3 8 16 8 16 2 7 5 7 14 12 16 8 7 4
split_gain=0.900936 0.766652 1.29515 0.681472 1.40586 1.06431 0.661765 0.620121 1.94589 0.844822 0.809232 0.825875 0.750532 0.715064 0.674611 1.07581 0.617098 1.15752 1.11834 1.41612 0.628835 0.625427 0.603024 1.08573 1.12594 1.23762 3.13395 1.15909 1.24578 0.734617
threshold=8.3500000000000032 18.450000000000003 13.752083333333337 45.500000000000007 67.500000000000014 1.9500000000000002 9.7229166666666682 4.7500000000000009 0.1294095225512602 182.50000000000003 10.15 6.4395833333333341 0.55000000000000016 12.500000000000004 17.250000000000004 21.250000000000004 16.750000000000004 1032.5000000000002 18.950000000000003 137.50000000000003 21.250000000000004 11.189583333333337 9.5500000000000025 10.88541666666667 168.50000000000003 32.500000000000007 1790.0000000000002 8.0500000000000025 7.3729166666666677 5.4500000000000011
decision_type=2 2 2 2 2 2 2 2 2 2 2 2 2 2 2 2 2 2 2 2 2 2 2 2 2 2 2 2 2 2
left_child=1 22 -3 4 6 -6 -2 8 9 -5 -9 -12 13 -13 15 16 -14 18 19 21 -20 -18 29 24 -24 26 -26 -27 -29 -1
right_child=3 2 -4 7 5 -7 -8 10 -10 -11 11 12 14 -15 -16 -17 17 -19 20 -21 -22 -23 23 -25 25 27 -28 28 -30 -31
leaf_value=-0.00019248442468138504 -0.0071315497789241136 -0.0045049587251075277 0.14026171408355961 -0.0071991215119251916 -0.0054297588890473624 0.0014753953225105888 -0.059663010759318319 0.015594724402105686 0.0044111094016692342 -0.024091779218557985 -0.025964266063085519 0.011923982126299528 0.0031649993169205271 -0.033470846058445199 0.027020162900971655 -0.03993686841472463 0.013988246159932747 -0.066228892928640981 0.034485633535221598 -0.04287515849039833 -0.055589903490067254 -0.0043880098059816 0.00029013729987444363 0.012743034488441106 -0.016059309962514198 -0.00036750303797913495 0.003390756807253769 -0.0087815016332100978 -0.010714197630719458 0.0012007932786674094
leaf_weight=2614 25 40 27 30 37 153 25 668 173 26 54 26 526 25 245 29 54 25 199 50 25 37 235 111 29 259 28 34 27 1779
leaf_count=2614 25 40 27 30 37 153 25 668 173 26 54 26 526 25 245 29 54 25 199 50 25 37 235 111 29 259 28 34 27 1779
internal_value=0.000223214 -7.48455e-05 -0.00429412 0.0008582 -0.00116183 0.000418848 -0.00705882 0.0010798 -0.000886956 -0.00729825 0.00130957 0.000725309 0.000937198 -0.00376923 0.0011419 0.000655391 0.000898582 -0.000306905 0.000273224 -0.00250704 0.00202667 0.000478261 -1.87608e-05 -0.0010884 -0.00174878 -0.00310053 -0.00848276 -0.00211838 -0.00703226 0.000157488
internal_weight=7615 5183 67 2432 240 190 50 2192 229 56 1963 1295 1241 51 1190 945 916 390 365 141 224 91 5116 723 612 377 57 320 61 4393
internal_count=7615 5183 67 2432 240 190 50 2192 229 56 1963 1295 1241 51 1190 945 916 390 365 141 224 91 5116 723 612 377 57 320 61 4393
is_linear=0
shrinkage=0.04


Tree=139
num_leaves=31
num_cat=0
split_feature=0 1 14 4 5 14 0 3 5 10 5 20 11 12 13 4 13 20 5 3 1 5 20 5 16 5 13 3 6 5
split_gain=1.02189 1.16196 1.09306 0.708335 1.17201 0.969195 0.940073 0.888443 1.21627 1.90756 1.04493 1.13101 1.28746 0.917205 0.863947 1.52416 1.9198 1.83936 1.42624 0.865585 1.7947 0.941183 0.857209 0.853282 1.85994 2.29796 1.03716 0.906141 0.829833 1.08816
threshold=19.450000000000003 18.650000000000002 201.50000000000003 7.6500000000000012 18.350000000000005 182.50000000000003 12.850000000000003 12.65 9.0500000000000025 3.1500000000000008 4.5500000000000007 1.0000000180025095e-35 21.150000000000002 27.500000000000004 10.050000000000002 9.4500000000000011 14.250000000000002 -0.22252093395631442 6.3500000000000005 4.6500000000000012 7.0500000000000007 10.65 -0.22252093395631442 9.5500000000000025 27.500000000000004 10.550000000000002 18.750000000000004 4.0500000000000007 4.4333333333333327 12.450000000000001
decision_type=2 2 2 2 2 2 2 2 2 2 2 2 2 2 2 2 2 2 2 2 2 2 2 2 2 2 2 2 2 2
left_child=1 3 -3 4 6 -6 23 13 9 10 22 12 -12 -5 19 -16 17 -17 -19 20 21 -15 -9 26 25 -25 -1 -26 -29 -30
right_child=-2 2 -4 7 5 -7 -8 8 -10 -11 11 -13 -14 14 15 16 -18 18 -20 -21 -22 -23 -24 24 27 -27 -28 28 29 -31
leaf_value=0.0001003271776682732 0.031795109186243516 -0.034751102011157602 0.032093857064497362 0.036291941746879323 -0.0043717698677448822 -0.025151260271129409 0.019598786531984557 -0.034351346817342233 0.0051927541877267655 0.0024182496745975544 -0.011075421772179897 -0.039246365072247151 0.00058898866555089785 0.0079835917267172072 0.018868736884383827 -0.0014288245327876313 0.0029297297996359875 -0.020898624855668426 -0.0084451635323744782 0.0058109047266442287 -0.013930231937563433 -0.0042568519559222822 0.013764256331371287 -0.018558541793956787 0.001209605375459297 -0.00035379000391691051 -0.0010517901972543755 -0.0051716898186354478 0.00057332293615911076 -0.0062465827514345028
leaf_weight=3905 283 38 27 318 26 25 218 27 333 122 25 32 33 192 80 41 58 28 26 1073 36 32 26 26 187 41 49 42 169 97
leaf_count=3905 283 38 27 318 26 25 218 27 333 122 25 32 33 192 80 41 58 28 26 1073 36 32 26 26 187 41 49 42 169 97
internal_value=0.000223214 0.000132006 -0.00515151 0.000179967 -0.000104471 -0.00607692 -3.88594e-05 0.000728152 -0.000614357 -0.00263158 -0.00575 -0.00835165 -0.00488136 0.00115438 0.000755584 -0.00148718 -0.00381818 -0.00729167 -0.0120727 0.00114843 -0.00091954 0.000426667 -0.00125926 -0.00016294 -0.00161989 -0.00782353 4.45008e-05 -0.000766129 -0.00209709 -0.00125843
internal_weight=7615 7332 65 7267 4785 51 4734 2482 598 265 143 90 58 1884 1566 233 153 95 54 1333 260 224 53 4516 562 67 3954 495 308 266
internal_count=7615 7332 65 7267 4785 51 4734 2482 598 265 143 90 58 1884 1566 233 153 95 54 1333 260 224 53 4516 562 67 3954 495 308 266
is_linear=0
shrinkage=0.04


Tree=140
num_leaves=31
num_cat=0
split_feature=0 6 0 0 4 7 11 5 19 7 7 7 18 19 9 7 5 7 13 5 2 6 12 13 14 11 7 18 12 7
split_gain=1.05784 0.805822 1.94468 0.77857 1.38242 1.51936 0.972471 1.37073 1.08295 1.10162 2.28286 1.94808 1.32502 0.727228 0.72656 0.640913 0.98478 1.18469 1.69873 1.51409 2.60441 1.22912 1.15154 0.904049 0.866323 0.996567 0.94843 0.905813 1.49128 1.44214
threshold=20.050000000000004 18.791666666666668 17.550000000000004 8.3500000000000032 18.450000000000003 13.577083333333336 13.950000000000001 7.8500000000000005 -0.60785761079279388 8.2020833333333361 7.5312500000000009 11.508333333333335 1.0000000180025095e-35 -1.0000000180025095e-35 40.500000000000007 11.61875 9.9500000000000011 7.3729166666666677 3.4500000000000006 11.450000000000001 6.5500000000000007 6.4749999999999979 32.500000000000007 20.250000000000004 204.50000000000003 22.450000000000003 7.3729166666666677 0.78656609248549303 34.500000000000007 6.0958333333333341
decision_type=2 2 2 2 2 2 2 2 2 2 2 2 2 2 2 2 2 2 2 2 2 2 2 2 2 2 2 2 2 2
left_child=1 3 -3 4 15 -6 7 14 -9 10 -10 13 -13 -11 -5 16 23 22 21 20 -20 -19 -18 24 26 -26 27 -1 -29 -30
right_child=-2 2 -4 6 5 -7 -8 8 9 11 -12 12 -14 -15 -16 -17 17 18 19 -21 -22 -23 -24 -25 25 -27 -28 28 29 -31
leaf_value=-5.817664464247559e-05 0.03431251700072048 0.019975539845981376 -0.033321800318400444 -0.014223552178523682 -0.0045128246500403379 0.13733142597039019 0.008518885159297683 0.0030200600616013878 -0.0067220916305195787 -0.003177437459767311 -0.03151288058175368 -0.024578712094438168 0.015167120920377265 0.016061736457585882 0.01049111350877557 0.011536354848912182 -0.011516708402800706 -0.0013639828314357982 -0.013095243297559674 0.00045175481378713697 0.032198978410147669 -0.011957733633216424 0.00037728223166130163 -0.00087883015587777405 0.0021879549641045412 -0.0025525365008669345 0.010492486709873398 0.021664310096203693 -0.0011535184569488217 -0.020539005676166424
leaf_weight=2028 256 38 30 26 36 34 1126 125 64 27 30 49 25 127 457 130 27 40 53 130 29 45 275 29 1203 237 340 132 382 72
leaf_count=2028 256 38 30 26 36 34 1126 125 64 27 30 49 25 127 457 130 27 40 53 130 29 45 275 29 1203 237 340 132 382 72
internal_value=0.000216757 0.000128488 -0.00417391 0.000169254 -9.03694e-05 -0.0056338 0.000828391 -0.000128894 -0.00172321 -0.00294737 -0.00656842 -0.00143231 -0.00672 0.00113548 0.00134711 -1.39723e-05 -8.60042e-05 -0.00160667 -0.00339597 -0.00146479 -0.00568675 -0.00813953 0.000158416 0.000120253 0.000167463 0.000971548 -0.000224704 -0.000483365 -0.00186712 -0.00295385
internal_weight=7602 7346 68 7278 5222 70 2056 930 447 322 94 228 74 154 483 5152 5022 599 297 212 82 85 302 4423 4394 1440 2954 2614 586 454
internal_count=7602 7346 68 7278 5222 70 2056 930 447 322 94 228 74 154 483 5152 5022 599 297 212 82 85 302 4423 4394 1440 2954 2614 586 454
is_linear=0
shrinkage=0.04


Tree=141
num_leaves=31
num_cat=0
split_feature=1 5 14 5 19 0 0 6 4 3 11 5 17 19 1 7 4 4 5 19 1 4 12 11 17 16 6 11 6 16
split_gain=0.870891 0.813265 1.09243 1.54267 0.942739 1.02514 0.790542 0.731668 0.869132 0.953283 1.43407 0.671809 0.95882 3.72496 0.671673 0.702372 0.634504 1.15902 1.60036 1.2897 1.15717 1.09007 0.839179 0.810438 0.928426 1.78274 1.78139 1.08767 1.06712 0.648899
threshold=12.850000000000003 15.450000000000001 143.50000000000003 15.950000000000001 -0.60785761079279388 11.350000000000003 8.9500000000000011 13.575000000000001 19.750000000000004 20.650000000000002 15.65 12.450000000000001 0.37940952255126054 -0.60785761079279388 14.65 11.300000000000002 7.8500000000000005 9.0500000000000025 1.5500000000000003 -0.60785761079279388 1.6500000000000001 19.250000000000004 25.500000000000004 13.15 -1.0000000180025095e-35 1317.5000000000002 8.875 16.350000000000005 11.125 682.50000000000011
decision_type=2 2 2 2 2 2 2 2 2 2 2 2 2 2 2 2 2 2 2 2 2 2 2 2 2 2 2 2 2 2
left_child=1 16 6 -4 -5 -6 -3 -2 9 11 -11 12 14 -14 15 -9 -1 -18 -19 -20 -21 22 -22 -24 25 26 -25 -26 -28 -29
right_child=7 2 3 4 5 -7 -8 8 -10 10 -12 -13 13 -15 -16 -17 17 18 19 20 21 -23 23 24 27 -27 28 29 -30 -31
leaf_value=-8.1384123896168951e-05 0.026389659188618641 -0.011264257297962184 -0.0081398536553052465 -0.011147559903421138 0.0058143829996068208 -0.0065501034571965886 -0.020247824841305839 0.025555188843093848 0.026798883843342898 0.02455928871235873 -0.040183715793739749 0.01435662765640658 -0.061310761868168813 0.013614863747086514 0.0058007971623317963 -0.021098412790558709 0.012940103618724498 -0.0074148854479240125 0.02141248111967553 -0.0068611971280823116 0.040026544365453644 -0.0085394042430698303 0.0039679306575663015 -0.038006760358602655 -0.01376169384335664 0.001172898070831422 0.022858391103091649 0.022368962151341536 -0.019723420797878696 -0.0046169883197869181
leaf_weight=4612 230 26 25 32 135 31 27 25 182 25 33 206 38 56 143 34 473 41 385 39 134 42 303 33 25 87 27 87 28 38
leaf_count=4612 230 26 25 32 135 31 27 25 182 25 33 206 38 56 143 34 473 41 385 39 134 42 303 33 25 87 27 87 28 38
internal_value=0.000206235 4.22261e-05 -0.00207942 -0.000839286 0.000361809 0.00158084 -0.00718518 0.00132374 0.000710633 -7.13011e-05 -0.00488136 0.000493042 -0.000727273 -0.00404211 0.000827586 -0.00273333 0.000134697 0.000784854 0.000154331 0.000416599 -0.000459715 -0.000129192 0.000220184 -0.000394276 -0.00177914 -0.00375 -0.00773034 0.000529801 -0.00321429 0.00206349
internal_weight=7602 6630 276 223 198 166 53 972 742 560 58 502 296 94 202 59 6354 1742 1269 1228 843 804 762 628 325 175 88 150 55 125
internal_count=7602 6630 276 223 198 166 53 972 742 560 58 502 296 94 202 59 6354 1742 1269 1228 843 804 762 628 325 175 88 150 55 125
is_linear=0
shrinkage=0.04


Tree=142
num_leaves=31
num_cat=0
split_feature=2 4 5 3 11 19 9 3 11 1 7 4 12 7 4 16 5 4 3 1 7 4 5 2 13 2 5 5 19 1
split_gain=0.980703 0.794014 2.0262 0.794797 0.639405 0.611863 1.10896 1.22141 2.06036 0.83192 1.9617 1.98746 2.38843 0.779778 1.35556 0.750085 0.974438 1.54127 0.996009 3.03338 1.31929 2.52345 2.75054 0.905919 2.47411 3.76167 0.891125 2.00967 1.41585 1.17619
threshold=16.050000000000004 18.350000000000005 7.8500000000000005 10.850000000000003 32.550000000000004 -0.60785761079279388 59.500000000000007 3.1500000000000008 8.0500000000000025 5.7500000000000009 5.9395833333333341 2.7500000000000004 84.500000000000014 8.9354166666666686 9.6500000000000004 662.50000000000011 6.8500000000000005 2.4500000000000006 14.15 13.750000000000002 10.533333333333335 10.550000000000002 9.7500000000000018 2.3500000000000001 3.0500000000000003 1.8500000000000003 1.5500000000000003 0.8500000000000002 0.6078576107927941 1.9500000000000002
decision_type=2 2 2 2 2 2 2 2 2 2 2 2 2 2 2 2 2 2 2 2 2 2 2 2 2 2 2 2 2 2
left_child=1 4 -3 -4 5 6 7 8 -1 -9 11 -11 -13 -12 -15 16 17 23 20 -20 21 -18 -23 24 25 -7 27 -17 29 -29
right_child=-2 2 3 -5 -6 15 -8 9 -10 10 13 12 -14 14 -16 26 18 -19 19 -21 -22 22 -24 -25 -26 -27 -28 28 -30 -31
leaf_value=-0.00063666803418347187 0.0071934653572479912 -0.014226664217084468 -0.0015858186372602247 0.014288469943830715 0.019270817906857602 0.0055498441527689155 0.0020110421055941166 0.014143358901429086 -0.021483180388494651 0.0011142124918741886 0.037838273863015963 -0.018808892625434146 -0.028367816312855759 -0.0084584699867453449 0.012132961517088366 0.0046060689914508767 -0.00051100306822244809 0.0026440816887670793 0.01035890088989715 -0.026444538204112533 0.018298728907173361 -0.0051278596253801654 -0.03056607459581831 -0.00013784355247670768 0.001806640651894446 -0.022975947519189181 -0.00056901269186867404 -0.0051579306877007789 -0.01617406674086504 0.00095092457062411384
leaf_weight=66 523 46 30 77 105 33 1436 126 32 33 110 26 27 27 45 57 1142 1612 33 29 247 47 29 429 101 35 1011 27 26 35
leaf_count=66 523 46 30 77 105 33 1436 126 32 33 110 26 27 27 45 57 1142 1612 33 29 247 47 29 429 101 35 1011 27 26 35
internal_value=0.00018519 6.15821e-05 -0.00277922 0.000259259 0.000124729 7.68105e-05 0.000680145 -0.000957403 -0.00492929 4.05065e-05 -0.00121933 -0.00616092 -0.0108889 0.00113661 -0.00208219 -0.000161013 0.0001145 0.000651289 -0.000662304 -0.0055873 -0.000450204 -0.000990976 -0.008 -0.0010818 -0.00355294 -0.0093913 -0.00105099 -0.0039726 -0.00773034 -0.00431746
internal_weight=7602 7079 153 107 6926 6821 1928 492 98 394 268 86 53 182 72 4893 3737 2210 1527 62 1465 1218 76 598 169 68 1156 145 88 62
internal_count=7602 7079 153 107 6926 6821 1928 492 98 394 268 86 53 182 72 4893 3737 2210 1527 62 1465 1218 76 598 169 68 1156 145 88 62
is_linear=0
shrinkage=0.04


Tree=143
num_leaves=31
num_cat=0
split_feature=0 4 7 12 5 3 3 14 10 3 0 2 3 7 4 5 5 20 14 7 12 5 5 0 19 11 17 10 14 7
split_gain=1.10506 1.6264 2.14503 1.04989 1.13966 0.687248 0.76493 1.32856 1.29236 0.570246 0.485983 0.674818 0.678897 1.15926 0.722158 1.11892 0.594119 0.737628 1.63617 2.03686 0.974158 0.810884 0.765643 0.84007 0.590019 0.725642 0.484825 0.45196 0.935562 0.448755
threshold=8.5500000000000025 18.350000000000005 13.577083333333336 81.500000000000014 6.2500000000000009 15.450000000000001 7.6500000000000012 166.50000000000003 9.2500000000000018 11.250000000000002 24.000000000000004 11.350000000000003 3.5500000000000003 6.7062500000000007 7.2500000000000009 14.750000000000002 11.750000000000002 1.0000000180025095e-35 279.50000000000006 11.300000000000002 57.500000000000007 5.1500000000000012 9.8500000000000032 9.5500000000000025 0.6078576107927941 17.050000000000004 0.91597561503675362 10.15 176.50000000000003 13.285416666666668
decision_type=2 2 2 2 2 2 2 2 2 2 2 2 2 2 2 2 2 2 2 2 2 2 2 2 2 2 2 2 2 2
left_child=1 29 -3 10 27 6 26 8 -8 -9 11 12 13 -2 15 -14 17 22 19 21 -21 -19 23 -13 -18 -26 -6 -5 -29 -1
right_child=3 2 -4 4 5 -7 7 9 -10 -11 -12 16 14 -15 -16 -17 24 18 -20 20 -22 -23 -24 -25 25 -27 -28 28 -30 -31
leaf_value=-5.6328861052234586e-05 0.013919507874930426 -0.0033562461818065158 0.13161523155320981 0.019174502936578752 0.0014116006081573832 0.0077280856832815728 -0.005813727423083853 -0.0062477107499744299 -0.0096656479499923238 0.0025456544106000922 0.13638125557845782 -0.0074164421132415373 0.012219748645038376 -0.022347051529874439 0.066622104857663206 -0.016817289338519545 0.016034882633054869 -0.046396022904380045 0.035668610298023172 -0.060105817170535127 -0.020032274415129798 0.032683640867500821 -0.013152320157678412 0.019176491872150783 -0.015038009322245135 0.0039289770182331617 -0.0020194416322727453 -0.0091936224923102345 0.022269066332852465 0.05327433029407292
leaf_weight=5209 65 38 38 82 48 71 45 37 25 32 132 27 346 25 380 25 282 32 48 25 33 60 45 189 25 66 42 34 52 44
leaf_count=5209 65 38 38 82 48 71 45 37 25 32 132 27 346 25 380 25 282 32 48 25 33 60 45 189 25 66 42 34 52 44
internal_value=0.000164146 -0.000150844 -0.00592208 0.000902375 -0.000784648 -0.00225914 -0.00332174 -0.00517143 -0.00901408 -0.0012 0.00133998 0.00115412 0.00195249 -0.00131868 0.00234574 0.00108602 0.000345738 -0.000617391 -0.00245226 -0.00450331 -0.0103051 -0.000774193 0.000778626 0.00176959 0.00152941 -0.00126087 -0.00043956 0.00184615 -0.000183908 -6.62351e-05
internal_weight=7602 5329 76 2273 468 300 229 139 70 69 1805 1673 841 90 751 371 832 459 198 150 58 92 261 216 373 91 90 168 86 5253
internal_count=7602 5329 76 2273 468 300 229 139 70 69 1805 1673 841 90 751 371 832 459 198 150 58 92 261 216 373 91 90 168 86 5253
is_linear=0
shrinkage=0.04


Tree=144
num_leaves=31
num_cat=0
split_feature=8 3 5 1 16 9 8 17 12 5 13 8 7 13 7 5 10 14 5 5 4 13 7 7 4 5 6 4 10 10
split_gain=0.748523 0.80501 1.33325 1.30036 0.567496 0.54349 0.500694 0.90634 0.83105 1.14434 0.764905 0.612693 0.656258 0.568556 0.721399 1.1317 1.63343 0.980319 0.718483 0.955356 0.966899 0.666963 0.787838 0.99561 0.657252 1.32373 0.847699 0.745297 0.936274 0.686489
threshold=20.450000000000003 18.250000000000004 7.7500000000000009 18.250000000000004 1257.5000000000002 122.50000000000001 11.65 0.91597561503675362 81.500000000000014 5.1500000000000012 2.8500000000000001 14.250000000000002 5.6812500000000012 5.9500000000000011 2.4104166666666673 3.3500000000000001 8.5500000000000025 103.50000000000001 0.8500000000000002 1.1500000000000001 4.2500000000000009 20.250000000000004 1.8500000000000003 1.9750000000000003 12.250000000000002 4.7500000000000009 4.1916666666666655 14.850000000000003 1.4500000000000002 6.1500000000000012
decision_type=2 2 2 2 2 2 2 2 2 2 2 2 2 2 2 2 2 2 2 2 2 2 2 2 2 2 2 2 2 2
left_child=1 5 -3 -4 -2 6 13 11 9 -9 -10 -8 -13 14 15 16 17 -1 -15 20 -20 22 -21 -24 29 -26 -27 28 -28 -25
right_child=4 2 3 -5 -6 -7 7 8 10 -11 -12 12 -14 18 -16 -17 -18 -19 19 21 -22 -23 23 24 25 26 27 -29 -30 -31
leaf_value=-0.0086813724469201829 0.025889173569851709 -0.03273590467454026 0.016051139404181052 -0.032803250228467973 -0.055943779840265412 0.034324030623234775 0.012501247309146072 -0.032495528102456442 -0.00011036008588800838 0.0054400671912352072 -0.0075467287237122403 -0.0066094261870072732 0.0020562657088465642 0.0049299022991739858 0.00037508457269025213 0.0041262571729722072 -0.0097668824613138683 -2.6921060932332776e-05 -0.0026581830402736882 0.0029361917061587702 -0.00199977507066139 -0.00080696394209296869 -0.004898094902613905 5.5029801193005621e-05 -0.0041653960975701915 -0.0045913758405147732 0.01271565238068806 0.022215835193149808 -0.019471139319194659 -0.0012158625856399361
leaf_weight=49 352 39 88 25 25 58 482 27 25 146 27 36 530 82 3539 49 31 191 42 60 25 30 25 1225 34 33 25 64 25 213
leaf_count=49 352 39 88 25 25 58 482 27 25 146 27 36 530 82 3539 49 31 191 42 60 25 30 25 1225 34 33 25 64 25 213
internal_value=0.00013784 4.70525e-05 -0.00282353 -0.000596491 0.00187302 0.000109132 7.69671e-05 0.000794349 -0.00150442 -0.000160919 -0.00588679 0.00128885 0.000395062 -8.21869e-05 0.000195855 -0.00161994 -0.00263235 -0.00149378 -0.000651805 -0.00081909 -0.00547059 -0.000636311 -0.000530205 -0.000695441 -0.00057037 -0.00283516 -0.00116216 0.000486957 -0.00313725 -0.00028353
internal_weight=7602 7225 152 113 377 7073 7015 1273 225 173 52 1048 566 5742 3859 320 271 240 1883 1801 67 1734 1704 1644 1619 181 147 114 50 1438
internal_count=7602 7225 152 113 377 7073 7015 1273 225 173 52 1048 566 5742 3859 320 271 240 1883 1801 67 1734 1704 1644 1619 181 147 114 50 1438
is_linear=0
shrinkage=0.04


Tree=145
num_leaves=31
num_cat=0
split_feature=6 14 20 2 2 11 8 19 8 16 7 11 2 4 6 3 20 8 10 14 7 4 0 14 16 7 11 20 14 14
split_gain=0.841922 0.470624 0.873473 0.546488 0.521759 1.29686 0.615101 0.763309 0.702524 1.45036 0.465268 2.20043 1.23577 2.03034 1.0328 0.827209 0.783944 0.977548 2.29308 3.23727 0.992698 1.55258 1.69001 0.879396 0.861352 0.843325 0.824157 0.775035 1.43207 1.03239
threshold=22.483333333333338 345.50000000000006 -0.56174490092936669 4.2500000000000009 20.650000000000002 14.750000000000002 18.750000000000004 -0.8783796973249266 18.050000000000004 137.50000000000003 3.9145833333333337 30.750000000000004 5.1500000000000012 2.6500000000000008 5.2333333333333298 3.0500000000000003 0.81174490092936691 5.0500000000000007 4.9500000000000011 207.50000000000003 9.0729166666666696 7.4500000000000011 6.6500000000000012 75.500000000000014 67.500000000000014 5.7854166666666673 -5.8499999999999988 -0.56174490092936669 216.50000000000003 112.50000000000001
decision_type=2 2 2 2 2 2 2 2 2 2 2 2 2 2 2 2 2 2 2 2 2 2 2 2 2 2 2 2 2 2
left_child=1 4 3 -3 6 -6 8 -8 10 -10 11 12 15 14 -14 27 23 18 19 -18 -19 -22 -23 24 -12 -25 -27 29 -29 -1
right_child=-2 2 -4 -5 5 -7 7 -9 9 -11 16 -13 13 -15 -16 -17 17 20 -20 -21 21 22 -24 25 -26 26 -28 28 -30 -31
leaf_value=-0.0091604221408867186 0.024764926211260144 -0.014965275395271673 0.015409093955982894 0.018994441975640725 0.016651586924464633 -0.061833092670267029 -0.0037446812032774163 0.033552473670716169 0.061416942941321252 -0.035371565200635828 -0.005865876363005864 -0.012596296439726175 -0.0043396652432273137 -0.010482153125530918 0.0014855827965012571 0.00064592124164487223 -0.015946334322048158 0.0012585560261480042 0.0046970245900673779 2.9746512911877738e-05 -0.025364625628253458 -0.025929700105009605 0.001602958007666023 0.0012323100721213485 0.032648798724574921 0.040242717312680948 -0.00023483071244745365 -0.00025352788587227552 0.011875724192455297 -0.00049907939627900357
leaf_weight=68 185 26 178 30 30 34 38 255 34 30 35 32 27 46 98 502 38 357 59 38 25 28 153 1322 468 76 2406 577 207 257
leaf_count=68 185 26 178 30 30 34 38 255 34 30 35 32 27 46 98 502 38 357 59 38 25 28 153 1322 468 76 2406 577 207 257
internal_value=0.000244909 0.000178729 0.00194043 -0.00238596 0.00012153 -0.00344615 0.000153825 0.00194558 7.72808e-05 -0.00406154 0.000116716 -0.000431956 -0.000242288 -0.00346512 -0.000793651 0.000101737 0.000315621 -0.000927038 -0.00397059 -0.00851948 -0.000191489 -0.00239614 -0.00107692 0.000517177 0.0020873 0.000309067 -0.000125654 -0.000508108 0.000173249 -0.00214724
internal_weight=7659 7474 234 56 7240 64 7176 293 6883 64 6819 1814 1782 171 125 1611 5005 698 135 76 563 206 181 4307 503 3804 2482 1109 784 325
internal_count=7659 7474 234 56 7240 64 7176 293 6883 64 6819 1814 1782 171 125 1611 5005 698 135 76 563 206 181 4307 503 3804 2482 1109 784 325
is_linear=0
shrinkage=0.04


Tree=146
num_leaves=31
num_cat=0
split_feature=1 5 20 5 10 10 13 10 12 8 7 5 14 13 7 14 14 2 0 9 3 9 12 9 9 3 5 20 2 2
split_gain=0.639571 0.577987 0.924397 1.11836 1.2551 1.50916 1.22137 0.9053 0.56203 0.521516 0.551524 1.54039 1.75122 0.657112 0.477202 1.5187 1.25688 1.19837 1.26148 1.93893 0.882194 0.762099 1.0512 0.578211 0.556278 0.771675 1.21817 0.998437 0.503487 0.54671
threshold=23.250000000000004 16.550000000000004 1.0000000180025095e-35 27.350000000000005 5.6500000000000012 9.1500000000000004 3.7500000000000004 4.0500000000000007 40.500000000000007 27.250000000000004 12.183333333333335 8.7500000000000018 146.50000000000003 3.4500000000000006 9.7916666666666679 213.50000000000003 339.50000000000006 13.750000000000002 8.3500000000000032 88.500000000000014 12.450000000000001 113.50000000000001 14.500000000000002 44.500000000000007 62.500000000000007 12.750000000000002 4.6500000000000012 1.0000000180025095e-35 12.250000000000002 11.550000000000002
decision_type=2 2 2 2 2 2 2 2 2 2 2 2 2 2 2 2 2 2 2 2 2 2 2 2 2 2 2 2 2 2
left_child=1 9 7 4 8 -6 -7 -3 -4 10 14 12 -12 -14 20 23 17 18 19 -17 21 22 -1 -16 -25 -26 -27 -28 29 -24
right_child=-2 2 3 -5 5 6 -8 -9 -10 -11 11 -13 13 -15 15 16 -18 -19 -20 -21 -22 -23 28 24 25 26 27 -29 -30 -31
leaf_value=-0.018320885445257503 0.03031687824386305 -0.020808896881670366 -0.0023499026191738741 0.0061160406371072052 -0.020991340349536043 -0.026660514106600287 0.013527280831641803 0.0089146267078779214 0.015632462180314853 -0.062543756675787363 -0.027052763327419873 0.042201366951870628 -0.0059901608576244337 0.0078524881368100402 -0.0093605673449914575 -0.00026733788382165733 0.051126363050982206 -0.033711080624635681 0.012661550112037796 -0.015983131243045089 0.029150179665320686 0.011077679432774615 0.00015888983950602373 0.011147134563039817 0.0081853314801898884 0.0081289691328614543 -0.0015073502008788734 -0.020645534084849031 0.0098183666368970874 -0.0087641287965374518
leaf_weight=27 176 30 28 49 29 50 28 130 39 25 44 349 25 52 25 36 28 35 56 33 142 141 5440 108 203 33 43 45 125 85
leaf_count=27 176 30 28 49 29 50 28 130 39 25 44 349 25 52 25 36 28 35 56 33 142 141 5440 108 203 33 43 45 125 85
internal_value=0.000244909 0.000188669 -0.00132292 -0.00298214 -0.00448 -0.00714815 -0.0041519 0.000993789 -0.00017647 0.000270385 0.000291125 0.00161359 -0.00226229 0.00138462 0.000196791 -0.000835913 -0.00385185 -0.00521739 -0.00333333 -0.00691429 0.000308673 0.000232342 0.000159916 0.00041048 0.000757506 -7.3846e-05 -0.00259016 -0.00503371 0.000198195 0.000141151
internal_weight=7659 7483 383 223 174 107 78 160 67 7100 7075 470 121 77 6605 645 188 160 125 69 5960 5818 5677 457 432 324 121 88 5650 5525
internal_count=7659 7483 383 223 174 107 78 160 67 7100 7075 470 121 77 6605 645 188 160 125 69 5960 5818 5677 457 432 324 121 88 5650 5525
is_linear=0
shrinkage=0.04


Tree=147
num_leaves=31
num_cat=0
split_feature=4 5 17 5 14 4 12 6 2 2 14 14 9 11 11 16 17 11 20 13 14 11 16 9 12 11 4 11 9 20
split_gain=0.729727 0.705587 1.26942 1.50217 0.860534 0.783559 0.695014 0.595707 1.13717 1.43177 1.12113 1.832 1.08178 0.738937 0.696073 1.95949 0.66337 1.97369 1.92937 0.734522 0.686577 1.03135 1.24129 0.993469 0.852915 0.843546 0.753358 1.11877 1.21444 1.5866
threshold=19.750000000000004 17.650000000000002 -1.0000000180025095e-35 19.650000000000002 165.50000000000003 18.650000000000002 79.500000000000014 6.3583333333333325 6.1500000000000012 6.6500000000000012 193.50000000000003 176.50000000000003 78.500000000000014 -5.8499999999999988 25.550000000000004 2612.5000000000005 -0.60355339059327362 21.750000000000004 -0.22252093395631442 17.650000000000002 184.50000000000003 9.7500000000000018 372.50000000000006 78.500000000000014 15.500000000000002 10.15 5.2500000000000009 2.7500000000000004 64.500000000000014 -0.22252093395631442
decision_type=2 2 2 2 2 2 2 2 2 2 2 2 2 2 2 2 2 2 2 2 2 2 2 2 2 2 2 2 2 2
left_child=1 5 4 6 -3 7 -4 8 16 10 11 -10 -12 -9 15 -15 17 19 -19 -1 21 22 26 -24 -23 -22 -18 -28 -29 -30
right_child=-2 2 3 -5 -6 -7 -8 13 9 -11 12 -13 -14 14 -16 -17 20 18 -20 -21 25 24 23 -25 -26 -27 27 28 29 -31
leaf_value=0.0075665768507009491 0.011314364712407751 -0.022834851218812825 -0.0012370660404148427 0.03444212881851675 -0.00905263772159892 -0.0083637923583423299 -0.031023231731989828 0.043212564443928833 -0.0068213673955194792 0.0026714335293482484 0.006547135032854751 -0.011301125805314408 -0.0057363283619823206 0.00077685709254063319 0.019018573583206317 -0.0099923872690112821 -0.00015431998519671404 -0.012532878665966479 -2.1910057233985247e-05 -0.00059217958746921203 0.0010364440607158144 -0.0075475098351600054 -0.0031034396636566964 -0.0056869656132684625 0.0017480645951985236 -0.0004766525536470376 0.011260749510621153 -0.030728059428034436 0.0069072321259630318 -0.010287681346493792
leaf_weight=921 281 43 39 102 42 44 26 109 52 106 40 29 28 2556 306 28 631 49 99 27 716 33 49 70 522 550 56 31 37 37
leaf_count=921 281 43 39 102 42 44 26 109 52 106 40 29 28 2556 306 28 631 49 99 27 716 33 49 70 522 550 56 31 37 37
internal_value=0.000286684 0.000210327 -0.00186561 0.000166667 -0.00581395 0.000283991 -0.00454545 0.00031738 2.93844e-06 -0.00257812 -0.00509333 -0.0082439 -0.00127536 0.000745333 0.000622622 0.000408511 0.000175503 0.00100638 -0.00327517 0.00167756 -0.000158068 -0.000747103 -0.00157456 -0.00536667 0.000611511 0.000524073 -0.000998739 -0.0034321 -0.00584906 -0.00298667
internal_weight=7659 7378 252 167 85 7126 65 7082 4083 255 149 81 68 2999 2890 2584 3828 1096 148 948 2732 1466 911 119 555 1266 792 161 105 74
internal_count=7659 7378 252 167 85 7126 65 7082 4083 255 149 81 68 2999 2890 2584 3828 1096 148 948 2732 1466 911 119 555 1266 792 161 105 74
is_linear=0
shrinkage=0.04


Tree=148
num_leaves=31
num_cat=0
split_feature=7 5 20 3 13 17 14 4 10 0 1 11 11 14 5 1 10 0 16 10 11 1 1 5 5 5 7 5 8 8
split_gain=0.728965 0.816642 0.995486 1.3036 1.20023 0.745779 0.552894 1.19577 0.882197 0.504384 1.05508 0.670038 0.773335 0.690366 0.778055 1.09769 1.01374 1.12371 0.967636 1.27583 1.24832 0.666307 0.949053 1.52611 0.656388 1.11239 0.6083 0.518563 0.510026 1.0317
threshold=14.312500000000002 16.550000000000004 0.81174490092936691 12.15 3.5500000000000003 0.91597561503675362 159.50000000000003 15.850000000000003 0.8500000000000002 8.5500000000000025 8.8500000000000032 14.550000000000002 -5.8499999999999988 256.50000000000006 8.3500000000000032 14.15 9.9500000000000011 15.15 47.500000000000007 7.3500000000000005 11.350000000000003 15.450000000000001 16.650000000000002 10.350000000000003 4.0500000000000007 8.8500000000000032 7.0895833333333336 14.750000000000002 10.950000000000001 9.9500000000000011
decision_type=2 2 2 2 2 2 2 2 2 2 2 2 2 2 2 2 2 2 2 2 2 2 2 2 2 2 2 2 2 2
left_child=1 9 3 5 -4 -3 7 -2 -9 10 -1 12 -11 14 16 18 -14 28 -16 -20 -21 27 23 -23 -12 -26 -15 -13 29 -18
right_child=6 2 4 -5 -6 -7 -8 8 -10 11 24 21 13 26 15 -17 17 -19 19 20 -22 22 -24 -25 25 -27 -28 -29 -30 -31
leaf_value=0.00011702289334414256 -0.024308535392050908 0.0064367140669110501 -0.042625637583344658 -0.0020723360286278567 -0.0081512538127392273 -0.0040133386598101475 0.047132259612110733 -0.0088520743467603909 0.014621391165819094 0.050631572101775338 0.0024685359777151614 0.021749447411349085 0.017295590475198332 -0.013594043373842851 -0.00036344349310620021 0.0039942193036275296 0.0052045457796576194 -0.0045836715178169387 0.0048544853509248772 -0.032057942880249567 -0.0056387474273364548 -0.046044957652465676 0.020736640984320195 0.049158176809995631 -0.010412840715948895 0.00017602344692733624 -0.00086766231012338699 -0.0013248568700250749 0.0088544166362740182 -0.015592940666161171
leaf_weight=5061 33 105 25 45 25 28 311 34 129 76 32 660 204 28 128 60 34 25 41 38 30 33 81 27 56 40 28 48 153 41
leaf_count=5061 33 105 25 45 25 28 311 34 129 76 32 660 204 28 128 60 34 25 41 38 30 33 81 27 56 40 28 48 153 41
internal_value=0.000323238 0.000219209 -0.002131 -0.000715084 -0.00705882 0.00128358 0.0017874 0.000121828 0.00153659 0.000296895 9.94221e-05 0.000887097 0.000117249 -0.000246609 7.41723e-05 -0.00151678 0.00110917 -0.000582677 -0.0027395 -0.00549091 -0.00881159 0.00168941 -0.000816901 -0.00459016 -0.00347287 -0.0051134 -0.00449123 0.002189 0.000314411 -0.00236842
internal_weight=7659 7152 228 178 50 133 507 196 163 6924 5189 1735 886 810 754 297 457 253 237 109 68 849 141 60 128 96 56 708 228 75
internal_count=7659 7152 228 178 50 133 507 196 163 6924 5189 1735 886 810 754 297 457 253 237 109 68 849 141 60 128 96 56 708 228 75
is_linear=0
shrinkage=0.04


Tree=149
num_leaves=31
num_cat=0
split_feature=0 5 20 5 13 1 0 10 18 9 13 11 10 20 5 10 12 9 10 7 16 9 3 10 4 9 11 10 9 10
split_gain=0.686784 0.733837 1.54352 1.59332 1.34998 0.965878 1.01571 0.814653 0.536081 0.52 1.07877 0.405206 0.909477 2.98028 0.530295 0.909698 0.579615 0.853787 0.668669 0.932095 0.663379 0.90098 1.13231 1.35308 1.21908 2.03486 1.47944 1.26971 0.944985 1.72655
threshold=27.850000000000005 17.250000000000004 1.0000000180025095e-35 19.050000000000004 3.7500000000000004 13.450000000000001 9.6500000000000004 4.5500000000000007 -0.70710678118654757 113.50000000000001 13.15 -2.6499999999999999 5.1500000000000012 1.0000000180025095e-35 3.2500000000000004 14.550000000000002 18.500000000000004 101.50000000000001 0.75000000000000011 7.1354166666666679 762.50000000000011 78.500000000000014 3.1500000000000008 5.3500000000000005 2.3500000000000001 62.500000000000007 -1.0000000180025095e-35 7.7500000000000009 72.500000000000014 5.2500000000000009
decision_type=2 2 2 2 2 2 2 2 2 2 2 2 2 2 2 2 2 2 2 2 2 2 2 2 2 2 2 2 2 2
left_child=1 9 7 4 -4 6 -5 -3 -7 11 -11 12 13 -1 15 16 17 -13 19 -18 21 22 23 -20 26 -26 -25 -28 -24 -30
right_child=-2 2 3 5 -6 8 -8 -9 -10 10 -12 14 -14 -15 -16 -17 18 -19 20 -21 -22 -23 28 24 25 -27 27 -29 29 -31
leaf_value=0.0030502883131664875 0.048139767106919112 -0.0087318165319382 -0.041734433693336195 -0.0011371671991654143 -0.0016211281167303768 -0.013132668835246494 -0.014567597207011604 0.035513511269933573 0.013675623357792786 0.024394313617543472 -0.0067471947239635711 -0.017043958845898873 0.011874991046130476 -0.0093148965783356498 0.00031085879159751465 -0.019297602547045659 0.029949096083451844 0.00048281204962179777 0.00083472904573015294 -0.00098634329599584934 -0.0046676654533407734 0.0021966289260880413 0.00095859164281411917 0.001982795544726833 -0.012044236579521897 0.0033868203544064569 -0.01506975888284335 -0.0020229549598255949 0.00048038200334031051 -0.022289167033797512
leaf_weight=89 135 30 28 36 32 29 30 99 51 184 25 31 352 32 4696 27 129 27 157 59 253 298 484 32 49 95 45 38 59 28
leaf_count=89 135 30 28 36 32 29 30 99 51 184 25 31 352 32 4696 27 129 27 157 59 253 298 484 32 49 95 45 38 59 28
internal_value=0.000271018 0.000220067 -0.00160714 -0.00374879 -0.00918033 -0.00146939 -0.00501493 0.00181538 0.00148148 0.000305424 0.00226667 0.000246383 0.00137553 -0.00160656 0.000164106 -0.000417218 -0.000304762 -0.00420339 -0.000171395 0.00207407 -0.000447043 -7.77603e-05 -0.000659919 -0.0022446 -0.00401538 -0.00154483 -0.00706897 -0.00985714 0.000496504 -0.00331818
internal_weight=7659 7524 335 206 60 146 66 129 80 7189 209 6980 473 121 6507 1811 1784 58 1726 188 1538 1285 987 416 259 144 115 83 571 87
internal_count=7659 7524 335 206 60 146 66 129 80 7189 209 6980 473 121 6507 1811 1784 58 1726 188 1538 1285 987 416 259 144 115 83 571 87
is_linear=0
shrinkage=0.04


Tree=150
num_leaves=31
num_cat=0
split_feature=0 5 10 20 10 7 0 1 1 18 19 1 7 11 4 9 9 7 4 7 7 4 7 12 9 2 9 12 7 5
split_gain=0.772464 0.761103 1.21492 1.06042 1.39516 1.87376 0.901912 0.888718 1.69018 1.1795 0.698018 1.28044 0.954618 2.32068 1.38589 1.9058 0.990907 1.88592 2.6631 0.867127 0.790276 0.716532 1.61276 2.04949 1.935 1.27965 0.869466 0.934509 0.786123 0.909215
threshold=27.850000000000005 16.550000000000004 0.8500000000000002 1.0000000180025095e-35 5.3500000000000005 10.88541666666667 3.2500000000000004 10.350000000000003 13.350000000000003 -0.9159756150367534 -0.60785761079279388 18.950000000000003 4.6812500000000012 21.350000000000005 5.2500000000000009 73.500000000000014 53.500000000000007 9.0062500000000032 10.850000000000003 4.4687500000000009 5.9729166666666673 12.750000000000002 10.88541666666667 79.500000000000014 93.500000000000014 5.9500000000000011 116.50000000000001 14.500000000000002 10.533333333333335 9.5500000000000025
decision_type=2 2 2 2 2 2 2 2 2 2 2 2 2 2 2 2 2 2 2 2 2 2 2 2 2 2 2 2 2 2
left_child=1 10 -3 6 -5 -6 -4 -7 -9 -10 11 12 13 14 19 -16 17 20 -19 -1 -14 26 24 -24 25 -23 27 -12 29 -29
right_child=-2 2 3 4 5 7 -8 8 9 -11 21 -13 16 -15 15 -17 -18 18 -20 -21 -22 22 23 -25 -26 -27 -28 28 -30 -31
leaf_value=0.00085040707420634774 0.051432219813584812 -0.0089083154363869387 -0.014925433293083788 0.0091053502124265901 -0.020864396368326855 0.024495725745655256 0.018128228138270346 -0.02052454683478545 -0.045206139307869979 0.0046729884789408222 -0.017454266489942537 -0.030886931156938965 -0.01370125331268234 -0.01361675465886238 -0.013352631410918183 0.0051478319921281334 0.0080944740989950699 -0.04965088165189175 0.017993456807533791 -0.0058546423078786811 0.041230697617787956 0.00557715318606322 0.0033573300944554551 -0.0058924674718460078 -0.03156729469031027 -0.029902719688255242 0.028412602428031453 0.00012804163182987359 0.013334947915785052 -0.0014535171628178242
leaf_weight=561 136 25 25 56 25 25 132 28 25 56 28 32 41 51 41 31 1083 35 28 42 84 43 319 36 44 40 89 3665 192 618
leaf_count=561 136 25 25 56 25 25 132 28 25 56 28 32 41 51 41 31 1083 35 28 42 84 43 319 36 44 40 89 3665 192 618
internal_value=0.000118371 6.39916e-05 -0.00163819 -0.00105094 -0.00287037 -0.004775 0.00144304 -0.00284444 -0.0044 -0.00141463 0.000159347 0.000786207 0.000914915 -0.000242091 0.000384616 -0.00482192 0.00157547 -0.00110053 -0.0066875 0.00101325 0.00174603 -9.14284e-05 -0.00155694 -0.000168539 -0.00540625 -0.0017619 6.27043e-05 -1.50975e-05 3.12781e-05 -8.12323e-05
internal_weight=7636 7500 397 372 215 159 157 134 109 81 7103 2029 1997 726 675 72 1271 188 63 603 125 5074 482 355 127 83 4592 4503 4475 4283
internal_count=7636 7500 397 372 215 159 157 134 109 81 7103 2029 1997 726 675 72 1271 188 63 603 125 5074 482 355 127 83 4592 4503 4475 4283
is_linear=0
shrinkage=0.04


Tree=151
num_leaves=31
num_cat=0
split_feature=8 16 5 4 11 12 3 19 1 0 8 4 17 14 14 11 9 1 9 12 19 12 18 6 3 10 11 3 14 4
split_gain=0.689342 0.994154 0.809675 1.26486 1.7704 0.872793 1.36306 0.744142 1.15133 1.21172 1.22367 1.07656 1.56416 1.41096 1.7249 1.58327 2.18345 0.994223 0.871374 0.862065 0.780464 1.38973 3.90658 1.58217 0.90615 1.14176 1.13924 0.9046 0.728682 1.05092
threshold=18.950000000000003 1302.5000000000002 16.550000000000004 6.9500000000000011 16.450000000000003 77.500000000000014 10.850000000000003 -0.60785761079279388 15.750000000000002 8.3500000000000032 11.350000000000003 13.15 1.0000000180025095e-35 264.50000000000006 45.500000000000007 24.050000000000004 70.500000000000014 8.7500000000000018 116.50000000000001 14.500000000000002 -0.8783796973249266 35.500000000000007 0.25881904510252057 8.0750000000000011 3.4500000000000006 7.1500000000000012 0.95000000000000007 2.4500000000000006 172.50000000000003 2.9500000000000006
decision_type=2 2 2 2 2 2 2 2 2 2 2 2 2 2 2 2 2 2 2 2 2 2 2 2 2 2 2 2 2 2
left_child=2 -2 7 4 -4 -5 -7 8 9 10 20 18 13 14 -13 16 -16 -17 19 -9 21 22 -1 -23 25 28 -27 -28 29 -22
right_child=1 -3 3 5 -6 6 -8 11 -10 -11 -12 12 -14 -15 15 17 -18 -19 -20 -21 24 23 -24 -25 -26 26 27 -29 -30 -31
leaf_value=-0.011955361457433427 0.015735658850990143 -0.084229523398822059 -0.0024260303878621083 0.0010027136473391574 -0.013998975134010638 -0.017284514484807837 -0.00036261880923367046 -0.016597800024451988 -0.052281439908351476 0.014077644883468932 -0.0060133474307152426 0.012161668913717815 0.0028960460685284262 0.0063229603151473144 -0.0044043805982060006 0.030141327656147236 -0.041020640606448604 -0.026704881166932738 0.026831793963883209 7.1280450096086087e-06 0.0095867054926561997 0.0014201963089166994 0.0010812952253628481 -0.014074739262302826 0.0062408566458772505 0.00062834202911212617 -0.0036669091171184793 -0.011130574293685651 0.0086140787522276593 -0.0050107335248484918
leaf_weight=34 454 29 40 164 31 25 48 29 34 447 31 41 134 78 39 27 38 25 88 4414 43 587 73 49 391 26 25 25 122 45
leaf_count=34 454 29 40 164 31 25 48 29 34 447 31 41 134 78 39 27 38 25 88 4414 43 587 73 49 391 26 25 25 122 45
internal_value=0.000134084 0.00159504 3.52252e-05 -0.00196764 -0.00661111 -0.000554622 -0.00416216 0.000125621 0.000790481 0.000922591 0.000360882 -0.000135938 -0.00217232 -0.00404819 -0.00608187 -0.00833846 -0.0119487 -0.00286792 3.61873e-05 -4.23041e-05 0.000534835 -0.000360215 -0.00455556 0.000351648 0.00151622 -0.000195122 -0.00436364 -0.00784314 0.00132701 -0.0014382
internal_weight=7636 483 7153 308 71 237 73 6845 1932 1898 1451 4913 382 248 170 129 77 52 4531 4443 1420 743 107 636 677 286 76 50 210 88
internal_count=7636 483 7153 308 71 237 73 6845 1932 1898 1451 4913 382 248 170 129 77 52 4531 4443 1420 743 107 636 677 286 76 50 210 88
is_linear=0
shrinkage=0.04


Tree=152
num_leaves=31
num_cat=0
split_feature=0 8 19 7 11 7 11 6 17 11 8 9 4 6 14 7 1 7 1 2 4 19 14 16 6 17 7 10 10 16
split_gain=0.679808 0.678856 0.472866 1.03037 2.11609 1.17498 1.26431 3.248 1.17181 2.25858 1.07432 1.03836 1.00001 0.818552 0.779456 0.69534 1.18529 0.994829 1.6805 1.04595 0.982048 1.68025 1.45723 1.19587 1.01452 1.46504 1.37144 0.921147 1.23111 1.80945
threshold=25.150000000000002 25.650000000000002 -0.60785761079279388 4.6812500000000012 21.350000000000005 3.3812500000000005 11.550000000000002 3.3499999999999956 0.91597561503675362 19.650000000000002 1.7500000000000002 76.500000000000014 6.1500000000000012 4.0333333333333341 181.50000000000003 6.7062500000000007 3.4500000000000006 3.1562500000000004 5.8500000000000005 10.750000000000002 2.3500000000000001 -1.0000000180025095e-35 177.50000000000003 282.50000000000006 1.6499999999999966 0.12940952255126045 2.7062500000000007 0.65000000000000002 3.9500000000000006 167.50000000000003
decision_type=2 2 2 2 2 2 2 2 2 2 2 2 2 2 2 2 2 2 2 2 2 2 2 2 2 2 2 2 2 2
left_child=1 2 3 4 5 -1 12 -8 -5 11 -6 -10 13 -7 -15 17 27 18 20 -19 22 23 24 -22 -4 -26 -27 -17 -29 -30
right_child=-2 -3 15 8 10 6 7 -9 9 -11 -12 -13 -14 14 -16 16 -18 19 -20 -21 21 -23 -24 -25 25 26 -28 28 29 -31
leaf_value=0.0022141536547007905 0.045849024480922547 -0.095563237624869402 0.0035568140817274639 0.0070036161739242741 -0.00014824726493607178 0.0054043177604598024 -0.0091880004359521407 0.00092586113691111519 0.0035580486029031183 -0.035143129448342074 -0.018763544039379406 -0.011915660170894873 -0.021053834694139299 0.0011010223273808185 -0.0063839328970648115 -0.0072725398948155729 -0.00045043076170256645 0.0010208768418196916 -0.0099714939028358925 -0.026784866016420241 0.0013947463774443467 0.0028307481762331224 0.00016006728841191976 -0.008080562042121724 -0.01486186095341346 0.0047418990059242732 -0.0055449668045879407 0.0012699636446088301 -0.00024880236433600235 -0.032614816133315266
leaf_weight=360 158 27 35 1198 25 98 25 37 116 30 26 25 32 63 63 31 2045 2221 31 48 26 308 269 29 59 52 43 81 50 25
leaf_count=360 158 27 35 1198 25 98 25 37 116 30 26 25 32 63 63 31 2045 2221 31 48 26 308 269 29 59 52 43 81 50 25
internal_value=0.000128847 7.38068e-05 9.71553e-05 0.000606003 -0.000608219 -1.17819e-05 -0.00178056 -0.00685714 0.00125255 -0.00183721 -0.00838462 0.000309859 -0.000529183 0.000426667 -0.00170079 -0.000102353 -0.00064129 0.000283152 -0.000881594 0.000720705 -0.000530413 0.00102198 -0.00176035 -0.00535714 -0.00444211 -0.00583226 -0.00270833 -0.00368085 -0.0023949 -0.00605263
internal_weight=7636 7478 7451 2098 729 678 318 62 1369 171 51 141 256 224 126 5353 2232 3121 852 2269 821 363 458 55 189 154 95 187 156 75
internal_count=7636 7478 7451 2098 729 678 318 62 1369 171 51 141 256 224 126 5353 2232 3121 852 2269 821 363 458 55 189 154 95 187 156 75
is_linear=0
shrinkage=0.04


Tree=153
num_leaves=31
num_cat=0
split_feature=6 2 11 8 14 14 12 12 13 6 15 16 5 4 12 4 9 12 13 20 1 10 16 17 4 6 8 16 11 5
split_gain=0.622181 0.640487 1.22448 0.510185 1.24976 0.740168 1.08948 1.23248 0.684742 0.623315 0.827564 0.831167 0.758815 1.04267 1.25822 0.685773 0.619189 1.21679 1.77501 1.13036 1.47702 1.04353 1.6042 1.01564 1.4796 1.18187 0.904434 1.35535 1.9961 1.96432
threshold=22.483333333333338 20.650000000000002 14.750000000000002 2.6500000000000008 11.500000000000002 43.500000000000007 73.500000000000014 79.500000000000014 18.750000000000004 3.4666666666666655 1.2500000000000002 17.500000000000004 6.2500000000000009 4.7500000000000009 45.500000000000007 2.6500000000000008 59.500000000000007 81.500000000000014 0.8500000000000002 0.81174490092936691 10.050000000000002 6.1500000000000012 237.50000000000003 0.25881904510252091 7.7500000000000009 5.3499999999999979 5.4500000000000011 1427.5000000000002 5.9500000000000011 5.7500000000000009
decision_type=2 2 2 2 2 2 2 2 2 2 2 2 2 2 2 2 2 2 2 2 2 2 2 2 2 2 2 2 2 2
left_child=1 3 -3 4 -1 6 -5 -8 9 12 11 -11 15 -14 -15 -7 17 18 -13 23 -21 22 -20 -19 25 -25 27 28 -18 -30
right_child=-2 2 -4 5 -6 8 7 -9 -10 10 -12 16 13 14 -16 -17 26 19 21 20 -22 -23 -24 24 -26 -27 -28 -29 29 -31
leaf_value=-0.0071844692551964393 0.013952962572387675 0.012511935734530352 -0.046368729316762385 0.028704123441109588 -0.00013495367205287615 0.0002832591640932551 -0.023218199859676963 0.0036553672576301595 -0.0015987373344181508 0.0085884084312307634 -0.0085017478537338341 -0.019889293681749905 0.0019148128597182002 -0.0090654785686763127 -0.00013730783845455487 0.014214528044617892 0.00030844995448888135 0.0017597320339292032 -0.022081526054463053 -0.0086082502031658414 -0.0010544377153023478 0.001547219399741493 0.00037413770077069307 -0.0075341442045005706 -0.0082656978464142935 -0.00034622360854814357 0.00045801480472678436 0.019751053288613152 -0.0053322437937760869 -0.014390759658776325
leaf_weight=27 181 28 38 385 1169 291 26 45 33 333 47 44 137 34 90 411 250 152 42 28 25 666 64 48 38 178 2495 106 124 101
leaf_count=27 181 28 38 385 1169 291 26 45 33 333 47 44 137 34 90 411 250 152 42 28 25 666 64 48 38 178 2495 106 124 101
internal_value=0.000128847 7.2425e-05 -0.0038209 0.000107713 -0.000648287 0.000253794 0.00180306 -0.00272222 0.000130359 0.000164067 -2.44621e-05 2.89671e-05 0.00109129 -0.000748091 -0.003392 0.00177525 -0.000118294 -0.000855365 7.83355e-05 -0.0024766 -0.00792593 0.000527814 -0.00314019 -0.00176499 -0.00326038 -0.00200881 0.000189795 -0.00123024 -0.00214286 -0.00486726
internal_weight=7636 7455 66 7389 1196 6193 456 71 5737 5704 4741 4694 963 261 124 702 4361 1285 816 469 53 772 106 416 264 226 3076 581 475 225
internal_count=7636 7455 66 7389 1196 6193 456 71 5737 5704 4741 4694 963 261 124 702 4361 1285 816 469 53 772 106 416 264 226 3076 581 475 225
is_linear=0
shrinkage=0.04


Tree=154
num_leaves=31
num_cat=0
split_feature=1 3 8 14 13 11 10 16 11 3 16 2 2 2 14 10 11 6 3 14 14 12 20 11 10 13 10 0 11 10
split_gain=0.537863 0.492629 0.509589 1.26192 0.770683 0.661969 0.604721 1.9562 0.625294 1.06612 0.883144 1.89749 0.678784 0.73711 0.643856 0.876399 0.817322 0.765256 0.898677 0.636548 0.976949 1.15765 0.574804 0.519855 0.496565 0.74373 0.496127 0.474346 0.459126 1.07081
threshold=38.300000000000004 37.20000000000001 2.7500000000000004 11.500000000000002 18.750000000000004 33.350000000000001 8.7500000000000018 32.500000000000007 3.8500000000000001 2.8500000000000001 37.500000000000007 1.7500000000000002 2.3500000000000001 3.6500000000000008 184.50000000000003 6.2500000000000009 9.2500000000000018 2.0249999999999972 1.2500000000000002 168.50000000000003 186.50000000000003 32.500000000000007 1.0000000180025095e-35 6.5500000000000007 1.1500000000000001 12.750000000000002 0.95000000000000007 1.1500000000000001 -3.8499999999999992 4.2500000000000009
decision_type=2 2 2 2 2 2 2 2 2 2 2 2 2 2 2 2 2 2 2 2 2 2 2 2 2 2 2 2 2 2
left_child=1 2 3 -1 5 28 8 -8 9 10 11 -5 14 19 15 16 17 18 -10 23 -21 -22 -20 -14 25 -16 -15 -12 29 -4
right_child=-2 -3 4 6 -6 -7 7 -9 12 -11 27 -13 13 26 24 -17 -18 -19 22 20 21 -23 -24 -25 -26 -27 -28 -29 -30 -31
leaf_value=-0.006897090484988583 0.050803910592100411 -0.0065602327694870566 -0.0026482093255002998 0.0014625290061877647 -0.0016279037143900289 0.035360069574515297 0.00052332411813889302 -0.0099684434730863327 0.0034579269071606696 0.0044367942944298702 -0.0018915106235062723 -0.014219770085422197 -0.018409133173983249 -0.0022056572993300865 -0.0025747727172742334 -0.0016307000198304974 0.0037053299741495759 0.0064924132517756583 -0.0050402654530328096 -0.010432625629040591 -0.010219528917429652 5.9371313947150064e-06 -0.016652442385393453 0.0023374096584419368 0.0045454456658586958 0.0030012570529783095 0.0014126060436855275 0.0046120250902204826 0.00013941145647681542 0.017078499084397573
leaf_weight=27 95 25 37 46 32 78 46 30 27 153 26 34 34 28 36 26 88 25 42 26 28 51 38 63 112 56 98 120 5840 269
leaf_count=27 95 25 37 46 32 78 46 30 27 153 26 34 34 28 36 26 88 25 42 26 28 51 38 63 112 56 98 120 5840 269
internal_value=0.000149797 0.000111907 0.000130903 -0.000602696 0.000278728 0.000311004 -0.000411669 -0.00384416 -0.000183074 0.00114737 -0.000599119 -0.00395062 -0.000831836 -0.00221277 0.000177384 -0.00119838 -0.000361991 -0.00234586 -0.00381481 -0.00370443 -0.00584906 -0.00355 -0.00592593 -0.00134694 0.00183415 -0.000344086 0.000188977 0.0012517 0.000264194 0.00177199
internal_weight=7636 7541 7516 1260 6256 6224 1233 76 1157 379 226 80 778 328 450 246 220 132 107 202 105 79 80 97 204 92 126 146 6146 306
internal_count=7636 7541 7516 1260 6256 6224 1233 76 1157 379 226 80 778 328 450 246 220 132 107 202 105 79 80 97 204 92 126 146 6146 306
is_linear=0
shrinkage=0.04


Tree=155
num_leaves=31
num_cat=0
split_feature=7 17 16 9 11 11 3 13 20 16 9 19 4 3 9 7 3 14 14 9 5 2 5 4 10 4 11 3 19 10
split_gain=0.66803 0.482518 0.95035 0.733925 0.490416 0.462084 0.503029 1.14652 2.61893 2.70906 0.922136 1.13215 0.98068 1.31288 0.963153 0.829051 1.60555 1.62337 0.833564 0.715064 0.673831 0.621724 0.708304 0.87286 1.02288 1.09078 0.613659 0.784494 0.731062 0.872799
threshold=13.164583333333335 0.12940952255126045 232.50000000000003 60.500000000000007 29.950000000000003 32.550000000000004 10.65 10.250000000000002 -0.22252093395631442 1552.5000000000002 41.500000000000007 -0.60785761079279388 12.450000000000001 15.450000000000001 88.500000000000014 7.9104166666666673 11.65 193.50000000000003 292.50000000000006 78.500000000000014 11.250000000000002 8.2500000000000018 12.65 7.3500000000000005 14.950000000000001 4.9500000000000011 3.8500000000000001 7.9500000000000011 1.0000000180025095e-35 10.450000000000001
decision_type=2 2 2 2 2 2 2 2 2 2 2 2 2 2 2 2 2 2 2 2 2 2 2 2 2 2 2 2 2 2
left_child=5 2 3 -2 -4 6 21 10 -9 -10 20 -12 15 14 -14 16 17 -13 -17 -20 -8 -1 26 24 25 -24 27 28 29 -23
right_child=1 -3 4 -5 -6 -7 7 8 9 -11 11 12 13 -15 -16 18 -18 -19 19 -21 -22 22 23 -25 -26 -27 -28 -29 -30 -31
leaf_value=1.4300623037165823e-05 0.00023109341816141809 0.038725482781504776 0.039069710575192762 -0.01728214209783932 -0.0033095062018845258 0.02789756415533505 -0.047218636405416882 0.0043442162846289859 -0.005726968399588566 -0.0091453874526593731 0.014801400283884242 -0.058427052449028322 -0.021377496575133548 0.0052146138960350863 -0.010663109502619724 0.0033156662715295077 0.0016536498125951011 -0.00038334737122373613 0.0052723380419554371 -0.036932316560367683 -9.1006061937737321e-06 -0.020046799297811807 0.0010994576265526365 0.015489275990196541 0.014204345728340007 -0.014574453061801803 0.017976623592333624 0.0028164757762042239 0.04245316772662644 -0.0016975824275401929
leaf_weight=4913 80 296 197 46 39 101 25 52 27 26 228 28 30 36 38 269 31 32 26 25 25 27 25 63 26 32 611 149 39 50
leaf_count=4913 80 296 197 46 39 101 25 52 27 26 228 28 30 36 38 269 31 32 26 25 25 27 25 63 26 32 611 149 39 50
internal_value=0.000227578 0.00144461 0.00046281 -0.00233071 0.00195781 0.000111896 7.19931e-05 -0.000809788 -0.00471698 -0.0108889 -0.000287153 6.98926e-05 -0.000968992 -0.00441905 -0.00765217 -8.73785e-05 -0.00343478 -0.00721311 0.000872274 -0.00376923 -0.0054902 0.000205526 0.00110264 -0.00146939 -0.00414286 -0.00710345 0.0015325 -7.51878e-05 -0.00252991 -0.00476923
internal_weight=7592 658 362 126 236 6934 6833 898 105 53 793 743 515 104 68 411 91 60 320 51 50 5935 1022 146 83 57 876 265 116 77
internal_count=7592 658 362 126 236 6934 6833 898 105 53 793 743 515 104 68 411 91 60 320 51 50 5935 1022 146 83 57 876 265 116 77
is_linear=0
shrinkage=0.04


Tree=156
num_leaves=31
num_cat=0
split_feature=12 8 4 13 12 10 9 2 3 5 10 4 12 5 11 12 9 9 2 8 13 9 2 18 19 5 4 13 5 19
split_gain=0.517931 0.950517 1.16212 0.947663 1.25416 0.890236 0.875341 0.83333 0.783895 1.16522 1.11538 1.07395 1.0581 0.996884 0.882937 0.849908 1.01868 0.686305 0.670628 0.651669 1.42275 1.12143 1.48867 0.76881 1.47934 1.73428 1.2787 1.37749 1.19812 2.15909
threshold=77.500000000000014 3.9500000000000006 6.0500000000000007 1.7500000000000002 80.500000000000014 17.150000000000002 79.500000000000014 2.8500000000000001 12.450000000000001 17.250000000000004 13.950000000000001 7.8500000000000005 89.500000000000014 8.4500000000000011 2.0500000000000003 84.500000000000014 75.500000000000014 72.500000000000014 2.3500000000000001 3.3500000000000001 18.750000000000004 107.50000000000001 2.2500000000000004 -0.12940952255126037 0.6078576107927941 3.2500000000000004 13.250000000000002 4.8500000000000005 7.2500000000000009 0.87837969732492682
decision_type=2 2 2 2 2 2 2 2 2 2 2 2 2 2 2 2 2 2 2 2 2 2 2 2 2 2 2 2 2 2
left_child=5 3 6 4 -2 19 7 18 9 10 11 12 13 17 -12 16 -13 -4 -3 21 23 -1 -23 24 -21 -26 27 -27 -29 -30
right_child=1 2 8 -5 -6 -7 -8 -9 -10 -11 14 15 -14 -15 -16 -17 -18 -19 -20 20 -22 22 -24 -25 25 26 -28 28 29 -31
leaf_value=-0.0001246048913706451 -0.023774767754239284 0.0020173135261691562 0.0368420323567029 0.0015707403402719644 -0.00026806916516011726 0.035017713077837624 -0.0044335350268026258 0.00066071302947396412 0.00019585233531781862 -0.017149741952040026 -0.0078571073716378094 -0.003988347791245077 -0.020295218721468281 -0.0028167078311386764 -0.0040864973435348947 0.015364874395334731 0.037912614361831735 -0.018161025510968657 -0.008919662495868029 0.00080099760004658882 -0.0045523584359834744 -0.0041068382371664946 -0.00084213093785005485 0.0036339687212405781 -0.047901843290703794 0.0019900786802036687 -0.059905237182924287 0.016705017999353877 0.0017874213365202186 -0.017376338036681763
leaf_weight=1033 26 33 60 569 196 129 47 825 189 45 25 59 33 47 29 106 27 26 38 1168 29 25 30 2362 48 246 35 36 33 38
leaf_count=1033 26 33 60 569 196 129 47 825 189 45 25 59 33 47 29 106 27 26 38 1168 29 25 30 2362 48 246 35 36 33 38
internal_value=0.00016963 -0.000319193 -0.000883019 0.000813131 -0.0013991 0.000392864 1.2712e-05 0.000294315 -0.00218856 -0.00308297 -0.00240194 -0.00158217 -0.00392814 -0.00229851 -0.00770909 0.000455959 -0.00248276 0.000275862 -0.00383333 0.000309205 0.000545546 -0.00055831 -0.00607143 0.000611041 -6.47974e-05 -0.00205034 -0.00115167 -0.000418079 -0.00418518 -0.00716667
internal_weight=7592 2380 1589 791 222 5212 943 896 646 457 412 358 166 133 54 192 86 86 71 5083 3995 1088 55 3966 1604 436 388 353 107 71
internal_count=7592 2380 1589 791 222 5212 943 896 646 457 412 358 166 133 54 192 86 86 71 5083 3995 1088 55 3966 1604 436 388 353 107 71
is_linear=0
shrinkage=0.04


Tree=157
num_leaves=31
num_cat=0
split_feature=7 4 0 12 8 8 4 7 20 7 5 11 10 11 5 16 9 10 19 4 5 5 12 0 7 4 12 16 8 9
split_gain=0.527213 1.36979 0.985074 0.560836 0.517699 0.479519 0.463427 0.614361 0.881592 1.74566 0.730731 0.712453 0.61896 0.605142 0.543196 1.11312 1.54693 1.08433 1.9114 1.70324 1.68132 1.37174 0.874241 0.804424 0.767651 1.6951 0.73721 0.643959 1.19612 0.888528
threshold=14.312500000000002 19.350000000000005 21.450000000000003 75.500000000000014 20.450000000000003 20.450000000000003 1.5500000000000003 2.4104166666666673 -0.56174490092936669 1.9187500000000004 2.9500000000000006 32.550000000000004 4.9500000000000011 -1.5499999999999998 9.6500000000000004 227.50000000000003 104.50000000000001 8.6500000000000004 0.6078576107927941 10.550000000000002 17.950000000000003 9.9500000000000011 87.500000000000014 16.250000000000004 6.8312500000000007 7.5500000000000007 78.500000000000014 37.500000000000007 17.550000000000004 40.500000000000007
decision_type=2 2 2 2 2 2 2 2 2 2 2 2 2 2 2 2 2 2 2 2 2 2 2 2 2 2 2 2 2 2
left_child=1 2 4 -2 6 -5 -1 8 9 -8 12 14 -10 -14 23 17 -17 18 20 -20 24 -19 -23 27 -16 26 -26 29 -29 -9
right_child=3 -3 -4 5 -6 -7 7 11 10 -11 -12 -13 13 -15 15 16 -18 21 19 -21 -22 22 -24 -25 25 -27 -28 28 -30 -31
leaf_value=0.00059301317362887656 0.035637882863272831 -0.0040296110830242982 -0.049909608141681508 -0.0071277600484835491 0.029409068848359168 0.0048892336626937356 0.0022829755604803054 -0.0084130613198318081 0.0025163679826010433 -0.016925988566846892 -0.00707051997634739 0.031859295003460214 0.0028858510643815032 -0.0047855244211721486 0.0023988115416146778 0.0020491532744328074 -0.0043615759976269501 -0.015121106409257375 -0.001512184095923642 -0.04087750128381009 -0.019950180060442604 0.0010921250155549959 -0.015291657402359648 -0.0048376415387143051 -0.0016746951450343612 0.0017863256279093763 -0.0060086550772581408 0.00011744072069354576 -0.03901091496381822 0.0036603852418047129
leaf_weight=543 392 28 39 50 111 50 47 35 105 47 45 96 29 45 63 387 43 37 52 26 26 452 43 50 34 95 27 3491 30 1074
leaf_count=543 392 28 39 50 111 50 47 35 105 47 45 96 29 45 63 387 43 37 52 26 26 452 43 50 34 95 27 3491 30 1074
internal_value=0.000211774 0.000123926 0.00015948 0.00147667 0.000195053 -0.00118812 0.00015138 5.57995e-05 -0.00165517 -0.00488421 -0.000284444 0.000145827 0.000866667 -0.00192 9.05131e-05 -0.000637636 0.00102088 -0.00147196 -0.0032963 -0.00870886 -0.00154472 -0.000360225 0.000201613 0.000290536 -0.000381818 -0.00188535 -0.00703226 0.000345498 8.06361e-05 0.00118559
internal_weight=7592 7100 7072 492 7033 100 6922 6379 318 94 224 6061 179 74 5965 1285 430 855 323 78 245 532 495 4680 219 156 61 4630 3521 1109
internal_count=7592 7100 7072 492 7033 100 6922 6379 318 94 224 6061 179 74 5965 1285 430 855 323 78 245 532 495 4680 219 156 61 4630 3521 1109
is_linear=0
shrinkage=0.04


Tree=158
num_leaves=31
num_cat=0
split_feature=7 4 18 4 14 7 1 5 12 7 13 14 5 7 10 6 19 9 17 3 2 13 9 11 14 19 7 6 17 7
split_gain=0.569304 0.976343 0.461044 0.643254 0.851908 0.755158 0.933532 1.36088 1.1284 0.933033 1.05705 0.913562 1.02173 0.86711 0.67703 1.10722 0.832558 0.858635 1.18047 0.552594 0.496029 0.536867 0.493069 0.48947 0.485022 0.51561 1.00242 0.454521 0.699357 0.90322
threshold=14.312500000000002 19.350000000000005 -0.78656609248549325 1.7500000000000002 243.50000000000003 6.5062500000000014 4.9500000000000011 7.0500000000000007 69.500000000000014 9.6562500000000018 3.9500000000000006 173.50000000000003 10.950000000000001 4.3020833333333339 4.6500000000000012 3.1499999999999968 1.0000000180025095e-35 60.500000000000007 1.0000000180025095e-35 15.350000000000003 9.9500000000000011 2.9500000000000006 54.500000000000007 -0.34999999999999992 116.50000000000001 0.6078576107927941 8.5562500000000021 6.7999999999999963 0.91597561503675362 5.7520833333333341
decision_type=2 2 2 2 2 2 2 2 2 2 2 2 2 2 2 2 2 2 2 2 2 2 2 2 2 2 2 2 2 2
left_child=1 2 3 4 -1 6 14 13 -9 24 11 -11 -13 -8 15 -5 17 18 -16 -12 21 23 -14 -15 -7 -26 -27 28 29 -4
right_child=-2 -3 27 5 -6 9 7 8 -10 10 19 12 22 20 16 -17 -18 -19 -20 -21 -22 -23 -24 -25 25 26 -28 -29 -30 -31
leaf_value=0.001592492508836661 0.0080633285445957121 -0.0038684266397033284 0.00077285375145878799 1.7687423979359804e-05 -0.001089323311798602 -0.002745673834415846 -0.0091450423028149735 -0.035630253576636822 -0.00012692942197608132 -0.020232494191255068 0.022063579159904475 -0.011147237366011295 0.018061975470124107 0.015645730786111218 0.0022934851851778505 -0.0089675913895992804 0.0051172366392720535 0.0051402527408413445 -0.017438874242535679 -0.0017840367776390731 -0.023801214695175085 0.016936060278846626 -0.0092073496793052857 -0.0069119337981765677 0.023040787497974193 0.0039737138981142421 -0.019019665369911821 0.0013953788700249289 -0.00048508506520653701 -0.00053516298360335236
leaf_weight=212 492 28 2214 70 25 25 39 44 32 43 56 25 37 29 34 38 114 70 30 38 30 60 28 56 270 51 29 1939 515 919
leaf_count=212 492 28 2214 70 25 25 39 44 32 43 56 25 37 29 34 38 114 70 30 38 30 60 28 56 270 51 29 1939 515 919
internal_value=0.000243382 0.000152091 0.000182101 -0.000444145 0.00146218 -0.000807045 -0.0017558 -0.00343643 -0.008 0.000212272 -0.00180702 -0.00408955 -0.00175824 -0.00178605 -0.000380952 -0.00300917 0.000771084 -0.00136296 -0.00467692 0.00143158 -0.000568182 0.000410959 0.000909091 -0.00162791 0.00143617 0.00182336 -0.000987654 0.000348604 8.5503e-05 0.000310147
internal_weight=7592 7100 7072 1485 237 1248 646 290 76 602 227 133 90 214 356 108 248 134 64 94 175 145 65 85 375 350 80 5587 3648 3133
internal_count=7592 7100 7072 1485 237 1248 646 290 76 602 227 133 90 214 356 108 248 134 64 94 175 145 65 85 375 350 80 5587 3648 3133
is_linear=0
shrinkage=0.04


Tree=159
num_leaves=31
num_cat=0
split_feature=7 4 11 4 16 5 11 5 8 7 3 9 14 8 3 4 16 4 17 13 4 4 13 7 13 13 20 2 3 6
split_gain=0.47329 0.693746 0.563193 0.475854 0.532767 0.894913 0.475186 0.409518 1.13429 1.53043 1.36024 1.21833 0.893974 0.833106 0.902179 1.28728 1.13856 1.11775 0.956401 2.26099 0.823825 1.46157 1.35313 1.65582 1.11087 0.774183 1.01183 1.01136 0.911783 0.723808
threshold=13.164583333333335 18.750000000000004 9.5500000000000025 1.4500000000000002 27.500000000000004 4.2500000000000009 32.550000000000004 6.9500000000000011 3.2500000000000004 6.9229166666666684 6.9500000000000011 107.50000000000001 315.50000000000006 2.2500000000000004 4.7500000000000009 7.9500000000000011 147.50000000000003 9.4500000000000011 0.60355339059327384 0.95000000000000007 10.550000000000002 7.9500000000000011 4.5500000000000007 10.533333333333335 12.750000000000002 4.7500000000000009 0.81174490092936691 7.6500000000000012 6.2500000000000009 4.7000000000000002
decision_type=2 2 2 2 2 2 2 2 2 2 2 2 2 2 2 2 2 2 2 2 2 2 2 2 2 2 2 2 2 2
left_child=1 3 -2 4 5 -1 7 8 9 11 -11 -5 13 -9 15 -15 17 -17 19 -16 21 25 23 -22 -24 26 -21 28 -27 -20
right_child=2 -3 -4 6 -6 -7 -8 12 -10 10 -12 -13 -14 14 18 16 -18 -19 29 20 22 -23 24 -25 -26 27 -28 -29 -30 -31
leaf_value=-0.0050411370376739614 -0.00047109761736297494 -0.0022686089068945114 0.011273485028124353 -0.00014885026909843281 0.0011184380873108188 0.0030245176978356192 0.025331016897871636 0.0027064979961614086 0.0011633461919148991 9.9074566710350163e-05 -0.022724960026287478 -0.0065761771040790482 0.012920465900028873 -0.0014018454477041499 -0.0079583094583504637 -0.019777891635731522 -0.0014026945077059599 -0.0092398944055724543 -0.008924785615262356 0.0033018347343641979 -0.031473606462293753 0.017232201985045503 0.024680980990793095 -0.018857969970741292 -0.0075172395789023187 -0.010618049408836898 -0.010230008935668658 -0.00068387228297264551 -0.0065912558987748547 0.0016553628002939952
leaf_weight=49 54 27 604 1004 397 29 101 147 2810 28 34 33 120 477 56 25 54 28 25 270 34 256 109 53 34 40 53 92 44 505
leaf_count=49 54 27 604 1004 397 29 101 147 2810 28 34 33 120 477 56 25 54 28 25 270 34 256 109 53 34 40 53 92 44 505
internal_value=0.000238114 0.000140736 0.00126252 0.000166184 0.00138655 -0.00162025 7.5859e-05 3.22175e-05 0.000285422 -0.000803636 -0.00685714 -0.000435453 -0.000376393 -0.000552323 -0.000751391 -0.00209231 -0.00603704 -0.0101481 -0.000251908 -0.000955854 -0.000507099 0.000132275 -0.0025974 -0.0065 -0.000194444 -0.001128 3.70372e-05 -0.00325424 -0.0064 0.00112994
internal_weight=7592 6934 658 6907 475 78 6432 6331 3909 1099 62 1037 2422 2302 2155 584 107 53 1571 1041 985 755 230 87 143 499 323 176 84 530
internal_count=7592 6934 658 6907 475 78 6432 6331 3909 1099 62 1037 2422 2302 2155 584 107 53 1571 1041 985 755 230 87 143 499 323 176 84 530
is_linear=0
shrinkage=0.04


Tree=160
num_leaves=31
num_cat=0
split_feature=11 10 16 20 11 1 3 5 8 16 16 8 3 20 16 2 4 5 2 16 4 7 17 11 6 11 1 0 11 8
split_gain=0.56915 0.941315 1.87898 0.554452 0.519058 0.510713 0.588633 0.458915 0.927701 1.03438 2.08563 1.05324 1.06047 1.36704 1.03144 0.62297 1.03781 0.441396 0.556023 1.20189 0.761523 0.738072 0.641543 0.744696 1.38262 1.47021 0.976939 2.57011 0.710931 0.638514
threshold=-3.8499999999999992 4.9500000000000011 117.50000000000001 -0.56174490092936669 -5.8499999999999988 41.600000000000001 36.550000000000004 15.050000000000002 17.150000000000002 257.50000000000006 92.500000000000014 10.950000000000001 12.050000000000002 1.0000000180025095e-35 157.50000000000003 18.650000000000002 17.050000000000004 12.950000000000001 11.450000000000001 2252.5000000000005 3.3500000000000001 6.9229166666666684 -0.60355339059327362 17.150000000000002 2.3999999999999964 29.950000000000003 10.850000000000003 11.450000000000001 21.550000000000004 16.450000000000003
decision_type=2 2 2 2 2 2 2 2 2 2 2 2 2 2 2 2 2 2 2 2 2 2 2 2 2 2 2 2 2 2
left_child=1 2 -1 4 -3 6 7 17 9 10 11 -9 13 -13 -12 -10 -17 18 22 20 -20 -22 -2 26 25 28 -24 -28 -25 -26
right_child=5 3 -4 -5 -6 -7 -8 8 15 -11 14 12 -14 -15 -16 16 -18 -19 19 -21 21 -23 23 24 29 -27 27 -29 -30 -31
leaf_value=-0.008496946135314775 0.0018571174697449512 0.034617129956674257 0.035849507916990292 0.025659221128554656 -0.0040063055397445155 0.062737629558452856 -0.011432475468765198 0.0024176700296188918 0.043561752697917913 0.00089183255836927406 -0.019973865542812677 0.0033054190356914905 0.0021520005767357657 -0.0173547497343912 -0.011306029729490822 -0.031967697259054642 0.036529651783353087 0.001541767515458263 0.01382969365098809 -0.0094409687962709824 -0.049285606393082979 -0.0014228028596805543 -7.5866188477166662e-05 -0.0025678858858978553 0.0063822569697216227 -0.015126951247233272 -0.029118177112674261 0.003833824063193856 0.012895228428250536 -0.010484819585041468
leaf_weight=27 1603 35 62 223 28 75 29 73 98 143 34 25 46 29 33 42 34 301 55 27 28 612 2779 44 925 29 35 88 44 28
leaf_count=27 1603 35 62 223 28 75 29 73 98 143 34 25 46 29 33 42 34 301 55 27 28 612 2779 44 925 29 35 88 44 28
internal_value=0.000237852 0.00175532 -0.00182222 0.00287108 -0.0004375 0.000159229 0.000124704 0.000148128 -0.000953405 -0.00205208 -0.00365145 -0.00131034 -0.0039604 -0.00770909 -0.00958823 0.00146286 -0.00124675 0.000241249 0.000169578 -0.000874135 -0.000545977 -0.000936037 0.000304878 3.22176e-05 0.000933707 -0.00315254 -0.000300379 -0.00377419 -0.000539326 0.00143816
internal_weight=7634 375 89 286 63 7259 7184 7155 557 383 240 173 100 54 67 174 76 6598 6297 722 695 640 5575 3972 1070 117 2902 123 88 953
internal_count=7634 375 89 286 63 7259 7184 7155 557 383 240 173 100 54 67 174 76 6598 6297 722 695 640 5575 3972 1070 117 2902 123 88 953
is_linear=0
shrinkage=0.04


Tree=161
num_leaves=31
num_cat=0
split_feature=11 10 16 20 11 0 8 18 8 4 1 14 16 6 8 12 8 7 13 9 4 12 11 8 17 8 7 7 14 8
split_gain=0.610362 0.770889 1.47326 0.554452 0.519058 0.496704 0.603217 0.368642 0.685975 0.981384 0.919468 1.03919 0.783647 0.500609 1.05482 1.73632 1.14575 0.691594 1.31418 1.25047 0.572867 0.530419 0.970915 0.496944 0.959808 0.468737 0.587616 1.45166 0.783148 0.465763
threshold=-3.8499999999999992 4.9500000000000011 117.50000000000001 -0.56174490092936669 -5.8499999999999988 27.850000000000005 27.500000000000004 -0.78656609248549325 7.6500000000000012 0.65000000000000002 8.0500000000000025 185.50000000000003 52.500000000000007 8.7583333333333346 11.65 79.500000000000014 10.250000000000002 9.6562500000000018 2.7500000000000004 56.500000000000007 7.4500000000000011 67.500000000000014 13.850000000000003 17.150000000000002 0.25881904510252091 2.4500000000000006 3.885416666666667 3.2583333333333337 134.50000000000003 8.5500000000000025
decision_type=2 2 2 2 2 2 2 2 2 2 2 2 2 2 2 2 2 2 2 2 2 2 2 2 2 2 2 2 2 2
left_child=1 2 -1 4 -3 6 7 8 9 -2 11 29 -13 -12 15 20 -17 21 19 -19 -15 22 -16 24 -20 -11 27 -27 -28 -10
right_child=5 3 -4 -5 -6 -7 -8 -9 10 25 13 12 -14 14 17 16 -18 18 23 -21 -22 -23 -24 -25 -26 26 28 -29 -30 -31
leaf_value=-0.0081570682899021855 -0.0011028496588520113 0.033232444758407288 0.034415527600310671 0.024632852283412467 -0.0038460533181547325 0.04026786315448426 -0.057568142384165633 0.00038761979917058335 -0.0029084002417790523 0.0018433073199234534 0.012152844471417084 -0.0035515991556272219 -0.023825968350558686 -0.0089208404558524385 -0.018348334975631788 -0.0074982108852100562 -0.019197945158894343 -0.0055177715822188533 0.056138426776298954 -0.01825866993594439 0.011953137234711865 0.032017449829167183 0.054404928061661806 0.036368823588471925 -0.0088269277956909333 0.00053424076717953177 -0.0061125688008528993 -0.016991912869116995 0.0018007749784667512 0.0015777549624653082
leaf_weight=27 36 35 62 223 28 125 35 5656 29 176 89 40 28 38 39 27 29 41 41 25 32 106 36 73 27 111 39 48 300 33
leaf_count=27 36 35 62 223 28 125 35 5656 29 176 89 40 28 38 39 27 29 41 41 25 32 106 36 73 27 111 39 48 300 33
internal_value=0.000290242 0.0018617 -0.00137778 0.00287108 -0.0004375 0.000208816 0.000164821 0.000190986 -0.000379501 0.000506329 -0.00123706 -0.00427481 -0.00765217 -0.000576159 -0.00105631 -0.00422047 -0.00940351 -2.05654e-05 -0.00159615 -0.00620895 1.46913e-10 0.00178022 -0.000789474 0.000591549 -0.00185507 0.000853333 0.000224449 -0.001775 0.00116471 -0.000507936
internal_weight=7634 375 89 286 63 7259 7134 7099 1443 710 733 130 68 603 514 126 56 388 207 66 70 181 75 141 68 674 498 159 339 62
internal_count=7634 375 89 286 63 7259 7134 7099 1443 710 733 130 68 603 514 126 56 388 207 66 70 181 75 141 68 674 498 159 339 62
is_linear=0
shrinkage=0.04


Tree=162
num_leaves=31
num_cat=0
split_feature=11 10 16 20 11 5 5 14 11 12 7 14 9 16 13 13 13 14 9 7 7 13 13 5 11 10 6 0 12 1
split_gain=0.691463 0.617367 1.20116 0.554452 0.519058 0.432288 0.844578 1.25883 0.332544 0.457914 2.8058 0.338257 1.1431 0.398572 0.387566 0.330217 0.816643 0.425673 0.357265 0.36033 1.67315 1.35245 0.819411 2.01539 0.961218 0.600187 0.711955 2.08415 0.58642 1.3743
threshold=-3.8499999999999992 4.9500000000000011 107.50000000000001 -0.56174490092936669 -5.8499999999999988 32.500000000000007 22.450000000000003 135.50000000000003 35.150000000000013 14.500000000000002 4.3020833333333339 23.500000000000004 64.500000000000014 2982.5000000000005 1.8500000000000003 17.050000000000004 16.450000000000003 243.50000000000003 119.50000000000001 6.8854166666666679 6.9625000000000012 4.4500000000000011 9.7500000000000018 4.6500000000000012 19.650000000000002 5.1500000000000012 9.5416666666666679 11.550000000000002 78.500000000000014 6.5500000000000007
decision_type=2 2 2 2 2 2 2 2 2 2 2 2 2 2 2 2 2 2 2 2 2 2 2 2 2 2 2 2 2 2
left_child=1 2 -1 4 -3 6 8 -8 9 10 -2 12 -11 15 -14 16 18 -17 19 -13 21 -21 28 24 -24 26 -25 -28 -22 -30
right_child=5 3 -4 -5 -6 -7 7 -9 -10 11 -12 13 14 -15 -16 17 -18 -19 -20 20 22 -23 23 25 -26 -27 27 -29 29 -31
leaf_value=-0.0079439166880872231 -0.01539255562476936 0.031903146968070992 0.029689237567939938 0.023647538192075976 -0.0036922111854285496 0.015701550682478881 -0.020032632686372752 -0.0016755706666107073 0.02827763815661451 -0.0097653209628694553 0.038502086763223503 0.00044632768401583963 -0.0014834024769117687 -0.0056517919628200517 0.029062032878754796 0.0022557584134243738 -0.015697592077852596 -9.6494973858324482e-05 0.021509099885710342 -0.00014862512985872785 0.0010213953276781477 -0.020975012789300918 -0.001495424837075374 0.0020087983134599468 -0.022211625648446628 -0.011502685100764616 -0.0076784835344835128 0.028249285353400294 0.0028111688549684083 -0.0019613498892334393
leaf_weight=26 28 35 63 223 28 117 26 48 38 41 47 3917 37 48 242 96 25 36 40 26 1589 27 26 158 25 33 43 38 124 384
leaf_count=26 28 35 63 223 28 117 26 48 38 41 47 3917 37 48 242 96 25 36 40 26 1589 27 26 158 25 33 43 38 124 384
internal_value=0.000295481 0.00196809 -0.000933333 0.00287108 -0.0004375 0.000208816 0.000169117 -0.00405333 0.000213892 0.000193429 -0.00289474 0.000227142 0.00149533 0.000165763 0.00241429 0.000192471 0.000151797 0.00216541 0.000180376 0.00015647 -0.000221503 -0.00718518 -6.60882e-05 -0.00193827 -0.00915385 -0.000556776 0.00015 -0.00287805 0.00022307 -0.000958742
internal_weight=7634 375 89 286 63 7259 7142 74 7068 7030 75 6955 320 6635 279 6587 6455 132 6430 6390 2473 53 2420 323 51 272 239 81 2097 508
internal_count=7634 375 89 286 63 7259 7142 74 7068 7030 75 6955 320 6635 279 6587 6455 132 6430 6390 2473 53 2420 323 51 272 239 81 2097 508
is_linear=0
shrinkage=0.04


Tree=163
num_leaves=31
num_cat=0
split_feature=4 11 9 12 11 11 4 12 11 5 20 8 7 15 9 14 13 10 11 3 14 3 20 17 5 14 7 11 10 14
split_gain=0.448205 1.81992 0.726001 0.675669 0.736852 1.07528 2.21044 1.05055 0.870914 0.83085 1.53014 0.77861 0.974111 1.01801 1.03549 1.21048 1.21461 0.67449 1.52442 0.958862 1.67357 0.63241 0.620639 1.25814 1.35068 2.02651 1.31618 2.00603 3.4702 1.65315
threshold=3.0500000000000003 29.150000000000002 106.50000000000001 66.500000000000014 3.0500000000000003 2.1500000000000008 1.8500000000000003 69.500000000000014 -4.9499999999999993 6.9500000000000011 -0.22252093395631442 6.1500000000000012 2.9812500000000002 1.0000000180025095e-35 54.500000000000007 171.50000000000003 4.1500000000000012 0.45000000000000007 25.350000000000005 8.0500000000000025 198.50000000000003 12.65 0.81174490092936691 0.12940952255126045 4.0500000000000007 270.50000000000006 16.235416666666669 8.2500000000000018 4.5500000000000007 166.50000000000003
decision_type=2 2 2 2 2 2 2 2 2 2 2 2 2 2 2 2 2 2 2 2 2 2 2 2 2 2 2 2 2 2
left_child=1 2 3 -1 5 7 -7 -5 -9 -10 -11 12 -6 14 -14 16 -16 18 -2 20 -20 -21 -19 24 -24 26 27 28 -26 -29
right_child=17 -3 -4 4 11 6 -8 8 9 10 -12 -13 13 -15 15 -17 -18 22 19 21 -22 -23 23 -25 25 -27 -28 29 -30 -31
leaf_value=0.00099310694607964833 0.0064204584025495193 -0.012430475696778062 -0.0019966591093642382 -0.017188787224013357 0.0033889060542237814 0.00050767201244993965 -0.013894781770939531 -0.0049462980354321026 0.00056926928961635495 0.0030526256341458415 -0.0076941148198904907 0.0028277987532470961 0.011144063388709937 0.0050789157883614523 -0.0058191856643102268 -0.0092978371132836617 0.00041194761041495227 0.000785446935709723 -0.0053187169857329079 0.049310920244732534 -0.0085184880003386799 -0.011131420637077439 0.00084803472814287174 0.0024937213983284145 -0.0094985646485580503 0.02036104035070176 0.047856198150500892 -0.03297086128233355 0.0046440224058585788 -0.0041104401411567763
leaf_weight=650 115 27 31 29 142 47 45 28 412 40 43 191 34 39 30 33 36 4733 27 37 25 27 148 343 29 83 30 63 69 48
leaf_count=650 115 27 31 29 142 47 45 28 412 40 43 191 34 39 30 33 36 4733 27 37 25 27 148 343 29 83 30 63 69 48
internal_value=0.000232613 -0.000307858 -0.000152922 -4.66665e-05 -0.000629565 -0.00152558 -0.00550538 -0.000853526 -0.000435114 -4.03224e-05 -0.00366667 0.000513834 -0.000711111 -0.00272832 -0.00438806 -0.00644 -0.00322388 0.000406369 -0.0017069 -0.00492308 -0.00890566 -0.0016 0.000494682 -0.000525798 -0.00186836 -0.00331889 -0.00518333 -0.00630476 -0.00210101 -0.00996429
internal_weight=7634 1857 1830 1799 1149 644 92 552 523 495 83 505 314 172 133 99 66 5777 231 116 52 64 5546 813 470 322 239 209 98 111
internal_count=7634 1857 1830 1799 1149 644 92 552 523 495 83 505 314 172 133 99 66 5777 231 116 52 64 5546 813 470 322 239 209 98 111
is_linear=0
shrinkage=0.04


Tree=164
num_leaves=31
num_cat=0
split_feature=4 4 2 11 4 10 18 11 3 19 7 7 11 14 5 13 1 8 0 8 4 11 0 14 4 19 5 5 1 17
split_gain=0.403574 0.71947 0.430222 0.41235 0.84967 0.68773 0.982042 0.338108 0.325979 1.00027 1.00463 1.5446 3.12579 1.65335 1.2441 1.17813 1.08573 0.924154 1.21371 0.877206 0.992602 1.19613 1.70684 1.48874 1.78261 1.62541 1.10787 0.974748 0.715064 0.702397
threshold=45.20000000000001 37.20000000000001 26.100000000000005 -3.8499999999999992 1.9500000000000002 5.4500000000000011 0.25881904510252057 35.150000000000013 12.65 0.87837969732492682 9.2062500000000025 11.406250000000002 14.850000000000003 168.50000000000003 6.0500000000000007 5.9500000000000011 14.350000000000003 8.0500000000000025 12.750000000000002 23.050000000000004 7.6500000000000012 24.150000000000002 6.2500000000000009 230.50000000000003 3.6500000000000008 1.0000000180025095e-35 1.4500000000000002 8.5500000000000025 17.650000000000002 -0.5
decision_type=2 2 2 2 2 2 2 2 2 2 2 2 2 2 2 2 2 2 2 2 2 2 2 2 2 2 2 2 2 2
left_child=1 2 3 4 -1 6 -6 8 19 10 -10 12 -12 14 -13 16 -16 -14 -19 20 21 29 23 24 -23 -25 -22 -26 -18 -5
right_child=-2 -3 -4 7 5 -7 -8 -9 9 -11 11 13 17 -15 15 -17 28 18 -20 -21 26 22 -24 25 27 -27 -28 -29 -30 -31
leaf_value=-0.0019598067585290362 0.079137488645135201 -0.010213185203909155 0.038287450648453937 0.0015329210310429285 -0.006425896717798904 0.023706890835208185 0.032192290487109823 0.02706728306420084 0.032434416643392978 0.038644220127704562 0.0087659827500905629 0.0027281130572214362 -0.0058070051477204778 0.003671324447738255 -0.025044905647330244 0.0015138662859346154 0.005264364919570266 -0.020229356208595655 -0.012215126478224958 -0.074904675818918576 -0.0042745303452579458 -0.012113306926097805 0.022541816089440274 -0.011189568064140924 0.013195166759658173 -0.0014196904032579816 0.0020851556789472378 -0.0051560841173065577 -0.054695016014511329 -8.974524560960438e-05
leaf_weight=40 67 27 70 1136 44 256 35 38 58 85 64 45 25 325 43 36 26 47 31 30 43 48 67 46 112 35 1744 27 25 2959
leaf_count=40 67 27 70 1136 44 256 35 38 58 85 64 45 25 325 43 36 26 47 31 30 43 48 67 46 112 35 1744 27 25 2959
internal_value=0.000285003 0.0002574 0.00028113 0.00025164 0.00154255 0.00220238 -0.00105 0.000183202 0.000162652 -0.000591862 -0.00107438 -0.00151497 -0.00483333 -0.000399201 -0.00352273 -0.00549618 -0.00783158 -0.00911538 -0.0112405 0.000260564 0.000293985 -2.70818e-05 -0.00232143 -0.00374721 -0.00176596 -0.0082439 0.00108949 0.000542857 -0.00376923 0.000161133
internal_weight=7634 7567 7540 7470 375 335 79 7095 7057 810 725 667 167 500 175 130 94 103 78 6247 6217 4430 335 268 187 81 1787 139 51 4095
internal_count=7634 7567 7540 7470 375 335 79 7095 7057 810 725 667 167 500 175 130 94 103 78 6247 6217 4430 335 268 187 81 1787 139 51 4095
is_linear=0
shrinkage=0.04


Tree=165
num_leaves=31
num_cat=0
split_feature=11 10 11 5 2 14 19 12 15 17 16 7 5 3 10 16 3 17 20 13 2 20 11 7 10 14 2 18 12 5
split_gain=0.587839 0.515472 1.79777 1.20791 0.98799 0.975348 1.4487 0.436642 1.33005 1.0595 1.30321 1.24427 1.14305 2.32897 2.95496 0.959916 0.893978 0.833529 0.793814 1.91852 1.18174 1.09187 1.46673 1.21808 1.38824 1.31819 0.960488 0.739648 0.968947 0.823718
threshold=32.550000000000004 0.45000000000000007 25.350000000000005 3.1500000000000008 6.7500000000000009 302.50000000000006 1.0000000180025095e-35 80.500000000000014 1.1500000000000001 -1.0000000180025095e-35 77.500000000000014 2.6604166666666673 2.0500000000000003 3.0500000000000003 5.9500000000000011 47.500000000000007 0.45000000000000007 0.60355339059327384 0.81174490092936691 2.1500000000000008 8.0500000000000025 -0.56174490092936669 -3.8499999999999992 6.8854166666666679 10.350000000000003 153.50000000000003 11.250000000000002 -0.70710678118654757 64.500000000000014 2.1500000000000008
decision_type=2 2 2 2 2 2 2 2 2 2 2 2 2 2 2 2 2 2 2 2 2 2 2 2 2 2 2 2 2 2
left_child=1 2 5 -4 -5 -1 -7 8 15 12 11 -11 13 14 -9 17 -17 -3 21 -20 -21 22 -13 25 -25 -24 -23 28 29 -18
right_child=-2 7 3 4 -6 6 -8 9 -10 10 -12 18 -14 -15 -16 16 27 -19 19 20 -22 26 23 24 -26 -27 -28 -29 -30 -31
leaf_value=0.024731278690464591 0.020705694489741733 0.0011078436742943734 0.0036421573328409545 -0.011809703773057512 -0.0080367482082602301 0.040296365659968053 -0.0015785301424648935 0.0025672589529374848 -0.012000167231350965 0.0022795947903798625 0.002398063601064134 -0.0043816289445198584 0.0046638517478221134 0.014316506885644661 -0.014928992521272928 -0.0022487527807950243 0.010348851191408914 0.013377276893928244 0.011521553976827248 -0.002149218818467699 -0.015024637109354302 -0.0010194094755446115 -0.0078307737686348373 -0.00074483374753457122 -0.0095881558022888388 0.00082025721902065796 0.010744670692633336 0.00060178912045242108 0.00097683098310523213 -0.0039970283064815707
leaf_weight=89 128 668 29 34 36 38 31 31 25 143 218 26 558 71 34 30 31 547 38 28 37 416 40 47 36 125 96 3406 311 326
leaf_count=89 128 668 29 34 36 38 31 31 25 143 218 26 558 71 34 30 31 547 38 28 37 416 40 47 36 125 96 3406 311 326
internal_value=0.00036122 0.000315399 -0.00144186 -0.00564 -0.0084507 0.00120755 -0.00234286 0.000377555 0.000564266 -0.000135732 -0.000831335 -0.00142498 0.00111655 -0.00216058 -0.00757576 0.000608271 0.000315713 0.00159539 -0.00198202 -0.00526923 -0.00939394 -0.00154511 -0.00357818 -0.00260241 -0.00652381 -0.000602409 -0.000452242 0.000367117 -0.000849028 -0.00226816
internal_weight=7673 7545 257 99 70 158 69 7288 5344 1944 1250 1032 694 136 65 5319 4104 1215 889 103 65 786 274 248 83 165 512 4074 668 357
internal_count=7673 7545 257 99 70 158 69 7288 5344 1944 1250 1032 694 136 65 5319 4104 1215 889 103 65 786 274 248 83 165 512 4074 668 357
is_linear=0
shrinkage=0.04


Tree=166
num_leaves=31
num_cat=0
split_feature=8 17 6 6 11 10 8 3 4 14 4 12 10 3 8 4 5 3 3 8 17 11 8 10 9 5 5 4 15 2
split_gain=0.423371 0.949692 1.19728 0.750375 0.425208 0.379166 1.46791 0.912668 0.684566 0.373277 0.429199 0.366433 0.919229 0.920658 0.732305 0.985285 1.06487 1.32787 0.788967 1.07638 1.40825 1.06134 2.35223 1.59505 1.58174 1.29194 0.84125 1.08576 0.702843 0.861942
threshold=1.1500000000000001 -0.9159756150367534 1.7083333333333295 2.3999999999999964 32.750000000000007 0.45000000000000007 6.5500000000000007 6.7500000000000009 11.65 297.50000000000006 4.9500000000000011 77.500000000000014 16.850000000000005 0.45000000000000007 4.7500000000000009 5.9500000000000011 2.2500000000000004 3.8500000000000001 11.250000000000002 18.250000000000004 1.0000000180025095e-35 4.8500000000000005 7.5500000000000007 15.250000000000002 56.500000000000007 11.050000000000002 8.4500000000000011 7.0500000000000007 0.25000000000000006 3.6500000000000008
decision_type=2 2 2 2 2 2 2 2 2 2 2 2 2 2 2 2 2 2 2 2 2 2 2 2 2 2 2 2 2 2
left_child=1 -1 -3 -4 5 6 9 -8 -9 -2 -11 12 13 -7 -13 16 17 -16 21 -20 -21 23 24 26 -23 -24 -17 -28 -15 -30
right_child=4 2 3 -5 -6 11 7 8 -10 10 -12 14 -14 28 15 18 -18 -19 19 20 -22 22 25 -25 -26 -27 27 -29 29 -31
leaf_value=-0.0038960210189344369 0.027255214006151926 0.001262901792699195 -0.016170370678913654 -0.0017176013332112028 0.020544544516080329 -0.0023901390448858037 -0.0083264626580597176 0.0026156323830240314 -0.0068762280742958523 0.0020445561150144172 -0.0023961984720635831 0.00082261281827258003 0.03136057978062376 0.00073491440515666812 -0.0087206346807724312 0.012054799824417158 0.0005621417495068194 0.0034313029113123969 0.0040180401507703073 -0.016123546609455926 0.0044258848017480288 -0.0040163253818005628 0.036746258434381673 -0.006188797697313537 -0.03626969504854971 -0.021873093459510769 -0.0044172168564527723 0.00037785982461550709 0.0018820808546129229 -0.011108123930198329
leaf_weight=35 79 131 35 44 112 25 30 37 46 30 29 919 154 4459 25 121 763 34 139 26 39 25 54 37 33 30 26 62 31 63
leaf_count=35 79 131 35 44 112 25 30 37 46 30 29 919 154 4459 25 121 763 34 139 26 39 25 54 37 33 30 26 62 31 63
internal_value=0.000413344 -0.00121951 -0.000189573 -0.00405 0.000467358 0.000429684 -0.00109524 -0.00445614 -0.0022381 0.00166906 -0.000733333 0.000484008 0.000686246 0.000583534 7.36934e-05 -0.000497526 0.000398542 -0.00473333 -0.0017403 0.000273171 -0.00393939 -0.00279691 -0.00553846 -0.00119838 -0.011661 -0.00122353 0.000171429 -0.00278652 0.000626263 -0.00277895
internal_weight=7673 245 210 79 7428 7316 251 113 83 138 59 7065 4732 4578 2333 1414 822 59 592 204 65 388 142 246 58 84 209 88 4553 94
internal_count=7673 245 210 79 7428 7316 251 113 83 138 59 7065 4732 4578 2333 1414 822 59 592 204 65 388 142 246 58 84 209 88 4553 94
is_linear=0
shrinkage=0.04


Tree=167
num_leaves=31
num_cat=0
split_feature=10 11 16 13 9 9 3 14 7 10 16 5 10 7 9 8 10 16 11 11 2 3 16 0 19 13 9 9 18 5
split_gain=0.407459 1.32406 1.46637 1.21434 1.61764 0.496021 1.64676 1.23418 0.485716 0.564843 1.21718 1.40094 1.09104 0.993195 0.57181 0.515126 0.476683 0.602562 0.962977 0.916117 0.880208 0.378331 0.360625 0.813773 0.967232 0.937682 0.601037 0.487193 1.44979 1.00723
threshold=0.45000000000000007 15.350000000000003 1367.5000000000002 9.1500000000000004 95.500000000000014 94.500000000000014 1.9500000000000002 200.50000000000003 1.9187500000000004 0.8500000000000002 1257.5000000000002 10.750000000000002 2.0500000000000003 5.1187500000000012 92.500000000000014 0.65000000000000002 0.8500000000000002 2377.5000000000005 23.050000000000004 31.250000000000004 7.9500000000000011 8.2500000000000018 17.500000000000004 5.8500000000000005 0.6078576107927941 0.65000000000000002 72.500000000000014 58.500000000000007 0.78656609248549303 1.6500000000000001
decision_type=2 2 2 2 2 2 2 2 2 2 2 2 2 2 2 2 2 2 2 2 2 2 2 2 2 2 2 2 2 2
left_child=1 -1 -3 -4 -5 8 7 -7 -2 14 15 12 13 -12 -10 -11 17 18 -8 20 -20 -15 23 24 26 -26 -17 28 29 -24
right_child=5 2 3 4 -6 6 16 -9 9 10 11 -13 -14 21 -16 22 -18 -19 19 -21 -22 -23 27 -25 25 -27 -28 -29 -30 -31
leaf_value=0.017103133993025221 0.0011915768999861132 -0.0086243360631021969 0.003926169192805069 0.026029698089949847 -0.0072502170497158458 -0.014100393823379243 0.010861903232104262 -0.00014032264081819605 0.013887923449704223 -0.0023739671879162735 -0.012629412208677597 0.052298922494891625 -0.019359078714764191 0.071374402995357203 -0.0028840445854540946 0.0056117395192337976 0.015472382942663876 0.0081618355462905155 -0.017266472224709225 0.017199333203917439 -0.0026973628629210463 -0.00038474396933250353 -0.0086865826724298566 0.017768919583077133 -0.010207089189080771 0.002122258019073522 -0.0030551977254189041 0.00040347604348640078 -0.012194772333486256 -6.5061508681079727e-06
leaf_weight=75 219 41 88 30 48 25 84 44 255 38 48 38 46 32 26 89 584 110 46 33 47 32 37 267 28 37 25 3767 35 1399
leaf_count=75 219 41 88 30 48 25 84 44 255 38 48 38 46 32 26 89 584 110 46 33 47 32 37 267 28 37 25 3767 35 1399
internal_value=0.000387282 -0.00110247 -0.00275 -0.00105389 -0.00465823 0.000444264 0.00128542 -0.00462857 0.00031656 0.000250968 0.000167596 -0.00292386 -0.00457862 -0.00240708 0.002 0.000273982 0.00174144 0.000498443 -0.000758294 -0.00296063 -0.00497872 0.000861539 0.000305365 0.00139597 -0.000688889 -0.00454545 0.00153043 0.000212254 -0.000404891 -0.000205985
internal_weight=7673 282 207 166 78 7391 973 69 6418 6199 5918 196 158 112 281 5722 904 320 210 126 93 64 5684 446 179 65 114 5238 1471 1436
internal_count=7673 282 207 166 78 7391 973 69 6418 6199 5918 196 158 112 281 5722 904 320 210 126 93 64 5684 446 179 65 114 5238 1471 1436
is_linear=0
shrinkage=0.04


Tree=168
num_leaves=31
num_cat=0
split_feature=11 2 16 9 18 13 9 14 1 14 13 1 11 10 19 10 10 3 4 4 19 4 19 16 12 8 14 11 9 8
split_gain=0.38787 0.49656 0.320895 0.535872 1.2947 0.881036 1.31647 1.04415 2.26567 1.03989 1.2228 0.944023 0.846904 1.18654 1.18699 0.918016 0.760149 0.664495 0.634077 0.696582 0.71379 0.715064 0.612972 0.83876 1.18584 1.25509 0.918546 0.838787 0.82746 0.923844
threshold=32.750000000000007 2.4500000000000006 17.500000000000004 58.500000000000007 0.78656609248549303 3.9500000000000006 55.500000000000007 201.50000000000003 8.7500000000000018 166.50000000000003 2.6500000000000008 6.4500000000000011 4.0500000000000007 9.9500000000000011 1.0000000180025095e-35 15.350000000000003 6.6500000000000012 1.8500000000000003 5.1500000000000012 5.9500000000000011 -0.60785761079279388 12.050000000000002 -0.60785761079279388 282.50000000000006 52.500000000000007 11.850000000000003 207.50000000000003 -5.3499999999999988 72.500000000000014 3.2500000000000004
decision_type=2 2 2 2 2 2 2 2 2 2 2 2 2 2 2 2 2 2 2 2 2 2 2 2 2 2 2 2 2 2
left_child=2 -2 -1 4 5 6 11 9 -9 10 -8 -4 13 -13 -15 -16 -14 -7 -18 -20 21 -21 -5 24 -24 26 27 -26 -29 -30
right_child=1 -3 3 22 -6 17 7 8 -10 -11 -12 12 16 14 15 -17 18 -19 19 20 -22 -23 23 -25 25 -27 -28 28 29 -31
leaf_value=0.0031203094755228988 -0.0025574413826502614 0.032665536026799849 0.0027192510734474619 0.0014743566453426853 -0.010690000381571935 -0.001057993316963468 0.0015420524436184804 -0.019718637724457821 0.015008276224492812 0.0018286912305417932 -0.020358871765385894 -0.015121242079826883 -0.013391309404179375 0.0010095169761070017 -0.0013516177418079758 -0.0046664328449360611 0.0069689014493079992 0.00079752657670954785 -0.023701781876006384 -0.044661349938890725 0.001387244754359756 0.014176880826239536 0.013194077283501398 -0.00036067691546408896 -0.0077216409756813544 -0.0048353736964774239 0.0055592379301097339 0.0010061970658132311 0.0020802814433622074 -0.0020930548819099739
leaf_weight=469 25 94 275 1560 37 33 29 36 26 74 27 25 26 66 26 32 96 513 25 25 114 26 464 1923 37 285 240 693 106 266
leaf_count=469 25 94 275 1560 37 33 29 36 26 74 27 25 26 66 26 32 96 513 25 25 114 26 464 1923 37 285 240 693 106 266
internal_value=0.000376857 0.00263333 0.000340966 0.000273779 -0.00039418 -0.000206102 -0.000955866 -0.00389637 -0.00812698 -0.00183206 -0.00589474 -0.000184532 -0.00129004 -0.00376 -0.002112 -0.00623729 -0.000102236 0.00106764 0.000501742 -0.000837696 0.000120482 -0.00376923 0.000454888 0.000193275 0.00074761 0.000238329 0.000750559 0.000261106 0.000469043 -0.00105094
internal_weight=7673 119 7554 7085 1511 1474 928 192 62 130 56 736 461 149 124 58 312 546 286 190 165 51 5574 4014 2091 1627 1342 1102 1065 372
internal_count=7673 119 7554 7085 1511 1474 928 192 62 130 56 736 461 149 124 58 312 546 286 190 165 51 5574 4014 2091 1627 1342 1102 1065 372
is_linear=0
shrinkage=0.04


Tree=169
num_leaves=31
num_cat=0
split_feature=11 2 4 18 10 11 2 4 4 4 2 2 19 4 9 4 11 9 12 4 7 0 7 3 20 7 12 3 0 4
split_gain=0.364888 0.49656 0.366339 0.461843 0.333178 2.16725 1.46527 0.669748 0.441255 0.368312 0.573596 0.790127 1.75512 1.28009 1.09021 0.752526 0.564276 1.34868 1.16852 1.15072 1.68023 2.30736 0.53468 1.52281 1.67186 0.931047 1.35252 0.896286 0.841152 0.822089
threshold=32.750000000000007 2.4500000000000006 1.4500000000000002 -0.98296291314453399 0.45000000000000007 24.150000000000002 4.8500000000000005 9.6500000000000004 13.350000000000003 7.0500000000000007 12.65 9.8500000000000032 -0.60785761079279388 6.1500000000000012 63.500000000000007 4.9500000000000011 24.150000000000002 104.50000000000001 27.500000000000004 4.6500000000000012 3.3520833333333337 5.5500000000000007 6.8854166666666679 4.7500000000000009 -0.56174490092936669 7.1979166666666679 77.500000000000014 11.450000000000001 16.350000000000005 16.850000000000005
decision_type=2 2 2 2 2 2 2 2 2 2 2 2 2 2 2 2 2 2 2 2 2 2 2 2 2 2 2 2 2 2
left_child=2 -2 3 -1 5 -4 -7 -8 -9 10 11 16 -13 14 -14 -16 17 -6 -19 20 -18 -22 -11 24 -24 26 -25 28 -27 -29
right_child=1 -3 4 -5 9 6 7 8 -10 22 -12 12 13 -15 15 -17 19 18 -20 -21 21 -23 23 25 -26 27 -28 29 -30 -31
leaf_value=-0.0016139693212593588 -0.0024551437273442472 0.031358914585727871 0.0025979464548751248 0.00080635440809423019 0.00026907742889807032 -0.010442884524283038 0.0024766272329100176 -0.0039718898393863271 -0.0070530191145539694 0.010079429013393806 0.0024665810410112259 0.020772124161742959 0.0021585616964535626 -0.010658529085506872 -0.017900454786869972 -0.0011502633470847051 0.0011327259182525111 0.0005899899123240367 -0.013810460218972346 0.0028058547576835687 -0.019338124658377205 0.004437199557869251 -0.01356341126350386 -0.041657972485639794 -0.00075617082657711905 0.0069759790134459147 0.0013121942731819209 -0.0011875030321313975 -0.041808987480491513 0.0045921644073860894
leaf_weight=34 25 94 121 456 3183 35 31 25 30 529 202 82 100 42 45 26 42 25 32 99 30 26 38 47 128 1033 33 707 40 333
leaf_count=34 25 94 121 456 3183 35 31 25 30 529 202 82 100 42 45 26 42 25 32 99 30 26 38 47 128 1033 33 707 40 333
internal_value=0.000444618 0.00263333 0.000409795 0.0014664 0.000336306 -0.00111934 -0.00488525 -0.00202299 -0.00464286 0.000388099 0.000136214 2.35737e-05 -0.00195946 -0.00386916 -0.00230233 -0.00605556 0.000194299 0.000320889 -0.00572414 -0.00187879 -0.00492929 -0.00940351 0.000731049 0.000472881 -0.00320958 0.000752963 -0.00345679 0.000913907 0.00172439 7.68493e-05
internal_weight=7673 119 7554 490 7064 242 121 86 55 6822 3934 3732 295 213 171 71 3437 3240 57 197 98 56 2888 2359 166 2193 80 2113 1073 1040
internal_count=7673 119 7554 490 7064 242 121 86 55 6822 3934 3732 295 213 171 71 3437 3240 57 197 98 56 2888 2359 166 2193 80 2113 1073 1040
is_linear=0
shrinkage=0.04


Tree=170
num_leaves=31
num_cat=0
split_feature=0 12 10 7 8 19 3 3 3 10 4 7 7 4 20 12 7 18 8 3 18 14 14 19 18 4 8 4 4 4
split_gain=0.728811 0.787616 0.864659 1.11649 0.57641 1.18887 0.877216 0.871562 1.03671 1.08956 1.35724 1.0071 0.963683 0.716048 1.44526 0.654367 2.02685 0.584128 0.562591 0.579034 1.50283 1.08338 0.60749 0.826337 0.704685 1.15678 1.42057 1.09841 1.37845 0.835035
threshold=8.2500000000000018 41.500000000000007 0.55000000000000016 12.925000000000002 8.6500000000000004 0.87837969732492682 6.3500000000000005 3.1500000000000008 7.4500000000000011 3.4500000000000006 7.6500000000000012 7.3729166666666677 10.410416666666668 18.750000000000004 1.0000000180025095e-35 14.500000000000002 4.3020833333333339 -0.78656609248549325 9.5500000000000025 5.3500000000000005 0.1294095225512602 187.50000000000003 170.50000000000003 0.87837969732492682 -0.3794095225512602 18.550000000000004 17.850000000000005 6.3500000000000005 4.3500000000000005 12.350000000000003
decision_type=2 2 2 2 2 2 2 2 2 2 2 2 2 2 2 2 2 2 2 2 2 2 2 2 2 2 2 2 2 2
left_child=4 2 3 -2 13 7 -7 -6 9 10 -9 17 -10 15 -15 16 -1 -11 -3 20 21 -20 23 24 25 26 27 28 -21 -26
right_child=1 18 -4 -5 5 6 -8 8 12 11 -12 -13 -14 14 -16 -17 -18 -19 19 22 -22 -23 -24 -25 29 -27 -28 -29 -30 -31
leaf_value=-0.012119663664695763 0.065151038952448531 0.0082297016111064509 0.020747841091204262 -0.018196967856288944 0.052587535784498832 0.0016033171590155773 -0.018481832396134355 -0.019953533400539288 0.027786401802110602 -0.0093791774742774114 -0.00085428670671328782 -0.0034515477069473584 -0.0084833724882881559 -0.021946211176245477 0.079407927622837451 0.00015922069777642308 0.023492733184185658 0.0041519675532413411 -0.0017370560219817802 -0.00022611518802975625 0.00071134696989029803 -0.023055032958876478 0.0022073759302893223 0.0054574631235152684 0.016346684803951204 0.032337755885342219 -0.04945000677077499 5.9728992368023302e-05 -0.038815701575739534 -0.0094413899497140467
leaf_weight=32 44 173 518 30 58 25 35 28 115 32 28 31 45 26 25 4612 28 58 42 37 167 25 888 74 137 39 46 122 36 86
leaf_count=32 44 173 518 30 58 25 35 28 115 32 28 31 45 26 25 4612 28 58 42 37 167 25 888 74 137 39 46 122 36 86
internal_value=0.000267958 0.000834077 0.00210455 -0.00192 -1.54455e-06 -0.00135965 -0.00655738 -0.000555555 -0.00133728 -0.0034382 -0.008 -0.00127869 0.000993789 0.000129551 -0.00453846 0.000181468 -0.00393443 0.000879121 0.000431394 0.000209412 -0.00163404 -0.00664706 0.000504775 -0.00050519 -0.0010873 -0.00241993 -0.00345455 -0.00193878 -0.00578378 0.000589286
internal_weight=7642 2464 592 74 5178 455 60 395 337 177 56 121 160 4723 51 4672 60 90 1872 1699 234 67 1465 577 503 280 241 195 73 223
internal_count=7642 2464 592 74 5178 455 60 395 337 177 56 121 160 4723 51 4672 60 90 1872 1699 234 67 1465 577 503 280 241 195 73 223
is_linear=0
shrinkage=0.04


Tree=171
num_leaves=31
num_cat=0
split_feature=0 8 17 14 14 1 9 10 1 5 12 4 11 12 10 13 10 2 0 8 19 10 2 5 12 14 20 11 10 16
split_gain=0.497439 0.589594 1.19613 1.0788 1.61989 1.72366 1.49905 1.02097 0.987456 0.681027 0.643209 1.15494 0.63121 0.529849 0.927281 0.994644 0.69273 0.670218 1.2993 1.03067 1.04118 1.25049 1.43798 0.982071 1.06992 1.38519 0.766002 0.721646 1.81878 0.695912
threshold=8.2500000000000018 8.6500000000000004 0.37940952255126054 179.50000000000003 198.50000000000003 6.5500000000000007 98.500000000000014 5.6500000000000012 5.4500000000000011 10.450000000000001 14.500000000000002 5.1500000000000012 31.050000000000004 82.500000000000014 15.850000000000003 1.7500000000000002 17.750000000000004 11.350000000000003 10.950000000000001 9.9500000000000011 -0.8783796973249266 1.4500000000000002 12.65 14.750000000000002 68.500000000000014 184.50000000000003 1.0000000180025095e-35 0.45000000000000007 13.250000000000002 247.50000000000003
decision_type=2 2 2 2 2 2 2 2 2 2 2 2 2 2 2 2 2 2 2 2 2 2 2 2 2 2 2 2 2 2
left_child=1 10 3 6 -5 8 7 -3 -6 -4 11 -1 -12 16 -15 -16 17 23 19 -19 -21 -22 -23 27 25 -25 -20 28 -2 -28
right_child=13 2 9 4 5 -7 -8 -9 -10 -11 12 -13 -14 14 15 -17 -18 18 26 20 21 22 -24 24 -26 -27 29 -29 -30 -31
leaf_value=-0.011547754073420747 0.02307185454098689 -0.016597326799605142 0.0087934210867618937 -0.030733664325375842 -0.0060664467778089671 0.0013299643320965316 0.048728243074793398 0.0064975613405060494 -0.0077832146946736512 -0.0017734183056672124 9.1435964095429881e-05 0.022398578454940709 0.026233466040842753 0.00019530068917214514 0.00034487328594069472 -0.0027400309497517821 0.033240496047512801 0.0022971485179848886 0.012308924158622357 0.0069813520241039278 -0.0028995163381907861 -0.021157752616706268 -0.0056132891981775269 -0.012418405675910855 0.0017549285069589191 0.0041354996272915962 -0.0089471653653953372 0.023073780057877153 -0.030942898504831735 0.0030731371048754248
leaf_weight=34 59 32 137 29 32 76 67 27 26 29 4556 26 107 352 47 40 116 35 418 25 47 25 28 31 30 34 208 764 29 176
leaf_count=34 59 32 137 29 32 76 67 27 26 29 4556 26 107 352 47 40 116 35 418 25 47 25 28 31 30 34 208 764 29 176
internal_value=0.000236556 1.39024e-05 -0.00135965 -0.00291034 -0.00504878 -0.00314074 -0.000125984 -0.00473333 -0.00827119 0.00134132 0.000146486 -0.00393443 0.000199829 0.00070426 -0.000554545 -0.00422727 0.000977295 0.000793717 4.98444e-05 -0.00322981 -0.00492063 -0.00673267 -0.0108889 0.00154852 -0.00229167 -0.00515151 0.000707348 0.0019789 -0.0014382 -0.000581818
internal_weight=7642 5178 455 289 163 134 126 59 58 166 4723 60 4663 2464 439 87 2025 1909 962 160 125 100 53 947 95 65 802 852 88 384
internal_count=7642 5178 455 289 163 134 126 59 58 166 4723 60 4663 2464 439 87 2025 1909 962 160 125 100 53 947 95 65 802 852 88 384
is_linear=0
shrinkage=0.04


Tree=172
num_leaves=31
num_cat=0
split_feature=7 14 4 4 5 19 4 1 1 1 5 5 16 4 10 4 12 5 14 2 1 3 14 14 3 6 18 10 6 14
split_gain=0.4289 1.31172 0.988531 0.583293 0.531063 0.651407 0.989714 0.501778 0.464382 0.568293 1.06611 0.441394 0.673647 1.10406 1.79466 1.85311 1.13938 0.817326 0.736491 0.789712 0.845413 1.09244 0.791688 0.980718 1.86067 2.43558 1.76091 0.662841 0.611915 1.07686
threshold=14.312500000000002 159.50000000000003 15.850000000000003 19.250000000000004 9.9500000000000011 1.0000000180025095e-35 23.000000000000004 21.950000000000003 16.650000000000002 15.950000000000001 10.450000000000001 9.6500000000000004 37.500000000000007 7.4500000000000011 16.150000000000002 6.1500000000000012 72.500000000000014 19.450000000000003 159.50000000000003 12.15 2.9500000000000006 2.8500000000000001 261.50000000000006 183.50000000000003 4.4500000000000011 6.0666666666666655 -0.78656609248549325 9.1500000000000004 10.558333333333332 127.50000000000001
decision_type=2 2 2 2 2 2 2 2 2 2 2 2 2 2 2 2 2 2 2 2 2 2 2 2 2 2 2 2 2 2
left_child=3 2 -2 7 -4 -6 -7 8 9 11 -11 -1 13 14 15 16 -13 18 28 20 -20 -22 23 -23 -25 -26 -27 -15 -14 -30
right_child=1 -3 4 -5 5 6 -8 -9 -10 10 -12 12 17 27 -16 -17 -18 -19 19 -21 21 22 -24 24 25 26 -28 -29 29 -31
leaf_value=0.0001941292310556821 -0.024817933356608386 0.039893388534840965 -0.01843482885776903 -0.0089666579434643928 0.015345795818082141 0.041819240901041027 -0.012396629528198715 -0.038199959772704774 0.034752492426410639 -0.036960263837545158 0.013235734462253707 -0.016950191814763794 0.0043733947323322132 -0.0017063939370725715 0.004408654604366174 -0.011661822354756386 -0.00041649034818521649 -0.013130984227835618 0.00059238401241747487 0.0031501983787021199 -0.0089957521069669814 -7.3289445391635163e-05 0.0018145264556392127 0.010412419720955747 -0.0079199194193334405 -0.025859125711461581 0.0005928636282974321 0.0058413809588309905 -0.007389811417926692 0.039201698402173302
leaf_weight=5586 35 306 26 29 79 32 27 31 133 41 28 34 238 39 53 27 53 42 93 97 43 129 123 29 27 28 45 114 41 34
leaf_count=5586 35 306 26 29 79 32 27 31 133 41 28 34 238 39 53 27 53 42 93 97 43 129 123 29 27 28 45 114 41 34
internal_value=0.000178987 0.00130435 -0.00122 9.91876e-05 9.69698e-05 0.00109353 -0.00206667 0.000122662 0.000145239 0.000100216 -0.00348571 0.000136708 -0.000530232 -0.00211838 -0.00435714 -0.00716522 -0.00422727 -4.12356e-06 0.00024569 -0.000559349 -0.00118147 -0.00193882 -0.00124607 -0.00250193 -0.00495385 -0.00752475 -0.00362162 0.000337662 0.00182166 -0.00131579
internal_weight=7642 505 199 7137 164 138 59 7108 7077 6944 69 6875 1289 320 167 114 87 969 927 614 517 424 381 258 129 100 73 153 313 75
internal_count=7642 505 199 7137 164 138 59 7108 7077 6944 69 6875 1289 320 167 114 87 969 927 614 517 424 381 258 129 100 73 153 313 75
is_linear=0
shrinkage=0.04


Tree=173
num_leaves=31
num_cat=0
split_feature=9 4 3 13 0 1 1 3 5 5 14 14 10 14 16 3 5 5 5 9 0 7 7 18 4 5 10 12 4 1
split_gain=0.380641 0.32027 0.316677 0.702372 0.577545 0.31478 0.306285 0.70333 0.672727 0.915187 1.03085 0.882076 2.69935 0.529636 0.577696 0.526911 0.510166 0.69448 0.486679 0.480259 1.13587 0.45992 0.819966 1.2908 0.549846 1.37411 0.777356 0.721184 0.715456 0.916312
threshold=125.50000000000001 52.250000000000007 36.550000000000004 3.1500000000000008 25.150000000000002 22.700000000000006 12.850000000000003 10.65 4.5500000000000007 12.350000000000003 105.50000000000001 207.50000000000003 8.8500000000000032 189.50000000000003 32.500000000000007 15.750000000000002 22.250000000000004 26.350000000000005 4.5500000000000007 61.500000000000007 15.15 13.752083333333337 12.785416666666668 0.60355339059327384 7.7500000000000009 1.4500000000000002 16.350000000000005 14.500000000000002 12.450000000000001 9.6500000000000004
decision_type=2 2 2 2 2 2 2 2 2 2 2 2 2 2 2 2 2 2 2 2 2 2 2 2 2 2 2 2 2 2
left_child=1 2 4 -4 5 6 16 18 -9 10 -10 19 -13 14 -11 -16 21 -18 -8 -12 -21 22 24 -24 27 -26 28 -1 -27 -30
right_child=-2 -3 3 -5 -6 -7 7 8 9 13 11 12 -14 -15 15 -17 17 -19 -20 20 -22 -23 23 -25 25 26 -28 -29 29 -31
leaf_value=-0.0084429991779699613 0.021185979389774099 0.19207647773185763 0.037344181533369325 -0.011148584854747953 0.05885024894880149 -0.05971841428993211 -0.00027255854896973155 0.033826744490330199 -0.049429556493046041 -0.0072472062241613223 0.024080988852515466 0.0023915400603738623 -0.043536700561477154 0.038907400020386743 0.015239236878266374 -0.0081606384997620404 -0.018972688355461273 0.00770652327894063 0.024923625266022046 0.029049538451827086 -0.012528444368367461 0.074354388590280623 0.00071934139859690111 -0.0080143357061264135 -0.0050344020879605766 0.0046813983406753775 -0.0024543427676605276 -3.6377702239284058e-05 -0.002408399555578596 0.035245097847502432
leaf_weight=49 62 36 25 34 64 30 25 66 35 30 56 58 32 118 64 44 30 27 189 33 29 116 52 49 42 1261 29 4573 322 62
leaf_count=49 62 36 25 34 64 30 25 66 35 30 56 58 32 118 64 44 30 27 189 33 29 116 52 49 42 1261 29 4573 322 62
internal_value=0.000205155 0.000179396 0.000161166 -0.00273333 0.000184344 0.000151442 0.00016829 0.000917949 0.000176679 -0.000328 -0.00208197 -0.000995215 -0.00395604 0.00133852 -0.000345324 0.00102752 7.98429e-05 -0.00365517 0.00286512 0.00127731 -0.00114286 0.000112874 6.7702e-05 -0.0034902 0.000124941 0.000736168 0.000917015 -0.000102098 0.00103281 -0.000477922
internal_weight=7642 7580 7544 59 7485 7421 7391 779 565 499 243 208 90 256 138 108 6612 57 214 118 62 6555 6439 101 6338 1716 1674 4622 1645 384
internal_count=7642 7580 7544 59 7485 7421 7391 779 565 499 243 208 90 256 138 108 6612 57 214 118 62 6555 6439 101 6338 1716 1674 4622 1645 384
is_linear=0
shrinkage=0.04


Tree=174
num_leaves=31
num_cat=0
split_feature=1 5 5 1 0 3 2 8 0 4 11 0 3 20 12 13 0 3 17 5 4 8 6 5 9 5 8 17 18 10
split_gain=0.405391 0.718473 0.480194 0.433081 0.693427 1.15229 0.736827 0.826737 0.848408 0.847144 0.630777 0.491834 0.588427 0.429819 0.539509 0.531712 0.998598 0.510733 0.865153 1.05668 1.33724 2.165 0.50335 0.46594 0.427496 0.382913 0.607439 1.20995 0.364451 1.15348
threshold=12.850000000000003 22.250000000000004 26.350000000000005 10.65 11.65 7.3500000000000005 10.450000000000001 10.450000000000001 10.050000000000002 11.250000000000002 14.950000000000001 10.15 4.5500000000000007 1.0000000180025095e-35 87.500000000000014 5.5500000000000007 18.050000000000004 14.050000000000002 -1.0000000180025095e-35 6.0500000000000007 21.450000000000003 18.050000000000004 15.983333333333333 4.6500000000000012 48.500000000000007 14.050000000000002 14.550000000000002 0.12940952255126045 0.98296291314453421 3.8500000000000001
decision_type=2 2 2 2 2 2 2 2 2 2 2 2 2 2 2 2 2 2 2 2 2 2 2 2 2 2 2 2 2 2
left_child=1 3 -3 11 5 -5 -7 -8 -9 10 -10 28 -13 14 15 -2 -17 23 19 -19 21 -21 -20 -15 -25 26 -6 -28 -1 -30
right_child=13 2 -4 4 25 6 7 8 9 -11 -12 12 -14 17 -16 16 -18 18 22 20 -22 -23 -24 24 -26 -27 27 -29 29 -31
leaf_value=0.0001345273546951822 0.041125677237775618 -0.018213780821242819 0.0073982623477829969 -0.025512421110951197 0.034427923457148228 0.015874284161736116 0.0075543550063862253 -0.016659675722797619 -0.013415307951586944 0.02663427195880266 -0.00012751606551866896 -0.00139305060040778 0.022950941610069192 -0.0013632648973765688 -0.00078565379463507127 0.0052470448730429923 -0.0098040635908738932 0.004971453425891028 -0.0061009263868443686 -0.012418520586040108 0.010326069620249205 -0.050505237676845088 0.029537187050539024 -0.0047315707025951731 0.029736789119105381 -0.0022230859863170364 -0.060930666612602949 0.025273929399655299 0.0007542670057246898 -0.0097165967833771905
leaf_weight=5591 302 30 27 41 112 48 37 28 45 27 43 46 194 27 54 83 25 37 26 47 35 35 111 34 170 48 31 53 173 82
leaf_count=5591 302 30 27 41 112 48 37 28 45 27 43 46 194 27 54 83 25 37 26 47 35 35 111 34 170 48 31 53 173 82
internal_value=0.000199922 8.77274e-05 -0.00434483 0.000126667 -0.000988327 -0.00238518 -0.00125764 -0.00243094 -0.00380556 -0.00224138 -0.00413483 0.000220799 0.0019917 0.000956434 0.00184086 0.00233577 -7.33943e-05 0.00016826 -0.000945205 -0.00299355 -0.00484746 -0.00761446 0.00136232 0.00156897 0.00222439 0.000555102 0.0013401 -0.00122353 0.000147768 -0.00132812
internal_weight=7642 6656 57 6599 513 269 228 180 143 115 88 6086 240 986 464 410 108 522 291 154 117 82 137 231 204 244 196 84 5846 255
internal_count=7642 6656 57 6599 513 269 228 180 143 115 88 6086 240 986 464 410 108 522 291 154 117 82 137 231 204 244 196 84 5846 255
is_linear=0
shrinkage=0.04


Tree=175
num_leaves=31
num_cat=0
split_feature=4 12 16 2 11 7 7 7 11 17 12 14 7 6 8 4 3 11 18 0 15 20 12 9 17 16 20 7 12 14
split_gain=0.453299 0.927957 1.01109 1.59834 0.84777 0.747579 1.28019 0.733524 0.659458 1.18944 0.692364 0.846392 0.841203 1.82059 0.665742 0.612826 1.3764 0.730259 0.60531 0.859243 0.970788 0.739031 2.68625 0.842658 1.03664 0.980865 1.17129 1.02469 1.31003 0.684538
threshold=4.5500000000000007 92.500000000000014 47.500000000000007 11.450000000000001 24.150000000000002 4.4687500000000009 3.3520833333333337 2.4520833333333338 3.8500000000000001 0.12940952255126045 81.500000000000014 196.50000000000003 7.0895833333333336 7.8083333333333309 11.750000000000002 16.850000000000005 21.250000000000004 31.050000000000004 0.37940952255126048 0.75000000000000011 1.0000000180025095e-35 -0.22252093395631442 35.500000000000007 70.500000000000014 -0.70710678118654735 27.500000000000004 0.81174490092936691 5.3645833333333348 72.500000000000014 176.50000000000003
decision_type=2 2 2 2 2 2 2 2 2 2 2 2 2 2 2 2 2 2 2 2 2 2 2 2 2 2 2 2 2 2
left_child=4 8 3 -3 18 6 7 -6 9 -2 11 -11 -12 -14 -15 16 17 -10 19 -1 21 22 -21 -23 -25 -26 27 28 -27 -20
right_child=1 2 -4 -5 5 -7 -8 -9 15 10 12 -13 13 14 -16 -17 -18 -19 29 20 -22 23 -24 24 25 26 -28 -29 -30 -31
leaf_value=-0.005835008939568757 0.02479272162226304 -0.0037706068509546515 0.0015906802962850151 9.1527425684794685e-05 -0.0035909973752746216 0.0011139319559271134 -0.018251281234685925 0.0030073824661997479 6.0070319406660977e-05 0.030287173185849933 0.00067576985773686667 -0.0024363971873920098 -0.0050595763634161085 0.022615991419752693 -0.0017900205491932087 0.0070755590953199545 -0.015640489617607663 0.028442933631332479 -0.00013827141517201109 -0.0051117371242861212 0.0024433512449618324 0.00055916303605441076 -0.00065924704433745608 0.012728621152922203 0.012590763946578598 0.0014143242714279194 0.0078898200841386705 -0.026421466563926282 -0.0067558520302828011 0.0037493462792427281
leaf_weight=33 547 26 43 28 27 35 37 32 3099 130 71 43 31 28 39 425 28 134 439 41 197 703 761 61 34 40 35 30 46 384
leaf_count=33 547 26 43 28 27 35 37 32 3099 130 71 43 31 28 39 425 28 134 439 41 197 703 761 61 34 40 35 30 46 384
internal_value=0.000219243 0.000463942 -0.00338775 -0.00698182 -0.0001703 -0.00330303 -0.0051134 -0.0014 0.000546329 0.0015236 -0.00032653 0.00144828 -0.00214118 -0.00452525 -0.000764706 0.00031028 0.000123851 0.000201608 -2.28162e-05 -0.000401614 -0.000291431 -0.000591324 -0.00148443 0.000164211 -0.00184615 -0.00333333 -0.00471053 -0.00663248 -0.00432184 0.00088835
internal_weight=7607 4672 97 54 2935 131 96 59 4575 889 342 173 169 98 67 3686 3261 3233 2804 1981 1948 1751 802 949 246 185 151 116 86 823
internal_count=7607 4672 97 54 2935 131 96 59 4575 889 342 173 169 98 67 3686 3261 3233 2804 1981 1948 1751 802 949 246 185 151 116 86 823
is_linear=0
shrinkage=0.04


Tree=176
num_leaves=31
num_cat=0
split_feature=12 16 4 15 9 14 16 8 2 3 3 3 14 10 11 18 5 16 3 10 3 5 10 3 9 10 11 9 11 3
split_gain=0.600637 1.24042 1.3222 1.33826 1.35923 1.15933 1.08847 0.952843 1.95571 1.51013 1.12545 0.995334 0.914913 1.31534 0.920879 0.904131 0.835634 0.764827 1.46912 1.21276 0.76247 0.686987 0.67059 1.12925 0.676703 1.18303 1.81122 0.665597 0.649775 0.640374
threshold=77.500000000000014 57.500000000000007 18.650000000000002 1.0000000180025095e-35 80.500000000000014 177.50000000000003 52.500000000000007 13.050000000000002 13.15 5.5500000000000007 1.9500000000000002 2.9500000000000006 162.50000000000003 8.4500000000000011 3.5500000000000003 -0.9159756150367534 16.550000000000004 62.500000000000007 3.1500000000000008 9.7500000000000018 2.2500000000000004 3.8500000000000001 15.250000000000002 3.5500000000000003 67.500000000000014 7.0500000000000007 -0.74999999999999989 52.500000000000007 18.450000000000003 7.9500000000000011
decision_type=2 2 2 2 2 2 2 2 2 2 2 2 2 2 2 2 2 2 2 2 2 2 2 2 2 2 2 2 2 2
left_child=6 2 3 4 5 7 15 9 -9 10 -2 20 14 -14 -13 28 22 18 19 -8 -12 -22 24 -24 -7 -26 -27 -25 -1 -5
right_child=1 -3 -4 29 -6 16 17 8 -10 -11 11 12 13 -15 -16 -17 -18 -19 -20 -21 21 -23 23 27 25 26 -28 -29 -30 -31
leaf_value=-0.0015803495964003004 0.00031460024272062951 0.00099385947620941992 -0.0030624989178330525 0.0040836751706565116 -0.0053676465051596834 0.002270921971918128 -0.0041551062270193074 -0.0040475678127579445 -0.00063271771076718836 0.0021428863145239361 -0.00096250716280421892 0.0019427522371815115 0.00084723839546403711 -0.0053039519717381477 -0.023696514297017746 0.0078365441701382255 -0.0040176715779393817 0.00017102295700066529 -0.0007651972877742902 -0.019609231491110712 -0.012199902826756474 -0.0097244213574135228 -0.0057664225316398851 0.012731663991244781 0.0078979001634566469 0.0016499243995001501 -0.017180083567012224 -0.0018826723382096445 0.016868559151497424 -0.0020660083927909012
leaf_weight=201 83 797 34 176 37 382 27 30 41 234 25 74 26 47 25 861 25 3918 151 26 34 25 41 65 56 30 28 41 41 26
leaf_count=201 83 797 34 176 37 382 27 30 41 234 25 74 26 47 25 861 25 3918 151 26 34 25 41 65 56 30 28 41 41 26
internal_value=0.000177182 -0.00034914 -0.000996217 -0.000822165 -0.00127704 -0.00106017 0.000417145 -0.00226977 -0.00661111 -0.00172125 -0.00342353 -0.00473152 -0.00295954 -0.00632432 -0.00044 0.00153261 0.000107623 0.000118361 -0.00226341 -0.00792593 -0.00828235 -0.0107333 0.000391304 -0.00197297 0.00109457 -0.0016 -0.00555932 0.000224299 -0.000625514 0.0022069
internal_weight=7607 2382 1585 1551 1349 1312 5225 644 71 573 339 256 172 73 99 1103 668 4122 204 53 84 59 643 147 496 114 58 106 242 202
internal_count=7607 2382 1585 1551 1349 1312 5225 644 71 573 339 256 172 73 99 1103 668 4122 204 53 84 59 643 147 496 114 58 106 242 202
is_linear=0
shrinkage=0.04


Tree=177
num_leaves=31
num_cat=0
split_feature=12 4 5 0 4 5 2 0 8 1 8 0 8 8 19 5 2 20 11 5 12 4 18 5 11 7 6 4 4 13
split_gain=0.447378 1.33997 0.79558 0.962417 0.539928 1.98299 0.93259 0.665025 0.992512 0.861504 1.1054 1.31498 1.12657 0.725569 0.920926 0.833003 1.12067 1.15015 0.665909 0.634747 0.856247 0.619147 0.477892 0.451173 0.764321 2.11293 2.1597 1.4253 1.09703 0.819669
threshold=90.500000000000014 18.650000000000002 2.5500000000000003 12.850000000000003 16.850000000000005 4.3500000000000005 20.650000000000002 12.850000000000003 16.450000000000003 11.350000000000003 13.350000000000003 11.65 11.65 18.750000000000004 -0.8783796973249266 12.450000000000001 12.65 1.0000000180025095e-35 3.5500000000000003 7.2500000000000009 48.500000000000007 11.250000000000002 -0.70710678118654757 5.8500000000000005 22.750000000000004 7.6729166666666684 6.4749999999999979 4.7500000000000009 12.450000000000001 3.0500000000000003
decision_type=2 2 2 2 2 2 2 2 2 2 2 2 2 2 2 2 2 2 2 2 2 2 2 2 2 2 2 2 2 2
left_child=4 2 -2 -4 6 -6 7 9 -9 23 12 -12 -11 15 -15 16 -10 -18 -16 -13 -21 -8 -17 24 -1 27 -27 29 -28 -26
right_child=1 -3 3 -5 5 -7 21 8 13 10 11 19 -14 14 18 22 17 -19 -20 20 -22 -23 -24 -25 25 26 28 -29 -30 -31
leaf_value=0.00054494311942367331 -0.0093657000570217096 -0.0034198801320111756 0.0012766170447537826 -0.00057743484052971564 -0.0049341844253069809 0.015869189724246804 0.0020933301472781029 0.023387792398444074 0.023070229749804765 -0.0095425824246359037 -0.035362629415997285 0.004767464393696825 0.0052914398967493902 -0.0092796252420784941 -0.0021371458240781829 -0.0048165625217744734 -0.0080087200528611117 -0.045688146626596218 0.03015207717190227 -0.00048730255803898081 -0.01050924079366854 -0.043505460372957987 0.1022220828017797 -0.00020307742696807601 0.0021610469970811783 -0.0051821950432515054 0.0092779017026914067 0.020366421908608889 -0.010627132058307136 -0.010492995755277124
leaf_weight=2901 35 25 222 43 34 399 30 235 36 48 29 49 126 25 28 31 31 38 176 27 27 41 48 2501 31 31 34 205 26 95
leaf_count=2901 35 25 222 43 34 399 30 235 36 48 29 49 126 25 28 31 31 38 176 27 27 41 48 2501 31 31 34 205 26 95
internal_value=0.000161409 -0.00128834 -0.000531561 0.000225564 0.000226281 0.00159447 0.000139562 0.000187638 0.00140524 5.87181e-05 -0.00200651 -0.00475188 9.14287e-05 0.000222222 0.00172174 -0.00164324 -0.00396226 -0.00691429 0.00261463 -0.00257692 -0.00552727 -0.00438889 0.00145 0.000167554 0.000472924 -0.00111584 -0.00647826 0.000373494 -0.00196721 -0.00296063
internal_weight=7607 325 300 265 7282 433 6849 6778 648 6130 306 132 174 413 229 184 105 69 204 103 54 71 79 5824 3323 422 91 331 60 126
internal_count=7607 325 300 265 7282 433 6849 6778 648 6130 306 132 174 413 229 184 105 69 204 103 54 71 79 5824 3323 422 91 331 60 126
is_linear=0
shrinkage=0.04


Tree=178
num_leaves=31
num_cat=0
split_feature=12 11 4 17 0 9 14 11 17 20 16 9 6 10 3 2 16 8 20 11 17 14 1 16 10 9 13 11 4 12
split_gain=0.483523 0.992647 1.04586 0.814657 0.777736 1.26767 1.07122 1.17319 2.64695 1.01579 0.769366 1.18839 0.677621 1.56403 1.2066 0.920671 0.975703 1.07098 1.593 0.901017 1.7862 1.76059 1.89937 0.944102 1.88099 1.90894 0.855177 0.835796 0.77687 1.63196
threshold=73.500000000000014 11.950000000000001 18.350000000000005 -0.60355339059327362 9.9500000000000011 74.500000000000014 138.50000000000003 0.25000000000000006 0.91597561503675362 0.81174490092936691 47.500000000000007 38.500000000000007 6.849999999999997 11.050000000000002 2.5500000000000003 9.9500000000000011 1552.5000000000002 16.450000000000003 0.81174490092936691 22.750000000000004 -0.78656609248549292 127.50000000000001 4.2500000000000009 1427.5000000000002 0.75000000000000011 76.500000000000014 11.050000000000002 26.450000000000003 13.850000000000003 41.500000000000007
decision_type=2 2 2 2 2 2 2 2 2 2 2 2 2 2 2 2 2 2 2 2 2 2 2 2 2 2 2 2 2 2
left_child=10 2 3 -2 -5 6 -6 -8 9 -9 11 -1 13 19 -15 -14 -17 18 26 28 21 -21 27 24 -22 -26 -18 -23 -12 -30
right_child=1 -3 -4 4 5 -7 7 8 -10 -11 12 -13 15 14 -16 16 17 -19 -20 20 23 22 -24 -25 25 -27 -28 -29 29 -31
leaf_value=-0.032456138740689269 0.0027777876731368361 0.0042493407210993234 -0.003245392362209009 -0.00027670332169260468 0.0077404569767956632 -0.0065782453588955434 0.0027516253956459398 0.00053870504150234496 -0.015874738157584785 -0.010629873684129612 0.0003740709867438688 0.0069173289147207596 0.0084000913572818622 -0.016335080491898996 -0.0032116853034470489 0.00064551743521622056 0.065502540160477934 -0.08502997135584256 -0.0084215364452963053 0.0078824502196067764 -0.0074428092032572122 -0.01885854461266372 -0.0062434825556027312 0.0056312457767830693 -0.010397049624975244 0.00643423325162964 -0.0067203430367116634 0.00021196290469550813 -0.014304614428169809 0.0051072754723706379
leaf_weight=25 567 364 45 1573 63 26 69 83 36 28 1598 808 673 33 55 838 60 28 25 41 35 30 27 225 47 100 28 25 25 27
leaf_count=25 567 364 45 1573 63 26 69 83 36 28 1598 808 673 33 55 838 60 28 25 41 35 30 27 225 47 100 28 25 25 27
internal_value=0.000150894 -0.000260595 -0.000545965 -0.00043336 -0.000834486 -0.00267974 -0.00187143 -0.00320737 -0.00521622 -0.00210714 0.000397981 0.0015012 0.000163224 -0.000285588 -0.00548315 0.000779189 -4.08148e-06 -0.00307042 -0.00129825 -7.33607e-05 -0.00150659 -0.00570968 -0.00906024 -0.00022549 -0.00236066 -0.000351351 0.00125843 -0.00464286 0.000387644 -0.00437736
internal_weight=7607 2854 2490 2445 1878 305 279 216 147 111 4753 833 3920 2268 88 1652 979 141 113 2180 530 123 82 407 182 147 88 55 1650 52
internal_count=7607 2854 2490 2445 1878 305 279 216 147 111 4753 833 3920 2268 88 1652 979 141 113 2180 530 123 82 407 182 147 88 55 1650 52
is_linear=0
shrinkage=0.04


Tree=179
num_leaves=31
num_cat=0
split_feature=4 7 3 20 5 11 16 14 12 7 12 8 9 6 3 4 3 13 6 4 7 3 13 8 11 10 8 16 4 5
split_gain=0.434661 0.659633 1.31127 3.75134 1.1128 2.25257 2.16634 2.27211 1.02134 0.938231 0.917219 1.13212 0.752877 0.741756 0.729683 0.889764 1.09453 1.06748 0.691463 0.776681 0.915363 0.882128 1.07355 0.666455 0.646204 1.46766 1.36125 0.645756 0.627437 0.612701
threshold=7.6500000000000012 6.6729166666666675 3.7500000000000004 -0.56174490092936669 5.2500000000000009 18.950000000000003 1397.5000000000002 193.50000000000003 92.500000000000014 7.2854166666666673 29.500000000000004 10.65 82.500000000000014 7.599999999999997 11.450000000000001 16.850000000000005 20.650000000000002 13.050000000000002 5.2333333333333298 12.950000000000001 10.452083333333336 9.1500000000000004 4.3500000000000005 3.9500000000000006 15.850000000000003 7.9500000000000011 10.15 1652.5000000000002 19.250000000000004 6.0500000000000007
decision_type=2 2 2 2 2 2 2 2 2 2 2 2 2 2 2 2 2 2 2 2 2 2 2 2 2 2 2 2 2 2
left_child=29 -2 3 -3 5 9 7 -7 14 13 11 -8 -5 23 18 16 17 24 -6 -20 -21 -22 -23 -4 25 26 -16 -17 -11 -1
right_child=1 2 4 12 8 6 10 -9 -10 28 -12 -13 -14 -15 15 27 -18 -19 19 20 21 22 -24 -25 -26 -27 -28 -29 -30 -31
leaf_value=0.00014668124009286124 0.019611178286682265 -0.035372068996113948 -0.022764212662454361 0.0086561372923854695 -4.8991271226574517e-05 -0.0026766680756245033 -0.0064225069498408949 -0.034557819560018604 -0.0018690750725329954 0.02140729270246821 0.019306760635231086 0.012659013960824188 -0.0056618380783534338 -0.045545119434591087 0.0099166763674009648 0.037889315040540786 -0.0224539229817062 -0.0054060270234889407 0.019492097335191742 -0.033319150698963587 0.03680959464232321 -0.070473833421737214 0.068748571874851824 0.019850873625604289 0.0013958295437001326 0.0020319262857143787 -0.017239008832337085 -0.0080386524189619453 -0.0031155766741400221 -0.00038618289530004352
leaf_weight=2987 338 26 27 52 161 36 39 38 51 223 38 27 26 25 25 274 29 26 575 32 97 31 45 29 307 100 39 42 25 1837
leaf_count=2987 338 26 27 52 161 36 39 38 51 223 38 27 26 25 25 274 29 26 575 32 97 31 45 29 307 100 39 42 25 1837
internal_value=0.000166667 0.000564655 0.000335241 -0.0040381 0.00053117 -0.00112598 -0.00473743 -0.00992 0.000989646 0.000836364 -0.000990476 -0.0038209 0.000405063 -0.00287805 0.00115022 0.000294188 -0.000713472 -0.00026506 0.00191507 0.00240717 0.000291262 0.00144828 -0.00176623 -0.000280702 0.000177966 -0.00184242 -0.00652308 0.00196845 0.00205623 -6.3005e-05
internal_weight=7607 2783 2445 104 2341 507 178 74 1834 329 104 66 78 81 1783 842 526 497 941 780 205 173 76 56 471 164 64 316 248 4824
internal_count=7607 2783 2445 104 2341 507 178 74 1834 329 104 66 78 81 1783 842 526 497 941 780 205 173 76 56 471 164 64 316 248 4824
is_linear=0
shrinkage=0.04


Tree=180
num_leaves=31
num_cat=0
split_feature=12 4 15 4 9 11 18 14 4 8 1 14 17 19 6 9 9 15 18 10 9 14 19 0 11 6 0 11 12 10
split_gain=0.938115 1.9289 1.12326 1.05915 1.20536 1.04302 1.01529 1.00858 1.14039 0.950141 1.15698 1.12073 0.883223 0.794593 0.771193 1.17955 1.02274 0.758508 0.725651 1.27405 0.925659 1.34783 0.991841 1.86778 1.26027 1.48038 0.929743 0.832587 1.43278 0.810051
threshold=72.500000000000014 16.450000000000003 0.45000000000000007 21.450000000000003 59.500000000000007 11.350000000000003 0.78656609248549303 216.50000000000003 9.6500000000000004 3.7500000000000004 1.6500000000000001 119.50000000000001 1.0000000180025095e-35 1.0000000180025095e-35 1.9499999999999955 73.500000000000014 105.50000000000001 1.0000000180025095e-35 -0.3794095225512602 12.950000000000001 74.500000000000014 140.50000000000003 0.6078576107927941 6.1500000000000012 15.750000000000002 7.8083333333333309 8.4500000000000011 14.750000000000002 53.500000000000007 0.45000000000000007
decision_type=2 2 2 2 2 2 2 2 2 2 2 2 2 2 2 2 2 2 2 2 2 2 2 2 2 2 2 2 2 2
left_child=2 6 5 -3 -5 -1 12 8 9 10 -8 -12 13 -2 15 -7 -17 -14 19 20 22 -22 26 -24 -25 -26 27 28 -16 -20
right_child=1 3 -4 4 -6 14 7 -9 -10 -11 11 -13 17 -15 18 16 -18 -19 29 -21 21 -23 23 24 25 -27 -28 -29 -30 -31
leaf_value=0.0013480975067278809 -5.3764301238194737e-05 -0.0054383158939418034 -0.011069663783159919 -0.0030027684735619048 0.011368133890225816 -0.0041883882981262584 9.2757493958968963e-05 0.0023788525378988508 -0.027583131704898563 -0.00035171921098980599 -0.01191496157571645 -0.0069620325036688991 -0.00058314373693690814 0.0089627879607002553 -0.024190204803255212 0.00065461180425766441 -0.0015988686725811573 0.00077608663453598012 -0.0012885710087594576 0.0038793695176040218 -0.036846755891845953 -0.0022429460297034264 0.030969923401217431 -0.016908748779368168 -0.02713939340756958 0.0012590676526669277 0.012286570471366909 -7.3625573462246047e-05 0.00043507419170809198 0.0015027027428781326
leaf_weight=1387 568 47 38 26 27 28 40 74 29 145 30 36 1297 424 29 109 26 257 207 200 25 69 37 39 32 40 217 124 31 1997
leaf_count=1387 568 47 38 26 27 28 40 74 29 145 30 36 1297 424 29 109 26 257 207 200 25 69 37 39 32 40 217 124 31 1997
internal_value=4.45261e-05 -0.000506498 0.000401208 -0.00594059 -0.002 0.00045846 -0.000317132 -0.00232113 -0.00341637 -0.00252381 -0.00538318 -0.00859701 -3.76913e-05 0.00089426 6.2286e-05 -0.00260976 -0.00102941 -0.000632797 0.000206037 -0.000791469 -0.00165838 -0.00530526 -0.00102545 -0.00381208 -0.00639286 -0.00317808 9.9504e-06 -0.00207568 -0.00590164 0.000587755
internal_weight=7635 3000 4635 100 53 4597 2900 354 280 251 106 66 2546 992 3210 163 135 1554 3047 843 643 94 549 148 111 72 401 184 60 2204
internal_count=7635 3000 4635 100 53 4597 2900 354 280 251 106 66 2546 992 3210 163 135 1554 3047 843 643 94 549 148 111 72 401 184 60 2204
is_linear=0
shrinkage=0.04


Tree=181
num_leaves=31
num_cat=0
split_feature=12 5 5 10 9 13 12 11 7 11 10 11 15 20 12 10 13 17 10 11 9 16 5 14 16 8 6 5 14 5
split_gain=0.900558 1.55643 0.711335 0.750442 0.566213 0.562336 0.592771 0.846519 1.19322 0.826266 0.813885 0.813317 1.12223 1.40108 1.31041 0.89541 1.28085 1.06284 1.00877 1.83278 1.35778 0.7912 0.734672 0.724174 1.19669 0.715632 1.07066 1.52311 0.84351 1.12102
threshold=90.500000000000014 15.15 2.5500000000000003 18.650000000000002 72.500000000000014 0.35000000000000003 72.500000000000014 11.950000000000001 12.289583333333335 11.350000000000003 8.6500000000000004 8.8500000000000032 1.0000000180025095e-35 -0.56174490092936669 78.500000000000014 15.250000000000002 1.7500000000000002 0.78656609248549325 4.0500000000000007 -1.7499999999999998 69.500000000000014 152.50000000000003 9.9500000000000011 166.50000000000003 157.50000000000003 12.15 11.050000000000002 9.2500000000000018 185.50000000000003 1.4500000000000002
decision_type=2 2 2 2 2 2 2 2 2 2 2 2 2 2 2 2 2 2 2 2 2 2 2 2 2 2 2 2 2 2
left_child=5 2 -2 4 -4 -1 9 8 11 -7 -10 15 13 -13 -15 18 -17 -18 19 -8 21 -21 -9 24 -24 26 28 -28 29 -11
right_child=1 -3 3 -5 -6 6 7 22 10 25 -12 12 -14 14 -16 16 17 -19 -20 20 -22 -23 23 -25 -26 -27 27 -29 -30 -31
leaf_value=0.0046512508515923062 -0.0088444716621760462 -0.0016581093400109567 0.0010865565630058013 -0.0022102532682548299 -0.00099678961669722376 0.0011454962300404387 -0.0034195336162075964 0.032857842662356494 -0.0029679016292679084 -0.0048544768239523048 -0.0070570043935599264 0.0049190123422371999 0.019533902061262872 -0.02739865213933429 -0.0063673690505778278 0.002625613322556015 -0.020006530563924953 -0.0017246127402314223 0.0001358050269435439 0.00069673426744332342 0.0030861303557408867 -0.029220114342432532 -0.017425188585487507 0.0077879396426869295 0.0068627001658443142 0.0038110577933192519 -0.021434345744556521 0.00044597086675935289 -0.00088816869519735763 0.0018879113812076717
leaf_weight=99 40 38 200 26 41 1374 26 160 25 60 33 33 26 32 42 89 28 60 1702 26 102 34 29 125 25 965 51 62 1083 999
leaf_count=99 40 38 200 26 41 1374 26 160 25 60 33 33 26 32 42 89 28 60 1702 26 102 34 29 125 25 965 51 62 1083 999
internal_value=8.64328e-05 -0.00190751 -0.000948052 -0.00019403 0.000512397 0.000181045 0.0001396 -0.000343341 -0.000623284 0.000412623 -0.00623729 -0.000472512 -0.00349254 -0.0052963 -0.00832 -0.000276596 -0.00298876 -0.00638202 -2.11527e-05 -0.00279365 -0.00117791 -0.00590164 0.00151765 -0.000244444 -0.00407273 6.20927e-05 -0.000328014 -0.00410526 -0.000126925 0.000675472
internal_weight=7635 345 307 267 241 7290 7191 2597 2258 4594 58 2200 133 107 74 2067 177 88 1890 188 162 60 339 179 54 3220 2255 113 2142 1059
internal_count=7635 345 307 267 241 7290 7191 2597 2258 4594 58 2200 133 107 74 2067 177 88 1890 188 162 60 339 179 54 3220 2255 113 2142 1059
is_linear=0
shrinkage=0.04


Tree=182
num_leaves=31
num_cat=0
split_feature=12 4 10 5 19 10 5 9 18 9 4 20 14 14 4 7 7 10 12 7 4 7 6 10 14 12 19 10 11 17
split_gain=0.929165 2.19137 0.860927 0.575716 0.862091 0.69448 0.539516 0.923334 1.3427 1.16781 0.941352 1.46728 0.550832 0.578668 0.665456 1.73307 0.570512 0.453172 1.10481 1.57907 0.415395 0.634614 1.48686 0.486665 1.41913 2.25955 1.31023 0.428688 0.782608 1.01534
threshold=90.500000000000014 18.650000000000002 15.850000000000003 3.1500000000000008 -0.8783796973249266 6.5500000000000007 1.2500000000000002 66.500000000000014 -0.12940952255126037 106.50000000000001 4.9500000000000011 -0.22252093395631442 23.500000000000004 339.50000000000006 5.1500000000000012 4.1187500000000012 2.7062500000000007 17.950000000000003 82.500000000000014 7.1979166666666679 1.7500000000000002 2.0979166666666669 1.7499999999999967 15.350000000000003 202.50000000000003 79.500000000000014 1.0000000180025095e-35 0.35000000000000003 17.050000000000004 -0.37940952255126065
decision_type=2 2 2 2 2 2 2 2 2 2 2 2 2 2 2 2 2 2 2 2 2 2 2 2 2 2 2 2 2 2
left_child=6 2 3 5 -5 -2 7 8 -1 10 -9 -12 16 17 15 -15 -8 20 -19 -20 -14 22 -22 27 25 -25 -27 28 -23 -30
right_child=1 -3 -4 4 -6 -7 12 9 -10 -11 11 -13 13 14 -16 -17 -18 18 19 -21 21 23 -24 24 -26 26 -28 -29 29 -31
leaf_value=0.00064353943602007719 0.0036425036711763563 -0.0049680407626419123 -0.0010673186381321826 -0.0022777881505112261 0.001241825901254782 -0.0058447306857620845 -0.0011740617001863626 0.001490006881752522 -0.02020900987627534 -0.0051779312685965055 0.0097931952555255306 -0.0054738809253617174 0.00023239053467906403 0.0081811637504727846 0.034383267577718139 -0.021779651432457831 0.013966843631910085 0.034575497261040491 0.0073367475553714513 -0.0075577227431515431 0.00011557753266249248 0.018978749673459895 -0.020492385478850249 0.026823372487718055 -0.021608680659195478 -2.7334534659271977e-05 -0.015929037589647893 8.9706431647517816e-05 -0.008028799481684867 0.00013470713701463954
leaf_weight=35 27 25 48 29 186 30 25 192 26 25 45 31 577 57 204 32 313 142 47 25 35 30 30 118 46 27 28 5140 30 30
leaf_count=35 27 25 48 29 186 30 25 192 26 25 45 31 577 57 204 32 313 142 47 25 35 30 30 118 46 27 28 5140 30 30
internal_value=0.000117863 -0.00190751 -0.000996885 -0.000117216 0.000833333 -0.00365517 0.000213963 -0.00130704 -0.00574194 -0.000367347 0.000416357 -0.00332468 0.000291769 0.000210941 0.00194558 -0.000933333 0.00186431 0.000130035 0.00193488 -0.00208219 6.63166e-05 -4.06164e-05 -0.00393939 6.60565e-06 -0.00183636 -0.000160919 -0.00678571 8.41141e-05 -0.00263736 -0.0052459
internal_weight=7635 345 320 272 215 57 7290 354 61 293 268 76 6936 6598 293 89 338 6305 214 72 6091 5514 65 5449 219 173 55 5230 90 60
internal_count=7635 345 320 272 215 57 7290 354 61 293 268 76 6936 6598 293 89 338 6305 214 72 6091 5514 65 5449 219 173 55 5230 90 60
is_linear=0
shrinkage=0.04


Tree=183
num_leaves=31
num_cat=0
split_feature=12 4 10 5 0 5 4 5 14 4 6 14 11 7 7 16 12 10 12 8 4 11 7 7 9 3 9 3 8 0
split_gain=0.650192 1.74888 0.892731 0.742585 1.0094 0.707618 0.498543 0.478441 1.05988 1.4218 1.03931 0.722353 0.535112 0.526265 0.741152 0.443132 0.666195 0.393231 0.883792 1.27617 0.388541 1.04597 0.685341 1.07598 0.874662 0.752896 1.70174 0.937063 0.93382 1.10162
threshold=90.500000000000014 18.650000000000002 18.650000000000002 3.1500000000000008 4.4500000000000011 8.1500000000000004 7.6500000000000012 1.4500000000000002 99.500000000000014 6.8500000000000005 2.0249999999999972 342.50000000000006 32.550000000000004 2.3229166666666674 2.7812500000000004 222.50000000000003 49.500000000000007 17.950000000000003 81.500000000000014 12.350000000000003 7.6500000000000012 2.7500000000000004 6.8854166666666679 7.2395833333333348 81.500000000000014 4.6500000000000012 87.500000000000014 11.450000000000001 7.1500000000000012 6.0500000000000007
decision_type=2 2 2 2 2 2 2 2 2 2 2 2 2 2 2 2 2 2 2 2 2 2 2 2 2 2 2 2 2 2
left_child=7 2 3 4 -2 -5 -7 8 9 10 -1 13 17 -10 -15 -16 -17 20 -19 -20 -9 -22 -23 24 -24 26 -25 28 29 -27
right_child=1 -3 -4 5 -6 6 -8 12 11 -11 -12 -13 -14 14 15 16 -18 18 19 -21 21 22 23 25 -26 27 -28 -29 -30 -31
leaf_value=-0.0085579412199957572 0.00095570210269383857 -0.0047693191321362466 -0.0020510030469664126 0.0018415189379529444 -0.00706638938373386 -0.0015748804171531825 0.00039361612975542684 -3.8376766140951976e-05 0.002023133733924304 -0.021901006104342851 0.00096288870548491882 -0.0031988393342391491 0.017824920411611562 -0.00076065576417762369 0.011257664331290969 0.0053876406115824027 -0.0032194245040939795 0.045566672228782371 0.0066493149159003494 -0.0068717071745639513 0.032354924222215822 0.013231416520515271 -0.018156799443062394 0.0012098936616941299 0.0040332609168741117 0.0002663575014080956 -0.015388423918244139 -0.0011867409945207237 0.021067208097315351 -0.003218936923007665
leaf_weight=25 34 25 27 135 25 39 60 4002 122 26 57 33 118 49 47 70 41 131 53 30 268 295 46 80 27 199 28 891 617 35
leaf_count=25 34 25 27 135 25 39 60 4002 122 26 57 33 118 49 47 70 41 131 53 30 268 295 46 80 27 199 28 891 617 35
internal_value=0.000133578 -0.00156069 -0.000747663 -9.52379e-05 -0.00406667 0.000919149 -0.00164 0.000213963 -0.00101911 -0.00447706 -0.00183133 2.20387e-05 0.000299077 0.00059394 -0.000634615 0.000704403 -0.000678571 0.000251828 0.00193488 -0.00128571 0.000196024 0.000588661 0.000302839 2.70272e-05 -0.0047027 0.0002161 -0.00300917 0.000417671 0.0013662 -0.000782979
internal_weight=7635 345 320 293 59 234 99 7290 470 108 82 362 6820 329 207 158 111 6702 214 83 6488 2486 2218 1923 73 1850 108 1742 851 234
internal_count=7635 345 320 293 59 234 99 7290 470 108 82 362 6820 329 207 158 111 6702 214 83 6488 2486 2218 1923 73 1850 108 1742 851 234
is_linear=0
shrinkage=0.04


Tree=184
num_leaves=31
num_cat=0
split_feature=12 4 11 11 10 4 19 9 7 5 9 14 4 16 5 4 5 12 7 13 9 20 11 9 5 9 10 14 7 4
split_gain=0.746474 1.47299 0.888841 0.836845 0.931497 1.61582 0.898578 1.05535 1.50098 1.17712 1.3571 0.864362 1.01875 0.908729 1.13704 0.970117 1.01835 1.04139 2.13762 0.872814 0.908487 1.09808 1.01243 1.7574 0.868042 0.845987 1.49724 0.820471 0.791069 1.552
threshold=72.500000000000014 16.450000000000003 11.350000000000003 12.750000000000002 15.250000000000002 7.1500000000000012 1.0000000180025095e-35 71.500000000000014 2.8479166666666669 2.4500000000000006 65.500000000000014 35.500000000000007 5.7500000000000009 57.500000000000007 15.850000000000003 2.4500000000000006 2.2500000000000004 76.500000000000014 5.1895833333333341 0.45000000000000007 81.500000000000014 -0.56174490092936669 2.7500000000000004 58.500000000000007 2.8500000000000001 51.500000000000007 9.4500000000000011 151.50000000000003 2.7062500000000007 2.8500000000000001
decision_type=2 2 2 2 2 2 2 2 2 2 2 2 2 2 2 2 2 2 2 2 2 2 2 2 2 2 2 2 2 2
left_child=2 3 -1 4 6 -6 11 8 9 10 -8 12 -2 14 19 -15 -17 18 -18 -13 21 22 24 -24 -21 26 -23 -3 -9 -30
right_child=1 27 -4 -5 5 -7 7 28 -10 -11 -12 13 -14 15 -16 16 17 -19 -20 20 -22 25 23 -25 -26 -27 -28 -29 29 -31
leaf_value=0.0010741152822625567 0.023085571034454907 -0.0026969828806344023 2.323136946743868e-05 0.0041290056111225925 -0.00061519148229955041 -0.0044394924256077909 -0.01908188951364689 0.0027275346679412004 0.0024592124063148582 0.0021431204061873751 -0.0001383175532270636 0.015358757150486178 -0.017421713815725829 0.0024903150230467233 -0.0095252192883975434 -0.026872209220859304 -0.0081270600281123026 0.001910699926427524 0.010852670102891553 -0.010254741365909601 -0.0014253819788452077 -0.0081067163001055671 -0.00085118876693102846 -0.028894037469262668 0.0012798145363335206 7.7817986243433021e-05 0.00098996800839344602 -0.00094607406228068211 -0.012028108824789637 -0.001072354542210711
leaf_weight=1398 27 41 3237 315 218 43 32 57 596 55 35 62 25 127 30 43 25 272 45 27 28 36 29 28 64 446 47 59 28 160
leaf_count=1398 27 41 3237 315 218 43 32 57 596 55 35 62 25 127 30 43 25 272 45 27 28 36 29 28 64 446 47 59 28 160
internal_value=9.16712e-05 -0.000399867 0.000409836 -0.000234402 -0.000471771 -0.00273282 -0.000216774 0.000717842 0.00149096 -0.00253659 -0.00605882 -0.00087812 -0.00588679 -0.000674809 -0.0015188 0.000639376 -0.000362694 0.000373178 -0.00394366 -0.00121354 -0.00161473 -0.00131563 -0.00434899 -0.00848276 -0.00169565 -0.000460377 -0.00414286 -0.00514851 -0.00154472 -0.00279365
internal_weight=7635 3000 4635 2900 2585 261 2324 963 718 122 67 1361 52 1309 797 512 385 342 70 767 705 677 148 57 91 529 83 100 245 188
internal_count=7635 3000 4635 2900 2585 261 2324 963 718 122 67 1361 52 1309 797 512 385 342 70 767 705 677 148 57 91 529 83 100 245 188
is_linear=0
shrinkage=0.04


Tree=185
num_leaves=31
num_cat=0
split_feature=12 8 2 7 7 9 9 12 11 5 20 0 8 16 7 14 20 11 20 11 19 18 12 4 11 13 16 5 0 5
split_gain=0.497422 1.86597 1.60454 1.27475 0.938852 2.14773 2.26123 0.930637 1.16396 1.67121 1.45433 1.00668 0.880853 1.1924 0.819812 0.773263 1.32871 0.759824 3.81219 0.895997 0.853426 2.93598 0.958239 1.13748 1.4784 1.24977 0.813917 0.932538 2.22519 0.729103
threshold=82.500000000000014 4.9500000000000011 3.0500000000000003 7.0895833333333336 4.7520833333333341 59.500000000000007 53.500000000000007 83.500000000000014 2.3500000000000001 9.8500000000000032 0.81174490092936691 11.250000000000002 4.3500000000000005 32.500000000000007 4.3020833333333339 75.500000000000014 0.81174490092936691 -3.0499999999999994 1.0000000180025095e-35 14.15 -0.8783796973249266 0.25881904510252057 14.500000000000002 4.2500000000000009 28.850000000000005 8.0500000000000025 52.500000000000007 3.4500000000000006 2.2500000000000004 23.000000000000004
decision_type=2 2 2 2 2 2 2 2 2 2 2 2 2 2 2 2 2 2 2 2 2 2 2 2 2 2 2 2 2 2
left_child=12 -2 -3 4 5 6 14 -5 9 11 -10 -9 17 -14 -4 16 29 18 -1 -19 21 -21 -22 -24 25 26 -25 -28 -29 -15
right_child=1 2 3 7 -6 -7 -8 8 10 -11 -12 -13 13 15 -16 -17 -18 19 -20 20 22 -23 23 24 -26 -27 27 28 -30 -31
leaf_value=0.019776216978827796 0.00088115771679516319 -0.015063304515091015 -0.0029658798138511035 -0.010688436166236957 0.0019607512639721529 0.0041941773641899121 -0.027434289150093449 0.016777665155038975 0.0007459988495553641 -0.0046704730524933782 -0.010208734765493168 -0.0057191409705480978 0.0120808656597447 0.029140150012037513 0.001676185184799004 4.7750266680620304e-05 -0.0092175469856488265 0.00012969555207372645 -0.0096014052595478541 -0.012715884926862658 -0.0097592390487472244 0.00052446722263232775 0.0032937661300818061 0.0019943986835694147 0.029198259577584408 2.8681436838198829e-05 -0.00082711346976025834 -0.00095345181734686772 -0.02173389287192224 -0.0061534246963812281
leaf_weight=49 670 33 38 36 295 82 34 46 214 38 45 25 608 425 25 3074 107 1139 27 31 30 55 160 25 55 102 35 31 48 34
leaf_count=49 670 33 38 36 295 82 34 46 214 38 45 25 608 425 25 3074 107 1139 27 31 30 55 160 25 55 102 35 31 48 34
internal_value=0.000102928 -0.000528445 -0.00170614 -0.00137429 3.36844e-05 -0.00224444 -0.0062449 -0.00302222 -0.0024065 -0.00585455 -0.000938461 -0.00216667 0.00026839 0.000581784 -0.0016875 0.000307608 0.0016649 -0.00047651 -0.00436364 -0.000301402 -0.00159162 -0.00524138 -0.000936345 -0.000472648 -0.00193939 -0.00328926 -0.00574286 -0.00716522 -0.00955 0.0026
internal_weight=7616 1581 911 878 474 179 97 404 368 109 259 71 6035 4248 63 3640 566 1787 76 1711 572 86 486 456 296 241 139 114 79 459
internal_count=7616 1581 911 878 474 179 97 404 368 109 259 71 6035 4248 63 3640 566 1787 76 1711 572 86 486 456 296 241 139 114 79 459
is_linear=0
shrinkage=0.04


Tree=186
num_leaves=31
num_cat=0
split_feature=11 7 7 12 11 0 17 16 4 4 14 3 6 0 7 5 20 0 4 4 2 9 1 8 20 11 5 14 9 7
split_gain=0.459775 0.660751 1.30823 0.461837 0.989662 1.23984 0.87007 1.5179 0.975188 0.846432 0.854862 0.891328 1.51119 0.941295 1.45421 1.44227 0.851971 0.843958 0.840837 0.94608 1.45254 1.41617 1.08724 0.831683 1.79421 1.79121 0.824889 1.05437 1.08864 0.799097
threshold=-5.8499999999999988 5.6479166666666671 4.8229166666666679 47.500000000000007 12.350000000000003 6.1500000000000012 -0.78656609248549292 1257.5000000000002 18.550000000000004 1.6500000000000001 143.50000000000003 4.7500000000000009 2.6666666666666639 8.1500000000000004 7.0020833333333341 4.8500000000000005 1.0000000180025095e-35 2.1500000000000008 1.9500000000000002 5.7500000000000009 8.4500000000000011 64.500000000000014 5.4500000000000011 7.5500000000000007 -0.22252093395631442 23.650000000000002 4.9500000000000011 307.50000000000006 84.500000000000014 2.4979166666666672
decision_type=2 2 2 2 2 2 2 2 2 2 2 2 2 2 2 2 2 2 2 2 2 2 2 2 2 2 2 2 2 2
left_child=1 2 -1 4 -2 23 8 9 29 -8 16 12 -12 17 15 -15 18 -14 -11 -20 21 -21 -23 -6 -25 -26 27 -7 -29 -5
right_child=3 -3 -4 6 5 26 7 -9 -10 10 11 -13 13 14 -16 -17 -18 -19 19 20 -22 22 -24 24 25 -27 -28 28 -30 -31
leaf_value=0.014670296503703256 0.010070231907631861 0.028127531163671688 -0.0067737340467312534 -0.0036057992875350065 -0.00032596327072670101 0.0010922181365014298 0.00053775774095764532 -0.0069647604142702938 -0.0032219993531170162 -0.0019218561849947309 0.00061450624855563648 0.00040795648496052037 -0.0061101417767599276 -0.010723990183113053 -0.01809042127803228 0.0059888249963272805 -0.0054870241769393261 -0.00061061859272679576 0.0034640995801225099 -0.024162959789351946 0.0042097437887559574 0.0072406599703368274 -0.019059575660983638 0.057439726656051557 -0.0072800218772072411 -0.010848062777162009 0.013324671613486654 0.00051700627120383964 -0.022122781196918854 0.011553022015051552
leaf_weight=85 302 118 26 89 949 160 492 34 39 39 279 1667 25 33 34 59 338 627 198 36 95 47 41 34 59 29 878 31 33 740
leaf_count=85 302 118 26 89 949 160 492 34 39 39 279 1667 25 33 34 59 338 627 198 36 95 47 41 34 59 29 878 31 33 740
internal_value=0.000134436 0.00189565 -0.000321428 7.95887e-05 0.000525041 0.000226311 -0.000144921 -0.000391594 0.00100345 -0.000319122 -0.000536516 -0.000199633 -0.00110775 -0.00201284 -0.00516535 -0.00249462 -0.00169057 -0.00139663 -0.000560175 -2.8708e-05 -0.00183636 -0.004672 -0.00188764 -0.000742537 -0.0038374 -0.00683146 0.00116772 -0.000995555 -0.00529231 0.00129639
internal_weight=7616 229 111 7387 2475 2173 4912 4044 868 4010 3518 2724 1057 778 126 92 794 652 456 417 219 124 88 1071 122 88 1102 224 64 829
internal_count=7616 229 111 7387 2475 2173 4912 4044 868 4010 3518 2724 1057 778 126 92 794 652 456 417 219 124 88 1071 122 88 1102 224 64 829
is_linear=0
shrinkage=0.04


Tree=187
num_leaves=31
num_cat=0
split_feature=13 11 19 4 5 4 1 12 1 19 14 7 11 12 9 1 13 19 19 3 17 11 13 18 9 8 11 3 19 8
split_gain=0.544432 0.476517 0.84846 0.458663 0.915862 0.914213 0.758198 0.995521 1.4787 0.807616 0.908109 0.738464 0.722301 0.685882 2.87439 0.752522 0.684087 1.34637 0.721762 0.965218 0.91957 0.955869 1.48942 0.829883 2.72275 3.94805 2.36594 1.08962 0.786168 0.756157
threshold=0.45000000000000007 3.0500000000000003 1.0000000180025095e-35 8.1500000000000004 8.9500000000000011 9.0500000000000025 15.750000000000002 89.500000000000014 7.3500000000000005 -0.8783796973249266 261.50000000000006 9.4645833333333353 0.75000000000000011 16.500000000000004 101.50000000000001 3.1500000000000008 16.150000000000002 1.0000000180025095e-35 1.0000000180025095e-35 8.5500000000000025 -0.25881904510252113 -3.0499999999999994 2.6500000000000008 0.25881904510252057 75.500000000000014 8.6500000000000004 19.150000000000002 6.0500000000000007 -0.60785761079279388 5.3500000000000005
decision_type=2 2 2 2 2 2 2 2 2 2 2 2 2 2 2 2 2 2 2 2 2 2 2 2 2 2 2 2 2 2
left_child=1 2 -1 4 11 -5 7 9 -9 -6 -11 13 -7 14 -2 -16 18 -18 19 23 -20 22 -22 24 -15 26 28 -25 -26 -30
right_child=3 -3 -4 5 6 12 -8 8 -10 10 -12 -13 -14 16 15 -17 17 -19 20 -21 21 -23 -24 27 25 -27 -28 -29 29 -31
leaf_value=0.017304788150598702 -0.012764286891577927 0.013266397533065313 -0.0070369333616342924 0.01320114607548605 0.0068845619882811184 0.053515261114347838 0.024048651204058743 0.00013334368169621878 -0.0030714256734835181 -0.0020689830260702076 0.0016281178131465235 -0.0055236852576634474 -2.0253420878889771e-05 -7.1259293294676147e-05 -0.0027885294174048825 0.016193994651327419 0.0016146774862488651 -0.0056561062403756883 0.0082761070854452858 0.012977900765348585 0.015314688212282211 0.00041947626646597099 -0.0079249367836281247 0.00079545401395924881 0.00121357251247003 -0.018187795425816108 -0.016554407992969412 -0.0073579385405741597 -0.0018848749999740822 0.035808504955874003
leaf_weight=94 25 105 52 418 113 111 67 28 27 592 122 26 1944 795 36 47 43 52 664 229 37 895 42 732 80 47 35 80 52 26
leaf_count=94 25 105 52 418 113 111 67 28 27 592 122 26 1944 795 36 47 43 52 664 229 37 895 42 732 80 47 35 80 52 26
internal_value=9.2425e-05 0.00192064 0.000435374 2.98671e-05 -0.000194564 0.000473727 -0.00130947 -0.00162174 -0.00678571 -0.00127053 -0.00176783 7.40367e-05 0.000126459 0.000119449 -0.00300917 0.000619048 0.000208924 -0.003125 0.00029502 -0.000200289 0.000922514 0.000139487 -0.00405 -0.000504329 -0.00125483 -0.00497925 -0.00241237 0.000452645 -0.000301887 -0.00313924
internal_weight=7616 251 146 7365 4892 2473 949 882 55 827 714 3943 2055 3917 108 83 3809 95 3714 2076 1638 974 79 1847 1035 240 193 812 158 78
internal_count=7616 251 146 7365 4892 2473 949 882 55 827 714 3943 2055 3917 108 83 3809 95 3714 2076 1638 974 79 1847 1035 240 193 812 158 78
is_linear=0
shrinkage=0.04


Tree=188
num_leaves=31
num_cat=0
split_feature=19 1 18 0 7 14 5 7 14 10 5 7 1 10 2 7 7 5 4 14 6 7 4 11 0 19 7 11 7 12
split_gain=0.542668 1.10646 1.33245 2.22745 1.28431 1.73151 1.22343 1.21242 2.02548 0.81695 0.879222 0.857229 0.742151 1.07457 1.04215 1.1335 0.891239 1.02324 1.12533 1.08502 1.51481 0.978276 1.10812 0.960644 1.00913 1.13326 1.86478 0.847167 1.10972 0.784572
threshold=-0.60785761079279388 15.350000000000003 -0.5 32.500000000000007 6.2520833333333341 18.500000000000004 10.15 5.7145833333333336 155.50000000000003 11.250000000000002 10.550000000000002 8.7625000000000028 15.350000000000003 1.0500000000000003 10.750000000000002 6.2520833333333341 13.410416666666668 9.6500000000000004 17.050000000000004 307.50000000000006 1.4999999999999962 10.350000000000001 10.350000000000003 15.950000000000001 6.9500000000000011 1.0000000180025095e-35 7.4895833333333348 16.950000000000003 10.175000000000002 35.500000000000007
decision_type=2 2 2 2 2 2 2 2 2 2 2 2 2 2 2 2 2 2 2 2 2 2 2 2 2 2 2 2 2 2
left_child=1 4 -3 -4 5 -1 -6 -7 -9 10 -8 -11 14 -14 16 -16 17 18 19 27 -21 22 -19 -22 25 -25 -27 28 29 -2
right_child=12 2 3 -5 6 7 9 8 -10 11 -12 -13 13 -15 15 -17 -18 21 -20 20 23 -23 -24 24 -26 26 -28 -29 -30 -31
leaf_value=-0.0089290115799276898 0.025592385460538686 0.0085743192291693696 -0.025736170793739854 0.47011573606146967 0.031757319618109799 0.00033548698000383277 -0.0039276589236009688 -0.02631269872461206 0.0095717018134524722 0.028401303398716941 0.0018020968801336606 -0.0016805930956564478 -0.0083472798311560823 0.022064652721783064 -0.048875204855694174 -0.0012427527942028859 0.10107749807724593 -0.001218162652834087 -0.0039423195663109527 -0.0017263712789325756 0.0022615099177107421 0.0015923659094912296 -0.018800405720126107 -0.0080880580716620673 0.00069003194444544494 0.0010254361269014176 -0.018940155585365971 0.0050872674255536821 -0.016751053714031756 1.8565607640912829e-05
leaf_weight=29 83 84 83 32 550 972 29 59 64 25 222 26 34 393 25 579 86 506 26 26 149 150 45 41 68 68 25 791 26 2320
leaf_count=29 83 84 83 32 550 972 29 59 64 25 222 26 34 393 25 579 86 506 26 26 149 150 45 41 68 68 25 791 26 2320
internal_value=8.19222e-05 0.000615809 -0.00222 -0.005 0.000902377 1.42224e-05 0.00207268 0.000273723 -0.00345161 2.64028e-05 0.000968254 -0.00453846 -0.000131569 0.00146729 -0.000267996 -0.00182479 -5.44093e-05 -0.000135029 0.000135762 0.000196776 -0.00183069 -0.00153276 -0.00231159 -0.001125 -0.00291626 -0.00491852 -0.00242553 0.000434648 6.41977e-05 0.000154742
internal_weight=7616 2175 199 115 1976 1124 852 1095 123 302 251 51 5441 427 5014 604 4410 4324 3623 3597 377 701 551 351 202 134 93 3220 2429 2403
internal_count=7616 2175 199 115 1976 1124 852 1095 123 302 251 51 5441 427 5014 604 4410 4324 3623 3597 377 701 551 351 202 134 93 3220 2429 2403
is_linear=0
shrinkage=0.04


Tree=189
num_leaves=31
num_cat=0
split_feature=13 16 12 4 13 10 10 8 8 20 11 3 7 4 1 3 18 5 5 5 7 11 12 4 4 4 13 10 10 19
split_gain=0.561824 1.23699 0.756063 0.865201 0.891613 0.634752 1.13677 0.703321 1.30611 0.81291 1.3337 0.88607 1.31026 0.743492 0.755375 1.26999 0.788191 0.678299 0.85371 0.62545 1.2753 1.59954 1.18928 0.749438 0.713461 0.687033 1.43584 1.12543 1.1054 0.926015
threshold=8.9500000000000011 172.50000000000003 22.500000000000004 5.0500000000000007 5.1500000000000012 6.0500000000000007 6.7500000000000009 2.6500000000000008 2.4500000000000006 -0.56174490092936669 11.350000000000003 11.250000000000002 14.312500000000002 7.5500000000000007 3.4500000000000006 3.1500000000000008 0.25881904510252057 6.5500000000000007 3.2500000000000004 9.6500000000000004 10.622916666666669 28.550000000000004 87.500000000000014 18.450000000000003 21.050000000000004 5.7500000000000009 2.4500000000000006 7.6500000000000012 12.750000000000002 -1.0000000180025095e-35
decision_type=2 2 2 2 2 2 2 2 2 2 2 2 2 2 2 2 2 2 2 2 2 2 2 2 2 2 2 2 2 2
left_child=2 -2 3 4 -1 7 -7 8 17 -9 -11 13 -13 14 15 -12 -16 18 -3 23 25 22 -22 -4 -25 -21 27 -27 -29 -28
right_child=1 5 19 -5 -6 6 -8 9 -10 10 11 12 -14 -15 16 -17 -18 -19 -20 20 21 -23 -24 24 -26 26 29 28 -30 -31
leaf_value=-0.0046992306708846408 -0.012573298145906769 -8.766601999627159e-05 0.00037711292683587295 0.026224465528815102 0.0033629283309694847 -0.0098299950545568428 -8.556759781346292e-05 0.0079242507738234089 -0.0044411852218315222 0.0098941762187589374 -0.00046628476083418333 -0.0080227942408553025 0.030800586293345256 0.0013175264735586002 -0.0037967491664339516 -0.019867189746926871 0.0058435758504515288 0.00196989445652392 -0.0035476716681104538 -0.00020758965546566186 0.01042023300214104 -0.01012281814226308 -0.0016842403635753626 -0.0068389065261920592 0.0017496617468034437 -0.0073170421758338416 0.0036426034962385046 0.00013349871175437949 -0.0042429506346394934 -0.0029841321843516754
leaf_weight=50 27 167 4420 227 44 27 60 229 37 134 28 66 34 178 33 26 74 76 76 369 654 33 78 33 26 29 135 46 27 173
leaf_count=50 27 167 4420 227 44 27 60 229 37 134 28 66 34 178 33 26 74 76 76 369 654 33 78 33 26 29 135 46 27 173
internal_value=8.19222e-05 -0.000684996 0.000235776 0.00212422 -0.00109474 -0.000497592 -0.00377273 -0.00024849 -0.00172549 0.000408468 -0.000397212 -0.00146364 -0.00475247 -0.000482353 -0.00244444 -0.00625455 -0.000481481 -0.0008875 -0.00191803 0.000134794 -0.000559223 0.000600522 0.000993179 0.000374107 -0.00406667 -0.00169744 -0.00282238 -0.00691262 -0.00416216 -0.00144984
internal_weight=7616 1272 6344 321 94 1245 87 1158 356 802 573 439 100 339 161 54 107 319 243 6023 1544 765 732 4479 59 779 410 102 73 308
internal_count=7616 1272 6344 321 94 1245 87 1158 356 802 573 439 100 339 161 54 107 319 243 6023 1544 765 732 4479 59 779 410 102 73 308
is_linear=0
shrinkage=0.04


Tree=190
num_leaves=31
num_cat=0
split_feature=9 5 12 4 9 9 7 9 0 9 19 5 19 14 14 14 11 4 9 7 1 5 4 7 13 19 14 13 4 11
split_gain=0.569972 0.54028 0.927236 1.2622 1.52938 0.846083 0.95689 1.52266 0.426272 1.01814 1.44932 0.875819 1.15569 1.25358 1.24673 2.75476 2.18509 1.09606 1.4767 1.11987 1.04493 1.07553 0.946582 0.810369 0.714148 0.765298 0.611824 0.552776 0.704257 1.47165
threshold=125.50000000000001 16.950000000000003 75.500000000000014 5.9500000000000011 113.50000000000001 64.500000000000014 12.389583333333336 51.500000000000007 8.5500000000000025 41.500000000000007 1.0000000180025095e-35 9.9500000000000011 0.87837969732492682 107.50000000000001 245.50000000000003 196.50000000000003 12.350000000000003 8.4500000000000011 80.500000000000014 7.1979166666666679 8.8500000000000032 5.0500000000000007 18.550000000000004 11.61875 6.4500000000000011 1.0000000180025095e-35 160.50000000000003 13.750000000000002 5.0500000000000007 -6.4499999999999993
decision_type=2 2 2 2 2 2 2 2 2 2 2 2 2 2 2 2 2 2 2 2 2 2 2 2 2 2 2 2 2 2
left_child=1 8 3 -3 -5 6 -4 -8 11 10 23 20 13 -13 15 17 -17 18 19 26 22 -22 27 -10 -16 -26 -15 28 29 -1
right_child=-2 2 5 4 -6 -7 7 -9 9 -11 -12 12 -14 14 24 16 -18 -19 -20 -21 21 -23 -24 -25 25 -27 -28 -29 -30 -31
leaf_value=-0.0065326000585744937 0.017979904148924822 -0.011955065862876077 0.00053383587488707313 0.011752163194904746 -0.0075503211329821709 0.013506238884514351 -0.0011907643330685887 -0.027854328924059528 0.01490574037815451 0.0018411199057699877 -0.012612884039507305 0.016985913590537055 0.0040269341645723334 -0.00040441375255068199 0.0058875816625975951 -0.00035388857822706352 -0.015838884548458554 0.0008824305230513027 -0.0063296273574247088 -0.0066547292506944564 0.00057751771656624996 -0.0084753347023703816 -0.0023769769901631076 -0.010996004319674138 -0.0045308746383672938 0.0011782451182679387 0.0038726207615572879 -0.00054682683018692727 0.0016082189873086511 3.4981916804536357e-05
leaf_weight=63 59 30 36 248 25 33 36 34 40 1801 34 70 92 33 85 33 41 82 29 49 45 49 40 39 37 25 68 295 1795 2340
leaf_count=63 59 30 36 248 25 33 36 34 40 1801 34 70 92 33 85 33 41 82 29 49 45 49 40 39 37 25 68 295 1795 2340
internal_value=4.99546e-05 1.94024e-05 -0.00133634 -9.21051e-05 0.000773723 -0.00402857 -0.00575701 -0.0084507 0.000102978 0.000614099 -0.00305263 -8.27009e-05 -0.00146357 -0.00215552 -0.00288199 -0.00422619 -0.0109867 -0.00227481 -0.00402222 -0.00238411 0.000109767 -0.00404211 0.000196736 -4.99999e-05 0.000189189 -0.00304762 3.92158e-05 0.000251892 0.000369612 -7.82028e-05
internal_weight=7686 7627 442 303 273 139 106 70 7185 1914 113 5271 644 552 482 335 74 261 179 150 4627 94 4533 79 147 62 101 4493 4198 2403
internal_count=7686 7627 442 303 273 139 106 70 7185 1914 113 5271 644 552 482 335 74 261 179 150 4627 94 4533 79 147 62 101 4493 4198 2403
is_linear=0
shrinkage=0.04


Tree=191
num_leaves=31
num_cat=0
split_feature=9 3 9 10 17 19 5 20 11 5 10 8 11 8 0 9 5 7 19 13 3 6 2 2 7 3 0 17 11 20
split_gain=0.569972 0.520746 0.874758 1.01722 0.888581 1.07135 1.45739 1.44302 1.28416 1.72061 2.25899 1.23533 1.37224 1.01386 2.14568 1.30361 0.785128 1.12789 1.16819 0.893572 1.64862 0.858884 1.40678 1.79649 1.47907 1.23142 1.10302 0.886216 1.1135 1.118
threshold=125.50000000000001 10.65 41.500000000000007 9.9500000000000011 0.12940952255126045 -0.60785761079279388 16.650000000000002 1.0000000180025095e-35 4.5500000000000007 7.3500000000000005 8.6500000000000004 14.850000000000003 19.550000000000004 12.050000000000002 7.4500000000000011 76.500000000000014 9.5500000000000025 10.88541666666667 -0.8783796973249266 1.0500000000000003 6.6500000000000012 6.3583333333333325 6.1500000000000012 6.6500000000000012 3.9145833333333337 5.7500000000000009 4.9500000000000011 -0.60355339059327362 21.750000000000004 -0.22252093395631442
decision_type=2 2 2 2 2 2 2 2 2 2 2 2 2 2 2 2 2 2 2 2 2 2 2 2 2 2 2 2 2 2
left_child=1 16 3 -3 5 6 -4 13 -9 11 -11 12 -10 14 -7 -16 21 19 -19 20 -18 22 27 24 -24 -26 -27 28 -1 -30
right_child=-2 2 4 -5 -6 7 -8 8 9 10 -12 -13 -14 -15 15 -17 17 18 -20 -21 -22 -23 23 -25 25 26 -28 -29 29 -31
leaf_value=0.0046478013087293693 0.017260707982967822 -0.006085788038409902 0.025564216501187943 -0.00027429617319695048 0.0029900228290077402 0.0043216097222624717 -0.0089486487287047806 0.029092193610008761 -0.018710690283782947 -0.00021282129030308623 -0.043065217220811775 -0.0016272174988876335 -0.035459615377001936 0.0083526953943632715 -0.0019846234380954211 -0.014225495056962051 -0.00045096748052237979 -0.0024288609803739072 0.017684335941533347 -0.00078421890583495689 -0.015597785386986652 0.0021324986859706102 -0.012059842658004107 0.0032247121387605098 0.0010544526699873301 -0.0010565663243639462 -0.0068005947429878224 -6.197806777974431e-05 -0.0083569463563941161 0.00094180103882453975
leaf_weight=884 59 34 233 49 438 90 46 28 42 126 25 31 27 218 42 49 53 35 205 812 27 1368 28 89 32 38 28 2412 41 97
leaf_count=884 59 34 233 49 438 90 46 28 42 126 25 31 27 218 42 49 53 35 205 812 27 1368 28 89 32 38 28 2412 41 97
internal_value=4.99546e-05 1.94024e-05 -0.000654496 -0.00461905 -0.000415473 -0.00109812 0.000985714 -0.00195582 -0.00415714 -0.00506349 -0.00234211 -0.00910891 -0.0120571 -0.00041 -0.00261538 -0.00691304 0.000181464 -0.000769638 0.00165975 -0.00142441 -0.0054321 0.000396174 7.56166e-05 -0.00305556 -0.00611024 -0.00371717 -0.00680597 0.000272489 0.00125904 -0.00207194
internal_weight=7686 7627 1478 83 1395 957 279 678 279 251 151 100 69 399 181 91 6149 1132 240 892 80 5017 3649 215 126 98 66 3434 1022 138
internal_count=7686 7627 1478 83 1395 957 279 678 279 251 151 100 69 399 181 91 6149 1132 240 892 80 5017 3649 215 126 98 66 3434 1022 138
is_linear=0
shrinkage=0.04


Tree=192
num_leaves=31
num_cat=0
split_feature=11 16 5 0 1 19 5 4 16 4 1 19 2 12 4 2 2 15 4 3 16 18 13 4 4 9 4 5 12 3
split_gain=0.531364 0.492521 1.06148 1.04497 1.19185 1.0023 0.995523 4.36901 1.29762 1.36988 2.96888 1.71166 2.0047 1.65551 1.14521 1.30933 1.17488 0.891961 0.856077 0.945093 1.04628 1.00692 1.09008 1.0165 0.900501 0.979145 0.818617 0.803245 0.876891 0.79062
threshold=33.350000000000001 647.50000000000011 7.0500000000000007 13.450000000000001 11.050000000000002 -0.60785761079279388 7.3500000000000005 13.850000000000003 1382.5000000000002 9.4500000000000011 6.4500000000000011 0.6078576107927941 1.4500000000000002 57.500000000000007 7.7500000000000009 3.4500000000000006 6.4500000000000011 1.0000000180025095e-35 2.0500000000000003 4.7500000000000009 462.50000000000006 -0.60355339059327384 1.0500000000000003 12.65 7.9500000000000011 69.500000000000014 9.8500000000000032 3.5500000000000003 91.500000000000014 9.5500000000000025
decision_type=2 2 2 2 2 2 2 2 2 2 2 2 2 2 2 2 2 2 2 2 2 2 2 2 2 2 2 2 2 2
left_child=1 2 27 4 18 17 7 8 9 11 -11 12 -7 -14 15 -8 -17 -3 -4 24 21 22 -21 -24 25 -20 -26 28 -1 -6
right_child=-2 5 3 -5 29 6 14 -9 -10 10 -12 -13 13 -15 -16 16 -18 -19 19 20 -22 -23 23 -25 26 -27 -28 -29 -30 -31
leaf_value=0.00010606498791024639 0.018867457310327931 0.0023919125439653514 0.0039930540636159218 0.0032861864015484958 -0.0049324984635684358 -0.018385558449222905 0.0012057231151688681 -0.043839358774211343 0.00023757170557809544 -0.019723863341875526 -0.0015377996925128234 0.0048119001761535987 0.001019258657453923 -0.0083895327012226684 0.0038947125966062564 -0.0044081862506151802 -0.001783818269779782 -0.0085428021563251095 -0.0015540193641411849 -0.0066583409245012052 -0.0024488618859107147 0.0034031358416770829 8.8029794501575729e-05 -0.030764155251356194 -0.011400546117741311 0.0020429606153032297 -0.0012762457010584369 0.0014508180300118229 -0.0062557360463876693 -0.00075169308740915836
leaf_weight=1580 92 445 138 577 82 29 58 47 453 29 55 124 129 38 338 31 25 42 279 28 68 472 364 26 39 162 35 1708 35 158
leaf_count=1580 92 445 138 577 82 29 58 47 453 29 55 124 129 38 338 31 25 42 279 28 68 472 364 26 39 162 35 1708 35 158
internal_value=9.15833e-05 5.4773e-05 0.000237135 -0.000398518 -0.000861771 -0.0005141 -0.00107295 -0.00183867 -0.00117949 -0.00282469 -0.00734118 -0.00161994 -0.00393909 -0.00221429 0.000459161 -0.0029913 -0.00729825 0.00104098 -0.000468982 -0.000751696 -8.34187e-06 0.000359147 -0.00106921 -0.000511509 -0.00213178 -0.00143891 -0.00618667 0.000701565 6.18813e-05 -0.00348548
internal_weight=7686 7594 5751 2428 1851 1843 1356 904 857 404 84 320 196 167 452 114 56 487 1611 1473 958 890 418 390 515 441 74 3323 1615 240
internal_count=7686 7594 5751 2428 1851 1843 1356 904 857 404 84 320 196 167 452 114 56 487 1611 1473 958 890 418 390 515 441 74 3323 1615 240
is_linear=0
shrinkage=0.04


Tree=193
num_leaves=31
num_cat=0
split_feature=5 7 12 19 4 1 2 16 17 7 4 6 4 8 16 3 3 3 11 3 4 10 11 4 7 11 5 14 4 15
split_gain=0.611851 1.68661 1.19412 1.34818 1.12993 1.05742 1.71184 1.80463 1.39448 1.43305 1.44337 1.02758 0.966691 1.29505 0.638537 1.18949 0.944407 1.28108 0.916723 0.889676 0.831996 0.8987 1.64842 0.771481 0.880923 0.846298 0.694383 1.38415 2.42409 1.35285
threshold=9.5500000000000025 10.350000000000001 75.500000000000014 -0.8783796973249266 18.650000000000002 12.750000000000002 11.550000000000002 37.500000000000007 0.25881904510252091 7.0895833333333336 6.7500000000000009 7.341666666666665 25.500000000000004 13.850000000000003 367.50000000000006 13.750000000000002 7.6500000000000012 7.4500000000000011 25.550000000000004 14.65 8.1500000000000004 6.0500000000000007 7.4500000000000011 10.050000000000002 10.622916666666669 15.750000000000002 4.2500000000000009 312.50000000000006 4.4500000000000011 0.15000000000000005
decision_type=2 2 2 2 2 2 2 2 2 2 2 2 2 2 2 2 2 2 2 2 2 2 2 2 2 2 2 2 2 2
left_child=4 5 3 12 14 6 7 8 11 -10 -11 -2 13 -3 23 16 17 20 19 -17 21 26 -23 24 25 -1 29 -28 -29 -16
right_child=1 2 -4 -5 -6 -7 -8 -9 9 10 -12 -13 -14 -15 15 18 -18 -19 -20 -21 -22 22 -24 -25 -26 -27 27 28 -30 -31
leaf_value=0.00018516695575989048 0.010565061398104767 -2.3460031326073699e-05 -0.0011250070654374794 0.01245946348872054 -0.0040194399401013766 0.021656913420671109 -0.0097576813209790149 -0.0001893630054375484 -0.00039448147832734878 -0.0042823448545605772 -0.002450330734114662 -0.01123426027214707 0.25878461531872388 -0.015184526052757925 0.00089311581050860065 -0.018411456112869116 0.0017455980753928538 -0.023900097156664503 0.0081876593023870702 -0.0096290023781323147 0.0075849804089774819 -0.0026592337004339383 0.00021987375589297878 0.032698749670754625 -0.0074990807212968859 0.0055589577725657056 -0.0002710585862773142 0.00047600395233355703 -0.020818896620192321 -0.016629860337432825
leaf_weight=2862 36 55 221 637 74 61 27 650 52 25 40 32 29 40 625 27 548 27 43 75 213 25 27 342 31 483 276 29 34 40
leaf_count=2862 36 55 221 637 74 61 27 650 52 25 40 32 29 40 625 27 548 27 43 75 213 25 27 342 31 483 276 29 34 40
internal_value=8.63797e-05 -0.000535152 0.000618515 0.00137008 0.000291249 -0.0017619 -0.00212283 -0.00179426 -0.00526882 -0.0078983 -0.0118182 -0.000695652 -0.002432 -0.004375 0.000355291 -0.000223115 5.20327e-05 -0.000536623 -0.00369863 -0.00574757 -0.000349606 -0.000809839 -0.00588679 0.000664695 0.0004809 0.000543933 -0.000541293 -0.00201176 -0.0073125 0.00021021
internal_weight=7686 1905 982 761 5781 923 862 835 185 117 65 68 124 95 5707 1989 1844 1296 145 102 1269 1056 52 3718 3376 3345 1004 339 63 665
internal_count=7686 1905 982 761 5781 923 862 835 185 117 65 68 124 95 5707 1989 1844 1296 145 102 1269 1056 52 3718 3376 3345 1004 339 63 665
is_linear=0
shrinkage=0.04


Tree=194
num_leaves=31
num_cat=0
split_feature=19 7 10 9 5 5 5 7 7 6 0 14 14 14 20 10 11 16 20 14 14 0 12 5 14 0 10 10 0 12
split_gain=0.582682 0.785119 0.753653 1.75956 2.2738 0.836284 0.621319 1.40919 1.25628 3.41478 1.23132 1.31209 0.859336 1.4319 1.69614 2.52885 1.00455 1.20214 0.858756 0.852367 1.77959 1.59115 0.998103 0.873937 2.22307 1.29643 1.00959 0.839985 0.818084 0.802869
threshold=0.87837969732492682 9.9145833333333346 5.6500000000000012 69.500000000000014 3.6500000000000008 7.6500000000000012 9.5500000000000025 9.9145833333333346 6.2520833333333341 2.6333333333333298 12.850000000000003 308.50000000000006 274.50000000000006 207.50000000000003 0.81174490092936691 7.1500000000000012 20.950000000000003 452.50000000000006 -0.56174490092936669 196.50000000000003 245.50000000000003 8.9500000000000011 78.500000000000014 16.950000000000003 119.50000000000001 11.050000000000002 15.350000000000003 1.0500000000000003 7.5500000000000007 17.500000000000004
decision_type=2 2 2 2 2 2 2 2 2 2 2 2 2 2 2 2 2 2 2 2 2 2 2 2 2 2 2 2 2 2
left_child=6 2 -2 -4 -5 -6 7 8 29 -10 11 19 13 14 16 -16 17 -9 -15 23 21 22 -21 26 -25 -26 28 -12 -8 -1
right_child=1 -3 3 4 5 -7 10 12 9 -11 27 -13 -14 18 15 -17 -18 -19 -20 20 -22 -23 -24 24 25 -27 -28 -29 -30 -31
leaf_value=-0.0031720244380031731 0.0015907461613577419 0.033428144748641836 0.00054571348453472546 -0.036954239498261147 0.0007665597704463108 -0.0049112619744382567 -0.0011450197509960552 -4.2288294876227284e-06 -0.018884672661641982 0.0073198002566083054 -0.0086128523958240513 0.014021698500239304 0.014064961605261699 -0.00058569082028676357 -0.02112558789493893 0.0716865220837377 0.012747047046656476 -0.012704034402766998 -0.019169263122032126 -0.012920884592428402 -0.0007833034905054641 -0.00086554612721908859 -0.00058220344739678455 -0.015926010119953992 0.0015078830083899836 -0.0085479757819229944 -0.002539467117352799 0.0045344993695699623 0.0070860429947844153 1.8949743631686916e-05
leaf_weight=93 439 142 370 34 56 41 305 114 39 1275 41 91 85 26 44 27 92 34 26 67 178 48 27 25 61 29 36 531 261 3049
leaf_count=93 439 142 370 34 56 41 305 114 39 1275 41 91 85 26 44 27 92 34 26 67 178 48 27 25 61 29 36 531 261 3049
internal_value=7.0769e-05 0.000930748 0.000510096 -0.000549801 -0.00451515 -0.00134694 -7.02497e-05 0.000158206 0.000373345 0.00141141 -0.000728983 -0.00149513 -0.00197773 -0.00282418 -0.00178205 -0.00716667 -0.000165975 -0.00220134 -0.00890566 -0.00189981 -0.00361371 -0.00693706 -0.00993684 -0.00113092 -0.00431034 -0.00131868 -0.000517413 0.00078185 -9.87653e-05 -6.1088e-05
internal_weight=7686 1082 940 501 131 97 6604 4904 4456 1314 1700 1128 448 363 311 71 240 148 52 1037 320 142 94 717 115 90 602 572 566 3142
internal_count=7686 1082 940 501 131 97 6604 4904 4456 1314 1700 1128 448 363 311 71 240 148 52 1037 320 142 94 717 115 90 602 572 566 3142
is_linear=0
shrinkage=0.04


Tree=195
num_leaves=31
num_cat=0
split_feature=5 4 11 7 8 6 11 4 4 4 7 13 16 2 6 6 16 5 12 5 9 19 4 17 9 19 8 4 9 13
split_gain=0.712249 1.26489 2.90486 0.990892 1.0665 1.64255 1.25087 1.48379 0.995756 0.978393 1.30754 1.08582 0.957591 1.01548 1.13803 1.66164 1.5632 1.18411 1.0061 0.919339 0.715376 0.659811 0.629517 0.683733 0.724366 0.594977 1.1693 3.20259 0.593618 0.724015
threshold=9.5500000000000025 7.6500000000000012 24.550000000000004 9.9145833333333346 20.450000000000003 13.991666666666664 17.350000000000005 12.950000000000001 8.2500000000000018 12.15 10.622916666666669 12.750000000000002 312.50000000000006 2.7500000000000004 6.7333333333333334 9.9083333333333332 37.500000000000007 13.550000000000002 87.500000000000014 1.4500000000000002 60.500000000000007 0.6078576107927941 8.9500000000000011 -0.78656609248549292 71.500000000000014 -0.8783796973249266 13.850000000000003 14.050000000000002 45.500000000000007 3.2500000000000004
decision_type=2 2 2 2 2 2 2 2 2 2 2 2 2 2 2 2 2 2 2 2 2 2 2 2 2 2 2 2 2 2
left_child=3 2 12 8 5 9 -7 -8 -1 -5 -11 -12 13 -2 -15 16 20 -18 -17 -10 -16 -21 -23 -24 -25 26 -3 -28 29 -27
right_child=1 25 -4 4 -6 6 7 -9 19 10 11 -13 -14 14 15 18 17 -19 -20 21 -22 22 23 24 -26 28 27 -29 -30 -31
leaf_value=0.00015145039824701633 -0.007526226178513791 0.00091672924987265449 -0.0031877572929342123 0.0102874577894195 0.021787184669280084 -0.001120256801433633 -0.033194232358558833 -0.013556664008815889 -0.0031414303083242903 -0.022704401345975365 0.00071870754980686764 -0.0053738390529746195 0.0013578231404713353 0.0012630326877411354 -0.01661145603497894 0.0013599078360570223 0.0039024641026624992 -0.0063079188496516989 -0.0088058684906803728 0.028481401560624786 -0.0015993408251592273 0.013232902064419422 -0.033856699929518612 -0.0026438728855016002 0.0059689576683114578 -0.029831621163371153 -0.0086214770620602309 0.0042058398171247423 0.0011573173372910978 0.0007174019512069821
leaf_weight=4296 44 109 42 83 78 52 25 25 38 46 167 26 122 184 34 164 63 31 34 663 32 52 48 32 94 26 30 57 898 36
leaf_count=4296 44 109 42 83 78 52 25 25 38 46 167 26 122 184 34 164 63 31 34 663 32 52 48 32 94 26 30 57 898 36
internal_value=0.000136793 -0.000532774 -0.00181092 0.000359763 -0.00133598 -0.00212706 -0.00652427 -0.0109804 0.000522971 -0.000718266 -0.00201667 -0.000556701 -0.00119605 -0.00186712 -0.0013849 -0.00269638 -0.00571429 -0.00235789 -0.000241206 0.00171121 -0.0103881 0.00197303 0.000105727 -0.00105143 0.000503937 0.000297321 -0.00170558 -0.00513636 0.000707596 -0.00304762
internal_weight=7631 1906 750 5725 502 424 102 50 5223 322 239 193 708 586 542 358 160 94 198 927 66 889 226 174 126 1156 196 87 960 62
internal_count=7631 1906 750 5725 502 424 102 50 5223 322 239 193 708 586 542 358 160 94 198 927 66 889 226 174 126 1156 196 87 960 62
is_linear=0
shrinkage=0.04


Tree=196
num_leaves=31
num_cat=0
split_feature=16 7 7 2 7 5 7 6 9 10 8 5 19 8 6 12 9 3 6 0 18 13 8 10 7 0 12 18 10 9
split_gain=0.497069 0.807099 0.821216 0.545034 0.804372 1.14899 1.35411 1.30089 1.04376 1.3548 0.928908 1.05936 0.897842 0.850947 0.995726 0.823024 0.772629 1.32787 0.882617 1.57217 1.66027 1.57669 1.0675 1.41672 0.898666 0.947732 0.764819 0.733471 1.09742 1.84598
threshold=17.500000000000004 4.4687500000000009 4.1562500000000009 9.9500000000000011 11.406250000000002 10.15 10.410416666666668 8.2583333333333346 101.50000000000001 1.4500000000000002 10.750000000000002 12.050000000000002 -0.8783796973249266 3.8500000000000001 2.1166666666666636 52.500000000000007 107.50000000000001 3.0500000000000003 3.4333333333333313 2.2500000000000004 0.25881904510252057 2.6500000000000008 2.7500000000000004 8.5500000000000025 5.9729166666666673 1.6500000000000001 38.500000000000007 -0.12940952255126037 3.6500000000000008 84.500000000000014
decision_type=2 2 2 2 2 2 2 2 2 2 2 2 2 2 2 2 2 2 2 2 2 2 2 2 2 2 2 2 2 2
left_child=1 2 -1 4 5 6 13 -8 9 -7 26 -12 -6 16 -15 27 18 -18 22 -20 -21 -22 23 24 -2 -26 -11 28 29 -16
right_child=3 -3 -4 -5 12 8 7 -9 -10 10 11 -13 -14 14 15 -17 17 -19 19 20 21 -23 -24 -25 25 -27 -28 -29 -30 -31
leaf_value=0.00038162763915493205 0.00015248913143507621 0.018917322412049402 -0.003055114093252397 -0.00044727626886644818 -0.0014591473157138833 0.0055602796712055707 -0.021859543658306176 0.011110639754710465 -0.0040830127126440189 -0.0053926891125021985 -0.00054992590637918855 -0.010252717400587603 0.025947102287028179 -0.0041078345238243965 -0.025543004149720345 0.00020727326598001664 -0.0044945576713081295 0.00064856284050389412 0.003444389013185555 -0.0001714559199572289 -0.0080106456185764837 -0.0015156838210938506 0.004231444791142229 -0.0052130014356036028 0.00042308290657191869 -0.01921321350522591 -0.00023860414866826569 0.012584761976450896 0.0038127833285899631 0.0016397166860803358
leaf_weight=147 788 297 29 1662 40 74 31 26 27 54 40 42 200 37 30 1709 25 34 110 165 25 70 400 46 31 28 417 835 184 28
leaf_count=147 788 297 29 1662 40 74 31 26 27 54 40 42 200 37 30 1709 25 34 110 165 25 70 400 46 31 28 417 835 184 28
internal_value=0.000121069 0.00137553 -0.000768361 3.79943e-05 0.000229944 0.000126308 0.000349338 -0.00572414 -0.00144122 -0.00110191 -0.00178339 -0.00568675 0.00248963 0.000426749 0.000854108 0.000941514 -0.000273941 -0.00473333 -0.000112981 -0.00183288 -0.0035249 -0.00770833 0.000380217 -0.000389262 -1.41508e-05 -0.00473333 -0.00109322 0.00180705 -0.000131687 -0.00488136
internal_weight=7631 473 176 7158 5496 5256 4602 57 654 627 553 82 240 4545 2823 2786 1722 59 1663 370 260 95 1293 893 847 59 471 1077 242 58
internal_count=7631 473 176 7158 5496 5256 4602 57 654 627 553 82 240 4545 2823 2786 1722 59 1663 370 260 95 1293 893 847 59 471 1077 242 58
is_linear=0
shrinkage=0.04


Tree=197
num_leaves=31
num_cat=0
split_feature=13 14 13 9 10 2 14 16 3 11 9 18 11 2 7 4 4 7 11 0 14 11 13 20 12 10 19 7 7 7
split_gain=0.778292 0.358081 0.540527 0.734712 0.455523 0.415435 1.13984 1.19592 1.50088 0.854674 0.848295 0.718859 0.910539 1.10801 0.707562 0.626226 1.0112 0.895282 0.793432 0.595505 0.629653 0.899284 2.07294 0.892156 0.711849 0.887 1.37999 0.684833 1.05696 0.571577
threshold=21.150000000000002 23.500000000000004 2.8500000000000001 82.500000000000014 6.9500000000000011 9.9500000000000011 169.50000000000003 1277.5000000000002 14.850000000000003 29.050000000000004 42.500000000000007 -0.70710678118654757 17.550000000000004 10.750000000000002 11.077083333333336 13.15 15.750000000000002 7.5937500000000018 13.65 19.650000000000002 181.50000000000003 7.1500000000000012 3.2500000000000004 -0.56174490092936669 61.500000000000007 11.750000000000002 -1.0000000180025095e-35 10.533333333333335 9.2062500000000025 13.410416666666668
decision_type=2 2 2 2 2 2 2 2 2 2 2 2 2 2 2 2 2 2 2 2 2 2 2 2 2 2 2 2 2 2
left_child=1 2 3 4 -1 29 9 19 14 10 -7 12 13 -12 -9 17 -17 18 -13 20 -8 22 23 -22 25 27 -27 28 -23 -3
right_child=-2 5 -4 -5 -6 6 7 8 -10 -11 11 15 -14 -15 -16 16 -18 -19 -20 -21 21 24 -24 -25 -26 26 -28 -29 -30 -31
leaf_value=0.017120095551173165 -0.00098024110167485036 0.00010590154096649484 0.017772431283280127 -0.0046799935870970614 -0.0083990859807568739 -0.010099018180157623 0.0086436578521395021 -0.0016904569772946555 0.0080611893303016435 -0.01069118574195997 -0.0072902451995071199 0.0011843463065293795 -0.022214379325808681 -0.0001343313240656982 -0.086122402652575328 -0.030705897229374168 -0.00020462379608079289 0.0094047916145570693 -0.017072052869418694 0.072074930604535029 -0.0058347961208829614 0.0012471882935875546 -0.024054547131191293 0.014657049539010734 0.013628283675203448 -0.032812837270242742 0.034756772504275939 0.023812214188984587 -0.028199152274076236 0.091350263640582449
leaf_weight=53 31 5514 263 31 28 39 165 30 55 37 36 39 25 126 25 27 85 166 26 144 27 86 28 57 183 28 28 137 28 84
leaf_count=53 31 5514 263 31 28 39 165 30 55 37 36 39 25 126 25 27 85 166 26 144 27 86 28 57 183 28 28 137 28 84
internal_value=0.000100105 0.000126299 0.00132979 -0.00099115 0.00102439 6.36592e-05 -0.000498771 0.000317026 -0.0036036 -0.0018715 -0.0014807 -0.00105461 -0.00304255 -0.00191411 -0.00821429 3.48839e-05 -0.00240708 0.00122414 -0.00272727 0.00079386 0.000348958 -0.000252073 -0.00346903 -0.000282353 0.000488799 -0.000688312 -0.00519298 0.000333333 -0.00194783 0.000227184
internal_weight=7631 7600 375 112 81 7225 1627 1021 110 606 569 530 187 162 55 343 112 231 65 911 767 602 112 84 490 307 56 251 114 5598
internal_count=7631 7600 375 112 81 7225 1627 1021 110 606 569 530 187 162 55 343 112 231 65 911 767 602 112 84 490 307 56 251 114 5598
is_linear=0
shrinkage=0.04


Tree=198
num_leaves=31
num_cat=0
split_feature=13 18 8 11 3 20 12 3 7 11 0 16 9 5 9 7 16 4 16 12 3 3 19 12 8 8 8 16 9 9
split_gain=0.776983 0.390187 0.65814 0.737553 1.2338 0.573491 0.359412 0.571869 0.418157 0.358557 0.7652 0.862753 0.34739 0.362284 1.84111 1.25824 1.48197 1.22313 0.647007 0.549402 0.903316 0.752912 0.839815 0.635169 0.688914 0.302845 1.01333 0.655545 0.968818 1.16746
threshold=21.150000000000002 -0.98296291314453399 1.9500000000000002 2.3500000000000001 7.1500000000000012 0.81174490092936691 78.500000000000014 11.050000000000002 6.6354166666666679 -5.8499999999999988 4.6500000000000012 37.500000000000007 130.50000000000003 15.050000000000002 113.50000000000001 10.410416666666668 257.50000000000006 6.8500000000000005 72.500000000000014 86.500000000000014 12.250000000000002 15.350000000000003 0.6078576107927941 54.500000000000007 23.350000000000005 16.450000000000003 16.950000000000003 42.500000000000007 94.500000000000014 72.500000000000014
decision_type=2 2 2 2 2 2 2 2 2 2 2 2 2 2 2 2 2 2 2 2 2 2 2 2 2 2 2 2 2 2
left_child=1 2 -1 4 -4 6 7 8 -5 10 11 -3 13 25 15 16 17 18 -15 21 -21 -17 23 -23 -25 -11 -27 -28 29 -29
right_child=-2 9 3 5 -6 -7 -8 -9 -10 12 -12 -13 -14 14 -16 19 -18 -19 -20 20 -22 22 -24 24 -26 26 27 28 -30 -31
leaf_value=0.01168897748059409 -0.00094103145760785726 -0.0044312886679686945 -0.012441541946875736 -0.012957747190947472 0.00095568738185910411 -0.0052186541088357413 0.024056089442558899 -0.023846686025639979 0.03446827355947843 0.00019879173605723922 0.028033980001228854 0.026066568134259633 0.022569842100540846 0.0032141765217066332 -0.0069710879781753367 0.013996317534035116 0.0017618867650374631 -0.012284637268029495 -0.0098953568711118087 -0.0094354634854019234 0.0003159691052467095 0.038877239423336478 -0.0074802793982563674 0.01306132908146926 -0.038207107825927067 -0.0045597083706460685 0.013848530937832768 -0.0002894880030584784 0.076544808640202952 -0.035685985741551574
leaf_weight=35 31 29 39 47 45 28 75 27 33 5942 146 42 38 27 30 199 44 26 31 25 41 75 48 25 25 35 141 151 59 92
leaf_count=35 31 29 39 47 45 28 75 27 33 5942 146 42 38 27 30 199 44 26 31 25 41 75 48 25 25 35 141 151 59 92
internal_value=9.48639e-05 0.000121037 -0.00122424 -0.00184407 -0.00498824 -0.00056872 0.000262295 -0.00122222 0.000493827 0.000182068 0.00177982 -0.00161111 0.000132672 0.000111729 -0.000830821 -0.000310405 -0.00378295 -0.00687059 -0.00352542 0.000710706 -0.00262687 0.00130831 -0.000620689 0.00111111 -0.00235294 0.000199346 -0.000768267 -0.000243243 -0.00129373 -0.00240984
internal_weight=7631 7600 329 294 84 210 182 107 80 7271 217 71 7054 7016 596 566 128 84 58 438 66 372 173 125 50 6420 478 443 302 243
internal_count=7631 7600 329 294 84 210 182 107 80 7271 217 71 7054 7016 596 566 128 84 58 438 66 372 173 125 50 6420 478 443 302 243
is_linear=0
shrinkage=0.04


Tree=199
num_leaves=31
num_cat=0
split_feature=10 12 7 13 5 10 11 5 7 10 14 12 0 4 5 17 4 14 10 11 14 10 5 4 4 11 8 16 16 10
split_gain=0.55248 0.603952 0.806549 0.491147 0.508077 2.25408 0.947167 0.455981 0.535004 0.419533 0.770085 1.17368 0.75807 0.486548 0.863055 1.65334 0.820722 0.749275 0.97284 1.10064 1.40088 1.51321 1.06096 1.35563 1.08494 0.986784 1.79952 0.846994 0.739004 0.98414
threshold=17.750000000000004 82.500000000000014 7.5312500000000009 21.150000000000002 17.950000000000003 1.0500000000000003 13.950000000000001 24.550000000000004 12.077083333333336 15.350000000000003 207.50000000000003 79.500000000000014 7.7500000000000009 7.8500000000000005 12.450000000000001 -0.78656609248549292 12.350000000000003 273.50000000000006 8.7500000000000018 18.250000000000004 66.500000000000014 3.2500000000000004 7.5500000000000007 16.350000000000005 13.550000000000002 13.550000000000002 6.0500000000000007 137.50000000000003 82.500000000000014 11.850000000000003
decision_type=2 2 2 2 2 2 2 2 2 2 2 2 2 2 2 2 2 2 2 2 2 2 2 2 2 2 2 2 2 2
left_child=3 -2 -3 4 9 -6 7 8 -7 13 11 -11 -13 14 -1 -16 -15 18 19 20 -18 -22 23 -21 -24 26 -23 -28 29 -17
right_child=1 2 -4 -5 5 6 -8 -9 -10 10 -12 12 -14 16 15 28 17 -19 -20 22 21 25 24 -25 -26 -27 27 -29 -30 -31
leaf_value=8.2225523829116781e-05 0.02497864975903806 0.0024775009766425048 -0.005028276567262486 -0.00090339019930354438 -0.0068918010783621756 -0.0050788468097997539 0.0021540747878459744 0.0024222530100619687 -0.018629973307977252 0.011984255390352128 -0.024752718492264219 0.00019013184800682759 -0.0046772789279546506 0.0020199131795560999 -0.0024770704789700191 -0.0040455784126650135 0.054664800622108996 0.0091441806876719836 0.014048810983301708 -0.0033650895170799153 -0.0063661409167466865 0.0036923852651727981 -0.0066166750394765555 -0.021413086537788215 0.033412968142945219 0.0008115014068281924 -0.013276297862341349 -0.022769751273610753 0.00038103732551027702 0.0083607019002446981
leaf_weight=4273 141 74 27 31 38 37 223 25 25 122 42 38 39 1406 32 59 45 215 129 67 28 30 35 25 176 48 28 25 113 35
leaf_count=4273 141 74 27 31 38 37 223 25 25 122 42 38 39 1406 32 59 45 215 129 67 28 30 35 25 176 48 28 25 113 35
internal_value=0.000131552 0.00200823 -0.000352941 6.98242e-05 9.13169e-05 -0.00139828 -0.000257235 -0.00377273 -0.0055873 0.000165454 -0.00147107 -0.00042 -0.00425641 0.000223929 -1.59538e-05 -0.00235 0.000703277 -0.000276995 -0.000967033 -0.00175591 -0.00401951 -0.005775 -0.000223684 -0.00378495 0.00133962 -0.00390909 -0.00652381 -0.0108889 -0.00101923 -0.00362105
internal_weight=7631 242 101 7389 7358 348 310 87 62 7010 241 199 77 6769 4512 239 2257 851 636 507 204 159 303 92 211 131 83 53 207 94
internal_count=7631 242 101 7389 7358 348 310 87 62 7010 241 199 77 6769 4512 239 2257 851 636 507 204 159 303 92 211 131 83 53 207 94
is_linear=0
shrinkage=0.04


end of trees

feature_importances:
pm2_5_lag24=493
temp_c=491
pm2_5_mean24=474
pm2_5_lag12=471
wind_dir=365
rh_pct=361
o3=342
wind_kmh=331
pm2_5_lag6=311
pm10=301
no2=296
pm2_5=240
boundary_layer_m=218
dow_sin=212
pm2_5_lag3=210
hour_sin=184
hour_cos=183
dow_cos=180
pm2_5_mean6=162
pm2_5_lag1=138
precip_mm=37

parameters:
[boosting: gbdt]
[objective: quantile]
[metric: quantile]
[tree_learner: serial]
[device_type: cpu]
[data_sample_strategy: bagging]
[data: ]
[valid: ]
[num_iterations: 200]
[learning_rate: 0.04]
[num_leaves: 31]
[num_threads: 0]
[seed: 7]
[deterministic: 0]
[force_col_wise: 0]
[force_row_wise: 0]
[histogram_pool_size: -1]
[max_depth: -1]
[min_data_in_leaf: 25]
[min_sum_hessian_in_leaf: 0.001]
[bagging_fraction: 0.85]
[pos_bagging_fraction: 1]
[neg_bagging_fraction: 1]
[bagging_freq: 5]
[bagging_seed: 17422]
[bagging_by_query: 0]
[feature_fraction: 0.85]
[feature_fraction_bynode: 1]
[feature_fraction_seed: 7040]
[extra_trees: 0]
[extra_seed: 6516]
[early_stopping_round: 0]
[early_stopping_min_delta: 0]
[first_metric_only: 0]
[max_delta_step: 0]
[lambda_l1: 0]
[lambda_l2: 1]
[linear_lambda: 0]
[min_gain_to_split: 0]
[drop_rate: 0.1]
[max_drop: 50]
[skip_drop: 0.5]
[xgboost_dart_mode: 0]
[uniform_drop: 0]
[drop_seed: 15215]
[top_rate: 0.2]
[other_rate: 0.1]
[min_data_per_group: 100]
[max_cat_threshold: 32]
[cat_l2: 10]
[cat_smooth: 10]
[max_cat_to_onehot: 4]
[top_k: 20]
[monotone_constraints: ]
[monotone_constraints_method: basic]
[monotone_penalty: 0]
[feature_contri: ]
[forcedsplits_filename: ]
[refit_decay_rate: 0.9]
[cegb_tradeoff: 1]
[cegb_penalty_split: 0]
[cegb_penalty_feature_lazy: ]
[cegb_penalty_feature_coupled: ]
[path_smooth: 0]
[interaction_constraints: ]
[verbosity: -1]
[saved_feature_importance_type: 0]
[use_quantized_grad: 0]
[num_grad_quant_bins: 4]
[quant_train_renew_leaf: 0]
[stochastic_rounding: 1]
[linear_tree: 0]
[max_bin: 255]
[max_bin_by_feature: ]
[min_data_in_bin: 3]
[bin_construct_sample_cnt: 200000]
[data_random_seed: 61]
[is_enable_sparse: 1]
[enable_bundle: 1]
[use_missing: 1]
[zero_as_missing: 0]
[feature_pre_filter: 1]
[pre_partition: 0]
[two_round: 0]
[header: 0]
[label_column: ]
[weight_column: ]
[group_column: ]
[ignore_column: ]
[categorical_feature: ]
[forcedbins_filename: ]
[precise_float_parser: 0]
[parser_config_file: ]
[objective_seed: 15521]
[num_class: 1]
[is_unbalance: 0]
[scale_pos_weight: 1]
[sigmoid: 1]
[boost_from_average: 1]
[reg_sqrt: 0]
[alpha: 0.1]
[fair_c: 1]
[poisson_max_delta_step: 0.7]
[tweedie_variance_power: 1.5]
[lambdarank_truncation_level: 30]
[lambdarank_norm: 1]
[label_gain: ]
[lambdarank_position_bias_regularization: 0]
[eval_at: ]
[multi_error_top_k: 1]
[auc_mu_weights: ]
[num_machines: 1]
[local_listen_port: 12400]
[time_out: 120]
[machine_list_filename: ]
[machines: ]
[gpu_platform_id: -1]
[gpu_device_id: -1]
[gpu_use_dp: 0]
[num_gpu: 1]

end of parameters

pandas_categorical:[]
