tree
version=v4
num_class=1
num_tree_per_iteration=1
label_index=0
max_feature_idx=20
objective=quantile
feature_names=pm2_5 pm2_5_lag1 pm2_5_lag3 pm2_5_lag6 pm2_5_lag12 pm2_5_lag24 pm2_5_mean6 pm2_5_mean24 pm10 o3 no2 temp_c rh_pct wind_kmh wind_dir precip_mm boundary_layer_m hour_sin hour_cos dow_sin dow_cos
feature_infos=[0.10000000000000001:85.900000000000006] [0.10000000000000001:85.900000000000006] [0.10000000000000001:85.900000000000006] [0.10000000000000001:85.900000000000006] [0.10000000000000001:85.900000000000006] [0.10000000000000001:85.900000000000006] [0.14999999999999528:83.86666666666666] [0.67499999999999993:66.504166666666677] [0.10000000000000001:87.299999999999997] [21:148] [0:36.799999999999997] [-15:37.5] [9:98] [0:25.699999999999999] [1:360] [0:6.4000000000000004] [10:4085] [-1:1] [-1:1] [-0.97492791218182362:0.97492791218182362] [-0.90096886790241903:1]
tree_sizes=2655 2834 2849 2831 2843 2834 2848 2824 2842 2835 2846 2868 2834 2845 2853 2841 2854 2840 2839 2854 2855 2847 2847 2845 2823 2827 2858 2863 2804 2835 2828 2856 2850 2833 2860 2861 2815 2872 2851 2841 2834 2856 2850 2817 2810 2879 2843 2848 2865 2889 2860 2860 2860 2850 2829 2824 2879 2861 2866 2836 2866 2801 2820 2809 2824 2845 2835 2831 2874 2802 2862 2838 2857 2808 2842 2817 2822 2844 2825 2808 2803 2803 2845 2855 2814 2846 2835 2844 2852 2842 2858 2875 2837 2860 2813 2833 2816 2834 2800 2809 2833 2859 2843 2806 2818 2779 2836 2811 2838 2812 2837 2842 2824 2818 2814 2846 2780 2784 2834 2819 2792 2838 2831 2838 2834 2832 2869 2808 2814 2836 2836 2847 2778 2823 2821 2857 2825 2803 2806 2834 2829 2804 2807 2795 2823 2846 2831 2807 2795 2854 2806 2814 2818 2791 2822 2835 2833 2790 2785 2806 2816 2834 2828 2812 2782 2836 2844 2766 2790 2816 2805 2796 2775 2838 2824 2832 2800 2801 2851 2796 2830 2811 2808 2769 2807 2861 2854 2775 2825 2826 2816 2755 2844 2836 2833 2809 2814 2845 2763 2828

Tree=0
num_leaves=31
num_cat=0
split_feature=11 17 10 18 10 1 14 14 10 12 19 11 8 9 14 5 19 5 12 13 5 12 5 7 11 7 8 9 20 10
split_gain=107.753 44.8195 36.3456 17.1317 16.3413 14.2754 13.2558 13.0103 13.7279 10.6603 10.484 14.039 10.407 8.2831 8.80312 7.10829 7.10778 6.77842 6.01939 6.2185 5.69905 5.34829 5.00497 4.9288 5.51808 5.00776 4.87943 4.54635 4.54376 5.0181
threshold=13.250000000000002 0.25881904510252091 5.8500000000000005 -0.12940952255126037 20.850000000000005 6.9500000000000011 235.50000000000003 230.50000000000003 6.9500000000000011 70.500000000000014 0.6078576107927941 24.050000000000004 3.9500000000000006 118.50000000000001 219.50000000000003 7.0500000000000007 -0.60785761079279388 11.550000000000002 71.500000000000014 3.0500000000000003 16.450000000000003 44.500000000000007 3.9500000000000006 2.8770833333333337 -2.0499999999999994 7.5437500000000011 4.6500000000000012 73.500000000000014 1.0000000180025095e-35 3.8500000000000001
decision_type=2 2 2 2 2 2 2 2 2 2 2 2 2 2 2 2 2 2 2 2 2 2 2 2 2 2 2 2 2 2
left_child=1 3 5 6 7 9 17 8 27 10 26 -12 16 14 -7 -10 -4 18 19 -1 -17 -16 -8 -5 -25 -26 -2 -3 29 -29
right_child=2 4 12 23 -6 13 22 -9 15 -11 11 -13 -14 -15 21 20 -18 -19 -20 -21 -22 -23 -24 24 25 -27 -28 28 -30 -31
leaf_value=5.92400016784668 5.7040001869201662 5.7080001831054688 5.7000001811981198 5.6680001831054687 5.9120001983642574 5.8040001869201658 5.7360001754760743 5.8920001983642578 5.7880001831054688 5.988000183105469 5.7180001831054685 5.9000001907348629 5.9760001754760745 6.2600001525878906 5.9040001678466796 5.8560001754760744 5.8440001869201659 5.8680001831054689 5.7120001792907713 5.7280001831054683 5.6920001792907717 5.9560001754760741 5.9080001831054689 5.8000001811981203 5.7200001811981203 5.6600001811981198 5.7880001831054688 5.7560001754760739 5.7400001907348637 5.8720001792907714
leaf_weight=69 281 194 30 256 77 356 77 251 597 39 82 159 954 78 194 406 63 95 669 83 36 160 101 78 631 204 245 37 103 56
leaf_count=69 281 194 30 256 77 356 77 251 597 39 82 159 954 78 194 406 63 95 669 83 36 160 101 78 631 204 245 37 103 56
internal_value=5.79964 5.79551 5.80591 5.79179 5.80031 5.80211 5.7954 5.79948 5.798 5.79836 5.79732 5.80422 5.8117 5.80593 5.80456 5.8004 5.79894 5.79346 5.79229 5.79948 5.80424 5.80901 5.80536 5.78843 5.78983 5.78888 5.79416 5.79161 5.79594 5.80234
internal_weight=6661 4020 2641 2263 1757 1594 1094 1680 1429 806 767 241 1047 788 710 1039 93 916 821 152 442 354 178 1169 913 835 526 390 196 93
internal_count=6661 4020 2641 2263 1757 1594 1094 1680 1429 806 767 241 1047 788 710 1039 93 916 821 152 442 354 178 1169 913 835 526 390 196 93
is_linear=0
shrinkage=1


Tree=1
num_leaves=31
num_cat=0
split_feature=11 17 16 18 10 0 14 0 14 10 19 0 11 10 5 11 10 15 5 9 0 19 19 9 11 7 4 9 5 9
split_gain=101.561 44.402 36.5993 15.3755 14.9015 13.6307 13.0404 12.6507 12.0843 14.1179 8.61174 7.0348 6.60285 6.12755 6.18135 6.0581 5.83076 5.69443 5.63566 5.77513 4.8537 4.80636 6.86724 5.02072 8.78071 4.71473 5.9774 4.5607 4.85488 4.36403
threshold=13.250000000000002 0.25881904510252091 597.50000000000011 -0.12940952255126037 20.450000000000003 3.6500000000000008 209.50000000000003 10.850000000000003 219.50000000000003 6.9500000000000011 0.6078576107927941 3.4500000000000006 10.550000000000002 8.6500000000000004 11.350000000000003 27.850000000000005 6.6500000000000012 1.0000000180025095e-35 7.0500000000000007 45.500000000000007 13.15 1.0000000180025095e-35 -0.60785761079279388 63.500000000000007 2.1500000000000008 2.8770833333333337 5.6500000000000012 78.500000000000014 3.4500000000000006 73.500000000000014
decision_type=2 2 2 2 2 2 2 2 2 2 2 2 2 2 2 2 2 2 2 2 2 2 2 2 2 2 2 2 2 2
left_child=1 3 5 6 8 17 12 10 9 29 11 -4 16 14 -7 -12 21 -2 -11 -20 -21 22 -1 -24 -25 -5 -27 28 -8 -3
right_child=2 4 7 25 -6 13 27 -9 -10 18 15 -13 -14 -15 -16 -17 -18 -19 19 20 -22 -23 23 24 -26 26 -28 -29 -30 -31
leaf_value=-0.10048000526428222 -0.013760007476806635 -0.088320007324218755 -0.096160009384155282 -0.12672000732421876 0.10551999969482424 0.060959992980957022 -0.077440008926391607 0.15376000061035158 0.076399992370605463 -0.011520007324218753 -0.0041599990844726521 -0.0081600112915038991 0.054079996490478524 0.20895998535156249 0.12784000854492189 0.096000000000000016 -0.036479999542236324 0.21127999267578126 -0.046240014648437508 0.081759996795654294 -0.048240012741088877 -0.12448001098632812 -0.11104000415802003 -0.14848000717163085 0.086879996490478534 -0.064800011062622079 -0.093600006294250485 0.10711999282836913 0.07367999267578125 -0.024880007171630858
leaf_weight=96 159 193 212 256 84 417 64 243 272 585 148 396 66 655 273 111 447 27 43 326 62 156 28 28 41 353 560 58 110 192
leaf_count=96 159 193 212 256 84 417 64 243 272 585 148 396 66 655 273 111 447 27 43 326 62 156 28 28 41 353 560 58 110 192
internal_value=-0.000165116 -0.00416812 0.00592733 -0.00787102 0.000602958 0.00993473 -0.00445662 0.00039604 -0.000227001 -0.00172611 -0.00186636 -0.00446634 -0.00672074 0.0113373 0.00868307 0.00423077 -0.00772898 -0.000213904 0.000747296 0.00421296 0.00575835 -0.0116 -0.00731959 0.000204082 0.006 -0.0110598 -0.00969365 0.0039485 0.000685714 -0.00823834
internal_weight=6661 4020 2641 2263 1757 1531 1094 1110 1673 1401 867 608 862 1345 690 259 796 186 1016 431 388 349 193 97 69 1169 913 232 174 385
internal_count=6661 4020 2641 2263 1757 1531 1094 1110 1673 1401 867 608 862 1345 690 259 796 186 1016 431 388 349 193 97 69 1169 913 232 174 385
is_linear=0
shrinkage=0.04


Tree=2
num_leaves=31
num_cat=0
split_feature=11 17 10 18 10 14 14 10 9 11 1 12 3 5 19 7 14 19 6 10 19 3 11 7 5 19 20 13 5 19
split_gain=94.6345 44.5764 30.1917 18.176 15.1816 11.7023 11.5197 14.511 11.2456 11.184 7.94306 7.8644 7.62239 7.33936 6.90313 6.79979 6.6474 6.62746 6.47028 6.3863 5.81448 6.12864 5.68432 5.80702 5.38666 5.34272 6.65354 5.34069 4.87603 4.83567
threshold=14.050000000000002 0.25881904510252091 5.4500000000000011 -0.3794095225512602 20.450000000000003 209.50000000000003 230.50000000000003 6.9500000000000011 122.50000000000001 10.750000000000002 3.3500000000000001 45.500000000000007 3.3500000000000001 1.8500000000000003 0.6078576107927941 2.8770833333333337 189.50000000000003 -0.8783796973249266 3.9583333333333308 6.3500000000000005 0.87837969732492682 2.8500000000000001 -0.94999999999999984 7.4895833333333348 8.1500000000000004 1.0000000180025095e-35 -0.56174490092936669 4.8500000000000005 7.2500000000000009 0.6078576107927941
decision_type=2 2 2 2 2 2 2 2 2 2 2 2 2 2 2 2 2 2 2 2 2 2 2 2 2 2 2 2 2 2
left_child=1 3 8 5 6 9 7 -3 10 19 13 29 14 -2 -4 -5 17 -13 -9 25 21 -15 -17 24 -24 26 -1 -19 -8 -12
right_child=2 4 12 15 -6 -7 28 18 -10 -11 11 16 -14 20 -16 22 -18 27 -20 -21 -22 -23 23 -25 -26 -27 -28 -29 -30 -31
leaf_value=0.059804794723510746 -0.089761606239318864 -0.064604811157226577 -0.01232960515594483 -0.11765121084594725 0.10129919970703127 0.086063996780395516 0.041263992370605462 -0.027059210845947278 0.4319679860839844 0.075916792816162121 -0.0078336108398437427 0.42540159280395506 0.1766016088256836 0.03168639671325682 0.24769598556518552 -0.001260799713134766 0.13936639303588869 0.049689594406127927 0.020940800598144519 -0.035020799560546864 0.20282879296875003 -0.083889610916137711 -0.078208004898071309 -0.1306560089035034 0.053838396800994878 -0.12350080673217771 -0.10846080314636229 -0.076598405288696297 0.19726399618530274 0.054079990539550787
leaf_weight=42 78 395 110 294 86 194 185 257 68 76 563 28 861 51 48 111 172 58 805 416 33 160 696 242 40 122 108 64 72 226
leaf_count=42 78 395 110 294 86 194 185 257 68 76 563 28 861 51 48 111 172 58 805 416 33 160 696 242 40 122 108 64 72 226
internal_value=-0.000303212 -0.00402221 0.00580722 -0.00766012 0.000710716 -0.00342023 -0.000116618 -0.0014952 0.00219707 -0.00564706 0.00143654 0.00303957 0.0111176 -0.00408669 0.00301887 -0.0105925 0.00829721 0.00211921 0.000940734 -0.00725689 -0.000653061 -0.00311321 -0.00911927 -0.0100919 -0.00830393 -0.0120147 -0.00688742 -0.00195122 0.00767442 0.000886076
internal_weight=6661 4141 2520 2341 1800 958 1714 1457 1501 764 1433 1111 1019 322 158 1383 322 150 1062 688 244 211 1089 978 736 272 150 122 257 789
internal_count=6661 4141 2520 2341 1800 958 1714 1457 1501 764 1433 1111 1019 322 158 1383 322 150 1062 688 244 211 1089 978 736 272 150 122 257 789
is_linear=0
shrinkage=0.04


Tree=3
num_leaves=31
num_cat=0
split_feature=8 11 10 10 11 18 17 9 7 11 1 11 20 11 9 6 13 10 7 20 3 9 7 11 10 9 0 7 18 3
split_gain=91.8117 50.726 20.6619 19.227 14.0331 11.9175 11.5788 9.05491 8.71468 8.03816 7.94176 7.63125 7.52838 9.6394 8.20915 6.72831 6.72631 7.22416 5.97664 5.75507 5.69371 5.04082 6.91626 5.76716 5.02831 4.94707 4.72721 5.91121 4.44804 4.43839
threshold=4.1500000000000012 14.550000000000002 18.750000000000004 4.8500000000000005 5.2500000000000009 0.1294095225512602 -0.25881904510252113 122.50000000000001 5.7166666666666677 1.7500000000000002 2.1500000000000008 7.9500000000000011 -0.22252093395631442 -0.6499999999999998 68.500000000000014 9.7083333333333339 6.0500000000000007 5.7500000000000009 2.839583333333334 -0.56174490092936669 6.6500000000000012 51.500000000000007 10.135416666666668 -6.3499999999999988 6.9500000000000011 56.500000000000007 10.850000000000003 13.07291666666667 0.37940952255126048 5.2500000000000009
decision_type=2 2 2 2 2 2 2 2 2 2 2 2 2 2 2 2 2 2 2 2 2 2 2 2 2 2 2 2 2 2
left_child=6 2 4 7 12 8 18 26 -6 -8 -11 -10 13 -2 24 28 17 -14 -1 -13 -7 -19 23 -23 -15 -25 27 -3 -16 -12
right_child=1 3 -4 -5 5 20 9 -9 11 10 29 19 16 14 15 -17 -18 21 -20 -21 -22 22 -24 25 -26 -27 -28 -29 -30 -31
leaf_value=-0.10404852058715822 0.09390001762084961 0.03247973359374999 0.091247208830566431 0.15945752127929683 -0.04163507509399416 -0.053203591110229487 -0.070203016492309547 0.414689266640625 -0.073429770454711871 -0.066203010770263651 0.04904358107208253 -0.0071339512762451209 -0.11020301649230956 -0.083162692802734361 0.18283263339660646 -0.0418968390551758 0.1025702333599854 -0.090668034794921901 -0.079070597039489737 0.12376396917236328 -0.12592768298553467 -0.10295872792938233 0.11214003989868164 0.12361344793457033 -0.0038968466845703278 -0.015896835240478531 0.12603492197631833 -0.032838536389160157 0.010023161402587881 -0.030025283186187739
leaf_weight=324 155 613 138 943 183 246 299 68 97 249 279 42 127 66 97 36 81 98 845 149 143 30 53 41 257 456 313 90 51 92
leaf_count=324 155 613 138 943 183 246 299 68 97 249 279 42 127 66 97 36 81 98 845 149 143 30 53 41 257 456 313 90 51 92
internal_value=-0.000309216 0.00286401 -0.000895171 0.00758383 -0.00176007 -0.00585366 -0.00725706 0.0039447 -0.0015678 -0.0038913 -0.00128824 0.00276817 0.000516462 0.00374057 0.00106299 0.00778378 -0.00189402 -0.00300248 -0.00989744 0.00739583 -0.0110256 -0.00135493 6.88468e-05 -0.00132576 -0.00277778 -0.000281124 0.00298918 0.00116477 0.0115436 0.00241935
internal_weight=6661 4573 2546 2027 2408 860 2088 1084 471 919 620 288 1548 662 507 184 886 805 1169 191 389 678 580 527 323 497 1016 703 148 371
internal_count=6661 4573 2546 2027 2408 860 2088 1084 471 919 620 288 1548 662 507 184 886 805 1169 191 389 678 580 527 323 497 1016 703 148 371
is_linear=0
shrinkage=0.04


Tree=4
num_leaves=31
num_cat=0
split_feature=8 5 14 19 5 6 12 14 10 4 9 7 14 19 9 1 7 5 5 16 10 7 6 9 12 12 10 13 7 20
split_gain=83.8279 37.8888 23.8873 12.6341 11.9871 10.8533 10.6409 9.06409 9.44073 9.10903 8.15776 6.97448 6.6943 6.56726 6.49893 6.32704 6.94476 5.81822 5.81747 5.09111 4.77035 4.66305 4.65086 5.52404 4.59344 4.58197 6.64353 4.17341 4.12283 3.94602
threshold=4.1500000000000012 7.1500000000000012 176.50000000000003 -0.8783796973249266 3.9500000000000006 20.050000000000001 18.500000000000004 207.50000000000003 6.0500000000000007 15.850000000000003 43.500000000000007 10.427083333333336 180.50000000000003 0.6078576107927941 73.500000000000014 12.450000000000001 6.7104166666666671 5.5500000000000007 8.9500000000000011 137.50000000000003 21.150000000000002 15.456250000000002 4.7166666666666659 58.500000000000007 89.500000000000014 59.500000000000007 8.9500000000000011 1.8500000000000003 5.1270833333333341 1.0000000180025095e-35
decision_type=2 2 2 2 2 2 2 2 2 2 2 2 2 2 2 2 2 2 2 2 2 2 2 2 2 2 2 2 2 2
left_child=4 2 6 -3 12 7 -2 8 13 -9 -4 14 -1 -5 19 16 22 -18 -15 -6 24 -11 23 -12 -10 26 -8 -14 -16 -24
right_child=1 3 10 5 11 -7 25 9 20 21 15 -13 27 18 28 -17 17 -19 -20 -21 -22 -23 29 -25 -26 -27 -28 -29 -30 -31
leaf_value=-0.095834760172906486 0.11409918842724612 0.16407104062578123 0.13446389615563964 -0.051075052908874506 -0.022764859103955076 0.36455789862968752 -0.043038459946679701 0.12067508997239991 0.070287826865429684 -0.057128191482055647 -0.023081912079638656 -0.096962195770941159 -0.096783213959228509 -0.047647226337463364 -0.083212494236547849 0.15515921310390623 -0.06839266313529048 0.036701452235839829 0.053379196361816421 0.060113062827072156 0.11359732429204104 0.20681752952475585 0.095159213103906237 0.013182977417602545 -0.074238911969042989 -0.059705508265277117 0.157749611380365 -0.041371022497351112 -0.020916928871636955 0.011597335736132841
leaf_weight=710 41 334 58 262 312 158 331 414 763 56 58 53 119 54 173 97 169 90 101 188 38 26 285 223 74 736 46 373 160 159
leaf_count=710 41 334 58 262 312 158 331 414 763 56 58 53 119 54 173 97 169 90 101 188 38 26 285 223 74 736 46 373 160 159
internal_value=-0.000369258 0.00266288 -0.000967742 0.00631302 -0.00700814 0.00507447 -0.00502165 0.00418111 0.00241299 0.00877264 0.00314035 -0.00347238 -0.00960931 -0.00253589 -0.00256595 0.0023475 0.00138071 -0.00423077 0.00397436 0.000319361 0.00477169 -0.00337349 0.00338843 -0.000638298 0.00412888 -0.00576302 -0.00216931 -0.00600406 -0.00688623 0.00593258
internal_weight=6661 4573 2293 2280 2088 1946 1154 1788 1292 496 1139 886 1202 417 833 1081 984 259 155 500 875 82 725 281 837 1113 377 492 333 444
internal_count=6661 4573 2293 2280 2088 1946 1154 1788 1292 496 1139 886 1202 417 833 1081 984 259 155 500 875 82 725 281 837 1113 377 492 333 444
is_linear=0
shrinkage=0.04


Tree=5
num_leaves=31
num_cat=0
split_feature=0 5 14 0 14 14 12 1 7 19 5 10 12 3 0 5 7 12 2 9 5 4 20 19 17 16 18 17 17 1
split_gain=86.7009 37.8429 16.6713 12.297 9.85662 9.05266 8.21548 7.6489 9.93948 7.19416 7.97798 7.2229 10.6931 6.80234 5.89393 5.76573 6.52984 5.59767 7.85858 5.56029 5.16946 5.74662 5.02666 4.99726 4.68044 4.64896 5.05343 4.85202 4.5844 4.53859
threshold=3.2500000000000004 5.3500000000000005 156.50000000000003 19.750000000000004 189.50000000000003 106.50000000000001 50.500000000000007 12.450000000000001 6.7937500000000011 -0.8783796973249266 7.0500000000000007 20.850000000000005 87.500000000000014 10.950000000000001 1.4500000000000002 4.4500000000000011 1.7562500000000003 78.500000000000014 3.5500000000000003 118.50000000000001 10.950000000000001 16.350000000000005 -0.22252093395631442 0.87837969732492682 0.78656609248549325 237.50000000000003 0.37940952255126048 0.12940952255126045 -0.5 6.7500000000000009
decision_type=2 2 2 2 2 2 2 2 2 2 2 2 2 2 2 2 2 2 2 2 2 2 2 2 2 2 2 2 2 2
left_child=4 2 6 5 15 19 -2 8 17 10 -7 12 20 24 -6 16 -1 18 -4 -3 23 -22 -10 29 -14 28 -27 -28 -16 -11
right_child=1 3 7 -5 14 9 -8 -9 22 11 -12 -13 13 -15 25 -17 -18 -19 -20 -21 21 -23 -24 -25 -26 26 27 -29 -30 -31
leaf_value=0.0318209041812327 -0.0047210917410939858 -0.01538229737503123 -0.012477334828964572 0.29839869079889453 -0.074261874176565143 -0.0070312919058769198 -0.074004435175284863 0.21068601583521873 -0.031990665566141059 -0.010208047172604396 0.15533313401412893 0.087053442764451219 -0.052783819436530308 -0.10815926560540311 -0.095128373059334456 -0.062847246222398928 -0.095583839854869609 -0.024540824856951141 0.098126179538099628 0.16991836043069705 0.082479665807746474 -0.0018186825169936682 -0.083471018425271951 0.14631287113004296 0.049373580099025358 0.089614039358932931 -0.059905474255696804 0.08043988453693178 -0.023194164743082054 0.059989382976853495
leaf_weight=47 209 359 170 235 162 77 515 80 93 388 243 67 84 54 67 366 676 299 379 32 514 118 97 184 57 122 135 36 179 607
leaf_count=47 209 359 170 235 162 77 515 80 93 388 243 67 84 54 67 366 676 299 379 32 514 118 97 184 57 122 135 36 179 607
internal_value=-0.000315695 0.00245578 -0.00206186 0.00521192 -0.0078392 0.00446679 -0.00678621 0.00100089 7.69971e-05 0.00538847 0.0109657 0.00452266 0.0040857 -0.00479592 -0.00413105 -0.0102202 -0.0122928 0.00193168 0.00432727 -0.00117347 0.00504415 0.00796209 -0.00816754 0.00347458 -0.000140845 -0.00211111 0.00129252 -0.00313953 -0.00615385 0.0023494
internal_weight=6651 4861 1842 3019 1790 2784 724 1118 1038 2393 320 2073 2006 195 701 1089 723 848 549 391 1811 632 190 1179 141 539 293 171 246 995
internal_count=6651 4861 1842 3019 1790 2784 724 1118 1038 2393 320 2073 2006 195 701 1089 723 848 549 391 1811 632 190 1179 141 539 293 171 246 995
is_linear=0
shrinkage=0.04


Tree=6
num_leaves=31
num_cat=0
split_feature=8 11 14 16 5 5 18 13 6 1 11 7 7 12 19 11 5 11 12 14 12 12 20 20 5 3 19 12 18 7
split_gain=84.684 48.9664 18.6151 17.871 13.6987 8.00764 7.46833 6.15427 6.26849 5.68156 5.26924 4.94205 4.80948 6.8857 5.31103 4.79875 4.7796 4.74568 5.24688 4.78824 4.65276 4.44687 4.18828 4.97905 8.40192 5.43018 4.07349 5.67906 4.86823 4.50575
threshold=3.6500000000000008 14.550000000000002 156.50000000000003 627.50000000000011 6.1500000000000012 3.4500000000000006 0.60355339059327384 5.6500000000000012 4.2916666666666652 20.150000000000002 -1.4499999999999997 10.135416666666668 1.8437500000000002 49.500000000000007 -0.8783796973249266 5.9500000000000011 1.7500000000000002 11.250000000000002 52.500000000000007 242.50000000000003 81.500000000000014 60.500000000000007 0.81174490092936691 -0.56174490092936669 17.150000000000002 3.2500000000000004 -0.8783796973249266 67.500000000000014 -0.12940952255126037 12.052083333333334
decision_type=2 2 2 2 2 2 2 2 2 2 2 2 2 2 2 2 2 2 2 2 2 2 2 2 2 2 2 2 2 2
left_child=5 2 4 9 15 12 26 -6 -9 22 -8 17 14 16 -1 21 -14 19 -19 -7 -16 -2 23 24 25 -3 -4 28 -28 -29
right_child=1 3 6 -5 7 11 10 8 -10 -11 -12 -13 13 -15 20 -17 -18 18 -20 -21 -22 -23 -24 -25 -26 -27 27 29 -30 -31
leaf_value=-0.051670645102924288 0.048357971339650162 -0.067686721895147101 0.076032312550718434 0.034023981482551202 0.028326952396798059 -0.052618798001452978 0.057972755836484445 0.097024834948831226 -0.10195300423136738 0.41039085375902856 -0.053405540835793047 -0.085502231985250532 -0.068696808260638551 -0.095108115102844018 -0.067511975843957295 -0.097238950330435017 0.006207072963868257 -0.079576728713429259 0.12423413193446269 0.00017492969484113276 0.053256858251410154 -0.065528107227880453 0.0062543648220167829 0.13597581720590213 -0.071579529781847631 0.14590039455427667 0.12743114204503944 0.0081642409208704334 -0.0064263250766588348 -0.11515234280473902
leaf_weight=26 46 25 205 810 324 411 58 27 74 160 266 49 100 609 55 224 111 163 68 141 26 339 155 671 25 278 189 840 109 67
leaf_count=26 46 25 205 810 324 411 58 27 74 160 266 49 100 609 55 224 111 163 68 141 26 339 155 671 25 278 189 840 109 67
internal_value=-0.000327721 0.00237891 -0.00112676 0.00694588 -0.00537198 -0.00785227 0.00140634 0.000140845 -0.00843137 0.0098251 -0.00406154 -0.004994 -0.0104095 -0.0114495 -0.00240741 -0.00921311 -0.00518868 -0.00420918 0.000603448 -0.00622061 0.00268293 -0.00647668 0.00883117 0.00978 0.00571429 0.00756579 0.00266478 0.00177446 0.00655518 0.000198238
internal_weight=6651 4892 2768 2124 1034 1759 1734 425 101 1314 324 832 927 820 107 609 211 783 231 552 81 385 1154 999 328 303 1410 1205 298 907
internal_count=6651 4892 2768 2124 1034 1759 1734 425 101 1314 324 832 927 820 107 609 211 783 231 552 81 385 1154 999 328 303 1410 1205 298 907
is_linear=0
shrinkage=0.04


Tree=7
num_leaves=31
num_cat=0
split_feature=8 11 17 16 18 10 12 17 7 11 11 9 7 4 11 16 19 13 16 2 11 9 16 7 11 11 9 19 7 11
split_gain=79.1661 43.6895 21.2892 17.2108 13.6202 11.398 8.38525 7.38333 7.88795 7.22429 6.93424 5.90045 5.07443 4.74849 4.59821 4.45306 4.54418 4.41333 4.58594 4.14453 4.02386 3.85513 3.7239 4.31571 5.97127 4.49717 6.99564 5.64267 4.05981 5.24619
threshold=3.6500000000000008 14.550000000000002 0.25881904510252091 627.50000000000011 -0.12940952255126037 21.050000000000004 72.500000000000014 0.37940952255126054 3.510416666666667 4.9500000000000011 11.65 126.00000000000001 4.4229166666666675 0.8500000000000002 8.9500000000000011 52.500000000000007 0.6078576107927941 1.5500000000000003 87.500000000000014 1.9500000000000002 9.3500000000000032 60.500000000000007 382.50000000000006 5.9479166666666679 5.7500000000000009 -1.3499999999999999 62.500000000000007 0.6078576107927941 8.4833333333333361 -1.4499999999999997
decision_type=2 2 2 2 2 2 2 2 2 2 2 2 2 2 2 2 2 2 2 2 2 2 2 2 2 2 2 2 2 2
left_child=7 2 4 15 6 13 -2 8 14 -6 -8 -5 20 -4 -1 -3 17 18 -17 -15 -11 -9 23 24 25 -21 27 -27 -25 -30
right_child=1 3 5 11 9 -7 10 21 -10 12 -12 -13 -14 19 -16 16 -18 -19 -20 22 -22 -23 -24 28 -26 26 -28 -29 29 -31
leaf_value=-0.10406937420711851 0.074505420686600946 0.18050128487752251 0.090279745801939926 0.025384389123925148 -0.033322291363875108 0.099244720158249283 -0.043772027876687609 0.035228144924694629 -0.04539091052611937 0.0091881065539525502 0.15174053129038328 0.24844311133691982 -0.11185752468364055 -0.043713580053225662 -0.057762271735182544 -0.13275129045260378 0.13398132725871453 0.083351610001373866 0.043782132775629708 -0.031643106824932661 -0.090947280820667387 -0.02723475149310893 0.10822439414963779 0.07409499103719927 -0.038120369548688124 -0.057994570188673364 0.084242141997401959 0.058901220949139271 0.10443508631799446 -0.019354122816712512
leaf_weight=478 223 445 44 781 263 77 467 92 699 59 43 29 261 55 193 29 219 576 45 107 36 297 57 268 137 132 215 71 33 220
leaf_count=478 223 445 44 781 263 77 467 92 699 59 43 29 261 55 193 29 219 576 45 107 36 297 57 268 137 132 215 71 33 220
internal_value=-0.000417919 0.00219906 -0.00111231 0.00651294 -0.00470067 0.00231475 -0.00100817 -0.00769318 -0.00907367 -0.00906452 -0.00383562 0.00192355 -0.0127731 0.00144776 -0.0121726 0.0093384 0.00765517 0.00596006 -0.0032 0.00100309 -0.00479167 -0.00282051 0.00148268 0.000996622 -0.0011463 0.000798479 0.00267303 -0.00264706 0.00371648 7.87402e-05
internal_weight=6651 4892 2768 2124 1352 1416 733 1759 1370 619 510 810 356 1339 671 1314 869 650 74 1295 95 389 1240 1183 662 525 418 203 521 253
internal_count=6651 4892 2768 2124 1352 1416 733 1759 1370 619 510 810 356 1339 671 1314 869 650 74 1295 95 389 1240 1183 662 525 418 203 521 253
is_linear=0
shrinkage=0.04


Tree=8
num_leaves=31
num_cat=0
split_feature=8 11 14 16 5 10 5 13 1 20 9 18 12 9 10 7 13 20 7 18 8 9 11 2 13 12 11 5 0 2
split_gain=71.9207 40.1476 17.2017 15.7254 12.9042 12.2231 8.17387 7.49088 6.57387 6.18835 5.96767 5.88461 5.79294 5.72753 6.28346 5.38277 5.05108 4.87996 4.94448 4.47655 5.49664 4.45433 7.00702 4.37751 4.17994 4.09535 3.8279 3.82723 4.55536 3.81928
threshold=3.6500000000000008 14.550000000000002 156.50000000000003 627.50000000000011 5.3500000000000005 21.050000000000004 3.4500000000000006 5.6500000000000012 4.9500000000000011 0.81174490092936691 126.00000000000001 0.60355339059327384 72.500000000000014 87.500000000000014 0.75000000000000011 10.135416666666668 1.5500000000000003 -0.56174490092936669 5.7645833333333343 -0.12940952255126037 16.750000000000004 73.500000000000014 10.750000000000002 6.6500000000000012 7.2500000000000009 79.500000000000014 4.9500000000000011 18.050000000000004 6.9500000000000011 10.850000000000003
decision_type=2 2 2 2 2 2 2 2 2 2 2 2 2 2 2 2 2 2 2 2 2 2 2 2 2 2 2 2 2 2
left_child=6 2 4 9 16 11 13 -6 -9 17 -5 12 19 -1 -15 21 -2 18 -3 20 -4 22 -8 -11 -16 27 -13 28 -20 -25
right_child=1 3 5 10 7 -7 15 8 -10 23 -12 26 -14 14 24 -17 -18 -19 25 -21 -22 -23 -24 29 -26 -27 -28 -29 -30 -31
leaf_value=-0.080375348799299251 -0.005212864347919819 -0.017469626182724518 0.14429458444713347 0.024369013558968148 0.024771012975799298 0.097274938981313855 -0.029634857891013215 0.069127182291991662 -0.10030211869997711 -0.023145618865460734 0.23850538688344303 -0.011282122285210718 -0.0014412059912363696 -0.082431678352267182 -0.0199266892721983 -0.08026650628479573 -0.081141401425933887 0.14609055175002184 -0.053959409130716195 -0.0037381117066885494 -0.061167815014142805 -0.060487377800809324 0.089651323202275965 0.061521292350612371 0.056667442376130722 -0.026577824195062938 -0.087739300987013477 -0.007460403424239175 0.23845588019540245 -0.0011098499938012019
leaf_weight=788 109 66 274 781 368 78 326 32 84 30 29 186 884 51 46 49 441 744 41 150 34 346 111 58 42 25 128 46 206 98
leaf_count=788 109 66 274 781 368 78 326 32 84 30 29 186 884 51 46 49 441 744 41 150 34 346 111 58 42 25 128 46 206 98
internal_value=-0.000417919 0.00207644 -0.00109787 0.00621176 -0.00517874 0.00133718 -0.00735227 -0.000412371 -0.00923077 0.00891255 0.00182491 0.0006035 0.00175726 -0.00993534 -0.00242857 -0.00446579 -0.00936479 0.0100266 0.00633766 0.00540305 0.00815534 -0.00364796 -0.000958904 0.00213904 0.00404494 0.00840125 -0.00431746 0.00972789 0.0116935 0.00484076
internal_weight=6651 4892 2768 2124 1034 1734 1759 484 116 1314 810 1656 1342 927 139 832 550 1128 384 458 308 783 437 186 88 318 314 293 247 156
internal_count=6651 4892 2768 2124 1034 1734 1759 484 116 1314 810 1656 1342 927 139 832 550 1128 384 458 308 783 437 186 88 318 314 293 247 156
is_linear=0
shrinkage=0.04


Tree=9
num_leaves=31
num_cat=0
split_feature=8 11 17 16 10 5 14 14 20 7 5 9 10 11 20 9 16 17 4 10 8 19 0 2 11 20 11 9 11 4
split_gain=65.9632 36.6177 19.4075 14.2587 9.39503 8.24986 7.6615 6.75211 6.0862 5.58911 5.24161 4.98219 5.96388 4.92924 5.02007 5.21538 5.10862 4.77281 4.69279 4.58415 5.6473 4.25985 4.11716 3.91912 3.89608 3.88569 7.28955 4.62889 3.78479 3.74071
threshold=3.6500000000000008 14.550000000000002 0.25881904510252091 627.50000000000011 21.050000000000004 3.4500000000000006 156.50000000000003 216.50000000000003 0.81174490092936691 10.135416666666668 7.9500000000000011 87.500000000000014 0.75000000000000011 20.850000000000005 -0.56174490092936669 77.500000000000014 37.500000000000007 0.12940952255126045 3.3500000000000001 5.9500000000000011 5.3500000000000005 -0.8783796973249266 6.9500000000000011 1.8500000000000003 15.350000000000003 1.0000000180025095e-35 6.2500000000000009 66.500000000000014 -4.3499999999999988 6.5500000000000007
decision_type=2 2 2 2 2 2 2 2 2 2 2 2 2 2 2 2 2 2 2 2 2 2 2 2 2 2 2 2 2 2
left_child=5 2 6 8 7 11 -2 19 13 17 25 24 -13 14 16 -16 -3 18 -7 20 -4 -8 -10 -21 28 26 -9 -27 -1 -23
right_child=1 3 4 -5 -6 9 21 10 22 -11 -12 12 -14 -15 15 -17 -18 -19 -20 23 -22 29 -24 -25 -26 27 -28 -29 -30 -31
leaf_value=-0.013800021789133671 -0.067761211634765645 0.24645421101189108 0.10720949167789158 0.030672886115933409 0.09138393379266678 -0.080601831995101916 0.053627176508319434 0.11359320887084097 -0.033619576617830126 -0.077055846033403916 0.18331158899762412 -0.079134411218176479 0.021179090340636222 0.2091030143414567 0.12457924617118846 -0.04018886252362467 -0.00063658770107394964 0.0040303457155251013 -0.020021215901538839 -0.040464068672348856 -0.065962057814417635 -0.0027187593537441046 0.021761244269641652 0.013258302229512858 -0.018649410124266821 0.21878972246220263 -0.022394509297712979 -0.065475066021510889 -0.086273140125713507 -0.065673588504629926
leaf_weight=46 629 43 39 810 77 156 104 86 25 49 51 51 88 418 429 45 193 281 346 30 109 363 161 939 90 32 27 26 652 256
leaf_count=46 629 43 39 810 77 156 104 86 25 49 51 51 88 418 429 45 193 281 346 30 109 363 161 939 90 32 27 26 652 256
internal_value=-0.000484065 0.00190476 -0.00112676 0.00585412 0.00214538 -0.007125 -0.00455285 0.00135821 0.00842586 -0.00422569 0.007713 -0.00971983 -0.00271429 0.00953056 0.00748242 0.00985263 0.00270042 -0.00339286 -0.00572565 8.94454e-05 -0.00644295 -0.00174033 0.00171123 0.00109278 -0.0109506 0.00430233 0.00859649 -0.0040678 -0.0119599 -0.003
internal_weight=6651 4892 2768 2124 1416 1759 1352 1339 1314 832 222 927 139 1128 710 474 236 783 502 1117 148 723 186 969 788 171 113 58 698 619
internal_count=6651 4892 2768 2124 1416 1759 1352 1339 1314 832 222 927 139 1128 710 474 236 783 502 1117 148 723 186 969 788 171 113 58 698 619
is_linear=0
shrinkage=0.04


Tree=10
num_leaves=31
num_cat=0
split_feature=11 8 16 10 11 12 20 11 1 10 1 7 12 3 13 10 11 18 11 12 4 19 7 11 7 0 1 19 9 11
split_gain=59.8291 24.5312 23.3551 15.6883 10.816 9.95389 9.44836 8.01269 7.689 7.36915 6.79395 6.09977 6.06715 5.91394 5.50993 7.09398 5.3093 5.22218 5.19724 6.19662 6.39877 5.42683 5.17244 5.33545 7.02893 5.06898 4.92026 4.91145 5.86361 5.61645
threshold=13.850000000000003 3.3500000000000001 627.50000000000011 20.850000000000005 5.2500000000000009 86.500000000000014 -0.22252093395631442 -3.3499999999999992 2.6500000000000008 7.9500000000000011 19.350000000000005 6.6770833333333339 75.500000000000014 9.7500000000000018 6.0500000000000007 5.0500000000000007 1.6500000000000001 -0.3794095225512602 30.150000000000002 27.500000000000004 15.350000000000003 0.6078576107927941 10.135416666666668 -1.0499999999999998 8.5250000000000021 10.850000000000003 13.850000000000003 1.0000000180025095e-35 54.500000000000007 2.5500000000000003
decision_type=2 2 2 2 2 2 2 2 2 2 2 2 2 2 2 2 2 2 2 2 2 2 2 2 2 2 2 2 2 2
left_child=1 27 10 4 5 6 7 -3 -4 -6 17 12 -9 16 15 -8 -7 -2 19 20 21 -10 23 -17 -25 -21 -24 29 -29 -1
right_child=2 3 8 -5 9 13 14 11 18 -11 -12 -13 -14 -15 -16 22 -18 -19 -20 25 -22 -23 26 24 -26 -27 -28 28 -30 -31
leaf_value=-0.066254255261864833 0.11559609921252452 0.13828813923797054 -0.060486761636406483 0.093728599329143694 -0.073517343479005376 -0.055477812181144712 -0.11244392664922699 0.16185088036307985 -0.094250271523165841 -0.0063661868527149328 0.30021972075637726 -0.02943763706649424 0.021149409828882641 -0.098837817246866105 0.093315722233008339 -0.042576968136628535 0.0037420299349806285 0.034668250032600767 0.10760836753572353 -0.0030606248242948907 -0.088162815110424536 0.081916091439756075 0.10213613815168611 0.026749091756628544 -0.065225232757414403 0.15811420108640262 -0.01435035614142059 0.042258131439472033 -0.078280134859433803 -0.020167368195429882
leaf_weight=263 643 93 208 84 608 126 101 123 109 325 189 98 205 93 92 173 221 675 150 325 54 45 40 377 50 166 25 40 548 385
leaf_count=263 643 93 208 84 608 126 101 123 109 325 189 98 205 93 92 173 221 675 150 325 54 45 40 377 50 166 25 40 548 385
internal_value=-0.000434062 -0.00344878 0.00435088 -0.00139683 -0.0019193 -0.000121012 0.00155298 0.00580769 -0.00020794 -0.00541756 0.00754642 0.00346604 0.00607903 -0.00535147 -0.00102445 -0.0021382 -0.00293103 0.00652009 0.00148235 2.85714e-05 -0.00574163 -0.00154839 -0.000630631 -0.001797 0.000607477 0.00247967 0.01 -0.00814875 -0.010798 -0.0057319
internal_weight=6634 4070 2564 2834 2750 1817 1377 519 1057 933 1507 426 328 440 858 766 347 1318 849 699 208 154 665 600 427 491 65 1236 588 648
internal_count=6634 4070 2564 2834 2750 1817 1377 519 1057 933 1507 426 328 440 858 766 347 1318 849 699 208 154 665 600 427 491 65 1236 588 648
is_linear=0
shrinkage=0.04


Tree=11
num_leaves=31
num_cat=0
split_feature=1 11 17 18 17 10 18 7 20 0 11 14 11 12 17 3 14 11 14 13 11 15 10 10 14 11 11 19 19 2
split_gain=54.1224 34.3226 17.4116 13.8588 12.8051 11.5643 9.6043 7.31249 7.00376 8.06934 7.01024 6.54689 6.40371 6.21373 6.02513 6.05465 5.98714 7.13949 5.84348 7.75334 5.63549 5.25395 4.6216 4.1229 4.06783 4.06538 5.25469 3.85004 3.87804 3.7736
threshold=3.2500000000000004 13.050000000000002 -0.25881904510252113 -0.3794095225512602 0.12940952255126045 20.850000000000005 0.1294095225512602 3.510416666666667 0.81174490092936691 20.150000000000002 29.150000000000002 216.50000000000003 4.9500000000000011 87.500000000000014 0.78656609248549325 2.2500000000000004 188.50000000000003 17.250000000000004 243.50000000000003 4.9500000000000011 6.4500000000000011 1.0000000180025095e-35 0.45000000000000007 6.8500000000000005 309.50000000000006 1.4500000000000002 9.7500000000000018 1.0000000180025095e-35 -0.60785761079279388 2.5500000000000003
decision_type=2 2 2 2 2 2 2 2 2 2 2 2 2 2 2 2 2 2 2 2 2 2 2 2 2 2 2 2 2 2
left_child=4 2 6 -3 7 11 13 18 9 10 14 23 24 -2 15 -5 17 27 -1 -20 -8 -9 -17 -4 -13 -18 -27 28 -6 -25
right_child=1 3 5 8 16 -7 20 21 -10 -11 -12 12 -14 -15 -16 22 25 -19 19 -21 -22 -23 -24 29 -26 26 -28 -29 -30 -31
leaf_value=-0.089483408348079302 -0.0079195627942817027 0.12618807554243358 -0.049524809832063019 -0.073881746176664737 -0.057197086504083679 0.085979440097188872 -0.053763294685547046 -0.057800231417664563 -0.018136516688247929 0.33632946816343351 0.15242491350940049 0.10547305007481539 -0.036337182032421519 -0.076329612901998162 0.078555214284920183 -0.074261336401138078 -0.030192768732988089 0.062336222919892957 -0.07875984040280877 0.037629313694741033 -0.11440655720457325 0.020876946317815274 0.022117004123541017 -0.032575305964600433 -0.02153040093096692 0.08434244674621709 -0.00051822889845370317 -0.075552019458822714 0.031021097321647952 0.0051156902503338136
leaf_weight=480 404 794 338 32 61 82 187 539 223 100 169 180 80 107 291 60 46 53 62 84 130 93 555 61 27 90 90 144 63 1009
leaf_count=480 404 794 338 32 61 82 187 539 223 100 169 180 80 107 291 60 46 53 62 84 130 93 555 61 27 90 90 144 63 1009
internal_value=-0.000482291 0.00172671 -0.0013891 0.00537528 -0.00638981 0.000843645 -0.00617612 -0.00861001 0.00301887 0.00422185 0.00323105 0.000129717 0.005625 -0.00277344 0.00187433 -0.000277778 -0.00127737 -0.00478261 -0.0116746 -0.00462585 -0.0116352 -0.00556082 0.000616883 -0.000993612 0.00932692 0.00370044 0.00640884 -0.00743494 -0.00224 0.00022409
internal_weight=6634 4829 2605 2224 1805 1777 828 1258 1430 1207 1107 1695 287 511 938 647 547 321 626 146 317 632 615 1408 207 226 180 268 124 1070
internal_count=6634 4829 2605 2224 1805 1777 828 1258 1430 1207 1107 1695 287 511 938 647 547 321 626 146 317 632 615 1408 207 226 180 268 124 1070
is_linear=0
shrinkage=0.04


Tree=12
num_leaves=31
num_cat=0
split_feature=5 11 10 16 8 17 18 5 11 9 7 10 17 11 19 19 16 16 11 20 11 12 16 16 12 4 7 11 12 12
split_gain=68.9168 20.1815 15.0095 14.5283 10.4453 9.83901 7.9646 7.90114 7.33224 7.48695 6.66328 6.33644 6.01703 5.45185 5.281 5.26518 7.43007 5.23617 5.10418 4.82344 4.76702 5.51309 5.95477 4.74781 4.65187 4.56655 6.66434 8.83297 6.40069 6.69918
threshold=4.2500000000000009 12.15 20.850000000000005 877.50000000000011 3.9500000000000006 0.12940952255126045 0.1294095225512602 17.250000000000004 11.250000000000002 73.500000000000014 4.8062500000000012 8.3500000000000032 0.12940952255126045 13.65 -0.8783796973249266 0.6078576107927941 52.500000000000007 357.50000000000006 14.750000000000002 -0.56174490092936669 7.4500000000000011 89.500000000000014 27.500000000000004 807.50000000000011 70.500000000000014 2.1500000000000008 8.6229166666666668 -0.34999999999999992 72.500000000000014 80.500000000000014
decision_type=2 2 2 2 2 2 2 2 2 2 2 2 2 2 2 2 2 2 2 2 2 2 2 2 2 2 2 2 2 2
left_child=4 2 5 14 12 25 8 20 9 11 -11 -6 17 19 -3 16 -16 -1 -5 -8 21 22 -7 -14 -22 -2 28 -28 -27 -30
right_child=1 3 -4 18 6 7 13 -9 -10 10 -12 -13 23 -15 15 -17 -18 -19 -20 -21 24 -23 -24 -25 -26 26 27 -29 29 -31
leaf_value=-0.077676644807631479 -0.089257577988647654 0.17819656519260671 0.090540273937393112 -0.090645078893318423 -0.08085455523946157 -0.0079831259789119174 -0.0079468959917333142 -0.10256922368535161 0.11023210166392605 0.16381017995334041 -0.014485181925007549 0.00074604209990305039 -0.023721680895209332 -0.0092172645748241962 0.11240422912760313 0.12417217634917681 0.031549532403529632 -0.055488222160957966 0.023689786180782643 -0.081422924251941184 0.011714507541154369 -0.035128078066444621 0.064586254150678077 0.13085825171389026 -0.048408624325795152 0.05240524731484477 0.060248944840028712 -0.10256963740670315 -0.094030849736741917 0.00076619966535472982
leaf_weight=513 89 245 76 31 186 244 107 49 133 68 44 198 265 258 247 438 623 365 536 291 79 128 565 27 80 193 36 172 126 222
leaf_count=513 89 245 76 31 186 244 107 49 133 68 44 198 265 258 247 438 623 365 536 291 79 128 565 27 80 193 36 172 126 222
internal_value=-0.00048832 0.00263636 -0.000184466 0.00537482 -0.00580619 -0.000856855 -0.0033126 0.00155323 -9.52381e-05 -0.002334 0.00672566 -0.00498701 -0.00853971 -0.00639269 0.00737452 0.006356 0.0045465 -0.0101934 -0.000105634 -0.00932331 0.00226071 0.00334755 0.0045679 -0.00354949 -0.004125 -0.00414779 -0.00312 -0.0091866 -0.000774908 -0.00401146
internal_weight=6634 4179 2059 2120 2455 1983 1285 1145 629 496 112 384 1170 656 1553 1308 870 878 567 398 1096 937 809 292 159 838 749 208 541 348
internal_count=6634 4179 2059 2120 2455 1983 1285 1145 629 496 112 384 1170 656 1553 1308 870 878 567 398 1096 937 809 292 159 838 749 208 541 348
is_linear=0
shrinkage=0.04


Tree=13
num_leaves=31
num_cat=0
split_feature=5 1 14 5 20 6 8 20 8 9 13 14 2 20 0 20 17 12 9 12 12 4 12 9 0 14 5 10 12 14
split_gain=65.948 15.8254 13.8069 10.684 11.5412 8.63966 7.86444 7.73686 8.34405 7.89558 7.50773 6.1184 6.10706 6.08323 5.58158 5.3602 5.20911 4.61818 4.56525 4.42586 4.93356 4.25024 7.02959 4.22089 4.45708 4.11003 4.08858 4.05857 5.07197 4.92444
threshold=4.2500000000000009 3.2500000000000004 180.50000000000003 11.450000000000001 0.81174490092936691 3.4833333333333303 8.4500000000000011 1.0000000180025095e-35 14.950000000000001 68.500000000000014 2.7500000000000004 139.50000000000003 3.2500000000000004 1.0000000180025095e-35 7.9500000000000011 0.81174490092936691 0.25881904510252091 39.500000000000007 64.500000000000014 31.500000000000004 77.500000000000014 13.450000000000001 41.500000000000007 107.50000000000001 5.0500000000000007 119.50000000000001 5.5500000000000007 15.65 72.500000000000014 273.50000000000006
decision_type=2 2 2 2 2 2 2 2 2 2 2 2 2 2 2 2 2 2 2 2 2 2 2 2 2 2 2 2 2 2
left_child=2 18 5 7 -5 15 10 11 9 12 17 23 -9 -7 21 -1 -12 -4 -2 -6 -21 22 -11 24 -3 -17 -14 28 -13 -30
right_child=1 3 6 4 19 13 -8 8 -10 14 16 27 26 -15 -16 25 -18 -19 -20 20 -22 -23 -24 -25 -26 -27 -28 -29 29 -31
leaf_value=-0.076675830937507183 0.012655443225452423 0.038133732671141798 0.0063832266046764379 0.13112564387455714 -0.076053294945504377 -0.015603976856211723 0.06863424172828736 -0.028267898827436112 -0.068890338226147665 0.062311138179682944 -0.029176914615379738 0.095693263000155238 -0.0078991603479824229 -0.064860559894890951 0.041215398543016271 -0.086078601001715715 0.046203072847429603 -0.070530030523209705 -0.051601014205016504 0.056822039447815768 -0.070986163219590739 -0.097761631503822194 -0.064109397815056285 0.157869192302379 -0.03568838019500422 0.06467538742017577 0.057853799035445665 0.084918674423989163 -0.0080452216085776136 0.082377070971579786
leaf_weight=562 227 75 41 790 28 463 170 41 152 48 433 628 79 307 169 40 160 248 464 142 78 50 180 39 224 31 249 135 343 38
leaf_count=562 227 75 41 790 28 463 170 41 152 48 433 628 79 307 169 40 160 248 464 142 78 50 180 39 224 31 249 135 343 38
internal_value=-0.000506405 0.00255024 -0.00570847 0.00364574 0.00704524 -0.00830484 -0.00224122 0.00220318 -0.000577915 0.00102815 -0.00375991 0.00401888 0.00535135 -0.00544747 -0.00254464 -0.0117666 -0.00117845 -0.00903448 -0.00297688 -0.000481928 0.00144796 -0.00602151 -0.00366812 -0.000707965 -0.00233333 -0.00138889 0.00717325 0.00541485 0.00453465 0.000890052
internal_weight=6634 4179 2455 3488 1038 1403 1052 2450 968 816 882 1482 369 770 447 633 593 289 691 248 220 278 228 338 299 71 328 1144 1009 381
internal_count=6634 4179 2455 3488 1038 1403 1052 2450 968 816 882 1482 369 770 447 633 593 289 691 248 220 278 228 338 299 71 328 1144 1009 381
is_linear=0
shrinkage=0.04


Tree=14
num_leaves=31
num_cat=0
split_feature=1 11 11 16 14 10 13 18 9 13 17 7 20 20 11 10 11 17 20 11 9 10 18 9 7 11 7 7 7 18
split_gain=47.4456 29.5985 15.5528 13.459 11.8121 9.8982 8.28636 7.53696 8.13853 7.17897 6.48442 7.49724 6.31698 6.27749 6.0002 5.79279 5.67035 6.20137 5.64793 7.61358 8.21698 5.55791 5.0106 4.79066 4.69617 6.72042 5.3341 4.89821 4.59673 4.52484
threshold=3.2500000000000004 13.050000000000002 5.2500000000000009 52.500000000000007 188.50000000000003 21.750000000000004 6.4500000000000011 -0.5 120.50000000000001 4.2500000000000009 -0.25881904510252113 5.6895833333333341 0.81174490092936691 0.81174490092936691 15.550000000000002 8.5500000000000025 16.150000000000002 0.37940952255126054 -0.22252093395631442 -5.8499999999999988 73.500000000000014 5.7500000000000009 0.37940952255126048 39.500000000000007 10.427083333333336 -1.3499999999999999 7.4895833333333348 8.5250000000000021 3.6270833333333341 -0.12940952255126037
decision_type=2 2 2 2 2 2 2 2 2 2 2 2 2 2 2 2 2 2 2 2 2 2 2 2 2 2 2 2 2 2
left_child=4 2 5 15 13 6 18 -5 12 28 29 -12 14 16 -9 -3 -1 -18 19 -2 -21 -20 -11 -23 25 26 -25 -27 -6 -4
right_child=1 3 10 7 9 -7 -8 8 -10 22 11 -13 -14 -15 -16 -17 17 -19 21 20 -22 23 -24 24 -26 27 -28 -29 -30 -31
leaf_value=-0.066945775014892142 0.10941367385093236 -0.0023177638689411851 -0.022929173884939865 0.09578670459012012 -0.077191576807572493 0.08006321732540593 0.11074296617449765 -0.05796031116152104 0.29500982234969408 0.05711484601420562 -0.03870357507896701 0.016538685857682527 -0.0272313765423608 0.014436743973119556 0.044870930963194909 0.16742768641903497 -0.06518933136355734 0.091898287200946338 -0.086620788860954936 -0.0081337707682867227 0.065888449910351934 -0.10216184696664093 -0.016080190059640335 -0.059272267409346144 0.086126846421393358 0.020435377388011915 0.055036696401774401 -0.036032339151074455 -0.0089658153702500704 -0.093787591559832087
leaf_weight=802 56 62 122 434 161 64 117 77 78 187 210 238 202 108 946 425 112 44 165 483 140 26 242 147 53 448 40 72 149 224
leaf_count=802 56 62 122 434 161 64 117 77 78 187 210 238 202 108 946 425 112 44 165 483 140 26 242 147 53 448 40 72 149 224
internal_value=-0.000548606 0.00151967 -0.00137375 0.00490787 -0.00607973 0.000673289 0.000102975 0.00325662 0.00173313 -0.00218919 -0.00603774 -0.00285078 0.000929853 -0.00877226 0.00220703 0.0107787 -0.00980188 -0.00280255 -0.000637646 0.00214706 0.000865385 -0.00262605 0.00116279 -0.00121982 -0.000630749 -0.00149718 -0.00797872 0.00084453 -0.00681672 -0.0101441
internal_weight=6634 4829 2605 2224 1805 1811 1747 1737 1303 739 794 448 1225 1066 1023 487 958 156 1630 679 623 951 429 786 760 707 187 520 310 346
internal_count=6634 4829 2605 2224 1805 1811 1747 1737 1303 739 794 448 1225 1066 1023 487 958 156 1630 679 623 951 429 786 760 707 187 520 310 346
is_linear=0
shrinkage=0.04


Tree=15
num_leaves=31
num_cat=0
split_feature=8 5 14 19 11 10 14 5 7 9 11 4 6 19 18 14 11 10 11 9 11 7 20 12 7 6 12 1 19 4
split_gain=49.7244 26.3123 13.8827 10.6619 8.30627 7.49457 9.84522 6.93847 6.25733 5.68335 5.90331 5.02092 5.66088 6.89836 4.96166 4.67699 4.66846 4.58757 5.64141 4.99024 4.51111 4.40277 4.30229 5.40532 4.33375 6.33171 4.2971 7.46594 5.24111 4.27279
threshold=3.7500000000000004 7.0500000000000007 176.50000000000003 -0.8783796973249266 29.950000000000003 6.9500000000000011 261.50000000000006 3.1500000000000008 10.135416666666668 68.500000000000014 10.550000000000002 0.95000000000000007 3.4833333333333303 1.0000000180025095e-35 0.1294095225512602 152.50000000000003 2.7500000000000004 22.550000000000004 18.850000000000005 36.500000000000007 1.5500000000000003 9.1104166666666675 -0.22252093395631442 30.500000000000004 6.7104166666666671 4.6916666666666655 78.500000000000014 11.65 1.0000000180025095e-35 6.5500000000000007
decision_type=2 2 2 2 2 2 2 2 2 2 2 2 2 2 2 2 2 2 2 2 2 2 2 2 2 2 2 2 2 2
left_child=7 2 4 -3 21 6 16 11 9 10 15 -1 13 -13 26 -9 -5 18 19 -7 -17 -2 -16 -24 25 -25 28 -28 -4 -14
right_child=1 3 14 5 -6 17 -8 8 -10 -11 -12 12 29 -15 22 20 -18 -19 -20 -21 -22 -23 23 24 -26 -27 27 -29 -30 -31
leaf_value=0.049503259076983927 -0.031569442223105211 0.11540897031752645 0.028076032768340156 -0.095960283742419744 0.10184815199510705 -0.033855927225085999 0.082584093069483833 -0.085381771387688168 -0.078801017243323418 -0.046262628662114905 0.088614382609076101 -0.050768831458736979 0.012270279247896951 -0.080284725687749303 0.019424480885443671 -0.040502345789817651 -0.0047662680784253198 0.10139523647681842 0.21850926066034043 0.051283483654125953 0.044863755061349125 -0.093315416145883456 0.068858715022263081 -0.04624416763671732 -0.089209318755339134 0.048880522016933464 -0.010029580515624926 0.42295315819038876 0.13414673473776467 -0.076928627949600439
leaf_weight=61 948 346 237 69 58 36 241 81 59 485 106 351 96 322 272 75 557 46 228 814 139 169 67 103 72 66 232 27 195 44
leaf_count=61 948 346 237 69 58 36 241 81 59 485 106 351 96 322 272 75 557 46 228 814 139 169 67 103 72 66 232 27 195 44
internal_value=-0.000581554 0.00155936 -0.00134042 0.00459367 -0.00447279 0.00346386 0.000668203 -0.00620879 -0.00382664 -0.00297632 0.000547264 -0.00877714 -0.00960688 -0.0111276 0.0015566 -0.00236486 -0.00197767 0.00561778 0.00507878 0.00357227 0.000744186 -0.0052415 -0.0011704 -0.00440129 -0.00719008 -0.00364706 0.00384393 -0.000230769 0.00628176 -0.0022695
internal_weight=6602 4783 2446 2337 1175 1991 867 1819 945 886 401 874 813 673 1271 295 626 1124 1078 850 214 1117 580 308 241 169 691 259 432 140
internal_count=6602 4783 2446 2337 1175 1991 867 1819 945 886 401 874 813 673 1271 295 626 1124 1078 850 214 1117 580 308 241 169 691 259 432 140
is_linear=0
shrinkage=0.04


Tree=16
num_leaves=31
num_cat=0
split_feature=8 5 14 17 19 11 10 14 18 16 11 12 14 11 1 20 11 5 18 11 11 4 19 3 16 11 12 0 3 10
split_gain=46.2902 22.7061 13.1155 10.8569 10.4826 9.26026 6.99873 8.61022 6.65576 6.00234 5.73716 5.72763 5.42345 6.90745 5.24313 4.8387 4.78757 4.66082 4.62949 4.52556 4.84098 5.32475 5.03612 4.67248 5.27905 4.42901 4.33768 4.3318 4.39968 4.29018
threshold=3.7500000000000004 7.0500000000000007 161.50000000000003 -0.25881904510252113 -0.8783796973249266 14.250000000000002 6.5500000000000007 261.50000000000006 0.60355339059327384 377.50000000000006 7.1500000000000012 50.500000000000007 182.50000000000003 9.7500000000000018 2.1500000000000008 -0.22252093395631442 1.5500000000000003 4.5500000000000007 0.1294095225512602 -7.4499999999999993 9.1500000000000004 6.8500000000000005 0.6078576107927941 3.1500000000000008 42.500000000000007 2.8500000000000001 28.500000000000004 2.5500000000000003 5.2500000000000009 22.550000000000004
decision_type=2 2 2 2 2 2 2 2 2 2 2 2 2 2 2 2 2 2 2 2 2 2 2 2 2 2 2 2 2 2
left_child=3 2 5 9 -3 10 7 25 19 -1 11 -2 13 -5 -15 17 -14 -10 -11 -4 21 -21 23 -22 -25 -6 -17 28 -18 -8
right_child=1 4 8 12 6 -7 29 -9 15 18 -12 -13 16 14 -16 26 27 -19 -20 20 22 -23 -24 24 -26 -27 -28 -29 -30 -31
leaf_value=-0.063689253944677879 0.070117561747489732 0.11079261150482539 0.17387140983865806 -0.049349649676565265 -0.097368358315614717 0.016107368404144076 0.052670892632342328 0.088835487203032762 -0.017822556364262495 0.0099771087155583523 -0.074796147810192407 -0.049033839607440725 -0.049241630137377736 -0.066217192899148833 0.12024214172299263 0.014915717347893499 0.10151666189976749 0.059778813096277403 -0.059799575088326319 0.015664572260924246 -0.043324446137933917 -0.056181328726146659 0.13305622262215178 0.16060057034931968 0.024040061620540013 -0.0070617413904638581 -0.07081555110047251 -0.0027776938827724605 -0.033302483516917968 0.097339427017745672
leaf_weight=547 30 346 51 357 63 234 1127 234 125 115 187 466 96 42 39 52 104 75 378 521 46 113 88 66 214 521 178 114 27 46
leaf_count=547 30 346 51 357 63 234 1127 234 125 115 187 466 96 42 39 52 104 75 378 521 46 113 88 66 214 521 178 114 27 46
internal_value=-0.000581554 0.00148411 -0.00120964 -0.00601099 0.00430282 -0.00498911 0.00318273 0.00034188 0.00105882 -0.00868396 -0.00733918 -0.00507042 -0.0024359 -0.00537585 0.00512195 -0.00315545 0.00134503 0.00139303 -0.00546559 0.00270909 0.00213537 -6.29921e-05 0.00549398 0.00318043 0.00512456 -0.00225641 -0.00709957 0.00430894 0.00924242 0.00516184
internal_weight=6602 4783 2446 1819 2337 917 1991 818 1529 1040 683 496 779 438 81 430 341 200 493 1099 1048 634 414 326 280 584 230 245 131 1173
internal_count=6602 4783 2446 1819 2337 917 1991 818 1529 1040 683 496 779 438 81 430 341 200 493 1099 1048 634 414 326 280 584 230 245 131 1173
is_linear=0
shrinkage=0.04


Tree=17
num_leaves=31
num_cat=0
split_feature=1 11 11 10 14 12 14 14 10 17 5 10 7 19 5 16 16 9 18 11 5 9 10 17 20 7 12 4 18 18
split_gain=40.601 22.7803 17.5295 13.4098 9.50162 8.43711 9.17388 7.28157 5.86466 5.77103 5.6701 5.60161 5.56851 5.53133 6.16455 5.34937 5.19762 5.16748 5.09223 5.59781 4.81715 5.43974 9.05669 4.80691 4.68941 4.47647 4.58546 4.35039 4.3085 4.23587
threshold=3.2500000000000004 12.15 5.0500000000000007 8.6500000000000004 180.50000000000003 89.500000000000014 203.50000000000003 328.50000000000006 6.6500000000000012 0.25881904510252091 13.950000000000001 18.150000000000002 3.510416666666667 -0.8783796973249266 8.0500000000000025 357.50000000000006 52.500000000000007 118.50000000000001 -0.12940952255126037 15.950000000000001 7.0500000000000007 65.500000000000014 11.950000000000001 1.0000000180025095e-35 0.81174490092936691 5.6895833333333341 75.500000000000014 2.8500000000000001 0.1294095225512602 0.1294095225512602
decision_type=2 2 2 2 2 2 2 2 2 2 2 2 2 2 2 2 2 2 2 2 2 2 2 2 2 2 2 2 2 2
left_child=4 2 5 13 12 6 8 -8 -2 15 -11 -7 -1 14 -3 -6 -5 18 -15 -20 -10 -22 -23 29 -14 -25 -27 -21 -17 -4
right_child=1 3 23 16 9 11 7 -9 20 10 -12 -13 24 17 -16 28 -18 -19 19 27 21 22 -24 25 -26 26 -28 -29 -30 -31
leaf_value=-0.060375288429692232 -0.058339524484020584 -0.0017044246935634178 -0.036296988356604845 0.13865456019622613 -0.06067346847407324 -0.068579885896455139 0.096755840441828417 -0.028925746185284391 -0.00076930228491125521 0.042058526258809896 -0.080491989585157492 0.041073967691819355 -0.052613509400302315 0.034048847304960737 0.16310417700544677 0.070331209045925824 0.05376029074514433 0.14967047492912094 -0.068705143969438678 0.14643137489264768 0.079452599600378024 0.058265393774087432 -0.048339609925512832 -0.0325479727944138 0.069060013942773432 0.042612307526535123 -0.04078154808329057 -0.008362598630380802 -0.0340364650079788 -0.089256076462262787
leaf_weight=505 262 87 176 447 248 224 315 45 571 202 28 36 392 394 131 83 280 75 87 37 159 137 58 169 48 78 93 759 267 209
leaf_count=505 262 87 176 447 248 224 315 45 571 202 28 36 392 394 131 83 280 75 87 37 159 137 58 169 48 78 93 759 267 209
internal_value=-0.00056338 0.00133747 -0.00127912 0.00422106 -0.00573844 0.000829646 0.0019509 0.00753463 0.000252525 -0.00260555 0.00277056 -0.00582375 -0.0084778 0.00213877 0.00803653 -0.00467446 0.00870879 0.00118256 0.00057903 -0.0011086 0.00174946 0.00540845 0.000918367 -0.00652893 -0.00517007 -0.00304985 0.00151163 -5.01882e-05 -0.00148148 -0.00958549
internal_weight=6602 4829 2532 2297 1773 1807 1547 360 1187 828 230 260 945 1570 218 598 727 1352 1277 883 925 354 195 725 440 340 171 796 350 385
internal_count=6602 4829 2532 2297 1773 1807 1547 360 1187 828 230 260 945 1570 218 598 727 1352 1277 883 925 354 195 725 440 340 171 796 350 385
is_linear=0
shrinkage=0.04


Tree=18
num_leaves=31
num_cat=0
split_feature=5 11 17 14 12 11 1 6 6 19 7 8 1 3 12 18 5 5 14 18 3 20 14 11 20 5 16 12 20 5
split_gain=38.4458 15.7335 14.5757 11.1163 10.0468 9.44844 8.90458 7.24618 7.055 6.66601 12.396 7.55275 6.43228 6.33724 6.89855 7.08468 6.31312 5.63632 5.2513 8.45883 5.01101 4.95988 4.76091 4.47357 4.21847 4.13702 3.91492 4.74634 3.89353 8.51787
threshold=4.2500000000000009 11.950000000000001 0.37940952255126054 180.50000000000003 64.500000000000014 7.4500000000000011 18.650000000000002 11.074999999999999 3.5166666666666639 0.6078576107927941 12.722916666666668 4.8500000000000005 2.0500000000000003 8.5500000000000025 76.500000000000014 0.1294095225512602 17.250000000000004 10.15 250.50000000000003 -0.12940952255126037 2.6500000000000008 1.0000000180025095e-35 231.50000000000003 28.050000000000004 0.81174490092936691 9.3500000000000032 417.50000000000006 71.500000000000014 1.0000000180025095e-35 17.650000000000002
decision_type=2 2 2 2 2 2 2 2 2 2 2 2 2 2 2 2 2 2 2 2 2 2 2 2 2 2 2 2 2 2
left_child=3 2 18 8 6 16 9 13 24 11 12 22 -11 14 15 -5 17 -4 26 -20 -13 23 25 -10 -1 -3 27 -2 29 -22
right_child=1 4 5 7 -6 -7 -8 -9 21 10 -12 20 -14 -15 -16 -17 -18 -19 19 -21 28 -23 -24 -25 -26 -27 -28 -29 -30 -31
leaf_value=-0.063887440217004002 0.0096487534556392168 -0.08018536096326527 0.026471686163434285 0.063434077301013941 0.097230609032512905 -0.031739938604434241 0.26550018564132322 0.16805623682393242 -0.016381007813331187 -0.12366305400482183 -0.039304208819724289 -0.051874624632518407 0.091282413588831629 -0.094620160294672295 -0.04706769753050416 -0.014415451856971196 -0.097246421094542235 0.069972123910788317 0.089670962206264665 -0.043464493976434343 0.099745056394008491 -0.05063166929578982 -0.10967391796245402 0.10810517183219392 -0.012901883691988339 0.080027617314099728 -0.082029303557394295 -0.050405580063319577 -0.015270422821797993 -0.12936274535556017
leaf_weight=560 169 76 703 233 490 142 171 47 415 29 100 49 326 110 256 388 29 182 93 104 437 306 69 33 71 38 88 560 303 25
leaf_count=560 169 76 703 233 490 142 171 47 415 29 100 49 326 110 256 388 29 182 93 104 437 306 69 33 71 38 88 560 303 25
internal_value=-0.000557322 0.00176386 -0.000714631 -0.00457025 0.00419111 0.00257332 0.00267241 -0.00142995 -0.00691198 0.00165175 0.00565789 -0.000180361 0.0091573 -0.00216599 -0.00102506 0.00125402 0.00406557 0.00467269 -0.00413793 0.00171717 0.00147239 -0.00429139 -0.0075 -0.00160356 -0.0100316 -0.00243478 -0.00555012 -0.00457534 0.00227154 0.00457883
internal_weight=6602 4183 2070 2419 2113 1056 1623 1034 1385 1452 455 997 355 987 877 621 914 885 1014 197 814 754 183 448 631 114 817 729 765 462
internal_count=6602 4183 2070 2419 2113 1056 1623 1034 1385 1452 455 997 355 987 877 621 914 885 1014 197 814 754 183 448 631 114 817 729 765 462
is_linear=0
shrinkage=0.04


Tree=19
num_leaves=31
num_cat=0
split_feature=5 11 17 14 18 19 5 6 3 6 11 12 14 18 3 12 18 4 5 7 19 13 19 19 4 12 7 13 2 7
split_gain=35.4251 13.7308 13.3902 10.3503 8.72631 8.90066 7.67113 7.24337 6.55765 6.37245 6.36294 5.93067 5.17667 6.53716 5.07697 6.14145 5.72623 5.08015 5.01573 4.47627 4.28029 4.03492 3.84894 4.92086 4.89213 4.25834 3.79865 3.78867 3.78564 7.17355
threshold=4.2500000000000009 11.950000000000001 0.12940952255126045 180.50000000000003 -0.12940952255126037 -0.8783796973249266 17.250000000000004 3.5166666666666639 2.1500000000000008 11.291666666666666 7.8500000000000005 72.500000000000014 261.50000000000006 -0.12940952255126037 8.5500000000000025 76.500000000000014 0.1294095225512602 1.2500000000000002 10.250000000000002 11.160416666666668 1.0000000180025095e-35 2.7500000000000004 1.0000000180025095e-35 -0.60785761079279388 2.5500000000000003 41.500000000000007 3.6270833333333341 7.0500000000000007 20.850000000000005 10.664583333333335
decision_type=2 2 2 2 2 2 2 2 2 2 2 2 2 2 2 2 2 2 2 2 2 2 2 2 2 2 2 2 2 2
left_child=3 2 12 7 28 -6 10 22 -7 14 18 27 21 -14 15 16 20 -17 -4 -9 -5 -2 23 -1 -25 -24 -19 -12 29 -3
right_child=1 4 6 9 5 8 -8 19 -10 -11 11 -13 13 -15 -16 17 -18 26 -20 -21 -22 -23 25 24 -26 -27 -28 -29 -30 -31
leaf_value=-0.062997329565989496 -0.018793965025259211 0.095755254138248175 0.019630554830954949 0.0042274129130584369 0.11192730862497299 -0.043669831312611047 -0.091412968159762756 -0.020006507818144961 0.010372489411237442 0.16825198832796073 0.055987939937166456 -0.047705343047130956 0.084012061839765895 -0.033570696426789372 -0.090348217650537924 0.053072389627560473 -0.013838833782692355 -0.073077206574217082 0.052942661516960109 -0.11128452852315356 0.17283628767102718 -0.06032302138617375 0.023838033514801432 0.053745679005463953 -0.069395360831364813 -0.066157944685617601 -0.011658884491762934 -0.026524496157158489 0.2737673021491176 0.011286465955275382
leaf_weight=156 258 553 844 133 177 58 44 705 908 44 38 70 78 85 113 34 388 133 203 49 100 416 27 58 102 288 89 34 106 311
leaf_count=156 258 553 844 133 177 58 44 705 908 44 38 70 78 85 113 34 388 133 203 49 100 416 27 58 102 288 89 34 106 311
internal_value=-0.000569438 0.0016587 -0.000656688 -0.00442149 0.00392621 0.00155594 0.00199352 -0.0066811 4.1365e-05 -0.0013913 0.00260504 -0.00531469 -0.00455847 0.00182927 -0.00205853 -0.00102506 0.0011254 -0.00622568 0.00368321 -0.00402649 0.00606838 -0.0061037 -0.00984177 -0.0066877 -0.00173913 -0.0129747 -0.00843049 0.00273973 0.00671473 0.00582659
internal_weight=6602 4183 2070 2419 2113 1143 1233 1385 966 1034 1189 142 837 163 990 877 621 256 1047 754 233 674 631 316 160 315 222 72 970 864
internal_count=6602 4183 2070 2419 2113 1143 1233 1385 966 1034 1189 142 837 163 990 877 621 256 1047 754 233 674 631 316 160 315 222 72 970 864
is_linear=0
shrinkage=0.04


Tree=20
num_leaves=31
num_cat=0
split_feature=11 17 1 0 18 2 12 14 19 12 7 19 14 10 16 11 7 9 12 16 7 1 1 0 11 19 11 20 10 16
split_gain=38.7198 25.2726 13.6041 9.4131 8.85073 8.21665 7.43922 7.17562 6.45155 9.24677 6.75811 5.56783 5.35142 6.69906 6.48271 4.53049 4.36049 5.08752 4.30898 4.64442 4.28286 4.42698 4.17073 3.94611 4.50048 3.9796 3.6395 3.56582 3.52189 3.38402
threshold=14.250000000000002 -0.25881904510252113 18.650000000000002 2.6500000000000008 0.1294095225512602 2.7500000000000004 61.500000000000007 189.50000000000003 0.6078576107927941 45.500000000000007 12.458333333333336 -0.8783796973249266 259.50000000000006 6.9500000000000011 42.500000000000007 15.750000000000002 9.3333333333333357 72.500000000000014 75.500000000000014 157.50000000000003 2.8770833333333337 5.3500000000000005 4.4500000000000011 6.9500000000000011 30.150000000000002 -0.8783796973249266 5.0500000000000007 -0.56174490092936669 0.8500000000000002 32.500000000000007
decision_type=2 2 2 2 2 2 2 2 2 2 2 2 2 2 2 2 2 2 2 2 2 2 2 2 2 2 2 2 2 2
left_child=1 4 3 16 6 7 26 27 9 23 15 -11 13 18 -14 -10 17 -2 -7 -20 -6 22 -22 24 25 28 -1 -3 -5 -9
right_child=2 5 -4 8 20 12 -8 29 10 11 -12 -13 14 -15 -16 -17 -18 -19 19 -21 21 -23 -24 -25 -26 -27 -28 -29 -30 -31
leaf_value=0.10120389730220093 0.043112956902280931 -0.004054299798281669 0.22262823705806681 -0.08814098282810541 -0.084139297182238448 0.0063146473213068436 -0.040836101604154927 -0.068407295611505645 -0.019748070173861761 0.13522089388701261 -0.011221031206022828 0.031670701861911607 -0.024830798400075231 0.010336819555287882 0.10963789739658751 0.082574778209076632 -0.089233541793447654 -0.051071324449367704 -0.057421471376867983 0.018711444999603498 -0.055958261280345915 -0.088908252063775922 0.024933581704670155 0.031205835638723232 0.093125285824085358 -0.077396162481447303 -0.0030215580275791609 -0.053537705672007621 0.08661608504896369 0.01894779166536523
leaf_weight=48 66 102 268 26 155 143 740 47 52 131 110 517 60 1265 161 418 28 187 252 56 379 165 53 405 49 224 92 274 54 155
leaf_count=48 66 102 268 26 155 143 740 47 52 131 110 517 60 1265 161 418 28 187 252 56 379 165 53 405 49 224 92 274 54 155
internal_value=-0.000652402 -0.00303279 0.00324132 0.00223104 -0.00690753 -0.000516693 -0.00417707 -0.00469775 0.00320081 0.00173419 0.00674699 0.00523883 0.000732714 -2.32964e-05 0.00657658 0.00883227 -0.00460993 -0.00291339 -0.00420354 -0.00686084 -0.010093 -0.00852843 -0.00637413 -0.00126482 -0.00435028 -0.00616393 0.00425532 -0.00795756 0.00148148 0.00137931
internal_weight=6682 4147 2535 2267 1632 2515 880 578 1986 1406 580 648 1937 1716 221 470 281 253 451 308 752 597 432 758 353 304 140 376 80 202
internal_count=6682 4147 2535 2267 1632 2515 880 578 1986 1406 580 648 1937 1716 221 470 281 253 451 308 752 597 432 758 353 304 140 376 80 202
is_linear=0
shrinkage=0.04


Tree=21
num_leaves=31
num_cat=0
split_feature=11 17 1 7 8 2 14 10 3 20 18 12 14 16 10 3 3 11 12 9 5 5 20 1 11 9 12 16 11 5
split_gain=37.1988 23.131 13.7561 9.20615 9.14348 7.45162 6.28748 6.05389 6.74996 6.00575 5.8735 6.07577 5.48155 6.57967 6.55186 4.61793 4.43812 5.29206 4.85418 4.42909 4.14458 5.15177 9.33548 4.3564 4.02858 4.02451 3.81613 4.60232 3.73825 5.96259
threshold=14.250000000000002 -0.25881904510252113 18.650000000000002 2.7333333333333338 2.8500000000000001 2.8500000000000001 189.50000000000003 0.65000000000000002 2.2500000000000004 0.81174490092936691 -0.12940952255126037 61.500000000000007 259.50000000000006 42.500000000000007 6.9500000000000011 6.2500000000000009 6.8500000000000005 1.8500000000000003 50.500000000000007 64.500000000000014 4.4500000000000011 17.250000000000004 1.0000000180025095e-35 11.450000000000001 21.450000000000003 64.500000000000014 75.500000000000014 157.50000000000003 4.9500000000000011 5.8500000000000005
decision_type=2 2 2 2 2 2 2 2 2 2 2 2 2 2 2 2 2 2 2 2 2 2 2 2 2 2 2 2 2 2
left_child=1 3 4 -1 25 6 -3 -6 -9 15 11 -5 14 -14 26 19 18 -18 -12 -10 23 -22 -23 -17 -21 -2 -7 -28 -15 -30
right_child=2 5 -4 10 7 12 -8 8 9 -11 16 -13 13 28 -16 20 17 -19 -20 24 21 22 -24 -25 -26 -27 27 -29 29 -31
leaf_value=-0.062189601064137498 0.029686553815902635 -0.04160291213403227 0.21372310757574414 0.08371762870527065 -0.01989481513061719 0.0041067572164766378 0.0042613984296562893 -0.01791252516994785 0.12775002394472942 -0.0053447294228834256 0.011584790205203871 -0.028001641751145938 -0.023837566464072212 0.14014770178482661 0.0099461688605118684 -0.094377173572723974 0.013076706775023688 -0.089895696291330832 -0.053287465057453506 -0.0064792147552921444 0.065555996799503316 -0.11544890580830851 0.15943554237577304 0.15545445640307978 0.10256427827863186 -0.057051457753523549 -0.055124612521793265 0.017962987199619373 -0.047746713217719262 0.069462612709166663
leaf_weight=273 47 394 268 84 291 140 214 111 203 217 104 530 58 101 1257 90 38 235 368 114 668 62 58 34 170 202 242 54 27 28
leaf_count=273 47 394 268 84 291 140 214 111 203 217 104 530 58 101 1257 90 38 235 368 114 668 62 58 34 170 202 242 54 27 28
internal_value=-0.000622475 -0.00295564 0.00319401 -0.00666258 0.00217813 -0.00054849 -0.00440066 0.00307083 0.00396991 0.00462585 -0.00530882 -0.0024065 0.000681342 0.00669767 -8.26446e-05 0.00558571 -0.00769437 -0.0117518 -0.0053277 0.00872951 0.00389923 0.00496831 -0.00264463 -0.00288 0.00547368 -0.00504 -0.00430206 -0.00686869 0.0109554 0.0025
internal_weight=6682 4147 2535 1632 2267 2515 608 2018 1727 1616 1359 614 1907 214 1693 1399 745 273 472 487 912 788 120 124 284 249 436 296 156 55
internal_count=6682 4147 2535 1632 2267 2515 608 2018 1727 1616 1359 614 1907 214 1693 1399 745 273 472 487 912 788 120 124 284 249 436 296 156 55
is_linear=0
shrinkage=0.04


Tree=22
num_leaves=31
num_cat=0
split_feature=11 10 14 1 18 10 5 19 19 8 11 14 0 13 2 19 6 7 11 6 14 7 13 6 2 11 9 2 11 20
split_gain=33.0987 16.7174 15.1586 12.677 9.48403 8.87514 8.17338 6.74263 8.1778 5.97337 5.88986 5.27511 5.27476 5.02024 4.64216 5.21679 4.4293 5.05213 4.41516 5.99439 4.45021 4.36698 4.37824 5.61851 4.64982 4.09323 3.9351 5.49779 4.42127 7.13271
threshold=14.250000000000002 7.0500000000000007 230.50000000000003 18.650000000000002 -0.12940952255126037 8.6500000000000004 7.2500000000000009 1.0000000180025095e-35 -0.60785761079279388 2.8500000000000001 -3.7499999999999996 173.50000000000003 5.7500000000000009 4.7500000000000009 2.0500000000000003 -1.0000000180025095e-35 3.324999999999998 7.5437500000000011 -0.94999999999999984 7.4583333333333321 75.500000000000014 6.6770833333333339 1.9500000000000002 11.841666666666667 6.2500000000000009 6.9500000000000011 52.500000000000007 10.450000000000001 30.150000000000002 0.81174490092936691
decision_type=2 2 2 2 2 2 2 2 2 2 2 2 2 2 2 2 2 2 2 2 2 2 2 2 2 2 2 2 2 2
left_child=1 2 7 5 12 9 14 8 11 -2 -8 -1 -4 -6 15 -3 -9 -18 -10 20 -20 -16 23 24 -23 -15 27 -11 -28 -30
right_child=3 6 4 -5 13 -7 10 16 18 26 -12 -13 -14 25 21 -17 17 -19 19 -21 -22 22 -24 -25 -26 -27 28 -29 29 -31
leaf_value=-0.058019738768981741 -0.048318806893528007 0.0073644472467299946 0.10315838727680221 0.20517418327271439 -0.056719423873178257 0.066290744582911357 0.10239288497274053 -0.059748843323019996 -0.095730336168443203 0.11005556658680327 0.012079851186875655 0.0010105511816571422 -0.075345209793546739 0.053154666757546529 0.00012687211054950964 -0.054047228267505951 -0.022864603072170447 -0.076756214798816474 -0.075690645524434649 -0.083542431458705699 0.037894286760465815 0.045755224470881151 -0.070983026298708896 0.11611694971433764 -0.047090574920400051 -0.036100560049519788 6.1222685317297015e-05 -0.010798054230849452 0.1337979323977305 -0.046783683998687452
leaf_weight=360 233 45 184 268 152 545 93 372 49 65 620 75 31 97 894 94 219 122 71 71 264 29 130 25 50 100 1195 43 151 35
leaf_count=360 233 45 184 268 152 545 93 372 49 65 620 75 31 97 894 94 219 122 71 71 264 29 130 25 50 100 1195 43 151 35
internal_value=-0.000658387 -0.00285921 -0.00528598 0.00294164 0.000353982 0.00196649 -0.000201918 -0.00726933 -0.00493827 0.000557168 0.00322129 -0.00885321 0.00694444 -0.00371429 -0.00212934 -0.009 -0.0101681 -0.00684211 -0.00118421 0.00019656 0.00244048 -0.00127547 -0.00612766 0 -0.00525 0.000505051 0.00148993 0.00880734 0.000911722 0.00663102
internal_weight=6682 4147 2167 2535 564 2267 1980 1603 890 1722 713 435 215 349 1267 139 713 341 455 406 335 1128 234 104 79 197 1489 108 1381 186
internal_count=6682 4147 2167 2535 564 2267 1980 1603 890 1722 713 435 215 349 1267 139 713 341 455 406 335 1128 234 104 79 197 1489 108 1381 186
is_linear=0
shrinkage=0.04


Tree=23
num_leaves=31
num_cat=0
split_feature=11 10 14 1 18 18 5 19 20 11 0 19 5 4 14 9 13 5 11 4 1 20 11 10 2 19 7 13 6 19
split_gain=31.5761 15.3041 14.2642 11.775 9.2817 8.62209 8.07729 6.06717 7.92206 5.88986 5.27476 4.73246 8.44866 7.46398 4.79132 4.6399 4.43706 4.40754 4.34619 4.9967 5.18992 4.3292 5.82379 5.09455 4.30498 4.95438 4.36698 4.37824 5.61851 4.53242
threshold=14.250000000000002 7.0500000000000007 230.50000000000003 18.650000000000002 -0.12940952255126037 0.1294095225512602 7.2500000000000009 1.0000000180025095e-35 -0.56174490092936669 -3.7499999999999996 5.7500000000000009 0.6078576107927941 16.350000000000005 2.6500000000000008 176.50000000000003 64.500000000000014 3.7500000000000004 3.9500000000000006 17.850000000000005 2.5500000000000003 2.6500000000000008 0.81174490092936691 30.150000000000002 0.45000000000000007 2.0500000000000003 -1.0000000180025095e-35 6.6770833333333339 1.9500000000000002 11.841666666666667 -0.60785761079279388
decision_type=2 2 2 2 2 2 2 2 2 2 2 2 2 2 2 2 2 2 2 2 2 2 2 2 2 2 2 2 2 2
left_child=1 2 7 5 10 11 24 8 15 -8 -4 13 14 -2 -13 -1 -6 -17 -7 -20 -21 22 23 -22 25 -3 -26 28 29 -28
right_child=3 6 4 -5 16 18 9 -9 -10 -11 -12 12 -14 -15 -16 17 -18 -19 19 20 21 -23 -24 -25 26 -27 27 -29 -30 -31
leaf_value=-0.067977868433756583 -0.04020503888119311 0.0070698693568607852 0.09903205178573013 0.1969672159418058 -0.058522839905458958 -0.041440087904500621 0.098297169573830917 -0.052659814606647579 -0.052343386338731632 0.01159665713940063 -0.072331401401804885 0.022062750924160143 -0.018379674565472185 0.053509947523447753 0.14992448204422704 -0.0063608640332956413 -0.00024576247906072269 0.12197162330866981 0.065942186730838515 -0.044242947796070096 -0.062832269581036715 -0.031943704866755879 0.10990912237111303 0.023461638528513989 0.00012179722612751576 -0.051885339136805708 0.050412257077870531 -0.068143705246760541 0.11147227172576414 -0.045206951923584045
leaf_weight=40 94 45 184 268 127 143 93 713 654 620 31 99 62 633 156 125 222 71 42 177 59 127 147 528 894 94 27 130 25 52
leaf_count=40 94 45 184 268 127 143 93 713 654 620 31 99 62 633 156 125 222 71 42 177 59 127 147 528 894 94 27 130 25 52
internal_value=-0.000574592 -0.0027242 -0.00504613 0.00294164 0.000424779 0.00200176 -0.000181726 -0.00697007 -0.0047587 0.00322129 0.00694444 0.00466986 0.00874214 0.00288462 0.0119531 0.00151899 -0.0036 0.00406091 -0.000277778 0.000592044 3.84986e-05 0.00132251 0.0025034 0.000714286 -0.00209779 -0.00871429 -0.00127547 -0.00612766 0 -0.00525
internal_weight=6682 4147 2167 2535 564 2267 1980 1603 890 713 215 1044 317 727 255 236 349 196 1223 1080 1038 861 734 587 1267 139 1128 234 104 79
internal_count=6682 4147 2167 2535 564 2267 1980 1603 890 713 215 1044 317 727 255 236 349 196 1223 1080 1038 861 734 587 1267 139 1128 234 104 79
is_linear=0
shrinkage=0.04


Tree=24
num_leaves=31
num_cat=0
split_feature=5 14 0 19 11 3 4 0 14 10 8 11 0 12 20 11 19 17 4 11 9 11 13 10 11 5 10 18 0 9
split_gain=29.0093 15.8723 8.87534 8.30104 7.99066 6.67618 7.14232 7.58795 7.13742 6.83513 6.57436 6.35876 6.29402 5.51203 5.41543 5.63168 5.39361 4.94557 5.29453 5.26554 4.9313 4.77738 4.69054 4.66392 4.5868 4.12945 3.88583 5.36293 3.53817 3.50056
threshold=7.0500000000000007 165.50000000000003 21.600000000000005 -0.8783796973249266 15.65 1.9500000000000002 14.65 15.550000000000002 259.50000000000006 6.0500000000000007 2.1500000000000008 7.6500000000000012 1.6500000000000001 87.500000000000014 -0.56174490092936669 0.55000000000000016 0.87837969732492682 -0.25881904510252113 2.4500000000000006 21.550000000000004 67.500000000000014 1.8500000000000003 1.5500000000000003 3.2500000000000004 21.150000000000002 14.65 10.550000000000002 0.1294095225512602 14.550000000000002 66.500000000000014
decision_type=2 2 2 2 2 2 2 2 2 2 2 2 2 2 2 2 2 2 2 2 2 2 2 2 2 2 2 2 2 2
left_child=1 4 3 20 11 -5 8 -8 9 21 22 12 -1 14 15 -14 23 18 -12 -19 -2 -7 -3 -6 28 -10 27 -20 -11 -24
right_child=2 10 -4 5 16 6 7 -9 25 24 17 -13 13 -15 -16 -17 -18 19 26 -21 -22 -23 29 -25 -26 -27 -28 -29 -30 -31
leaf_value=-0.066500866510074502 0.10487625812385432 -0.08423829788775393 0.2480706397873938 -0.03544944803961695 -0.042275583787052574 -0.089924070099933293 -0.031074419635653678 0.17081821802929376 0.090132890962719578 0.029823715727194139 -0.085378875772857618 -0.061985787751677172 0.068581480258834676 -0.063933042998263828 -0.031837017485587253 -0.014248330304321417 0.094390482379390087 0.0036817234025086874 0.039244918478371214 0.079517445281704194 0.022304983757914131 -0.010719573894125424 0.034382688486652511 0.046999698267104061 0.28163482965904002 -0.015784496085321502 -0.054961815161443967 -0.035469340109354021 -0.049264658032790579 -0.02918642577865331
leaf_weight=116 175 61 185 121 189 33 251 65 225 754 56 292 50 145 601 136 63 1107 275 148 200 412 47 78 71 64 73 336 145 208
leaf_count=116 175 61 185 121 189 33 251 65 225 754 56 292 50 145 601 136 63 1107 275 148 200 412 47 78 71 64 73 336 145 208
internal_value=-0.000556636 -0.00272727 0.00264249 0.00201828 -0.00569719 0.00105509 0.00160317 -0.00391167 0.00262757 0.0014548 -0.000579585 -0.00706935 -0.00560534 -0.00450161 -0.00317259 0.00278075 -0.000120846 0.000270541 -0.00232119 0.00179936 0.0075 -0.00264574 -0.0059306 -0.00261194 0.00333677 0.00834483 -0.00134307 -0.000294118 0.00255556 -0.00351563
internal_weight=6682 3981 2701 2516 1670 2141 2020 316 1704 1415 2311 1340 1048 932 787 186 330 1995 740 1255 375 445 316 267 970 289 684 611 899 255
internal_count=6682 3981 2701 2516 1670 2141 2020 316 1704 1415 2311 1340 1048 932 787 186 330 1995 740 1255 375 445 316 267 970 289 684 611 899 255
is_linear=0
shrinkage=0.04


Tree=25
num_leaves=31
num_cat=0
split_feature=7 18 11 17 7 16 11 17 4 11 20 12 2 7 11 3 7 1 11 11 9 12 8 9 3 8 6 12 0 7
split_gain=24.176 11.9581 15.4749 10.2912 9.20491 8.32125 7.90801 8.27152 7.28612 6.27262 9.24911 5.79981 6.52966 5.76773 5.63507 6.08461 5.57205 5.31864 5.52931 5.29749 5.24521 5.22362 5.05266 5.0046 4.28529 4.96347 4.91409 5.13077 4.84195 4.27888
threshold=3.6270833333333341 0.37940952255126048 11.65 0.25881904510252091 12.339583333333335 52.500000000000007 30.950000000000003 -1.0000000180025095e-35 1.0500000000000003 -6.3499999999999988 1.0000000180025095e-35 59.500000000000007 8.7500000000000018 6.9270833333333348 5.4500000000000011 7.5500000000000007 4.3520833333333346 3.2500000000000004 8.9500000000000011 18.650000000000002 85.500000000000014 43.500000000000007 1.7500000000000002 78.500000000000014 6.8500000000000005 2.7500000000000004 13.341666666666667 83.500000000000014 8.1500000000000004 2.5437500000000006
decision_type=2 2 2 2 2 2 2 2 2 2 2 2 2 2 2 2 2 2 2 2 2 2 2 2 2 2 2 2 2 2
left_child=3 2 4 17 9 21 7 16 29 10 -2 12 -11 -12 15 -13 -3 18 20 -18 -1 -4 -10 -24 25 -16 27 -26 -27 -5
right_child=1 6 5 8 -6 -7 -8 -9 22 11 13 14 -14 -15 24 -17 19 -19 -20 -21 -22 -23 23 -25 26 28 -28 -29 -30 -31
leaf_value=-0.065042436050221475 0.13455214782336397 0.022723718690742061 0.42093883422496609 0.071045318651450987 -0.10805331187858203 0.040902767238709108 0.098377165802892894 -0.0011759859974045028 -0.057178554207544925 0.060393565103325338 -0.094955212452601356 0.01093294943529937 -0.058627984628728175 0.034444062484785543 0.0097519550984467972 -0.022526024372809879 -0.063550786310565141 -0.019029689823163328 -0.020371818920960686 -0.019095070965320548 0.01874392831706171 0.098202740250343437 -0.014173806467888888 0.035684632312977235 0.06717355020445144 -0.056590351674361376 -0.12749521324507296 -0.073002634111055911 0.01641786671176922 0.00020825660760124265
leaf_weight=446 75 81 93 55 56 1025 171 989 36 102 25 663 65 28 44 434 373 192 219 306 37 371 361 72 70 141 32 26 28 55
leaf_count=446 75 81 93 55 56 1025 171 989 36 102 25 663 65 28 44 434 373 192 219 306 37 371 361 72 70 141 32 26 28 55
internal_value=-0.000566547 0.000715522 0.00218359 -0.0050882 -0.000324022 0.00519463 -0.00179073 -0.00259429 -0.000931034 0.000196078 0.00868217 -0.000485679 0.00654762 -0.00407407 -0.00130646 9.10747e-05 -0.0057293 -0.00777654 -0.00938834 -0.00691176 -0.0117769 0.00963441 -0.00310638 -0.0018894 -0.00578947 -0.00925234 0 0.00453608 -0.0123529 0.00828829
internal_weight=6671 5198 3278 1473 1789 1489 1920 1749 579 1733 128 1605 167 53 1438 1097 760 894 702 679 483 464 469 433 341 213 128 96 169 110
internal_count=6671 5198 3278 1473 1789 1489 1920 1749 579 1733 128 1605 167 53 1438 1097 760 894 702 679 483 464 469 433 341 213 128 96 169 110
is_linear=0
shrinkage=0.04


Tree=26
num_leaves=31
num_cat=0
split_feature=5 10 11 9 6 9 12 19 5 19 16 18 4 8 9 7 3 11 7 13 19 4 20 6 5 16 12 11 16 13
split_gain=25.8474 8.92601 8.92254 7.96165 6.49529 12.0362 8.8412 6.41667 6.10004 6.24608 5.27402 8.64065 5.22824 5.06687 4.95026 4.49055 4.46576 4.335 4.29552 5.16459 4.15508 10.2164 4.75515 7.41087 5.3273 4.14505 5.62988 5.94215 4.47263 3.99826
threshold=4.7500000000000009 6.0500000000000007 21.450000000000003 123.50000000000001 3.5166666666666639 87.500000000000014 31.500000000000004 -0.8783796973249266 7.0500000000000007 -0.8783796973249266 167.50000000000003 0.1294095225512602 0.8500000000000002 2.8500000000000001 36.500000000000007 10.664583333333335 2.1500000000000008 13.250000000000002 5.6895833333333341 4.9500000000000011 0.6078576107927941 6.5500000000000007 1.0000000180025095e-35 11.541666666666666 1.1500000000000001 717.50000000000011 85.500000000000014 4.7500000000000009 22.500000000000004 2.9500000000000006
decision_type=2 2 2 2 2 2 2 2 2 2 2 2 2 2 2 2 2 2 2 2 2 2 2 2 2 2 2 2 2 2
left_child=4 3 8 7 5 6 -1 17 29 -10 -9 15 -8 -13 -11 -12 -15 -2 19 -7 22 -22 23 25 -24 26 27 28 -6 -3
right_child=1 2 -4 -5 20 18 12 10 9 14 11 13 -14 16 -16 -17 -18 -19 -20 -21 21 -23 24 -25 -26 -27 -28 -29 -30 -31
leaf_value=0.02070214563664596 -0.036383240958865547 0.014567958213205542 0.23421272756378236 0.26634443018046228 -0.012410285966673058 -0.034156540687637717 0.0056619165403306937 -0.053484008880447041 0.084788146552988941 -0.026733599060324593 0.04859247995603088 -0.064173191080247563 -0.04784313309418152 -0.040635345086598329 0.03083469899207586 -0.01964338403169073 -0.0083548576715682544 0.11670688389080097 -0.073755040873216021 0.055948757510363621 0.042489231389428374 -0.058944134875271836 0.13045591600093245 0.11674107117579009 -0.054081664041378624 -0.070567081902899925 -0.04085276671877093 -0.012531246310984017 0.080166556435006628 -0.019111655174288148
leaf_weight=66 68 280 199 44 37 60 52 317 192 66 287 131 898 46 1135 110 547 170 27 145 280 127 29 65 398 133 111 200 129 322
leaf_count=66 68 280 199 44 37 60 52 317 192 66 287 131 898 46 1135 110 547 170 27 145 280 127 29 65 398 133 111 200 129 322
internal_value=-0.000536571 0.001553 0.00324374 -0.0006043 -0.00350254 -0.00563651 -0.00751229 -0.00104949 0.00243487 0.00388809 -0.00205698 -0.000766488 -0.00849632 -0.00336552 0.00281198 0.00396985 -0.00178451 0.00502092 0.00257511 0.00456311 -0.0017351 0.00171569 -0.00300997 -0.00091716 -0.00630841 -0.00229133 -0.000543933 0.00185286 0.00742515 -0.00092869
internal_weight=6671 3914 2194 1720 2757 1248 1016 1676 1995 1393 1438 1121 950 724 1201 397 593 238 232 205 1509 407 1102 675 427 610 477 366 166 602
internal_count=6671 3914 2194 1720 2757 1248 1016 1676 1995 1393 1438 1121 950 724 1201 397 593 238 232 205 1509 407 1102 675 427 610 477 366 166 602
is_linear=0
shrinkage=0.04


Tree=27
num_leaves=31
num_cat=0
split_feature=5 11 10 17 19 17 9 11 5 4 2 4 9 12 6 18 16 19 8 19 10 2 1 2 11 6 0 11 2 17
split_gain=24.0757 8.54696 11.0324 8.18968 7.03147 6.20669 7.19862 6.31083 6.13925 5.82186 5.61361 5.46056 5.29082 4.77915 5.80989 5.35678 4.46603 4.46584 4.25835 4.18467 4.13769 3.752 3.68947 3.54828 3.40089 5.44048 3.23255 3.25242 3.30164 3.31255
threshold=4.7500000000000009 13.250000000000002 0.65000000000000002 1.0000000180025095e-35 -0.8783796973249266 -1.0000000180025095e-35 81.500000000000014 10.350000000000003 17.250000000000004 1.0500000000000003 2.1500000000000008 2.0500000000000003 44.500000000000007 50.500000000000007 3.5166666666666639 0.1294095225512602 52.500000000000007 0.6078576107927941 16.950000000000003 0.6078576107927941 8.6500000000000004 3.2500000000000004 10.850000000000003 7.1500000000000012 7.8500000000000005 7.0583333333333327 2.1500000000000008 29.750000000000004 3.9500000000000006 -1.0000000180025095e-35
decision_type=2 2 2 2 2 2 2 2 2 2 2 2 2 2 2 2 2 2 2 2 2 2 2 2 2 2 2 2 2 2
left_child=5 3 19 -2 -4 12 7 9 11 -7 -6 -5 -1 15 -15 17 20 -14 24 22 -12 -9 -3 -16 -13 -26 -18 28 -28 -30
right_child=1 2 4 8 10 6 -8 21 -10 -11 16 18 13 14 23 -17 26 -19 -20 -21 -22 -23 -24 -25 25 -27 27 -29 29 -31
leaf_value=0.0229365405376163 -0.03656983297952035 -0.088592076711005746 0.11812041493516667 -0.017387778790037663 -0.040043071425367033 0.019345605007851995 0.039509227012227657 -0.0093528750947665003 -0.076644921457292126 -0.032446824473773436 -0.0082467229887495108 0.03342370857632869 -0.0032200572899137472 -0.052196031985525852 -0.0060464674445173299 -0.036227421544106735 -0.068300852160639067 0.12951626454603526 -0.057735425835441723 0.025441560543565042 0.14295872274122609 0.036744643672260435 0.029168569760510223 -0.05956448017333927 -0.027521051172045112 0.15662780698594897 0.076861770903881813 0.14916299382623988 0.040884429288727236 -0.0047137461172121675
leaf_weight=34 674 116 283 196 56 92 241 74 54 640 48 799 83 479 298 433 25 37 68 68 304 148 31 198 107 30 85 92 439 439
leaf_count=34 674 116 283 196 56 92 241 74 54 640 48 799 83 479 298 433 25 37 68 68 304 148 31 198 107 30 85 92 439 439
internal_value=-0.000596523 0.00142018 0.0032612 -0.000476931 0.00430023 -0.00345903 -0.00128763 -0.00284817 0.00143426 -0.00463847 0.00319678 0.00203164 -0.00511836 -0.00546763 -0.00715164 -0.00249097 0.00368458 0.00495868 0.00322388 -0.00527778 0.00759207 0.00304933 -0.00905405 -0.00410463 0.00392743 -0.00188406 0.00240518 0.00274621 0.00205394 0.00131968
internal_weight=6671 3914 1986 1928 1771 2757 1195 954 1254 732 1488 1200 1562 1528 975 553 1432 120 1004 215 352 222 147 496 936 137 1080 1055 963 878
internal_count=6671 3914 1986 1928 1771 2757 1195 954 1254 732 1488 1200 1562 1528 975 553 1432 120 1004 215 352 222 147 496 936 137 1080 1055 963 878
is_linear=0
shrinkage=0.04


Tree=28
num_leaves=31
num_cat=0
split_feature=5 2 12 14 0 11 2 6 9 11 20 20 6 5 11 7 5 7 5 11 14 7 4 9 4 2 0 7 11 11
split_gain=22.9539 7.73688 8.0083 7.53858 8.08226 7.68332 7.3032 6.4888 5.94467 6.81715 5.97769 5.79315 7.10587 7.22908 5.56424 6.95101 5.52316 6.59361 5.56543 6.58986 5.75652 5.49766 6.12257 5.37994 4.80394 4.37372 4.25696 4.23579 4.29961 4.19189
threshold=4.7500000000000009 2.1500000000000008 89.500000000000014 151.50000000000003 11.250000000000002 28.050000000000004 20.850000000000005 3.3833333333333329 65.500000000000014 1.0000000180025095e-35 1.0000000180025095e-35 -0.56174490092936669 10.558333333333332 11.65 11.65 9.6062500000000011 20.050000000000004 13.804166666666669 8.4500000000000011 20.550000000000004 204.50000000000003 10.502083333333337 2.1500000000000008 52.500000000000007 9.2500000000000018 14.850000000000003 6.7500000000000009 9.877083333333335 2.0500000000000003 -5.8499999999999988
decision_type=2 2 2 2 2 2 2 2 2 2 2 2 2 2 2 2 2 2 2 2 2 2 2 2 2 2 2 2 2 2
left_child=3 -2 6 5 -5 7 8 -1 9 -3 25 21 27 -14 15 -4 17 18 19 -12 -20 22 -11 -16 -15 29 -24 28 -13 -10
right_child=1 2 14 4 -6 -7 -8 -9 10 11 16 12 13 24 23 -17 -18 -19 20 -21 -22 -23 26 -25 -26 -27 -28 -29 -30 -31
leaf_value=-0.053798136850271981 -0.026362005327901807 0.07909584677103329 -0.0076241152901235232 -0.013443989246448282 0.12505262979059262 0.061717192639476191 0.19853214590923812 -0.029259195795787677 0.079256348834991081 -0.065693051409439499 -0.055390794490845802 -0.01784320654401185 -0.05741045742642719 -0.033137304144318452 0.12764226027400991 -0.095503638073347635 0.30601781524954291 -0.066003033764909555 -0.00390279905531834 0.033349970688860892 0.086627851937997991 -0.074897310406903492 -0.02070031417901582 -0.020296922786630277 0.1353580971201899 0.17004966509332881 0.10662684342835049 -0.00012825606148819446 0.075156350941940606 0.01333170397798801
leaf_weight=365 322 151 134 1692 88 65 198 547 25 42 282 48 102 70 29 74 47 97 259 87 92 59 114 31 67 72 140 89 419 864
leaf_count=365 322 151 134 1692 88 65 198 547 25 42 282 48 102 70 29 74 47 97 259 87 92 59 114 31 67 72 140 89 419 864
internal_value=-0.000620504 0.00134866 0.00188144 -0.00341552 -0.00186412 -0.00623722 0.00241805 -0.0071851 0.00194436 0.00400922 0.000470975 0.00295395 0.00484925 -0.000916667 -0.00475836 -0.00784689 -0.0019422 -0.00271394 -0.00138696 -0.00481081 0.00221591 -0.00129213 0.000942761 0.00590164 0.00507246 0.00264033 0.00329412 0.00732496 0.00884615 0.00186517
internal_weight=6671 3914 3592 2757 1780 977 3324 912 3126 1301 1825 1150 795 239 268 208 864 817 720 369 351 355 296 60 137 961 254 556 467 889
internal_count=6671 3914 3592 2757 1780 977 3324 912 3126 1301 1825 1150 795 239 268 208 864 817 720 369 351 355 296 60 137 961 254 556 467 889
is_linear=0
shrinkage=0.04


Tree=29
num_leaves=31
num_cat=0
split_feature=5 10 11 14 19 14 6 11 6 11 19 12 5 19 11 7 11 7 8 10 2 7 0 11 3 17 18 7 6 11
split_gain=20.9389 7.69761 7.31355 6.92066 9.10291 6.79666 7.22676 6.36401 6.14801 5.85034 5.79169 5.60125 6.01157 6.22162 5.78204 5.0589 7.36906 5.45242 4.96116 5.18358 4.4794 4.41453 4.33684 5.20756 4.32771 3.95339 3.9 7.44013 7.2091 3.8848
threshold=4.7500000000000009 6.0500000000000007 21.450000000000003 233.50000000000003 -1.0000000180025095e-35 152.50000000000003 11.074999999999999 28.050000000000004 3.3833333333333329 17.450000000000003 0.87837969732492682 89.500000000000014 11.350000000000003 -0.60785761079279388 -0.54999999999999993 5.3937500000000007 1.5500000000000003 3.589583333333334 4.8500000000000005 17.050000000000004 3.4500000000000006 9.2687500000000025 5.3500000000000005 10.15 10.250000000000002 -0.25881904510252113 -0.3794095225512602 10.947916666666666 6.716666666666665 7.9500000000000011
decision_type=2 2 2 2 2 2 2 2 2 2 2 2 2 2 2 2 2 2 2 2 2 2 2 2 2 2 2 2 2 2
left_child=5 3 11 4 20 7 15 8 -1 -6 -11 12 24 -14 -15 16 17 -7 -13 -20 -2 -8 -22 -24 -3 -18 27 -5 -28 -16
right_child=1 2 -4 26 9 6 21 -9 -10 10 -12 18 13 14 29 -17 25 -19 19 -21 22 -23 23 -25 -26 -27 28 -29 -30 -31
leaf_value=-0.051112295275169563 -0.031988576198704877 0.015006916144061614 0.21508329804013351 0.088723895049996809 -0.055381109486791404 -0.04072440372324454 0.14438583742346686 0.059980982563572316 -0.028895404867348384 -0.032290026066274444 0.084866407865756277 0.0941029319901244 0.12216673340834476 0.16833852382312364 -0.048854925741731135 -0.042140234544884476 -0.016580968046321871 0.0049096174289080356 -0.043226594314587759 0.033011734514856603 0.13114853662700163 -0.038559582440090771 -0.064652590139915631 0.036566112051288291 -0.043934262424110124 0.022094026999756728 -0.039623467258795876 -0.03591210787934429 0.054697397406284626 0.040793629339124456
leaf_weight=374 133 1075 199 113 347 308 52 66 552 252 83 26 153 41 71 399 367 146 148 31 104 40 35 179 174 453 178 43 253 276
leaf_count=374 133 1075 199 113 347 308 52 66 552 252 83 26 153 41 71 399 367 146 148 31 104 40 35 179 174 453 178 43 253 276
internal_value=-0.000644484 0.00123627 0.00280638 -0.000766996 -0.00259259 -0.003314 -0.00182333 -0.00596173 -0.00681769 -0.00550512 -0.00172619 0.00207415 0.00279174 0.00630996 0.00359897 -0.00242533 -0.00119216 -0.00527473 -0.00417476 -0.00655556 0.00181416 0.00903226 0.00438871 0.00111628 0.001264 0.00107186 0.0027551 0.00815287 0.000787037 0.00189655
internal_weight=6671 3914 2194 1720 1133 2757 1765 992 926 682 335 1995 1790 541 388 1673 1274 454 205 179 451 92 318 214 1249 820 587 156 431 347
internal_count=6671 3914 2194 1720 1133 2757 1765 992 926 682 335 1995 1790 541 388 1673 1274 454 205 179 451 92 318 214 1249 820 587 156 431 347
is_linear=0
shrinkage=0.04


Tree=30
num_leaves=31
num_cat=0
split_feature=8 14 9 0 4 13 20 7 20 7 17 3 12 18 12 6 12 10 8 16 9 12 0 9 7 6 10 4 2 13
split_gain=17.1048 10.5267 9.78067 8.19398 10.6494 6.22314 5.2631 4.42696 4.98852 4.34944 4.13168 4.24591 7.8207 4.00141 4.65018 6.31571 3.8391 5.27435 3.70942 3.69111 3.61961 3.61467 3.60194 3.41655 3.22145 3.12462 3.87083 3.17423 3.06164 3.04377
threshold=2.1500000000000008 147.50000000000003 112.50000000000001 11.550000000000002 15.050000000000002 7.4500000000000011 1.0000000180025095e-35 4.1520833333333336 1.0000000180025095e-35 15.69375 0.78656609248549325 2.9500000000000006 87.500000000000014 -0.12940952255126037 69.500000000000014 9.4916666666666654 68.500000000000014 18.650000000000002 16.550000000000004 1152.5000000000002 64.500000000000014 81.500000000000014 3.8500000000000001 76.500000000000014 3.3979166666666676 4.0583333333333309 12.65 5.7500000000000009 3.5500000000000003 2.5500000000000003
decision_type=2 2 2 2 2 2 2 2 2 2 2 2 2 2 2 2 2 2 2 2 2 2 2 2 2 2 2 2 2 2
left_child=7 2 5 4 10 29 16 -1 -9 18 11 19 13 14 15 -13 -5 -18 -8 21 -14 -3 -21 25 -15 26 27 28 -12 -2
right_child=1 3 -4 6 -6 -7 9 8 -10 -11 23 12 20 24 -16 -17 17 -19 -20 22 -22 -23 -24 -25 -26 -27 -28 -29 -30 -31
leaf_value=-0.041587763318139327 0.0023041425614981036 -0.036089186584909123 0.089134533285336132 0.19556883835734667 -0.048495327582268308 -0.05853856508078166 0.06667854344919398 0.0041626217405434131 -0.073314024337206241 0.12880685565543046 0.047736380166656857 0.091542769983355116 -0.050409403601184608 -0.034472413782263199 0.0047132327317517307 -0.012400245689332845 -0.0059794369997158373 0.11314022828062248 -0.056944704173433558 0.051847926275203911 0.0094064619598078995 0.0059006257798737494 -0.018722972271390911 0.045520781699457606 0.0015651504732636212 0.025499636977515082 -0.022537342755944732 -0.076231403850308813 -0.029910140350285826 -0.02290750954905885
leaf_weight=501 410 308 115 248 182 282 153 156 66 86 111 322 169 36 522 86 109 32 164 41 43 131 30 194 620 429 52 28 32 921
leaf_count=501 410 308 115 248 182 282 153 156 66 86 111 322 169 36 522 86 109 32 164 41 43 131 30 194 620 429 52 28 32 921
internal_value=-0.000525836 0.000191224 -0.00242915 0.00128845 0.000419539 -0.0032342 0.00494325 -0.00632597 -0.00161435 0.00173267 0.00096355 8.66176e-05 0.00100056 0.00196597 0.00365199 0.00684597 0.00825641 0.00295775 -0.000440252 -0.00313112 -0.00619718 -0.0045 0.00527778 0.00335301 -0.00042618 0.00196018 -0.001875 0.00104651 0.00347222 -0.00208709
internal_weight=6579 5856 1728 4128 3336 1613 792 723 222 403 3154 2308 1798 1586 930 408 389 141 317 510 212 439 71 846 656 652 223 171 143 1331
internal_count=6579 5856 1728 4128 3336 1613 792 723 222 403 3154 2308 1798 1586 930 408 389 141 317 510 212 439 71 846 656 652 223 171 143 1331
is_linear=0
shrinkage=0.04


Tree=31
num_leaves=31
num_cat=0
split_feature=5 17 11 18 3 11 14 9 10 7 20 7 12 16 12 16 0 7 7 11 19 4 7 11 11 11 14 4 4 0
split_gain=16.9851 12.2843 7.92496 7.35478 7.14461 6.66672 6.60159 6.90716 6.77458 6.55979 6.12316 10.0443 5.8351 5.28026 4.97111 4.90624 4.26893 4.44166 4.21058 6.20447 4.17568 5.7087 4.10504 4.95417 7.73343 4.07564 4.87504 3.94154 3.51283 3.48207
threshold=8.4500000000000011 1.0000000180025095e-35 -3.0499999999999994 0.1294095225512602 20.450000000000003 14.750000000000002 176.50000000000003 75.500000000000014 5.9500000000000011 3.3979166666666676 0.81174490092936691 7.6979166666666679 58.500000000000007 42.500000000000007 47.500000000000007 1152.5000000000002 2.7500000000000004 9.3333333333333357 11.508333333333335 11.050000000000002 -1.0000000180025095e-35 23.250000000000004 4.4645833333333345 18.150000000000002 3.4500000000000006 10.550000000000002 264.50000000000006 1.6500000000000001 16.250000000000004 14.350000000000003
decision_type=2 2 2 2 2 2 2 2 2 2 2 2 2 2 2 2 2 2 2 2 2 2 2 2 2 2 2 2 2 2
left_child=1 3 -2 5 10 14 7 8 -3 15 16 -12 -10 -14 -1 -5 17 -4 -18 -20 -6 -22 25 24 -24 -11 -27 -9 -16 -21
right_child=2 6 4 9 20 -7 -8 27 12 22 11 -13 13 -15 28 -17 18 -19 19 29 21 -23 23 -25 -26 26 -28 -29 -30 -31
leaf_value=0.061657432190900113 0.097119551227485237 -0.056722644337800006 -0.0023993839197488853 -0.055689247434362585 0.28967359607182475 0.039312252991952283 0.017832595029369215 -0.054145252962261872 0.10300514334212515 0.050777029461523585 0.10830422326939879 -0.052837142980405823 0.0058499358675573989 -0.04176624306430167 -0.019796119696411589 -0.021644022089439829 0.038415243596500517 -0.051315225597492499 -0.10680899344146914 -0.0066253132847178264 0.16533929349907958 -0.095150605906192814 0.00089348905157045529 -0.013106261584524149 -0.054128113881125435 -0.070947727056842616 0.086307152492279521 0.026001739442867072 -0.10460298260241072 0.14460427470407364
leaf_weight=27 83 156 148 266 92 236 1203 32 31 106 41 236 227 219 807 94 867 28 38 227 45 38 121 337 360 44 32 226 26 186
leaf_count=27 83 156 148 266 92 236 1203 32 31 106 41 236 227 219 807 94 867 28 38 227 45 38 121 337 360 44 32 226 26 186
internal_value=-0.000550152 -0.00190727 0.00249261 -0.0038258 0.00197227 -0.0013856 0.000343675 -0.00226457 -0.00451104 -0.00578986 0.00120767 -0.0042446 -0.00213389 -0.00331096 -0.00301974 -0.0104155 0.00222074 -0.00361582 0.00300227 -0.000132743 0.00965909 0.00309524 -0.00411588 -0.00532357 -0.00792531 0.00131148 -0.00571429 0.00324324 -0.00357314 0.00130435
internal_weight=6579 4550 2029 2456 1946 1096 2094 891 633 1360 1771 277 477 446 860 360 1494 176 1318 451 175 83 1000 818 481 182 76 258 833 413
internal_count=6579 4550 2029 2456 1946 1096 2094 891 633 1360 1771 277 477 446 860 360 1494 176 1318 451 175 83 1000 818 481 182 76 258 833 413
is_linear=0
shrinkage=0.04


Tree=32
num_leaves=31
num_cat=0
split_feature=5 17 11 11 9 12 14 9 10 3 12 18 0 5 20 14 0 4 9 6 11 12 9 13 2 15 10 6 9 4
split_gain=16.0186 11.5735 8.08182 7.24045 6.64807 6.28646 6.09488 6.7953 6.89395 5.80461 5.77639 5.49903 4.71029 4.32029 4.88982 6.66652 3.95095 3.94154 3.92658 3.63033 3.80093 5.46492 4.24366 3.36472 5.6344 3.04902 3.03529 3.73995 2.93025 3.83754
threshold=8.4500000000000011 1.0000000180025095e-35 -3.0499999999999994 15.550000000000002 68.500000000000014 93.500000000000014 176.50000000000003 75.500000000000014 5.9500000000000011 20.450000000000003 58.500000000000007 0.37940952255126048 2.2500000000000004 8.7500000000000018 0.81174490092936691 119.50000000000001 2.7500000000000004 1.6500000000000001 87.500000000000014 1.9999999999999964 2.9500000000000006 61.500000000000007 71.500000000000014 3.2500000000000004 13.050000000000002 1.0000000180025095e-35 13.750000000000002 4.3333333333333313 110.50000000000001 18.050000000000004
decision_type=2 2 2 2 2 2 2 2 2 2 2 2 2 2 2 2 2 2 2 2 2 2 2 2 2 2 2 2 2 2
left_child=1 3 -2 11 -5 9 7 8 -3 13 -10 18 -6 -4 16 -16 -15 -9 19 -1 21 -21 -23 24 26 -25 -8 -28 29 -18
right_child=2 6 5 4 12 -7 23 17 10 -11 -12 -13 -14 14 15 -17 28 -19 -20 20 -22 22 -24 25 -26 -27 27 -29 -30 -31
leaf_value=-0.040526626225715567 0.093234769178385829 -0.054453738564288007 0.099724700688811257 0.043090344198943031 -0.04629752047535142 -0.078169950869924246 -0.012589952367890121 -0.051979442843771394 0.098884937608440138 0.18995652392682266 -0.013755595777669855 -0.045470194804287392 -0.0057180437478318779 -0.040035514577269032 -0.09341529706421732 -0.0029443202625819608 0.025188754379550034 0.0249616698651524 0.022079571964104119 0.136432872798427 -0.040787204595677203 0.0031981957611623992 -0.0603556405458558 0.024851980217156431 0.22643353439026101 0.10950501954514483 -0.028295714632181623 0.040039457266914338 0.16816632569579576 -0.025888233565072624
leaf_weight=148 83 156 105 154 113 25 388 32 31 173 446 734 446 169 60 189 1095 226 75 28 374 278 106 551 39 58 28 139 51 79
leaf_count=148 83 156 105 154 113 25 388 32 31 173 446 734 446 169 60 189 1095 226 75 28 374 278 106 551 39 58 28 139 51 79
internal_value=-0.000580547 -0.00189848 0.00237438 -0.00376068 -0.000364146 0.001849 0.000286396 -0.00221973 -0.00444795 0.00211238 -0.00205021 -0.00514908 -0.00239286 0.00141795 0.000912409 -0.00424 0.00183513 0.00324324 -0.00322772 -0.00393583 -0.00284625 -0.000193705 -0.00145455 0.00214286 0 0.00422951 -0.00104317 0.00345238 0.00262643 0.00221277
internal_weight=6579 4550 2029 2456 713 1946 2094 891 633 1921 477 1743 559 1748 1643 249 1394 258 1009 934 786 412 384 1203 594 609 555 167 1225 1174
internal_count=6579 4550 2029 2456 713 1946 2094 891 633 1921 477 1743 559 1748 1643 249 1394 258 1009 934 786 412 384 1203 594 609 555 167 1225 1174
is_linear=0
shrinkage=0.04


Tree=33
num_leaves=31
num_cat=0
split_feature=8 11 11 10 14 10 17 14 5 4 13 6 6 9 16 7 2 11 7 2 19 7 6 19 3 19 4 15 11 14
split_gain=14.9354 11.051 8.50834 7.342 6.26959 6.63065 6.16476 6.02203 5.53532 5.8085 5.39989 6.60109 8.37161 5.41292 5.39359 4.71766 4.61447 6.51336 5.56018 4.57955 4.37487 9.15964 6.81772 5.48951 4.51531 4.31644 3.99894 3.93508 3.93274 3.58246
threshold=2.2500000000000004 14.550000000000002 5.4500000000000011 0.65000000000000002 230.50000000000003 4.3500000000000005 -0.5 326.50000000000006 2.4500000000000006 1.1500000000000001 1.9500000000000002 6.8166666666666655 3.9583333333333308 78.500000000000014 42.500000000000007 3.7562500000000005 8.0500000000000025 10.350000000000003 7.6104166666666684 54.050000000000004 0.87837969732492682 6.1062500000000011 12.725 -0.8783796973249266 2.5500000000000003 -1.0000000180025095e-35 6.1500000000000012 0.15000000000000005 1.8500000000000003 190.50000000000003
decision_type=2 2 2 2 2 2 2 2 2 2 2 2 2 2 2 2 2 2 2 2 2 2 2 2 2 2 2 2 2 2
left_child=15 2 4 -3 5 25 -4 14 9 -7 26 12 -12 -13 -6 -1 -8 18 -18 20 23 -22 -23 -5 -25 -2 -10 -17 -15 -14
right_child=1 3 6 19 7 8 16 -9 10 -11 11 13 29 28 -16 27 17 -19 -20 -21 21 22 -24 24 -26 -27 -28 -29 -30 -31
leaf_value=-0.035892764575536577 0.00079548702498801306 -0.021108200135854887 -0.048921313864731315 0.071980114772163054 -0.0059444140925426579 0.062643215288416418 -0.015675229911515522 -0.043775322780001708 0.030872687398844186 -0.052692836303886992 -0.012055698336174458 -0.040502599691242994 0.054318112736938144 0.098814291605202623 0.075502256761230915 -0.028482943016423245 0.015780326750916736 0.085705289408971541 -0.10472838039282593 0.38383098777523728 0.16039531776606694 -0.0092277766577341155 0.32421334264406715 -0.028598892049649757 0.012565990640349299 -0.071459684067570597 -0.0081149057656893214 0.030666619977470368 -0.011901828415770838 -0.046124893303983047
leaf_weight=506 41 313 419 286 73 27 533 84 332 263 257 346 254 34 282 252 36 124 49 27 113 122 30 106 1268 116 169 33 41 43
leaf_count=506 41 313 419 286 73 27 533 84 332 263 257 346 254 34 282 252 36 124 49 27 113 122 30 106 1268 116 169 33 41 43
internal_value=-0.000580547 0.000124374 -0.00127696 0.00230362 0.000101566 -0.000883576 -0.00407917 0.00440909 -0.000181098 -0.00522337 0.000812458 -0.000922131 0.00194595 -0.00469194 0.00668539 -0.00573232 -0.00188425 0.00314286 -0.00534884 0.00321557 0.00298027 0.00774436 0.00130719 0.00221553 0.00116364 -0.00873418 0.00418327 -0.00160839 0.005 0.00651007
internal_weight=6579 5788 3523 2265 2362 1923 1161 439 1766 290 1476 975 554 421 355 791 742 209 85 1952 1925 265 152 1660 1374 157 501 285 75 297
internal_count=6579 5788 3523 2265 2362 1923 1161 439 1766 290 1476 975 554 421 355 791 742 209 85 1952 1925 265 152 1660 1374 157 501 285 75 297
is_linear=0
shrinkage=0.04


Tree=34
num_leaves=31
num_cat=0
split_feature=5 20 8 11 11 19 9 16 10 4 12 5 12 9 9 10 8 4 20 10 13 5 6 11 11 9 2 16 16 0
split_gain=14.0164 6.93233 9.3667 8.50956 8.07205 6.81789 6.21522 6.78656 5.83345 5.25241 4.91572 8.36472 4.7206 6.36501 5.2483 6.04978 4.67877 6.22205 4.51971 4.21893 3.93607 3.92701 4.49768 4.46865 3.89724 3.80641 3.7395 5.68283 4.3207 6.05154
threshold=3.9500000000000006 1.0000000180025095e-35 2.1500000000000008 -3.7499999999999996 15.950000000000001 1.0000000180025095e-35 75.500000000000014 1057.5000000000002 0.55000000000000016 0.8500000000000002 92.500000000000014 19.750000000000004 50.500000000000007 66.500000000000014 84.500000000000014 6.6500000000000012 16.950000000000003 17.150000000000002 0.81174490092936691 8.9500000000000011 3.3500000000000001 8.1500000000000004 5.8999999999999977 2.0500000000000003 33.95000000000001 50.500000000000007 5.7500000000000009 97.500000000000014 312.50000000000006 7.1500000000000012
decision_type=2 2 2 2 2 2 2 2 2 2 2 2 2 2 2 2 2 2 2 2 2 2 2 2 2 2 2 2 2 2
left_child=9 3 -3 -2 5 20 19 -8 -6 -1 11 16 13 -11 15 -14 17 26 -13 -7 -5 22 -22 -23 -15 -21 -4 -28 29 -29
right_child=1 2 10 4 8 6 7 -9 -10 12 -12 18 14 24 -16 -17 -18 -19 -20 25 21 23 -24 -25 -26 -27 27 28 -30 -31
leaf_value=0.023369083069649257 0.064627426852573888 -0.063934549476568459 -0.0069512877333324143 0.039145078199441595 -0.048156352234583068 -0.055034393591651187 0.01319193656902355 -0.056723599634447695 0.069464179336315934 0.10880257214125268 -0.03223199007033916 0.19864630303706426 -0.040046633090382082 -0.020263872130420708 0.0093956330036208159 -0.01041246596810801 -0.054882500249041226 -0.053244441999197034 -0.065455248265194776 -0.023402264872980076 0.0036979673072614363 -0.065133912410915221 -0.068879332949431313 0.14322782333498818 0.092589179618909515 0.022404534574682344 0.044320435752745163 0.034211979371488205 0.020933477057616941 -0.053882945220763825
leaf_weight=91 117 116 582 317 80 234 116 35 919 70 44 85 782 553 103 669 224 89 32 82 106 29 76 131 33 143 402 28 209 82
leaf_count=91 117 116 582 317 80 234 116 35 919 70 44 85 782 553 103 669 224 89 32 82 106 29 76 131 33 143 402 28 209 82
internal_value=-0.000550152 0.000803926 -0.00100317 0.00223806 0.00169238 -0.000425197 -0.00346972 0.00355263 0.00438 -0.0030669 -0.000281215 5.76701e-05 -0.00345545 -0.000608828 -0.00465595 -0.00527548 -0.000692641 0.00017229 0.010339 -0.00578261 0.00239394 -0.00058309 -0.00459016 0.00397516 -0.00197615 -0.00185841 0.000874233 0.00279778 -0.0011875 -0.00756757
internal_weight=6579 4278 1893 2385 2268 1269 610 151 999 2301 1777 1733 2210 656 1554 1451 1616 1392 117 459 659 342 182 160 586 225 1303 721 319 110
internal_count=6579 4278 1893 2385 2268 1269 610 151 999 2301 1777 1733 2210 656 1554 1451 1616 1392 117 459 659 342 182 160 586 225 1303 721 319 110
is_linear=0
shrinkage=0.04


Tree=35
num_leaves=31
num_cat=0
split_feature=5 20 11 11 0 13 14 13 9 0 5 20 7 5 3 0 5 7 4 7 2 2 7 11 7 11 2 5 14 16
split_gain=14.0667 6.52842 8.33038 8.12234 7.19416 5.69466 5.55786 7.50013 5.01569 6.41464 4.8111 8.83924 5.42366 4.60938 5.07107 4.35363 4.05063 9.20404 3.91386 4.54975 5.85543 3.87432 5.25081 4.81118 3.86874 5.12722 5.59889 3.85634 5.22437 5.11945
threshold=3.9500000000000006 1.0000000180025095e-35 -3.7499999999999996 15.950000000000001 1.9500000000000002 3.2500000000000004 183.50000000000003 1.5500000000000003 46.500000000000007 10.950000000000001 20.850000000000005 0.81174490092936691 13.804166666666669 12.950000000000001 17.350000000000005 15.550000000000002 18.050000000000004 37.677083333333336 2.5500000000000003 4.0187500000000007 3.9500000000000006 5.8500000000000005 7.6104166666666684 3.3500000000000001 11.508333333333335 29.150000000000002 3.9500000000000006 7.2500000000000009 121.50000000000001 82.500000000000014
decision_type=2 2 2 2 2 2 2 2 2 2 2 2 2 2 2 2 2 2 2 2 2 2 2 2 2 2 2 2 2 2
left_child=6 2 -2 5 -3 21 24 -8 -5 -10 12 -12 15 -14 -15 18 -11 -18 -6 -20 -21 22 -4 -23 25 26 -1 -7 -29 -30
right_child=1 4 3 8 10 27 7 -9 9 16 11 -13 13 14 -16 -17 17 -19 19 20 -22 23 -24 -25 -26 -27 -28 28 29 -31
leaf_value=-0.034165679763830011 0.061396010206240387 -0.054858658629256957 0.047781371648406117 0.11200840264510462 -0.018811034954951289 -0.035187023988108808 -0.032839515868084333 0.0057001192092476852 0.014932591944979876 0.18943528066956106 0.2063670050352755 -0.041534932719695467 -0.082272061367874752 -0.032731247492816994 0.055362742186080317 -0.052224995742133733 -0.1271272915300348 0.83721377207826464 0.071988525512414553 -0.034197227705727896 0.0097038725958178418 -0.027046973264581491 -0.038849665129945948 0.081535133333314178 -0.088705721351345038 0.07555547037046742 -0.010763465262105906 -0.039710031562406149 -0.018349265120774002 0.024724599178315786
leaf_weight=674 115 135 239 46 181 343 206 760 637 270 82 46 78 47 54 111 53 35 89 173 937 142 35 140 37 44 582 72 186 157
leaf_count=674 115 135 239 46 181 343 206 760 637 270 82 46 78 47 54 111 53 35 89 173 937 142 35 140 37 44 582 72 186 157
internal_value=-0.000566572 0.000758401 0.0021206 0.00160441 -0.00098242 -0.000486692 -0.00309896 -0.000785936 0.00424184 0.00363454 -0.000311284 0.00713178 -0.000885697 -0.00744444 -0.00176471 -9.38338e-05 0.00791086 0.000449438 0.000521361 0.00135 0.000648065 0.00258528 0.00596364 -0.000706714 -0.00476831 -0.00439662 -0.00486874 -0.00274045 -0.000144231 0.0019186
internal_weight=6706 4403 2470 2355 1933 1314 2303 966 1041 995 1798 128 1670 179 101 1491 358 88 1380 1199 1110 556 274 282 1337 1300 1256 758 415 343
internal_count=6706 4403 2470 2355 1933 1314 2303 966 1041 995 1798 128 1670 179 101 1491 358 88 1380 1199 1110 556 274 282 1337 1300 1256 758 415 343
is_linear=0
shrinkage=0.04


Tree=36
num_leaves=31
num_cat=0
split_feature=8 5 19 14 6 7 12 16 3 12 5 14 15 17 4 14 5 2 19 12 6 0 12 20 14 18 12 1 13 7
split_gain=13.1703 7.81168 6.56669 6.39924 5.99553 6.66458 10.8482 6.29377 6.0999 5.13622 4.78181 4.84209 4.37619 4.14941 5.1067 4.07978 6.43505 3.99818 3.68938 4.32541 3.68332 4.21084 4.2985 4.07985 3.77034 3.63435 3.78488 3.3507 3.3388 3.19245
threshold=2.2500000000000004 7.0500000000000007 -0.8783796973249266 176.50000000000003 20.050000000000001 11.69791666666667 86.500000000000014 1647.5000000000002 2.2500000000000004 80.500000000000014 10.850000000000003 99.500000000000014 0.15000000000000005 -0.25881904510252113 2.1500000000000008 259.50000000000006 14.65 16.650000000000002 -1.0000000180025095e-35 51.500000000000007 12.275 2.5500000000000003 82.500000000000014 1.0000000180025095e-35 270.50000000000006 0.1294095225512602 63.500000000000007 9.2500000000000018 7.2500000000000009 3.4729166666666669
decision_type=2 2 2 2 2 2 2 2 2 2 2 2 2 2 2 2 2 2 2 2 2 2 2 2 2 2 2 2 2 2
left_child=12 3 10 17 5 8 7 -7 9 -4 11 -3 -1 14 -5 -10 18 -2 19 -17 21 -15 23 24 27 26 -16 -23 -12 -14
right_child=1 2 4 13 -6 6 -8 -9 15 -11 28 -13 29 20 25 16 -18 -19 -20 -21 -22 22 -24 -25 -26 -27 -28 -29 -30 -31
leaf_value=-0.030439229476682535 -0.017524609630661027 -0.054777832960490366 -0.056016495858006901 -0.091270912588376274 0.16287932287033977 0.003169978852609816 -0.0787247232284458 -0.059392848695757172 0.0089013400855093398 0.087136845735173885 0.14789172886712126 0.037864466507991072 -0.037515382096093203 0.067800637706432881 0.072850310938272933 -0.063423506280293973 -0.024189199654632371 -0.086903238041956044 0.085220917647595734 0.18297082937846135 0.10663675496866142 0.021980679811001949 -0.011065126472302093 -0.0094538593061554727 0.12681332527211367 -0.036263050362197777 -0.0093871363170471862 -0.050486359443737409 -0.026959389916414056 0.035541395245191704
leaf_weight=715 1575 36 101 33 161 381 63 70 1139 26 158 175 44 79 110 25 42 53 125 25 65 277 216 259 111 342 191 50 25 34
leaf_count=715 1575 36 101 33 161 381 63 70 1139 26 158 175 44 79 110 25 42 53 125 25 65 277 216 259 111 342 191 50 25 34
internal_value=-0.0005785 7.10179e-05 0.00173913 -0.00119572 0.000870774 0.00027027 -0.00365049 -0.00146018 0.00163073 -0.00671875 0.00648101 0.00235849 -0.00541562 0.000495963 -0.00194978 0.0024171 0.00743119 -0.0029957 0.0107955 0.00156863 0.00206049 0.00145015 0.000678337 0.0022063 0.00455581 -0.00114907 0.00205298 0.00237805 0.0111957 0.0035443
internal_weight=6706 5913 2552 3361 2158 1997 514 451 1483 127 394 211 793 1733 676 1356 217 1628 175 50 1057 992 913 697 438 643 301 327 183 78
internal_count=6706 5913 2552 3361 2158 1997 514 451 1483 127 394 211 793 1733 676 1356 217 1628 175 50 1057 992 913 697 438 643 301 327 183 78
is_linear=0
shrinkage=0.04


Tree=37
num_leaves=31
num_cat=0
split_feature=8 11 17 18 16 20 5 7 19 14 11 14 11 13 7 20 11 6 11 6 7 7 7 13 14 15 9 11 15 4
split_gain=12.4372 9.14599 7.55771 8.39184 6.74553 5.53708 5.90838 5.92982 5.86842 6.53115 5.7225 4.82987 5.87148 7.41299 4.92683 4.86446 4.68031 5.19822 4.82397 4.6202 4.44044 4.76579 4.13443 5.32544 3.96012 3.94173 3.80362 5.80108 4.80445 3.86352
threshold=2.2500000000000004 14.950000000000001 0.60355339059327384 0.1294095225512602 42.500000000000007 1.0000000180025095e-35 19.750000000000004 13.331250000000002 0.6078576107927941 235.50000000000003 30.350000000000005 250.50000000000003 10.550000000000002 2.7500000000000004 4.8062500000000012 -0.56174490092936669 11.450000000000001 6.8166666666666655 1.8500000000000003 16.791666666666671 3.589583333333334 4.3520833333333346 3.510416666666667 4.1500000000000012 49.500000000000007 0.15000000000000005 80.500000000000014 -2.4499999999999997 1.0000000180025095e-35 1.0500000000000003
decision_type=2 2 2 2 2 2 2 2 2 2 2 2 2 2 2 2 2 2 2 2 2 2 2 2 2 2 2 2 2 2
left_child=22 2 3 11 -3 10 7 8 -7 24 -6 12 13 -2 -13 -14 17 20 -19 -9 -5 -22 23 -1 -10 -24 27 -4 29 -29
right_child=1 4 26 16 5 6 -8 19 9 -11 -12 14 15 -15 -16 -17 -18 18 -20 -21 21 -23 25 -25 -26 -27 -28 28 -30 -31
leaf_value=-0.043174951916929494 0.0031089608735118545 0.083752135259187635 0.034282814403607025 -0.039186326936660298 0.020940873375944555 -0.016862260379057189 0.15273311851632562 -0.077856721516296801 0.082274520454123923 0.13176257774576491 0.17742463468368044 0.10751006116480595 -0.022424477428337149 -0.040447528165932063 -0.004561059029782673 0.080045171685558719 -0.05542407334654087 0.036689092461638921 -0.061997831715661499 -0.0100327373831227 0.072043311002107521 -0.018331034493157539 -0.025099584039946523 -0.018499973900172613 -0.014443952918448542 0.031756894758272515 0.047772223556249487 0.036631591187731821 0.052283807605454535 -0.013588136641724305
leaf_weight=228 521 346 143 206 1003 395 82 72 28 69 107 94 57 521 106 147 115 25 143 60 106 382 275 257 100 33 166 48 132 739
leaf_count=228 521 346 143 206 1003 395 82 72 28 69 107 94 57 521 106 147 115 25 143 60 106 382 275 257 100 33 166 48 132 739
internal_value=-0.000614284 1.6909e-05 -0.00122125 -0.0025165 0.00201502 0.00108503 -0.00143742 -0.0025931 -0.000876897 0.00474747 0.00291629 -0.000580511 -0.00150762 -0.00272291 0.00517413 0.00468293 -0.00537832 -0.00435689 -0.0106509 -0.0102256 -0.00282014 -0.000736196 -0.00531486 -0.00761317 -0.000620155 -0.00168285 0.00133442 0.000451552 -0.000717391 -0.00190355
internal_weight=6706 5913 3651 2423 2262 1916 806 724 592 197 1110 1446 1246 1042 200 204 977 862 168 132 694 488 793 485 128 308 1228 1062 919 787
internal_count=6706 5913 3651 2423 2262 1916 806 724 592 197 1110 1446 1246 1042 200 204 977 862 168 132 694 488 793 485 128 308 1228 1062 919 787
is_linear=0
shrinkage=0.04


Tree=38
num_leaves=31
num_cat=0
split_feature=7 10 12 20 11 2 13 11 9 17 9 11 18 17 11 13 9 4 13 9 12 3 4 11 0 8 7 5 9 7
split_gain=11.4101 7.51192 9.8652 7.15089 9.18614 6.74657 7.59155 5.85657 5.74063 5.63357 5.11753 6.82312 5.69365 5.69541 4.88788 4.77875 5.95961 4.77218 4.68995 4.65232 4.52615 4.52532 4.49247 3.94737 3.7289 3.72197 4.07341 4.43466 3.64759 3.46491
threshold=3.510416666666667 6.8500000000000005 43.500000000000007 1.0000000180025095e-35 -3.0499999999999994 3.9500000000000006 1.8500000000000003 30.350000000000005 45.500000000000007 0.60355339059327384 70.500000000000014 2.4500000000000006 -0.12940952255126037 0.37940952255126054 -7.4499999999999993 4.7500000000000009 65.500000000000014 1.1500000000000001 4.8500000000000005 31.500000000000004 58.500000000000007 2.7500000000000004 6.1500000000000012 -2.4499999999999997 10.950000000000001 2.1500000000000008 4.3520833333333346 3.0500000000000003 48.500000000000007 10.383333333333335
decision_type=2 2 2 2 2 2 2 2 2 2 2 2 2 2 2 2 2 2 2 2 2 2 2 2 2 2 2 2 2 2
left_child=5 3 18 4 -2 9 -7 8 -6 15 11 -10 -12 24 -4 28 -17 -11 -3 -16 -19 -8 -9 -5 -14 -25 27 -27 -1 -13
right_child=1 2 14 23 7 6 21 22 10 17 12 29 13 -15 19 16 -18 20 -20 -21 -22 -23 -24 25 -26 26 -28 -29 -30 -31
leaf_value=0.048991182078120483 0.11312480396127501 0.27271474918088751 0.038228083395869174 -0.070416168533861886 0.031881609370646588 -0.077336323577104238 -0.017717785009545361 -0.028830522344162831 -0.0579101399203647 0.050484671303199918 0.040508521356476236 -0.0038493922850569365 -0.028296561080872671 0.043978615358632352 -0.02615036919832079 0.035964659547829091 -0.024264482343902154 0.02440915886054679 -0.016358942124068358 0.0041526406809427388 -0.026014104085437601 0.071870143696044358 0.21773423612681342 -0.071549884755779558 0.08842685089162608 -0.043964938997714142 -0.021484336100239788 0.093103744776341452 -0.03875928045346097 -0.093818678210805209
leaf_weight=27 60 177 56 48 32 65 46 26 82 48 195 342 563 169 31 48 352 52 34 2161 147 132 90 89 69 57 919 56 479 54
leaf_count=27 60 177 56 48 32 65 46 26 82 48 195 342 563 169 31 48 352 52 34 2161 147 132 90 89 69 57 919 56 479 54
internal_value=-0.000620248 0.000225946 0.00184553 -0.00117111 0.000499109 -0.00383679 0.00221311 -7.39372e-05 -0.000743198 -0.00511265 -0.00111186 -0.00450939 0.000521565 -0.000972569 0.00106714 -0.00657111 -0.00329177 0.000241935 0.0100943 0.000766074 -0.0025 0.00648045 0.00854701 -0.00357265 -0.00271722 -0.00308378 -0.00240077 0.00473684 -0.00915187 -0.00231738
internal_weight=6706 5310 2459 2851 1682 1396 243 1622 1506 1153 1474 478 996 801 2248 906 400 247 211 2192 199 178 116 1169 632 1121 1032 113 506 396
internal_count=6706 5310 2459 2851 1682 1396 243 1622 1506 1153 1474 478 996 801 2248 906 400 247 211 2192 199 178 116 1169 632 1121 1032 113 506 396
is_linear=0
shrinkage=0.04


Tree=39
num_leaves=31
num_cat=0
split_feature=5 11 5 18 11 12 4 7 11 14 10 20 0 14 13 2 5 10 11 14 10 19 5 0 2 12 14 10 11 12
split_gain=11.3245 7.18894 8.60544 8.32193 7.33701 8.53461 6.21908 6.01114 5.558 5.05504 7.71887 4.76846 5.55682 4.83178 4.52474 4.75509 6.86662 4.43884 4.38677 4.25871 4.20071 4.09871 4.05889 3.71556 4.76657 3.69716 3.67111 3.6438 4.54361 4.83967
threshold=2.1500000000000008 12.15 17.250000000000004 -0.3794095225512602 5.4500000000000011 90.500000000000014 0.65000000000000002 11.508333333333335 17.150000000000002 230.50000000000003 5.7500000000000009 1.0000000180025095e-35 11.450000000000001 300.50000000000006 1.5500000000000003 4.2500000000000009 1.2500000000000002 0.45000000000000007 2.6500000000000008 156.50000000000003 18.150000000000002 0.6078576107927941 18.050000000000004 16.850000000000005 9.8500000000000032 70.500000000000014 156.50000000000003 10.65 -7.4499999999999993 75.500000000000014
decision_type=2 2 2 2 2 2 2 2 2 2 2 2 2 2 2 2 2 2 2 2 2 2 2 2 2 2 2 2 2 2
left_child=6 2 4 23 5 9 -1 -6 19 10 18 12 17 -13 -8 26 -17 -10 -2 -5 -7 -15 -14 24 -3 -21 -16 -12 -29 -30
right_child=1 3 -4 8 7 20 14 -9 11 -11 27 13 22 21 15 16 -18 -19 -20 25 -22 -23 -24 -25 -26 -27 -28 28 29 -31
leaf_value=0.077734113649488318 -0.033481826103117084 0.079073433337131974 -0.070762557635991818 -0.047935895092661732 -0.014428575869156414 -0.060493775514984326 -0.053651690996006439 -0.071723475809782999 -0.063282011308651923 0.033154144302215298 0.021029201118179356 -0.013063602577327771 0.14678480857674431 0.001448643273856618 -0.049639177434367812 0.099154807892458452 -0.046096390281492469 0.021556766828713058 3.3957767951982022e-05 -0.030492724240461549 0.031453867138188762 0.12291015987110132 -0.035695786158256269 0.14951155958026383 -0.002743247978909338 0.24820610714121188 -0.013403382134343857 0.03669896006003439 -0.055415329581179285 0.00092901458469002668
leaf_weight=30 192 438 72 91 872 181 176 50 53 353 766 457 167 102 213 60 150 569 150 125 28 39 45 179 270 31 291 38 122 396
leaf_count=30 192 438 72 91 872 181 176 50 53 353 766 457 167 102 213 60 150 569 150 125 28 39 45 179 270 31 291 38 122 396
internal_value=-0.000614284 4.14723e-05 -0.00121701 0.00162057 -0.000901874 0.000341266 -0.00473398 -0.00390033 -3.57143e-05 0.00113974 0.000216216 0.000921144 0.00287425 -0.00180301 -0.00534231 -0.00391608 0.00113744 0.000963082 -0.0051312 -0.00556452 -0.00733333 0.00464789 0.0084507 0.00475225 0.00344147 -0.00152866 -0.0060198 0.00160242 -0.000861759 -0.00184971
internal_weight=6706 5786 3220 2566 3148 2226 920 922 1679 2017 1664 1432 834 598 890 714 210 622 342 247 209 141 212 887 708 156 504 1322 556 518
internal_count=6706 5786 3220 2566 3148 2226 920 922 1679 2017 1664 1432 834 598 890 714 210 622 342 247 209 141 212 887 708 156 504 1322 556 518
is_linear=0
shrinkage=0.04


Tree=40
num_leaves=31
num_cat=0
split_feature=7 20 11 17 9 12 10 14 8 3 16 15 8 7 16 8 12 20 11 7 13 11 11 10 9 11 10 13 6 4
split_gain=11.3741 8.19277 13.0354 7.05884 6.29446 5.8354 6.71318 9.2177 5.80026 5.64072 4.90219 4.75585 4.74971 4.65226 5.18384 6.94067 4.58125 4.05927 4.17638 3.8656 3.85289 4.52154 3.74267 3.52472 3.29487 3.49737 3.38762 3.28723 3.15807 3.15368
threshold=3.6270833333333341 1.0000000180025095e-35 -5.8499999999999988 0.25881904510252091 78.500000000000014 89.500000000000014 6.6500000000000012 233.50000000000003 17.850000000000005 5.5500000000000007 1142.5000000000002 0.25000000000000006 12.15 17.375000000000004 157.50000000000003 7.6500000000000012 35.500000000000007 1.0000000180025095e-35 11.950000000000001 17.375000000000004 6.9500000000000011 1.6500000000000001 3.4500000000000006 10.050000000000002 43.500000000000007 30.150000000000002 9.9500000000000011 15.050000000000002 8.6749999999999989 16.950000000000003
decision_type=2 2 2 2 2 2 2 2 2 2 2 2 2 2 2 2 2 2 2 2 2 2 2 2 2 2 2 2 2 2
left_child=3 2 -2 10 20 6 7 27 9 11 -1 -4 24 14 -8 -16 -10 18 -12 22 21 -5 -14 -7 26 -26 -11 -3 -25 -9
right_child=1 5 8 4 -6 23 13 29 16 12 17 -13 19 -15 15 -17 -18 -19 -20 -21 -22 -23 -24 28 25 -27 -28 -29 -30 -31
leaf_value=-0.03513016313760222 0.080676340133147381 -0.039439398199842456 0.011135753657850031 -0.028200619761613782 0.049968907401512726 -0.064276884286014496 0.011231096591788212 0.030262192962425234 1.0354687949963119 0.043672051333794551 0.012495350051394549 0.08173692396741071 -0.04524796146693319 0.19295379386877551 0.082858347551097722 -0.064581443873767408 0.079202635189711296 0.04863885254956081 -0.050932809552730447 -0.054564117212979824 -0.015586677825127992 0.016865626688400203 0.081754733876651553 0.018013475636299781 -0.020730673964437615 0.10560698925050288 -0.003387593265375344 -0.086794180168062618 -0.066467324874799644 -0.029898911596279946
leaf_weight=751 104 660 988 195 111 76 797 349 74 32 44 57 69 56 29 72 157 61 38 25 53 208 254 29 1093 52 41 32 40 49
leaf_count=751 104 660 988 195 111 76 797 349 74 32 44 57 69 56 29 72 157 61 38 25 53 208 254 29 1093 52 41 32 40 49
internal_value=-0.000485069 0.00040109 0.00177808 -0.00359781 -0.000105634 -0.00145205 -0.000899756 -0.00304308 0.00126627 0.000727412 -0.00581006 0.00300191 -0.000791321 0.00154974 0.000845384 -0.00764706 0.00732759 0.000972222 -0.00481928 0.00332378 -0.00218818 -0.000841584 0.00450617 -0.00917808 -0.00196883 -0.00249564 0.00621622 -0.00582973 -0.00257143 0.00180451
internal_weight=6596 5135 2946 1461 567 2189 2044 1090 2842 2611 894 1045 1566 954 898 101 231 143 82 348 456 403 323 145 1218 1145 73 692 69 398
internal_count=6596 5135 2946 1461 567 2189 2044 1090 2842 2611 894 1045 1566 954 898 101 231 143 82 348 456 403 323 145 1218 1145 73 692 69 398
is_linear=0
shrinkage=0.04


Tree=41
num_leaves=31
num_cat=0
split_feature=7 20 11 17 12 5 8 5 5 9 10 14 12 13 11 8 7 12 13 7 9 4 5 12 11 0 4 11 11 6
split_gain=10.717 7.96403 11.6881 6.34992 5.86305 8.0345 5.80026 9.11065 6.33006 5.37662 5.18516 8.97125 4.58125 3.98056 5.32531 4.94794 4.08274 3.94765 3.92051 3.87436 3.76497 3.74413 3.67331 5.28292 4.9571 3.56195 4.29652 4.21348 3.52023 3.81925
threshold=3.6270833333333341 1.0000000180025095e-35 -5.8499999999999988 0.25881904510252091 89.500000000000014 20.850000000000005 17.850000000000005 21.350000000000005 10.950000000000001 78.500000000000014 6.6500000000000012 233.50000000000003 35.500000000000007 1.8500000000000003 -0.74999999999999989 10.250000000000002 10.852083333333335 90.500000000000014 6.9500000000000011 9.6062500000000011 51.500000000000007 16.950000000000003 9.1500000000000004 26.500000000000004 24.550000000000004 1.8500000000000003 13.250000000000002 0.25000000000000006 1.6500000000000001 2.2833333333333301
decision_type=2 2 2 2 2 2 2 2 2 2 2 2 2 2 2 2 2 2 2 2 2 2 2 2 2 2 2 2 2 2
left_child=3 2 -2 -1 5 10 7 8 17 18 11 25 -8 20 -15 16 -16 -4 28 -19 -12 22 23 -13 -24 -3 27 -27 29 -5
right_child=1 4 6 9 -6 -7 12 -9 -10 -11 13 21 -14 14 15 -17 -18 19 -20 -21 -22 -23 24 -25 -26 26 -28 -29 -30 -31
leaf_value=-0.027672664267618538 0.077449286527821501 -0.092208604378658091 0.0028769904950566171 0.0052771512744719832 -0.036338971153371098 0.13128582929438737 0.99405004319645951 -0.10875076050068959 0.04341795281640394 0.047970151105452212 -0.030498309347095933 0.14706804226695003 0.076034529782122856 -0.046959997880114165 0.028986512250982914 -0.024312641406198186 -0.045317517536270203 -0.0028761505714262371 -0.014963210712122858 -0.092272195770318463 0.062270568354193437 -0.030020562632379857 0.068682911496043456 -0.015369677457342643 -0.044780288542877321 -0.068392228665891286 -0.056994648245838178 -0.019027060684587271 0.016191001620864204 -0.0448910567240422
leaf_weight=894 104 54 2100 33 145 109 74 38 373 111 42 29 157 68 243 250 29 66 53 34 260 43 95 190 29 36 160 407 208 162
leaf_count=894 104 54 2100 33 145 109 74 38 373 111 42 29 157 68 243 250 29 66 53 34 260 43 95 190 29 36 160 407 208 162
internal_value=-0.000466879 0.000393302 0.00175093 -0.00348837 -0.00143379 -0.000880196 0.00126627 0.000727412 0.00101787 -0.000176056 -0.00147727 -0.0033908 0.00732759 0.000761478 -0.00115059 0.000229446 0.00395604 0.000199909 -0.00210066 -0.00752475 0.00448845 0.00144703 0.00284884 -0.000272727 0.00832 -0.006231 -0.00533113 -0.00328829 -0.000742574 -0.00459184
internal_weight=6596 5135 2946 1461 2189 2044 2842 2611 2573 567 1935 1043 231 892 590 522 272 2200 456 100 302 386 343 219 124 657 603 443 403 195
internal_count=6596 5135 2946 1461 2189 2044 2842 2611 2573 567 1935 1043 231 892 590 522 272 2200 456 100 302 386 343 219 124 657 603 443 403 195
is_linear=0
shrinkage=0.04


Tree=42
num_leaves=31
num_cat=0
split_feature=7 20 11 17 8 5 5 13 14 5 0 9 16 12 12 7 2 16 8 11 5 11 7 14 5 0 8 1 19 9
split_gain=10.3323 7.67176 11.6751 5.84364 5.05697 7.34672 6.06814 4.98994 7.70374 6.12574 7.18891 4.63891 4.63271 4.57546 4.37221 4.00131 4.12138 4.81752 6.05253 4.46482 3.93923 4.57121 5.59996 4.58463 4.38699 4.0715 4.9528 3.75855 4.92167 3.75844
threshold=3.6270833333333341 1.0000000180025095e-35 -7.4499999999999993 0.12940952255126045 17.850000000000005 21.350000000000005 10.950000000000001 9.1500000000000004 296.50000000000006 19.650000000000002 13.65 78.500000000000014 1142.5000000000002 90.500000000000014 35.500000000000007 4.0187500000000007 3.9500000000000006 1427.5000000000002 15.950000000000001 26.550000000000004 8.3500000000000032 -2.4499999999999997 9.5479166666666675 263.50000000000006 4.7500000000000009 8.9500000000000011 9.6500000000000004 2.4500000000000006 0.87837969732492682 75.500000000000014
decision_type=2 2 2 2 2 2 2 2 2 2 2 2 2 2 2 2 2 2 2 2 2 2 2 2 2 2 2 2 2 2
left_child=3 2 -2 12 5 6 13 9 -9 15 -11 -5 27 -4 -6 -3 19 18 20 -17 21 -18 23 24 29 26 -22 -1 -29 -23
right_child=1 7 4 11 14 -7 -8 8 -10 10 -12 -13 -14 -15 -16 16 17 -19 -20 -21 25 22 -24 -25 -26 -27 -28 28 -30 -31
leaf_value=-0.039973757834581097 0.095493429865993879 0.036733933076046589 0.003436360775784806 -0.0081169264322140579 0.95428804146860113 -0.104400730080662 0.04347740253687455 -0.039121419853557382 0.059931086798065143 -0.013977774889466162 0.20370811418063406 0.03085434576377093 0.0051294949944398916 -0.052376026085382429 0.072993148590837928 -0.047045881620693265 -0.038762518964953648 -0.056960575442666778 -0.052846026792047487 0.098665403811013908 0.03206196076484652 -0.010142982589624979 -0.071079084064850848 -0.039359672382605952 0.059128525315349095 0.064344348145465594 -0.056299674012385718 -0.028833621569718623 0.035756492566352945 0.039061987758778616
leaf_weight=426 68 103 2124 491 74 38 377 269 47 46 87 135 134 108 157 218 82 104 251 26 211 155 72 83 165 175 30 240 35 65
leaf_count=426 68 103 2124 491 74 38 377 269 47 46 87 135 134 108 157 218 82 104 251 26 211 155 72 83 165 175 30 240 35 65
internal_value=-0.000466879 0.000377726 0.00171021 -0.00343365 0.0013199 0.000823263 0.00108046 -0.00141553 -0.00605678 -0.000629669 0.00761194 -0.000510367 -0.00562201 0.00028661 0.00698276 -0.00126364 -0.00174603 -0.000903874 -0.000232558 -0.00653061 0.00111646 -0.000898876 0.000443623 0.00204691 0.00388601 0.0041247 0.000743802 -0.00692308 -0.00326087 0.000180995
internal_weight=6596 5135 2946 1461 2878 2647 2609 2189 316 1873 133 626 835 2232 231 1740 1637 1393 1289 244 1038 622 540 468 385 416 241 701 275 220
internal_count=6596 5135 2946 1461 2878 2647 2609 2189 316 1873 133 626 835 2232 231 1740 1637 1393 1289 244 1038 622 540 468 385 416 241 701 275 220
is_linear=0
shrinkage=0.04


Tree=43
num_leaves=31
num_cat=0
split_feature=5 12 3 4 0 12 2 10 17 7 3 9 14 19 7 4 10 5 7 4 12 16 8 12 18 8 11 4 5 13
split_gain=9.09012 7.44652 6.06153 5.374 5.07552 3.97664 4.55968 4.2177 3.83388 3.80904 3.59981 3.58722 5.44716 5.17789 6.59757 7.01557 5.66516 5.95092 4.97658 6.67676 3.5513 3.50851 4.41478 3.49375 3.31962 4.28304 3.28849 6.59633 3.71396 3.44018
threshold=3.9500000000000006 90.500000000000014 2.7500000000000004 0.95000000000000007 57.750000000000007 81.500000000000014 2.6500000000000008 7.0500000000000007 0.12940952255126045 1.9645833333333338 3.3500000000000001 66.500000000000014 198.50000000000003 -0.8783796973249266 6.7104166666666671 2.1500000000000008 7.9500000000000011 8.5500000000000025 16.295833333333338 17.650000000000002 85.500000000000014 62.500000000000007 12.850000000000003 27.500000000000004 -0.5 3.8500000000000001 3.9500000000000006 2.0500000000000003 1.1500000000000001 3.1500000000000008
decision_type=2 2 2 2 2 2 2 2 2 2 2 2 2 2 2 2 2 2 2 2 2 2 2 2 2 2 2 2 2 2
left_child=3 2 20 8 11 6 23 26 -1 -7 -9 13 -13 -4 15 -15 -16 21 19 24 -2 22 -18 -5 -14 -26 27 -8 -28 -29
right_child=1 -3 4 5 -6 9 7 10 -10 -11 -12 12 18 14 16 -17 17 -19 -20 -21 -22 -23 -24 -25 25 -27 28 29 -30 -31
leaf_value=-0.052787267782041562 -0.015985907550799931 -0.026909589720287546 0.05897052246219827 0.0083665934160658748 0.35936905160512012 0.028163781456051737 -0.054206553031875909 -0.0093716696155343726 0.038780854293873561 -0.035896839896773926 0.049461254668001865 -0.0060103567056266982 0.067909769158719602 -0.011225093345584582 -0.024722406782617164 0.073984026605808953 -0.031490283568331494 0.050394969839926917 0.367879776588457 -0.065810778619435684 0.026194836976957098 -0.059652997618326625 0.074719373326323821 -0.025914171360605094 -0.037300874127793919 0.048006109804262995 0.033853546318658105 -0.0031544740201811371 -0.027871536340683463 0.063467498476320064
leaf_weight=29 569 242 222 85 25 30 26 82 76 522 205 1309 110 107 229 388 49 363 59 52 75 48 30 482 86 349 75 51 543 78
leaf_count=29 569 242 222 85 25 30 26 82 76 522 205 1309 110 107 229 388 49 363 59 52 75 48 30 482 86 349 75 51 543 78
internal_value=-0.000533576 0.000547183 0.000953083 -0.0025733 0.00162241 -0.003 -0.00200246 -0.000452403 0.00622642 -0.00593128 0.00368056 0.00148736 0.000376399 0.00300626 0.00197531 0.00552419 -0.000472222 0.00195519 0.00334855 0.0022408 -0.00260465 -0.00546875 -0.00025 -0.00489437 0.00355311 0.00197248 -0.00198966 0.00320513 -0.00329564 0.00692308
internal_weight=6596 4312 4070 2284 3426 2179 1627 1060 105 552 287 3401 1965 1436 1214 495 719 490 656 597 644 127 79 567 545 435 773 155 618 129
internal_count=6596 4312 4070 2284 3426 2179 1627 1060 105 552 287 3401 1965 1436 1214 495 719 490 656 597 644 127 79 567 545 435 773 155 618 129
is_linear=0
shrinkage=0.04


Tree=44
num_leaves=31
num_cat=0
split_feature=5 12 0 4 3 3 2 9 7 5 4 12 14 7 4 19 17 16 12 19 13 9 9 11 13 7 4 14 11 17
split_gain=9.19852 6.11136 5.47493 4.92258 4.74486 3.879 5.23395 3.77341 4.51194 5.78585 4.86468 4.81021 4.44206 5.1419 5.77365 3.91894 3.6033 3.51519 3.27604 3.33939 3.15339 3.07611 3.4757 3.21993 3.04673 3.02204 2.97597 3.80055 3.90499 3.69509
threshold=3.9500000000000006 90.500000000000014 57.750000000000007 0.95000000000000007 2.6500000000000008 16.550000000000004 12.15 66.500000000000014 7.6104166666666684 10.950000000000001 2.1500000000000008 88.500000000000014 198.50000000000003 17.375000000000004 17.650000000000002 -0.8783796973249266 0.12940952255126045 357.50000000000006 85.500000000000014 0.87837969732492682 0.65000000000000002 51.500000000000007 64.500000000000014 6.9500000000000011 6.9500000000000011 9.6062500000000011 4.5500000000000007 211.50000000000003 9.1500000000000004 -0.25881904510252113
decision_type=2 2 2 2 2 2 2 2 2 2 2 2 2 2 2 2 2 2 2 2 2 2 2 2 2 2 2 2 2 2
left_child=3 2 4 16 18 6 -5 8 10 -10 -6 15 -9 14 -14 -11 -1 20 19 26 -12 23 -23 -3 -17 -24 27 28 -2 -29
right_child=1 21 -4 5 7 -7 -8 12 9 11 17 -13 13 -15 -16 24 -18 -19 -20 -21 -22 22 25 -25 -26 -27 -28 29 -30 -31
leaf_value=-0.05067577707075991 -0.0083614848310986107 -0.012720031067156442 0.34499428954091538 -0.015394397239172042 -0.0061285003385734525 -0.081430468393428296 0.061032030701224045 -0.00567049792480808 -0.031235356013452977 0.13328978495236973 0.087751013026209343 -0.054835717709873631 0.03354245610958756 0.57847972269259285 -0.059585108467397951 0.044493004994896168 0.037229620122118605 0.10351560235703482 0.023185150655759816 0.0087009509543760372 0.031994987934761507 -0.067256926158651517 0.014128496599004184 0.021127544409678373 -0.036567666788110423 -0.081673741106006337 -0.053129572443574469 -0.0095311099986137293 -0.066465397055229622 0.10238203476532895
leaf_weight=29 142 65 25 2060 140 42 77 1324 276 51 58 30 557 51 55 308 76 68 72 74 504 83 38 26 25 30 166 27 80 37
leaf_count=29 142 65 25 2060 140 42 77 1324 276 51 58 30 557 51 55 308 76 68 72 74 504 83 38 26 25 30 166 27 80 37
internal_value=-0.000521449 0.000565732 0.000933432 -0.0025733 0.00081562 -0.00298165 -0.00274088 0.00138631 0.0029295 0.000578871 0.00503243 0.00356627 0.000251509 0.00292169 0.00189233 0.00477922 0.00584906 0.00652932 -0.00247078 -0.00356736 0.00547069 -0.00559671 -0.00907895 0.000217391 0.00317365 -0.00231884 -0.00485651 -0.00236934 -0.00484305 0.00615385
internal_weight=6596 4312 4070 2284 4045 2179 2137 3447 1460 690 770 414 1987 663 612 384 105 630 598 526 562 242 151 91 333 68 452 286 222 64
internal_count=6596 4312 4070 2284 4045 2179 2137 3447 1460 690 770 414 1987 663 612 384 105 630 598 526 562 242 151 91 333 68 452 286 222 64
is_linear=0
shrinkage=0.04


Tree=45
num_leaves=31
num_cat=0
split_feature=18 17 9 12 4 7 9 18 9 6 5 7 9 14 4 12 7 9 9 19 13 14 16 5 0 4 16 7 3 8
split_gain=8.82467 6.75006 6.16951 6.15525 4.81296 4.27226 3.83766 3.82652 4.15462 3.77572 3.34277 5.7321 3.77841 3.63685 3.82353 3.62774 3.79299 7.20928 4.18688 3.36513 3.77238 3.32129 3.29893 3.23897 3.19934 5.23434 3.46292 3.56047 4.10567 5.21749
threshold=0.37940952255126048 -1.0000000180025095e-35 123.50000000000001 61.500000000000007 1.9500000000000002 3.010416666666667 49.500000000000007 -0.70710678118654757 47.500000000000007 2.1166666666666636 10.950000000000001 10.593750000000002 45.500000000000007 161.50000000000003 7.7500000000000009 87.500000000000014 4.6187500000000012 67.500000000000014 80.500000000000014 -0.60785761079279388 3.1500000000000008 193.50000000000003 57.500000000000007 6.7500000000000009 26.100000000000005 16.850000000000005 1257.5000000000002 3.6270833333333341 0.95000000000000007 3.0500000000000003
decision_type=2 2 2 2 2 2 2 2 2 2 2 2 2 2 2 2 2 2 2 2 2 2 2 2 2 2 2 2 2 2
left_child=3 2 5 4 -1 -2 -3 8 -6 -5 11 12 13 -11 21 16 18 -18 23 -12 -21 -15 -22 -14 25 26 27 28 -8 -30
right_child=1 6 -4 9 7 -7 24 -9 -10 10 19 -13 15 14 -16 -17 17 -19 -20 20 22 -23 -24 -25 -26 -27 -28 -29 29 -31
leaf_value=-0.014393629617168884 -0.042536935328083038 -0.038803302504711763 0.087817759024310868 -0.027790959651875068 -0.047089753094010763 -0.032921041312769718 0.018492175130955371 0.017885792392718116 0.10038320726898178 0.03900088376960046 0.069444719972115737 -0.068978984867293841 0.00031400608172521771 -0.0089030919147645802 0.043277366360189529 -0.022019546555062688 0.0065850494802013057 -0.04892393858350591 0.17530168705336774 0.040165669993186236 -0.0365595557979735 0.067803368677443229 0.0041972507311065855 0.11940074009634404 0.16720330929662283 -0.059834318988520326 0.033166660029930316 0.0029950977088722651 0.006782263940194007 -0.048905502119481081
leaf_weight=107 166 34 37 243 37 922 50 953 235 49 156 115 509 105 28 294 469 294 43 170 85 52 102 66 26 83 199 765 77 144
leaf_count=107 166 34 37 243 37 922 50 953 235 49 156 115 509 105 28 294 469 294 43 170 85 52 102 66 26 83 199 765 77 144
internal_value=-0.000643894 -0.00251597 -0.0048135 0.000495988 0.00273068 -0.00536272 -0.000638144 0.00344209 0.00761905 -0.000575333 -0.000118203 -0.000849383 -0.000324607 0.00442553 0.00182796 -0.000990453 -0.000130246 -0.00201571 0.00219709 0.00276265 0.000614525 -0.000632911 -0.00329787 0.00128472 -0.000297398 -0.000576194 8.09061e-05 -0.000848602 -0.00477941 -0.00711712
internal_weight=6615 2503 1125 4112 1332 1088 1378 1225 272 2780 2537 2024 1909 234 185 1675 1381 763 618 513 357 157 187 575 1344 1318 1235 1036 271 221
internal_count=6615 2503 1125 4112 1332 1088 1378 1225 272 2780 2537 2024 1909 234 185 1675 1381 763 618 513 357 157 187 575 1344 1318 1235 1036 271 221
is_linear=0
shrinkage=0.04


Tree=46
num_leaves=31
num_cat=0
split_feature=8 0 18 17 4 16 3 12 1 2 10 4 10 6 7 0 8 0 20 7 19 12 6 5 3 7 19 14 7 3
split_gain=8.09561 6.64824 5.87878 4.31953 4.11555 4.11791 4.28453 4.0289 6.84867 4.60353 4.38848 3.60936 3.517 4.33012 3.34291 5.06405 4.14693 5.28755 4.3649 3.59862 5.64908 3.56097 3.22617 3.3961 3.00676 4.23604 3.17137 5.39669 4.1153 5.17065
threshold=2.1500000000000008 57.750000000000007 0.37940952255126048 0.12940952255126045 16.950000000000003 437.50000000000006 2.9500000000000006 61.500000000000007 25.500000000000004 21.150000000000002 21.450000000000003 1.6500000000000001 1.6500000000000001 6.8166666666666655 8.5687500000000032 10.350000000000003 16.450000000000003 17.650000000000002 1.0000000180025095e-35 10.947916666666666 1.0000000180025095e-35 41.500000000000007 4.6333333333333302 6.4500000000000011 0.95000000000000007 3.510416666666667 -0.60785761079279388 176.50000000000003 8.2604166666666696 8.9500000000000011
decision_type=2 2 2 2 2 2 2 2 2 2 2 2 2 2 2 2 2 2 2 2 2 2 2 2 2 2 2 2 2 2
left_child=-1 2 7 12 5 24 -7 11 9 10 -9 -2 -4 22 -13 19 -17 18 -18 20 -16 -19 23 -14 -5 -26 27 -27 -28 -30
right_child=1 -3 3 4 -6 6 -8 8 -10 -11 -12 14 13 -15 15 16 17 21 -20 -21 -22 -23 -24 -25 25 26 28 -29 29 -31
leaf_value=-0.020428994956226444 -0.021695058655101285 0.3271791896685195 -0.010199125016080916 0.04218905790915841 -0.044583720476769957 -0.0095042407204914883 0.087548303167350586 -0.0029982220443730513 -0.12131757555152434 0.10017799356494124 0.053851163623320486 0.044952554037768863 -0.044761378928463456 -0.052224340435847463 -0.027081591189435043 0.11331452055402931 0.026357322438716226 1.1853425093686463 -0.075064670737050254 -0.074977088143156789 0.077602243327965836 0.0048271018420480869 0.0060965531257703987 0.018809057027441192 -0.032147036153702117 -0.052337938047960615 0.020810816352746998 0.018545634153172993 -0.065938080615732364 0.023073544212536348
leaf_weight=708 59 27 650 37 79 93 168 2371 36 39 57 664 209 112 58 132 40 42 53 61 60 64 109 42 133 95 238 68 72 39
leaf_count=708 59 27 650 37 79 93 168 2371 36 39 57 664 209 112 58 132 40 42 53 61 60 64 109 42 133 95 238 68 72 39
internal_value=-0.000643894 -0.000159106 -0.000251658 -0.00192075 -3.91007e-05 0.000699153 0.00496183 0.000706449 -0.000215655 4.05186e-05 -0.000181145 0.00257699 -0.00363313 -0.00625793 0.00306383 0.000626223 0.00355422 -0.0001 -0.00702128 -0.00477778 -0.000672269 0.00598131 -0.00409972 -0.0065873 -0.000937042 -0.00157895 7.79727e-05 -0.0045122 0.00222857 -0.00410714
internal_weight=6615 5907 5880 2144 1022 943 261 3736 2503 2467 2428 1233 1122 472 1174 510 331 199 93 179 118 106 360 251 682 645 512 163 349 111
internal_count=6615 5907 5880 2144 1022 943 261 3736 2503 2467 2428 1233 1122 472 1174 510 331 199 93 179 118 106 360 251 682 645 512 163 349 111
is_linear=0
shrinkage=0.04


Tree=47
num_leaves=31
num_cat=0
split_feature=1 18 11 7 11 9 7 10 0 8 11 7 11 4 11 19 4 12 7 19 13 13 2 12 7 9 11 14 2 11
split_gain=7.50305 7.22189 5.85301 9.08955 7.76681 5.6862 9.28595 5.47022 4.99697 6.85722 5.51236 4.93699 4.41316 5.14933 5.0093 4.21812 7.88427 7.46161 7.35188 5.71352 8.13043 5.65836 4.66705 4.5065 5.22666 4.22272 4.20254 4.19706 4.0622 3.96738
threshold=55.350000000000009 0.60355339059327384 11.050000000000002 11.69791666666667 1.4500000000000002 80.500000000000014 4.4979166666666677 6.3500000000000005 5.6500000000000012 4.1500000000000012 5.0500000000000007 3.3979166666666676 32.850000000000001 6.1500000000000012 20.550000000000004 0.6078576107927941 4.8500000000000005 38.500000000000007 5.7645833333333343 -0.60785761079279388 2.9500000000000006 2.6500000000000008 8.4500000000000011 63.500000000000007 10.664583333333335 79.500000000000014 23.650000000000002 225.50000000000003 9.2500000000000018 3.7500000000000004
decision_type=2 2 2 2 2 2 2 2 2 2 2 2 2 2 2 2 2 2 2 2 2 2 2 2 2 2 2 2 2 2
left_child=1 2 3 5 -5 7 -7 8 9 -1 -11 -3 13 -13 29 18 -17 -18 19 20 -4 -19 23 24 27 -22 28 -20 -16 -15
right_child=-2 11 15 4 -6 6 -8 -9 -10 10 -12 12 -14 14 26 16 17 21 22 -21 25 -23 -24 -25 -26 -27 -28 -29 -30 -31
leaf_value=-0.017328855055492278 0.35347295754980046 -0.027646108396960026 -0.049411933622311541 0.029622816896120448 -0.077738123484685145 0.061010283556113709 -0.0032193102717367949 0.00031213469115814796 -0.049426520671763861 0.13179155780477481 -0.023244448409265601 0.0040552585146311597 0.082643277465217727 -0.0012206058742790127 2.1771657746150198e-05 0.09938390050520457 0.087409681815165327 0.17475164509607458 0.099472274507911684 -0.052272740466305576 0.076134483483340884 -0.024410557901774956 0.0063338959603343884 0.21794557908812298 -0.076037780798614618 -0.043132647931387241 -0.018750022484113275 -0.042357493608050946 0.15419597030282378 -0.042828434318260548
leaf_weight=514 29 416 53 26 75 166 243 1466 141 86 49 472 89 120 56 155 128 62 101 180 76 194 751 77 25 28 379 41 35 382
leaf_count=514 29 416 53 26 75 166 243 1466 141 86 49 472 89 120 56 155 128 62 101 180 76 194 751 77 25 28 379 41 35 382
internal_value=-0.000625756 -0.000716563 0.000142303 -0.00102638 -0.0127451 -0.000577644 0.0037561 -0.00136464 -0.00404551 -0.00255385 0.00544118 -0.00275897 -0.00170795 -0.00224221 -0.00390545 0.00186966 0.00485185 0.00176623 0.000660165 -0.00443787 0.00113924 -0.00217899 0.00238956 0.00718367 0.00345238 0.00761905 -0.000934183 0.00643357 0.00673913 -0.00667992
internal_weight=6615 6586 4637 2766 101 2665 409 2256 790 649 135 1949 1533 1444 972 1871 539 384 1332 337 157 256 995 244 167 104 470 142 91 502
internal_count=6615 6586 4637 2766 101 2665 409 2256 790 649 135 1949 1533 1444 972 1871 539 384 1332 337 157 256 995 244 167 104 470 142 91 502
is_linear=0
shrinkage=0.04


Tree=48
num_leaves=31
num_cat=0
split_feature=0 18 17 9 9 4 17 6 16 13 3 12 9 9 7 16 7 3 5 9 19 5 19 7 7 5 9 4 12 3
split_gain=6.98848 6.05129 6.32132 5.60089 4.4073 3.78601 3.75538 4.36048 4.42901 6.96524 3.68505 3.29219 4.98808 5.08225 4.88319 3.26084 3.33896 4.00428 3.7922 4.28573 3.16769 3.05798 2.85125 2.83102 3.95515 2.66502 4.10167 3.31648 2.62106 3.52498
threshold=57.750000000000007 0.37940952255126048 -1.0000000180025095e-35 123.50000000000001 84.500000000000014 16.850000000000005 -0.9159756150367534 1.9999999999999964 372.50000000000006 9.0500000000000025 9.9500000000000011 87.500000000000014 47.500000000000007 65.500000000000014 13.07291666666667 1257.5000000000002 8.9145833333333346 4.6500000000000012 2.5500000000000003 77.500000000000014 -0.8783796973249266 5.6500000000000012 1.0000000180025095e-35 3.3979166666666676 5.1895833333333341 6.5500000000000007 74.500000000000014 4.3500000000000005 38.500000000000007 4.8500000000000005
decision_type=2 2 2 2 2 2 2 2 2 2 2 2 2 2 2 2 2 2 2 2 2 2 2 2 2 2 2 2 2 2
left_child=1 4 3 23 6 10 21 -8 9 11 15 20 14 -14 -13 16 17 18 19 -4 25 -1 -7 -3 -25 26 27 -9 29 -22
right_child=-2 2 5 -5 -6 22 7 8 -10 -11 -12 12 13 -15 -16 -17 -18 -19 -20 -21 28 -23 -24 24 -26 -27 -28 -29 -30 -31
leaf_value=-0.0096150118226823438 0.29995310377978668 -0.036745731513615522 -0.06139991553267677 0.071758053106020084 0.02169966537037343 -0.10547066393622377 -0.027551485634172933 -0.022392907736934441 0.073255642992122741 -0.06893649338548595 0.039879135779905893 0.034478370754038111 -0.055894179485738951 0.011077786651396408 -0.047779470163242535 0.026240773469045492 -0.044876688824586994 0.031214898838824914 -0.00096224141096431734 0.013664999422412141 -0.0039516144243544812 -0.050942776179485526 0.003196261669772227 0.0051420831038431029 -0.034368493610849545 0.080890948356124717 0.087444900799405229 0.22750222437139658 0.0012378521041923208 0.26130800668282633
leaf_weight=370 27 250 85 36 442 64 173 73 205 63 102 123 232 98 26 167 135 184 547 48 45 183 36 200 638 153 26 31 1785 68
leaf_count=370 27 250 85 36 442 64 173 73 205 63 102 123 232 98 26 167 135 184 547 48 45 183 36 200 638 153 26 31 1785 68
internal_value=-0.000655985 -0.000740628 -0.00229442 -0.00451556 0.000205028 -0.000467495 -0.00025171 0.000290135 0.000655514 0.000227606 0.000126084 0.00054115 -0.00245833 -0.00519637 0.0036 -0.000514139 -0.00138 -0.000462428 -0.00187959 -0.00791045 0.00120073 -0.0032852 -0.00792079 -0.00503214 -0.00390942 0.00514085 0.000916031 -0.00266667 0.000610848 0.00649123
internal_weight=6615 6588 2492 1124 4096 1368 3654 3101 2928 2723 1268 2660 479 330 149 1166 999 864 680 133 2181 553 100 1088 838 283 130 104 1898 113
internal_count=6615 6588 2492 1124 4096 1368 3654 3101 2928 2723 1268 2660 479 330 149 1166 999 864 680 133 2181 553 100 1088 838 283 130 104 1898 113
is_linear=0
shrinkage=0.04


Tree=49
num_leaves=31
num_cat=0
split_feature=0 14 13 11 5 6 11 7 16 0 14 10 19 7 14 9 20 0 18 19 2 15 16 7 6 4 14 11 6 16
split_gain=6.99695 5.82814 6.19108 6.00348 4.06288 5.60123 4.05981 7.55419 5.23065 5.92325 4.91404 3.96094 3.926 5.24865 3.47284 3.74556 5.74101 4.3185 3.51339 3.46111 3.63246 3.42797 4.56152 4.36548 5.50009 4.35856 3.34005 3.37889 4.22721 3.50557
threshold=57.750000000000007 155.50000000000003 7.6500000000000012 31.750000000000004 2.1500000000000008 3.7999999999999967 13.050000000000002 11.508333333333335 47.500000000000007 10.550000000000002 203.50000000000003 5.8500000000000005 -1.0000000180025095e-35 5.1604166666666673 172.50000000000003 68.500000000000014 -0.56174490092936669 10.550000000000002 0.60355339059327384 -0.60785761079279388 4.8500000000000005 1.0000000180025095e-35 52.500000000000007 2.777083333333334 2.1499999999999972 2.6500000000000008 350.50000000000006 4.8500000000000005 4.008333333333332 762.50000000000011
decision_type=2 2 2 2 2 2 2 2 2 2 2 2 2 2 2 2 2 2 2 2 2 2 2 2 2 2 2 2 2 2
left_child=1 2 4 -4 5 -1 7 8 11 10 12 -3 13 -10 18 17 -17 -16 -13 -6 -21 22 -8 -24 -25 -26 27 28 29 -12
right_child=-2 6 3 -5 19 -7 21 -9 9 -11 26 14 -14 -15 15 16 -18 -19 -20 20 -22 -23 23 24 25 -27 -28 -29 -30 -31
leaf_value=-0.035972765736994837 0.28795497962859529 -0.038205249083512333 -0.044339628474387036 0.092789384016109727 -0.016742752817978469 0.0056672528889776608 0.044586577068349627 -0.069668358559166615 0.063117314792551227 0.11834398245175123 -0.0016575402100662729 0.029387715084478128 -0.015812040032998721 -0.049627129130138531 -0.0077008377019763688 0.032764137213571271 -0.049504177429174234 0.050305496860579807 -0.037903563201942617 0.015984084873236916 -0.003859836329116888 0.090933192024054602 0.098091065323324039 -0.064309114402752623 -0.031157308688689087 0.0050748063353337793 -0.018135080193878217 0.00081229721103888159 0.079281111899081658 0.049193340340646152
leaf_weight=183 27 162 331 29 487 120 464 107 116 56 157 186 274 58 551 37 168 83 44 381 726 113 40 65 75 1090 29 261 158 37
leaf_count=183 27 162 331 29 487 120 464 107 116 56 157 186 274 58 551 37 168 83 44 381 726 113 40 65 75 1090 29 261 158 37
internal_value=-0.000668077 -0.00075277 -0.00240035 -0.00720222 -0.00148577 -0.00572368 0.000106187 -0.000949698 -0.000479394 0.00146469 0.000806599 -0.00228896 -0.00240535 0.00228571 -0.00140187 -0.00259524 -0.00728155 -0.00107087 0.00294372 -0.000677116 0.000559567 0.00152597 0.00108357 -0.000157356 -0.00058489 5.1458e-05 0.00304821 0.00368078 0.00623229 0.00225641
internal_weight=6615 6588 2257 360 1897 303 4331 2484 2377 1146 1090 1231 448 174 1069 839 205 634 230 1594 1107 1847 1734 1270 1230 1165 642 613 352 194
internal_count=6615 6588 2257 360 1897 303 4331 2484 2377 1146 1090 1231 448 174 1069 839 205 634 230 1594 1107 1847 1734 1270 1230 1165 642 613 352 194
is_linear=0
shrinkage=0.04


Tree=50
num_leaves=31
num_cat=0
split_feature=2 18 11 14 10 9 14 20 11 7 12 9 7 2 15 11 11 4 14 13 11 5 20 5 7 0 14 16 12 3
split_gain=7.05113 5.18901 6.57726 4.65937 5.72238 5.95793 4.79884 4.33295 4.74434 4.25667 5.05888 4.14856 3.71907 3.82323 4.93284 3.64707 3.58287 3.43553 3.33822 3.29834 3.07972 3.14224 5.99188 3.01808 3.01382 4.3797 3.97739 3.29508 2.9767 3.75593
threshold=57.750000000000007 0.60355339059327384 30.950000000000003 259.50000000000006 7.6500000000000012 49.500000000000007 359.50000000000006 -0.22252093395631442 -1.8499999999999999 1.7562500000000003 49.500000000000007 31.500000000000004 3.0520833333333344 5.9500000000000011 0.15000000000000005 -3.7499999999999996 24.350000000000005 8.9500000000000011 261.50000000000006 7.5500000000000007 23.250000000000004 10.950000000000001 0.81174490092936691 18.250000000000004 4.4645833333333345 1.4500000000000002 346.50000000000006 72.500000000000014 76.500000000000014 2.2500000000000004
decision_type=2 2 2 2 2 2 2 2 2 2 2 2 2 2 2 2 2 2 2 2 2 2 2 2 2 2 2 2 2 2
left_child=1 3 7 4 5 -1 15 8 -3 -7 -11 -6 18 14 16 -5 17 -14 -9 28 21 -13 -23 -24 25 -17 -26 -27 29 -12
right_child=-2 2 -4 6 11 9 -8 12 -10 10 19 20 13 -15 -16 24 -18 -19 -20 -21 -22 22 23 -25 26 27 -28 -29 -30 -31
leaf_value=0.03087387931625166 0.27708891769540644 0.019995469987172127 0.04215030100617996 0.090888653309638634 -0.039081556060671867 0.030351012626393104 -0.048995658726740797 -0.045787384440156557 -0.012483863425590477 0.0060355786456813476 -0.05155071926416098 -0.0013963774969805698 -0.012990424312851943 -0.035175621423224841 0.068858679186801053 -0.039030995556839185 0.021448086912605361 -0.058562900740642673 0.0026712694353341784 -0.036368709950634202 0.21712513341306752 0.065740051218797085 -0.0019706730804449359 -0.097541018041542235 -0.0023046894029025112 -0.019723954134731016 0.12555276282774688 0.086076031299970532 -0.028667839524261132 0.0087094563889023036
leaf_weight=91 27 44 168 58 29 70 40 123 733 416 58 1458 313 334 37 32 65 85 33 195 76 371 72 30 441 38 54 161 665 335
leaf_count=91 27 44 168 58 29 70 40 123 733 416 58 1458 313 334 37 32 65 85 33 195 76 371 72 30 441 38 54 161 665 335
internal_value=-0.000745528 -0.000830063 -0.00257231 -0.000110851 -0.000693044 -0.00231567 0.00261818 -0.00329186 -0.00105398 -0.00283908 -0.00324551 0.000765832 -0.00504541 -0.00397605 -0.00175649 0.0033121 -0.00288793 -0.00431078 -0.0107006 -0.00451356 0.000986056 0.000672878 0.00350211 -0.00504854 0.00253095 0.0062931 0.000766129 0.0085 -0.00362606 -0.000862944
internal_weight=6652 6625 1935 4690 3866 1830 824 1767 777 1739 1669 2036 990 834 500 784 463 398 156 1253 2007 1931 473 102 726 231 495 199 1058 393
internal_count=6652 6625 1935 4690 3866 1830 824 1767 777 1739 1669 2036 990 834 500 784 463 398 156 1253 2007 1931 473 102 726 231 495 199 1058 393
is_linear=0
shrinkage=0.04


Tree=51
num_leaves=31
num_cat=0
split_feature=2 9 17 18 16 12 20 10 11 4 15 16 7 9 9 14 19 7 2 5 12 11 7 5 5 11 9 18 7 7
split_gain=7.03001 4.65317 4.91283 8.43507 5.08312 4.06766 4.27577 4.17297 4.13799 3.97039 4.14438 4.42499 4.61017 3.81367 5.41426 7.45665 3.80406 3.73278 3.70959 3.66611 4.04542 3.62193 3.15449 3.07615 3.0068 3.00112 5.08147 4.29744 3.63182 3.88861
threshold=57.750000000000007 128.50000000000003 -0.25881904510252113 0.1294095225512602 142.50000000000003 87.500000000000014 1.0000000180025095e-35 18.150000000000002 -5.4499999999999993 2.4500000000000006 0.15000000000000005 77.500000000000014 8.0625000000000018 40.500000000000007 65.500000000000014 172.50000000000003 -1.0000000180025095e-35 11.812500000000002 4.3500000000000005 3.2500000000000004 66.500000000000014 14.550000000000002 2.9729166666666673 4.6500000000000012 17.550000000000004 15.15 73.500000000000014 0.78656609248549303 7.0104166666666679 5.8375000000000004
decision_type=2 2 2 2 2 2 2 2 2 2 2 2 2 2 2 2 2 2 2 2 2 2 2 2 2 2 2 2 2 2
left_child=1 2 3 4 21 6 8 17 23 -8 11 13 16 -11 18 -16 19 -7 -15 -13 -21 -1 -5 -4 -14 26 28 -28 29 -10
right_child=-2 -3 5 22 -6 7 9 -9 25 10 -12 12 24 14 15 -17 -18 -19 -20 20 -22 -23 -24 -25 -26 -27 27 -29 -30 -31
leaf_value=-0.019451815243356735 0.26600536098759014 0.47420341795344956 0.0010495133809364178 -0.035394791377463639 0.020545384984132723 -0.0097803851669927867 -0.015988401250208249 0.030012955519375009 -0.0063692073843655099 -0.048304052191725795 0.087662567958733256 -0.097150145691612677 -0.054415707441717684 -0.045969245061885683 0.033491567678559021 -0.027719869118287159 0.021110321709454212 -0.062170795716030333 0.05413137975302796 -0.078580798069281033 0.085939209243437203 0.072059099476105504 -0.025469856804221324 0.077070430107192042 0.0025730790672260895 0.061494683195452961 0.035618070778076362 -0.017366607885991144 -0.035354472116300481 0.095280379475017093
leaf_weight=613 27 37 26 204 673 408 309 56 526 28 56 30 174 37 111 207 133 63 213 43 35 85 1165 47 54 678 236 124 153 101
leaf_count=613 27 37 26 204 673 408 309 56 526 28 56 30 174 37 111 207 133 63 213 43 35 85 1165 47 54 678 236 124 153 101
internal_value=-0.000715467 -0.000799879 -0.000880255 -0.00217439 4.37318e-05 4.15692e-05 0.000559904 -0.0032197 0.00180761 -0.00109015 1.78253e-05 -0.00054409 -0.00344681 0.00174204 0.00246046 -0.00100313 0.000413223 -0.00444915 0.00685259 -0.00513761 -0.000506329 -0.00234621 -0.00439416 0.0110811 -0.00751092 0.00142936 0.000175285 0.00409972 -0.00163892 -0.000286624
internal_weight=6652 6625 6588 2740 1371 3848 3321 527 1891 1430 1121 1065 469 596 568 318 241 471 250 108 78 698 1369 73 228 1818 1140 360 780 627
internal_count=6652 6625 6588 2740 1371 3848 3321 527 1891 1430 1121 1065 469 596 568 318 241 471 250 108 78 698 1369 73 228 1818 1140 360 780 627
is_linear=0
shrinkage=0.04


Tree=52
num_leaves=31
num_cat=0
split_feature=2 6 11 10 14 11 12 1 13 11 11 4 9 19 4 4 4 7 8 14 16 11 6 9 7 0 10 15 11 19
split_gain=7.04268 4.64544 4.35633 3.92809 5.33128 4.87198 8.75853 4.93908 4.41408 4.25391 3.94505 3.82087 3.8174 3.56704 4.01355 3.3202 4.20255 3.38031 4.06213 3.98546 3.3762 3.17709 3.02168 3.67453 2.96973 2.64654 2.87209 2.64416 2.80129 3.67449
threshold=57.750000000000007 2.1499999999999972 30.150000000000002 6.1500000000000012 235.50000000000003 1.5500000000000003 74.500000000000014 6.4500000000000011 7.5500000000000007 23.650000000000002 -7.4499999999999993 23.750000000000004 50.500000000000007 -1.0000000180025095e-35 0.65000000000000002 15.450000000000001 11.450000000000001 6.7104166666666671 4.0500000000000007 310.50000000000006 267.50000000000006 17.450000000000003 9.2583333333333329 80.500000000000014 3.1895833333333337 7.8500000000000005 1.9500000000000002 0.55000000000000016 4.8500000000000005 1.0000000180025095e-35
decision_type=2 2 2 2 2 2 2 2 2 2 2 2 2 2 2 2 2 2 2 2 2 2 2 2 2 2 2 2 2 2
left_child=1 13 3 4 5 6 -3 12 21 11 -6 -5 -7 -1 -15 16 17 18 -12 20 -19 -9 -17 -24 -16 -23 -27 28 29 -14
right_child=-2 2 -4 9 10 7 -8 8 -10 -11 15 -13 27 14 24 22 -18 19 -20 -21 -22 25 23 -25 -26 26 -28 -29 -30 -31
leaf_value=-0.0027189852591109442 0.25536514654808656 0.011714379010486411 0.054112657715819364 0.001287041689687527 0.086577367835461494 0.049789230096776937 -0.055925185799182646 -0.031171015901900943 -0.074287121236855658 0.17812329363162741 -0.0089585345738305133 -0.039670899403634934 0.045154254173263339 0.012519511690977137 -0.032680456929136882 -0.081446995894317489 0.070566783325951371 -0.033433169887727682 0.046862380296569056 -0.10412004034901606 0.020943136780766595 -0.05817672462391258 -0.044912111624795088 0.043127955265538191 -0.019748078171475482 -0.017462357744155613 0.037596583522182259 0.027267868802356574 -0.016384118764782726 -0.02501556343105113
leaf_weight=315 27 59 220 2890 28 25 133 188 159 108 192 68 87 32 233 50 133 26 235 88 87 39 25 52 161 96 110 33 685 68
leaf_count=315 27 59 220 2890 28 25 133 188 159 108 192 68 87 32 233 50 133 26 235 88 87 39 25 52 161 96 110 33 685 68
internal_value=-0.000733504 -0.00081799 -0.000441801 -0.000656664 -0.00180069 -0.00313725 -0.00911917 -0.00236083 -0.00519393 0.000313009 0.000654308 2.70362e-05 -0.000489433 -0.00380054 -0.00618267 0.000179978 0.0011811 -0.000190779 0.00182243 -0.00445545 0.000526316 -0.00308756 -0.00578125 -0.000769231 -0.00729114 -8.13008e-05 0.00173913 -0.000938215 -0.00137931 0.00346154
internal_weight=6652 6625 5884 5664 2598 1682 192 1490 592 3066 916 2958 898 741 426 888 761 628 427 201 113 433 127 77 394 245 206 873 840 155
internal_count=6652 6625 5884 5664 2598 1682 192 1490 592 3066 916 2958 898 741 426 888 761 628 427 201 113 433 127 77 394 245 206 873 840 155
is_linear=0
shrinkage=0.04


Tree=53
num_leaves=31
num_cat=0
split_feature=2 5 4 11 17 7 20 7 14 18 11 19 8 13 0 16 16 4 13 10 5 4 4 19 13 7 7 4 14 13
split_gain=7.05113 4.30493 5.20943 4.80631 4.1784 4.64159 3.94482 9.19393 4.74946 4.47317 3.90507 4.00876 5.464 5.34541 4.72832 3.8292 3.06423 3.96875 2.97711 3.41496 3.40949 2.58727 2.58015 2.56693 5.0115 4.60249 5.94286 3.97428 3.90256 5.51005
threshold=57.750000000000007 8.4500000000000011 16.950000000000003 -3.0499999999999994 0.78656609248549325 1.7562500000000003 0.81174490092936691 7.8604166666666675 338.50000000000006 -0.70710678118654757 17.250000000000004 0.6078576107927941 5.4500000000000011 8.8500000000000032 1.8500000000000003 37.500000000000007 1522.5000000000002 2.9500000000000006 9.6500000000000004 6.3500000000000005 5.4500000000000011 5.0500000000000007 7.3500000000000005 -1.0000000180025095e-35 2.0500000000000003 2.5854166666666671 7.2354166666666684 1.1500000000000001 176.50000000000003 6.7500000000000009
decision_type=2 2 2 2 2 2 2 2 2 2 2 2 2 2 2 2 2 2 2 2 2 2 2 2 2 2 2 2 2 2
left_child=1 2 4 15 10 -6 8 -8 -5 -9 23 16 14 -14 -13 -3 17 -12 19 20 -19 -18 -23 24 -1 27 -27 -25 29 -26
right_child=-2 3 -4 6 5 -7 7 9 -10 -11 11 12 13 -15 -16 -17 21 18 -20 -21 -22 22 -24 25 28 26 -28 -29 -30 -31
leaf_value=0.01124580385006695 0.2451505406861631 0.01206093921628181 -0.061779301177293099 0.003609369686792192 0.059083764577466627 0.0024585568316801698 0.093069912586988657 0.021380867924603315 0.13467411331860141 -0.049665177582440379 -0.056471052766369212 -0.024604434344782222 0.035285249615877347 -0.078969570056831695 0.07235548443120085 0.10917294164169057 0.10571477271012288 -0.0049082123725380988 0.027029847920989419 0.036403555073424951 -0.10112708438112733 -0.044706592416942248 0.024057404921776673 0.024973267608938129 -0.020289846365890405 -0.0061482159986763919 -0.039124886390027064 -0.042176807229551423 0.0015267328478388721 -0.044971043284919833
leaf_weight=353 27 37 90 1578 36 764 41 76 64 212 58 25 87 25 110 45 37 134 68 45 102 34 139 46 389 1091 221 191 397 130
leaf_count=353 27 37 90 1578 36 764 41 76 64 212 58 25 87 25 110 45 37 134 68 45 102 34 139 46 389 1091 221 191 397 130
internal_value=-0.000745528 -0.000830063 -0.00151323 0.000691334 -0.00132054 0.00129838 0.000294118 -0.00369697 0.00109556 -0.00622837 -0.00188976 0.000462428 0.00475806 -0.00176991 0.0101471 0.0101205 -0.00126214 -0.00328431 -0.00165714 -0.00347518 -0.00540084 0.00265403 0.000574713 -0.00261085 -0.00127559 -0.00370323 -0.00277228 -0.00882353 -0.00283533 -0.00511538
internal_weight=6652 6625 4572 2053 4482 800 1971 329 1642 288 3682 864 247 112 135 82 617 407 349 281 236 210 173 2818 1269 1549 1312 237 916 519
internal_count=6652 6625 4572 2053 4482 800 1971 329 1642 288 3682 864 247 112 135 82 617 407 349 281 236 210 173 2818 1269 1549 1312 237 916 519
is_linear=0
shrinkage=0.04


Tree=54
num_leaves=31
num_cat=0
split_feature=2 6 20 12 3 19 5 10 9 19 5 12 12 5 2 12 16 3 12 6 2 5 0 3 3 19 8 3 15 2
split_gain=7.03001 4.37019 3.78617 3.94772 5.64296 7.21677 5.57279 4.34764 3.88774 7.21664 4.54377 4.78443 5.16515 5.59612 4.36004 3.86438 4.27821 3.75101 3.68599 3.62023 5.76997 4.58133 6.76056 3.51634 4.37684 3.45739 3.5975 3.3779 3.37267 3.22741
threshold=57.750000000000007 2.1499999999999972 1.0000000180025095e-35 83.500000000000014 10.050000000000002 -0.60785761079279388 1.8500000000000003 0.45000000000000007 68.500000000000014 0.6078576107927941 1.3500000000000003 88.500000000000014 65.500000000000014 4.2500000000000009 3.3500000000000001 43.500000000000007 122.50000000000001 3.6500000000000008 81.500000000000014 12.275 5.9500000000000011 17.150000000000002 18.050000000000004 2.0500000000000003 0.95000000000000007 0.87837969732492682 4.0500000000000007 17.850000000000005 0.35000000000000003 2.6500000000000008
decision_type=2 2 2 2 2 2 2 2 2 2 2 2 2 2 2 2 2 2 2 2 2 2 2 2 2 2 2 2 2 2
left_child=1 -1 3 7 6 -6 -5 -3 9 10 -4 12 -12 14 -14 -11 17 -17 -16 20 23 27 -23 24 -9 26 -25 -21 -8 -28
right_child=-2 2 8 4 5 -7 28 19 -10 15 11 -13 13 -15 18 16 -18 -19 -20 21 -22 22 -24 25 -26 -27 29 -29 -30 -31
leaf_value=-0.015194840984149955 0.23534451905871656 -0.04584587551229042 0.094134205683624336 -0.048480675351796836 0.018610601393483535 -0.05648896859966502 -0.00044213361969582367 0.017414516019048757 -0.018981278934613002 0.069373875931402026 -0.02048442714339405 -0.056213283318136326 0.019700238437820729 0.027218089573896976 -0.006713528580134796 -0.0062238061345777848 -0.01342473454413259 0.10003163580655326 -0.073769086595120825 0.12791594918623311 -0.0085332229609305799 -0.16262595151270373 0.20737590497002811 -0.0078175650290535255 -0.034315799225246267 0.042774516900188221 -0.015686470911772547 0.016584533406388893 0.022986254539844424 0.071020458555780833
leaf_weight=741 27 92 25 66 43 94 485 38 1347 36 246 96 34 349 56 65 60 167 54 187 970 32 50 303 132 259 72 72 57 397
leaf_count=741 27 92 25 66 43 94 485 38 1347 36 246 96 34 349 56 65 60 167 54 187 970 32 50 303 132 259 72 72 57 397
internal_value=-0.000715467 -0.000799879 -0.000435004 0.000447761 -0.00211796 -0.00942029 -0.00045977 0.00118234 -0.00160095 6.72834e-05 -0.0018583 -0.00236842 -0.00127027 0.00109312 -0.00551724 0.00510638 0.00354949 0.00600858 -0.00936937 0.00149622 0.000893186 0.00532164 -0.00289157 0.00274542 -0.0025731 0.00362403 0.00227684 0.00792308 0.000883978 0.00446809
internal_weight=6652 6625 5884 3349 745 137 608 2604 2535 1188 860 835 739 493 144 328 292 232 110 2512 2171 341 82 1201 170 1031 772 259 542 469
internal_count=6652 6625 5884 3349 745 137 608 2604 2535 1188 860 835 739 493 144 328 292 232 110 2512 2171 341 82 1201 170 1031 772 259 542 469
is_linear=0
shrinkage=0.04


Tree=55
num_leaves=31
num_cat=0
split_feature=1 18 17 11 3 12 4 11 7 6 11 8 14 17 11 20 7 16 10 14 15 3 2 4 4 4 16 4 3 0
split_gain=4.57877 4.10069 5.12838 3.88542 3.87308 4.43182 4.2357 4.36111 6.58778 5.19757 4.66527 4.47732 3.32743 2.96919 2.90881 5.52781 10.6708 2.86111 2.63656 3.2853 2.37933 2.88442 2.56373 2.92205 2.41429 4.98869 2.32879 2.28787 3.53997 2.99472
threshold=54.050000000000004 0.60355339059327384 -1.0000000180025095e-35 30.650000000000002 2.0500000000000003 83.500000000000014 0.95000000000000007 11.450000000000001 11.289583333333335 8.3583333333333325 14.550000000000002 10.750000000000002 169.50000000000003 0.78656609248549325 -4.7499999999999991 1.0000000180025095e-35 8.5687500000000032 77.500000000000014 6.0500000000000007 134.50000000000003 0.15000000000000005 5.5500000000000007 20.450000000000003 23.000000000000004 22.450000000000003 39.250000000000007 47.500000000000007 16.650000000000002 3.9500000000000006 14.850000000000003
decision_type=2 2 2 2 2 2 2 2 2 2 2 2 2 2 2 2 2 2 2 2 2 2 2 2 2 2 2 2 2 2
left_child=1 4 -3 27 -1 14 -7 8 11 -9 -11 17 13 -13 15 26 -17 18 19 -8 22 -22 23 -16 -24 -26 -6 28 -4 -29
right_child=-2 2 3 -5 5 6 7 9 -10 10 -12 12 -14 -15 20 16 -18 -19 -20 -21 21 -23 24 -25 25 -27 -28 29 -30 -31
leaf_value=-0.0099112654132143159 0.19346647239319695 -0.02787792854233654 -0.01363179649478246 0.060875082536248223 0.043739702471021859 0.035049055038868564 0.0034366714622991348 0.15112118076444259 -0.067083230410547423 0.083173316250549092 -0.017854972336821789 -0.059129991897837665 0.083563432821013348 0.034015176836681961 0.0028200602412739163 -0.083362877119008055 0.049001293742808975 0.025008759903698809 -0.010097231439059441 -0.050302622925278373 0.086118671324454471 0.0010983860051828388 0.15464611616184676 -0.060804566756484012 -0.1042773617843617 0.27007243899788075 0.088785424730190562 -0.070249545757864823 0.0065188158689138123 0.026132998047144796
leaf_weight=515 25 817 523 90 25 40 39 42 62 32 57 28 58 26 2678 42 31 80 479 101 60 58 69 36 29 27 66 56 419 25
leaf_count=515 25 817 523 90 25 40 39 42 62 32 57 28 58 26 2678 42 31 80 479 101 60 58 69 36 29 27 66 56 419 25
internal_value=-0.000599759 -0.000665557 -0.00221647 -0.000448833 -2.56355e-05 0.000379261 -0.0018756 -0.00238806 -0.00340961 0.00439394 -0.00111111 -0.00243842 0.00495575 -0.00218182 0.00113389 0.00630303 -0.00189189 -0.00362857 -0.00454839 -0.0093617 0.000845166 0.00638655 0.000612676 0.000353591 0.00619048 0 0.0128261 -0.00115234 -0.000593849 -0.00756098
internal_weight=6635 6610 1930 1113 4680 4165 1044 1004 873 131 89 811 112 54 3121 164 73 699 619 140 2957 118 2839 2714 125 56 91 1023 942 81
internal_count=6635 6610 1930 1113 4680 4165 1044 1004 873 131 89 811 112 54 3121 164 73 699 619 140 2957 118 2839 2714 125 56 91 1023 942 81
is_linear=0
shrinkage=0.04


Tree=56
num_leaves=31
num_cat=0
split_feature=1 18 3 17 7 7 11 3 15 11 11 7 7 19 18 20 9 7 11 9 11 16 11 9 0 7 4 0 10 3
split_gain=4.54593 3.72992 3.8578 3.79925 3.75699 3.58169 6.07095 4.28443 4.94559 4.32601 6.34097 8.93711 8.07124 3.68932 3.66278 3.50648 3.4829 3.78461 3.06152 3.03292 3.02073 3.17009 4.07809 4.06582 2.98396 2.97448 3.10348 2.94697 3.01849 3.47115
threshold=54.050000000000004 0.78656609248549303 2.0500000000000003 -1.0000000180025095e-35 1.8437500000000002 2.5854166666666671 -0.84999999999999998 5.2500000000000009 1.0000000180025095e-35 11.050000000000002 -0.6499999999999998 11.69791666666667 7.3729166666666677 0.87837969732492682 -0.70710678118654757 -0.56174490092936669 57.500000000000007 5.4229166666666675 2.2500000000000004 119.50000000000001 5.4500000000000011 682.50000000000011 -1.3499999999999999 70.500000000000014 2.4500000000000006 6.2645833333333334 10.250000000000002 15.750000000000002 4.1500000000000012 6.3500000000000005
decision_type=2 2 2 2 2 2 2 2 2 2 2 2 2 2 2 2 2 2 2 2 2 2 2 2 2 2 2 2 2 2
left_child=1 2 -1 -3 -4 6 -6 8 13 10 12 27 15 20 -11 -9 -17 -18 -10 -16 21 22 23 -7 -8 -22 -27 28 -12 -30
right_child=-2 3 4 -5 5 7 24 9 18 14 11 -13 -14 -15 19 16 17 -19 -20 -21 25 -23 -24 -25 -26 26 -28 -29 29 -31
leaf_value=-0.011191066790868157 0.18572781349746906 -0.032063929280888886 0.065490214709351693 -0.0046627678974595459 -0.050174767446938939 0.0019951952374401573 -0.041285990966301055 0.040295389262594877 -0.0037624311297111924 0.05346550440009628 -0.043774269370505971 -0.062302576664994745 0.057724347152197417 0.061671078709555016 -0.0030890178577460503 0.019509515212887258 -0.00078708973452121353 -0.061288885716623442 0.073406534237261817 0.1339839525209964 -0.01572984634385257 0.075259417976900098 0.018923394871110517 -0.046038193381145155 0.017710530547161988 0.052183917359007313 -0.03117632216376192 -0.066055684852113744 -0.01404985857092857 0.00054548479300649429
leaf_weight=626 25 539 33 834 56 85 54 44 46 486 138 80 108 167 1052 39 50 63 147 39 415 25 379 49 68 94 25 41 199 629
leaf_count=626 25 539 33 834 56 85 54 44 46 486 138 80 108 167 1052 39 50 63 147 39 415 25 379 49 68 94 25 41 199 629
internal_value=-0.000539482 -0.000605052 -0.000118366 -0.00245997 0.000281873 0.000183446 -0.00536313 0.000408998 0.00220516 -0.000458067 -0.00208333 -0.00351103 0.00301639 0.00127419 0.000975919 -0.00182741 -0.00470588 -0.00824561 0.00814433 -0.000311355 0.000410065 0.00252319 0.00182879 -0.00414815 -0.000325203 -0.00171963 0.00383333 -0.00248016 -0.00202689 -0.00110977
internal_weight=6635 6610 5237 1373 4611 4578 178 4400 1432 2968 1391 1087 304 1239 1577 196 152 113 193 1091 1072 538 513 134 122 534 119 1007 966 828
internal_count=6635 6610 5237 1373 4611 4578 178 4400 1432 2968 1391 1087 304 1239 1577 196 152 113 193 1091 1072 538 513 134 122 534 119 1007 966 828
is_linear=0
shrinkage=0.04


Tree=57
num_leaves=31
num_cat=0
split_feature=8 5 9 6 18 20 7 12 12 2 11 16 9 18 15 3 8 7 14 13 8 5 5 3 12 14 16 14 8 17
split_gain=4.54265 3.90625 4.97094 5.3606 4.69163 4.00495 3.77438 4.42997 3.32472 3.20352 2.85196 7.32302 4.2792 3.50824 2.9821 6.9948 2.78005 6.28513 3.31079 4.29247 2.88065 2.86216 2.85425 6.99588 2.89054 2.78485 2.63194 2.60746 2.57693 3.76584
threshold=57.150000000000006 2.1500000000000008 84.500000000000014 3.7999999999999967 0.60355339059327384 -0.22252093395631442 1.8437500000000002 81.500000000000014 90.500000000000014 5.9500000000000011 -5.0499999999999989 37.500000000000007 74.500000000000014 -0.60355339059327384 0.15000000000000005 5.6500000000000012 7.3500000000000005 9.8270833333333361 195.50000000000003 7.6500000000000012 8.0500000000000025 17.850000000000005 11.050000000000002 15.550000000000002 26.500000000000004 351.50000000000006 462.50000000000006 25.500000000000004 8.6500000000000004 -1.0000000180025095e-35
decision_type=2 2 2 2 2 2 2 2 2 2 2 2 2 2 2 2 2 2 2 2 2 2 2 2 2 2 2 2 2 2
left_child=1 2 3 6 5 -4 7 -1 10 -5 11 13 -13 -3 16 -16 17 21 19 20 -18 25 23 24 -20 27 -17 -12 -11 -30
right_child=-2 8 4 9 -6 -7 -8 -9 -10 28 14 12 -14 -15 15 26 18 -19 22 -21 -22 -23 -24 -25 -26 -27 -28 -29 29 -31
leaf_value=-0.054272145696082498 0.17829870095757031 -0.05370353484399628 0.16097128129745339 0.02990500380309884 -0.01755853943976007 0.00038262938744011878 -0.034226090902721155 0.037200393986872415 -0.017479768541566684 -0.064298322368059629 -0.030069565545135166 0.071825853903302858 -0.012765795835801974 0.0075281845976882169 0.072935736087504657 -0.026505926545896851 0.029252975603976203 -0.035400286114693341 0.13995331184455323 -0.043309363202457159 -0.0022312470005422112 -0.086853981363045368 0.077357503261997418 -0.08003491459393422 0.0065052592084779452 -0.039993687331680051 0.025351550763315078 -0.00057780140658016067 0.10261935563336622 -0.072167037323244657
leaf_weight=29 25 60 50 103 155 44 416 30 294 57 112 105 27 43 162 108 149 158 64 179 1253 30 288 68 397 49 36 2094 25 25
leaf_count=29 25 60 50 103 155 44 416 30 294 57 112 105 27 43 162 108 149 158 64 179 1253 30 288 68 397 49 36 2094 25 25
internal_value=-0.000533454 -0.000599002 -0.00299465 -0.00475219 0.00184 0.00884211 -0.00710084 0.00233333 -0.000204333 0.00056872 2.22924e-05 0.00432203 0.0105263 -0.00365385 -0.000174825 0.00364821 -0.000417183 -0.00136661 0.000550229 -0.000518331 0.000228083 -0.000831146 0.00261614 0.000867925 0.00264069 -0.000664894 -0.00275862 -0.000453104 -0.00425926 0.00235294
internal_weight=6635 6610 934 685 249 94 475 59 5676 210 5382 235 132 103 5147 306 4841 2443 2398 1581 1402 2285 817 529 461 2255 144 2206 107 50
internal_count=6635 6610 934 685 249 94 475 59 5676 210 5382 235 132 103 5147 306 4841 2443 2398 1581 1402 2285 817 529 461 2255 144 2206 107 50
is_linear=0
shrinkage=0.04


Tree=58
num_leaves=31
num_cat=0
split_feature=8 18 17 3 12 11 17 10 19 9 11 6 6 11 8 10 11 11 3 11 4 9 11 14 14 16 16 12 5 11
split_gain=4.53282 3.48737 3.41094 3.08488 3.27415 3.88262 4.98237 4.32532 4.68753 4.01965 3.51749 4.80994 3.20446 3.14279 3.24012 3.12198 3.42621 2.56424 2.56156 3.24553 2.55846 2.50474 5.71769 4.33134 5.58198 3.61221 2.94751 2.927 3.55087 2.90386
threshold=57.150000000000006 0.78656609248549303 -1.0000000180025095e-35 2.0500000000000003 83.500000000000014 1.8500000000000003 0.37940952255126054 6.0500000000000007 -1.0000000180025095e-35 54.500000000000007 11.450000000000001 9.7083333333333339 2.8333333333333299 5.4500000000000011 6.0500000000000007 9.4500000000000011 3.4500000000000006 11.050000000000002 4.6500000000000012 30.350000000000005 16.250000000000004 64.500000000000014 -0.94999999999999984 211.50000000000003 167.50000000000003 47.500000000000007 67.500000000000014 68.500000000000014 5.1500000000000012 -7.4499999999999993
decision_type=2 2 2 2 2 2 2 2 2 2 2 2 2 2 2 2 2 2 2 2 2 2 2 2 2 2 2 2 2 2
left_child=1 3 -3 -1 21 7 10 12 -9 -10 11 15 -6 -8 -15 16 -7 -16 -4 20 -20 22 -5 24 26 27 -23 28 -26 -25
right_child=-2 2 18 4 5 6 13 8 9 -11 -12 -13 -14 14 17 -17 -18 -19 19 -21 -22 23 -24 29 25 -27 -28 -29 -30 -31
leaf_value=-0.010885806745333397 0.17116675291926753 -0.030541154561443379 -0.013750457008862824 0.050714351841881465 -0.030226438720404279 0.048675579598242751 0.03448478130205665 -0.046361647211455796 0.079918936696469919 -0.015504818051227805 0.091106760280497204 -0.061340166052141272 -0.051754655679224326 0.038333714323443929 -0.046362882876732722 -0.074854864529447035 -0.035840932143663976 -0.00090123022755339121 0.0076874132892561777 0.17057282047220385 -0.06129727521501014 0.028202134052595317 0.010717616044946645 0.068963777694491107 0.10624667288395574 -0.011203462649168472 -0.0035519282125249774 -0.053268349519324694 -0.019160167068662377 0.017380936865385905
leaf_weight=626 25 539 474 105 35 83 206 133 75 108 72 59 56 26 28 42 115 53 250 42 66 196 1207 31 25 308 726 140 107 677
leaf_count=626 25 539 474 105 35 83 206 133 75 108 72 59 56 26 28 42 115 53 250 42 66 196 1207 31 25 308 726 140 107 677
internal_value=-0.000515371 -0.00058085 -0.00237609 -0.000110687 0.000247074 -0.00166667 0.000175182 -0.0047549 -0.00252366 0.00163043 -0.00295699 -0.00486667 -0.0123913 0.00388535 -0.00166667 -0.00232365 -0.000201005 -0.00560976 -0.000768307 0.00178273 0.000378549 0.000840193 0.00222391 1.80914e-05 -0.0011976 -0.0042685 0.000736728 -0.00761905 -0.00330827 0.0025952
internal_weight=6635 6610 1371 5239 4613 1091 684 407 316 183 371 299 91 313 107 240 198 81 832 358 316 3522 1312 2210 1502 580 922 272 132 708
internal_count=6635 6610 1371 5239 4613 1091 684 407 316 183 371 299 91 313 107 240 198 81 832 358 316 3522 1312 2210 1502 580 922 272 132 708
is_linear=0
shrinkage=0.04


Tree=59
num_leaves=31
num_cat=0
split_feature=8 18 17 11 2 17 11 12 3 4 11 18 4 2 11 11 19 8 16 9 16 20 12 11 19 19 2 12 19 8
split_gain=4.53609 3.13352 3.2458 2.90205 5.46191 4.95552 7.61148 4.1274 5.32916 5.18471 4.56241 4.10009 3.99831 3.85522 3.8228 4.75953 4.9789 4.83509 4.22828 3.97174 3.79907 3.17023 5.55154 2.89215 4.22056 3.61701 2.88095 5.60691 5.55082 4.53833
threshold=57.150000000000006 0.78656609248549303 -1.0000000180025095e-35 11.950000000000001 16.350000000000005 0.78656609248549325 8.1500000000000004 67.500000000000014 2.0500000000000003 6.8500000000000005 5.4500000000000011 -0.5 0.8500000000000002 14.250000000000002 4.3500000000000005 2.4500000000000006 1.0000000180025095e-35 10.250000000000002 412.50000000000006 60.500000000000007 627.50000000000011 1.0000000180025095e-35 53.500000000000007 23.450000000000003 1.0000000180025095e-35 -1.0000000180025095e-35 8.4500000000000011 62.500000000000007 0.6078576107927941 12.15
decision_type=2 2 2 2 2 2 2 2 2 2 2 2 2 2 2 2 2 2 2 2 2 2 2 2 2 2 2 2 2 2
left_child=1 3 -3 4 5 7 12 8 10 21 -1 26 -7 14 15 -9 17 19 -16 -17 -11 -10 -23 25 -25 -13 27 28 -5 -28
right_child=-2 2 -4 11 -6 6 -8 13 9 20 -12 23 -14 -15 18 16 -18 -19 -20 -21 -22 22 -24 24 -26 -27 29 -29 -30 -31
leaf_value=-0.050008909669288802 0.16432008280249691 -0.029319508378985636 -0.004588497303690868 -0.076742565963461878 -0.062183012332274766 0.076684678148192312 -0.01364380651838804 -0.014358253342955951 0.055631871273563366 0.010970178484228281 -0.0013907260042957858 0.0065453736416937148 0.010280963078345416 0.033460653064141893 -0.03364626682692759 0.0090518455029878729 -0.019950054505840829 -0.044366041200448784 0.056840415658294285 0.090593909626692698 -0.047275611508841367 0.07608550785814451 -0.014476084545352316 -0.0079908935696520796 0.066252951757393874 -0.015584242266427389 -0.016562518786785461 0.13170129169941103 0.064716287247277043 0.057241459470243332
leaf_weight=42 25 539 832 94 76 28 93 842 161 116 66 362 708 37 423 68 145 29 37 107 59 45 75 271 236 436 147 143 68 325
leaf_count=42 25 539 832 94 76 28 93 842 161 116 66 362 708 37 423 68 145 29 37 107 59 45 75 271 236 436 147 143 68 325
internal_value=-0.000521398 -0.000586901 -0.00228863 -0.000141221 -0.000905636 -0.00064244 0.002 -0.00161562 0.00134513 0.00323851 -0.0066055 0.00101776 0.00336499 -0.00260509 -0.00289346 -0.00169463 0.00222857 0.0062439 -0.00598698 0.00875 -0.00215909 0.00659574 0.00165289 -0.000352221 0.00200787 -0.00185232 0.0033162 0.00633987 0.00122699 0.00135307
internal_weight=6635 6610 1371 5239 3157 3081 829 2252 564 456 108 2082 736 1688 1651 1191 349 204 460 175 175 281 120 1305 507 798 777 305 162 472
internal_count=6635 6610 1371 5239 3157 3081 829 2252 564 456 108 2082 736 1688 1651 1191 349 204 460 175 175 281 120 1305 507 798 777 305 162 472
is_linear=0
shrinkage=0.04


Tree=60
num_leaves=31
num_cat=0
split_feature=1 14 13 12 12 14 4 17 19 4 15 13 18 7 0 4 1 16 20 14 18 7 8 0 7 10 11 12 19 12
split_gain=5.35946 2.94432 6.17198 3.54864 2.76283 2.76095 2.62668 3.29008 4.43573 3.1617 3.03436 2.62721 2.60999 2.42748 2.38293 3.84288 3.79288 3.24822 3.73677 3.14974 3.29709 2.89269 2.80819 2.51112 2.42831 2.55411 2.44419 2.37325 3.07128 2.36657
threshold=57.750000000000007 148.50000000000003 7.6500000000000012 41.500000000000007 90.500000000000014 358.50000000000006 3.9500000000000006 -0.25881904510252113 -0.60785761079279388 2.4500000000000006 1.0000000180025095e-35 2.7500000000000004 0.60355339059327384 12.139583333333336 19.050000000000004 16.950000000000003 9.2500000000000018 52.500000000000007 -0.56174490092936669 270.50000000000006 0.1294095225512602 1.8437500000000002 9.3500000000000032 1.9500000000000002 12.139583333333336 13.65 22.150000000000002 39.500000000000007 0.6078576107927941 81.500000000000014
decision_type=2 2 2 2 2 2 2 2 2 2 2 2 2 2 2 2 2 2 2 2 2 2 2 2 2 2 2 2 2 2
left_child=1 2 4 -4 6 14 9 -8 -9 -1 11 12 -11 27 15 19 -17 -16 -19 21 -21 29 -22 -23 26 -26 -25 -10 -29 -3
right_child=-2 5 3 -5 -6 -7 7 8 13 10 -12 -13 -14 -15 17 16 -18 18 -20 20 22 23 -24 24 25 -27 -28 28 -30 -31
leaf_value=0.0023277238755721186 0.22894034360963489 0.0076657409878390405 -0.015283516259793446 -0.042242022229591218 -0.02690806215582036 -0.042215536702627343 -0.0056145790995124935 -0.012151160653094149 0.20715754753628221 0.0054332368491325413 0.060463875687896657 -0.039923565403572996 -0.049736688926999693 -0.01993923008637637 0.10330671021124604 -0.070362111599003074 -0.0077947093790932346 0.49007577344144199 -0.076745127168606292 0.044803499649659816 -0.0068221131426817651 -0.01523868359239545 0.092146471975708549 -0.0015356532162970459 -0.042603668525220136 0.072120830680397138 0.023396727938344047 0.036577217950140802 -0.0055182073426151756 0.031857956206123375
leaf_weight=215 25 83 114 216 103 62 757 120 42 71 31 120 29 39 84 70 98 28 57 403 436 317 104 2318 150 35 268 119 58 33
leaf_count=215 25 83 114 216 103 62 757 120 42 71 31 120 29 39 84 70 98 28 57 403 436 317 104 2318 150 35 268 119 58 33
internal_value=-0.00043294 -0.000504483 -0.00176904 -0.00676737 -0.000797654 6.15791e-05 -0.000387016 0.000651408 0.00369393 -0.00291221 -0.00595238 -0.00760181 -0.00277228 0.00664093 0.000178372 -4.63392e-06 -0.00591716 0.00482353 -0.000697674 0.000236258 0.00226695 -0.000361934 0.000221811 -0.000595662 -0.000209235 -0.00462366 0.000108233 0.00827273 0.00617978 0.00581197
internal_weight=6605 6580 2034 330 1704 4546 1601 1135 378 466 251 220 100 258 4484 4315 168 169 85 4147 943 3204 540 3088 2771 185 2586 219 177 116
internal_count=6605 6580 2034 330 1704 4546 1601 1135 378 466 251 220 100 258 4484 4315 168 169 85 4147 943 3204 540 3088 2771 185 2586 219 177 116
is_linear=0
shrinkage=0.04


Tree=61
num_leaves=31
num_cat=0
split_feature=1 5 11 11 5 4 14 17 12 9 4 3 7 0 2 14 5 2 2 4 14 18 7 11 11 7 4 11 1 2
split_gain=5.36662 3.41573 7.51754 4.59953 7.58754 4.57808 5.6727 3.62931 3.18322 2.71495 4.07993 4.96638 2.59056 5.16744 3.74812 3.10484 3.02625 2.92526 3.23361 2.83876 2.43726 3.16202 2.82537 5.05269 4.39617 3.55711 3.40452 2.89536 3.11469 3.10428
threshold=57.750000000000007 10.950000000000001 -3.0499999999999994 9.9500000000000011 14.65 16.250000000000004 53.500000000000007 0.60355339059327384 67.500000000000014 81.500000000000014 2.4500000000000006 3.2500000000000004 10.056250000000002 10.850000000000003 8.4500000000000011 339.50000000000006 15.15 33.050000000000004 20.850000000000005 6.2500000000000009 270.50000000000006 0.1294095225512602 8.5687500000000032 20.450000000000003 -0.34999999999999992 9.5479166666666675 12.15 -5.4499999999999993 3.2500000000000004 5.9500000000000011
decision_type=2 2 2 2 2 2 2 2 2 2 2 2 2 2 2 2 2 2 2 2 2 2 2 2 2 2 2 2 2 2
left_child=1 5 -3 4 -4 7 -7 20 -8 -9 -11 -12 14 -14 19 17 -16 18 -15 -5 22 -22 26 24 -24 -25 27 -1 -29 -30
right_child=-2 2 3 12 -6 6 8 9 -10 10 11 -13 13 15 16 -17 -18 -19 -20 -21 21 -23 23 25 -26 -27 -28 28 29 -31
leaf_value=-0.033331549161307983 0.21978272986524944 0.098448993164749518 0.0045341720565883394 0.049328860055704381 -0.054557126333056073 0.048868513795077395 -0.039101427673489154 0.00044461713051376252 -0.053324438189424797 0.16692543154302208 -0.042119316852919052 0.038969894392400624 -0.020500852235570976 0.0060350765120732678 0.060426580154535475 0.19332897375025412 -0.04113712897153473 -0.073671916046002969 0.10855752550885306 0.17028314830578217 0.037192658996211866 -0.0081498927164672524 0.023889151061596135 -0.025559599924299833 -0.047554040303747096 0.10157143577918643 0.041267975561722105 -0.012384795849760445 0.0093512053578551323 -0.014683552841393919
leaf_weight=94 25 60 175 72 102 27 99 1233 48 36 54 109 187 306 61 33 26 56 75 64 274 457 28 39 255 93 33 1084 674 726
leaf_count=94 25 60 175 72 102 27 99 1233 48 36 54 109 187 306 61 33 26 56 75 64 274 457 28 39 255 93 33 1084 674 726
internal_value=-0.00044505 -0.000516639 0.00139573 0.000673575 -0.00381295 -0.000950783 -0.00731429 -0.000736031 -0.0104054 0.000976971 0.0053 0.00256098 0.00208854 0.000820669 0.00580357 0.00305732 -0.000681818 0.00214612 0.00340314 0.00992701 -0.00138904 0.00068306 -0.00188966 -0.00495192 -0.00795775 0.00150376 -0.00140123 -0.0015665 -0.00130382 -5.71021e-05
internal_weight=6605 6580 1217 1157 277 5363 174 5189 147 1432 199 163 880 657 223 470 87 437 381 136 3757 731 3026 415 283 132 2611 2578 2484 1400
internal_count=6605 6580 1217 1157 277 5363 174 5189 147 1432 199 163 880 657 223 470 87 437 381 136 3757 731 3026 415 283 132 2611 2578 2484 1400
is_linear=0
shrinkage=0.04


Tree=62
num_leaves=31
num_cat=0
split_feature=2 9 2 5 11 6 5 9 11 7 11 11 19 3 0 11 7 19 10 5 14 9 4 20 13 16 14 14 5 19
split_gain=5.34873 3.18039 2.79793 3.48569 6.69393 4.80865 5.40257 4.65833 5.33363 4.02293 4.42274 5.19481 4.61046 5.34486 5.72262 3.63432 7.51988 3.49566 4.20165 3.48177 3.27281 3.37103 3.14328 3.10715 3.10014 3.0291 3.00375 2.92984 2.72453 2.68899
threshold=55.350000000000009 128.50000000000003 32.500000000000007 10.950000000000001 -3.0499999999999994 20.050000000000001 14.15 86.500000000000014 11.050000000000002 8.5687500000000032 18.650000000000002 0.55000000000000016 1.0000000180025095e-35 16.550000000000004 6.0500000000000007 27.150000000000002 12.722916666666668 -0.8783796973249266 11.050000000000002 7.8500000000000005 259.50000000000006 57.500000000000007 12.15 -0.56174490092936669 6.3500000000000005 47.500000000000007 25.500000000000004 359.50000000000006 10.750000000000002 -0.60785761079279388
decision_type=2 2 2 2 2 2 2 2 2 2 2 2 2 2 2 2 2 2 2 2 2 2 2 2 2 2 2 2 2 2
left_child=1 2 3 9 -5 6 17 8 -8 22 11 -11 15 14 -14 16 19 -6 -19 -12 21 25 26 -4 -22 -13 -1 28 -28 -10
right_child=-2 -3 23 4 5 -7 7 -9 29 10 12 20 13 -15 -16 -17 -18 18 -20 -21 24 -23 -24 -25 -26 -27 27 -29 -30 -31
leaf_value=-0.029881399889277207 0.26072747183295791 0.21131463359279251 0.187046635792051 0.094511033438159517 0.1487869338451116 0.087173795765698406 -0.047517256038344106 0.01114732884489328 0.041799092082861124 0.024678029429670012 0.0065821832079785737 0.029287724216997671 -0.056207759222531274 -0.043079071726552627 0.15633873360761386 -0.056516980330604268 0.050566877945991177 -0.0022815140098398955 0.09037353758028506 -0.048572688002051709 -0.028310752320184554 -0.052573730292772618 0.039617256539253208 -0.082684392184334182 0.059304652529412041 -0.042489821291272989 -0.00039956414601700631 -0.041279660757056753 -0.070552880875542998 -0.018728855545955908
leaf_weight=199 25 37 30 60 76 87 115 97 92 63 77 54 27 25 104 73 45 313 87 68 36 258 45 40 25 43 4112 46 25 221
leaf_count=199 25 37 30 60 76 87 115 97 92 63 77 54 27 25 104 73 45 313 87 68 36 258 45 40 25 43 4112 46 25 221
internal_value=-0.000414774 -0.000486248 -0.000553178 -0.000466481 0.00153177 0.000808081 1.99601e-05 -0.00277567 -0.00456876 -0.000897484 -0.00333704 -0.00595833 -0.000333333 0.00509554 0.00833333 -0.00356061 -0.000628272 0.00310273 0.00159601 -0.00506849 -0.00757794 -0.00904494 -0.000401987 -0.0084507 0.000967742 -0.00265306 -0.000511065 -0.000282027 -0.000169164 -0.00184713
internal_weight=6605 6580 6543 6473 1148 1088 1001 525 428 5325 898 479 419 156 131 263 190 476 400 145 416 355 4427 70 61 97 4382 4183 4137 313
internal_count=6605 6580 6543 6473 1148 1088 1001 525 428 5325 898 479 419 156 131 263 190 476 400 145 416 355 4427 70 61 97 4382 4183 4137 313
is_linear=0
shrinkage=0.04


Tree=63
num_leaves=31
num_cat=0
split_feature=2 9 14 13 5 2 1 15 17 12 14 12 17 5 11 5 8 7 4 5 7 8 7 5 5 11 11 20 8 2
split_gain=4.49806 2.77167 2.91389 6.20133 3.04462 5.55864 4.10027 3.23777 2.90951 2.84374 2.60846 2.42393 2.44143 2.56723 3.87551 3.28969 2.51737 2.39208 2.35831 4.12886 3.47311 2.54592 2.49244 2.4291 4.5988 3.7729 3.51057 4.14728 3.97216 2.90566
threshold=55.350000000000009 120.50000000000001 148.50000000000003 7.6500000000000012 1.8500000000000003 3.9500000000000006 7.1500000000000012 0.25000000000000006 -0.5 41.500000000000007 358.50000000000006 89.500000000000014 -0.25881904510252113 9.1500000000000004 4.9500000000000011 4.1500000000000012 14.050000000000002 13.202083333333333 16.950000000000003 13.550000000000002 15.69375 14.850000000000003 19.902083333333334 16.150000000000002 10.950000000000001 -0.74999999999999989 2.8500000000000001 1.0000000180025095e-35 17.550000000000004 5.7500000000000009
decision_type=2 2 2 2 2 2 2 2 2 2 2 2 2 2 2 2 2 2 2 2 2 2 2 2 2 2 2 2 2 2
left_child=1 2 3 4 5 -1 7 -6 -7 -5 18 12 17 15 -15 -14 -17 -8 20 -20 23 -21 -23 24 -4 -26 -27 -28 29 -29
right_child=-2 -3 10 9 6 8 11 -9 -10 -11 -12 -13 13 14 -16 16 -18 -19 19 21 -22 22 -24 -25 25 26 27 28 -30 -31
leaf_value=-0.029003590502627779 0.25029837295963958 0.046836757054080601 -0.00060159604368706713 -0.016592451483651561 0.0033473251255769299 0.053673378909954939 -0.031056152834786417 0.047608032501955125 -0.015487463314624712 -0.040452841273882996 -0.040189027398612506 -0.045567968154926225 -0.044673901484612054 -0.033785481578746578 0.0034636857517483933 0.10737770602728289 -0.026532040511774328 0.0062988461260619034 -0.06417984003743081 -0.021442008309968674 0.19200692793175328 0.35273281643884014 0.00070838492961115666 -0.022685201341750911 0.072923373240561487 -0.013642781086599562 0.087934356714236939 -0.0083904358987248705 -0.071768736537735925 0.046381437119730362
leaf_weight=122 25 82 3505 104 767 39 243 68 29 216 59 62 46 27 72 74 25 85 113 52 57 25 43 193 51 50 191 46 28 106
leaf_count=122 25 82 3505 104 767 39 243 68 29 216 59 62 46 27 72 74 25 85 113 52 57 25 43 193 51 50 191 46 28 106
internal_value=-0.000451105 -0.000516639 -0.000609325 -0.00188889 -0.000903614 -0.00565445 -0.000285714 0.00155502 0.00347826 -0.00697819 -4.86726e-05 -0.00270866 -0.00188482 0.00114286 -0.0038 0.00452055 0.0086 -0.00413374 6.27662e-05 -0.00384615 0.000279092 0.00132231 0.00637681 0.00014385 0.000356963 0.0040592 0.00279621 0.00413978 -0.000220994 0.00235294
internal_weight=6605 6580 6498 1979 1659 190 1469 835 68 320 4519 634 572 244 99 145 99 328 4460 233 4227 120 68 4170 3977 472 421 371 180 152
internal_count=6605 6580 6498 1979 1659 190 1469 835 68 320 4519 634 572 244 99 145 99 328 4460 233 4227 120 68 4170 3977 472 421 371 180 152
is_linear=0
shrinkage=0.04


Tree=64
num_leaves=31
num_cat=0
split_feature=2 11 18 17 4 12 11 0 19 12 4 17 13 11 2 6 11 14 11 11 19 11 11 14 11 7 7 7 11 7
split_gain=3.73293 2.75658 3.17372 3.68485 3.90976 3.57802 5.40232 4.62179 4.33728 4.03459 3.8301 3.3168 4.2495 5.4791 3.92862 6.45791 5.26672 3.54778 3.52801 3.59683 3.32396 3.07408 3.31301 3.25017 2.80619 2.62649 2.57752 5.95563 5.37389 3.55325
threshold=55.350000000000009 33.350000000000001 0.60355339059327384 -1.0000000180025095e-35 16.950000000000003 60.500000000000007 2.3500000000000001 29.000000000000004 0.6078576107927941 42.500000000000007 12.950000000000001 0.78656609248549325 5.4500000000000011 11.050000000000002 8.2500000000000018 13.475 14.050000000000002 155.50000000000003 6.5500000000000007 12.15 -1.0000000180025095e-35 3.9500000000000006 -3.7499999999999996 124.50000000000001 16.950000000000003 11.508333333333335 6.1479166666666671 7.0104166666666679 13.65 3.9354166666666672
decision_type=2 2 2 2 2 2 2 2 2 2 2 2 2 2 2 2 2 2 2 2 2 2 2 2 2 2 2 2 2 2
left_child=1 2 5 -4 -5 6 -1 11 26 10 -10 12 13 -7 20 16 -16 -14 21 -20 -15 22 -13 -23 -22 -18 28 -28 29 -8
right_child=-2 -3 3 4 -6 7 8 -9 9 -11 -12 18 17 14 15 -17 25 -19 19 -21 24 23 -24 -25 -26 -27 27 -29 -30 -31
leaf_value=0.069632740441813862 0.24028643804125396 0.05027465515976097 -0.024014548990571108 0.00066719206924926056 -0.032010383631695234 -0.0076208508854189111 0.044121764685169602 -0.091072731212651165 0.071074501231345164 0.0016469582592129228 -0.03303664130421588 0.014252808619012392 -0.038192393561374126 0.15797286094953275 0.020526414934942849 0.085509562661267538 -0.037509096993183666 -0.009768438871312065 -0.017330842567409591 0.0056573934067056797 -0.016633527017070514 -0.028929133156552531 0.00021313667544175629 0.080944302500594423 0.13828109751427356 -0.0009354439688545568 0.15839152517349342 -0.0020951143646490778 -0.04392038247876414 -0.039395850485826181
leaf_weight=78 25 91 785 973 83 1433 76 25 216 218 25 96 163 68 36 115 58 214 111 143 44 25 421 90 28 25 84 571 241 44
leaf_count=78 25 91 785 973 83 1433 76 25 216 218 25 96 163 68 36 115 58 214 111 143 44 25 421 90 28 25 84 571 241 44
internal_value=-0.000511656 -0.000571342 -0.000668721 -0.00207383 -0.000529801 -0.000111852 0.00145431 -0.000897933 0.000907859 0.00413043 0.00768595 -0.000755454 -0.00159268 -0.000785398 0.00352 0.000340426 -0.00616667 -0.00544974 0.00130778 -0.00266667 0.00879433 0.00290679 0.00158301 0.0087931 0.00273973 -0.0116667 -0.000550639 0.000945122 -0.00325967 0.00363636
internal_weight=6605 6580 6489 1841 1056 4648 1553 3095 1475 459 241 3070 2184 1807 374 234 119 377 886 254 140 632 517 115 72 83 1016 655 361 120
internal_count=6605 6580 6489 1841 1056 4648 1553 3095 1475 459 241 3070 2184 1807 374 234 119 377 886 254 140 632 517 115 72 83 1016 655 361 120
is_linear=0
shrinkage=0.04


Tree=65
num_leaves=31
num_cat=0
split_feature=14 12 13 9 20 11 14 9 10 3 12 11 12 19 12 9 1 7 0 5 5 10 9 11 7 7 10 11 17 11
split_gain=4.13003 3.57731 3.57299 4.20167 2.80552 4.96167 2.58387 2.83748 2.54249 2.78032 2.456 2.34032 2.2462 6.00457 2.85329 2.24773 2.23495 3.78545 3.31385 3.6522 2.60339 2.38372 2.17787 2.41096 4.30059 3.16865 3.67661 2.1058 2.07212 4.59473
threshold=119.50000000000001 18.500000000000004 7.8500000000000005 89.500000000000014 -0.22252093395631442 0.95000000000000007 358.50000000000006 120.50000000000001 8.8500000000000032 13.550000000000002 87.500000000000014 -0.54999999999999993 21.500000000000004 0.6078576107927941 26.500000000000004 103.50000000000001 7.5500000000000007 9.8270833333333361 4.2500000000000009 2.1500000000000008 4.5500000000000007 4.7500000000000009 57.500000000000007 6.1500000000000012 5.8729166666666677 3.1395833333333334 4.9500000000000011 19.550000000000004 0.78656609248549325 9.1500000000000004
decision_type=2 2 2 2 2 2 2 2 2 2 2 2 2 2 2 2 2 2 2 2 2 2 2 2 2 2 2 2 2 2
left_child=1 -1 4 -4 5 -3 7 12 9 10 11 -6 13 -2 -14 -15 18 -18 19 -13 -20 -22 -7 25 -25 -24 -27 -11 29 -16
right_child=6 2 3 -5 8 22 -8 -9 -10 27 -12 16 14 15 28 -17 17 -19 20 -21 21 -23 23 24 -26 26 -28 -29 -30 -31
leaf_value=0.026348995484079617 -0.0801319715290299 0.082224904154715797 -0.040365005034034243 -0.0074182195810720414 -0.042391516265103936 0.021356328108771284 -0.03995737603830872 0.75167539569458774 0.0040937313609972397 -0.043486727971281114 -0.039254239164560688 -0.034382581379777795 0.020875872949237026 0.081316182137418952 -0.0092538911151775777 -0.0081340063420727842 -0.050389480090895521 0.10810657416006528 0.024894391118509142 0.0087543793679718002 -0.050487901386959529 0.052903810548472631 -0.021317700197580117 -0.049917600321301166 -0.0026599303876731284 0.077634489747739829 -0.0016265802551234643 -0.0070412514049869122 0.0054409540846521052 0.0071819953979174933
leaf_weight=89 99 45 137 75 43 44 62 25 54 41 47 81 176 39 1996 32 89 31 60 111 31 27 29 85 144 42 82 56 1239 1579
leaf_count=89 99 45 137 75 43 44 62 25 54 41 47 81 176 39 1996 32 89 31 60 111 31 27 29 85 144 42 82 56 1239 1579
internal_value=-0.00072336 -0.00261773 -0.00312915 -0.00788732 -0.00223972 0.000127119 -0.000201982 -0.000104126 -0.00389881 -0.00462783 -0.00345489 -0.00257384 -0.00017051 -0.00467836 -1.60289e-05 0.00416667 -0.00167053 -0.00628099 0.000128617 -0.00310881 0.00537815 -0.000677966 -0.0012178 -0.00219321 -0.00478261 0.00168831 0.00448 -0.0108163 -0.000199377 -0.000687919
internal_weight=6690 1443 1354 212 1142 471 5247 5185 671 617 520 473 5160 170 4990 71 430 120 310 192 118 58 426 382 229 153 124 97 4814 3575
internal_count=6690 1443 1354 212 1142 471 5247 5185 671 617 520 473 5160 170 4990 71 430 120 310 192 118 58 426 382 229 153 124 97 4814 3575
is_linear=0
shrinkage=0.04


Tree=66
num_leaves=31
num_cat=0
split_feature=14 13 11 20 7 7 11 6 3 15 11 11 9 14 8 7 7 8 16 3 10 3 2 7 11 11 6 10 4 4
split_gain=4.17728 6.05915 4.54978 3.35508 5.66379 7.90204 5.31568 5.09805 3.57319 4.00162 4.28419 3.43925 3.37899 3.36685 3.32595 3.29229 4.60649 4.18722 3.26385 3.25677 3.14093 3.09633 3.03871 2.90044 3.15992 2.70133 3.67335 2.65026 2.60783 3.01336
threshold=155.50000000000003 7.8500000000000005 31.150000000000002 0.81174490092936691 8.4208333333333361 5.4854166666666675 1.4500000000000002 11.074999999999999 6.5500000000000007 0.15000000000000005 -3.7499999999999996 -0.24999999999999997 71.500000000000014 339.50000000000006 3.4500000000000006 8.9145833333333346 12.052083333333334 12.750000000000002 42.500000000000007 2.7500000000000004 10.550000000000002 3.0500000000000003 9.9500000000000011 10.502083333333337 5.2500000000000009 6.5500000000000007 13.616666666666665 2.6500000000000008 3.3500000000000001 6.4500000000000011
decision_type=2 2 2 2 2 2 2 2 2 2 2 2 2 2 2 2 2 2 2 2 2 2 2 2 2 2 2 2 2 2
left_child=1 18 -3 7 5 6 -5 8 9 10 12 -7 -2 28 -8 20 17 -17 25 -11 -10 -14 27 -6 -25 26 -1 -13 -9 -30
right_child=3 2 -4 4 23 11 14 13 15 19 -12 22 21 -15 -16 16 -18 -19 -20 -21 -22 -23 -24 24 -26 -27 -28 -29 29 -31
leaf_value=0.0060246450379333009 0.042033908556900493 -0.033409491876249253 0.096004549746461831 -0.044960626038586506 -0.056622653657711589 -0.0078802434443482911 0.020929096602061534 -0.033518094355356499 -0.011312924749455427 -0.0060522557943797038 -0.0011199115243084635 0.0071474236519457795 -0.031310744959235241 0.1772661692878473 -0.007045688086267674 0.014558558278350642 -0.032301788223268409 0.16977581741319625 -0.0089139836496878819 0.075435047621184845 -0.042374102580715063 0.046661552252864558 0.049913777041223691 0.014291905785553612 -0.047165502170920026 0.029587020909616405 -0.07135554059475821 0.13797478337339095 0.08802924255731337 0.051351053078536671
leaf_weight=312 110 317 30 76 53 36 62 38 424 43 1932 25 34 51 93 202 106 29 1550 83 178 26 30 26 142 46 26 56 102 452
leaf_count=312 110 317 30 76 53 36 62 38 424 43 1932 25 34 51 93 202 106 29 1550 83 178 26 30 26 142 46 26 56 102 452
internal_value=-0.000705425 -0.00209465 -0.00695402 1.36054e-05 -0.00276667 0.000211082 -0.00439655 0.000451325 -0.000208333 0.000663975 0.000247266 0.00743243 0.00631579 0.00369565 -0.000128205 -0.0022766 0.000887574 0.00405172 -0.00121964 0.00755906 -0.00404643 -0.00131148 0.0108929 -0.00783784 -0.0052071 0.00207792 0.000825959 0.014878 0.00283305 0.00353153
internal_weight=6690 2281 347 4409 599 378 231 3810 3167 2228 2102 147 170 643 155 939 337 231 1934 126 602 60 111 221 168 384 338 81 592 554
internal_count=6690 2281 347 4409 599 378 231 3810 3167 2228 2102 147 170 643 155 939 337 231 1934 126 602 60 111 221 168 384 338 81 592 554
is_linear=0
shrinkage=0.04


Tree=67
num_leaves=31
num_cat=0
split_feature=2 17 18 12 11 19 16 11 7 1 7 4 11 5 20 2 0 11 20 8 7 10 18 3 12 11 5 12 6 11
split_gain=3.36147 2.82278 3.94137 3.64965 3.23704 3.04115 3.35968 3.04097 4.26345 3.17691 3.16617 2.96536 4.68011 4.14206 4.12605 2.9572 2.70066 3.08556 2.55069 5.91458 5.0117 5.09727 2.90932 2.78235 2.68838 2.94448 2.55104 2.44118 2.40464 3.35973
threshold=55.350000000000009 -0.25881904510252113 0.60355339059327384 58.500000000000007 30.950000000000003 0.6078576107927941 547.50000000000011 14.750000000000002 11.058333333333335 7.2500000000000009 12.339583333333335 1.0500000000000003 7.8500000000000005 2.3500000000000001 -0.56174490092936669 2.3500000000000001 10.350000000000003 6.7500000000000009 0.81174490092936691 12.550000000000002 4.7395833333333348 3.9500000000000006 -0.70710678118654757 4.6500000000000012 74.500000000000014 0.65000000000000002 5.1500000000000012 33.500000000000007 15.824999999999999 24.050000000000004
decision_type=2 2 2 2 2 2 2 2 2 2 2 2 2 2 2 2 2 2 2 2 2 2 2 2 2 2 2 2 2 2
left_child=1 2 3 5 11 16 -7 8 -5 -9 -11 12 -3 14 15 -13 17 -1 -15 20 26 -22 -21 -23 -25 -26 -20 -8 -18 -30
right_child=-2 4 -4 7 -6 6 27 9 -10 10 -12 13 -14 18 -16 -17 28 -19 19 22 21 23 -24 24 25 -27 -28 -29 29 -31
leaf_value=0.035944410290577163 0.13921667195020546 0.028683417833876367 -0.020115870734930468 -0.009389963407665531 0.050781072317293174 0.070207836600760951 0.03878202147688313 0.10333134585006143 -0.041306394822801899 -0.021231775702786278 0.16874347728873773 -0.05551152765133454 -0.013069403572902091 0.0021227944062847471 -0.034531588432513416 0.082047129314328476 0.072605409220762987 -0.023840335130553142 -0.0010204876563489763 -0.0011409927031039047 -0.035511439728840556 0.082548010457821799 -0.049804700019104226 -0.0068695058367184286 -0.0076818178973058343 0.049619183848277189 -0.040881336736650342 -0.017432060838242284 -0.065445098867908821 0.17100322322513367
leaf_weight=55 29 144 841 900 92 91 72 37 64 61 41 28 55 2794 260 68 83 362 68 45 35 25 113 52 25 61 39 76 46 28
leaf_count=55 29 144 841 900 92 91 72 37 64 61 41 28 55 2794 260 68 83 362 68 45 35 25 113 52 25 61 39 76 46 28
internal_value=-0.000693469 -0.000753527 -0.00173314 -0.000730308 -6.14597e-05 0.00130221 0.00508333 -0.00222826 -0.00302591 0.00328571 -0.00038835 -0.00024128 0.0045 -0.000503597 -0.00459384 0.00247423 -0.000278261 -0.00196172 -5.52486e-05 -0.00280172 0.000457516 0.00422111 -0.0090566 0.00719512 0.00489209 0.0091954 -0.00648148 0.00134228 0.00417722 -0.00106667
internal_weight=6690 6661 2757 1916 3904 813 239 1103 964 139 102 3812 199 3613 356 96 574 417 3257 463 305 198 158 163 138 86 107 148 157 74
internal_count=6690 6661 2757 1916 3904 813 239 1103 964 139 102 3812 199 3613 356 96 574 417 3257 463 305 198 158 163 138 86 107 148 157 74
is_linear=0
shrinkage=0.04


Tree=68
num_leaves=31
num_cat=0
split_feature=14 12 13 9 2 14 14 19 15 8 11 12 2 8 10 19 0 19 11 9 7 14 0 7 0 9 14 17 5 2
split_gain=3.85328 3.03421 3.32402 3.79771 2.84335 2.5957 2.9838 3.70793 6.29404 4.20745 4.9765 3.95693 3.90505 3.11473 2.44913 5.81689 4.41495 4.33289 3.76643 4.05352 3.64649 5.28989 3.37943 3.31827 5.76034 3.05313 4.06511 3.19014 3.04798 3.02325
threshold=119.50000000000001 18.500000000000004 7.8500000000000005 89.500000000000014 55.350000000000009 358.50000000000006 273.50000000000006 1.0000000180025095e-35 1.0000000180025095e-35 9.8500000000000032 -5.0499999999999989 18.500000000000004 3.5500000000000003 7.3500000000000005 7.7500000000000009 1.0000000180025095e-35 7.4500000000000011 0.6078576107927941 23.250000000000004 49.500000000000007 5.5604166666666677 137.50000000000003 16.650000000000002 5.7166666666666677 8.9500000000000011 68.500000000000014 163.50000000000003 0.25881904510252091 14.850000000000003 8.2500000000000018
decision_type=2 2 2 2 2 2 2 2 2 2 2 2 2 2 2 2 2 2 2 2 2 2 2 2 2 2 2 2 2 2
left_child=1 -1 -3 -4 5 6 14 8 11 10 -9 -8 -12 -14 15 16 28 23 19 -17 -21 -22 25 -16 29 -19 -27 -28 -2 -25
right_child=4 2 3 -5 -6 -7 7 9 -10 -11 12 -13 13 -15 17 18 -18 22 -20 20 21 -23 -24 24 -26 26 27 -29 -30 -31
leaf_value=0.026456229840101174 0.01060115278823222 -0.0095119499929785349 -0.037498936933874315 -0.0049804762933819725 0.13364800507219726 -0.037879933721318669 -0.099860718052896646 0.062070966379300575 0.061175060196340905 0.13295423691501859 0.020200420661762912 -0.0064580679979341585 -0.033256902766102561 0.022208375334113378 -0.0090415151996328554 0.054844983185717136 -0.02535076420020518 0.026135725596650658 0.0073979020426622102 -0.010678582398831758 0.0040807978203819314 -0.042107882974986563 0.7349728901470769 0.057177077867575296 -0.0070055607568300718 0.10844886618312229 -0.074386365594189208 -0.0096558032124247888 -0.059931817951771792 -0.0030500666718524983
leaf_weight=89 759 1142 137 75 25 62 31 29 104 97 120 463 100 60 653 30 248 459 174 413 49 247 35 219 610 26 29 106 25 74
leaf_count=89 759 1142 137 75 25 62 31 29 104 97 120 463 100 60 653 30 248 459 174 413 49 247 35 219 610 26 29 106 25 74
internal_value=-0.000621731 -0.00245152 -0.00292251 -0.00751174 -0.00011814 -0.000183802 -8.52548e-05 0.00187065 -0.000133556 0.00481572 0.00251613 -0.0020202 0.000854093 -0.00322981 -0.000558095 -0.00159301 0.000464666 0.000352622 -0.00391685 -0.00516216 -0.00577465 -0.00915825 0.00307927 -0.000796403 0.000774336 0.00238325 -0.00234568 -0.00514706 0.00193631 0.00537415
internal_weight=6690 1443 1354 212 5247 5222 5160 1004 598 406 309 494 280 160 4156 1945 1032 2211 913 739 709 296 655 1556 903 620 161 135 784 293
internal_count=6690 1443 1354 212 5247 5222 5160 1004 598 406 309 494 280 160 4156 1945 1032 2211 913 739 709 296 655 1556 903 620 161 135 784 293
is_linear=0
shrinkage=0.04


Tree=69
num_leaves=31
num_cat=0
split_feature=2 4 9 17 11 4 11 5 20 9 7 10 0 5 5 20 13 4 20 7 9 4 0 6 3 7 7 9 4 9
split_gain=3.33449 2.69714 3.8831 2.91738 2.82571 2.69572 3.85011 3.38952 3.89622 2.63167 2.89685 4.39533 2.77172 3.36966 3.20995 2.83158 2.58519 4.27306 3.90651 2.7973 2.68051 2.53205 2.37511 2.12521 2.82841 2.08117 2.05744 6.4746 3.818 3.44539
threshold=55.350000000000009 51.300000000000004 128.50000000000003 -0.25881904510252113 29.150000000000002 1.0500000000000003 7.8500000000000005 2.3500000000000001 -0.56174490092936669 49.500000000000007 11.160416666666668 6.5500000000000007 10.65 3.0500000000000003 6.2500000000000009 1.0000000180025095e-35 8.2500000000000018 3.5500000000000003 -0.56174490092936669 5.5916666666666677 87.500000000000014 7.0500000000000007 2.2500000000000004 7.966666666666665 4.7500000000000009 6.2645833333333334 10.383333333333335 80.500000000000014 12.050000000000002 94.500000000000014
decision_type=2 2 2 2 2 2 2 2 2 2 2 2 2 2 2 2 2 2 2 2 2 2 2 2 2 2 2 2 2 2
left_child=1 2 3 9 5 6 -5 8 22 10 11 -1 26 -14 15 -15 -9 -18 25 -20 -21 -13 -7 24 -6 -19 28 -28 -11 -29
right_child=-2 -3 -4 4 23 7 -8 16 -10 12 -12 21 13 14 -16 -17 17 18 19 20 -22 -23 -24 -25 -26 -27 27 29 -30 -31
leaf_value=0.072948411749298891 0.12830208486930944 -0.061809811108910095 0.43258000133453339 0.027112035008992043 0.017989375996085678 -0.065550186516956474 -0.01218496682200069 0.0015207289160947112 -0.032913447041179253 -0.012511981162269717 -0.036194315827541818 -0.0043707807003429975 0.13066026176408094 -0.013927081044746714 0.022216995970060511 -0.15432660499820483 -0.025131037309495383 0.057240905993625905 0.025032813266728286 -0.02479368013453077 0.0068675159249864141 0.027957201889480476 0.098640552332861453 -0.008021059028003652 0.17550422069060659 0.023798314313353563 -0.053441607536899714 0.010804260975694096 0.017181927884316332 -0.052170363804171151
leaf_weight=33 29 29 37 144 59 26 55 2777 257 1885 30 69 26 46 257 29 99 31 52 118 59 26 69 40 33 64 76 72 95 68
leaf_count=33 29 29 37 144 59 26 55 2777 257 1885 30 69 26 46 257 29 99 31 52 118 59 26 69 40 33 64 76 72 95 68
internal_value=-0.000639665 -0.00069949 -0.000645259 -0.000718617 -1.5448e-05 -0.00021855 0.0043 -0.00047284 -0.00419263 -0.00172503 0.00327044 0.00589147 -0.00203523 0.00122563 0.00012012 -0.00710526 -6.24805e-05 -0.0029717 -0.000738462 -0.00356522 -0.00595506 0.00145833 0.00270833 0.00571429 0.00903226 0.00604167 -0.00256714 -0.00626728 -0.00216052 -0.00113475
internal_weight=6690 6661 6632 6595 3883 3751 199 3552 352 2712 158 128 2554 358 332 75 3200 423 324 229 177 95 95 132 92 95 2196 216 1980 140
internal_count=6690 6661 6632 6595 3883 3751 199 3552 352 2712 158 128 2554 358 332 75 3200 423 324 229 177 95 95 132 92 95 2196 216 1980 140
is_linear=0
shrinkage=0.04


Tree=70
num_leaves=31
num_cat=0
split_feature=2 18 2 2 2 14 16 7 6 0 9 17 10 9 19 0 0 4 16 3 7 10 0 19 3 13 20 3 6 19
split_gain=2.75733 2.54005 3.28537 4.00402 4.03354 3.59549 4.74079 4.44293 3.95559 3.7302 3.1053 3.30309 2.86235 5.65784 3.63037 6.18905 3.84742 3.13822 3.05548 3.0747 2.99248 2.84937 4.59444 3.48688 2.95966 5.43254 3.51144 3.43749 4.89291 4.01827
threshold=57.750000000000007 0.37940952255126048 27.350000000000005 20.450000000000003 16.250000000000004 248.50000000000003 42.500000000000007 4.6979166666666679 11.95833333333333 1.4500000000000002 49.500000000000007 -1.0000000180025095e-35 7.0500000000000007 49.500000000000007 1.0000000180025095e-35 5.6500000000000012 4.2500000000000009 1.0500000000000003 247.50000000000003 8.7500000000000018 6.1479166666666671 14.050000000000002 6.2500000000000009 0.6078576107927941 8.2500000000000018 2.1500000000000008 -0.56174490092936669 11.450000000000001 11.641666666666667 -1.0000000180025095e-35
decision_type=2 2 2 2 2 2 2 2 2 2 2 2 2 2 2 2 2 2 2 2 2 2 2 2 2 2 2 2 2 2
left_child=1 2 3 4 5 12 -7 9 -9 -8 -3 -12 13 -1 15 16 17 -15 -16 -20 -17 24 23 -23 -14 26 -26 -27 -29 -30
right_child=-2 10 -4 -5 -6 6 7 8 -10 -11 11 -13 21 14 18 20 -18 -19 19 -21 -22 22 -24 -25 25 27 -28 28 29 -31
leaf_value=0.029092797835494153 0.098078362874161801 -0.038198993615951887 -0.058524607011680059 0.087097519635883705 -0.038633142646915052 -0.025355721884934929 -0.037833484947537403 -0.0033477828358807215 0.10793736317007489 0.071936051304402227 -0.014213763560545267 0.00039218491843989511 0.013981490803726331 0.044683538164245216 -0.030194707570494118 -0.070972336221296187 0.15323611066141307 -0.0081918602914811782 -0.0079627851038039672 0.12584217041358106 -0.010091573723452534 -0.03048137026714702 0.0013434853882928622 0.050868458575934528 -0.047253261045232246 -0.035854603795201466 0.10307205731627964 0.018764324759188381 0.02256949713475281 -0.064442046762040239
leaf_weight=59 27 39 62 76 216 72 29 307 75 200 1099 1356 1001 29 291 63 100 332 166 51 123 65 327 27 28 185 108 26 54 34
leaf_count=59 27 39 62 76 216 72 29 307 75 200 1099 1356 1001 29 291 63 100 332 166 51 123 65 327 27 28 185 108 26 54 34
internal_value=-0.000383223 -0.000436298 0.00017531 0.00031644 0.000141093 0.000447642 0.00307018 0.00421569 0.00156658 0.0086087 -0.00144289 -0.00126221 -0.000136808 -0.00164609 -0.00226644 -0.000277778 0.00220779 0.000276243 -0.00479371 -0.00119266 -0.00641711 0.000851293 -0.00204762 -0.00989247 0.00169798 -0.00105505 0.00554745 -0.00406667 0.0013913 -0.00314607
internal_weight=6627 6600 4106 4044 3968 3752 683 611 382 229 2494 2455 3069 1214 1155 647 461 361 508 217 186 1855 419 92 1436 435 136 299 114 88
internal_count=6627 6600 4106 4044 3968 3752 683 611 382 229 2494 2455 3069 1214 1155 647 461 361 508 217 186 1855 419 92 1436 435 136 299 114 88
is_linear=0
shrinkage=0.04


Tree=71
num_leaves=31
num_cat=0
split_feature=17 11 7 11 16 7 12 11 12 0 8 6 2 4 7 12 11 5 4 3 4 8 11 17 7 5 5 2 2 5
split_gain=2.70224 4.57136 6.99426 4.46971 4.20861 3.58799 2.80506 2.95548 3.63078 3.31294 5.18132 4.68823 3.62177 3.17449 2.97074 2.88094 3.46772 2.94491 2.84412 2.79264 4.3278 3.45999 2.7144 3.01965 2.81574 2.61216 2.61188 2.59484 2.59311 2.53757
threshold=0.78656609248549325 10.350000000000003 11.812500000000002 1.3500000000000003 52.500000000000007 1.6270833333333334 38.500000000000007 4.9500000000000011 58.500000000000007 7.9500000000000011 5.0500000000000007 5.6666666666666643 2.7500000000000004 10.050000000000002 3.6270833333333341 68.500000000000014 -1.3499999999999999 9.9500000000000011 12.950000000000001 2.7500000000000004 5.2500000000000009 13.050000000000002 3.7500000000000004 -0.70710678118654735 7.4395833333333341 6.7500000000000009 6.5500000000000007 3.3500000000000001 7.3500000000000005 3.6500000000000008
decision_type=2 2 2 2 2 2 2 2 2 2 2 2 2 2 2 2 2 2 2 2 2 2 2 2 2 2 2 2 2 2
left_child=1 2 6 -4 19 -2 -1 8 -8 10 14 12 -12 -9 -10 -16 27 -18 -15 -3 26 -22 23 -13 -25 28 29 -17 -11 -21
right_child=5 4 3 -5 -6 -7 7 13 9 25 11 22 -14 18 15 16 17 -19 -20 20 21 -23 -24 24 -26 -27 -28 -29 -30 -31
leaf_value=0.036886830462723862 0.041106550139961902 -0.016546740544059305 0.066301330320139837 -0.051798803175393308 -0.0017821473061010807 0.0028767350342145284 0.018007829629972393 -0.010994484860346069 -0.019178696826856464 -0.00030600533308323464 -0.01816735999981578 0.028823738399371263 0.068614470304360756 -0.049184375572713455 0.053650830122597137 0.00527173616787648 0.0098609370532818999 -0.029328612664582233 0.0011688069482809738 0.053602186737267986 -0.016888021096124816 0.092577010997394779 -0.065550294626963157 -0.016089674003225911 0.028636029334997523 -0.0050192175611062243 0.11192839448873876 -0.038596507181117019 -0.044826075294998192 -0.0030913931181799905
leaf_weight=59 31 27 25 75 2039 1360 137 687 548 52 40 38 153 74 42 25 228 34 27 25 117 129 38 130 43 143 49 72 154 26
leaf_count=59 31 27 25 75 2039 1360 137 687 548 52 40 38 153 74 42 25 228 34 27 25 117 129 38 130 43 143 49 72 154 26
internal_value=-0.000431503 -0.000847814 -0.00193982 -0.0122772 0.000430999 0.00113506 -0.00155596 -0.00174794 -0.000883919 -0.00137852 -0.000502874 0.00306998 0.00773196 -0.00380228 -0.00216842 0.000447761 -0.000722222 0.001673 -0.0103922 0.00433155 0.00530259 0.00242915 -0.00056 0.00122642 -0.00103448 -0.00485714 0.0122772 -0.00714286 -0.00772947 0.00576923
internal_weight=6627 5236 2824 100 2412 1391 2724 2665 1877 1740 1391 442 193 788 949 401 359 262 101 373 346 246 249 211 173 349 100 97 206 51
internal_count=6627 5236 2824 100 2412 1391 2724 2665 1877 1740 1391 442 193 788 949 401 359 262 101 373 346 246 249 211 173 349 100 97 206 51
is_linear=0
shrinkage=0.04


Tree=72
num_leaves=31
num_cat=0
split_feature=12 18 17 16 7 11 9 9 19 0 12 19 8 16 9 6 3 8 8 16 11 11 19 2 7 7 14 4 15 0
split_gain=2.83178 3.49462 4.45842 3.6955 3.31175 3.65714 3.54249 2.89371 3.49568 4.11619 2.75168 6.20993 4.11983 3.32059 2.69403 4.94178 3.50665 4.07028 4.48389 4.14243 4.75041 5.1326 4.43775 4.17473 3.31276 3.77028 3.21166 2.6299 4.04274 2.66352
threshold=86.500000000000014 0.1294095225512602 -1.0000000180025095e-35 27.500000000000004 11.812500000000002 11.450000000000001 44.500000000000007 65.500000000000014 1.0000000180025095e-35 6.7500000000000009 43.500000000000007 0.6078576107927941 4.8500000000000005 52.500000000000007 86.500000000000014 4.2416666666666654 2.7500000000000004 7.7500000000000009 4.3500000000000005 17.500000000000004 5.2500000000000009 11.450000000000001 -0.60785761079279388 6.3500000000000005 9.1854166666666686 6.1479166666666671 104.50000000000001 5.4500000000000011 1.0000000180025095e-35 8.2500000000000018
decision_type=2 2 2 2 2 2 2 2 2 2 2 2 2 2 2 2 2 2 2 2 2 2 2 2 2 2 2 2 2 2
left_child=1 10 -3 -4 6 -6 -2 27 -9 -10 11 12 -1 -14 16 -16 26 18 24 -20 -21 23 -23 -22 25 -18 -12 28 -8 -29
right_child=4 2 3 -5 5 -7 7 8 9 -11 14 -13 13 -15 15 -17 17 -19 19 20 21 22 -24 -25 -26 -27 -28 29 -30 -31
leaf_value=-0.044806705744728711 0.019628321841968627 -0.012482741860019972 -0.020692088712555047 0.0052506590532272312 -0.042952568016068123 0.0010617151278844617 -0.024016963177994163 0.027177435742328591 -0.036836625735602362 0.025789165018519855 0.025352065451575721 0.11606128890714498 0.28576182524886667 0.0068689401864310898 0.065288648247246603 -0.0027763660832113859 -0.0027576581903346665 -0.0032549513418122624 -0.036207504751393657 0.077019861084709179 -0.059608381524052415 0.096292400703168898 0.0057124642382901667 0.02993704310669246 -0.029598228954488413 0.038502608752874659 -0.021009681802346095 -0.021934001510154708 0.026776359343124112 -0.049691294342681901
leaf_weight=81 129 1334 187 1303 62 42 203 107 74 47 32 137 34 119 47 73 333 1160 40 220 55 57 95 26 27 44 333 110 71 45
leaf_count=81 129 1334 187 1303 62 42 203 107 74 47 32 137 34 119 47 73 333 1160 40 220 55 57 95 26 27 44 333 110 71 45
internal_value=-0.000371153 -4.5312e-05 -0.00104779 0.00045607 -0.00246914 -0.00914286 -0.0015756 -0.00276596 0.000873362 -0.00377049 0.000926561 0.00413978 0.000170213 0.00402597 0.000456154 0.00628099 0.000165085 0.000806608 0.00282851 0.00538462 0.00647577 0.00247863 0.00679739 -0.00560976 -0.000296296 0.000687831 -0.00344262 -0.00469767 -0.00232727 -0.00884615
internal_weight=6627 5737 2824 1490 890 104 786 657 228 121 2913 371 234 153 2542 120 2422 2057 897 493 453 233 152 81 404 377 365 429 274 155
internal_count=6627 5737 2824 1490 890 104 786 657 228 121 2913 371 234 153 2542 120 2422 2057 897 493 453 233 152 81 404 377 365 429 274 155
is_linear=0
shrinkage=0.04


Tree=73
num_leaves=31
num_cat=0
split_feature=12 7 8 11 5 5 4 7 3 14 8 16 8 14 0 20 10 4 8 15 3 4 5 7 20 13 11 7 11 5
split_gain=2.31681 3.53884 3.91126 3.65714 2.6228 3.41883 3.29513 2.88165 2.83956 2.97052 2.88949 2.91397 4.32542 2.63691 2.95642 6.54377 4.39584 4.22773 2.99157 3.89399 3.05476 2.70523 2.59703 2.51909 2.54478 2.44695 3.15341 2.36156 4.12815 3.25439
threshold=86.500000000000014 11.812500000000002 14.950000000000001 11.450000000000001 31.850000000000005 45.70000000000001 16.950000000000003 14.908333333333335 2.7500000000000004 242.50000000000003 3.0500000000000003 752.50000000000011 1.6500000000000001 32.500000000000007 15.050000000000002 1.0000000180025095e-35 8.1500000000000004 10.65 2.8500000000000001 0.15000000000000005 5.3500000000000005 12.65 19.350000000000005 6.0333333333333341 0.81174490092936691 2.8500000000000001 -5.8499999999999988 3.5520833333333344 15.350000000000003 6.5500000000000007
decision_type=2 2 2 2 2 2 2 2 2 2 2 2 2 2 2 2 2 2 2 2 2 2 2 2 2 2 2 2 2 2
left_child=4 2 -2 -3 6 -6 8 -8 9 -1 11 12 -11 23 18 16 17 -16 19 -15 25 -17 -9 -10 -25 -20 -27 -28 29 -29
right_child=1 3 -4 -5 5 -7 7 22 13 10 -12 -13 -14 14 15 21 -18 -19 20 -21 -22 -23 -24 24 -26 26 27 28 -30 -31
leaf_value=-0.0092019228553009754 -0.0067508981555270253 -0.041234465295425397 0.049545479460627428 0.0010192465227690662 0.52000573956451879 -0.0012349498268689986 -0.045182733074989871 0.0061699297753915342 -0.030127399515608708 -0.020475204125624771 -0.008806602545799791 0.056521426972883371 0.052187953373344843 -0.011334677935630344 -0.073069597598417177 -0.060768243392716512 0.17071802588173218 0.076395748827820673 0.0031518640300916448 0.069482182961846883 0.0030429566794296647 0.029472407021906052 -0.086066317639367951 0.024323694660350482 -0.062236826734271819 0.062227641157081064 0.045272722139676848 -0.016507345457988994 0.070651461646041802 0.037936824675633203
leaf_weight=1008 741 62 45 42 42 58 118 136 119 33 139 35 62 470 38 142 70 34 351 31 1945 39 48 153 38 28 127 164 191 118
leaf_count=1008 741 62 45 42 42 58 118 136 119 33 139 35 62 470 38 142 70 34 351 31 1945 39 48 153 38 28 127 164 191 118
internal_value=-0.000347013 -0.00224467 -0.00132147 -0.00914286 -5.2283e-05 0.00633663 -0.000166726 -0.00422442 6.37181e-05 -0.00158059 0.00214815 0.00641221 0.00270833 0.000581424 0.0008749 -0.00277778 0.00363636 -0.00328767 0.00122008 -0.00163347 0.0017094 -0.0078022 -0.00108108 -0.0029582 -0.000104167 0.00353061 0.00502385 0.00439268 0.00308017 0
internal_weight=6627 890 786 104 5737 100 5637 302 5335 1277 269 130 95 4058 3748 323 142 72 3425 501 2924 181 184 310 191 979 628 600 473 282
internal_count=6627 890 786 104 5737 100 5637 302 5335 1277 269 130 95 4058 3748 323 142 72 3425 501 2924 181 184 310 191 979 628 600 473 282
is_linear=0
shrinkage=0.04


Tree=74
num_leaves=31
num_cat=0
split_feature=0 11 20 9 3 8 18 9 17 12 7 0 11 11 0 1 5 4 4 18 7 3 20 11 17 2 3 11 6 6
split_gain=2.26538 2.85852 2.87257 3.0628 3.48629 3.56101 2.85967 3.0774 2.76787 2.75623 5.64047 5.6291 4.29086 4.01094 6.01833 5.08075 3.73924 3.79165 3.71573 3.6524 3.22649 4.35984 4.33344 3.21317 4.2025 4.1267 3.6641 3.62975 3.58432 3.46281
threshold=1.4500000000000002 30.950000000000003 0.81174490092936691 105.50000000000001 12.250000000000002 5.0500000000000007 0.37940952255126048 49.500000000000007 -1.0000000180025095e-35 58.500000000000007 10.593750000000002 8.6500000000000004 2.3500000000000001 11.65 16.650000000000002 6.0500000000000007 2.5500000000000003 1.1500000000000001 33.050000000000004 -0.12940952255126037 6.1479166666666671 8.2500000000000018 -0.56174490092936669 5.4500000000000011 0.78656609248549325 6.4500000000000011 7.1500000000000012 3.9500000000000006 9.9916666666666654 3.7999999999999967
decision_type=2 2 2 2 2 2 2 2 2 2 2 2 2 2 2 2 2 2 2 2 2 2 2 2 2 2 2 2 2 2
left_child=-1 6 3 -3 5 -5 9 -8 -9 10 12 -12 -2 14 23 -15 -14 -18 -13 20 22 -22 -19 24 26 -25 29 28 -26 -11
right_child=1 2 -4 4 -6 -7 7 8 -10 13 11 18 16 15 -16 -17 17 19 -20 -21 21 -23 -24 25 27 -27 -28 -29 -30 -31
leaf_value=-0.008424291977625363 0.09693003343096987 0.13821350384522435 -0.02217853623886782 0.11387666709803859 0.54229076612065341 -0.031350083291334874 -0.035647051187243761 -0.014681451023913824 -9.943395972330294e-05 -0.0069293757741096763 -0.069621920302604862 -0.019610490493363317 0.095216553480999874 0.092553625628926148 -0.049450309054137061 0.0039516919267833829 -0.033226925527345019 -0.11641017866837558 0.29333309546733782 -0.0075061436277471215 0.099950224034202326 0.032184022964562832 0.024272110165912721 -0.023792107293779827 0.00036268796848233366 0.0042024703338090323 -0.016658446800571873 0.098880310050363282 0.048931756598944671 0.020393818806265961
leaf_weight=428 43 43 32 27 40 44 39 845 1208 371 43 219 108 108 59 555 25 37 32 244 82 127 137 255 355 155 485 74 52 355
leaf_count=428 43 43 32 27 40 44 39 845 1208 371 43 219 108 108 59 555 25 37 32 244 82 127 137 255 355 155 485 74 52 355
internal_value=-0.000359083 -0.000164516 0.00470588 0.00696774 0.00339286 -0.00194444 -0.000315929 -0.00150979 -0.00129503 0.000321265 0.00202186 -0.00271186 0.00375622 -0.000339823 -0.00117484 0.00237952 0.00304862 0.00189893 -0.000396825 0.00251592 0.00494792 0.00828571 0.000914286 -0.000817879 -4.72534e-05 -0.00399027 -0.00130363 0.00311203 0.00161765 0.000495186
internal_weight=6627 6199 186 154 111 71 6013 2092 2053 3921 1097 294 803 2824 2161 663 760 652 251 627 383 209 174 2102 1692 410 1211 481 407 726
internal_count=6627 6199 186 154 111 71 6013 2092 2053 3921 1097 294 803 2824 2161 663 760 652 251 627 383 209 174 2102 1692 410 1211 481 407 726
is_linear=0
shrinkage=0.04


Tree=75
num_leaves=31
num_cat=0
split_feature=3 20 2 5 11 11 16 20 5 11 5 7 6 5 18 13 19 13 2 12 12 3 5 0 0 15 7 11 16 5
split_gain=3.06545 2.412 6.62404 6.11775 4.45052 2.71329 6.48094 4.16956 4.12279 5.28886 4.97683 4.28295 7.85175 4.24551 3.97687 4.22736 3.76208 4.56716 3.69786 2.96233 2.8165 3.19891 2.81223 3.98161 3.15119 4.38187 3.0828 5.06687 3.84516 3.73347
threshold=55.350000000000009 1.0000000180025095e-35 32.500000000000007 38.300000000000004 -7.4499999999999993 0.55000000000000016 52.500000000000007 -0.56174490092936669 4.5500000000000007 2.9500000000000006 10.65 1.6270833333333334 2.066666666666666 3.2500000000000004 -0.5 2.2500000000000004 -0.60785761079279388 4.1500000000000012 5.5500000000000007 54.500000000000007 84.500000000000014 5.6500000000000012 19.750000000000004 18.050000000000004 12.050000000000002 1.0000000180025095e-35 7.6104166666666684 5.4500000000000011 1207.5000000000002 7.2500000000000009
decision_type=2 2 2 2 2 2 2 2 2 2 2 2 2 2 2 2 2 2 2 2 2 2 2 2 2 2 2 2 2 2
left_child=1 5 3 4 -3 6 7 -1 11 10 18 19 13 -13 15 -14 17 -8 -10 -7 21 -9 24 -24 25 26 27 -11 -28 -30
right_child=-2 2 -4 -5 -6 8 16 20 9 22 -12 12 14 -15 -16 -17 -18 -19 -20 -21 -22 -23 23 -25 -26 -27 28 -29 29 -31
leaf_value=0.0092694758792499238 0.092429387684101416 -0.06216599907467061 -0.069267972088492696 0.11564112329125134 -0.0047526603698369568 -0.017400858945084981 0.033985800839958176 0.0080602334329420346 0.031441027295934419 0.075594101490306792 -0.096502267018269985 -0.040679902749559953 -0.011129419639543307 0.01868880678876849 -0.014193965667964834 0.022783189454096443 0.030726281591933999 -0.014238199074325993 -0.028560070063786941 0.14276459126003335 -0.032115627056330816 -0.059855382070145319 -0.09121332561926572 0.082561780222052836 0.10357900591262797 0.037177533485118042 -0.023252897676892204 0.00089494075174126667 0.1404729987753148 -0.0017964204980689402
leaf_weight=157 25 56 32 32 2668 26 39 71 91 134 43 128 85 33 758 169 153 34 142 30 62 39 51 46 283 158 362 557 31 93
leaf_count=157 25 56 32 32 2668 26 39 71 91 134 43 128 85 33 758 169 153 34 142 30 62 39 51 46 283 158 362 557 31 93
internal_value=-0.000631355 -0.000685558 -0.00157763 -0.0013638 -0.00157064 -2.64831e-05 0.00255396 -0.0010303 -0.000471903 0.00065261 -0.00447653 -0.00229268 -0.0028109 -0.0109877 -0.00150049 0.00282353 0.0077533 0.00027027 -0.00213675 0.00842105 -0.00531792 -0.00144144 0.00148019 -0.00510204 0.0018777 0.00106287 0.000220713 0.00193642 -0.00221766 0.00384
internal_weight=6588 6563 2788 2756 2724 3775 555 329 3220 1991 276 1229 1173 161 1012 254 226 73 233 56 172 110 1715 97 1618 1335 1177 691 486 124
internal_count=6588 6563 2788 2756 2724 3775 555 329 3220 1991 276 1229 1173 161 1012 254 226 73 233 56 172 110 1715 97 1618 1335 1177 691 486 124
is_linear=0
shrinkage=0.04


Tree=76
num_leaves=31
num_cat=0
split_feature=2 14 14 19 15 16 4 7 12 13 1 11 7 5 8 16 7 6 9 12 9 11 1 12 2 18 18 11 6 8
split_gain=2.46443 2.36214 3.18743 4.35604 5.69456 4.35014 4.89453 4.93443 4.05632 3.07341 4.27646 4.04404 4.4184 2.99028 2.94625 3.45094 2.67587 3.2456 2.789 3.84081 3.75179 2.59767 2.5848 5.51348 3.51543 3.52039 2.56293 2.39808 4.65785 2.37128
threshold=55.350000000000009 358.50000000000006 270.50000000000006 1.0000000180025095e-35 1.0000000180025095e-35 132.50000000000003 6.0500000000000007 8.7312500000000011 18.500000000000004 7.6500000000000012 8.4500000000000011 22.750000000000004 1.6270833333333334 1.8500000000000003 3.9500000000000006 742.50000000000011 1.8437500000000002 3.7999999999999967 68.500000000000014 84.500000000000014 84.500000000000014 2.5500000000000003 36.550000000000004 41.500000000000007 20.650000000000002 -0.3794095225512602 -0.12940952255126037 5.8500000000000005 5.3083333333333309 18.050000000000004
decision_type=2 2 2 2 2 2 2 2 2 2 2 2 2 2 2 2 2 2 2 2 2 2 2 2 2 2 2 2 2 2
left_child=1 2 9 4 8 -5 26 -8 -4 13 11 12 -11 16 15 -10 -1 18 19 -18 -20 -6 24 -24 -15 -26 -7 28 -19 -16
right_child=-2 -3 3 5 21 6 7 -9 14 10 -12 -13 -14 22 29 -17 17 27 20 -21 -22 -23 23 -25 25 -27 -28 -29 -30 -31
leaf_value=0.027176118788350988 0.10842267991074821 -0.032617445742031952 -0.089612563277908897 -0.019876641767245538 -0.0067553477527736482 0.095296568015158303 -0.027221154943528419 0.053726877176052387 -0.033947064766491016 0.057671567260272422 -0.060293408974472558 0.013976393506356787 -0.014479819312693669 -0.0010702315670443952 0.01337085091190442 0.0048931015525520575 0.014558393763987248 0.026393613782849386 -0.036130970619815572 -0.038975722559815032 0.0036949159722380644 0.064719899339099843 0.47304253149744685 -0.11361586689843119 0.1443232512294656 -0.021403989701072476 0.019153702341908066 0.054356643007813919 -0.064313926587518847 -0.10690202682201448
leaf_weight=40 28 65 29 69 26 58 83 77 82 43 163 213 524 3997 285 68 44 35 119 37 32 77 31 36 61 40 105 41 46 34
leaf_count=40 28 65 29 69 26 58 83 77 82 43 163 213 524 3997 285 68 44 35 119 37 32 77 31 36 61 40 105 41 46 34
internal_value=-0.000601002 -0.00065234 -0.000575739 0.00150905 -0.000631229 0.00478372 0.0067284 0.00173913 -0.00240481 -0.000952208 -0.00302966 -0.00179257 -0.00355634 -0.00052193 -0.00148936 -0.00609272 -0.0038481 -0.00495775 -0.00772532 -0.00170732 -0.0109211 0.00788462 -0.000206433 -0.00794118 -7.80678e-05 0.0072549 0.0115854 0.000325203 -0.00365854 0.0006875
internal_weight=6588 6560 6495 993 601 392 323 160 498 5502 943 780 567 4559 469 150 394 354 232 81 151 103 4165 67 4098 101 163 122 81 319
internal_count=6588 6560 6495 993 601 392 323 160 498 5502 943 780 567 4559 469 150 394 354 232 81 151 103 4165 67 4098 101 163 122 81 319
is_linear=0
shrinkage=0.04


Tree=77
num_leaves=31
num_cat=0
split_feature=3 14 14 17 7 5 13 13 13 5 11 7 10 11 3 7 14 10 18 8 3 8 11 15 0 5 3 8 7 13
split_gain=3.04111 2.37574 2.76625 2.90564 3.3899 4.50475 3.13392 3.38954 2.97177 3.03743 3.27435 4.62715 3.09421 2.46413 2.43474 2.8828 2.43028 2.97587 2.35184 2.31712 4.94272 2.71747 2.46024 2.41748 2.29857 2.25857 2.25779 2.20899 2.10761 2.70234
threshold=55.350000000000009 358.50000000000006 270.50000000000006 -0.25881904510252113 1.7562500000000003 1.9500000000000002 8.1500000000000004 11.050000000000002 15.550000000000002 0.95000000000000007 18.750000000000004 10.135416666666668 1.9500000000000002 12.65 9.9500000000000011 7.5437500000000011 66.500000000000014 9.5500000000000025 0.1294095225512602 10.550000000000002 8.4500000000000011 18.050000000000004 -5.8499999999999988 1.0000000180025095e-35 1.7500000000000002 8.4500000000000011 9.0500000000000025 8.4500000000000011 2.9104166666666673 5.7500000000000009
decision_type=2 2 2 2 2 2 2 2 2 2 2 2 2 2 2 2 2 2 2 2 2 2 2 2 2 2 2 2 2 2
left_child=1 2 3 8 -5 -6 -7 -8 9 13 11 14 18 -1 26 -16 -13 -18 -12 20 22 -21 -4 -22 -9 27 -11 -17 29 -24
right_child=-2 -3 19 4 5 6 7 24 -10 10 12 16 -14 -15 15 25 17 -19 -20 21 23 -23 28 -25 -26 -27 -28 -29 -30 -31
leaf_value=0.045186916739013448 0.08439530498030734 -0.031312747912350683 0.029048235240649305 0.038178551469694108 -0.032136241635446511 0.0011163320372556918 -0.023250767836723724 -0.015252548861201944 -0.047396978884930621 -0.010615996220698811 -0.062028037975850693 -0.0052348353079498724 0.028989771997173508 -0.0069827050725181916 0.041033297829077643 0.043089583905978779 -0.037097122520401253 0.016440494480261806 -0.0014891805526776737 0.087189714950384731 -0.042039508332833542 -0.028411988333906492 -0.0011858210198576735 0.024143179808282761 0.0064930214912117994 0.024885164775657848 -0.042211988761670656 -0.046538830857037021 0.00025339498821503882 0.08831625442339823
leaf_weight=40 25 65 45 75 205 2797 205 35 70 993 45 36 173 26 37 28 111 25 315 198 137 51 37 25 139 31 74 45 446 54
leaf_count=40 25 65 45 75 205 2797 205 35 70 993 45 36 173 26 37 28 111 25 315 198 137 51 37 25 139 31 74 45 446 54
internal_value=-0.000576719 -0.000630713 -0.000553931 -0.000904468 -0.000196702 -0.000384388 -1.25905e-05 -0.00342105 -0.00209756 -0.00180808 -0.00210031 -0.00312817 0.000561798 0.00656716 -0.00224979 0.00267606 -0.00924855 -0.0116788 -0.00155125 0.00138833 0.000268456 0.00472 0.00198971 -0.00588957 0.000685714 -0.000761905 -0.00290262 -0.00459459 0.00122677 0.00673913
internal_weight=6588 6563 6498 5505 3456 3381 3176 379 2049 1979 1913 1380 533 66 1208 141 172 136 360 993 744 249 582 162 174 104 1067 73 537 91
internal_count=6588 6563 6498 5505 3456 3381 3176 379 2049 1979 1913 1380 533 66 1208 141 172 136 360 993 744 249 582 162 174 104 1067 73 537 91
is_linear=0
shrinkage=0.04


Tree=78
num_leaves=31
num_cat=0
split_feature=3 20 6 5 11 10 3 11 11 16 19 4 11 7 7 9 20 16 1 14 3 10 5 3 16 4 19 4 6 9
split_gain=2.37999 2.3197 6.92947 5.75473 4.004 3.08613 5.61595 2.70384 3.22047 5.32573 3.45453 6.4704 4.79823 4.23365 3.66673 3.47408 3.263 3.20271 3.44451 2.91054 2.81752 4.11145 3.99457 3.64115 2.97342 2.75964 2.75889 4.31136 3.22159 2.94219
threshold=55.350000000000009 1.0000000180025095e-35 30.341666666666665 38.300000000000004 -7.4499999999999993 0.55000000000000016 13.250000000000002 23.450000000000003 0.65000000000000002 47.500000000000007 1.0000000180025095e-35 13.65 2.4500000000000006 1.6270833333333334 3.2625000000000006 87.500000000000014 -0.56174490092936669 897.50000000000011 4.6500000000000012 168.50000000000003 2.6500000000000008 15.65 7.2500000000000009 5.4500000000000011 1287.5000000000002 4.7500000000000009 0.87837969732492682 8.8500000000000032 2.6999999999999971 75.500000000000014
decision_type=2 2 2 2 2 2 2 2 2 2 2 2 2 2 2 2 2 2 2 2 2 2 2 2 2 2 2 2 2 2
left_child=1 5 3 4 -3 6 -1 8 9 16 12 14 -10 -14 15 -12 19 18 26 -7 22 23 -15 -22 -25 -21 27 29 -28 -16
right_child=-2 2 -4 -5 -6 7 -8 -9 10 -11 11 -13 13 20 17 -17 -18 -19 -20 25 21 -23 -24 24 -26 -27 28 -29 -30 -31
leaf_value=-0.038891129998759343 0.081019492781095007 -0.058314936875982756 -0.059556849983533409 0.13194355939300884 -0.0041182036876514696 0.057151793169625799 0.052981052059057579 0.040784360243956284 -0.025174730231667618 0.015002557415276056 -0.02068653127336793 -0.052000458763044613 0.06432308434045883 -0.037007237078197142 -0.030007277558985159 0.047975156453790503 -0.018901038174327225 -0.059114756368859246 -0.0041434973410005857 -0.011985156632665408 0.034359483201115676 0.12051047626800714 0.066575186264985792 -0.0064984795326725117 0.058685136350500149 0.03487014007936539 -0.00050675120693391309 0.02062343162385627 0.076572022102818493 0.017864205595693985
leaf_weight=147 25 56 33 31 2668 56 28 433 191 252 243 69 25 127 70 29 163 80 638 72 351 40 52 503 30 28 29 27 58 34
leaf_count=147 25 56 33 31 2668 56 28 433 191 252 243 69 25 127 70 29 163 80 638 72 351 40 52 503 30 28 29 27 58 34
internal_value=-0.000540294 -0.000588056 -0.00146289 -0.00124093 -0.00143853 5.82627e-05 -0.00511364 0.000311025 -9.4697e-05 0.00262238 -0.000693107 -0.00217527 0.000742424 0.00173605 -0.00148883 -0.00556777 -0.0008125 -0.000298826 0.00042007 0.0033121 0.0013587 0.00224865 -0.00322222 0.00167232 -0.000411985 -0.000792079 0.00474886 0.00106061 0.0102273 -0.00266667
internal_weight=6588 6563 2788 2755 2724 3775 175 3600 3167 571 2596 1277 1319 1128 1208 272 319 936 856 156 1103 924 179 884 533 100 218 131 87 104
internal_count=6588 6563 2788 2755 2724 3775 175 3600 3167 571 2596 1277 1319 1128 1208 272 319 936 856 156 1103 924 179 884 533 100 218 131 87 104
is_linear=0
shrinkage=0.04


Tree=79
num_leaves=31
num_cat=0
split_feature=3 3 12 7 8 4 8 5 5 2 7 5 17 5 11 7 5 17 7 10 10 15 19 9 5 7 7 7 19 8
split_gain=2.38477 1.89729 4.5964 2.14654 3.77416 4.1655 3.16978 3.34947 2.96963 2.67854 4.40452 5.09983 2.82864 6.46743 3.89168 2.84421 2.86695 2.59944 2.58293 2.45333 2.43405 2.42221 2.36995 2.25665 4.78504 2.6215 2.21662 4.53524 2.7798 2.30189
threshold=55.350000000000009 32.500000000000007 41.500000000000007 15.69375 18.350000000000005 17.650000000000002 14.850000000000003 12.950000000000001 19.350000000000005 13.450000000000001 11.289583333333335 11.750000000000002 0.60355339059327384 15.950000000000001 27.350000000000005 1.7562500000000003 8.4500000000000011 0.78656609248549325 21.504166666666674 5.1500000000000012 3.2500000000000004 1.0000000180025095e-35 -1.0000000180025095e-35 43.500000000000007 7.7500000000000009 13.202083333333333 6.7937500000000011 6.1062500000000011 0.6078576107927941 10.15
decision_type=2 2 2 2 2 2 2 2 2 2 2 2 2 2 2 2 2 2 2 2 2 2 2 2 2 2 2 2 2 2
left_child=1 3 -3 4 5 9 8 -8 -5 12 -11 20 23 14 15 -14 21 18 -9 -7 -12 26 -13 24 -1 -25 27 28 -17 -29
right_child=-2 2 -4 6 -6 19 7 17 -10 10 11 22 13 -15 -16 16 -18 -19 -20 -21 -22 -23 -24 25 -26 -27 -28 29 -30 -31
leaf_value=0.047993392588543675 0.077778713069851194 0.0068675728631797028 -0.062055419638137155 0.032725230514058588 -0.039581091885206671 -0.058166204239375845 -0.068087512678444637 0.17985952806176023 -0.021084333307758777 0.049697288579543156 0.012919822628525566 0.10404762088549002 0.064771583276366437 -0.07660029196285667 0.17935025099064178 -0.0095271664936166719 0.015073810154758647 -0.0027720598184892966 0.059069506162065542 -0.00071414941012525545 -0.055700859138759523 0.032603417079498737 -0.0049471752949706632 -0.0056399866163925876 -0.0095496795793119024 0.047918177399958919 -0.0290392317560287 0.10131252538968955 0.013266994778215633 -0.0065120065094690458
leaf_weight=90 25 52 39 41 246 74 26 52 49 150 31 44 45 71 46 490 423 32 34 40 64 131 31 3732 79 35 119 63 199 35
leaf_count=90 25 52 39 41 246 74 26 52 49 150 31 44 45 71 46 490 423 32 34 40 64 131 31 3732 79 35 119 63 199 35
internal_value=-0.000552436 -0.000600244 -0.00630435 -0.000519079 -0.000660362 -0.000460537 0.00323404 0.00689655 -0.00263736 -0.000312978 0.00323988 -0.00116959 -0.000518079 0.000887246 0.00143041 0.0010757 0.000766598 0.0097479 0.0133333 -0.008 -0.00729167 -0.000366089 0.00657895 -0.00109728 0.00341176 -0.00130042 -0.00110254 -0.000329949 -0.00147826 0.00767677
internal_weight=6588 6563 91 6472 6238 5992 234 144 90 5878 320 170 5558 1622 1551 1505 1460 118 86 114 95 1037 75 3936 169 3767 906 787 689 98
internal_count=6588 6563 91 6472 6238 5992 234 144 90 5878 320 170 5558 1622 1551 1505 1460 118 86 114 95 1037 75 3936 169 3767 906 787 689 98
is_linear=0
shrinkage=0.04


Tree=80
num_leaves=31
num_cat=0
split_feature=11 19 11 8 1 10 13 12 5 17 12 13 19 13 12 13 18 7 2 5 6 10 11 12 13 2 2 7 4 11
split_gain=2.34876 5.62374 4.87571 3.75063 4.47975 3.30064 3.10914 2.86315 2.8111 2.75438 3.79016 3.09953 2.63095 2.57381 2.55012 2.39961 2.33077 2.97085 4.10612 3.96073 3.08707 2.93933 2.82194 2.69922 2.52241 2.62648 2.44316 2.7087 4.36952 2.82373
threshold=21.550000000000004 1.0000000180025095e-35 26.750000000000004 7.3500000000000005 3.8500000000000001 2.2500000000000004 8.4500000000000011 24.500000000000004 12.450000000000001 0.37940952255126054 35.500000000000007 3.6500000000000008 0.6078576107927941 2.3500000000000001 29.500000000000004 11.65 0.60355339059327384 8.7895833333333346 9.2500000000000018 2.1500000000000008 4.6333333333333302 0.8500000000000002 -12.249999999999998 61.500000000000007 11.350000000000003 8.4500000000000011 4.1500000000000012 4.3854166666666679 4.5500000000000007 0.75000000000000011
decision_type=2 2 2 2 2 2 2 2 2 2 2 2 2 2 2 2 2 2 2 2 2 2 2 2 2 2 2 2 2 2
left_child=16 2 7 4 14 15 -5 -2 -6 11 -11 13 -8 -9 -3 -4 21 19 20 26 -19 -1 -23 -20 25 -21 27 28 29 -18
right_child=1 3 5 6 8 -7 12 9 -10 10 -12 -13 -14 -15 -16 -17 17 18 23 24 -22 22 -24 -25 -26 -27 -28 -29 -30 -31
leaf_value=0.031758771007072431 -0.079214438016232167 0.089581171599774398 -0.044301958545434346 0.17197389123897389 -0.023416226782015315 0.0098494752849916274 0.22077820445643626 0.03060919609515448 0.041927994140618631 0.045228143794951166 -0.028648607985804979 0.044282107928299154 -0.021843765179804891 -0.029785030621256911 -0.011347586266304832 0.024241927922122812 0.0075452578684445017 0.0055403085945593131 0.063192842223189577 0.0033971980520466974 -0.054275594899967 -0.033490015504301189 -0.001115414319071384 -0.015103916720772227 -0.022844856169526126 -0.024242436587088693 0.01189773848396385 -0.043362116886235307 0.059213791956113704 -0.032442830810343548
leaf_weight=67 39 86 193 201 151 65 25 43 26 47 81 140 41 38 34 34 35 26 44 659 106 26 4020 26 90 25 51 43 32 146
leaf_count=67 39 86 193 201 151 65 25 43 26 47 81 140 41 38 34 34 35 26 44 659 106 26 4020 26 90 25 51 43 32 146
internal_value=-0.000409577 0.00115663 -0.00129222 0.00410619 0.00100671 -0.00518771 0.00753731 0.00164524 -0.00303371 0.0028 -0.00186047 0.0054955 0 -0.000731707 0.00694215 -0.00745614 -0.000770799 -0.00225857 -0.00669951 -0.00142329 -0.0108271 -0.000306271 -0.000444774 0.00112676 0.000103226 0.000934307 -0.00525974 -0.00684825 -0.00495327 -0.00736264
internal_weight=6640 1244 680 564 297 292 267 388 177 349 128 221 66 81 120 227 5396 1283 202 1081 132 4113 4046 70 774 684 307 256 213 181
internal_count=6640 1244 680 564 297 292 267 388 177 349 128 221 66 81 120 227 5396 1283 202 1081 132 4113 4046 70 774 684 307 256 213 181
is_linear=0
shrinkage=0.04


Tree=81
num_leaves=31
num_cat=0
split_feature=11 19 11 8 1 10 5 12 4 0 10 12 10 3 6 14 14 13 12 7 7 19 5 1 13 10 13 3 2 4
split_gain=2.25932 4.59587 4.44805 3.09579 4.47975 2.96913 2.8111 2.55012 2.5081 3.02733 2.38734 2.37832 2.42532 2.466 4.99435 2.37027 3.00492 4.41757 3.43046 2.52672 2.33474 2.33323 4.67796 5.13623 4.15175 3.58923 2.95318 2.79238 4.21262 3.37195
threshold=21.550000000000004 1.0000000180025095e-35 26.750000000000004 7.3500000000000005 3.8500000000000001 2.2500000000000004 12.450000000000001 29.500000000000004 15.350000000000003 12.950000000000001 6.6500000000000012 24.500000000000004 1.6500000000000001 16.850000000000005 9.0083333333333329 356.50000000000006 270.50000000000006 10.550000000000002 29.500000000000004 1.8437500000000002 7.4395833333333341 -1.0000000180025095e-35 11.15 8.4500000000000011 2.1500000000000008 17.450000000000003 0.45000000000000007 13.15 20.650000000000002 19.750000000000004
decision_type=2 2 2 2 2 2 2 2 2 2 2 2 2 2 2 2 2 2 2 2 2 2 2 2 2 2 2 2 2 2
left_child=15 2 11 4 7 20 -6 -3 10 -10 -5 -2 -13 14 -14 16 17 21 -18 -19 -4 22 23 -1 26 -24 -25 -23 -29 -30
right_child=1 3 5 8 6 -7 -8 -9 9 -11 -12 12 13 -15 -16 -17 18 19 -20 -21 -22 27 25 24 -26 -27 -28 28 29 -31
leaf_value=0.0023271511462598939 -0.076045860495582859 0.085997924735783396 0.00083183575505863417 0.071700619238570407 -0.022479577710734732 0.0094554962735919554 0.040250874374993889 -0.010893682815652639 -0.018825304450623168 0.66908199243150535 0.53741714733926382 0.034899787758468082 0.019241498228786718 0.13003223334012071 -0.044951622389048963 -0.032680694228719921 0.086890405363929626 0.022925181575367225 0.0037685076498541648 -0.021542762322219248 -0.054160891503775233 -0.0039206800770715941 0.033272359238179873 -0.040994667110525747 -0.024512789316293394 0.084114772917199127 0.045630853057165022 -0.029652528953332907 0.071476133655867996 -0.023562253818637587
leaf_weight=1224 39 86 58 148 151 65 26 34 34 38 47 150 79 49 71 47 44 36 675 283 169 2176 264 26 258 25 101 166 34 37
leaf_count=1224 39 86 58 148 151 65 26 34 34 38 47 150 79 49 71 47 44 36 675 283 169 2176 264 26 258 25 101 166 34 37
internal_value=-0.000379461 0.00115663 -0.00105727 0.00382301 0.00100671 -0.00477816 -0.00303371 0.00694215 0.0069403 0.000547945 0.00928571 0.00174807 0.0028 -0.0001 -0.00264901 -0.000733741 -0.000654206 -0.00102786 0.00175 -0.0055625 -0.00692982 -0.000691095 0.000358083 -0.000484472 -0.00450777 0.00503448 0.00140625 -0.00151616 -0.00563025 0.0025
internal_weight=6640 1244 680 564 297 292 177 120 267 72 195 388 349 199 150 5396 5349 4630 719 319 227 4311 1898 1609 385 289 127 2413 237 71
internal_count=6640 1244 680 564 297 292 177 120 267 72 195 388 349 199 150 5396 5349 4630 719 319 227 4311 1898 1609 385 289 127 2413 237 71
is_linear=0
shrinkage=0.04


Tree=82
num_leaves=31
num_cat=0
split_feature=11 12 13 7 7 11 18 12 9 11 11 5 19 18 19 11 7 3 7 17 10 9 10 16 11 19 13 10 11 20
split_gain=2.31129 2.01314 3.77839 4.18261 3.72195 2.96484 2.60357 3.75179 3.9469 6.40935 5.90554 5.48689 3.16878 3.11632 3.04692 4.43094 5.3026 3.21089 3.01445 2.99895 2.9424 2.86567 3.10447 2.8274 3.07691 3.94069 2.69762 2.69727 4.92821 4.32674
threshold=-12.249999999999998 86.500000000000014 3.6500000000000008 12.139583333333336 7.3312500000000007 1.5500000000000003 1.0000000180025095e-35 58.500000000000007 68.500000000000014 -3.0499999999999994 -0.54999999999999993 4.6500000000000012 -0.8783796973249266 -0.5 0.6078576107927941 13.450000000000001 6.1895833333333341 13.15 7.2354166666666684 -1.0000000180025095e-35 8.9500000000000011 60.500000000000007 11.850000000000003 27.500000000000004 0.8500000000000002 -1.0000000180025095e-35 8.6500000000000004 3.2500000000000004 6.1500000000000012 -0.56174490092936669
decision_type=2 2 2 2 2 2 2 2 2 2 2 2 2 2 2 2 2 2 2 2 2 2 2 2 2 2 2 2 2 2
left_child=-1 6 3 4 5 -3 7 14 9 20 13 12 -12 -10 15 -2 -17 -16 -18 27 -9 -20 -23 24 25 -21 -11 -8 29 -29
right_child=1 2 -4 -5 -6 -7 19 8 10 26 11 -13 -14 -15 17 16 18 -19 21 23 -22 22 -24 -25 -26 -27 -28 28 -30 -31
leaf_value=-0.032243500929979539 0.053464237338842154 -0.017999732487499927 -0.022561337305362521 -0.037224734206162284 0.031063204299494489 0.0043356293542329283 -0.0041953527395652479 0.079036697266937378 -0.0465238714422875 0.0020813612306504938 0.13369919902699257 -0.017499925991063137 0.015094420859181881 -0.0067390789181275322 0.060457813954112948 -0.054412318188873869 0.19094511664282329 -0.038455565238356366 -0.034670772522473643 0.037462911221150995 0.011484942274865979 0.016386170330804858 0.21656860795341382 0.0034191093099719973 -0.035682429661271595 -0.011439243927302929 -0.033612721431599851 0.023940657230363413 -0.032942505473286615 -0.017883700452269818
leaf_weight=32 117 206 274 72 109 229 900 50 126 1093 26 231 147 49 252 138 27 27 85 34 67 173 30 1482 148 44 53 63 182 174
leaf_count=32 117 206 274 72 109 229 900 50 126 1093 26 231 147 49 252 138 27 27 85 34 67 173 30 1482 148 44 53 63 182 174
internal_value=-0.000349345 -0.000296565 -0.0020651 -0.000324149 0.000880734 -0.000779817 -2.09827e-05 0.000884101 -0.000130222 0.00112342 -0.00286207 -0.000197531 0.00517241 -0.00897727 0.00308235 0.00140105 -0.000396476 0.0065 0.00246835 -0.000825627 0.01 0.00124567 0.00382353 0.000280866 -0.00387665 0.00253165 0.000209241 -0.00225758 -0.00490476 -0.00109244
internal_weight=6640 6608 890 616 544 435 5718 2691 1842 1263 579 404 173 175 849 570 453 279 315 3027 117 288 203 1708 226 78 1146 1319 419 237
internal_count=6640 6608 890 616 544 435 5718 2691 1842 1263 579 404 173 175 849 570 453 279 315 3027 117 288 203 1708 226 78 1146 1319 419 237
is_linear=0
shrinkage=0.04


Tree=83
num_leaves=31
num_cat=0
split_feature=14 13 10 19 7 7 4 7 0 0 16 13 12 3 1 7 5 7 13 0 0 10 12 5 20 12 20 10 14 18
split_gain=2.1664 3.58968 3.56587 3.98186 3.43972 3.46951 4.34848 3.45697 3.97173 3.78256 3.2036 3.18939 3.07759 3.45371 5.21861 4.15751 2.96438 4.83962 3.67173 3.10313 5.49693 3.34201 2.91358 2.83277 2.73121 2.69469 2.69386 3.42804 3.14956 2.54792
threshold=259.50000000000006 1.3500000000000003 5.7500000000000009 -1.0000000180025095e-35 4.9354166666666677 17.375000000000004 15.350000000000003 8.7895833333333346 16.950000000000003 2.2500000000000004 57.500000000000007 15.250000000000002 86.500000000000014 8.5500000000000025 6.1500000000000012 12.458333333333336 3.8500000000000001 2.1854166666666672 13.850000000000003 5.6500000000000012 2.7500000000000004 2.0500000000000003 33.500000000000007 1.2500000000000002 -0.56174490092936669 77.500000000000014 0.81174490092936691 3.6500000000000008 314.50000000000006 -0.12940952255126037
decision_type=2 2 2 2 2 2 2 2 2 2 2 2 2 2 2 2 2 2 2 2 2 2 2 2 2 2 2 2 2 2
left_child=2 24 3 16 29 6 7 9 -9 -6 -5 12 13 14 -12 -15 17 23 19 20 -18 -22 -17 -1 -2 -19 27 28 -11 -3
right_child=1 4 -4 10 5 -7 -8 8 -10 26 11 -13 -14 15 -16 22 18 25 -20 -21 21 -23 -24 -25 -26 -27 -28 -29 -30 -31
leaf_value=0.038784454814431546 0.01837979576755842 0.068500079574014952 0.00061028352032032273 -0.026693758190913377 0.014409994025402106 0.63097164560180707 -0.037354355214539156 0.055658713936088129 -0.074107652458490283 -0.054873804742728821 -0.0034015112796415537 -0.027537858724111401 -0.047135554474189587 0.014638644970061811 -0.053918093610578359 -0.060870640444614744 -0.0075478774273406391 -0.011551880450937465 0.27420624519638337 -0.0068530486661012623 -0.0087315426453583103 0.10981977035483008 0.010831516226954899 0.00049808308219805757 -0.031258269739334904 -0.035570357719619236 0.044930071310067772 -0.00048191254933669829 -0.028867778917705422 0.0056505161793621644
leaf_weight=30 53 144 3151 193 43 31 103 198 27 61 517 76 43 211 106 59 114 248 33 240 30 116 47 55 122 60 54 133 67 275
leaf_count=30 53 144 3151 193 43 31 103 198 27 61 517 76 43 211 106 59 114 248 33 240 30 116 47 55 122 60 54 133 67 275
internal_value=-0.000343322 0.0011128 -0.000701689 -0.00194585 0.00193492 0.000250696 -0.000349345 0.000993151 0.00486726 -0.00144847 -0.0034158 -0.00254717 -0.00193089 -0.00144527 -0.00317308 0.00194969 4.31499e-05 -0.00258883 0.00198502 0.00111776 0.00413793 0.0092517 -0.00448598 0.00581395 -0.00420455 -0.00491909 -0.00297468 -0.00465649 -0.00930233 0.00480952
internal_weight=6640 1311 5329 2178 1136 717 686 583 225 358 1252 1059 983 940 623 317 926 393 533 500 260 146 106 85 175 308 315 261 128 419
internal_count=6640 1311 5329 2178 1136 717 686 583 225 358 1252 1059 983 940 623 317 926 393 533 500 260 146 106 85 175 308 315 261 128 419
is_linear=0
shrinkage=0.04


Tree=84
num_leaves=31
num_cat=0
split_feature=3 14 1 13 4 13 7 8 1 13 5 14 3 3 7 13 9 4 1 0 14 5 0 3 8 9 4 3 12 7
split_gain=2.11458 2.68091 4.74218 4.63655 4.07235 4.10585 3.06866 2.95202 5.17098 3.61915 3.32864 3.27405 3.0564 3.36591 3.13584 4.15182 3.45156 3.2214 3.08561 5.77175 2.8394 2.77992 3.06619 2.74937 2.62241 2.60651 2.46937 3.18602 2.67144 3.17517
threshold=2.7500000000000004 187.50000000000003 40.350000000000009 15.550000000000002 17.950000000000003 12.850000000000003 15.69375 16.950000000000003 12.050000000000002 3.2500000000000004 15.750000000000002 353.50000000000006 5.5500000000000007 4.6500000000000012 8.7895833333333346 4.9500000000000011 62.500000000000007 14.850000000000003 9.0500000000000025 7.0500000000000007 338.50000000000006 7.3500000000000005 2.8500000000000001 15.350000000000003 4.6500000000000012 75.500000000000014 3.1500000000000008 0.95000000000000007 28.500000000000004 3.4729166666666669
decision_type=2 2 2 2 2 2 2 2 2 2 2 2 2 2 2 2 2 2 2 2 2 2 2 2 2 2 2 2 2 2
left_child=26 3 4 -2 5 6 7 8 9 11 12 -3 13 21 15 16 -14 -16 19 -17 -6 22 -11 -10 -24 -18 27 -1 -29 -30
right_child=1 2 -4 -5 20 -7 -8 -9 23 10 -12 -13 14 -15 17 18 25 -19 -20 -21 -22 -23 24 -25 -26 -27 -28 28 29 -31
leaf_value=0.012567310366258085 -0.0019237971425705781 -0.0063738955155508313 0.88334242797189677 -0.075007115126223808 -0.040938031261106442 0.028500582222155978 0.30452056859704685 -0.040547390148150966 0.16505104002131929 0.025542463027316539 -0.095727718455345445 -0.047336734778663361 0.22002184516160125 0.06118173102672142 0.069906172533533359 -0.042571728878906666 -0.087476603266313332 -0.0075484777861833411 -0.038226850886266137 0.1621687042822802 0.05547926458017699 0.059844232154810016 -0.022480197543383495 -0.021006615016707652 0.0080882438939338108 0.059242669339891058 -0.015912191768370505 0.022866213110491137 -0.01369159363069361 0.01150121247065158
leaf_weight=121 3068 644 26 35 90 132 34 176 123 68 28 43 45 83 108 112 25 39 35 29 25 55 44 37 70 33 649 49 491 123
leaf_count=121 3068 644 26 35 90 132 34 176 123 68 28 43 45 83 108 112 25 39 35 29 25 55 44 37 70 33 649 49 491 123
internal_value=-0.000355368 1.92012e-05 0.00112114 -0.000728093 0.000904281 0.00133401 0.000840611 0.000611791 0.00114673 0.000396717 0.00227097 -0.00171512 0.00278447 0.00573209 0.000562061 -0.00192857 0.00442308 0.00527027 -0.00564972 -0.00295775 -0.00637931 0.00327731 0.000874317 0.00795031 -0.00313043 -0.0020339 -0.00171548 -0.000203822 -0.00129518 -0.00201626
internal_weight=6640 5207 2104 3103 2078 1963 1831 1797 1621 1461 774 687 746 320 426 279 103 147 176 141 115 237 182 160 114 58 1433 784 663 614
internal_count=6640 5207 2104 3103 2078 1963 1831 1797 1621 1461 774 687 746 320 426 279 103 147 176 141 115 237 182 160 114 58 1433 784 663 614
is_linear=0
shrinkage=0.04


Tree=85
num_leaves=31
num_cat=0
split_feature=14 10 12 3 4 3 1 1 10 20 11 13 11 20 8 15 19 19 11 11 8 6 8 4 19 3 13 8 3 4
split_gain=3.40605 3.54208 2.92101 3.0466 4.69959 2.60404 5.42892 3.77308 3.38763 2.94351 3.79507 3.20219 3.01704 2.66794 2.54296 2.467 7.17372 4.24757 3.82232 3.71858 4.04155 3.73185 8.01485 2.72336 2.34251 4.03512 5.52544 6.71885 4.41248 3.38135
threshold=231.50000000000003 6.3500000000000005 76.500000000000014 12.750000000000002 8.4500000000000011 2.7500000000000004 3.1500000000000008 1.9500000000000002 3.0500000000000003 1.0000000180025095e-35 1.3500000000000003 3.5500000000000003 3.9500000000000006 1.0000000180025095e-35 2.5500000000000003 1.0000000180025095e-35 1.0000000180025095e-35 1.0000000180025095e-35 -7.4499999999999993 16.150000000000002 2.9500000000000006 4.3333333333333313 7.3500000000000005 6.8500000000000005 0.6078576107927941 5.8500000000000005 1.9500000000000002 10.15 2.1500000000000008 4.1500000000000012
decision_type=2 2 2 2 2 2 2 2 2 2 2 2 2 2 2 2 2 2 2 2 2 2 2 2 2 2 2 2 2 2
left_child=1 2 5 4 -4 6 7 8 -1 10 -7 -11 -13 -10 -9 17 -17 -2 -19 20 -20 -21 -23 -22 29 28 27 -27 -26 -3
right_child=15 24 3 -5 -6 9 -8 14 13 11 -12 12 -14 -15 -16 16 -18 18 19 21 23 22 -24 -25 25 26 -28 -29 -30 -31
leaf_value=-0.017629246522025729 -0.0067334871016921129 -0.010128270658921128 -0.019394680618488352 -0.026971433677439951 0.012176780193950805 0.052487543498763944 -0.034833123576257993 -0.018608947449670482 0.013399198383492426 -0.025331684772488244 0.0045067839314602409 0.034947158476435355 -0.010709909373780696 -0.0074368938295188069 0.051271154896079842 0.070089336601779309 -0.021418500519718508 0.039542708776741091 0.01215986858577601 0.12603332636421807 -0.0025937115948582346 -0.046619464135293553 0.085389460482338392 -0.032736627105468603 -0.020270665497564268 -0.020147373395072245 -0.018240437633007787 0.13967315694631821 0.037418065643849023 0.0021666737007647184
leaf_weight=128 793 786 479 66 96 32 125 31 53 118 695 34 382 42 55 171 67 30 57 44 133 66 173 54 96 77 236 63 309 1133
leaf_count=128 793 786 479 66 96 32 125 31 53 118 695 34 382 42 55 171 67 30 57 44 133 66 173 54 96 77 236 63 309 1133
internal_value=-0.00050717 -0.00101648 -0.00215661 -0.00445483 -0.00350694 -0.00128538 -0.00395402 -0.00109677 -0.00383929 -0.000364501 0.00129121 -0.00261682 -0.000959233 0.001875 0.00597701 0.00110761 0.00485356 0.000444115 0.00311828 0.00231061 -0.00130612 0.00542254 0.00341667 -0.00414894 -2.96187e-05 0.00181586 -0.00116711 0.00510638 0.00458128 -0.00078125
internal_weight=6624 5036 2336 641 575 1695 434 309 223 1261 727 534 416 95 86 1588 238 1350 557 527 244 283 239 187 2700 781 376 140 405 1919
internal_count=6624 5036 2336 641 575 1695 434 309 223 1261 727 534 416 95 86 1588 238 1350 557 527 244 283 239 187 2700 781 376 140 405 1919
is_linear=0
shrinkage=0.04


Tree=86
num_leaves=31
num_cat=0
split_feature=14 10 9 0 4 20 7 7 4 16 15 7 11 11 13 4 18 8 13 14 1 0 5 16 7 16 5 5 11 8
split_gain=2.96717 3.49584 3.52819 4.97542 3.65771 6.88427 3.95607 3.43884 4.85227 3.03861 3.95919 3.25663 6.79363 3.69761 3.04323 4.78508 2.93261 4.3934 3.1956 3.25157 2.87878 3.38396 2.74335 2.71168 3.33806 2.67765 2.64392 2.64338 2.56973 5.84209
threshold=230.50000000000003 6.3500000000000005 86.500000000000014 5.6500000000000012 8.4500000000000011 -0.22252093395631442 8.127083333333335 15.69375 17.650000000000002 42.500000000000007 1.0000000180025095e-35 3.1895833333333337 -4.3499999999999988 2.2500000000000004 10.550000000000002 10.050000000000002 -0.70710678118654757 3.0500000000000003 15.15 34.500000000000007 17.550000000000004 10.850000000000003 2.2500000000000004 352.50000000000006 6.8312500000000007 477.50000000000006 5.9500000000000011 0.8500000000000002 10.550000000000002 20.150000000000002
decision_type=2 2 2 2 2 2 2 2 2 2 2 2 2 2 2 2 2 2 2 2 2 2 2 2 2 2 2 2 2 2
left_child=1 2 3 4 16 -6 -7 8 9 26 11 13 -13 -11 20 -16 17 -1 19 -18 21 -14 -5 24 -12 28 -2 -4 29 -3
right_child=7 25 27 22 5 6 -8 -9 -10 10 23 12 14 -15 15 -17 18 -19 -20 -21 -22 -23 -24 -25 -26 -27 -28 -29 -30 -31
leaf_value=-0.035669634690159845 -0.027809226633303208 -0.0015648672286090104 0.049017975301194276 0.012460921441230007 0.031901128877831975 0.002779315956878854 -0.034956858565229662 0.15293998705109077 -0.071588524841925641 -0.023704779801657774 0.07427098636804319 0.037961000425671437 -0.0032365833585326345 0.034522753472249049 -0.063127629092391974 0.029391998425949258 -0.036038953747153844 0.043743285649347409 -0.040724848072549891 0.0011731737208300697 -0.091266169403889638 0.090092494357047817 -0.022487076971948881 0.069511082196849219 -0.016608055626945058 -0.030581606669224187 0.012776014981602551 -0.0012320127731517516 0.0096523398508353078 -0.061719992777402401
leaf_weight=159 120 1696 27 44 114 40 31 70 52 40 70 64 558 137 92 38 102 68 39 554 47 141 407 91 25 33 61 742 912 50
leaf_count=159 120 1696 27 44 114 40 31 70 52 40 70 64 558 137 92 38 102 68 39 554 47 141 407 91 25 33 61 742 912 50
internal_value=-0.000525283 -0.00100418 -0.00213918 -0.00323284 -0.001787 0.00333333 -0.00638889 0.000970753 0.000572544 0.000996633 0.00167178 0.000769231 -0.000170032 0.00573034 -0.00109464 -0.00671756 -0.0028169 -0.00675439 -0.00152299 -0.000852359 -0.000107095 0.000542857 -0.00676991 0.00705882 0.00229167 -2.22883e-05 -0.00384615 7.79221e-05 0.000120346 -0.000778477
internal_weight=6624 5018 2327 1558 1107 185 71 1606 1536 1484 1303 1117 940 177 876 130 922 227 695 656 746 699 451 186 95 2691 181 769 2658 1746
internal_count=6624 5018 2327 1558 1107 185 71 1606 1536 1484 1303 1117 940 177 876 130 922 227 695 656 746 699 451 186 95 2691 181 769 2658 1746
is_linear=0
shrinkage=0.04


Tree=87
num_leaves=31
num_cat=0
split_feature=14 16 10 9 0 9 5 19 14 8 17 18 16 11 3 7 0 8 0 1 10 14 14 14 18 11 1 19 9 9
split_gain=2.50607 3.30853 3.16266 3.37652 4.8785 3.83639 3.495 3.86571 3.76188 3.26449 3.23464 3.15737 4.2693 2.97078 3.73901 3.53211 5.1134 3.15178 3.78485 2.88075 4.03798 3.1316 2.76086 2.74211 2.65685 3.99634 2.7751 2.54292 2.52011 2.42219
threshold=231.50000000000003 42.500000000000007 6.6500000000000012 86.500000000000014 6.4500000000000011 49.500000000000007 3.3500000000000001 -1.0000000180025095e-35 172.50000000000003 5.4500000000000011 0.25881904510252091 0.25881904510252057 147.50000000000003 5.4500000000000011 3.1500000000000008 4.4645833333333345 6.9500000000000011 6.8500000000000005 3.7500000000000004 3.7500000000000004 4.4500000000000011 134.50000000000003 331.50000000000006 97.500000000000014 -0.70710678118654757 1.2500000000000002 2.0500000000000003 0.6078576107927941 80.500000000000014 69.500000000000014
decision_type=2 2 2 2 2 2 2 2 2 2 2 2 2 2 2 2 2 2 2 2 2 2 2 2 2 2 2 2 2 2
left_child=2 27 3 4 5 -1 24 19 9 11 -5 12 -9 14 -3 17 -17 18 -15 20 23 -22 -16 -8 -7 26 -26 -2 -18 -4
right_child=1 13 29 10 -6 6 7 8 -10 -11 -12 -13 -14 15 22 16 28 -19 -20 -21 21 -23 -24 -25 25 -27 -28 -29 -30 -31
leaf_value=0.028067351391504316 -0.0054116076783141407 -0.0018958048236408943 0.0019880825970548699 -0.0031245791018775296 -0.020936694867755037 -0.025967298953342974 -0.030612451748529779 -0.04744621918039197 -0.036069123488755482 -0.019364855942278183 0.023002596298403653 0.028246529078340944 0.015561653276152471 0.020094888971239618 0.038766998397242035 -0.031830879441501966 -0.0056805166008294886 0.12227680090028806 -0.078454385223066012 0.11449553046458164 -0.052478624485641688 0.0072818330448900246 -0.0097935919716905673 0.086279693202764032 0.016763672297533123 -0.01469946949525399 -0.0018518933026696871 -0.030466089300410247 0.052709600762877715 -0.010160231289409865
leaf_weight=31 124 139 1956 646 421 129 29 45 104 49 135 98 51 187 203 287 280 29 32 109 35 44 35 51 31 399 48 59 213 625
leaf_count=31 124 139 1956 646 421 129 29 45 104 49 135 98 51 187 203 287 280 29 32 109 35 44 35 51 31 399 48 59 213 625
internal_value=-0.000579623 0.000805538 -0.00101648 -0.00204397 -0.00305672 -0.00180223 -0.00215863 -3.24675e-05 -0.00281609 -8.19672e-05 0.000127877 0.00225641 -0.0028866 0.00146515 0.00449735 0.000349854 -0.000973111 0.00449799 0.00281818 0.00356877 0.000125 -0.00625 0.00753138 0.00641975 -0.00430921 -0.00292276 0.00525 -0.00423913 0.00149798 -3.87297e-05
internal_weight=6624 1588 5036 2455 1674 1253 1222 615 347 243 781 194 96 1405 377 1028 780 248 219 268 159 79 238 80 607 478 79 183 493 2581
internal_count=6624 1588 5036 2455 1674 1253 1222 615 347 243 781 194 96 1405 377 1028 780 248 219 268 159 79 238 80 607 478 79 183 493 2581
is_linear=0
shrinkage=0.04


Tree=88
num_leaves=31
num_cat=0
split_feature=14 7 4 16 15 19 11 19 11 4 5 5 0 7 14 8 5 5 11 2 4 14 20 7 9 11 7 19 11 13
split_gain=2.61051 2.80274 4.75104 2.59014 3.53008 6.29986 4.71445 4.24118 3.90952 4.55165 3.8981 2.87101 3.04495 2.79218 3.03775 2.53131 2.67778 3.12301 5.37913 2.66692 2.59894 2.33204 2.3979 3.75933 3.7278 6.24552 7.36711 5.65239 5.23126 3.88787
threshold=230.50000000000003 17.375000000000004 17.650000000000002 37.500000000000007 1.0000000180025095e-35 -1.0000000180025095e-35 -4.3499999999999988 1.0000000180025095e-35 24.250000000000004 12.950000000000001 16.350000000000005 9.6500000000000004 2.7500000000000004 3.1895833333333337 314.50000000000006 2.6500000000000008 6.8500000000000005 2.8500000000000001 26.350000000000005 2.7500000000000004 3.1500000000000008 225.50000000000003 1.0000000180025095e-35 1.8437500000000002 70.500000000000014 -0.94999999999999984 8.4833333333333361 0.6078576107927941 2.1500000000000008 7.0500000000000007
decision_type=2 2 2 2 2 2 2 2 2 2 2 2 2 2 2 2 2 2 2 2 2 2 2 2 2 2 2 2 2 2
left_child=21 2 3 -2 5 8 -7 -6 9 10 11 12 -5 -14 -15 -8 17 19 -19 -17 -21 22 -1 -24 27 26 -26 29 -29 -25
right_child=1 -3 -4 4 7 6 15 -9 -10 -11 -12 -13 13 14 -16 16 -18 18 -20 20 -22 -23 23 24 25 -27 -28 28 -30 -31
leaf_value=-0.0005061242886714723 -0.013934361728327236 0.44996662741324545 -0.046660266459068893 0.011870032055166534 0.071134276655340334 0.037618160093623523 0.020449023819063106 -0.0074744310892986476 -0.082726390427510454 0.071272772356644837 -0.1375529002254115 0.12208737586384259 0.032357235860569808 -0.050095353158882507 -0.0054150782978415711 -0.02602139702983049 0.025527219048312733 -0.029478208323688283 0.14822207056034145 0.14538437991803271 0.019482702488363639 -0.061834628888754968 0.029508023814759667 -0.0038653416319500522 -0.048685758942118795 -0.0097888474486733032 0.023788653039206482 0.12451180483002582 0.0023390190456553661 -0.024554068972088033
leaf_weight=2855 158 47 62 91 145 54 88 47 79 57 25 48 26 103 58 36 203 156 31 26 66 42 28 654 108 882 29 91 250 79
leaf_count=2855 158 47 62 91 145 54 88 47 79 57 25 48 26 103 58 36 203 156 31 26 66 42 28 654 108 882 29 91 250 79
internal_value=-0.00050717 0.00089608 0.000602564 0.00105474 0.00162687 0.000783972 0.00332829 0.00663212 -0.00266393 -0.00107579 -0.00278409 -0.00159021 -0.00315412 -0.00606383 -0.00802469 0.00230643 0.00123314 -0.00107595 -0.0043617 0.00372093 0.00731183 -0.000956366 -0.00087603 -0.00189444 -0.00209169 -0.00382353 -0.0117391 -0.000446512 0.00380117 -0.00242507
internal_weight=6624 1606 1559 1497 1339 1147 660 192 487 408 351 326 278 187 161 606 518 315 187 128 92 5018 4976 2121 2093 1019 137 1074 341 733
internal_count=6624 1606 1559 1497 1339 1147 660 192 487 408 351 326 278 187 161 606 518 315 187 128 92 5018 4976 2121 2093 1019 137 1074 341 733
is_linear=0
shrinkage=0.04


Tree=89
num_leaves=31
num_cat=0
split_feature=14 10 9 0 7 20 7 15 5 5 16 15 19 19 11 2 0 11 7 5 11 6 13 11 13 5 10 14 18 2
split_gain=2.63937 2.76629 3.14143 5.02404 4.05436 6.21984 4.47838 3.1158 2.83432 2.71525 2.59439 3.30437 6.27466 4.64058 3.49843 2.71973 5.40593 2.68865 2.57363 3.49618 3.11996 2.56751 2.41629 2.86449 2.74445 2.35585 2.21763 2.20928 2.45186 2.20964
threshold=231.50000000000003 5.7500000000000009 87.500000000000014 5.3500000000000005 6.1479166666666671 1.0000000180025095e-35 9.8270833333333361 1.0000000180025095e-35 0.8500000000000002 2.2500000000000004 37.500000000000007 1.0000000180025095e-35 1.0000000180025095e-35 1.0000000180025095e-35 -4.3499999999999988 3.5500000000000003 7.0500000000000007 17.150000000000002 15.69375 17.250000000000004 24.250000000000004 0.79999999999999838 16.350000000000005 23.450000000000003 10.550000000000002 11.65 3.3500000000000001 34.500000000000007 -0.9159756150367534 4.2500000000000009
decision_type=2 2 2 2 2 2 2 2 2 2 2 2 2 2 2 2 2 2 2 2 2 2 2 2 2 2 2 2 2 2
left_child=1 2 3 4 21 6 -6 9 -4 -5 -2 12 18 -13 -14 -16 -17 -18 19 20 -12 -1 23 24 27 26 -11 -23 -29 -30
right_child=10 -3 8 7 5 -7 -8 -9 -10 25 11 13 14 -15 15 16 17 -19 -20 -21 -22 22 -24 -25 -26 -27 -28 28 29 -31
leaf_value=0.011369250070519766 -0.015094702786576661 -0.0005232774270012364 0.047202484424768446 0.048974640597948225 0.052540859431162601 -0.029904723170976446 -0.013731863820887043 -0.043571225850862198 -0.0010515910059453759 -0.084393025828601143 -0.0012156787266603786 0.067667153443924932 0.036113433689878571 -0.008765075325214226 0.01851178531285548 -0.022482570932316488 -0.018496245778604106 0.082564428401779952 0.070012643995297386 -0.11731923359852614 -0.048225338348114558 -0.039008036713100082 -0.053094461078355394 0.036135294234991164 -0.028582334222037948 -0.0027433106910137186 -0.010013145212262643 -0.039534629395280872 -0.0054609529911446679 0.04053848001367559
leaf_weight=31 159 2961 25 35 128 55 30 57 691 93 539 152 50 49 127 132 45 142 36 26 131 77 27 41 72 76 140 81 356 60
leaf_count=31 159 2961 25 35 128 55 30 57 691 93 539 152 50 49 127 132 45 142 36 26 131 77 27 41 72 76 140 81 356 60
internal_value=-0.000464906 -0.000913242 -0.00203276 -0.00316176 -0.00158498 0.00327103 0.0072956 -0.00691542 0.000111576 -0.00544928 0.000956576 0.0014965 0.000716029 0.00623762 0.00418511 0.00304251 0.0010625 0.00542553 -0.00163711 -0.00218077 -0.00160954 -0.00297587 -0.00346853 -0.00299419 -0.0036476 -0.00664516 -0.00863248 -0.00271304 -0.00172691 -0.000479616
internal_weight=6624 5036 2075 1359 958 213 158 401 716 344 1588 1429 1228 201 496 446 319 187 732 696 670 745 714 687 646 309 233 574 497 416
internal_count=6624 5036 2075 1359 958 213 158 401 716 344 1588 1429 1228 201 496 446 319 187 732 696 670 745 714 687 646 309 233 574 497 416
is_linear=0
shrinkage=0.04


Tree=90
num_leaves=31
num_cat=0
split_feature=17 8 16 1 12 11 11 10 7 7 0 19 13 13 9 20 12 10 12 12 7 1 13 14 7 16 16 9 8 7
split_gain=3.02975 4.54399 5.42333 3.50666 3.19316 3.18365 2.89011 3.80548 3.88824 3.02967 2.81624 2.72634 2.73127 2.93968 2.67211 3.7714 2.51537 4.20158 2.40102 2.35931 2.46155 2.35826 6.12387 3.16392 2.62263 3.94359 5.29945 3.71378 4.81259 5.18045
threshold=0.60355339059327384 16.850000000000005 52.500000000000007 19.850000000000005 93.500000000000014 26.250000000000004 16.150000000000002 3.4500000000000006 2.4354166666666672 21.504166666666674 0.75000000000000011 0.6078576107927941 6.6500000000000012 1.8500000000000003 54.500000000000007 -0.56174490092936669 75.500000000000014 14.450000000000001 57.500000000000007 75.500000000000014 6.7937500000000011 5.7500000000000009 2.1500000000000008 90.500000000000014 6.1479166666666671 57.500000000000007 1077.5000000000002 84.500000000000014 5.1500000000000012 4.8729166666666677
decision_type=2 2 2 2 2 2 2 2 2 2 2 2 2 2 2 2 2 2 2 2 2 2 2 2 2 2 2 2 2 2
left_child=4 5 3 -3 6 -2 9 8 -8 14 -10 12 13 -9 15 19 -17 -18 -13 -1 -21 24 -23 -24 27 -26 -27 28 -16 -30
right_child=1 2 -4 -5 -6 -7 7 11 10 -11 -12 18 -14 -15 21 16 17 -19 -20 20 -22 22 23 -25 25 26 -28 -29 29 -31
leaf_value=-0.042092173366758703 0.0041285743863867276 -0.025333545085667878 -0.065968730704920001 0.044502361982101599 -0.028526660549256597 0.063096303116407321 0.039420976828622008 -0.01419058080363925 -0.058579851091652736 -0.020574703820882789 -0.0023543984049745072 0.13647122234195216 -0.039512213164504574 0.050682605738498199 -0.015299674101847627 0.071692166056554055 0.010741115810596131 -0.045735652947669153 0.019897448637829562 -0.013422986521668099 0.024389407920295449 0.013689754352810848 -0.0036383804540870558 -0.035991968152679125 -0.011444014353799563 0.026122601168999511 -0.029141377935785435 0.0093212417263558219 0.05063884242494144 -0.02950608874571696
leaf_weight=55 1620 81 98 52 55 61 31 91 33 26 1088 92 45 198 1068 110 200 29 46 70 35 220 131 389 80 200 37 253 111 41
leaf_count=55 1620 81 98 52 55 61 31 91 33 26 1088 92 45 198 1068 110 200 29 46 70 35 220 131 389 80 200 37 253 111 41
internal_value=-0.000318941 0.00102457 -0.00422414 0.00104478 -0.000861668 0.00174792 -0.000747863 0.000615385 -0.000624458 -0.00147251 -0.00101604 0.00363636 0.00167164 0.00310345 -0.00135314 0.00132 0.00370588 0.00130435 0.00834532 -0.00372671 -0.000188679 -0.00188068 -0.00377868 -0.00614203 -0.00109436 0.00220126 0.00478992 -0.00180461 -0.00271908 0.00392157
internal_weight=6646 1912 231 133 4734 1681 4679 1624 1152 3055 1121 472 334 289 3029 499 339 229 138 160 105 2530 740 520 1790 317 237 1473 1220 152
internal_count=6646 1912 231 133 4734 1681 4679 1624 1152 3055 1121 472 334 289 3029 499 339 229 138 160 105 2530 740 520 1790 317 237 1473 1220 152
is_linear=0
shrinkage=0.04


Tree=91
num_leaves=31
num_cat=0
split_feature=17 8 1 5 12 20 11 11 10 6 7 14 20 13 7 18 14 11 7 8 7 7 5 11 7 11 6 5 13 11
split_gain=2.9502 4.47194 3.91199 3.83305 3.18179 3.03328 2.93352 2.74294 4.93572 3.43139 2.2807 2.24503 4.27112 2.32381 2.20342 2.0782 3.2847 3.23679 5.53814 4.95887 7.19411 3.89299 2.8762 3.03298 2.80875 3.83682 3.76212 2.66976 2.50343 3.03906
threshold=0.60355339059327384 16.850000000000005 20.850000000000005 15.850000000000003 93.500000000000014 1.0000000180025095e-35 25.550000000000004 19.550000000000004 3.4500000000000006 26.375000000000004 9.6062500000000011 270.50000000000006 1.0000000180025095e-35 12.750000000000002 2.4354166666666672 0.1294095225512602 290.50000000000006 0.8500000000000002 8.4208333333333361 2.8500000000000001 7.135416666666667 3.3062500000000008 2.0500000000000003 5.8500000000000005 4.3520833333333346 4.9500000000000011 3.9583333333333308 3.9500000000000006 9.5500000000000025 10.550000000000002
decision_type=2 2 2 2 2 2 2 2 2 2 2 2 2 2 2 2 2 2 2 2 2 2 2 2 2 2 2 2 2 2
left_child=4 3 5 6 7 -3 11 9 14 15 -5 13 -13 -2 -9 16 28 19 21 -17 -21 22 23 -19 -23 26 -26 -27 29 -1
right_child=1 2 -4 10 -6 -7 -8 8 -10 -11 -12 12 -14 -15 -16 17 -18 18 -20 20 -22 24 -24 -25 25 27 -28 -29 -30 -31
leaf_value=-0.005858823745279889 0.0026860410333398302 -0.011344415310939091 0.030035468683359171 -0.078556195373683912 -0.02738559412728634 -0.06282716659037961 0.060572450991751056 0.022781347962776765 0.050678182758848785 -0.048824558765738824 -0.0034504045188308652 0.09635905209281162 -0.0047667856233233686 0.05871586700686203 -0.0024123287683423468 0.015084752485105853 0.031421225020780208 -0.035706403750351397 -0.037761210268457489 -0.014988017339221891 0.031812387375119863 0.016940316653479358 -0.0083202963760066959 -0.011917796325879628 -0.0083277708384827415 -0.027911935305212101 0.024901508940174902 -0.0010943610300114415 -0.0069147831434356989 0.019588200407563292
leaf_weight=1286 1320 74 69 31 55 88 73 27 224 31 86 81 50 40 954 60 134 73 179 101 44 207 171 87 63 186 72 155 116 509
leaf_count=1286 1320 74 69 31 55 88 73 27 224 31 86 81 50 40 954 60 134 73 179 101 44 207 171 87 63 186 72 155 116 509
internal_value=-0.000343012 0.00098275 -0.00422414 0.00170036 -0.000878564 -0.00760736 0.00222364 -0.000764957 0.000878939 -0.00133525 -0.00525424 0.00183646 0.00681818 0.00135195 -0.000346232 -0.0012137 -0.000400782 -0.00240172 -0.00319933 0.00223301 -0.00178082 -0.00204926 -0.00560241 -0.00944099 -0.000321637 -0.00201258 0.00367647 -0.00426901 -0.00082636 -0.00045657
internal_weight=6646 1912 231 1681 4734 162 1564 4679 1205 3474 117 1491 131 1360 981 3443 2045 1398 1193 205 145 1014 331 160 683 476 135 341 1911 1795
internal_count=6646 1912 231 1681 4734 162 1564 4679 1205 3474 117 1491 131 1360 981 3443 2045 1398 1193 205 145 1014 331 160 683 476 135 341 1911 1795
is_linear=0
shrinkage=0.04


Tree=92
num_leaves=31
num_cat=0
split_feature=2 4 17 1 16 0 11 0 9 20 10 12 10 12 9 10 20 6 16 12 3 16 16 20 12 11 20 4 11 14
split_gain=2.72383 2.49917 2.56849 5.03162 4.26038 3.61721 2.54423 3.61318 4.06227 3.62369 3.00899 5.30814 2.89916 2.69833 2.3845 2.38159 2.34806 2.31963 3.4552 3.62281 2.73895 3.69562 3.46109 4.68103 2.64732 5.15194 3.17692 2.97438 3.67976 2.84396
threshold=55.350000000000009 48.400000000000013 0.60355339059327384 15.750000000000002 57.500000000000007 18.550000000000004 18.750000000000004 23.000000000000004 55.500000000000007 -0.56174490092936669 4.1500000000000012 57.500000000000007 6.2500000000000009 74.500000000000014 39.500000000000007 15.15 0.81174490092936691 5.9499999999999984 1067.5000000000002 86.500000000000014 4.5500000000000007 1442.5000000000002 1462.5000000000002 1.0000000180025095e-35 76.500000000000014 5.4500000000000011 -0.56174490092936669 4.6500000000000012 0.75000000000000011 173.50000000000003
decision_type=2 2 2 2 2 2 2 2 2 2 2 2 2 2 2 2 2 2 2 2 2 2 2 2 2 2 2 2 2 2
left_child=1 2 6 -4 5 -5 7 8 9 12 -8 -12 -1 -11 -14 16 -15 20 19 -19 22 24 -10 -24 25 -22 29 28 -28 -26
right_child=-2 -3 3 4 -6 -7 10 -9 17 13 11 -13 14 15 -16 -17 -18 18 -20 -21 21 -23 23 -25 26 -27 27 -29 -30 -31
leaf_value=0.010752195141399667 0.11452218647178647 -0.056327762614742483 0.0043646332639914222 -0.03317459656180697 -0.053931402371856042 0.033296945618533656 -0.00089389370335240419 -0.058116358162257936 -0.0093474860124202596 0.051561978875579055 0.091799285892772461 -0.02461187538641223 0.035202092628724237 0.013773211085172399 -0.031321699782646775 -0.01725345193766234 -0.01548520172263613 -0.0064307011977652899 -0.062550981580417331 -0.034048444322452055 0.03962629452677497 -0.040756175359527726 -0.0052776940966255204 0.076393114754464059 0.073755258104407098 0.00035187861035504756 -0.03563349762277216 -0.02042762418158656 0.059175936429100594 -0.015310274954068889
leaf_weight=31 27 33 1732 32 68 61 1047 32 1167 155 165 56 26 216 140 35 49 724 55 118 120 34 66 33 36 162 26 125 47 28
leaf_count=31 27 33 1732 32 68 61 1047 32 1167 155 165 56 26 216 140 35 49 724 55 118 120 34 66 33 36 162 26 125 47 28
internal_value=-0.000306905 -0.000359517 -0.000303628 0.00093981 -0.00580247 -0.000212766 -0.000805283 -0.00137186 -0.00124337 0.00159265 0.00072498 0.00495495 -0.00292929 0.00355263 -0.00502994 0.0013289 0.00263158 -0.00191831 -0.00358575 -0.00294187 -0.00110569 0.00117444 -0.0021468 0.005 0.00198165 0.00466431 -0.000912548 -0.00341709 0.00297297 0.00676923
internal_weight=6646 6619 6586 1893 161 93 4693 3425 3393 652 1268 221 197 455 166 300 265 2741 897 842 1844 578 1266 99 544 282 262 198 73 64
internal_count=6646 6619 6586 1893 161 93 4693 3425 3393 652 1268 221 197 455 166 300 265 2741 897 842 1844 578 1266 99 544 282 262 198 73 64
is_linear=0
shrinkage=0.04


Tree=93
num_leaves=31
num_cat=0
split_feature=2 4 17 1 16 5 0 12 16 2 20 12 12 14 12 7 5 2 20 9 16 14 0 16 14 6 5 3 20 9
split_gain=2.71595 2.50756 2.24253 4.57921 3.89215 3.748 3.61721 2.89411 2.56812 3.51117 3.10099 4.00043 2.84654 2.67167 2.44757 4.26607 3.31183 2.8936 2.85074 2.83635 4.18403 3.16632 5.5029 3.8031 3.14975 3.77166 3.72948 3.72647 3.27285 3.15748
threshold=55.350000000000009 48.400000000000013 0.60355339059327384 15.750000000000002 57.500000000000007 16.350000000000005 18.550000000000004 45.500000000000007 187.50000000000003 13.050000000000002 1.0000000180025095e-35 67.500000000000014 41.500000000000007 112.50000000000001 83.500000000000014 10.852083333333335 31.850000000000005 13.850000000000003 -0.56174490092936669 68.500000000000014 47.500000000000007 187.50000000000003 0.75000000000000011 182.50000000000003 75.500000000000014 1.0833333333333324 1.1500000000000001 3.1500000000000008 1.0000000180025095e-35 70.500000000000014
decision_type=2 2 2 2 2 2 2 2 2 2 2 2 2 2 2 2 2 2 2 2 2 2 2 2 2 2 2 2 2 2
left_child=1 2 14 5 6 8 -5 -7 9 13 -10 12 -12 -4 16 17 19 -16 -17 -1 -21 24 -23 -24 26 -26 -22 -27 -29 -28
right_child=-2 -3 3 4 -6 7 -8 -9 10 -11 11 -13 -14 -15 15 18 -18 -19 -20 20 21 22 23 -25 25 27 29 28 -30 -31
leaf_value=0.003612254971170863 0.10994129901291501 -0.054074652110152784 -0.034844227329295027 -0.031847612699334692 -0.051774146276981813 -0.11568271837952032 0.031965067793792344 -0.0054336105257949009 0.064170639792608106 0.087791781518370374 0.013841512657456293 0.035314808135856718 -0.027955219471400242 0.0035034744503241733 -0.0064363331275048008 -0.048319558358797504 0.23046427421780064 0.031119301449661664 -0.020996478469288139 -0.030282864449080762 0.0907567700583541 -0.050425874378880763 0.012870577190657465 0.0022600905518508443 0.021627400942696662 -0.022738521751092193 -0.036310555295170098 0.0030427585417183781 -0.023351307924848897 0.0010694340097074572
leaf_weight=1326 27 33 63 32 68 28 61 79 213 43 25 52 31 1198 744 34 38 25 78 256 29 50 97 825 36 187 27 270 201 470
leaf_count=1326 27 33 63 32 68 28 61 79 213 43 25 52 31 1198 744 34 38 25 78 256 29 50 97 825 36 187 27 270 201 470
internal_value=-0.000288852 -0.00034139 -0.000285411 0.000876452 -0.00555556 0.00147721 -0.000212766 -0.00574074 0.00195572 0.00116475 0.00515528 -0.000366972 -0.0077193 0.000776545 -0.000754154 -0.00265306 -0.000314713 -0.00158442 -0.0099115 -0.000434437 -0.00124132 -0.000674875 0.00102775 0.00173348 -0.00203112 -0.00379856 0.000303605 -0.00449165 -0.00258475 -0.000522088
internal_weight=6646 6619 6586 1893 161 1732 93 107 1625 1304 321 108 56 1261 4693 881 3812 769 112 3774 2448 2192 972 922 1220 694 526 658 471 497
internal_count=6646 6619 6586 1893 161 1732 93 107 1625 1304 321 108 56 1261 4693 881 3812 769 112 3774 2448 2192 972 922 1220 694 526 658 471 497
is_linear=0
shrinkage=0.04


Tree=94
num_leaves=31
num_cat=0
split_feature=2 7 11 11 20 7 12 4 17 0 14 16 4 12 12 7 16 0 14 9 0 2 17 7 0 12 3 14 13 6
split_gain=2.72383 2.65595 6.34321 9.26968 5.20941 5.17061 4.11894 3.99537 3.43929 3.42278 3.27314 5.05235 3.08398 2.92848 2.8561 2.8108 2.76818 2.69697 2.59244 2.73687 2.50696 3.02522 5.49014 2.42408 2.48714 2.38826 3.08802 2.922 2.72762 3.05599
threshold=55.350000000000009 8.5250000000000021 -0.84999999999999998 10.550000000000002 0.81174490092936691 11.812500000000002 37.500000000000007 11.65 0.78656609248549325 10.850000000000003 290.50000000000006 72.500000000000014 7.5500000000000007 37.500000000000007 78.500000000000014 23.560416666666672 27.500000000000004 5.8500000000000005 32.500000000000007 85.500000000000014 14.850000000000003 9.2500000000000018 -0.5 11.614583333333334 15.050000000000002 76.500000000000014 2.7500000000000004 149.50000000000003 3.0500000000000003 2.8333333333333299
decision_type=2 2 2 2 2 2 2 2 2 2 2 2 2 2 2 2 2 2 2 2 2 2 2 2 2 2 2 2 2 2
left_child=1 7 -3 5 9 20 -6 8 18 -5 11 13 -10 -11 23 16 -15 -14 19 -1 21 -4 -23 24 -13 26 -20 28 -27 -30
right_child=-2 2 3 4 6 -7 -8 -9 12 10 -12 14 17 15 -16 -17 -18 -19 25 -21 -22 22 -24 -25 -26 27 -28 -29 29 -31
leaf_value=-0.030556663698949358 0.10554364705239841 0.026353829662566605 -0.017222926169700649 -0.0059241115511692579 -0.047712279685696884 -0.040165749527552704 -0.008174398593926711 0.026591049355986291 0.0040921516614275079 1.2296501124518593 0.078917014010105715 0.12852869340308906 0.0058458472450549073 0.31802213263555368 -0.051935624821752742 -0.052584138292233185 0.030686465082040683 0.12151995453644653 -0.0060704683770913806 0.0061458689929817113 -0.040949885836840998 -0.045009346974815248 0.027190525365932104 -0.01937148703173527 -0.023120633228320066 0.013255864844580412 0.0070952439919415864 -0.010438445092698388 -0.029235124713572917 0.0043034921373732264
leaf_weight=166 27 99 154 526 76 106 175 62 882 27 111 55 32 45 32 29 121 41 590 84 34 45 82 179 27 200 1463 929 76 171
leaf_count=166 27 99 154 526 76 106 175 62 882 27 111 55 32 45 32 29 121 41 590 84 34 45 82 179 27 200 1463 929 76 171
internal_value=-0.000306905 -0.000359517 -0.00161123 -0.00214795 -0.000584046 -0.00734597 -0.00579365 0.000153289 1.726e-05 0.000555074 0.00255183 0.00120155 0.00215481 0.00573991 -0.0022449 0.00397959 0.00598802 0.01 -0.000538043 -0.00446215 -0.00474684 -0.00347518 0.00109375 -0.000839695 0.00481928 -0.000250729 0.000613437 -0.00153958 0.00111607 -0.00169355
internal_weight=6646 6619 1923 1824 1403 421 251 4696 4634 1152 626 515 955 222 293 195 166 73 3679 250 315 281 127 261 82 3429 2053 1376 447 247
internal_count=6646 6619 1923 1824 1403 421 251 4696 4634 1152 626 515 955 222 293 195 166 73 3679 250 315 281 127 261 82 3429 2053 1376 447 247
is_linear=0
shrinkage=0.04


Tree=95
num_leaves=31
num_cat=0
split_feature=9 14 14 4 5 13 8 14 20 1 6 20 6 1 2 3 3 5 11 12 19 11 9 0 4 12 14 16 16 13
split_gain=2.03073 1.99752 2.12611 2.73691 5.77091 4.34673 2.85106 3.34611 2.62154 2.21499 1.95765 1.93565 2.44804 2.77102 2.37874 2.01428 1.89753 1.81774 1.78964 3.16042 4.18542 2.38775 2.35966 4.35723 2.87441 2.27759 2.22737 4.31278 3.3288 3.22678
threshold=132.50000000000003 25.500000000000004 62.500000000000007 16.250000000000004 11.550000000000002 4.8500000000000005 18.650000000000002 149.50000000000003 1.0000000180025095e-35 20.450000000000003 14.466666666666667 0.81174490092936691 3.3499999999999974 6.2500000000000009 2.7500000000000004 10.550000000000002 9.4500000000000011 12.850000000000003 23.250000000000004 21.500000000000004 0.6078576107927941 29.750000000000004 87.500000000000014 9.4500000000000011 7.8500000000000005 17.500000000000004 259.50000000000006 422.50000000000006 857.50000000000011 10.750000000000002
decision_type=2 2 2 2 2 2 2 2 2 2 2 2 2 2 2 2 2 2 2 2 2 2 2 2 2 2 2 2 2 2
left_child=1 -1 11 6 16 -6 18 -8 9 17 -7 12 14 -14 -3 -15 -5 -9 26 20 21 -20 23 -21 -24 -22 28 29 -4 -28
right_child=-2 2 3 4 5 10 7 8 -10 -11 -12 -13 13 15 -16 -17 -18 -19 19 22 25 -23 24 -25 -26 -27 27 -29 -30 -31
leaf_value=-0.014623213261763147 0.5317470699476442 0.0042038199923695174 -0.0012111999820631958 -0.0033299089575776365 0.014472212443022983 -0.044041678780453404 -0.055983833939012587 0.14404016774447637 -0.047659438338000744 0.18317848366158937 -0.01353902441386353 -0.032608440630679178 0.070967403098948986 -0.011660334348621841 -0.018514503164706451 0.055846043016785994 -0.037429034005418881 -0.15145625269861757 -0.098038443753105331 0.022378228905586078 0.075134560145394894 -0.003254527001514216 0.01296980013002532 -0.051713846098106482 0.06249112400243801 -0.0036093833079065972 -0.00083797771412152499 0.019842655471684269 -0.016292986250599599 -0.019634067511983704
leaf_weight=338 29 63 3530 37 167 36 41 35 100 32 51 49 83 47 25 60 121 25 45 174 28 53 65 51 106 29 498 394 331 25
leaf_count=338 29 63 3530 37 167 36 41 35 100 32 51 49 83 47 25 60 121 25 45 174 28 53 65 51 106 29 498 394 331 25
internal_value=-0.000383866 -0.000430723 -0.000269756 -0.000441841 -0.00358354 0.000156863 -0.000208521 -0.00452991 -0.00227979 0.00258065 -0.00704545 0.00286585 0.00415771 0.00670157 -0.00134831 0.00240741 -0.00955975 -0.00196721 -1.87617e-05 0.00213768 -0.00269231 -0.00767677 0.00403023 0.00132743 0.00755814 0.00586207 -0.000267838 0.00150327 -0.000688762 -0.000877863
internal_weight=6668 6639 6301 5974 412 254 5562 233 192 92 87 327 278 190 88 107 158 60 5329 551 155 98 396 225 171 57 4778 917 3861 523
internal_count=6668 6639 6301 5974 412 254 5562 233 192 92 87 327 278 190 88 107 158 60 5329 551 155 98 396 225 171 57 4778 917 3861 523
is_linear=0
shrinkage=0.04


Tree=96
num_leaves=31
num_cat=0
split_feature=7 11 11 19 1 4 11 3 7 2 10 8 10 14 8 13 14 9 10 6 19 11 10 10 13 11 11 3 2 10
split_gain=2.01014 4.49127 6.97232 4.31068 3.36884 3.31818 3.27051 2.79705 2.57615 3.20672 3.10953 3.62033 2.68607 2.49455 2.80269 2.08548 1.96644 2.00251 4.01948 2.98342 2.73295 2.0797 4.86083 1.91149 1.84068 1.82467 1.80353 1.78593 3.52546 3.27554
threshold=11.812500000000002 11.050000000000002 0.25000000000000006 -1.0000000180025095e-35 16.950000000000003 19.850000000000005 26.350000000000005 18.450000000000003 14.908333333333335 35.500000000000007 9.9500000000000011 9.8500000000000032 1.3500000000000003 32.500000000000007 10.750000000000002 1.2500000000000002 62.500000000000007 43.500000000000007 10.550000000000002 10.341666666666667 0.6078576107927941 23.250000000000004 0.45000000000000007 2.2500000000000004 2.5500000000000003 20.750000000000004 11.250000000000002 15.15 16.450000000000003 3.0500000000000003
decision_type=2 2 2 2 2 2 2 2 2 2 2 2 2 2 2 2 2 2 2 2 2 2 2 2 2 2 2 2 2 2
left_child=4 2 -2 6 13 -4 15 -8 10 12 11 -5 -10 14 -1 -3 -15 18 -18 20 26 -19 -23 -24 -12 -14 -20 -17 29 -29
right_child=1 3 5 8 -6 -7 7 -9 9 -11 24 -13 25 16 -16 27 17 21 19 -21 -22 22 23 -25 -26 -27 -28 28 -30 -31
leaf_value=-0.015503162345973936 0.069040911301013003 0.18277745592790645 -0.048213959711217828 -0.00064715136836520411 -0.034046943811150657 -0.0017080371720455823 -0.041299757930589785 0.015426472721565823 -0.016367763820200738 -0.19055108750483182 0.24680245235427506 -0.055271445756389571 0.00062504158734487446 0.010625755449755411 0.055734649051913623 0.055482847335503196 0.026782183552540778 -0.0013783676857436335 -0.021839364228902678 0.038259687441907247 0.11004948319244619 -0.041432693601247586 0.010316342216024701 0.050435929961985447 -0.037786228971740603 0.43973093537722335 -0.005280981583096569 0.0095765275358720633 0.068491872477886628 -0.060073662807835576
leaf_weight=296 29 26 77 42 66 35 36 48 48 26 29 87 73 211 52 116 107 4350 38 44 31 59 281 166 49 56 38 28 92 32
leaf_count=296 29 26 77 42 66 35 36 48 48 26 29 87 73 211 52 116 107 4350 38 44 31 59 281 166 49 56 38 28 92 32
internal_value=-0.000317889 -0.00204301 -0.00859155 -0.00086185 -3.83275e-05 -0.0130973 0.00221636 -0.00470588 -0.0036983 -0.000490196 -0.00682692 -0.0106154 0.00146067 6.69722e-05 -0.00320917 0.00420339 0.000281637 0.000125122 0.00355212 -0.000657895 -0.00425926 -5.76488e-05 0.00236686 0.00379464 -0.000506329 0.00446154 -0.00831169 0.00312268 0.000261438 -0.00721311
internal_weight=6668 929 141 788 5739 112 378 84 410 203 207 129 177 5673 348 294 5325 5114 258 151 107 4856 506 447 78 129 76 268 152 60
internal_count=6668 929 141 788 5739 112 378 84 410 203 207 129 177 5673 348 294 5325 5114 258 151 107 4856 506 447 78 129 76 268 152 60
is_linear=0
shrinkage=0.04


Tree=97
num_leaves=31
num_cat=0
split_feature=7 11 11 16 4 0 2 7 14 9 9 16 5 11 8 2 11 0 10 9 0 12 16 9 11 7 3 7 3 16
split_gain=2.01014 4.49127 5.9263 4.51749 3.09241 2.94178 3.25919 5.63432 2.79903 3.06776 2.51683 3.45639 2.46146 4.10134 4.08832 2.99872 3.1885 4.40718 3.61698 3.42201 3.85556 3.36736 3.37005 3.09812 3.07935 2.95156 2.93941 3.08813 2.70451 3.44968
threshold=11.812500000000002 11.050000000000002 0.25000000000000006 1882.5000000000002 19.850000000000005 15.15 13.850000000000003 10.947916666666666 32.500000000000007 85.500000000000014 78.500000000000014 27.500000000000004 8.4500000000000011 18.750000000000004 13.050000000000002 8.6500000000000004 4.9500000000000011 1.0500000000000003 10.550000000000002 43.500000000000007 2.2500000000000004 77.500000000000014 862.50000000000011 49.500000000000007 13.050000000000002 8.8479166666666682 7.5500000000000007 6.0333333333333341 1.0500000000000003 57.500000000000007
decision_type=2 2 2 2 2 2 2 2 2 2 2 2 2 2 2 2 2 2 2 2 2 2 2 2 2 2 2 2 2 2
left_child=5 2 -2 -3 -4 6 8 -8 9 -1 11 -7 13 15 -14 16 17 -10 23 24 21 22 -21 -19 -18 -16 27 -20 -25 -30
right_child=1 3 4 -5 -6 10 7 -9 12 -11 -12 -13 14 -15 25 -17 19 18 26 20 -22 -23 -24 28 -26 -27 -28 -29 29 -31
leaf_value=-0.0212794293446051 0.066279274848972489 0.00060003992385109233 -0.046285401322769121 -0.035277162092394079 -0.0016397156851637629 0.048666232037856645 0.0578070774503869 -0.03939186802292699 -0.033687629537868309 0.0012787913462860435 0.082163542412252114 -0.040965236104062941 0.0024343095005805184 0.0082353840337509431 0.00070152918617282011 -0.014832994978789298 -0.00034244436256379628 0.041255879851177721 -0.0079514358457474198 0.034178341356721618 -0.015772690703153895 -0.022632064563454249 -0.0057245832609723029 0.019739125696223603 0.18497564510246178 0.055614061891812339 -0.038646249645475167 0.011792960570221639 -0.002375934716246606 0.011242204120859292
leaf_weight=199 29 711 77 77 35 29 95 25 55 126 28 109 1067 714 45 394 28 44 300 132 754 40 167 66 25 79 45 60 594 519
leaf_count=199 29 711 77 77 35 29 95 25 55 126 28 109 1067 714 45 394 28 44 300 132 754 40 167 66 25 79 45 60 594 519
internal_value=-0.000317889 -0.00204301 -0.00859155 -0.00086185 -0.0127434 -3.83275e-05 0.000118407 0.00661157 -2.56692e-05 -0.00361963 -0.00526946 -0.00748201 0.000202769 -0.00027933 0.0017953 -0.000887097 -0.000431095 0.00067696 0.00105586 -0.00205754 -0.00254113 0.001 0.00246667 0.00214052 0.00777778 0.00864 -0.00221675 -0.00099723 0.00174576 0.00127469
internal_weight=6668 929 141 788 112 5739 5573 120 5453 325 166 138 5128 3937 1191 3223 2829 1683 1628 1146 1093 339 299 1223 53 124 405 360 1179 1113
internal_count=6668 929 141 788 112 5739 5573 120 5453 325 166 138 5128 3937 1191 3223 2829 1683 1628 1146 1093 339 299 1223 53 124 405 360 1179 1113
is_linear=0
shrinkage=0.04


Tree=98
num_leaves=31
num_cat=0
split_feature=9 4 11 7 5 6 2 5 16 9 0 5 2 2 9 11 3 7 20 14 14 3 7 11 11 14 0 4 6 16
split_gain=1.99806 1.74878 2.62184 1.54878 3.97002 3.09977 2.94154 2.40943 3.24796 3.9649 3.12022 2.97328 2.81231 4.57614 2.63697 2.86025 2.87467 2.78465 2.75 3.35018 2.36605 2.25797 2.22459 3.84752 2.22206 2.20978 3.37628 2.49092 2.33737 3.55583
threshold=132.50000000000003 0.55000000000000016 7.9500000000000011 11.812500000000002 4.9500000000000011 16.025000000000002 8.9500000000000011 8.4500000000000011 1552.5000000000002 68.500000000000014 7.0500000000000007 19.450000000000003 13.750000000000002 9.1500000000000004 53.500000000000007 12.65 6.4500000000000011 5.793750000000002 1.0000000180025095e-35 173.50000000000003 191.50000000000003 9.6500000000000004 5.5604166666666677 11.250000000000002 19.150000000000002 117.50000000000001 5.3500000000000005 6.2500000000000009 7.2499999999999991 82.500000000000014
decision_type=2 2 2 2 2 2 2 2 2 2 2 2 2 2 2 2 2 2 2 2 2 2 2 2 2 2 2 2 2 2
left_child=1 2 -1 5 -5 7 -6 8 12 -10 22 25 13 14 15 17 -17 18 20 -20 -3 -12 23 -11 -24 26 27 -9 29 -27
right_child=-2 3 -4 4 6 -7 -8 11 9 10 21 -13 -14 -15 -16 16 -18 -19 19 -21 -22 -23 24 -25 -26 28 -28 -29 -30 -31
leaf_value=0.025506260401054439 0.49286394813769546 -0.0024502813630721044 -0.018313607333961111 -0.024642741395744138 -0.033619373544887025 -0.033648086112647933 -0.00086780249714864862 -0.014626932613697541 0.055415888211025111 0.024116776490966815 0.073395203268393813 -0.055876572432950432 0.040858198783639853 -0.019529062393045537 -0.0031368027490753293 0.057947684011249334 0.00040708289088570382 0.030203330247023531 -0.022603973758699415 0.070220449196745666 -0.029443108049958457 0.1094574923827296 -0.043876869343045473 -0.0033799633488361016 -0.0015845366752014201 -0.012691076447403945 -0.02110420799586411 0.07793893534640603 0.022317656243963455 0.013927667517721983
leaf_weight=50 29 124 28 60 123 65 732 36 26 43 33 41 85 460 2903 72 48 51 34 60 49 36 34 118 89 285 124 31 507 292
leaf_count=50 29 124 28 60 123 65 732 36 26 43 33 41 85 460 2903 72 48 51 34 60 49 36 34 118 89 285 124 31 507 292
internal_value=-0.000299895 -0.000346386 0.00556962 -0.000417556 -0.00194323 -0.000170002 -0.00123832 -6.8076e-05 -0.00052977 0.003 0.00186441 0.00142749 -0.000874711 -0.0010363 -0.000520646 0.00236902 0.00760331 0.000376176 -0.00126866 0.00421053 -0.00425287 0.00942857 0 0.00308642 -0.00403226 0.00177116 -0.0021875 0.005 0.00247005 0.000726644
internal_weight=6668 6639 78 6561 915 5646 855 5581 4265 379 353 1316 3886 3801 3341 438 120 318 267 94 173 69 284 161 123 1275 191 67 1084 577
internal_count=6668 6639 78 6561 915 5646 855 5581 4265 379 353 1316 3886 3801 3341 438 120 318 267 94 173 69 284 161 123 1275 191 67 1084 577
is_linear=0
shrinkage=0.04


Tree=99
num_leaves=31
num_cat=0
split_feature=9 12 10 0 9 10 14 12 11 9 19 4 16 5 7 0 5 7 1 20 1 14 9 9 1 14 19 11 10 16
split_gain=1.99806 1.62482 3.02056 2.66191 1.86263 2.64459 1.85032 2.08171 3.30678 2.74285 1.99408 1.93113 3.43242 4.05746 2.33462 2.45593 4.21206 4.40051 3.66257 2.5491 1.96382 1.94995 1.84295 4.47644 3.09489 2.86655 2.44647 2.10433 2.06975 1.98865
threshold=132.50000000000003 86.500000000000014 6.0500000000000007 3.7500000000000004 59.500000000000007 7.9500000000000011 25.500000000000004 79.500000000000014 5.2500000000000009 70.500000000000014 0.6078576107927941 16.250000000000004 1845.0000000000002 4.2500000000000009 15.69375 15.050000000000002 16.550000000000004 11.41666666666667 14.250000000000002 1.0000000180025095e-35 18.350000000000005 152.50000000000003 51.500000000000007 63.500000000000007 12.750000000000002 167.50000000000003 0.6078576107927941 3.7500000000000004 9.9500000000000011 27.500000000000004
decision_type=2 2 2 2 2 2 2 2 2 2 2 2 2 2 2 2 2 2 2 2 2 2 2 2 2 2 2 2 2 2
left_child=1 6 -3 4 -4 -6 7 8 -1 -10 -11 14 13 -13 15 18 17 21 -8 20 -19 -17 24 26 28 -26 27 -24 -5 -30
right_child=-2 2 3 22 5 -7 11 -9 9 10 -12 12 -14 -15 -16 16 -18 19 -20 -21 -22 -23 23 -25 25 -27 -28 -29 29 -31
leaf_value=0.03193634473176301 0.47314939021218766 -0.016015797620733584 0.020406748737726181 0.0089350806453270346 0.015025226318648492 -0.027822659167411921 0.00069217473521152148 -0.043155004439115442 -0.048555039502102368 -0.024821979512372555 0.023503217850669566 -0.042653796125468581 -0.050697600307019378 0.00059197592955186453 0.13410213334862497 -0.056382972302379208 -0.099184517869159522 0.173917241325168 0.057161393881632619 -0.017382382406023744 0.076071483608563847 -0.017261563849672399 -0.044173988253968302 0.0054815613587279269 -0.0041795488429960774 0.27308163009516528 0.0028260655553990865 -0.059019360178611723 0.00085900118342994601 -0.011199469797562837
leaf_weight=44 29 244 89 45 44 29 4636 30 45 151 51 32 49 319 48 37 39 27 64 53 28 81 105 106 26 34 32 54 47 50
leaf_count=44 29 244 89 45 44 29 4636 30 45 151 51 32 49 319 48 37 39 27 64 53 28 81 105 106 26 34 32 54 47 50
internal_value=-0.000299895 -0.000346386 -0.00192053 -0.000513595 0.00392638 -0.000810811 -9.7646e-05 -0.00304348 -0.0019863 -0.00379032 -0.0017734 7.75767e-05 -0.00259352 -0.00119318 0.000291185 0.000205397 -0.00353383 -0.00140969 0.000416933 0.00440367 0.0103571 -0.00672269 -0.00196 -0.00395973 0.000985222 0.00852459 -0.00760417 -0.009625 -0.00223776 -0.0055102
internal_weight=6668 6639 905 661 162 73 5734 321 291 247 202 5413 400 351 5013 4965 265 226 4700 108 55 118 499 297 202 60 191 159 142 97
internal_count=6668 6639 905 661 162 73 5734 321 291 247 202 5413 400 351 5013 4965 265 226 4700 108 55 118 499 297 202 60 191 159 142 97
is_linear=0
shrinkage=0.04


Tree=100
num_leaves=31
num_cat=0
split_feature=17 9 4 18 11 7 5 6 2 3 1 11 2 14 8 5 3 12 9 10 4 1 19 10 15 12 3 14 19 10
split_gain=2.23901 2.83036 3.99305 2.76183 3.37363 3.7081 2.9974 2.99181 3.38641 3.76986 3.65308 2.48509 2.44033 3.41601 2.43711 6.68062 3.17288 2.9861 2.94665 2.83682 2.69197 2.81441 3.34396 2.87992 2.47442 2.37031 3.77666 2.80629 3.11001 3.22881
threshold=0.60355339059327384 81.500000000000014 2.3500000000000001 0.1294095225512602 10.350000000000003 12.139583333333336 2.5500000000000003 2.7333333333333303 20.450000000000003 15.050000000000002 49.100000000000009 30.150000000000002 16.250000000000004 66.500000000000014 10.15 15.950000000000001 6.8500000000000005 31.500000000000004 74.500000000000014 9.6500000000000004 10.050000000000002 6.2500000000000009 0.6078576107927941 10.750000000000002 1.0000000180025095e-35 63.500000000000007 9.5500000000000025 103.50000000000001 -1.0000000180025095e-35 5.7500000000000009
decision_type=2 2 2 2 2 2 2 2 2 2 2 2 2 2 2 2 2 2 2 2 2 2 2 2 2 2 2 2 2 2
left_child=3 14 -3 4 5 25 -6 -8 9 12 -10 -5 13 -9 15 16 20 -16 -19 -18 21 22 24 -23 -2 26 -1 28 -27 -30
right_child=1 2 -4 11 6 -7 7 8 10 -11 -12 -13 -14 -15 17 -17 19 18 -20 -21 -22 23 -24 -25 -26 27 -28 -29 29 -31
leaf_value=0.021104432020736866 -0.0071191052349729314 0.12866061947817359 0.0082577409063438276 -0.0076788673775152281 0.10937499793429738 -0.025279271264224967 0.16845591159234041 -0.031899625755921798 0.16360696100553704 -0.040565598513800934 -0.054228068272876656 0.0097259563906705888 0.044077982458686618 0.013930735312924422 0.22711578351768139 -0.085296249540615515 0.067296324636355251 -0.0039681038500512505 -0.029025981928008059 0.0013017656306568703 -0.028828707065131277 -0.00056743427467640826 0.013667586920073607 0.037036921703484327 0.062353311212984722 0.02908209105230572 -0.062779873783398388 -0.0054906569007672698 -0.03008796342298365 0.0036064239795086731
leaf_weight=140 388 46 258 1959 61 46 29 65 73 142 28 245 26 594 25 30 75 466 80 52 40 89 200 145 42 75 36 1157 30 37
leaf_count=140 388 46 258 1959 61 46 29 65 73 142 28 245 26 594 25 30 75 466 80 52 40 89 200 145 42 75 36 1157 30 37
internal_value=-9.28144e-05 0.00105318 0.00459016 -0.000560708 0.000338583 -0.000854139 0.00211973 0.00156576 0.00116254 0.00031401 0.00803922 -0.00159637 0.00154519 0.00106061 0.000391917 0.00152542 0.00207364 -0.00171329 -0.00234004 0.00796875 0.00123757 0.00171098 0.000316957 0.00544681 -0.00167053 -0.000501355 0.00384181 -0.00109231 0.0041958 -0.00205882
internal_weight=6679 1936 304 4743 2539 1521 1018 957 928 827 101 2204 685 659 1632 1061 1031 571 546 127 904 864 630 234 430 1475 176 1299 142 67
internal_count=6679 1936 304 4743 2539 1521 1018 957 928 827 101 2204 685 659 1632 1061 1031 571 546 127 904 864 630 234 430 1475 176 1299 142 67
is_linear=0
shrinkage=0.04


Tree=101
num_leaves=31
num_cat=0
split_feature=0 16 11 20 18 3 2 3 11 9 11 3 12 9 5 11 11 12 19 8 1 10 0 11 17 2 4 1 10 16
split_gain=2.42438 1.84323 2.93345 2.70874 2.23116 2.51986 4.0529 2.2331 4.17154 5.00533 4.55671 2.96339 4.03356 3.07053 2.94094 2.90472 3.62575 4.82267 6.01207 3.56885 4.15939 3.55608 3.28568 2.81423 2.60514 2.59724 2.57558 4.26474 2.84614 2.58641
threshold=1.4500000000000002 2873.1250000000005 30.150000000000002 1.0000000180025095e-35 0.78656609248549303 19.750000000000004 10.850000000000003 5.2500000000000009 -1.3499999999999999 71.500000000000014 -3.0499999999999994 2.1500000000000008 80.500000000000014 77.500000000000014 1.0500000000000003 5.4500000000000011 12.850000000000003 67.500000000000014 0.6078576107927941 2.7500000000000004 8.4500000000000011 2.2500000000000004 7.8500000000000005 8.1500000000000004 0.60355339059327384 5.9500000000000011 39.250000000000007 38.300000000000004 7.2500000000000009 262.50000000000006
decision_type=2 2 2 2 2 2 2 2 2 2 2 2 2 2 2 2 2 2 2 2 2 2 2 2 2 2 2 2 2 2
left_child=-1 2 4 -3 7 6 -6 8 9 10 25 12 13 -10 -9 19 21 18 24 -13 -21 -17 23 -23 -18 -2 27 28 29 -16
right_child=1 3 -4 -5 5 -7 -8 14 11 -11 -12 15 -14 -15 26 16 17 -19 -20 20 -22 22 -24 -25 -26 -27 -28 -29 -30 -31
leaf_value=-0.0052303726383772986 0.018284278225274467 0.018149368699349289 0.036404308861214041 -0.043246544163118211 -0.008669412690900255 -0.075248403446851464 0.056179548351548196 0.1145591037798895 -0.015456771501379541 -0.029141937610134585 -0.026920844070795199 -0.0059567360974598143 0.021468700059403743 0.0046350019957899138 -0.013541355599920238 0.022630892486812614 -0.039425378278509997 0.12559031090836392 0.053714890038422003 0.045912021444410644 -0.017649296401442919 -0.0036987960977612213 0.053630145454093212 -0.017794474838694115 0.013087635209263837 -0.0032917031138095967 0.03722558782576009 -0.083172673965330263 0.0025321813094563339 -0.0018094420927118194
leaf_weight=428 80 30 202 38 968 36 46 25 238 102 84 100 152 107 545 36 96 79 87 434 45 123 25 112 93 28 69 33 1493 745
leaf_count=428 80 30 202 38 968 36 46 25 238 102 84 100 152 107 545 36 96 79 87 434 45 123 25 112 93 28 69 33 1493 745
internal_value=-7.48503e-05 0.00012476 0.000197283 -0.00637681 3.6777e-05 -0.00163654 -0.00126108 0.00039335 0.00141444 -0.00298305 0.000829016 0.00216435 -0.000441767 -0.00283237 -0.000316043 0.0032169 0.00138037 0.00410112 0.00158845 0.00527586 0.00670833 -0.00188552 -0.0035249 -0.005 -0.00242105 0.00623853 -0.00043659 -0.000624778 -0.000452586 -0.00182804
internal_weight=6679 6251 6183 68 5981 1050 1014 4931 2021 294 192 1727 497 345 2910 1230 651 355 276 579 479 296 260 235 189 108 2885 2816 2783 1290
internal_count=6679 6251 6183 68 5981 1050 1014 4931 2021 294 192 1727 497 345 2910 1230 651 355 276 579 479 296 260 235 189 108 2885 2816 2783 1290
is_linear=0
shrinkage=0.04


Tree=102
num_leaves=31
num_cat=0
split_feature=0 16 20 12 19 16 14 16 19 4 16 20 9 6 10 4 1 4 4 12 13 14 2 16 2 5 12 5 4 4
split_gain=2.13821 1.78923 2.70874 1.62955 4.2487 3.05949 1.52685 2.62725 2.0032 1.52734 2.99718 1.48916 3.32382 3.65197 3.51474 3.72585 3.92162 3.46229 3.56822 3.03183 2.99167 2.9471 2.92113 2.90102 2.80642 2.78617 3.70115 4.63314 3.32886 3.48006
threshold=1.4500000000000002 2873.1250000000005 1.0000000180025095e-35 18.500000000000004 1.0000000180025095e-35 1362.5000000000002 32.500000000000007 1237.5000000000002 0.87837969732492682 6.3500000000000005 497.50000000000006 -0.22252093395631442 70.500000000000014 6.8166666666666655 8.2500000000000018 10.750000000000002 15.350000000000003 2.6500000000000008 10.850000000000003 76.500000000000014 1.7500000000000002 204.50000000000003 2.7500000000000004 147.50000000000003 2.0500000000000003 10.450000000000001 35.500000000000007 20.150000000000002 15.550000000000002 11.350000000000003
decision_type=2 2 2 2 2 2 2 2 2 2 2 2 2 2 2 2 2 2 2 2 2 2 2 2 2 2 2 2 2 2
left_child=-1 3 -3 4 5 -2 7 8 9 -5 -11 25 13 17 19 16 23 21 24 -15 -18 -13 -23 -16 -19 28 -27 -28 29 -8
right_child=1 2 -4 6 -6 -7 11 -9 -10 10 -12 12 -14 14 15 -17 20 18 -20 -21 -22 22 -24 -25 -26 26 27 -29 -30 -31
leaf_value=-0.005021157732842214 0.031490088936774893 0.017423393951375311 -0.041516682396593493 -0.027744747996855574 0.097521770473718059 -0.069757053320897711 0.00025065734311553457 0.020623061897681438 0.02430784201447448 0.0041719231918684943 -0.036637616943529849 0.0056975206977934257 -0.0087440203264458911 -0.0045741468447850235 0.0063767052211825617 0.022564638696228202 0.005208647155479227 -0.0029052743351638101 -0.01064953553909616 -0.029346465398047989 -0.0723955888987554 0.019365086691958026 -0.020026183545438999 -0.052876469143699298 0.031380746212391862 0.41839740795370711 0.028074336215561359 -0.088263101573189076 -0.01915303316454299 0.029773728664861956
leaf_weight=428 29 30 38 88 80 34 1807 47 49 117 67 235 1405 170 353 127 32 102 51 125 56 27 58 26 450 56 331 39 69 153
leaf_count=428 29 30 38 88 80 34 1807 47 49 117 67 235 1405 170 353 127 32 102 51 125 56 27 58 26 450 56 331 39 69 153
internal_value=-0.000158683 2.87908e-05 -0.00637681 0.000100259 0.00430556 -0.0034375 0 -0.00249322 -0.00378882 -0.00512821 -0.00302703 0.000162172 -0.000403978 0.000728075 -0.00110112 0.000672269 -0.000982906 0.00248918 0.00427152 -0.00466216 -0.00853933 -0.000872274 -0.0072093 0.000789474 0.00520796 0.000903909 0.00384075 0.00237197 0.000285714 0.000591535
internal_weight=6679 6251 68 6183 143 63 6040 368 321 272 184 5672 3217 1812 889 594 467 923 603 295 88 320 85 379 552 2455 426 370 2029 1960
internal_count=6679 6251 68 6183 143 63 6040 368 321 272 184 5672 3217 1812 889 594 467 923 603 295 88 320 85 379 552 2455 426 370 2029 1960
is_linear=0
shrinkage=0.04


Tree=103
num_leaves=31
num_cat=0
split_feature=8 7 7 7 2 14 11 16 1 16 2 5 14 14 9 2 12 6 11 14 18 12 19 18 9 5 5 12 5 12
split_gain=2.07484 3.25892 2.62694 2.33167 4.75144 3.67954 3.22742 4.19559 4.07597 2.31553 2.29768 2.42831 2.13384 2.11604 3.45016 2.2694 2.15093 2.94334 2.11526 2.47677 2.15663 2.98892 3.65011 4.16338 3.25725 2.85548 3.8367 2.83401 2.80762 2.80286
threshold=1.3500000000000003 4.5520833333333339 2.277083333333334 11.812500000000002 8.9500000000000011 326.50000000000006 8.7500000000000018 67.500000000000014 16.850000000000005 1912.5000000000002 14.65 16.950000000000003 185.50000000000003 32.500000000000007 89.500000000000014 16.850000000000005 45.500000000000007 8.6749999999999989 29.750000000000004 359.50000000000006 0.78656609248549303 57.500000000000007 0.6078576107927941 -0.5 44.500000000000007 7.2500000000000009 10.350000000000003 37.500000000000007 1.2500000000000002 62.500000000000007
decision_type=2 2 2 2 2 2 2 2 2 2 2 2 2 2 2 2 2 2 2 2 2 2 2 2 2 2 2 2 2 2
left_child=1 2 12 13 -5 6 -6 8 10 -9 11 -8 -1 14 16 18 -2 -18 19 20 21 22 28 -24 25 -23 -27 -25 -15 -22
right_child=3 -3 -4 4 5 -7 7 9 -10 -11 -12 -13 -14 15 -16 -17 17 -19 -20 -21 29 24 23 27 -26 26 -28 -29 -30 -31
leaf_value=0.013127894334741175 -0.046681035162930068 0.0056467674366763717 -0.024246791520595556 -0.03368636115570648 -0.016992899387450463 0.062434231467348431 0.2057615156000189 -0.0098261267947683181 0.08374102530807917 -0.028467225018161315 -0.082981912232176575 -0.012117280271800547 -0.031612651744919569 0.059121066876595844 0.007817439498738735 -0.033828859666105091 -0.016301898876540991 0.039964507805736404 0.027631991747270969 -0.025744314183299019 -0.019317563103607816 0.022546492198725652 0.10822536572098876 0.043865654988591983 -0.00038282214397440841 -0.012225321071625928 0.024429658472895605 -0.0031711056845232831 0.0019300564780499485 0.0017503407681000028
leaf_weight=35 65 86 144 128 81 68 28 350 147 56 28 30 43 30 126 55 126 26 152 44 452 126 109 109 2657 81 61 128 699 409
leaf_count=35 65 86 144 128 81 68 28 350 147 56 28 30 43 30 126 55 126 26 152 44 452 126 109 109 2657 81 61 128 699 409
internal_value=-0.000164671 -0.0033657 -0.00591928 -9.4162e-06 -0.00187568 -0.000709759 -0.0015534 -0.00059375 0.00367521 -0.00304668 -0.00321839 0.00135593 0 0.000304252 -0.00273256 0.000508508 -0.00577982 -0.00313725 0.000597074 0.000452507 0.000538873 0.000929768 0.00273234 0.00610951 0.000266576 0.00446097 0.000559441 0.00310924 0.00112329 -0.0012761
internal_weight=6679 308 222 6371 916 788 720 639 233 406 86 58 78 5455 343 5112 217 152 5057 4905 4861 4000 1075 346 2925 268 142 237 729 861
internal_count=6679 308 222 6371 916 788 720 639 233 406 86 58 78 5455 343 5112 217 152 5057 4905 4861 4000 1075 346 2925 268 142 237 729 861
is_linear=0
shrinkage=0.04


Tree=104
num_leaves=31
num_cat=0
split_feature=13 0 0 5 11 14 16 12 4 7 2 2 2 12 16 11 12 7 5 14 6 7 3 19 14 16 17 4 5 20
split_gain=1.72393 2.50286 2.25597 2.10138 2.4698 2.30887 4.42789 2.72646 1.99626 3.43993 1.97137 1.8179 2.3604 1.9772 3.08827 3.04527 2.63389 2.63246 3.39838 2.81424 2.5089 3.1315 3.4354 3.19916 4.21546 2.18078 2.2453 2.09405 2.03857 2.00757
threshold=10.750000000000002 9.0500000000000025 1.6500000000000001 8.2500000000000018 14.950000000000001 187.50000000000003 1152.5000000000002 53.500000000000007 6.7500000000000009 10.593750000000002 0.55000000000000016 0.95000000000000007 1.1500000000000001 86.500000000000014 32.500000000000007 10.550000000000002 85.500000000000014 9.2687500000000025 5.4500000000000011 142.50000000000003 14.608333333333333 7.3312500000000007 7.4500000000000011 -0.60785761079279388 189.50000000000003 82.500000000000014 0.37940952255126054 1.7500000000000002 10.750000000000002 0.81174490092936691
decision_type=2 2 2 2 2 2 2 2 2 2 2 2 2 2 2 2 2 2 2 2 2 2 2 2 2 2 2 2 2 2
left_child=11 2 10 5 -5 6 7 -4 -6 -10 -2 -1 -13 16 15 20 29 18 27 -20 21 22 23 -15 -25 26 -21 -16 -19 -14
right_child=1 -3 3 4 8 -7 -8 -9 9 -11 -12 12 13 14 17 -17 -18 28 19 25 -22 -23 -24 24 -26 -27 -28 -29 -30 -31
leaf_value=0.010954211961114577 0.0046027861907460554 -0.022099739394677426 0.073081954645233621 -0.027274583979238969 -0.029747471899540693 0.030987148975063123 -0.052380027630027096 -0.0087014436902126402 0.060914779566014342 -0.049526498034149928 -0.010901965571024901 -0.02171835259542643 0.0019512656248396887 -0.013999222963009927 0.011295157382285774 0.32785882996906734 0.013814982777091754 -0.035694281367385998 0.071934202619767171 -0.056952337216932172 -0.027399918706748461 0.012691671284576369 -0.039553422807140366 0.048339741351475993 -0.020719963471359508 0.14643894604959393 0.012454698396390889 -0.019041408352050777 -0.0093923028670746343 -0.0058015228761744454
leaf_weight=124 25 79 32 29 25 160 57 46 32 30 158 70 4052 69 30 27 145 55 54 31 26 79 54 99 45 25 51 164 63 743
leaf_count=124 25 79 32 29 25 160 57 46 32 30 158 70 4052 69 30 27 145 55 54 31 26 79 54 99 45 25 51 164 63 743
internal_value=-0.000188623 -0.00210682 -0.00121008 0.000436893 -0.00410256 0.00222973 -0.00161765 0.00455696 -0.000681818 0.0031746 -0.0048913 2.66356e-05 -7.47918e-05 1.37623e-05 -0.00174112 0.00085 0.000323821 -0.00392405 -0.00219101 0.00209877 -0.000107239 0.000806916 -0.00126866 0.00102804 0.00441379 -0.00166667 -0.00481928 -0.00574359 -0.00907563 0.000162636
internal_weight=6679 673 594 411 116 295 135 78 87 62 183 6006 5882 5812 872 399 4940 473 355 161 372 346 267 213 144 107 82 194 118 4795
internal_count=6679 673 594 411 116 295 135 78 87 62 183 6006 5882 5812 872 399 4940 473 355 161 372 346 267 213 144 107 82 194 118 4795
is_linear=0
shrinkage=0.04


Tree=105
num_leaves=31
num_cat=0
split_feature=0 7 14 6 14 9 14 13 10 4 7 7 7 20 14 7 0 3 18 12 19 12 4 13 16 4 19 14 7 14
split_gain=1.9041 2.17066 3.29601 3.07391 2.58 3.30355 2.48779 2.23317 2.16353 2.02131 4.13633 2.34319 2.15341 1.89521 4.37924 2.88773 5.50129 3.05936 2.45513 2.80526 2.61796 2.56797 2.11882 1.88279 2.78722 1.71741 1.80368 1.78713 1.61376 1.59394
threshold=1.4500000000000002 12.052083333333334 345.50000000000006 14.35 32.500000000000007 85.500000000000014 62.500000000000007 6.1500000000000012 6.1500000000000012 2.3500000000000001 4.3104166666666677 5.9479166666666679 7.6979166666666679 1.0000000180025095e-35 228.50000000000003 17.375000000000004 36.550000000000004 15.15 -0.3794095225512602 54.500000000000007 -0.60785761079279388 35.500000000000007 20.250000000000004 15.550000000000002 67.500000000000014 22.450000000000003 -0.60785761079279388 189.50000000000003 27.114583333333339 187.50000000000003
decision_type=2 2 2 2 2 2 2 2 2 2 2 2 2 2 2 2 2 2 2 2 2 2 2 2 2 2 2 2 2 2
left_child=9 4 3 6 5 8 -3 -7 -2 23 29 -12 -13 14 18 17 22 -15 19 -5 -21 -20 -17 24 -1 26 27 -8 -24 -11
right_child=1 2 -4 13 -6 7 25 -9 -10 10 11 12 -14 15 -16 16 -18 -19 21 20 -22 -23 28 -25 -26 -27 -28 -29 -30 -31
leaf_value=-0.02278143926432346 -0.028002674643771073 0.01869998652340028 0.060014788832742937 0.17610642061602799 0.00090391502112154856 -0.0073640461656750136 -0.013386586421270899 0.088444442122129957 5.4594744497080683e-05 -0.00704156119915849 0.034298745311725193 -0.042200171478562754 0.0062078454647468903 0.0040610713372824314 0.16962441428386754 0.1761716276059363 -0.061916632181587626 -0.053131223327706256 0.15051128931481433 0.18762702956573443 -0.10609846554901914 -0.10243843279893369 -0.024866095401343848 -0.016348596547583777 0.016767225314297533 0.00038105872019485789 -0.031203706435293903 0.026174900926505186 0.035734309695036472 -0.042387256492377665
leaf_weight=37 145 38 38 30 5021 111 26 36 51 104 53 25 30 40 58 25 33 85 34 25 27 36 34 28 77 35 208 46 33 66
leaf_count=37 145 38 38 30 5021 111 26 36 51 104 53 25 30 40 58 25 33 85 34 25 27 36 34 28 77 35 208 46 33 66
internal_value=-0.00043701 -0.000260618 -0.00213615 -0.00267813 3.72787e-05 -0.00331395 -0.00548023 0.00121622 -0.00670051 -0.00304038 -0.00501792 0.00110092 -0.00464286 -0.000520607 0.00227488 -0.00286853 0.00142857 -0.00714286 -0.00130719 0.00337349 -0.00226415 -0.00676056 0.00645161 0.000839161 0.00313043 -0.00664557 -0.00768683 -0.00219178 0.00264706 -0.00888889
internal_weight=6635 6215 851 813 5364 343 353 147 196 420 278 108 55 460 210 250 125 125 152 82 52 70 92 142 114 315 280 72 67 170
internal_count=6635 6215 851 813 5364 343 353 147 196 420 278 108 55 460 210 250 125 125 152 82 52 70 92 142 114 315 280 72 67 170
is_linear=0
shrinkage=0.04


Tree=106
num_leaves=31
num_cat=0
split_feature=0 10 13 13 14 9 3 10 7 5 14 20 3 11 20 5 10 19 12 16 0 11 20 11 16 11 5 0 3 8
split_gain=1.83628 1.64469 2.2455 1.96898 1.58337 2.28662 3.24063 2.36633 2.26484 3.62691 4.24336 5.31083 2.70391 2.6564 3.92913 2.26549 4.16891 3.69278 3.41998 2.92396 2.91075 2.46475 2.84847 3.18194 3.19345 2.30869 3.23536 2.18041 2.15146 2.44041
threshold=1.4500000000000002 4.4500000000000011 15.550000000000002 13.050000000000002 32.500000000000007 85.500000000000014 12.950000000000001 5.8500000000000005 12.052083333333334 19.450000000000003 188.50000000000003 1.0000000180025095e-35 25.500000000000004 13.850000000000003 1.0000000180025095e-35 10.450000000000001 7.6500000000000012 -0.8783796973249266 54.500000000000007 727.50000000000011 15.15 -0.84999999999999998 0.81174490092936691 10.350000000000003 47.500000000000007 25.250000000000004 2.5500000000000003 8.7500000000000018 22.150000000000002 8.5500000000000025
decision_type=2 2 2 2 2 2 2 2 2 2 2 2 2 2 2 2 2 2 2 2 2 2 2 2 2 2 2 2 2 2
left_child=1 2 3 -1 5 6 7 -2 15 13 11 -11 -13 -10 -15 20 17 -17 19 -19 25 -18 23 24 27 -6 -27 -23 29 -16
right_child=4 -3 -4 -5 8 -7 -8 -9 9 10 -12 12 -14 14 28 16 21 18 -20 -21 -22 22 -24 -25 -26 26 -28 -29 -30 -31
leaf_value=-0.0024284306813495073 -0.030528649115647098 -0.024658053263000888 -0.018584916775110313 0.047273262186757259 -0.00031446186908924646 0.0032203537420465267 0.09073231557816426 -0.0029045439008738862 -0.022245523404414273 -0.097721198015567057 0.34312684391299542 0.01245523130808306 -0.022979702721617735 0.025596424536655817 0.001674784215421088 0.25069538060753549 0.070640504021755729 0.034634111664160833 -0.019376046608299689 -0.007779240204925042 -0.028093336998312627 -0.011449385088324214 -0.023232532644725339 0.092308842764434754 0.056069494039299832 -0.027231846712972966 0.048733743969305472 0.0039207864337117114 0.029737171911432297 -0.037580783021178517
leaf_weight=230 130 94 65 31 3918 206 30 48 120 47 61 58 34 207 42 49 62 55 139 80 124 48 46 125 32 61 257 25 25 186
leaf_count=230 130 94 65 31 3918 206 30 48 120 47 61 58 34 207 42 49 62 55 139 80 124 48 46 125 32 61 257 25 25 186
internal_value=-0.000388788 -0.00294537 -0.00159021 7.63359e-05 -0.000215573 -0.00260241 -0.00555024 -0.00759777 -4.48121e-05 -0.00204866 0.00258706 -0.00128571 0.00430108 -0.00364888 -0.00225597 0.000266826 0.00244713 -0.000802469 -0.00261818 0.00191176 -6.42055e-05 0.00554572 0.00389892 0.00571429 0.000566038 0.000113288 0.00338558 -0.00405405 -0.00559055 -0.00681223
internal_weight=6635 420 326 261 6215 414 208 178 5801 780 200 139 92 580 460 5021 661 323 274 135 4360 338 276 230 105 4236 318 73 253 228
internal_count=6635 420 326 261 6215 414 208 178 5801 780 200 139 92 580 460 5021 661 323 274 135 4360 338 276 230 105 4236 318 73 253 228
is_linear=0
shrinkage=0.04


Tree=107
num_leaves=31
num_cat=0
split_feature=13 4 12 16 19 11 5 5 11 11 4 5 13 5 14 5 19 12 15 6 15 4 2 11 11 4 12 12 20 17
split_gain=1.82207 3.69314 1.69191 3.6917 3.54318 3.02289 2.3624 4.23702 2.16222 3.26313 2.10551 3.30072 2.64187 2.65129 2.61476 2.94287 2.89494 3.35606 2.87042 4.22952 2.88466 2.45208 2.03046 1.93486 2.23954 1.81507 3.66914 3.28508 2.32633 1.72733
threshold=17.550000000000004 9.6500000000000004 86.500000000000014 32.500000000000007 0.87837969732492682 10.550000000000002 52.400000000000006 33.050000000000004 15.350000000000003 11.450000000000001 16.850000000000005 4.2500000000000009 7.4500000000000011 9.6500000000000004 32.500000000000007 1.1500000000000001 0.6078576107927941 32.500000000000007 0.15000000000000005 4.9749999999999988 0.45000000000000007 13.950000000000001 12.15 5.4500000000000011 3.3500000000000001 23.750000000000004 46.500000000000007 45.500000000000007 1.0000000180025095e-35 0.60355339059327384
decision_type=2 2 2 2 2 2 2 2 2 2 2 2 2 2 2 2 2 2 2 2 2 2 2 2 2 2 2 2 2 2
left_child=2 -2 6 5 8 23 7 10 9 -5 14 -12 25 -14 15 -1 21 -18 -16 -20 -21 22 -17 24 -4 26 28 -27 -13 -26
right_child=1 -3 3 4 -6 -7 -8 -9 -10 -11 11 12 13 -15 18 16 17 -19 19 20 -22 -23 -24 -25 29 27 -28 -29 -30 -31
leaf_value=0.031356711383685523 -0.025921352300372628 0.022950422842196366 -0.0024077954530744173 -0.0060348287295669016 -0.034290088238771846 0.31472089864422342 -0.03448559409320353 0.18413407622205122 -0.047748627144656698 0.041585211795563237 -0.0387932256360944 0.053798569846151029 0.0027456919857963948 -0.080607530723139365 0.00042924157136727816 -0.030927350180920757 0.067377545602317179 -0.025502982566331784 0.050088066571738601 0.031940526358208564 -0.037972827803150935 0.012990228340542044 0.011979551767390292 -0.038821046276467056 0.0034063909859017374 0.072223547735722496 0.10732586170811331 -0.06617444141203585 -0.02046164829801974 0.057239495007058716
leaf_weight=27 67 27 280 348 61 27 37 60 40 35 27 45 25 51 4661 172 48 55 127 50 53 30 30 26 39 29 59 25 44 30
leaf_count=27 67 27 280 348 61 27 37 60 40 35 27 45 25 51 4661 172 48 55 127 50 53 30 30 26 39 29 59 25 44 30
internal_value=-0.000394816 -0.00589474 -0.000314888 -0.00193912 -0.00428866 0.0008933 -6.01132e-05 7.1187e-06 -0.0029717 -0.00203125 -0.000107933 -0.00333333 -0.00200717 -0.00831169 7.99391e-05 -0.00319559 -0.00422619 0.00134615 0.000322976 0.00467532 -0.00134615 -0.00669528 -0.00827586 -5.31915e-05 0.000742857 0.000394089 0.00268456 -0.00581818 -0.00244444 0.00714286
internal_weight=6635 94 6541 886 484 402 5655 5618 423 383 5558 305 278 76 5253 362 335 103 4891 230 103 232 202 375 349 202 148 54 89 69
internal_count=6635 94 6541 886 484 402 5655 5618 423 383 5558 305 278 76 5253 362 335 103 4891 230 103 232 202 375 349 202 148 54 89 69
is_linear=0
shrinkage=0.04


Tree=108
num_leaves=31
num_cat=0
split_feature=0 14 7 14 7 11 11 0 6 13 14 20 1 13 4 11 20 11 16 11 7 7 7 7 7 10 18 16 19 1
split_gain=1.66862 2.72973 2.65708 2.17887 3.41911 5.42999 4.704 3.23711 3.1136 2.64414 2.34519 2.26063 2.33744 2.1949 2.50055 2.11373 2.8048 2.86355 2.97363 2.05776 2.28895 3.44351 2.28455 2.47115 2.43632 1.96983 3.41171 3.00935 2.72008 2.99922
threshold=0.75000000000000011 193.50000000000003 1.6270833333333334 231.50000000000003 2.9104166666666673 2.2500000000000004 -7.4499999999999993 7.0500000000000007 3.3833333333333329 3.2500000000000004 225.50000000000003 -0.56174490092936669 18.250000000000004 9.6500000000000004 4.6500000000000012 4.2500000000000009 -0.56174490092936669 12.15 1462.5000000000002 8.5500000000000025 6.1062500000000011 8.9145833333333346 11.289583333333335 12.339583333333335 13.614583333333334 5.7500000000000009 -0.3794095225512602 572.50000000000011 -1.0000000180025095e-35 5.6500000000000012
decision_type=2 2 2 2 2 2 2 2 2 2 2 2 2 2 2 2 2 2 2 2 2 2 2 2 2 2 2 2 2 2
left_child=1 -1 -2 10 5 -5 -6 8 13 -7 25 -9 19 -8 -15 -10 -17 -18 -19 -13 -21 -22 -23 -24 -25 26 28 -27 29 -4
right_child=2 -3 3 4 6 9 7 11 15 -11 -12 12 -14 14 -16 16 17 18 -20 20 21 22 23 24 -26 27 -28 -29 -30 -31
leaf_value=0.00018193255574382229 0.019897351592882417 -0.039839578404189925 0.02305267966634986 -0.022206197757553614 0.027310367115301021 0.00077721079333771038 0.012477723500872484 0.069334605826293583 0.0027148781186428651 0.08624425026551992 -0.062077283529378774 -0.032007132547773411 -0.08279689837471331 -0.045561887085095412 0.01676505109915687 -0.073964421918505649 -0.02984575779558675 0.013918449098539157 -0.054647900854702683 0.17315804443338262 -0.022399992474495995 0.041209191956013809 -0.047502191724286859 0.081429911813776956 -0.0020596970320801056 0.00036487078211786542 -0.0030363699244721153 -0.029212240989657572 -0.028312557696892605 -0.059826292372116577
leaf_weight=78 80 54 108 43 37 28 194 233 147 72 55 47 45 35 30 108 81 117 48 27 52 65 30 39 56 2894 1505 26 253 48
leaf_count=78 80 54 108 43 37 28 194 233 147 72 55 47 45 35 30 108 81 117 48 27 52 65 30 39 56 2894 1505 26 253 48
internal_value=-0.000376733 -0.00481203 -0.000285978 -0.000376712 0.000938111 0.00680556 0.00033046 -5.90406e-05 -0.00178712 0.0118812 -0.000789366 0.00215126 0.000165746 0.00176923 -0.00454545 -0.0036255 -0.00529577 -0.00291498 0.000120482 0.00138801 0.00274074 0.00148148 0.00397906 0.000793651 0.00395833 -0.000694933 -0.00169191 -4.10818e-05 -0.00492683 -0.000764331
internal_weight=6635 132 6503 6423 1534 143 1391 1354 760 100 4889 594 361 259 65 501 354 246 165 316 269 242 190 125 95 4834 1914 2920 409 156
internal_count=6635 132 6503 6423 1534 143 1391 1354 760 100 4889 594 361 259 65 501 354 246 165 316 269 242 190 125 95 4834 1914 2920 409 156
is_linear=0
shrinkage=0.04


Tree=109
num_leaves=31
num_cat=0
split_feature=0 10 13 4 4 4 20 20 7 5 14 14 9 9 13 1 5 9 20 20 12 17 13 5 5 3 13 13 0 14
split_gain=1.71956 2.28832 1.73992 2.1585 2.98529 2.79679 1.96566 1.65509 1.49296 2.45732 2.73958 2.31011 2.8955 2.48854 2.30305 1.7845 2.64977 1.87424 4.12623 3.54222 3.04439 2.05773 1.78923 1.79028 3.74163 1.77289 1.69941 1.64448 1.6371 2.82606
threshold=1.2500000000000002 4.4500000000000011 15.550000000000002 2.3500000000000001 5.3500000000000005 1.8500000000000003 -0.56174490092936669 1.0000000180025095e-35 12.052083333333334 4.2500000000000009 345.50000000000006 32.500000000000007 85.500000000000014 79.500000000000014 6.1500000000000012 14.350000000000003 6.8500000000000005 84.500000000000014 -0.56174490092936669 0.81174490092936691 46.500000000000007 -0.37940952255126065 7.4500000000000011 51.95000000000001 33.050000000000004 17.550000000000004 4.3500000000000005 2.8500000000000001 15.350000000000003 161.50000000000003
decision_type=2 2 2 2 2 2 2 2 2 2 2 2 2 2 2 2 2 2 2 2 2 2 2 2 2 2 2 2 2 2
left_child=1 2 3 5 6 -1 -5 -8 11 -10 15 12 13 -2 -14 16 -11 18 -18 21 -20 -19 23 24 -17 28 27 -22 -13 -30
right_child=8 -3 -4 4 -6 -7 7 -9 9 10 -12 25 14 -15 -16 22 17 19 20 -21 26 -23 -24 -25 -26 -27 -28 -29 29 -31
leaf_value=-0.0012030287545574936 -0.020803282711877352 -0.028645346759209087 -0.023838081785037418 0.0026715903777319739 0.01379639496158319 0.050198965289119497 -0.045257472327890139 -0.0014161898936923833 -0.030365970076033897 0.0086300105624624018 0.060337919119570531 0.0011149354393566568 -0.006070442994073195 -0.029636826190836834 0.084170301176113821 0.00058023416589129799 -0.067563717143177437 0.014163141532060219 -0.064325033936165427 -0.044451402535608669 0.0045427965131424131 -0.015568565270109644 -0.055705392970062953 -0.032148336040856443 0.18088798398678599 -0.064799991495796128 0.0091694977950460017 -0.019663105730334644 -0.032031636227317625 0.0028973443997619874
leaf_weight=43 161 56 54 29 58 25 26 27 36 25 35 4929 112 38 36 297 45 52 33 25 45 64 38 36 44 28 33 43 60 102
leaf_count=43 161 56 54 29 58 25 26 27 36 25 35 4929 112 38 36 297 45 52 33 25 45 64 38 36 44 28 33 43 60 102
internal_value=-0.000394816 -0.00326019 -0.001673 0 -0.00283688 0.0057971 -0.00771084 -0.0122222 -0.000250079 -0.00180751 -0.00134804 -7.31663e-06 -0.00316092 -0.0063 0.00107383 -0.00184379 -0.00387978 -0.00480938 -0.0073 -0.00126761 -0.00412903 0.0017094 -4.80769e-05 0.000793651 0.00169591 0.000207031 -0.00114754 -0.00404494 0.000263158 -0.00368098
internal_weight=6635 318 262 208 140 68 82 53 6317 851 815 5466 347 199 148 780 365 340 199 141 154 116 415 377 341 5119 121 88 5091 162
internal_count=6635 318 262 208 140 68 82 53 6317 851 815 5466 347 199 148 780 365 340 199 141 154 116 415 377 341 5119 121 88 5091 162
is_linear=0
shrinkage=0.04


Tree=110
num_leaves=31
num_cat=0
split_feature=11 19 18 4 3 5 19 8 5 8 9 4 4 14 3 13 13 18 3 9 0 3 14 4 9 11 12 11 14 11
split_gain=2.4669 1.83779 1.79669 2.54964 4.22909 2.21186 3.01787 2.20751 2.0616 3.83067 3.15958 1.92296 1.79097 2.40831 1.74553 1.65704 2.03348 2.71898 1.88686 2.06135 1.71315 3.0263 1.57496 3.43423 2.79278 7.0214 4.20976 3.52316 3.13389 2.6916
threshold=33.350000000000001 1.0000000180025095e-35 0.60355339059327384 39.250000000000007 31.850000000000005 2.1500000000000008 1.0000000180025095e-35 1.4500000000000002 1.0500000000000003 4.8500000000000005 84.500000000000014 50.45000000000001 4.5500000000000007 127.50000000000001 21.600000000000005 12.750000000000002 10.65 1.0000000180025095e-35 4.0500000000000007 79.500000000000014 1.2500000000000002 3.6500000000000008 259.50000000000006 5.3500000000000005 70.500000000000014 1.0000000180025095e-35 62.500000000000007 1.2500000000000002 177.50000000000003 -4.3499999999999988
decision_type=2 2 2 2 2 2 2 2 2 2 2 2 2 2 2 2 2 2 2 2 2 2 2 2 2 2 2 2 2 2
left_child=2 -2 3 4 8 6 7 -4 9 10 -1 -5 -9 -14 15 16 20 -18 -17 -20 21 -10 24 29 -22 26 -26 28 -27 -24
right_child=1 -3 5 11 -6 -7 -8 12 14 -11 -12 -13 13 -15 -16 18 17 -19 19 -21 22 -23 23 -25 25 27 -28 -29 -30 -31
leaf_value=-0.012916840787794382 -0.0013595422979446959 0.11035534943510342 0.029683511974204001 0.38795954207862288 -0.047029253004810111 -0.0032525824541118189 -0.023258178678845703 -0.028447022808486579 -0.043123815781280203 0.15857367188300145 0.057880034068574386 -0.0016797338934272333 0.025198326934089545 -0.016922359595900521 0.050997817348788034 0.004746348977386035 -0.025647816641113437 0.00049051715520899821 0.026089723811561338 -0.020173046218439464 0.00044431704333420364 0.0067943590600500949 0.074730424328064662 -0.0046115018111006377 0.0098004114377367915 0.1209512739194315 -0.033049400450980412 -0.0041509274417460421 -0.011252606797635458 0.015532431207273661
leaf_weight=67 31 61 27 32 35 1436 163 84 57 31 27 26 39 65 69 80 73 75 26 40 2322 38 28 359 26 50 177 794 34 242
leaf_count=67 31 61 27 32 35 1436 163 84 57 31 27 26 39 65 69 80 73 75 26 40 2322 38 28 359 26 50 177 794 34 242
internal_value=-0.000447468 0.00602151 -0.000539629 -0.000127416 -0.000232208 -0.00160882 -0.00432718 -0.0012037 -0.00012565 0.00492063 0.000842105 0.00813559 -0.00275132 0.000761905 -0.000267201 -0.00036635 -0.000509822 -0.00510067 0.00380952 -0.00119403 -0.000343992 -0.005625 -0.0002182 0.00161905 -0.000558167 -0.0022366 -0.00892157 -0.000682594 0.00705882 0.00501845
internal_weight=6614 92 6522 4708 4650 1814 378 215 4615 125 94 58 188 104 4490 4421 4275 148 146 66 4127 95 4032 629 3403 1081 203 878 84 270
internal_count=6614 92 6522 4708 4650 1814 378 215 4615 125 94 58 188 104 4490 4421 4275 148 146 66 4127 95 4032 629 3403 1081 203 878 84 270
is_linear=0
shrinkage=0.04


Tree=111
num_leaves=31
num_cat=0
split_feature=11 19 12 13 3 4 3 13 13 12 5 4 13 11 7 8 16 11 7 14 5 5 14 0 8 3 14 6 11 16
split_gain=2.47612 1.83779 1.78896 1.64995 1.70986 5.1334 2.23499 2.731 1.80372 1.77544 2.35297 3.34272 2.05974 2.69038 3.72466 4.63441 2.10849 3.06609 2.39447 2.76213 1.90724 3.34786 3.91796 4.59383 3.56216 3.1837 2.42431 2.21288 1.92812 4.02023
threshold=33.350000000000001 1.0000000180025095e-35 14.500000000000002 20.050000000000004 0.95000000000000007 3.1500000000000008 1.4500000000000002 1.9500000000000002 5.9500000000000011 86.500000000000014 13.750000000000002 16.150000000000002 3.6500000000000008 11.950000000000001 11.058333333333335 13.550000000000002 222.50000000000003 3.8500000000000001 6.3145833333333341 156.50000000000003 11.450000000000001 14.350000000000003 184.50000000000003 19.450000000000003 20.150000000000002 19.250000000000004 209.50000000000003 12.891666666666669 4.9500000000000011 32.500000000000007
decision_type=2 2 2 2 2 2 2 2 2 2 2 2 2 2 2 2 2 2 2 2 2 2 2 2 2 2 2 2 2 2
left_child=2 -2 -1 4 5 -4 7 -6 -9 20 12 -12 13 14 15 -11 17 18 19 -14 25 24 -23 26 27 28 -24 -22 29 -8
right_child=1 -3 3 -5 6 -7 9 8 -10 10 11 -13 16 -15 -16 -17 -18 -19 -20 -21 21 22 23 -25 -26 -27 -28 -29 -30 -31
leaf_value=-0.032828384763030731 -0.0013051606060269095 0.10594113545769929 0.017430445854096206 -0.037660226777972171 0.0034878489489904752 -0.0086644776930371488 -0.0072803662268104401 -0.023553396249866465 -0.0043231111360202594 -0.001766711572352504 -0.034288749166186579 0.0058831864545497584 -0.055229165593910924 0.10706154871040972 -0.033342194394186508 0.063065951491133129 0.022980033396296257 -0.034754825291757545 0.0069488481650557344 2.0882330703457797e-05 0.020539545248654676 -0.011866451367863178 0.035222131572625152 0.56869385426752406 -0.060234388363238286 -0.04592666756267242 -0.021600019465437797 0.054921604848889027 -0.003544867104180973 0.0074645424931188663
leaf_weight=35 31 61 111 26 38 76 576 93 89 432 68 29 30 35 30 29 28 78 46 39 273 337 68 53 38 59 116 77 2545 1068
leaf_count=35 31 61 111 26 38 76 576 93 89 432 68 29 30 35 30 29 28 78 46 39 273 337 68 53 38 59 116 77 2545 1068
internal_value=-0.000459562 0.00602151 -0.000551893 -0.000502466 -0.000461158 0.00329787 -0.000573705 -0.00452489 -0.00655738 -0.000429397 -0.00213018 -0.00795918 -0.00136364 0 -0.000772358 0.00012987 -0.00459459 -0.00608247 -0.00189655 -0.00657143 -0.000153521 0.00145379 -0.000486957 0.00344538 0.00431877 -0.000517769 0.000432432 0.00558405 -0.000386635 0.000680851
internal_weight=6614 92 6522 6487 6461 187 6274 220 182 6054 844 97 747 526 491 461 221 193 115 69 5210 962 574 237 388 4248 184 350 4189 1644
internal_count=6614 92 6522 6487 6461 187 6274 220 182 6054 844 97 747 526 491 461 221 193 115 69 5210 962 574 237 388 4248 184 350 4189 1644
is_linear=0
shrinkage=0.04


Tree=112
num_leaves=31
num_cat=0
split_feature=11 19 12 13 12 5 4 13 16 11 8 5 20 15 6 7 5 14 5 10 4 20 7 7 11 18 5 2 11 8
split_gain=2.47612 1.83779 1.78896 1.64995 1.68453 2.38545 3.34272 2.8119 2.22476 3.18409 2.26025 2.12455 2.19439 1.70394 4.21988 4.35084 2.29304 2.7281 4.25659 4.45044 2.66848 2.53699 3.07787 4.96065 2.94533 2.82681 2.19093 4.35817 2.60233 4.60378
threshold=33.350000000000001 1.0000000180025095e-35 14.500000000000002 20.050000000000004 86.500000000000014 13.750000000000002 16.150000000000002 3.6500000000000008 222.50000000000003 3.8500000000000001 3.8500000000000001 7.0500000000000007 1.0000000180025095e-35 0.15000000000000005 5.4916666666666645 3.510416666666667 11.450000000000001 185.50000000000003 14.250000000000002 10.750000000000002 16.850000000000005 0.81174490092936691 15.910416666666668 11.289583333333335 26.950000000000003 1.0000000180025095e-35 1.0500000000000003 4.1500000000000012 14.050000000000002 1.8500000000000003
decision_type=2 2 2 2 2 2 2 2 2 2 2 2 2 2 2 2 2 2 2 2 2 2 2 2 2 2 2 2 2 2
left_child=2 -2 -1 4 13 7 -7 -6 9 11 -11 12 -9 16 15 -15 20 18 19 -18 26 22 23 -19 -24 -23 27 28 29 -4
right_child=1 -3 3 -5 5 6 -8 8 -10 10 -12 -13 -14 14 -16 -17 17 21 -20 -21 -22 25 24 -25 -26 -27 -28 -29 -30 -31
leaf_value=-0.031515249372509511 -0.0012529541817858281 0.1017034900393913 0.031352667152385758 -0.036153817706853282 0.00034155073630525834 -0.032917199199539116 0.0056478589963677448 -0.025041661007432454 0.022060832060444416 -0.0048941403872470703 -0.045580943822444341 0.0047360095868807404 0.0075845203658957061 -0.0023583781769276869 -0.0099746918664991926 0.10674249770130352 0.0014780153243632555 0.041288894042323818 -0.011315790936019532 0.068831885599719131 -0.024922355244832769 0.011061278013704979 0.81935529760809334 -0.021064318647776546 0.035553528926944224 -0.015016073588689593 -0.0026496715841585329 0.10025885360583128 -0.042562891933750867 -0.013212506235617595
leaf_weight=35 31 61 45 26 560 68 29 50 28 27 64 43 30 62 120 85 151 137 349 51 120 37 53 139 25 36 3998 51 30 73
leaf_count=35 31 61 45 26 560 68 29 50 28 27 64 43 30 62 120 85 151 137 349 51 120 37 53 139 25 36 3998 51 30 73
internal_value=-0.000459562 0.00602151 -0.000551893 -0.000502466 -0.000461158 -0.00206667 -0.00795918 -0.00134496 -0.00493827 -0.00632558 -0.0119565 -0.00209677 -0.00592593 -0.00020133 0.00291045 0.00743243 -0.000358761 0.00138917 -0.000471014 0.00413793 -0.000754979 0.00378505 0.0051831 0.0031769 0.0121519 -0.00297297 -0.000585993 0.0035 0 0.00268908
internal_weight=6614 92 6522 6487 6461 899 97 802 242 214 91 123 80 5562 267 147 5295 978 551 202 4317 427 354 276 78 73 4197 199 148 118
internal_count=6614 92 6522 6487 6461 899 97 802 242 214 91 123 80 5562 267 147 5295 978 551 202 4317 427 354 276 78 73 4197 199 148 118
is_linear=0
shrinkage=0.04


Tree=113
num_leaves=31
num_cat=0
split_feature=11 19 4 18 14 9 6 0 9 14 14 11 11 16 1 19 14 10 19 19 11 0 18 3 11 12 9 12 4 11
split_gain=2.13257 1.64424 1.62072 1.60865 1.79442 1.7589 3.30399 3.18626 2.98165 4.59063 4.77601 4.8777 3.4976 4.03166 3.37682 3.33501 4.15815 3.623 3.27024 2.91322 2.87636 4.99891 4.99826 4.30685 2.82613 3.32096 2.69373 2.62685 2.70016 2.56917
threshold=33.350000000000001 1.0000000180025095e-35 7.7500000000000009 0.60355339059327384 351.50000000000006 86.500000000000014 4.4833333333333316 4.2500000000000009 70.500000000000014 203.50000000000003 179.50000000000003 -0.84999999999999998 0.45000000000000007 202.50000000000003 12.65 -0.60785761079279388 171.50000000000003 7.8500000000000005 0.87837969732492682 0.87837969732492682 10.750000000000002 2.5500000000000003 -0.3794095225512602 16.250000000000004 7.8500000000000005 66.500000000000014 103.50000000000001 81.500000000000014 3.4500000000000006 -1.8499999999999999
decision_type=2 2 2 2 2 2 2 2 2 2 2 2 2 2 2 2 2 2 2 2 2 2 2 2 2 2 2 2 2 2
left_child=3 -2 -3 5 -5 8 26 -8 12 10 24 -12 13 14 15 17 19 -1 -13 -17 23 -22 -23 -14 -10 -26 -7 -18 29 -29
right_child=1 2 -4 4 -6 6 7 -9 9 -11 11 18 20 -15 -16 16 27 -19 -20 -21 21 22 -24 -25 25 -27 -28 28 -30 -31
leaf_value=0.0081219040619037487 -0.0012028360145144034 0.03725293364616359 0.22259981837874265 -0.0051392347263598381 -0.030080640753073099 0.025917597703540629 -0.032732938086381828 0.0075037912693122965 0.00037993924374553958 0.0046279777757569284 -0.049255804519489549 -0.030038140817155511 -0.0033200306384032 0.022991543203633641 0.044427514436111953 0.068723602874745313 0.026194620760549937 -0.027266776427667134 0.016881286762037213 -0.002211821067257951 0.063539745580537765 0.016188782364909143 -0.012820814894216213 -0.035247404420545296 -0.014485610715502908 -0.039361428485039145 -0.017548328942426271 -0.035685367791561319 0.0036231219663777738 -0.01654489124964293
leaf_weight=36 31 30 31 1763 51 126 42 324 391 387 67 170 1186 35 54 90 77 96 29 27 56 781 305 49 171 40 28 35 65 41
leaf_count=36 31 30 31 1763 51 126 42 324 391 387 67 170 1186 35 54 90 77 96 29 27 56 781 305 49 171 40 28 35 65 41
internal_value=-0.00042328 0.0055914 0.00935484 -0.000508968 -0.00152066 -0.000118921 0.00207294 0 -0.000391502 -0.00202229 -0.00363636 -0.00808989 0.000306748 0.00315978 0.00226054 0.00115385 0.00327381 -0.00421053 -0.0049 0.00932203 -0.000361648 0.00108486 0.000478381 -0.00169903 -0.00165837 -0.00537736 0.00696774 0 -0.00323944 -0.00831169
internal_weight=6614 92 61 6522 1814 4708 520 366 4188 1255 868 266 2933 556 521 467 335 132 199 117 2377 1142 1086 1235 602 211 154 218 141 76
internal_count=6614 92 61 6522 1814 4708 520 366 4188 1255 868 266 2933 556 521 467 335 132 199 117 2377 1142 1086 1235 602 211 154 218 141 76
is_linear=0
shrinkage=0.04


Tree=114
num_leaves=31
num_cat=0
split_feature=11 5 3 7 7 0 1 3 3 19 11 18 9 4 2 0 0 12 9 7 6 10 9 14 14 0 1 18 5 11
split_gain=1.81072 2.21502 2.70548 1.36038 4.62429 5.97845 3.74835 2.44103 2.43498 2.84412 2.19861 2.60268 3.56496 2.9591 2.95144 3.92011 2.67077 2.19171 2.1688 3.83894 2.46226 3.13639 4.04874 4.16859 2.07821 2.50976 2.03148 2.34129 2.02902 2.01985
threshold=33.350000000000001 2.9500000000000006 11.950000000000001 3.6270833333333341 4.1104166666666675 1.4500000000000002 2.8500000000000001 2.1500000000000008 2.1500000000000008 -1.0000000180025095e-35 -8.0499999999999989 0.60355339059327384 77.500000000000014 0.75000000000000011 1.0500000000000003 0.75000000000000011 2.9500000000000006 81.500000000000014 64.500000000000014 2.1854166666666672 4.0583333333333309 2.8500000000000001 71.500000000000014 173.50000000000003 111.50000000000001 1.8500000000000003 1.3500000000000003 0.37940952255126048 2.8500000000000001 1.5500000000000003
decision_type=2 2 2 2 2 2 2 2 2 2 2 2 2 2 2 2 2 2 2 2 2 2 2 2 2 2 2 2 2 2
left_child=3 -2 -3 10 5 -5 -7 29 -8 17 -1 12 18 -14 15 -13 -17 -10 19 -12 21 -20 23 24 -23 -26 27 -9 -22 -6
right_child=1 2 -4 4 7 6 8 26 9 -11 11 14 13 -15 -16 16 -18 -19 20 -21 28 22 -24 -25 25 -27 -28 -29 -30 -31
leaf_value=-0.043663687250267084 0.027423334792853301 -0.026299386476703292 0.66481097139659417 -0.067870227213924259 0.010527250742857408 0.062253028121792175 0.035739991034346268 0.062081423339954381 0.075424248045209585 -0.013515024439464191 0.060435612358791801 -0.031251020309743839 0.12169298705834188 0.0036066249124903126 -0.015156830965385355 0.038083621432611146 -0.003439120642208273 -0.047539504262967956 0.0063559134167595135 -0.0016284707340950711 0.058907596972260931 -0.011867596147302014 -0.03222167352561163 -0.0220308867792786 0.019807046136968039 -0.0011497222330846314 -0.0013603869479029741 0.00050747746079050416 -0.0083694494299557231 -0.018871787666501376
leaf_weight=25 26 39 27 27 30 102 37 28 79 87 41 26 27 192 326 38 25 28 48 384 26 38 84 70 28 30 4419 43 25 209
leaf_count=25 26 39 27 27 30 102 37 28 79 87 41 26 27 192 326 38 25 28 48 384 26 38 84 70 28 30 4419 43 25 209
internal_value=-0.000380952 0.00516129 0.00119403 -0.000459911 -0.000153242 0.00421053 0.00568862 -0.000486258 0.00284483 0.00102564 -0.00154812 -0.00133428 -0.000221328 0.00427273 -0.00399038 0.00244444 0.0078125 0.00537037 -0.00149677 0.000422535 -0.00382857 -0.00521739 -0.00701195 -0.00335329 0.00206186 0.00677966 -0.000276108 0.00638889 0.00423077 -0.00441667
internal_weight=6614 92 66 6522 5089 360 333 4729 231 194 1433 1408 993 219 415 89 63 107 774 425 349 298 250 166 96 58 4490 71 51 239
internal_count=6614 92 66 6522 5089 360 333 4729 231 194 1433 1408 993 219 415 89 63 107 774 425 349 298 250 166 96 58 4490 71 51 239
is_linear=0
shrinkage=0.04


Tree=115
num_leaves=31
num_cat=0
split_feature=14 16 7 5 12 1 14 9 9 5 16 9 5 11 11 9 18 20 1 3 20 6 13 9 14 16 16 15 9 8
split_gain=1.62889 2.02483 2.60532 1.73948 1.78703 2.22131 2.32637 1.75719 2.09987 1.52505 1.48124 1.69657 1.36872 4.3866 3.36771 3.20375 3.11025 5.02811 3.30757 2.95119 2.79868 2.49228 3.01008 2.32017 2.26268 6.95122 5.04296 4.54788 4.51034 2.98729
threshold=32.500000000000007 1522.5000000000002 9.7437500000000021 0.45000000000000007 90.500000000000014 5.8500000000000005 168.50000000000003 46.500000000000007 58.500000000000007 8.9500000000000011 37.500000000000007 63.500000000000007 10.950000000000001 -0.74999999999999989 3.3500000000000001 79.500000000000014 -0.70710678118654757 1.0000000180025095e-35 6.1500000000000012 19.250000000000004 0.81174490092936691 5.0166666666666648 4.7500000000000009 80.500000000000014 171.50000000000003 42.500000000000007 67.500000000000014 0.25000000000000006 46.500000000000007 14.450000000000001
decision_type=2 2 2 2 2 2 2 2 2 2 2 2 2 2 2 2 2 2 2 2 2 2 2 2 2 2 2 2 2 2
left_child=1 -1 -3 -2 12 10 9 -8 -9 -7 -6 -12 19 -14 15 -15 -16 21 23 24 -20 -18 -23 -19 25 -5 -26 -28 -27 -30
right_child=3 2 -4 4 5 6 7 8 -10 -11 11 -13 13 14 16 -17 17 18 20 -21 -22 22 -24 -25 26 28 27 -29 29 -31
leaf_value=-0.013164568419711333 -0.022196485879291423 -0.020843639372089821 0.10668598177519265 0.015080256956505488 0.013276288935099885 -0.047968368325779845 0.0063178287194111957 -0.048727340563191744 0.0010291341554856004 -0.0021544926457614188 -0.031311962827657372 0.004717709999215787 0.053437375942325394 -0.037098370084724872 0.027102446504057982 0.047946715503224553 0.13388497423488352 -0.042195615859340341 0.0033627980506725666 -0.036562817118345893 -0.021736493334299674 0.058892686099748633 -0.016202626929267029 -0.0055209360988157296 -0.0079835089440815216 0.029738545590802089 0.0011227885425232032 0.053234812515288644 -0.00062064735179841787 -0.052832571862424252
leaf_weight=372 46 34 29 485 47 52 45 33 33 46 25 30 72 65 329 27 54 38 166 56 124 126 86 36 1297 43 1409 84 1264 84
leaf_count=372 46 34 29 485 47 52 45 33 33 46 25 30 72 65 329 27 54 38 166 56 124 126 86 36 1297 43 1409 84 1264 84
internal_value=-0.000159687 -0.00252294 0.0040625 6.44849e-06 6.49667e-05 -0.00288462 -0.0052381 -0.00125 -0.00537313 -0.00969697 0.00194175 -0.0025 0.000222374 0.00147687 0.00081749 -0.00645161 0.00152083 -0.000126783 -0.00317808 -7.62227e-05 -0.00123711 0.00404494 0.00206573 -0.0106667 3.42833e-05 0.00110815 -0.000687925 0.000896921 -0.00033046 -0.00074129
internal_weight=6637 435 63 6202 6156 311 209 111 66 98 102 55 5845 1123 1051 92 959 630 364 4722 290 266 212 74 4666 1876 2790 1493 1391 1348
internal_count=6637 435 63 6202 6156 311 209 111 66 98 102 55 5845 1123 1051 92 959 630 364 4722 290 266 212 74 4666 1876 2790 1493 1391 1348
is_linear=0
shrinkage=0.04


Tree=116
num_leaves=31
num_cat=0
split_feature=14 16 7 12 2 11 16 14 9 5 5 13 5 9 17 1 7 3 1 3 11 13 12 7 9 5 11 11 11 5
split_gain=1.62059 2.02483 2.60532 1.77989 2.10581 2.75216 2.23896 2.17561 2.13156 1.87713 1.65059 1.3989 2.09699 1.36494 1.23034 1.71458 1.94684 1.66928 1.63116 1.57168 1.49262 2.06259 2.53802 1.92147 1.66832 1.37426 3.39708 2.88294 3.23019 3.51625
threshold=32.500000000000007 1522.5000000000002 9.7437500000000021 90.500000000000014 5.7500000000000009 1.5500000000000003 37.500000000000007 168.50000000000003 46.500000000000007 11.350000000000003 0.45000000000000007 19.750000000000004 0.75000000000000011 87.500000000000014 -0.9159756150367534 2.1500000000000008 2.652083333333334 2.2500000000000004 3.0500000000000003 1.9500000000000002 1.1500000000000001 10.65 50.500000000000007 12.458333333333336 72.500000000000014 10.950000000000001 -0.74999999999999989 9.9500000000000011 17.650000000000002 14.15
decision_type=2 2 2 2 2 2 2 2 2 2 2 2 2 2 2 2 2 2 2 2 2 2 2 2 2 2 2 2 2 2
left_child=1 -1 -3 10 5 -5 -7 9 -9 -6 -2 12 13 -12 15 16 -14 18 -17 -18 24 22 23 -22 -19 -16 -27 -28 29 -29
right_child=3 2 -4 4 7 6 -8 8 -10 -11 11 -13 14 -15 25 17 19 20 -20 -21 21 -23 -24 -25 -26 26 27 28 -30 -31
leaf_value=-0.012637985682922884 -0.024817347403678323 -0.020009893797206236 0.10241854250418495 -0.038670160194114803 -0.046049633592748655 0.052698896950891305 0.00078773343161874009 0.0056907459666218421 -0.015059927860276563 -0.00066771589904988102 0.0086901227178622885 -0.024453086837717155 0.020979657840044068 0.029622737475181165 0.00013496863962426887 -0.013019959448895762 -0.019060707641352776 0.035721218240163041 -0.035172099163268911 0.017963241903683775 0.017674752464885087 -0.045344589488903714 -0.011811551493734243 -0.023280296481517356 -0.0041139714528039481 0.051299880904632396 -0.0049674043530543522 0.12367620547295026 0.00047966317632697653 0.0055353522690305291
leaf_weight=372 45 34 29 33 64 27 43 48 64 33 41 31 33 28 4054 36 27 26 32 39 155 43 208 42 27 70 198 107 486 162
leaf_count=372 45 34 29 33 64 27 43 48 64 33 41 31 33 28 4054 36 27 26 32 39 155 43 208 42 27 70 198 107 486 162
internal_value=-0.000165713 -0.00252294 0.0040625 0 -0.0029393 0.00173077 0.00619718 -0.0052381 -0.00141593 -0.00959184 0.00015617 0.000215532 0.000261393 0.00714286 0.000177515 -0.00143498 0.0034 -0.0022807 -0.00811594 -0.000597015 -0.0014741 -0.00222717 -0.00133005 0.00191919 0.00481481 0.000389917 0.00169922 0.00106918 0.00219577 0.0057037
internal_weight=6637 435 63 6202 312 103 70 209 112 97 5890 5845 5814 69 5745 668 99 569 68 66 501 448 405 197 53 5077 1023 953 755 269
internal_count=6637 435 63 6202 312 103 70 209 112 97 5890 5845 5814 69 5745 668 99 569 68 66 501 448 405 197 53 5077 1023 953 755 269
is_linear=0
shrinkage=0.04


Tree=117
num_leaves=31
num_cat=0
split_feature=14 0 11 11 5 7 14 17 14 7 3 19 13 11 2 13 5 11 13 11 20 10 6 5 13 6 6 11 7 7
split_gain=1.72346 2.0796 2.96513 4.29853 2.54918 1.85808 3.00179 1.43486 1.62928 2.0359 2.89852 1.67804 1.62927 1.33431 1.68429 1.39265 1.32057 2.52009 2.78751 2.54993 2.59457 2.67161 2.1364 2.21676 2.03741 4.50371 1.9483 1.79524 1.72937 2.20699
threshold=32.500000000000007 0.75000000000000011 16.550000000000004 6.1500000000000012 3.4500000000000006 1.5145833333333336 202.50000000000003 0.25881904510252091 14.500000000000002 9.7437500000000021 3.5500000000000003 -1.0000000180025095e-35 5.8500000000000005 5.2500000000000009 4.3500000000000005 4.4500000000000011 1.8500000000000003 6.4500000000000011 14.950000000000001 3.8500000000000001 0.81174490092936691 10.15 4.6916666666666655 1.1500000000000001 1.7500000000000002 3.2666666666666635 3.2999999999999967 1.5500000000000003 4.4645833333333345 3.3062500000000008
decision_type=2 2 2 2 2 2 2 2 2 2 2 2 2 2 2 2 2 2 2 2 2 2 2 2 2 2 2 2 2 2
left_child=7 2 3 -2 -5 6 -3 8 9 10 -1 -12 13 14 -10 -15 17 19 22 20 21 24 28 -24 26 27 -7 -26 29 -19
right_child=1 5 -4 4 -6 16 -8 -9 12 -11 11 -13 -14 15 -16 -17 -18 18 -20 -21 -22 -23 23 -25 25 -27 -28 -29 -30 -31
leaf_value=0.0079420633580330729 -0.027357305832459815 0.050296913155930469 -0.051334531394021429 0.02869220541563398 -0.0048434568499886857 0.0033221171723023524 -0.010873748194689234 0.02171945704550126 -0.020271071640465214 0.089691551449181672 6.0961277584885566e-05 -0.039821910186555683 0.0037161395895387627 -0.022165642308860693 0.013436249805251474 -0.042841662707814553 0.00045678914497680799 -0.00048869825412160676 -0.067168178006864351 -0.022180175756963662 -0.025270288456382791 -0.05547895442340213 0.10271654091945674 0.01468047213349287 0.01958473521273893 0.092466718906427325 -0.060836528415061118 -0.02406129513842668 -0.017226258644383687 0.038848496980831031
leaf_weight=42 29 34 31 32 32 48 35 33 26 48 34 56 50 85 25 36 5458 70 26 104 29 26 27 29 37 40 29 31 30 25
leaf_count=42 29 34 31 32 32 48 35 33 26 48 34 56 50 85 25 36 5458 70 26 104 29 26 27 29 37 40 29 31 30 25
internal_value=-0.00018379 -1.2897e-05 -0.00512 -0.00148936 0.00430769 9.21204e-05 0.00657143 -0.00261468 -0.00327543 -0.000441989 -0.00300752 -0.00703297 -0.00556054 -0.00739884 -0.00192308 -0.00967213 1.66389e-05 -0.00184783 0.00163462 -0.00394203 -0.00165975 -9.43396e-05 0.00340659 0.00982456 0.0016129 0.00513761 -0.00333333 -0.00115942 0.00047619 0.003125
internal_weight=6637 6202 124 93 64 6078 69 435 402 180 132 90 222 172 51 121 6009 551 207 344 240 211 181 56 185 108 77 68 125 95
internal_count=6637 6202 124 93 64 6078 69 435 402 180 132 90 222 172 51 121 6009 551 207 344 240 211 181 56 185 108 77 68 125 95
is_linear=0
shrinkage=0.04


Tree=118
num_leaves=31
num_cat=0
split_feature=8 11 11 3 9 16 3 5 2 13 8 5 13 11 19 12 13 8 5 7 6 1 9 9 19 6 7 3 7 5
split_gain=1.67889 1.89218 4.2576 1.59209 4.52153 3.13831 1.97866 1.86902 1.83571 6.39259 3.96017 2.68427 2.8872 2.5162 3.1118 2.56108 5.23058 2.94012 2.50427 2.49896 2.75747 2.5878 3.06221 2.45195 3.14898 2.40994 2.8031 3.6114 3.5783 3.96114
threshold=0.75000000000000011 16.550000000000004 8.9500000000000011 16.550000000000004 46.500000000000007 112.50000000000001 10.950000000000001 2.8500000000000001 7.7500000000000009 1.5500000000000003 11.850000000000003 7.5500000000000007 1.0500000000000003 0.25000000000000006 -1.0000000180025095e-35 67.500000000000014 8.4500000000000011 7.5500000000000007 11.750000000000002 10.427083333333336 7.2499999999999991 8.2500000000000018 72.500000000000014 87.500000000000014 -0.60785761079279388 6.8916666666666648 6.1479166666666671 2.1500000000000008 5.5187500000000007 3.8500000000000001
decision_type=2 2 2 2 2 2 2 2 2 2 2 2 2 2 2 2 2 2 2 2 2 2 2 2 2 2 2 2 2 2
left_child=1 2 -1 6 -5 -6 8 -8 19 10 11 -10 -13 -11 18 16 17 -16 -15 20 25 -22 -23 24 -21 26 28 -28 -2 -30
right_child=3 -3 -4 4 5 -7 7 -9 9 13 -12 12 -14 14 15 -17 -18 -19 -20 23 21 22 -24 -25 -26 -27 27 -29 29 -31
leaf_value=-0.012151967355620573 0.00049515722645959498 -0.071070692934256594 0.024752059066989258 -0.053356572802999991 0.024310376264564157 -0.017223702281465664 0.060832295052746448 0.0037114109216015122 -0.036619753097937573 -0.032477370503524589 0.071943441490642787 0.075768763197547898 -0.039070923349844335 -0.032538461818286867 -0.015928715671505601 -0.0083452495700896273 -0.026891466727955074 0.057726639282085802 0.010590396158937879 0.0017289775058691071 0.039786564135478972 0.011995469599570879 -0.051955880342922076 0.0091560856839878468 -0.040052234705930126 -0.024675537790012997 -0.022415617363328363 0.0099864601869057001 -0.067112149699341206 -0.0043919813375243779
leaf_weight=36 2632 25 40 48 151 260 71 725 60 77 105 40 27 290 41 232 70 168 51 33 102 86 41 32 86 105 52 664 84 203
leaf_count=36 2632 25 40 48 151 260 71 725 60 77 105 40 27 290 41 232 70 168 51 33 102 86 41 32 86 105 52 664 84 203
internal_value=-0.000201868 -0.00529412 -0.00207792 -0.00012238 -0.0023913 -0.00101942 4.93583e-05 0.00190715 -0.000230973 -0.00163511 0.00429185 -0.00046875 0.005 -0.00311828 -0.00248535 -0.000507813 0.00207143 0.0052381 -0.0054386 0.000165008 0.000357683 0.0046087 0.00078125 -0.00486842 -0.0075 9.6231e-05 0.000269527 0.00251046 -0.000280822 -0.00451389
internal_weight=6637 101 76 6536 459 411 6077 796 5281 1161 232 127 67 929 852 511 279 209 341 4120 3969 229 127 151 119 3740 3635 716 2919 287
internal_count=6637 101 76 6536 459 411 6077 796 5281 1161 232 127 67 929 852 511 279 209 341 4120 3969 229 127 151 119 3740 3635 716 2919 287
is_linear=0
shrinkage=0.04


Tree=119
num_leaves=31
num_cat=0
split_feature=14 12 16 5 9 0 5 17 9 9 12 3 5 4 19 14 13 14 11 8 4 13 8 19 14 5 16 4 16 3
split_gain=1.96599 1.60615 2.14794 3.7347 2.54927 2.56946 1.63873 1.50169 1.4773 1.36204 2.4737 4.18097 1.92984 1.50904 1.45812 1.43356 1.39396 1.21695 2.6187 2.10917 2.67743 2.10489 5.16374 3.32945 3.26299 6.10166 4.36438 3.55776 2.90009 2.84417
threshold=32.500000000000007 90.500000000000014 37.500000000000007 10.450000000000001 46.500000000000007 7.4500000000000011 0.45000000000000007 0.25881904510252091 63.500000000000007 84.500000000000014 45.500000000000007 10.050000000000002 2.4500000000000006 3.5500000000000003 0.6078576107927941 20.500000000000004 4.1500000000000012 275.50000000000006 -7.4499999999999993 10.65 15.050000000000002 7.6500000000000012 6.0500000000000007 1.0000000180025095e-35 172.50000000000003 10.950000000000001 42.500000000000007 5.1500000000000012 2142.5000000000005 15.450000000000001
decision_type=2 2 2 2 2 2 2 2 2 2 2 2 2 2 2 2 2 2 2 2 2 2 2 2 2 2 2 2 2 2
left_child=7 6 4 8 -3 -6 -2 9 -4 10 -1 13 -11 -12 15 16 -14 21 -19 20 -20 24 23 -23 26 29 -8 -27 -25 -26
right_child=1 2 3 -5 5 -7 17 -9 -10 12 11 -13 14 -15 -16 -17 -18 18 19 -21 -22 22 -24 28 25 27 -28 -29 -30 -31
leaf_value=-0.044250339507083875 -0.022833648258334272 0.0083399410909650844 -0.045643727810774803 0.0047179382989630805 0.0036927804709084191 -0.02855920776702469 0.013205781752616233 0.020830872474622845 -0.023374353520017942 0.012519739620362343 0.0088455007588062705 0.10370568452478991 -0.022444679479751786 -0.016802596734002667 0.058242587002696633 -0.041132804107513368 0.029555619242507589 0.017648800807368799 0.0010344004003798447 0.036135645058901038 -0.032905247653785476 0.014082012954087357 -0.025600882447876838 -0.010554262195389335 -0.0055189896262150739 0.064068312462645591 0.00049341589994416073 0.0074348244841821298 0.012961296197859209 -0.047736727708119403
leaf_weight=47 45 59 63 46 56 41 607 33 47 46 25 27 34 99 33 45 46 30 661 247 63 271 346 268 1531 78 1318 339 44 42
leaf_count=47 45 59 63 46 56 41 607 33 47 46 25 27 34 99 33 45 46 30 661 247 63 271 346 268 1531 78 1318 339 44 42
internal_value=-0.000201868 -1.93455e-05 -0.0028115 -0.00611465 0.000509554 -0.00346939 0.00012901 -0.00279817 -0.0100901 -0.00347395 -0.00582915 -0.00328947 -0.00117073 -0.0064 -0.00327044 -0.0052381 -0.00197531 0.000188163 0.00145709 0.00109053 0 -7.43034e-05 -0.00178495 0.000513699 0.000331971 -0.000803616 0.00150571 0.00349282 -0.00230032 -0.00194409
internal_weight=6637 6202 312 156 156 97 5890 435 110 402 198 151 204 124 158 125 80 5845 1001 971 724 4844 929 583 3915 1990 1925 417 312 1573
internal_count=6637 6202 312 156 156 97 5890 435 110 402 198 151 204 124 158 125 80 5845 1001 971 724 4844 929 583 3915 1990 1925 417 312 1573
is_linear=0
shrinkage=0.04


Tree=120
num_leaves=31
num_cat=0
split_feature=5 2 7 5 5 4 11 7 13 16 9 3 4 6 17 13 10 7 11 5 5 0 7 12 7 3 13 18 7 17
split_gain=1.56292 3.25632 2.93361 2.52926 2.42566 3.07185 2.93877 2.31129 2.24517 2.23521 2.35074 2.51893 2.06634 3.13393 1.99341 1.67809 2.41731 1.38114 1.82117 1.21309 3.45139 2.65129 1.86623 2.71932 2.53644 2.65024 2.64232 2.41635 4.06504 1.45864
threshold=1.0500000000000003 3.9500000000000006 2.4354166666666672 0.45000000000000007 1.5500000000000003 2.3500000000000001 3.9500000000000006 2.0187500000000007 10.250000000000002 887.50000000000011 70.500000000000014 1.3500000000000003 3.7500000000000004 2.3666666666666658 -0.37940952255126065 3.9500000000000006 5.8500000000000005 2.1854166666666672 1.8500000000000003 52.400000000000006 31.850000000000005 15.450000000000001 21.504166666666674 37.500000000000007 17.375000000000004 17.350000000000005 5.7500000000000009 0.37940952255126048 14.908333333333335 0.12940952255126045
decision_type=2 2 2 2 2 2 2 2 2 2 2 2 2 2 2 2 2 2 2 2 2 2 2 2 2 2 2 2 2 2
left_child=1 2 3 -1 5 6 -2 9 15 10 -6 -12 -4 -14 -3 16 -7 18 -9 20 22 -22 24 -24 25 -19 27 28 -27 -26
right_child=4 14 12 -5 7 8 -8 17 -10 -11 11 -13 13 -15 -16 -17 -18 19 -20 -21 21 -23 23 -25 29 26 -28 -29 -30 -31
leaf_value=-0.015656970362257744 0.029365210101507399 0.098710960036883316 -0.026860231706833649 0.020355218676125501 0.0018160275776600977 0.0034858083649795726 -0.011055399022049795 -0.002726080360510732 0.0040989010673348368 0.014048562916376356 -0.00033303980143411849 -0.041133918432505856 0.0067678111241867714 -0.030497595714582885 0.07427230090915618 -0.035231369361899051 -0.03417019436961713 -0.00014235847408048842 0.03978833114634938 -0.016560335238032096 -0.013668370819334577 0.24526733509569995 0.069677951796280765 -0.047781482373595495 0.17592126482898324 -0.011163753904025518 -0.037368242431109276 -0.095467504644422413 0.06610665439014142 0.0019906179332684105
leaf_weight=27 40 30 34 65 34 36 28 25 32 25 25 55 25 27 29 51 55 5502 35 38 25 51 31 74 33 51 57 26 31 25
leaf_count=27 40 30 34 65 34 36 28 25 32 25 25 55 25 27 29 51 55 5502 35 38 25 51 31 74 33 51 57 26 31 25
internal_value=-0.000241582 0.00294118 0.000223464 0.00516129 -0.000360163 -0.00427984 0.00289855 -0.000205078 -0.00708571 -0.00528571 -0.00765217 -0.011358 -0.00505747 0 0.011 -0.00923077 -0.00586957 -8.65945e-05 0.00590164 -0.000148024 -0.000101574 0.00831169 -0.000212656 -0.0054717 -0.000115264 -0.000201129 -0.00518072 -0.00146789 0.00192771 0.00813559
internal_weight=6622 237 178 92 6385 242 68 6143 174 139 114 80 86 52 59 142 91 6004 60 5944 5906 76 5830 105 5725 5667 165 108 82 58
internal_count=6622 237 178 92 6385 242 68 6143 174 139 114 80 86 52 59 142 91 6004 60 5944 5906 76 5830 105 5725 5667 165 108 82 58
is_linear=0
shrinkage=0.04


Tree=121
num_leaves=31
num_cat=0
split_feature=14 19 12 11 18 19 11 7 0 14 7 11 19 7 16 12 5 2 11 18 5 7 5 7 14 6 10 5 11 11
split_gain=1.69648 1.57227 1.45705 6.03287 3.87245 3.54025 4.14743 5.72754 3.23641 3.2291 4.40771 3.14736 2.63089 2.53644 2.53569 2.73901 2.45436 2.88573 2.6671 2.14804 2.13409 3.24278 2.33693 2.70747 4.64766 3.70414 3.52932 3.40382 3.31545 6.13345
threshold=355.50000000000006 0.6078576107927941 58.500000000000007 2.2500000000000004 -0.12940952255126037 0.6078576107927941 13.65 6.1895833333333341 24.800000000000004 219.50000000000003 8.5687500000000032 8.9500000000000011 -1.0000000180025095e-35 12.852083333333335 752.50000000000011 43.500000000000007 1.1500000000000001 3.9500000000000006 5.7500000000000009 -0.78656609248549325 1.8500000000000003 1.6270833333333334 16.150000000000002 3.1895833333333337 171.50000000000003 7.5249999999999977 4.9500000000000011 11.350000000000003 13.050000000000002 8.1500000000000004
decision_type=2 2 2 2 2 2 2 2 2 2 2 2 2 2 2 2 2 2 2 2 2 2 2 2 2 2 2 2 2 2
left_child=2 -2 3 -1 5 6 -5 -8 13 10 -9 -7 -12 20 15 -11 17 -6 -18 -13 21 -4 23 24 26 28 -22 -27 29 -25
right_child=1 -3 8 4 16 11 7 9 -10 14 12 19 -14 -15 -16 -17 18 -19 -20 -21 22 -23 -24 25 -26 27 -28 -29 -30 -31
leaf_value=0.023831955917991685 -0.032681885437694957 0.0025692045187518621 0.021102478833173299 0.073140554460468868 0.0010618185307406237 -0.0039359125432884843 -0.095547879939260241 0.23039192831452177 -0.043170820763670188 0.65974220231441427 0.058848418449627932 0.25548018604469169 -0.038821916349204851 0.005883894918441524 0.020825089699432482 -0.054839314178615768 -0.033684412894476913 0.094164593891066656 -0.0034088728099120049 0.033794548839524978 -0.014583156562026928 -0.012523429239754497 -0.020123903031341043 0.0038140002919817739 -0.016753740782289198 -0.0085255687066808326 0.010075885706569148 0.0096764064251394898 0.050064050582148668 -0.013964756759755908
leaf_weight=91 73 26 43 70 95 42 107 47 46 25 52 49 35 201 25 65 79 26 1616 128 90 366 117 1306 279 818 168 168 177 192
leaf_count=91 73 26 43 70 95 42 107 47 46 25 52 49 35 201 25 65 79 26 1616 128 90 366 117 1306 279 818 168 168 177 192
internal_value=-0.000229503 -0.0054 -0.000150215 0.000595378 0.000219334 0.00287926 0.000749415 -0.0010084 -0.000629406 0.00232 0.00651852 0.007 0.00113636 -0.00050433 -0.00258621 -0.00571429 -0.000726472 0.0047541 -0.00112028 0.00932584 -0.00074094 -0.00346341 -0.000404101 -0.000200063 -0.0027881 0.000323065 0.00108108 -0.00162107 0.00146778 0.000853903
internal_weight=6622 99 6523 2552 2461 645 426 356 3971 249 134 219 87 3925 115 90 1816 121 1695 177 3724 409 3315 3198 537 2661 258 986 1675 1498
internal_count=6622 99 6523 2552 2461 645 426 356 3971 249 134 219 87 3925 115 90 1816 121 1695 177 3724 409 3315 3198 537 2661 258 986 1675 1498
is_linear=0
shrinkage=0.04


Tree=122
num_leaves=31
num_cat=0
split_feature=11 5 3 16 12 11 2 8 12 1 11 4 5 5 16 13 9 9 9 4 2 10 8 8 0 5 5 13 9 0
split_gain=1.75473 1.73845 2.58695 1.24625 1.17937 3.27083 6.95444 6.68743 3.25129 2.63878 2.55345 2.21236 2.15448 4.76204 2.11323 2.74962 3.40892 2.44807 2.19035 2.10495 2.02215 1.98627 3.30174 3.16418 3.8979 2.83796 4.19164 2.27462 2.1024 2.60435
threshold=33.350000000000001 3.2500000000000004 11.950000000000001 2905.0000000000005 71.500000000000014 2.0500000000000003 2.0500000000000003 7.0500000000000007 58.500000000000007 25.500000000000004 -7.4499999999999993 4.5500000000000007 51.300000000000004 30.850000000000005 297.50000000000006 4.4500000000000011 69.500000000000014 97.500000000000014 57.500000000000007 17.250000000000004 9.0500000000000025 11.050000000000002 5.0500000000000007 16.850000000000005 16.850000000000005 6.3500000000000005 15.350000000000003 2.5500000000000003 87.500000000000014 19.450000000000003
decision_type=2 2 2 2 2 2 2 2 2 2 2 2 2 2 2 2 2 2 2 2 2 2 2 2 2 2 2 2 2 2
left_child=3 -2 -3 4 5 6 -1 11 -9 10 -6 -8 13 19 17 -16 18 -12 -17 21 -21 28 -23 25 -25 -24 27 -27 29 -7
right_child=1 2 -4 -5 9 12 7 8 -10 -11 14 -13 -14 -15 15 16 -18 -19 -20 20 -22 22 23 24 -26 26 -28 -29 -30 -31
leaf_value=-0.033257866383718575 0.026752169652788566 -0.049758908642773235 0.52259210328056915 -0.036290732374512351 -0.037270709656743811 -0.0045060328727083744 0.048032154755921611 0.062961208632079838 -0.012413151972203114 -0.033014076834855369 -0.0014975994051212816 0.021420216811195925 -0.03776812713837812 0.28424718596997323 0.10295147794013518 0.0049396745652030031 0.014073966304199069 -0.042293532897737511 -0.048502707907222088 -0.048108811419049761 -0.005466539652413829 -0.033087757391107073 -0.00022723276026212602 -0.072852113553774911 0.058666104646601415 0.20351795245445253 -0.022373912103274662 0.055856771374927061 0.0022031143258666396 0.060819936679450355
leaf_weight=35 27 36 27 46 48 1661 89 28 108 29 2667 88 28 51 34 30 72 25 36 56 167 47 77 27 41 70 31 80 826 35
leaf_count=35 27 36 27 46 48 1661 89 28 108 29 2667 88 28 51 34 30 72 25 36 56 167 47 77 27 41 70 31 80 826 35
internal_value=-0.000241582 0.00527473 0.0015625 -0.000318384 -0.000271312 0.000219966 0.00389685 0.00579618 -0.000875912 -0.000863358 -0.000741504 0.0108989 -0.000181363 -8.20189e-05 -0.000586387 0.00369942 0.00115108 -0.000861493 -0.00537313 -0.000282142 -0.00401786 6.90608e-06 0.00272727 0.00415902 -0.00347826 0.00617761 0.0089011 0.0116556 -0.000396354 -0.00120212
internal_weight=6622 90 63 6532 6486 3545 348 313 136 2941 2912 177 3197 3169 2864 172 138 2692 66 3118 223 2895 373 326 68 258 181 150 2522 1696
internal_count=6622 90 63 6532 6486 3545 348 313 136 2941 2912 177 3197 3169 2864 172 138 2692 66 3118 223 2895 373 326 68 258 181 150 2522 1696
is_linear=0
shrinkage=0.04


Tree=123
num_leaves=31
num_cat=0
split_feature=5 19 9 18 14 19 5 4 13 13 10 13 0 20 11 11 5 5 9 9 12 10 18 11 1 13 14 12 11 4
split_gain=1.33102 3.61077 2.77676 2.54677 1.67681 1.74241 1.71113 3.60317 2.11675 1.78274 2.73007 1.64657 1.9889 1.72997 1.60688 1.49182 1.16938 2.5889 2.25251 2.20488 1.1394 1.64325 1.2731 3.26928 3.15735 3.49558 4.1848 2.60219 3.08371 2.56669
threshold=1.0500000000000003 0.87837969732492682 85.500000000000014 0.78656609248549303 355.50000000000006 0.6078576107927941 1.5500000000000003 2.3500000000000001 10.250000000000002 3.9500000000000006 5.8500000000000005 2.2500000000000004 3.6500000000000008 1.0000000180025095e-35 2.5500000000000003 35.050000000000004 52.400000000000006 31.850000000000005 31.500000000000004 62.500000000000007 93.500000000000014 11.450000000000001 -0.12940952255126037 10.750000000000002 2.5500000000000003 9.3500000000000032 284.50000000000006 63.500000000000007 2.3500000000000001 1.0500000000000003
decision_type=2 2 2 2 2 2 2 2 2 2 2 2 2 2 2 2 2 2 2 2 2 2 2 2 2 2 2 2 2 2
left_child=1 2 11 -4 6 -6 7 14 9 10 -9 -1 13 -13 -2 16 17 18 -8 -19 22 -22 23 27 -25 29 -27 28 -20 -26
right_child=4 -3 3 -5 5 -7 15 8 -10 -11 -12 12 -14 -15 -16 -17 -18 19 20 -21 21 -23 -24 24 25 26 -28 -29 -30 -31
leaf_value=0.018784350120137062 0.027490361474880452 -0.061036674561257151 0.050702054640495507 0.0028256880003137575 -0.044280792880892823 0.002586508983558371 -0.025235555869234681 0.0024639623892745099 0.0042515412519462583 -0.035400052593589269 -0.032196153079848938 -0.034812095548972632 0.067552494991994089 0.00062123509941514499 -0.009243757519902137 0.11169881471325041 -0.013550683877574486 -0.0014655295576368843 0.023533622919324593 0.33747005785625989 -0.035667633666342916 0.0046399059170683541 -0.0018123410931284313 0.092228242677793906 -0.039400304365682572 -0.091547621530710402 0.016884544523263028 -0.003002833716195248 9.3969456657898583e-05 0.016773940364006527
leaf_weight=44 31 32 35 42 67 26 26 34 32 50 54 30 25 29 37 29 38 30 68 45 34 30 3107 38 25 47 30 1461 132 914
leaf_count=44 31 32 35 42 67 26 26 34 32 50 54 30 25 29 37 29 38 30 68 45 34 30 3107 38 25 47 30 1461 132 914
internal_value=-0.000332176 0.00260504 0.00456311 0.0105128 -0.000441591 -0.00574468 -0.000362307 -0.00368201 -0.00678363 -0.00892086 -0.00539326 0.000930233 -0.00235294 -0.00633333 0.00405797 -0.000231214 -0.000275473 -0.000230461 -0.000324708 0.00710526 -0.000271785 -0.00553846 -0.000212949 0.000419735 0.00216114 0.00173058 -0.00641026 -0.000685921 0.00358209 0.00240426
internal_weight=6622 237 205 77 6385 93 6292 238 170 138 88 128 84 59 68 6054 6025 5987 5912 75 5886 64 5822 2715 1054 1016 77 1661 200 939
internal_count=6622 237 205 77 6385 93 6292 238 170 138 88 128 84 59 68 6054 6025 5987 5912 75 5886 64 5822 2715 1054 1016 77 1661 200 939
is_linear=0
shrinkage=0.04


Tree=124
num_leaves=31
num_cat=0
split_feature=14 16 13 11 10 19 11 16 8 6 19 6 3 3 9 11 18 5 10 19 3 13 12 3 17 14 12 11 16 6
split_gain=1.10087 1.27585 1.77764 1.22535 3.47778 2.30196 3.56469 7.71461 3.51345 3.48952 3.99768 3.76689 3.64517 3.46875 2.91221 2.62155 2.56566 2.46918 2.42715 2.14068 1.93865 3.0936 1.85247 2.4395 2.94787 1.68561 2.71857 2.98001 2.05901 2.81344
threshold=354.50000000000006 982.50000000000011 3.1500000000000008 21.150000000000002 14.050000000000002 1.0000000180025095e-35 26.750000000000004 1207.5000000000002 7.3500000000000005 4.3833333333333302 0.87837969732492682 3.1999999999999971 8.6500000000000004 8.3500000000000032 89.500000000000014 29.150000000000002 -0.3794095225512602 7.7500000000000009 0.65000000000000002 -1.0000000180025095e-35 13.850000000000003 8.2500000000000018 28.500000000000004 6.2500000000000009 0.25881904510252091 270.50000000000006 29.500000000000004 -5.8499999999999988 1097.5000000000002 3.6333333333333324
decision_type=2 2 2 2 2 2 2 2 2 2 2 2 2 2 2 2 2 2 2 2 2 2 2 2 2 2 2 2 2 2
left_child=3 2 -2 25 5 6 7 22 9 10 11 -7 -11 18 -15 16 -10 -14 -8 -16 21 -18 -5 -24 -25 28 -27 -28 -1 -30
right_child=1 -3 -4 4 -6 8 13 -9 15 12 -12 -13 17 14 19 -17 20 -19 -20 -21 -22 -23 23 24 -26 26 27 -29 29 -31
leaf_value=-0.0014427793812516576 -0.024810387717451379 -0.085302652624982225 0.017800588048620263 -0.066858494706731234 0.34889232667420994 -0.04293296197413797 -0.042054447375369862 0.039467406810095119 0.5732679427687335 -0.039725101729345055 0.090104618715772078 0.053378045106659278 -0.025045403508181855 -0.078174714066605269 -0.0077591348246007818 0.32821686364454733 0.10099068123541116 0.038579654951452456 0.010487973428041961 -0.040485671996902221 -0.0075039719512392548 -0.04827007337849324 0.016231421069672257 0.0035467687851167898 -0.059260590393241018 0.07205091176665078 0.012620539232704786 -5.1339520149404903e-05 -0.0017263312399535557 -0.038279151573221849
leaf_weight=4364 52 26 27 47 39 42 43 121 34 103 46 42 28 35 98 49 75 34 57 31 64 42 47 109 64 39 52 569 138 105
leaf_count=4364 52 26 27 47 39 42 43 121 34 103 46 42 28 35 98 49 75 34 57 31 64 42 47 109 64 39 52 569 138 105
internal_value=-0.000295938 -0.00433962 -0.00175 -0.000230132 0.000895284 0.000511551 -0.0011026 0.00133676 0.00239286 -0.000608108 0.00427481 -0.000941176 -0.00445783 -0.00467925 -0.00824242 0.00573585 0.0037963 0.0031746 0.00118812 -0.00538462 0.00186813 0.00491525 -0.00246269 -0.000904977 -0.00310345 -0.000497342 0.00139183 0.00073955 -0.000768229 -0.00434426
internal_weight=6622 105 79 6517 1250 1211 652 388 559 295 130 84 165 264 164 264 215 62 100 129 181 117 267 220 173 5267 660 621 4607 243
internal_count=6622 105 79 6517 1250 1211 652 388 559 295 130 84 165 264 164 264 215 62 100 129 181 117 267 220 173 5267 660 621 4607 243
is_linear=0
shrinkage=0.04


Tree=125
num_leaves=31
num_cat=0
split_feature=5 9 5 6 4 7 8 6 18 13 13 5 8 7 16 16 3 5 8 10 2 5 10 19 20 8 10 7 19 8
split_gain=2.83577 2.51993 1.79546 2.29971 2.10545 1.76095 1.65614 2.38996 1.77732 3.05847 2.00466 1.9178 2.74094 2.25306 1.63097 3.22749 1.58734 4.30507 2.52813 3.03131 2.53026 2.56306 2.87677 2.80015 2.40404 2.23549 2.11308 1.95604 5.02051 5.34655
threshold=59.95000000000001 134.50000000000003 33.050000000000004 15.050000000000001 55.350000000000009 23.560416666666672 0.65000000000000002 0.99999999999999623 0.78656609248549303 14.050000000000002 14.850000000000003 0.95000000000000007 4.8500000000000005 3.0770833333333338 2475.0000000000005 2905.0000000000005 20.450000000000003 12.15 18.850000000000005 14.050000000000002 18.650000000000002 15.950000000000001 8.1500000000000004 -1.0000000180025095e-35 1.0000000180025095e-35 5.6500000000000012 5.5500000000000007 6.1479166666666671 0.87837969732492682 1.8500000000000003
decision_type=2 2 2 2 2 2 2 2 2 2 2 2 2 2 2 2 2 2 2 2 2 2 2 2 2 2 2 2 2 2
left_child=1 2 5 -4 -5 6 -1 -8 9 11 -11 12 13 -9 -10 -16 18 -18 20 24 21 27 25 -24 26 -23 -20 28 -13 -30
right_child=-2 -3 3 4 -6 -7 7 8 14 10 -12 16 -14 -15 15 -17 17 -19 19 -21 -22 22 23 -25 -26 -27 -28 -29 29 -31
leaf_value=-0.012226125482620774 -0.022202911423087529 0.45216131316193031 -0.014962620586529436 0.39151110775034331 0.0035967727607299337 -0.043009845215018529 0.010210062661076115 -0.0081638293842062996 -0.0072339215921949501 0.054837727026923563 0.002568483012489544 -0.0037257751370797011 0.14238129672359484 0.073316644752303442 0.012169235822306383 -0.014308924036186461 -0.032311100674506932 0.10444108940194374 -0.022778880302494146 0.020157886187205206 0.03239568567673487 -0.068980149714392064 0.064220998202071153 -0.031605214115583355 -0.073945742927284897 -0.011596253996006851 0.032731066186538593 0.0023481778950901954 -0.022243228701755883 0.018533160584912719
leaf_weight=76 26 26 26 34 25 65 78 50 1172 29 81 2080 29 26 55 53 39 58 26 61 29 35 30 86 77 78 55 1751 44 362
leaf_count=76 26 26 26 34 25 65 78 50 1172 29 81 2080 29 26 55 53 39 58 26 61 29 35 30 86 77 78 55 1751 44 362
internal_value=-0.000396218 -0.000343529 -0.000393284 0.00534884 0.00966667 -0.000468894 -0.000402414 -0.000332028 -0.000418583 -7.95703e-05 0.00648649 -0.000227781 0.00509434 0.00103896 -0.00174863 0.00293578 -0.000344971 0.00469388 -0.000449629 -0.00463636 -0.000244662 -0.000322364 -0.00443478 0 -0.00754717 -0.00894737 -0.00268293 -9.91034e-05 -0.000820265 0.00324324
internal_weight=6662 6636 6610 85 59 6525 6460 6384 6306 5026 110 4916 105 76 1280 108 4811 97 4714 219 4495 4466 229 116 158 113 81 4237 2486 406
internal_count=6662 6636 6610 85 59 6525 6460 6384 6306 5026 110 4916 105 76 1280 108 4811 97 4714 219 4495 4466 229 116 158 113 81 4237 2486 406
is_linear=0
shrinkage=0.04


Tree=126
num_leaves=31
num_cat=0
split_feature=5 8 11 6 3 1 16 16 8 20 1 12 7 4 7 6 5 11 8 19 11 16 10 6 8 8 7 7 20 7
split_gain=2.81998 1.38555 2.82242 2.37881 1.41023 2.9026 2.22021 2.60977 1.8124 2.13887 2.43188 1.65896 2.84734 5.64246 3.45005 2.82893 2.55309 2.8662 2.52294 2.52194 5.46205 2.47964 2.60615 2.45888 4.00404 4.13088 3.66445 5.07192 3.3949 3.07654
threshold=59.95000000000001 0.65000000000000002 9.3500000000000032 0.99999999999999623 2.9500000000000006 2.6500000000000008 107.50000000000001 192.50000000000003 10.450000000000001 0.81174490092936691 3.0500000000000003 75.500000000000014 8.5250000000000021 11.050000000000002 9.3333333333333357 9.3333333333333339 3.9500000000000006 -4.3499999999999988 5.8500000000000005 1.0000000180025095e-35 15.550000000000002 382.50000000000006 5.7500000000000009 9.5583333333333353 12.550000000000002 15.850000000000003 6.1479166666666671 6.7104166666666671 1.0000000180025095e-35 5.5187500000000007
decision_type=2 2 2 2 2 2 2 2 2 2 2 2 2 2 2 2 2 2 2 2 2 2 2 2 2 2 2 2 2 2
left_child=1 2 -1 -3 5 -5 -7 -8 9 10 -9 12 13 23 18 -16 17 -13 -14 -20 -21 22 -18 26 -25 -26 29 -28 -29 -6
right_child=-2 3 -4 4 11 6 7 8 -10 -11 -12 16 14 -15 15 -17 21 -19 19 20 -22 -23 -24 24 25 -27 27 28 -30 -31
leaf_value=-0.019870390299985257 -0.021314794966164036 0.009801660154633067 0.0047885717209328865 0.00070706356785550813 0.004008288323996894 -0.0036781527838053662 -0.027578012381626726 0.015327617349888403 -0.077293598783135894 0.044210646504153885 -0.018086218937827959 0.037519837859971351 0.026794247555804011 0.12961309374259891 -0.0093802761718654887 0.0055798485768385579 -0.014829113891059649 -0.010393082500975578 -0.027877360073666681 -0.064302816788446973 0.040102664452295794 0.022607842150723804 0.00093840264435481665 -0.03401189495804733 0.073394279115203104 -0.041368518525846269 0.098258257008761021 -0.0058427516235017227 0.011685534133002093 -0.029456703634831084
leaf_weight=35 26 78 41 618 835 526 77 36 26 25 147 36 30 35 324 867 232 546 115 25 48 29 1019 87 61 35 148 192 160 203
leaf_count=35 26 78 41 618 835 526 77 36 26 25 147 36 30 35 324 867 232 546 115 25 48 29 1019 87 61 35 148 192 160 203
internal_value=-0.000432238 -0.00037969 -0.00571429 -0.000317025 -0.000401049 -0.00149725 -0.00303103 -0.00570513 -0.00357447 -0.00229665 -0.00380435 -8.35322e-05 0.000473784 0.00154809 -0.000865248 -1.67785e-05 -0.0010306 -0.0032247 -0.00547945 -0.00719577 -0.00135135 -3.12256e-05 -0.000303514 0.00121951 -0.00315217 0.00247423 0.00174139 0.0045509 0.00192635 0.000384986
internal_weight=6662 6636 76 6560 6482 1455 837 311 234 208 183 5027 3165 1756 1409 1191 1862 582 218 188 73 1280 1251 1721 183 96 1538 500 352 1038
internal_count=6662 6636 76 6560 6482 1455 837 311 234 208 183 5027 3165 1756 1409 1191 1862 582 218 188 73 1280 1251 1721 183 96 1538 500 352 1038
is_linear=0
shrinkage=0.04


Tree=127
num_leaves=31
num_cat=0
split_feature=5 9 2 4 11 19 5 8 11 18 6 5 19 7 7 18 9 9 5 11 19 11 11 7 2 7 8 0 11 20
split_gain=2.81998 2.53488 1.18189 1.2884 3.15156 3.75897 3.24009 3.01789 3.72435 3.22559 2.95967 2.32082 2.2674 2.50339 2.13468 1.97681 3.34296 1.87143 2.92487 2.35913 1.79999 2.59317 1.60252 1.44439 2.56873 3.62751 2.65614 3.6812 2.58499 2.53051
threshold=59.95000000000001 134.50000000000003 0.45000000000000007 2.0500000000000003 2.2500000000000004 1.0000000180025095e-35 1.6500000000000001 10.450000000000001 15.15 0.37940952255126048 2.9999999999999964 1.7500000000000002 -0.8783796973249266 3.4729166666666669 1.9645833333333338 0.1294095225512602 73.500000000000014 70.500000000000014 5.1500000000000012 -1.4499999999999997 0.6078576107927941 10.750000000000002 -1.0000000180025095e-35 8.5250000000000021 7.0500000000000007 8.9854166666666675 5.9500000000000011 3.4500000000000006 14.250000000000002 0.81174490092936691
decision_type=2 2 2 2 2 2 2 2 2 2 2 2 2 2 2 2 2 2 2 2 2 2 2 2 2 2 2 2 2 2
left_child=1 2 -1 4 6 7 -4 8 9 12 -11 -7 -6 -14 -5 20 -17 18 19 -8 -13 -22 -20 29 26 -26 27 28 -25 -16
right_child=-2 -3 3 14 5 11 17 -9 -10 10 -12 15 13 -15 23 16 -18 -19 22 -21 21 -23 -24 24 25 -27 -28 -29 -30 -31
leaf_value=0.01357244875456253 -0.020462203167517502 0.43385166669237946 0.016729224506485015 0.014242265670816909 0.076885386470847833 -0.047427662949797791 -0.0073301209068892701 0.13276206395580969 -0.020690934179815556 0.012260151870981346 -0.027493050375732134 -0.012334743493378398 0.02306234692630392 -0.041061461683677795 -0.00029952255857057964 0.026839781097451932 -0.011769055535996201 -0.033201312933362974 -0.055018248045536677 0.00483184973672004 -0.019778127624163453 0.033926556644420479 -0.037283062229345437 0.0010317352422567793 -0.015510136897711108 0.00012263926508357059 -0.021781361670542516 0.017011680715184552 -0.040483827866372696 0.009429133113267367
leaf_weight=55 26 26 53 35 41 36 39 25 50 45 28 43 52 35 3330 28 32 83 25 100 53 26 35 46 134 1445 187 62 41 446
leaf_count=55 26 26 53 35 41 36 39 25 50 45 28 43 52 35 3330 28 32 83 25 100 53 26 35 46 134 1445 187 62 41 446
internal_value=-0.000432238 -0.00037969 -0.000429587 -0.000478951 -0.00195181 8.08081e-05 -0.00494048 0.0031769 0.0018254 0.00425743 -0.00243243 -0.00383562 0.00806202 0.00431818 -0.000265409 -0.00196721 0.00393443 -0.00664311 -0.0045 -0.00128571 -0.00487805 -0.00125 -0.0118033 -0.000326774 -0.00122129 -0.000544304 -0.00439169 -0.0004 -0.00568182 0.000127085
internal_weight=6662 6636 6610 6555 829 494 335 276 251 201 73 218 128 87 5726 182 60 282 199 139 122 79 60 5691 1915 1579 336 149 87 3776
internal_count=6662 6636 6610 6555 829 494 335 276 251 201 73 218 128 87 5726 182 60 282 199 139 122 79 60 5691 1915 1579 336 149 87 3776
is_linear=0
shrinkage=0.04


Tree=128
num_leaves=31
num_cat=0
split_feature=5 9 14 15 1 5 4 11 19 9 9 13 7 5 5 4 11 9 9 6 13 3 14 7 6 5 7 4 20 2
split_gain=2.21182 2.53488 1.10492 1.19722 1.17485 1.14344 1.07921 3.19862 4.07624 2.53721 2.81192 3.3677 3.2831 3.24896 2.89073 2.3672 2.0962 3.12586 2.73413 2.02896 2.32769 2.63428 2.36162 2.09108 2.10944 1.98924 1.49109 3.067 3.41385 3.03561
threshold=59.95000000000001 134.50000000000003 358.50000000000006 1.2500000000000002 4.5500000000000007 4.6500000000000012 2.0500000000000003 -1.3499999999999999 -1.0000000180025095e-35 95.500000000000014 84.500000000000014 9.6500000000000004 1.9000000000000001 5.9500000000000011 6.6500000000000012 0.75000000000000011 2.5500000000000003 45.500000000000007 67.500000000000014 1.9166666666666636 1.8500000000000003 2.6500000000000008 176.50000000000003 2.652083333333334 6.5166666666666657 2.5500000000000003 8.5250000000000021 10.850000000000003 -0.22252093395631442 6.3500000000000005
decision_type=2 2 2 2 2 2 2 2 2 2 2 2 2 2 2 2 2 2 2 2 2 2 2 2 2 2 2 2 2 2
left_child=1 2 3 6 -5 -4 7 8 -1 10 11 12 -9 15 -15 -14 -16 -18 -19 -17 21 -21 23 -22 -25 -12 27 -8 -29 -28
right_child=-2 -3 5 4 -6 -7 26 9 -10 -11 25 -13 13 14 16 19 17 18 -20 20 22 -23 -24 24 -26 -27 29 28 -30 -31
leaf_value=-0.0036968268455722609 -0.019643715040816793 0.41649760002468428 -0.0069937089089685857 0.021015282868269855 -0.0098033825587755703 -0.026168959950783464 0.00012276513134619195 -0.030775279394934147 -0.036377593002686795 -0.030331490755190222 0.076603317390420034 -0.0158517584234859 -0.0036346159413351486 -0.038512411802070864 -0.030788488237497039 0.029623534681773301 -0.018116399052993833 0.057111664516466334 -0.025897918876578458 0.020903085893622768 -0.014305019639758179 -0.022374194917571061 0.044733878338184464 0.039943651990905597 -0.0040579058007575424 -0.00043459073298521392 -0.013562782441225139 0.062270555116158095 -0.0019895849173285642 -0.0013165996449371776
leaf_weight=72 26 26 40 28 25 29 3667 57 34 28 35 50 45 35 30 39 26 55 27 35 25 56 81 53 30 25 273 51 44 1615
leaf_count=72 26 26 40 28 25 29 3667 57 34 28 35 50 45 35 30 39 26 55 27 35 25 56 81 53 30 25 273 51 44 1615
internal_value=-0.000426234 -0.00037969 -0.000429587 -0.000376032 0.00555556 -0.00542857 -0.000425335 -0.001764 -0.0082243 -0.000818554 -0.000340426 -0.00111628 -0.000268908 0.00070632 -0.0037931 0.00284932 -0.00115108 0.00146789 0.0053012 0.0040625 0.00284698 -0.0023913 0.00536842 0.00146789 0.00452381 0.00786885 -0.000226509 0.000233856 0.00729167 -0.00114346
internal_weight=6662 6636 6610 6541 53 69 6488 838 106 732 704 644 594 537 173 364 138 108 82 319 280 91 189 108 83 60 5650 3762 95 1888
internal_count=6662 6636 6610 6541 53 69 6488 838 106 732 704 644 594 537 173 364 138 108 82 319 280 91 189 108 83 60 5650 3762 95 1888
is_linear=0
shrinkage=0.04


Tree=129
num_leaves=31
num_cat=0
split_feature=9 1 4 3 13 1 13 8 3 4 10 19 2 10 9 8 18 5 15 9 16 9 7 7 9 14 7 4 20 19
split_gain=2.18097 1.45764 1.17405 2.18854 2.12938 2.86148 2.24276 4.89781 3.41421 2.80605 2.16615 1.92647 1.73716 1.68166 2.03561 1.6622 1.44904 2.74478 2.22066 2.17229 2.01892 2.37628 1.93674 1.93279 3.43484 1.97245 1.93875 3.08424 2.28221 1.89115
threshold=134.50000000000003 50.45000000000001 2.0500000000000003 1.1500000000000001 5.4500000000000011 1.4500000000000002 3.0500000000000003 4.2500000000000009 2.4500000000000006 1.6500000000000001 11.050000000000002 -1.0000000180025095e-35 2.9500000000000006 3.1500000000000008 77.500000000000014 3.0500000000000003 0.78656609248549303 0.95000000000000007 0.35000000000000003 82.500000000000014 2437.5000000000005 110.50000000000001 3.5520833333333344 8.5250000000000021 74.500000000000014 325.50000000000006 10.502083333333337 14.250000000000002 -0.56174490092936669 1.0000000180025095e-35
decision_type=2 2 2 2 2 2 2 2 2 2 2 2 2 2 2 2 2 2 2 2 2 2 2 2 2 2 2 2 2 2
left_child=1 2 3 13 6 -6 8 12 15 10 -9 -7 -8 -1 -15 -5 17 19 20 -4 22 -22 29 25 -25 -24 28 -28 -26 -18
right_child=-2 -3 16 4 5 11 7 9 -10 -11 -12 -13 -14 14 -16 -17 18 -19 -20 -21 21 -23 23 24 26 -27 27 -29 -30 -31
leaf_value=-0.0034450885750195504 0.36790721717059283 -0.040296437709858052 0.010686119716620954 0.022889510083298214 0.0018385733724176668 -0.0037813460215752851 -0.037922054733651456 0.064873273603572909 -0.019184569721199515 -0.011548066473311795 0.017071081188645233 -0.022516893827836348 0.0021167280775773812 0.0029020451264656091 0.07369889038096443 -0.0084072792584756334 -0.0024529345260171278 -1.8748798643386522e-05 0.041598380219173697 0.039183514852410326 0.0074250065860161389 -0.063403658339158259 0.0011928733158342909 -0.024882240619542362 0.012945168229714215 -0.020859034391522941 0.04586294377156163 -0.013190819780602806 -0.055558707796920292 -0.029342056669795939
leaf_weight=40 27 48 53 40 41 54 53 59 209 44 34 109 40 42 25 61 73 4461 35 27 95 26 504 64 32 64 46 112 68 76
leaf_count=40 27 48 53 40 41 54 53 59 209 44 34 109 40 42 25 61 73 4461 35 27 95 26 504 64 32 64 46 112 68 76
internal_value=-0.000426234 -0.000473177 -0.000421979 -0.00180751 -0.00257718 -0.00604878 -0.00125693 0.0017316 -0.00347267 0.00652174 0.0104255 -0.00841463 -0.00531915 0.00351852 0.00735294 0.00254902 -0.000216141 0.000110084 -0.00145485 0.00740741 -0.00175711 0.00311475 -0.00232692 -0.00161616 -0.00408669 -0.000210896 -0.00200772 0.000754717 -0.00633663 -0.00653333
internal_weight=6662 6635 6587 851 744 204 540 230 310 137 93 163 93 107 67 101 5736 4541 1195 80 1160 121 1039 890 322 568 258 158 100 149
internal_count=6662 6635 6587 851 744 204 540 230 310 137 93 163 93 107 67 101 5736 4541 1195 80 1160 121 1039 890 322 568 258 158 100 149
is_linear=0
shrinkage=0.04


Tree=130
num_leaves=31
num_cat=0
split_feature=4 4 1 13 4 5 14 9 13 11 7 2 15 7 20 14 12 2 9 17 11 11 10 10 14 14 15 3 3 5
split_gain=1.5769 2.07479 3.12703 2.68808 1.62101 2.77344 3.17401 2.5618 3.66321 2.18618 2.28935 2.90786 2.63843 2.11292 1.74635 1.64617 2.52785 3.49373 2.07412 1.56817 1.53212 3.00303 1.38179 1.49965 1.33818 1.52009 1.54546 1.37008 3.10821 3.10349
threshold=50.45000000000001 26.350000000000005 37.20000000000001 3.0500000000000003 1.9500000000000002 5.9500000000000011 287.50000000000006 84.500000000000014 7.1500000000000012 -1.4499999999999997 1.9000000000000001 1.5500000000000003 0.15000000000000005 1.9645833333333338 -0.22252093395631442 209.50000000000003 79.500000000000014 7.2500000000000009 57.500000000000007 0.12940952255126045 2.3500000000000001 3.5500000000000003 9.6500000000000004 6.2500000000000009 351.50000000000006 348.50000000000006 1.2500000000000002 2.7500000000000004 5.2500000000000009 6.4500000000000011
decision_type=2 2 2 2 2 2 2 2 2 2 2 2 2 2 2 2 2 2 2 2 2 2 2 2 2 2 2 2 2 2
left_child=1 2 4 -3 5 6 7 8 9 13 -11 -12 15 -1 -10 16 22 18 -18 -5 -7 -22 23 -13 25 26 27 -6 29 -29
right_child=-2 3 -4 19 24 20 -8 -9 14 10 11 12 -14 -15 -16 -17 17 -19 -20 -21 21 -23 -24 -25 -26 -27 -28 28 -30 -31
leaf_value=0.0010719743667321957 -0.066435216984243511 0.59036511814605486 -0.074446822249655334 0.01430280249392882 -0.002376908872588963 -0.040605685836912604 -0.070232992585432377 0.054500104430331313 -0.04348886500553923 -0.028104097443752352 0.060160789632508607 -0.015627355789580327 -0.037134565810368052 -0.026589368255567899 -0.0070804817586218949 0.040745174817665167 0.010472327705109698 -0.0067011875936648837 0.034023906126612075 -0.0073923546697807294 0.027241152594367223 -0.010098465622233679 -0.015279989450270027 0.011868277129186301 -0.012199635787956672 0.091924389568361353 0.017079705956137375 0.00086654239929421454 -0.00074226403800231827 0.019362543001082672
leaf_weight=38 48 33 27 40 1018 44 30 48 32 42 25 26 25 34 38 31 45 30 63 27 25 133 32 26 132 45 45 867 3164 467
leaf_count=38 48 33 27 40 1018 44 30 48 32 42 25 26 25 34 38 31 45 30 63 27 25 133 32 26 132 45 45 867 3164 467
internal_value=-0.000197575 -0.000144731 -0.000232665 0.00554455 -0.000175223 -0.00190104 -0.000459364 0.000261194 -0.000614754 0.000813397 0.00213873 0.00335526 0.00215054 -0.00547945 -0.00901408 0.00338583 0.00215247 0.00546763 0.00880734 0.000882353 -0.00591133 -0.00402516 -0.00329412 0.000754717 5.57588e-05 0.000149813 8.98957e-05 2.90013e-05 0.000328962 0.00194757
internal_weight=6680 6632 6532 100 6505 767 565 535 487 417 345 303 278 72 70 253 222 138 108 67 202 158 84 52 5738 5606 5561 5516 4498 1334
internal_count=6680 6632 6532 100 6505 767 565 535 487 417 345 303 278 72 70 253 222 138 108 67 202 158 84 52 5738 5606 5561 5516 4498 1334
is_linear=0
shrinkage=0.04


Tree=131
num_leaves=31
num_cat=0
split_feature=4 11 16 20 9 7 2 12 7 4 4 9 14 14 13 12 11 8 9 14 11 16 20 12 13 7 17 13 12 17
split_gain=1.57162 1.44593 2.69066 3.28107 3.34211 3.26152 2.90261 2.27786 1.74643 1.51518 2.76437 3.5401 2.73061 2.64658 4.7402 3.57324 2.90283 5.08372 3.37486 3.42085 3.34865 5.10065 2.653 2.46445 2.49686 5.28453 6.21952 3.86505 5.3599 3.77266
threshold=50.45000000000001 30.950000000000003 1482.5000000000002 1.0000000180025095e-35 112.50000000000001 10.502083333333337 3.7500000000000004 16.500000000000004 7.8604166666666675 4.1500000000000012 5.0500000000000007 70.500000000000014 159.50000000000003 127.50000000000001 2.2500000000000004 73.500000000000014 1.7500000000000002 17.050000000000004 78.500000000000014 272.50000000000006 0.45000000000000007 47.500000000000007 -0.56174490092936669 84.500000000000014 2.9500000000000006 4.3520833333333346 0.60355339059327384 8.7500000000000018 67.500000000000014 -0.25881904510252113
decision_type=2 2 2 2 2 2 2 2 2 2 2 2 2 2 2 2 2 2 2 2 2 2 2 2 2 2 2 2 2 2
left_child=1 7 5 4 -4 6 -3 -1 -5 13 11 -11 -13 14 15 -9 18 23 20 -20 21 -15 -16 24 -18 29 27 28 -27 -26
right_child=-2 2 3 8 -6 -7 -8 9 -10 10 -12 12 -14 16 22 -17 17 -19 19 -21 -22 -23 -24 -25 25 26 -28 -29 -30 -31
leaf_value=-0.038636413412996833 -0.063777808304873812 0.014941035795742651 0.098748137612963055 -0.00021380743332006347 -0.027045138505026465 0.78835302864573864 -0.058157343157718984 -0.027191890711806846 -0.048145079361167083 0.025829218071865334 -0.00022765346617376281 0.022836782892864314 -0.016877122759573523 -0.011287255635170973 -0.039867460033309106 0.016508185341876411 -0.0081423712838609493 -0.063269176776862696 0.01784396326975041 -0.041875518360203333 -0.027728291955017526 0.011358098185238674 -0.0078196755584241558 0.014960144215334736 -0.00029208917529860656 0.1482750009317948 -0.025876083295247734 -0.041409149609882893 -0.0041464645364107612 0.037798438016267893
leaf_weight=45 48 33 28 27 26 28 31 47 27 297 3481 63 145 359 84 104 268 26 82 25 170 121 209 185 201 44 115 26 53 282
leaf_count=45 48 33 28 27 26 28 31 47 27 297 3481 63 145 359 84 104 268 26 82 25 170 121 209 185 201 44 115 26 53 282
internal_value=-0.000209549 -0.000156792 0.00318408 -0.00110092 0.00581818 0.00817204 0.00307692 -0.000261153 -0.008 -0.000197245 0.000280913 0.00304348 -0.000956938 -0.000990841 -0.00377528 0.00197368 -0.000357508 0.000865945 -0.00229551 0.00425926 -0.00337942 -0.0016632 -0.00673469 0.00125957 0.000464646 0.00168975 -0.00317992 0.00306452 0.00673469 0.00409091
internal_weight=6680 6632 200 108 54 92 64 6432 54 6387 3986 505 208 2401 444 151 1957 1200 757 107 650 480 293 1174 989 721 238 123 97 483
internal_count=6680 6632 200 108 54 92 64 6432 54 6387 3986 505 208 2401 444 151 1957 1200 757 107 650 480 293 1174 989 721 238 123 97 483
is_linear=0
shrinkage=0.04


Tree=132
num_leaves=31
num_cat=0
split_feature=5 11 6 5 7 5 14 2 7 11 2 11 16 11 3 5 1 0 14 6 14 5 9 4 11 14 5 11 1 18
split_gain=1.77536 3.97813 3.24957 2.71149 2.53581 3.32475 2.1304 3.58308 2.32604 1.98271 1.98225 4.71454 4.87267 2.80527 3.55021 4.49678 2.25981 3.88729 2.77609 2.76134 4.04568 3.58882 2.57759 3.8199 2.82216 4.88005 2.53421 2.56573 2.50185 2.20207
threshold=14.350000000000003 -1.6499999999999997 16.791666666666671 8.4500000000000011 51.650000000000006 33.050000000000004 185.50000000000003 20.150000000000002 21.504166666666674 2.4500000000000006 2.7500000000000004 8.3500000000000032 147.50000000000003 32.650000000000013 17.850000000000005 12.950000000000001 5.3500000000000005 2.7500000000000004 181.50000000000003 7.2499999999999991 119.50000000000001 9.4500000000000011 80.500000000000014 15.950000000000001 18.950000000000003 207.50000000000003 11.65 4.2500000000000009 13.550000000000002 -0.70710678118654757
decision_type=2 2 2 2 2 2 2 2 2 2 2 2 2 2 2 2 2 2 2 2 2 2 2 2 2 2 2 2 2 2
left_child=3 -2 9 -1 5 6 8 -8 -4 -3 11 12 -5 14 16 -16 17 -12 -19 -18 21 -21 24 -24 25 26 28 -28 -22 -26
right_child=1 2 4 10 -6 -7 7 -9 -10 -11 13 -13 -14 -15 15 -17 19 18 -20 20 22 -23 23 -25 29 -27 27 -29 -30 -31
leaf_value=-0.00077223965356974843 0.086466761581683566 -0.079382131467614456 0.0073098224599505816 -0.028177807860229047 -0.048460084949782711 0.2425860286340675 -0.070848783062095827 1.2964249908724725 -0.078286241210448401 -0.0087770529707791676 -0.00351633486343534 -0.06021332854407959 0.025172738725228287 0.62138714245620796 -0.10731892856357192 0.014975928235937132 -0.0085611497489819048 0.11404997142392541 0.015543836216083946 0.021820332452160952 0.0095336845247740252 -0.033164037580207799 0.065057806488053843 -0.0066260630821437516 0.024359629993639571 0.098970479737242698 0.00015881608885051968 0.08205081423480394 -0.038130385436262668 -0.018754460284076443
leaf_weight=4601 28 27 35 27 42 36 25 36 44 422 59 60 33 26 51 33 221 94 82 42 134 82 127 27 40 67 36 40 42 61
leaf_count=4601 28 27 35 27 42 36 25 36 44 422 59 60 33 26 51 33 221 94 82 42 134 82 127 27 40 67 36 40 42 61
internal_value=-0.000185601 -0.0020977 -0.00272455 3.67524e-05 0.00127854 0.00338983 0.000567376 0.00612903 -0.00375 -0.00466667 0.00158845 -0.00330579 0.00459016 0.00205534 0.00177563 -0.00611765 0.00235498 0.00584746 0.00881356 0.00145652 0.00268956 -0.00384 0.00410435 0.00851613 0.00247031 0.0043125 0.00173913 0.00779221 -0.000903955 -0.00333333
internal_weight=6680 695 667 5985 218 176 140 61 79 449 1384 120 60 1264 1238 84 1154 235 176 919 698 124 574 154 420 319 252 76 176 101
internal_count=6680 695 667 5985 218 176 140 61 79 449 1384 120 60 1264 1238 84 1154 235 176 919 698 124 574 154 420 319 252 76 176 101
is_linear=0
shrinkage=0.04


Tree=133
num_leaves=31
num_cat=0
split_feature=5 11 14 14 17 5 9 0 18 20 4 6 0 11 5 1 3 5 0 3 4 6 7 11 17 2 7 20 7 7
split_gain=1.69839 4.08812 2.81348 4.70681 2.72647 2.18134 2.02491 1.98141 1.94518 2.29389 2.17517 2.34374 2.97653 2.44601 2.22436 2.14712 2.04662 1.94905 1.82014 1.69732 1.75301 2.89513 3.79931 2.60596 2.24029 2.2276 2.41136 2.80521 1.93255 1.92961
threshold=14.350000000000003 1.0000000180025095e-35 186.50000000000003 242.50000000000003 1.0000000180025095e-35 11.450000000000001 97.500000000000014 18.750000000000004 0.1294095225512602 0.81174490092936691 3.8500000000000001 18.125000000000004 14.850000000000003 18.950000000000003 13.050000000000002 7.2500000000000009 3.7500000000000004 12.750000000000002 7.0500000000000007 17.950000000000003 11.750000000000002 8.7583333333333346 8.6229166666666668 26.750000000000004 -0.78656609248549292 3.8500000000000001 11.812500000000002 -0.56174490092936669 10.593750000000002 8.5250000000000021
decision_type=2 2 2 2 2 2 2 2 2 2 2 2 2 2 2 2 2 2 2 2 2 2 2 2 2 2 2 2 2 2
left_child=5 -2 4 7 -3 19 -5 18 10 16 -7 12 13 14 -12 -16 -10 -15 -4 20 29 22 -22 24 -23 -24 27 -27 -26 -1
right_child=1 2 3 6 -6 8 -8 -9 9 -11 11 -13 -14 17 15 -17 -18 -19 -20 -21 21 23 25 -25 28 26 -28 -29 -30 -31
leaf_value=-0.00021902869682567606 0.073726192871830701 -0.0024397185533090492 0.014430444581822712 -0.048629648190570696 -0.016820163928072968 -0.0085019279493501188 0.18098395983312884 0.79456736843828946 -0.021679825241991607 -0.012695207175946228 0.053765580178167592 -0.078150742577388008 0.080567675194010632 -0.043473094376446364 0.058142768963055612 -0.0090878344724341347 0.014376891106499628 0.015587857521121186 -0.023848457002762943 -0.012530342559867772 0.020208182908510557 0.0051254873224247715 -0.029368019487854325 -0.018051492510820281 0.0094755842298764031 -0.024587945713772177 -0.023411742381401427 0.010352494608733913 0.08247514294152368 -0.010127967199208979
leaf_weight=4423 31 180 30 106 231 50 25 39 27 36 84 29 33 27 26 32 93 28 53 122 58 75 34 55 28 42 38 93 93 459
leaf_count=4423 31 180 30 106 231 50 25 39 27 36 84 29 33 27 26 32 93 28 53 122 58 75 34 55 28 42 38 93 93 459
internal_value=-0.000227511 -0.0020977 -0.00276692 0.000551181 -0.00480583 -1.00234e-05 -0.00469697 0.00617886 0.00261803 -0.00101911 0.00445161 0.00592308 0.00727273 0.00535354 0.00811189 0.0020339 0.00165289 -0.00178571 0.00261905 -0.000231842 -0.000125949 0.00208897 -0.000827068 0.00515873 0.00730964 -0.00336538 -0.00149425 0.00102941 0.0106557 -0.000360434
internal_weight=6680 695 664 253 411 5985 131 122 465 156 309 259 230 197 142 58 120 55 83 5520 5398 516 265 251 196 207 173 135 121 4882
internal_count=6680 695 664 253 411 5985 131 122 465 156 309 259 230 197 142 58 120 55 83 5520 5398 516 265 251 196 207 173 135 121 4882
is_linear=0
shrinkage=0.04


Tree=134
num_leaves=31
num_cat=0
split_feature=5 11 11 3 20 13 3 17 14 5 12 10 20 3 5 5 9 3 5 3 11 14 1 14 7 8 3 9 9 0
split_gain=1.70928 3.97813 2.24253 2.45811 3.94743 2.39361 2.32972 2.18788 3.64299 4.02031 1.93606 1.88996 2.5137 2.11743 1.74616 1.62783 1.59633 1.79859 2.98262 2.18723 3.17845 2.84076 2.46543 2.52336 2.17071 2.00004 2.95279 2.00135 2.4689 3.32735
threshold=14.350000000000003 -1.6499999999999997 11.050000000000002 5.1500000000000012 1.0000000180025095e-35 10.850000000000003 11.450000000000001 1.0000000180025095e-35 185.50000000000003 20.850000000000005 66.500000000000014 3.4500000000000006 1.0000000180025095e-35 17.150000000000002 8.4500000000000011 8.6500000000000004 118.50000000000001 17.350000000000005 13.350000000000003 9.0500000000000025 24.550000000000004 268.50000000000006 9.9500000000000011 230.50000000000003 11.508333333333335 14.550000000000002 8.1500000000000004 48.500000000000007 73.500000000000014 5.0500000000000007
decision_type=2 2 2 2 2 2 2 2 2 2 2 2 2 2 2 2 2 2 2 2 2 2 2 2 2 2 2 2 2 2
left_child=14 -2 6 4 -4 7 10 11 -9 -10 -3 -5 13 -13 -1 -16 17 19 -19 24 22 -22 -21 -24 25 26 27 -17 -29 -30
right_child=1 2 3 5 -6 -7 -8 8 9 -11 -12 12 -14 -15 15 16 -18 18 -20 20 21 -23 23 -25 -26 -27 -28 28 29 -31
leaf_value=-0.00076175647762504188 0.080059043403542987 -0.00037865940281403001 0.089727717776797111 -0.014609074096774394 -0.0082330742070661593 -0.068922202572919603 0.004403784213000108 -0.025393226813647942 -0.026371685043597496 0.41422913172153003 -0.042840475445318237 -0.033113943301292997 0.05488362544308039 0.07700451175561128 0.053840175591821318 -0.023066937524753188 0.56555767229018783 -0.068440140346643044 0.057146209482013009 0.039565203662421167 0.0076322186397958357 -0.045606464493948486 3.1043599147206892e-05 0.069830451949321526 -0.011020304508246506 0.037677944987393186 -0.026601728724884241 0.026584820221581592 0.0067714474160180775 -0.016762027565901009
leaf_weight=4601 28 25 31 88 27 31 26 133 89 28 72 33 51 33 89 63 29 67 27 121 54 25 160 53 46 48 75 316 94 117
leaf_count=4601 28 25 31 88 27 31 26 133 89 28 72 33 51 33 89 63 29 67 27 121 54 25 160 53 46 48 75 316 94 117
internal_value=-0.000221524 -0.0020977 -0.00272455 -0.00161468 0.00610169 -0.0025462 -0.00758065 -0.00179825 -0.00430279 0.000847458 -0.0104082 0.00126214 0.00457627 -0.000597015 -3.34113e-06 0.00124188 0.00087963 0.000662983 -0.00463158 0.00109122 0.00342995 -0.00375 0.00513433 0.00252336 -0.000184211 0.000364146 -0.00021021 0.000744501 0.00155303 -0.00179245
internal_weight=6680 695 667 544 58 486 123 455 250 117 97 205 117 66 5985 1384 1295 1266 94 1172 413 79 334 213 759 713 665 590 527 211
internal_count=6680 695 667 544 58 486 123 455 250 117 97 205 117 66 5985 1384 1295 1266 94 1172 413 79 334 213 759 713 665 590 527 211
is_linear=0
shrinkage=0.04


Tree=135
num_leaves=31
num_cat=0
split_feature=3 3 15 5 1 13 13 7 20 9 18 13 19 7 11 12 19 9 16 7 18 10 4 9 1 15 9 13 8 8
split_gain=1.90974 2.55366 3.9779 3.35298 3.20009 4.91797 3.60544 4.43529 2.69143 3.25823 3.24017 2.49002 3.05795 4.71202 3.37692 3.20232 2.45598 2.85058 3.0281 2.32891 2.31802 2.28975 2.2675 2.26167 2.22552 1.98495 3.95038 2.00738 2.69488 5.59925
threshold=2.7500000000000004 5.2500000000000009 0.15000000000000005 0.8500000000000002 4.5500000000000007 5.8500000000000005 10.350000000000003 3.1895833333333337 1.0000000180025095e-35 46.500000000000007 -0.3794095225512602 0.55000000000000016 1.0000000180025095e-35 2.5854166666666671 2.1500000000000008 52.500000000000007 -1.0000000180025095e-35 75.500000000000014 52.500000000000007 3.1895833333333337 0.91597561503675351 2.1500000000000008 5.4500000000000011 89.500000000000014 9.7500000000000018 0.15000000000000005 65.500000000000014 2.1500000000000008 10.750000000000002 16.950000000000003
decision_type=2 2 2 2 2 2 2 2 2 2 2 2 2 2 2 2 2 2 2 2 2 2 2 2 2 2 2 2 2 2
left_child=24 2 4 -3 5 11 -7 -8 9 -6 -10 -2 14 -14 -13 -16 22 18 -18 -4 -15 -9 -12 -11 -1 27 -27 28 -5 -30
right_child=1 3 19 25 8 6 7 21 10 23 16 12 13 20 15 -17 17 -19 -20 -21 -22 -23 -24 -25 -26 26 -28 -29 29 -31
leaf_value=-0.0027028997520270794 0.019817272229213857 0.092153083924230647 -0.0010544368192821096 -0.003442041701956491 -0.013825214870290115 0.024664708212378032 0.10214764511897975 -0.0019291398317599828 -0.031440195785098143 0.057942977106825638 -0.050171569422527151 -0.026533325332671272 -0.018345441491428104 0.016601544584106485 -0.026891913757655875 0.00056935254740325908 0.11083414430346278 -0.0090127395897763481 0.00067519325251979016 0.051686818441398441 -0.02653849898089158 -0.037246880689304734 0.0082904317846181647 -0.03672459194444553 -0.026960021302663985 -0.029698474058201328 0.00058566423494070823 -0.0026623054952358773 0.068156347873245274 -0.0092205944622654641
leaf_weight=1366 35 29 29 451 38 152 25 63 76 331 48 103 34 159 76 140 35 38 29 101 41 34 33 25 49 97 115 2547 196 160
leaf_count=1366 35 29 29 451 38 152 25 63 76 331 48 103 34 159 76 140 35 38 29 101 41 34 33 25 49 97 115 2547 196 160
internal_value=-0.000405649 -5.34249e-05 0.00125152 -0.000650723 0.000672823 -0.000926999 0.00349091 -0.00162602 0.00278287 0.00486076 -0.000384615 -0.00298812 -0.00364621 -0.000170213 -0.0061875 -0.00331797 0.0025 0.00660194 0.0116923 0.00793893 0.00218905 -0.0055102 -0.00268293 0.00605042 -0.00170904 -0.000762546 -0.00450704 -0.00052459 0.00121287 0.00380952
internal_weight=6655 5240 1645 3595 1515 862 274 122 653 394 259 588 553 234 319 216 183 102 64 130 200 97 81 356 1415 3566 212 3354 807 356
internal_count=6655 5240 1645 3595 1515 862 274 122 653 394 259 588 553 234 319 216 183 102 64 130 200 97 81 356 1415 3566 212 3354 807 356
is_linear=0
shrinkage=0.04


Tree=136
num_leaves=31
num_cat=0
split_feature=3 1 3 18 3 16 10 11 15 6 14 5 13 8 5 12 3 1 5 12 8 16 8 20 12 2 7 7 2 18
split_gain=1.4561 2.30228 2.08526 2.8952 3.19269 3.07267 2.83196 2.48502 2.45721 3.15944 2.53373 2.49433 3.21349 2.71543 2.63128 2.45966 2.64212 2.39777 2.28046 2.05684 2.60537 2.28246 2.7976 1.95239 1.75266 1.64581 1.98529 2.58958 3.99485 4.29224
threshold=2.7500000000000004 9.7500000000000018 5.2500000000000009 0.78656609248549303 4.6500000000000012 617.50000000000011 2.5500000000000003 4.3500000000000005 1.0000000180025095e-35 4.4333333333333327 191.50000000000003 3.9500000000000006 2.1500000000000008 7.7500000000000009 3.0500000000000003 78.500000000000014 3.2500000000000004 3.5500000000000003 5.1500000000000012 62.500000000000007 4.3500000000000005 462.50000000000006 3.0500000000000003 -0.22252093395631442 30.500000000000004 1.0500000000000003 3.3979166666666676 4.4229166666666675 2.4500000000000006 0.25881904510252057
decision_type=2 2 2 2 2 2 2 2 2 2 2 2 2 2 2 2 2 2 2 2 2 2 2 2 2 2 2 2 2 2
left_child=1 25 3 6 7 -6 17 23 9 10 -8 12 -11 14 -14 -12 -17 -2 -13 21 -21 -9 -23 -5 -24 -1 -27 28 -28 -30
right_child=2 -3 -4 4 5 -7 8 19 -10 11 15 18 13 -15 -16 16 -18 -19 -20 20 -22 22 24 -25 -26 26 27 -29 29 -31
leaf_value=0.0040022570325059627 0.024428444387440466 -0.025881620450557429 -0.0014165261818130225 -0.0067073573556840497 0.056161469413975464 -0.0096753510258935464 0.00066242691536856136 -0.034366588814265964 0.021980237223461787 -0.028822728537551221 -0.0027882336450922021 0.091949305503996326 0.092263018970898406 -0.017744438108183828 -0.0027529974443023519 -0.0047740227387477316 -0.0397348965875155 -0.017166031107645276 0.012345731515125991 0.037708232737936213 -0.01602534738285363 -0.037072602123837582 0.032500386696539055 -0.029744368606342695 -0.032455943509831456 -0.0072483539673455335 0.029948260532398248 -0.010967112741399988 -0.048975443402976299 0.016603872719615113
leaf_weight=205 110 49 3595 50 56 32 298 40 133 41 102 53 33 29 25 25 45 30 299 36 30 43 42 64 29 667 83 294 47 70
leaf_count=205 110 49 3595 50 56 32 298 40 133 41 102 53 33 29 25 25 45 30 299 36 30 43 42 64 29 667 83 294 47 70
internal_value=-0.000429688 -0.0015678 -0.000122114 0.00105711 -0.00179669 0.00494382 0.00204248 -0.00358209 0.00134686 0.000630915 -0.00169851 0.0029106 -0.00186047 0.0025 0.00745763 -0.00554913 -0.0112676 0.00737589 0.00464589 -0.00108597 0.00477612 -0.0036129 -0.000695652 -0.00834783 0.00416667 -0.00125823 -0.00184165 8.08081e-05 0.00358209 -0.00118644
internal_weight=6655 1415 5240 1645 422 88 1223 334 1083 950 470 480 128 87 58 172 70 140 352 220 66 154 114 114 71 1366 1161 494 200 117
internal_count=6655 1415 5240 1645 422 88 1223 334 1083 950 470 480 128 87 58 172 70 140 352 220 66 154 114 114 71 1366 1161 494 200 117
is_linear=0
shrinkage=0.04


Tree=137
num_leaves=31
num_cat=0
split_feature=7 9 9 7 10 20 13 6 9 14 12 7 12 13 7 16 4 7 8 11 3 5 5 4 2 6 11 16 0 11
split_gain=1.37604 3.02991 3.439 3.78574 5.47744 4.41413 4.0779 3.3352 3.22947 2.96489 4.23762 3.01771 4.73185 2.94429 3.1423 3.86894 3.24338 2.739 4.36378 2.84902 2.50716 2.34305 3.6172 2.50459 2.27697 2.41464 2.27163 2.19696 4.02454 2.12629
threshold=3.6270833333333341 81.500000000000014 68.500000000000014 2.9354166666666672 12.950000000000001 -0.56174490092936669 1.1500000000000001 1.9999999999999964 94.500000000000014 187.50000000000003 72.500000000000014 2.3145833333333337 83.500000000000014 1.9500000000000002 4.0187500000000007 842.50000000000011 3.9500000000000006 2.0187500000000007 1.5500000000000003 -0.6499999999999998 4.5500000000000007 17.350000000000005 14.850000000000003 18.050000000000004 4.2500000000000009 2.599999999999997 6.9500000000000011 42.500000000000007 2.6500000000000008 -9.2499999999999982
decision_type=2 2 2 2 2 2 2 2 2 2 2 2 2 2 2 2 2 2 2 2 2 2 2 2 2 2 2 2 2 2
left_child=1 2 3 4 9 20 -7 -8 -3 11 26 -1 -13 21 15 -15 -17 18 -4 -19 -5 22 23 29 25 -21 -11 -9 -29 -2
right_child=13 8 17 5 -6 6 7 27 -10 10 -12 12 -14 14 -16 16 -18 19 -20 24 -22 -23 -24 -25 -26 -27 -28 28 -30 -31
leaf_value=0.05965580834576905 -0.022483878522664823 0.015319473672939612 0.0010604741886627524 -0.036406511694263684 -0.024463213834719222 -0.055919389494943045 -0.014825513472665044 0.050830542102118063 -0.0019761028886560615 0.1060420041689899 -0.016550329406162804 0.018998084263430536 -0.020910170782657327 0.043236264479766168 -0.0021849159052274559 -0.063647656088514373 0.0057032241847508837 -0.020722027170976123 -0.02794780424455677 -0.00074272015425272289 -0.00055039406153703399 0.08116745709994802 -0.038889856488772877 -0.093593553763468909 0.025383980015357431 -0.022821424403282792 0.00088336162547373752 0.096423178497336504 -0.015547360785212945 0.010764354163000868
leaf_weight=59 38 181 31 61 40 44 27 64 104 25 77 79 68 178 3807 27 28 64 73 199 25 79 47 26 38 104 30 25 57 950
leaf_count=59 38 181 31 61 40 44 27 64 104 25 77 79 68 178 3807 27 28 64 73 199 25 79 47 26 38 104 30 25 57 950
internal_value=-0.000453726 -0.00153117 -0.00241814 -0.000557185 0.00211082 -0.00388158 -0.000825688 0.00195402 0.00216783 0.00377581 -0.000902256 0.00676329 0.00364865 -0.00014669 -0.000653304 0.00384615 -0.00535714 -0.00490196 -0.0106667 -0.00339901 -0.0114943 0.00164768 0.00114878 0.00165517 -0.00192982 -0.00309211 0.0075 0.00435374 0 0.0019818
internal_weight=6655 1475 1190 681 378 303 217 173 285 338 132 206 147 5180 4040 233 55 509 104 405 86 1140 1061 1014 341 303 55 146 82 988
internal_count=6655 1475 1190 681 378 303 217 173 285 338 132 206 147 5180 4040 233 55 509 104 405 86 1140 1061 1014 341 303 55 146 82 988
is_linear=0
shrinkage=0.04


Tree=138
num_leaves=31
num_cat=0
split_feature=4 2 14 10 9 7 7 8 5 10 9 8 4 20 10 11 11 4 9 18 3 18 7 1 18 10 20 4 12 8
split_gain=1.26924 3.02149 2.89873 2.12614 2.12264 3.94546 3.39046 2.92702 3.50889 4.53029 4.4023 3.45647 3.12035 2.88998 2.79663 2.37543 3.98108 2.35616 2.22495 2.16965 2.18506 2.16726 2.07682 2.78903 2.87997 2.0919 1.93557 2.24696 1.87262 1.85523
threshold=3.9500000000000006 0.95000000000000007 261.50000000000006 3.1500000000000008 69.500000000000014 1.5145833333333336 2.0187500000000007 3.8500000000000001 7.4500000000000011 8.3500000000000032 58.500000000000007 1.4500000000000002 0.75000000000000011 0.81174490092936691 10.050000000000002 -0.94999999999999984 3.9500000000000006 1.4500000000000002 75.500000000000014 -0.9159756150367534 5.8500000000000005 -0.78656609248549325 2.2354166666666671 2.3500000000000001 -0.5 6.6500000000000012 1.0000000180025095e-35 2.9500000000000006 14.500000000000002 9.6500000000000004
decision_type=2 2 2 2 2 2 2 2 2 2 2 2 2 2 2 2 2 2 2 2 2 2 2 2 2 2 2 2 2 2
left_child=1 3 4 -1 7 -6 -7 11 9 13 19 -3 -13 -9 22 26 17 -17 -19 -10 -21 -18 -14 24 -24 -25 -8 -28 -2 -12
right_child=28 2 -4 -5 5 6 15 8 10 -11 29 12 14 -15 -16 16 21 18 -20 20 -22 -23 23 25 -26 -27 27 -29 -30 -31
leaf_value=-0.0014356801815870314 -0.029308830514382597 -0.020561836552195768 0.0030649576403290269 0.020952694254016066 0.12560581275239494 -0.021841021764684995 -0.0035350997891251536 -0.019697735289954731 0.055237065546943964 -0.002382919858503385 0.068469889910655321 -0.005477762691021724 0.059542465608394268 0.0046210568358004168 -0.039239833550086492 -0.0244913300310175 -0.036973636094849278 -0.0047797835943054331 0.042755159945240741 -0.039973709947661147 0.010622926766279796 -0.0099092456775581456 -0.043957738673608963 0.035311911990546854 0.002416894557357132 0.027889446913826357 -0.044524304749277162 -0.013964052686130959 7.456062996757495e-05 0.00041370085120018274
leaf_weight=58 47 36 343 64 27 83 32 138 30 407 72 32 36 27 54 25 25 58 83 58 27 268 33 49 42 73 37 25 4318 48
leaf_count=58 47 36 343 64 27 83 32 138 30 407 72 32 36 27 54 25 25 58 83 58 27 268 33 49 42 73 37 25 4318 48
internal_value=-0.000459736 -0.00122217 -0.00156754 0.00487805 -0.00220153 -0.00400602 -0.00464678 -0.00116939 -0.0025 -0.00418848 0.00161017 0.00185393 0.0031875 -0.00975904 0.00451389 -0.00350181 -0.00230435 0.00263473 0.00464789 -0.00396552 -0.0072093 -0.00510204 0.00641026 0.00474747 -0.00131579 0.00845528 -0.00926316 -0.0133333 -5.95511e-05 0.00694215
internal_weight=6655 2290 2168 122 1825 663 636 1162 807 572 235 355 319 165 287 553 459 166 141 115 85 293 233 197 75 122 94 62 4365 120
internal_count=6655 2290 2168 122 1825 663 636 1162 807 572 235 355 319 165 287 553 459 166 141 115 85 293 233 197 75 122 94 62 4365 120
is_linear=0
shrinkage=0.04


Tree=139
num_leaves=31
num_cat=0
split_feature=9 4 3 9 12 9 16 11 16 13 11 12 7 8 20 16 11 5 14 10 6 7 7 5 9 14 9 13 7 8
split_gain=1.26018 1.27529 2.48483 2.95437 3.55507 2.31624 4.59229 2.76498 3.67976 3.04002 3.86707 3.07503 3.27852 2.86857 2.71239 3.30871 2.53431 2.43392 3.09578 3.21799 3.02748 3.22686 3.00101 2.2513 2.16816 2.12703 2.04108 3.23371 2.0381 2.92269
threshold=31.500000000000004 3.9500000000000006 1.0500000000000003 75.500000000000014 51.500000000000007 70.500000000000014 777.50000000000011 -3.0499999999999994 32.500000000000007 6.7500000000000009 2.2500000000000004 83.500000000000014 2.3479166666666673 15.950000000000001 -0.56174490092936669 32.500000000000007 -0.94999999999999984 5.4500000000000011 164.50000000000003 12.950000000000001 4.7583333333333337 4.2770833333333345 3.010416666666667 3.8500000000000001 56.500000000000007 204.50000000000003 60.500000000000007 2.3500000000000001 4.5854166666666671 6.0500000000000007
decision_type=2 2 2 2 2 2 2 2 2 2 2 2 2 2 2 2 2 2 2 2 2 2 2 2 2 2 2 2 2 2
left_child=-1 2 3 -2 -5 6 7 8 -4 10 11 24 -13 14 15 -12 25 18 22 -20 21 -19 -16 -17 -9 -7 -26 -28 29 -18
right_child=1 -3 5 4 -6 16 -8 9 -10 -11 13 12 -14 -15 17 23 28 20 19 -21 -22 -23 -24 -25 26 -27 27 -29 -30 -31
leaf_value=-0.017281075838606379 -0.0010809337402142027 4.970919783485073e-05 -0.0018055853163941649 -0.0015777238986566821 0.037433147662601057 -0.030017636507826177 0.08715157317068474 0.05523330734475497 0.055541862075439215 -0.016114198665211105 0.067111297347347901 0.016396645002474113 -0.028550626504949401 -0.095446689452387906 0.011484847588250347 -0.02768409545347237 -0.0068210466515164119 0.03849733154072961 0.02181706790494042 -0.01633222865285603 0.060197433375491709 -0.013032432317448066 -0.02439676866067117 -0.0029806317799745408 -0.023173691445300352 -0.0013520309413719645 0.015260696695371428 -0.015792999435576185 -0.028645293164584588 0.059648769270210525
leaf_weight=34 86 4333 59 39 49 89 25 31 52 121 47 28 183 28 35 30 467 55 128 27 104 28 68 84 32 47 70 71 102 103
leaf_count=34 86 4333 59 39 49 89 25 31 52 121 47 28 183 28 35 30 467 55 128 27 104 28 68 84 32 47 70 71 102 103
internal_value=-0.000429688 -0.00038961 -0.00115334 0.00342857 0.00853933 -0.00153191 -0.000489671 -0.000826833 0.00517857 -0.00140051 -0.000704762 -0.00370192 -0.00707547 0.00125984 0.00184514 -0.00259259 -0.00321384 0.00345291 0.000926641 0.00448718 0.00691489 0.00119048 -0.00442308 -0.00626087 -0.000195122 -0.00817518 -0.00195402 0.000140845 -0.00219911 -0.00126095
internal_weight=6655 6621 2288 174 88 2114 1306 1281 111 1170 1049 415 211 634 606 161 808 445 258 155 187 83 103 114 204 136 173 141 672 570
internal_count=6655 6621 2288 174 88 2114 1306 1281 111 1170 1049 415 211 634 606 161 808 445 258 155 187 83 103 114 204 136 173 141 672 570
is_linear=0
shrinkage=0.04


Tree=140
num_leaves=31
num_cat=0
split_feature=9 5 19 7 5 7 6 19 0 18 2 7 10 11 5 12 15 7 2 11 9 3 1 5 20 14 5 10 11 5
split_gain=1.53808 1.40298 3.40039 2.79066 2.34077 2.62517 2.3206 2.46707 2.32089 2.09102 2.66526 1.89994 1.56116 2.59863 2.1056 1.9889 3.46301 2.65744 3.11105 2.80355 2.24602 2.19155 2.45142 2.33428 2.02267 2.63511 2.49224 1.8961 1.84887 1.96123
threshold=132.50000000000003 0.95000000000000007 0.87837969732492682 2.3145833333333337 1.5500000000000003 3.0312500000000004 4.5833333333333313 -0.60785761079279388 1.9500000000000002 -0.12940952255126037 2.3500000000000001 6.3875000000000011 4.1500000000000012 25.750000000000004 20.450000000000003 74.500000000000014 1.0000000180025095e-35 3.0520833333333344 7.4500000000000011 2.4500000000000006 69.500000000000014 0.65000000000000002 2.3500000000000001 6.6500000000000012 -0.22252093395631442 203.50000000000003 4.9500000000000011 0.95000000000000007 -2.7499999999999996 8.2500000000000018
decision_type=2 2 2 2 2 2 2 2 2 2 2 2 2 2 2 2 2 2 2 2 2 2 2 2 2 2 2 2 2 2
left_child=1 2 3 -1 5 9 7 8 -5 10 -3 -7 14 -14 15 16 21 -17 19 -19 -21 -6 23 24 25 -23 -26 -25 -24 -30
right_child=-2 4 -4 6 12 11 -8 -9 -10 -11 -12 -13 13 -15 -16 17 -18 18 -20 20 -22 22 28 27 26 -27 -28 -29 29 -31
leaf_value=0.016116100789021565 0.2879952654729388 -0.00052427065420644679 -0.058905327903574119 0.035554981581350252 -0.013207683038048073 -0.032107325453605978 0.082520719104807724 -0.03043181604836109 -0.0066057048985244116 -0.0047743224877611293 0.085148007387684396 0.0063844689802207101 -0.00015817204884930548 0.048663558536965183 -0.035560311561008577 -0.034156054220649511 0.023488881105395834 -0.021409004147989442 -0.017933393425932431 -0.0021178510956480425 0.059291747038983406 0.039780955257699396 0.043295294808033714 -0.028966342556920672 0.03218681416730082 -0.013005360723749106 -0.00029118380839534554 0.00018979529756439463 -0.015187279520372226 0.00042534139150761873
leaf_weight=60 29 39 26 25 30 125 33 32 25 89 26 25 4088 91 55 44 113 32 54 36 46 57 28 27 102 51 37 52 734 432
leaf_count=60 29 39 26 25 30 125 33 32 25 89 26 25 4088 91 55 44 113 32 54 36 46 57 28 27 102 51 37 52 734 432
internal_value=-0.000370259 -0.000411187 0.00287129 0.00488636 -0.0005145 -0.00393443 0.0012069 -0.00240964 0.00313725 -0.000258065 0.00515152 -0.00768212 -0.000343699 9.09091e-05 -0.00128431 -0.00105544 -0.000588942 -0.00469484 -0.00236686 0.0013913 0.0053012 -0.00108317 -0.00086785 0.00220183 0.0041129 0 0.00728571 -0.00375 -0.00170711 -0.00195373
internal_weight=6643 6614 201 175 6413 304 115 82 50 154 65 150 6109 4179 1930 1875 1663 212 168 114 82 1550 1520 326 247 108 139 79 1194 1166
internal_count=6643 6614 201 175 6413 304 115 82 50 154 65 150 6109 4179 1930 1875 1663 212 168 114 82 1550 1520 326 247 108 139 79 1194 1166
is_linear=0
shrinkage=0.04


Tree=141
num_leaves=31
num_cat=0
split_feature=12 16 4 1 6 7 3 20 3 5 7 16 20 11 7 3 7 12 3 14 14 3 3 16 11 7 7 19 2 11
split_gain=1.194 2.29521 2.40749 2.36655 2.03757 2.26575 2.20196 2.24067 1.68446 2.90127 1.92024 1.68275 1.51134 5.07666 5.9524 5.3091 4.98221 4.82997 4.12705 3.45471 2.89596 2.76062 3.20172 3.16064 2.67997 3.50304 4.52368 3.96629 3.17098 3.04667
threshold=87.500000000000014 27.500000000000004 1.4500000000000002 11.450000000000001 8.6749999999999989 3.1895833333333337 5.5500000000000007 -0.22252093395631442 15.050000000000002 6.0500000000000007 6.3562500000000011 82.500000000000014 0.81174490092936691 -0.84999999999999998 8.5687500000000032 6.1500000000000012 5.3354166666666671 56.500000000000007 7.6500000000000012 117.50000000000001 162.50000000000003 3.4500000000000006 6.3500000000000005 337.50000000000006 0.55000000000000016 7.4895833333333348 5.1895833333333341 -0.60785761079279388 8.1500000000000004 -1.6499999999999997
decision_type=2 2 2 2 2 2 2 2 2 2 2 2 2 2 2 2 2 2 2 2 2 2 2 2 2 2 2 2 2 2
left_child=12 3 -3 4 5 -2 -7 -8 9 10 -4 -11 24 15 16 -14 21 -16 -18 -20 -19 23 -23 -15 25 26 -1 28 -27 -28
right_child=1 2 8 -5 -6 6 7 -9 -10 11 -12 -13 13 14 17 -17 18 20 19 -21 -22 22 -24 -25 -26 27 29 -29 -30 -31
leaf_value=0.0055593809064715853 -0.020467947306484602 0.016476409616846405 -0.020188770125603838 0.023765368598244851 -0.014409071006031376 0.02657383976295968 -0.026145094885869097 0.011466352464132088 -0.021711838719159788 -0.0083737864235690126 4.3566004375499287e-05 0.01824135837203265 -0.031135565400693788 -0.00081907510476558092 -0.031930886740149128 0.027234721378207212 0.10599570199577024 0.011814033390924105 -0.059392761819944656 0.046158566255490641 -0.01244599217437127 -0.030637119637036747 0.029466771562086446 0.10236894838173903 -0.00053231546524344251 0.014677618352097266 -0.013818934029184646 0.089993004250595171 -0.01725212245056575 0.0050858900108895358
leaf_weight=473 34 25 156 46 32 72 40 30 59 144 49 64 71 121 165 25 79 64 28 75 85 81 28 43 4265 28 101 49 40 71
leaf_count=473 34 25 156 46 32 72 40 30 59 144 49 64 71 121 165 25 79 64 28 75 85 81 28 43 4265 28 101 49 40 71
internal_value=-0.000334136 -0.00183511 -0.00341365 0.0012549 -0.000574163 0.00112994 0.00335664 -0.00169014 -0.0040592 -0.0031401 -0.00650485 0.000191388 -0.000142542 -0.00168591 -0.000597403 -0.0103093 0.00232456 -0.0048254 0.00743169 0.00211538 0.0004 -0.00109489 -0.006 0.00218182 0.000123309 0.00230668 0.00114551 0.00864407 0.00231884 -0.00439306
internal_weight=6643 751 497 254 208 176 142 70 472 413 205 208 5892 865 769 96 455 314 182 103 149 273 109 164 5027 762 645 117 68 172
internal_count=6643 751 497 254 208 176 142 70 472 413 205 208 5892 865 769 96 455 314 182 103 149 273 109 164 5027 762 645 117 68 172
is_linear=0
shrinkage=0.04


Tree=142
num_leaves=31
num_cat=0
split_feature=9 10 11 20 13 16 4 13 17 3 13 15 3 7 4 9 16 19 10 5 13 17 5 7 3 5 12 18 17 2
split_gain=1.28413 1.24651 2.58838 1.95136 1.75121 1.41621 2.43601 2.16438 2.66281 2.38788 1.34775 3.32691 3.08855 2.96599 4.26476 2.4958 1.91252 2.10908 2.0112 1.78019 3.81579 4.01099 1.91951 2.59228 2.21319 2.08176 2.02465 1.43308 1.41554 1.34852
threshold=31.500000000000004 0.45000000000000007 22.750000000000004 1.0000000180025095e-35 4.9500000000000011 2192.5000000000005 15.350000000000003 10.250000000000002 -1.0000000180025095e-35 8.9500000000000011 10.65 1.0000000180025095e-35 5.6500000000000012 2.839583333333334 4.7500000000000009 85.500000000000014 1302.5000000000002 -1.0000000180025095e-35 2.2500000000000004 0.8500000000000002 5.1500000000000012 -1.0000000180025095e-35 1.6500000000000001 2.4770833333333337 3.3500000000000001 1.4500000000000002 82.500000000000014 0.37940952255126048 -0.5 0.45000000000000007
decision_type=2 2 2 2 2 2 2 2 2 2 2 2 2 2 2 2 2 2 2 2 2 2 2 2 2 2 2 2 2 2
left_child=-1 2 3 -2 -4 10 7 8 9 -7 19 13 -13 15 -15 -12 18 -18 -16 20 21 -3 23 25 -25 -21 27 28 -26 -24
right_child=1 5 4 -5 -6 6 -8 -9 -10 -11 11 12 -14 14 16 -17 17 -19 -20 22 -22 -23 29 24 26 -27 -28 -29 -30 -31
leaf_value=-0.017357478763678848 -0.0048088664586475715 0.014453512922630019 0.0029925191337017054 0.067072109668288485 -0.028804547456858228 -0.041767887454679506 -0.026878243847775013 0.034326552177377463 0.065133424693546549 0.053685142519509559 -0.0028183056284217401 0.043312803545403469 -0.0043755319506123503 -0.027350936117072584 0.0082908597657840137 0.043172624618068235 0.041096216636089748 -0.034746946132952379 -0.0072903724169183625 0.013475502427356973 0.052823016720942438 -0.0152133221104648 0.018406447219256352 -0.020718883763804197 0.048022730864869669 -0.015259086230156394 -0.041761838195911762 -0.027299362299523341 -0.039769420533981643 -0.00024445804638808968
leaf_weight=34 43 44 25 32 96 32 31 51 45 27 48 33 34 121 95 47 38 66 103 64 30 44 31 75 25 30 38 36 28 5197
leaf_count=34 43 44 25 32 96 32 31 51 45 27 48 33 34 121 95 47 38 66 103 64 30 44 31 75 25 30 38 36 28 5197
internal_value=-0.000358218 -0.0003177 -0.00345178 0.00236842 -0.00704918 -0.000221391 0.00320856 0.00525641 0.00190476 -0.00366667 -0.000324342 -0.00215017 0.00617647 -0.00323699 -0.00466981 0.003125 -0.00211221 -0.00647619 0.000201005 -0.00013468 0.00470588 0.000449438 -0.000238914 -0.003367 -0.00591133 0.00210526 -0.00265625 0.000666667 0.00481481 -6.11972e-05
internal_weight=6643 6609 196 75 121 6413 186 155 104 59 6227 585 67 518 423 95 302 104 198 5642 118 88 5524 296 202 94 127 89 53 5228
internal_count=6643 6609 196 75 121 6413 186 155 104 59 6227 585 67 518 423 95 302 104 198 5642 118 88 5524 296 202 94 127 89 53 5228
is_linear=0
shrinkage=0.04


Tree=143
num_leaves=31
num_cat=0
split_feature=8 16 4 5 2 0 5 10 19 4 13 1 5 3 4 11 2 14 20 14 4 12 5 1 2 12 1 4 2 14
split_gain=1.38177 3.76054 1.90385 1.6582 3.17632 3.10766 2.52077 2.38983 2.25115 1.62214 1.57164 1.51852 1.44671 1.90911 1.34709 1.33814 1.15977 1.11772 2.8917 2.01339 3.21769 1.87253 2.31779 1.84287 2.72141 2.71787 2.03314 1.95962 1.87477 1.76782
threshold=0.75000000000000011 422.50000000000006 0.35000000000000003 0.95000000000000007 2.8500000000000001 1.7500000000000002 1.5500000000000003 3.7500000000000004 -0.60785761079279388 2.3500000000000001 11.950000000000001 1.4500000000000002 1.2500000000000002 3.7500000000000004 2.0500000000000003 2.2500000000000004 0.45000000000000007 90.500000000000014 0.81174490092936691 62.500000000000007 13.250000000000002 21.500000000000004 5.4500000000000011 7.4500000000000011 12.050000000000002 50.500000000000007 16.550000000000004 12.65 9.2500000000000018 32.500000000000007
decision_type=2 2 2 2 2 2 2 2 2 2 2 2 2 2 2 2 2 2 2 2 2 2 2 2 2 2 2 2 2 2
left_child=1 -1 -2 4 5 8 9 -6 -4 14 -3 -11 13 -13 15 -5 -8 18 21 20 -20 22 -18 29 25 28 27 -26 -25 -23
right_child=2 10 3 6 7 -7 16 -9 -10 11 -12 12 -14 -15 -16 -17 17 -19 19 -21 -22 23 -24 24 26 -27 -28 -29 -30 -31
leaf_value=-0.032872044119076529 0.082240544331310533 0.10286854557386271 0.016165563774671387 0.019600220788805009 0.051729679215855598 -0.019571974872142343 0.0071879593401081368 0.004244822618915638 -0.01711810475528484 -0.018747449371835749 -0.0033465517796933499 -0.017823327933675567 -0.023166310392973566 0.01445582652822143 0.055163588214638626 -0.03184265254290309 0.0013454572613635829 -0.00074220369615179754 -0.033233556129656644 0.0073409107440436114 0.035524367908994353 -0.00089142689032496671 0.12932261117835545 0.031450799692197919 0.058585530333581749 -0.047586356841568429 -0.0094296681584994779 -0.0013428287030099284 -0.021597311499453306 0.013462571540186038
leaf_weight=36 26 25 30 25 35 53 32 40 26 33 47 46 100 40 25 26 42 5125 80 47 25 144 43 28 40 45 53 31 34 261
leaf_count=36 26 25 30 25 35 53 32 40 26 33 47 46 100 40 25 26 42 5125 80 47 25 144 43 28 40 45 53 31 34 261
internal_value=-0.000304034 -0.00477064 -0.000229498 -0.000273425 0.00345946 -0.000909091 -0.000382548 0.00973684 0.00561404 -0.00398649 0.000547945 -0.00572727 -0.00427807 -0.00045977 0.00103896 -0.00269231 -0.000205604 -0.000246708 0.00107551 -0.00392157 -0.00698113 0.00213296 0.00767442 0.00138148 -0.00146552 -0.00611111 0.00256 0.00694444 -0.000634921 0.00300493
internal_weight=6643 108 6535 6509 184 109 6325 75 56 295 72 219 186 86 76 51 6030 5998 873 152 105 721 85 636 231 107 124 71 62 405
internal_count=6643 108 6535 6509 184 109 6325 75 56 295 72 219 186 86 76 51 6030 5998 873 152 105 721 85 636 231 107 124 71 62 405
is_linear=0
shrinkage=0.04


Tree=144
num_leaves=31
num_cat=0
split_feature=9 8 16 13 5 3 1 1 7 17 9 5 18 13 5 7 7 13 5 7 16 4 13 5 16 8 15 14 17 9
split_gain=1.30447 1.24808 2.72693 2.48041 2.40858 1.37817 1.08892 2.41609 1.22969 5.95355 1.35513 1.06855 2.28423 1.23006 1.15932 1.82798 2.47001 2.04771 1.77442 1.30106 1.19237 1.04864 1.04429 2.50186 3.67004 2.80614 2.68567 2.51915 2.11891 1.99395
threshold=31.500000000000004 1.1500000000000001 492.50000000000006 15.550000000000002 5.3500000000000005 3.1500000000000008 0.95000000000000007 1.1500000000000001 1.7562500000000003 1.0000000180025095e-35 77.500000000000014 0.8500000000000002 0.60355339059327384 6.4500000000000011 1.6500000000000001 2.4770833333333337 6.1895833333333341 11.550000000000002 1.4500000000000002 1.9000000000000001 52.500000000000007 3.3500000000000001 10.750000000000002 15.550000000000002 2007.5000000000002 6.2500000000000009 0.15000000000000005 284.50000000000006 0.60355339059327384 78.500000000000014
decision_type=2 2 2 2 2 2 2 2 2 2 2 2 2 2 2 2 2 2 2 2 2 2 2 2 2 2 2 2 2 2
left_child=-1 2 5 4 -4 -2 21 -8 9 -9 -11 12 -10 -14 15 18 17 20 -13 -16 -17 -3 -21 24 26 -26 27 28 -24 -30
right_child=1 6 3 -5 -6 -7 7 8 11 10 -12 14 13 -15 19 16 -18 -19 -20 22 -22 -23 23 -25 25 -27 -28 -29 29 -31
leaf_value=-0.016633491465285637 -0.032263072852933235 0.014227585154298126 0.03014671456214419 -0.011397164262592021 -0.001246004824450857 -0.0052046132002857882 -0.018746738772845165 -0.042285891027439536 0.047319213950090706 0.0028151769525534133 0.11743868814414046 0.010770753803800166 -0.006068642955277319 0.012797666340679985 -0.020185714733417955 -0.01508357266725378 0.013304163599438574 0.021498013623436681 -0.0067673568748548973 0.00023531678038256844 -0.023285787605930839 -0.00016630748988751167 -0.02487768061108998 -0.073016609917789785 0.034250618497489088 5.4527980296672499e-05 0.033733913299565543 0.0079467911983500637 -0.013402328023292167 0.019040185437802535
leaf_weight=34 51 30 57 48 25 45 66 25 49 34 27 46 29 26 26 46 38 28 25 5257 141 32 181 36 32 40 38 64 39 28
leaf_count=34 51 30 57 48 25 45 66 25 49 34 27 46 29 26 26 46 38 28 25 5257 141 32 181 36 32 40 38 64 39 28
internal_value=-0.000298013 -0.000257186 -0.00317181 0.000610687 0.00481928 -0.00824742 -0.000153509 -0.000205631 -0.00012468 0.0045977 0.0112903 -0.000191248 0.00380952 -0.00178571 -0.000260468 -0.00258462 -0.00417323 -0.00583333 0.00305556 -0.000128875 -0.00734043 0.00507937 -8.74738e-05 -0.00191721 -0.00104019 0.00712329 -0.00273504 -0.00396166 -0.00578313 0.000294118
internal_weight=6643 6609 226 130 82 96 6383 6321 6255 86 61 6169 104 55 6065 324 253 215 71 5741 187 62 5715 458 422 72 350 312 248 67
internal_count=6643 6609 226 130 82 96 6383 6321 6255 86 61 6169 104 55 6065 324 253 215 71 5741 187 62 5715 458 422 72 350 312 248 67
is_linear=0
shrinkage=0.04


Tree=145
num_leaves=31
num_cat=0
split_feature=9 10 3 1 0 10 17 4 0 14 4 7 14 7 2 4 2 6 7 4 4 16 11 20 20 14 14 10 9 19
split_gain=1.32028 1.0595 1.4086 1.48992 1.96909 1.34454 1.25284 1.11405 1.64446 2.94984 1.36049 2.67887 2.02464 1.36591 4.00607 2.50831 2.173 3.38032 2.10656 2.0275 1.96274 1.85175 1.77207 6.24492 3.2708 5.52206 3.31551 2.78377 4.62965 7.6144
threshold=31.500000000000004 19.650000000000002 11.750000000000002 12.750000000000002 9.9500000000000011 18.150000000000002 0.78656609248549325 52.400000000000006 29.650000000000002 197.50000000000003 17.650000000000002 17.375000000000004 107.50000000000001 11.614583333333334 6.3500000000000005 10.950000000000001 13.950000000000001 15.425000000000001 12.458333333333336 8.2500000000000018 15.450000000000001 57.500000000000007 -0.54999999999999993 0.81174490092936691 0.81174490092936691 62.500000000000007 185.50000000000003 12.550000000000002 68.500000000000014 -0.8783796973249266
decision_type=2 2 2 2 2 2 2 2 2 2 2 2 2 2 2 2 2 2 2 2 2 2 2 2 2 2 2 2 2 2
left_child=-1 5 3 4 -3 7 -7 8 10 -10 11 13 -12 16 -15 18 20 -18 21 -19 22 -16 23 27 -24 -26 -27 28 29 -2
right_child=1 2 -4 -5 -6 6 -8 -9 9 -11 12 -13 -14 14 15 -17 17 19 -20 -21 -22 -23 24 -25 25 26 -28 -29 -30 -31
leaf_value=-0.01347236532115673 -0.030491295055909175 0.0065651418067802503 -0.026644963725770569 0.015977738752846093 -0.011314085354592862 0.047216687870790891 -0.00077772124166235917 -0.093368264900160508 -2.3507046626427553e-05 1.0644932904126958 0.0016100434183162805 0.096762523719484336 -0.017176386167608637 -0.033413865306113982 -0.026122625953402406 0.00069214483990762685 0.038241513139705322 0.013855243240104818 -0.014398126251326922 -0.073444247740372615 0.012555016618210929 -0.043539716272200886 -0.00056759076598213555 -0.022913644528873702 -0.030533258194551022 0.034534977121316146 0.0018006870467604942 -0.019300563563227655 -0.0033451984411835946 0.025452284551681376
leaf_weight=34 29 40 32 25 36 43 44 35 52 26 64 30 196 35 29 337 98 52 93 29 47 34 3986 87 86 259 239 107 280 198
leaf_count=34 29 40 32 25 36 43 44 35 52 26 64 30 196 35 29 337 98 52 93 29 47 34 3986 87 86 259 239 107 280 198
internal_value=-0.000251384 -0.000210558 -0.00373134 -0.00137255 -0.00415584 -0.000138122 0.00477273 -0.00020532 -0.00016578 0.00556962 -0.000237492 -0.000115588 -0.00306513 -0.000175904 -0.0021172 -0.00117409 1.09131e-05 0.00433333 -0.00535032 -0.00170732 -0.000135364 -0.0109375 -0.000208649 -0.00207977 7.87574e-05 0.00287179 0.00448898 -0.000650407 0.000590551 0.00482456
internal_weight=6682 6648 133 101 76 6515 87 6428 6393 78 6315 6055 260 6025 528 493 5497 179 156 81 5318 63 5271 701 4570 584 498 614 507 227
internal_count=6682 6648 133 101 76 6515 87 6428 6393 78 6315 6055 260 6025 528 493 5497 179 156 81 5318 63 5271 701 4570 584 498 614 507 227
is_linear=0
shrinkage=0.04


Tree=146
num_leaves=31
num_cat=0
split_feature=9 12 10 10 12 13 10 16 5 5 7 9 6 10 4 14 16 16 9 20 13 13 5 6 12 5 17 5 7 14
split_gain=1.31621 1.39076 1.84496 1.23155 2.90194 2.02309 1.00495 2.29055 2.76542 1.53281 2.24049 3.29516 1.46902 1.11609 1.05255 0.97875 6.58352 2.58715 4.38897 4.76567 4.41862 4.12978 4.02366 3.75529 3.68584 2.63268 2.55351 2.23007 2.17857 2.14948
threshold=31.500000000000004 93.500000000000014 10.550000000000002 19.650000000000002 68.500000000000014 0.65000000000000002 15.65 52.500000000000007 3.8500000000000001 17.150000000000002 10.852083333333335 69.500000000000014 8.4250000000000007 15.350000000000003 3.8500000000000001 171.50000000000003 42.500000000000007 42.500000000000007 63.500000000000007 -0.56174490092936669 2.9500000000000006 1.4500000000000002 3.6500000000000008 8.3083333333333336 65.500000000000014 2.4500000000000006 0.60355339059327384 11.850000000000003 1.9000000000000001 187.50000000000003
decision_type=2 2 2 2 2 2 2 2 2 2 2 2 2 2 2 2 2 2 2 2 2 2 2 2 2 2 2 2 2 2
left_child=-1 3 -3 6 -5 -6 13 8 -8 10 11 12 14 15 -10 16 26 18 19 24 27 23 -23 25 -17 -21 -2 -20 -18 -26
right_child=1 2 -4 4 5 -7 7 -9 9 -11 -12 -13 -14 -15 -16 17 28 -19 20 21 -22 22 -24 -25 29 -27 -28 -29 -30 -31
leaf_value=-0.012933470708310467 0.0032053589061292256 -0.022156870865600045 0.0032625260704141202 -0.049785202710787464 0.017201123140366939 -0.0045035918545400302 -0.023303366926912192 0.089479101944418604 0.025566703492612603 -0.049949101441112025 0.061705749440454413 -0.048969014913756763 -0.010585649963297677 -0.034889499727130582 0.001009038980200252 0.08671079411624899 -0.030159552469772297 0.0003925442306643845 -0.014375659491542497 -0.046022785427056095 -0.03440110174687902 0.061041376698913866 0.01430028717967609 0.068172295739331923 -0.011952301249308342 -0.0074389077014792807 0.025967262078643465 0.069907166411653995 -0.00069955738325237608 -0.082140363424751936
leaf_weight=34 406 39 34 28 30 70 30 35 55 29 41 25 44 25 27 28 29 2251 292 26 149 85 190 32 51 79 213 30 2205 70
leaf_count=34 406 39 34 28 30 70 30 35 55 29 41 25 44 25 27 28 29 2251 292 26 149 85 190 32 51 79 213 30 2205 70
internal_value=-0.000263355 -0.00022259 -0.00567568 -0.000161192 -0.00403101 -0.000792079 -8.37469e-05 0.00222997 0.000873016 0.00243243 0.00373057 0.00144737 0.00409449 -0.000191496 0.00722892 -0.000156428 0.000385424 -0.000627284 -0.00228461 0.000106762 -0.00512712 0.00232446 0.00514493 -0.00333333 -0.006 -0.00698113 0.00403226 -0.00247678 -0.000626398 -0.00901639
internal_weight=6682 6648 73 6575 128 100 6447 286 251 221 192 151 126 6161 82 6136 2853 3283 1032 561 471 412 275 137 149 105 619 322 2234 121
internal_count=6682 6648 73 6575 128 100 6447 286 251 221 192 151 126 6161 82 6136 2853 3283 1032 561 471 412 275 137 149 105 619 322 2234 121
is_linear=0
shrinkage=0.04


Tree=147
num_leaves=31
num_cat=0
split_feature=6 14 11 4 4 1 6 14 18 19 20 2 5 16 12 12 11 4 19 2 19 5 1 1 3 5 6 5 9 17
split_gain=1.10786 1.7998 1.03942 0.999858 1.63048 2.63303 0.866767 2.93939 2.69471 3.24052 2.54829 1.99273 1.65662 2.09151 2.1125 1.97926 2.42818 1.9799 2.86131 1.81004 4.1845 3.44391 1.82881 2.0885 2.61985 1.76406 3.36344 3.20462 3.17562 3.30846
threshold=0.99999999999999623 189.50000000000003 8.9500000000000011 50.45000000000001 39.250000000000007 45.70000000000001 16.791666666666671 62.500000000000007 -0.5 1.0000000180025095e-35 1.0000000180025095e-35 16.350000000000005 16.150000000000002 32.500000000000007 75.500000000000014 28.500000000000004 23.050000000000004 8.3500000000000032 0.6078576107927941 12.450000000000001 -0.8783796973249266 5.1500000000000012 10.65 13.750000000000002 13.15 8.4500000000000011 9.5583333333333353 8.6500000000000004 44.500000000000007 0.25881904510252091
decision_type=2 2 2 2 2 2 2 2 2 2 2 2 2 2 2 2 2 2 2 2 2 2 2 2 2 2 2 2 2 2
left_child=1 2 -1 4 5 6 11 -8 10 -10 -9 12 19 -14 15 -15 17 -17 -19 25 -21 -22 -23 24 -24 26 28 -27 29 -2
right_child=3 -3 -4 -5 -6 -7 7 8 9 -11 -12 -13 13 14 -16 16 -18 18 -20 20 21 22 23 -25 -26 27 -28 -29 -30 -31
leaf_value=0.013056344708509747 0.024604722916228249 -0.00055571107584402319 0.01029020756729091 -0.060709119266305511 0.054601590646397469 -0.073703075097304172 0.082680412916812149 0.1325350690447506 -0.064210067572989263 0.049050142356660373 -0.0020537822893019796 -0.013766814587127297 0.013942431806117294 -0.064412486468494456 -0.042802297214558624 0.014907013140484721 0.031484511198537388 -0.0027313419703000365 -0.051754515186793137 0.11010553989988137 0.027403659616019524 -0.025212594682699745 0.097821947617765442 -0.013540696107781188 -0.0015814937392892858 0.067159976914453495 -0.021278203990791056 0.00096744492147539775 -0.0012072471897448711 -0.0013211559473737112
leaf_weight=28 74 47 31 49 42 25 25 68 81 49 86 86 58 25 52 46 32 37 31 46 86 46 39 130 51 89 347 1117 3697 62
leaf_count=28 74 47 31 49 42 25 25 68 81 49 86 86 58 25 52 46 32 37 31 46 86 46 39 130 51 89 347 1117 3697 62
internal_value=-0.000299267 0.00373832 0.00833333 -0.000364908 -0.000321691 -0.000373111 -0.000321932 0.00174194 0.000561404 -0.00366412 0.00412903 -0.000425878 -0.000339598 -0.00333333 -0.00508929 -0.00290698 -0.00108844 -0.00382609 -0.00811594 -0.000193604 0.00240602 0.000906516 -0.00134831 0.000180995 0.00483516 -0.000386115 -0.000774934 0.00096106 -0.000432968 0.00554745
internal_weight=6682 106 59 6576 6527 6485 6460 309 284 130 154 6151 6065 281 223 171 146 114 68 5784 398 352 266 220 90 5386 4180 1206 3833 136
internal_count=6682 106 59 6576 6527 6485 6460 309 284 130 154 6151 6065 281 223 171 146 114 68 5784 398 352 266 220 90 5386 4180 1206 3833 136
is_linear=0
shrinkage=0.04


Tree=148
num_leaves=31
num_cat=0
split_feature=4 9 2 14 5 18 7 2 14 16 11 15 2 5 10 16 8 11 8 10 11 13 14 13 9 4 4 14 16 8
split_gain=1.01889 1.6041 1.08432 0.889932 0.890088 2.07435 0.974719 3.06027 2.03298 2.21117 2.1399 1.55335 1.54374 3.80219 2.81504 2.52601 2.46085 1.90501 2.12942 1.84379 1.72482 1.65141 1.61745 2.99573 3.24064 1.48889 3.44927 1.12382 1.47006 1.0267
threshold=50.45000000000001 132.50000000000003 49.100000000000009 354.50000000000006 31.850000000000005 -0.60355339059327384 11.812500000000002 7.8500000000000005 62.500000000000007 647.50000000000011 29.050000000000004 0.25000000000000006 20.450000000000003 12.65 16.350000000000005 297.50000000000006 10.250000000000002 18.250000000000004 13.550000000000002 1.2500000000000002 15.750000000000002 4.7500000000000009 187.50000000000003 4.2500000000000009 57.500000000000007 16.650000000000002 15.65 200.50000000000003 357.50000000000006 12.550000000000002
decision_type=2 2 2 2 2 2 2 2 2 2 2 2 2 2 2 2 2 2 2 2 2 2 2 2 2 2 2 2 2 2
left_child=1 2 3 4 6 -6 25 27 9 -9 11 12 14 -14 15 16 -10 -17 19 -19 -15 -20 -18 24 -24 26 29 28 -8 -1
right_child=-2 -3 -4 -5 5 -7 7 8 10 -11 -12 -13 13 20 -16 17 22 18 21 -21 -22 -23 23 -25 -26 -27 -28 -29 -30 -31
leaf_value=-0.00055908738442725261 -0.058280754495653259 0.23687949088927496 -0.043514200156859605 -0.014544128946012744 -0.0071058227815971979 0.23309764314546569 0.00029420646480055268 0.26840653070189974 0.0083911715517412475 -0.00033591110147810358 -0.026718464737586167 -0.015738856541812066 -0.029050210608770295 0.0024183609365287851 0.088327525839236073 0.064169321720246586 -0.030668428928861735 0.020310028979925301 -0.04994219643389828 -0.0085616460277911696 0.5205032502269259 -0.018857199702742449 -0.067778781192147766 -0.12501353888684885 0.3203450532537751 -0.05545496062848837 0.014227304161468482 -0.029524747886746229 -0.031949113790251893 0.0037770843371792572
leaf_weight=4962 49 27 25 98 27 33 35 26 28 40 30 31 46 29 37 27 86 40 26 29 41 46 35 29 33 27 45 35 26 634
leaf_count=4962 49 27 25 98 27 33 35 26 28 40 30 31 46 29 37 27 86 40 26 29 41 46 35 29 33 27 45 35 26 634
internal_value=-0.000311237 -0.000268315 -0.000308763 -0.000276512 -0.000219001 0.00459016 -0.000264633 -0.00161376 -0.000636364 0.00597015 -0.00138047 -0.000815603 -0.000300188 0.00376068 -0.00143885 -0.00247368 -0.00537736 0.00118343 -0.000704225 0.00428571 0.00957746 -0.00547945 -0.00706522 -0.00346939 0.00115942 -8.4671e-05 -3.89933e-05 -0.00824742 -0.00483871 -0.00012864
internal_weight=6682 6633 6606 6581 6483 60 6423 755 659 66 593 563 532 116 416 379 211 168 141 69 70 72 183 97 68 5668 5641 96 61 5596
internal_count=6682 6633 6606 6581 6483 60 6423 755 659 66 593 563 532 116 416 379 211 168 141 69 70 72 183 97 68 5668 5641 96 61 5596
is_linear=0
shrinkage=0.04


Tree=149
num_leaves=31
num_cat=0
split_feature=9 12 13 11 7 14 16 16 9 13 20 11 14 3 4 8 13 12 7 8 10 17 11 9 16 15 16 7 0 16
split_gain=2.16418 1.45152 2.85666 2.19927 3.56591 0.976863 4.96625 2.47989 3.9741 4.40132 3.68815 3.95008 3.73086 2.98246 2.82681 3.04602 3.05439 2.88181 2.9591 2.54542 2.47889 2.76467 2.45513 2.22131 2.16995 2.09182 4.17355 2.42249 3.67587 3.02923
threshold=31.500000000000004 92.500000000000014 3.8500000000000001 1.0000000180025095e-35 8.7895833333333346 171.50000000000003 42.500000000000007 42.500000000000007 63.500000000000007 2.9500000000000006 -0.56174490092936669 13.250000000000002 243.50000000000003 3.2500000000000004 5.8500000000000005 8.2500000000000018 1.5500000000000003 78.500000000000014 2.9354166666666672 13.15 16.350000000000005 0.60355339059327384 -5.8499999999999988 45.500000000000007 57.500000000000007 1.0000000180025095e-35 282.50000000000006 2.9104166666666673 6.7500000000000009 62.500000000000007
decision_type=2 2 2 2 2 2 2 2 2 2 2 2 2 2 2 2 2 2 2 2 2 2 2 2 2 2 2 2 2 2
left_child=-1 5 3 -3 -5 6 20 8 10 -10 11 13 14 -7 15 16 -12 -18 -19 -16 21 -2 -9 -8 -25 27 -27 -24 -29 -30
right_child=1 2 -4 4 -6 7 23 22 9 -11 12 -13 -14 -15 19 -17 17 18 -20 -21 -22 -23 25 24 -26 26 -28 28 29 -31
leaf_value=-0.013264483764473383 0.003331094065686031 -0.018102480011799784 -0.03822123824438263 0.013380821433857264 -0.0059004639629005482 0.0044225502161914319 0.019639546404874864 0.0076486246372731159 -0.0076057655313301713 -0.033407803146871605 -0.017706387246616089 0.040286329126341801 -0.012811374050437899 -0.027753782704189548 -0.018797068118365283 0.040488716049706143 0.074484671307303435 -0.014543476182225916 0.044397028666244023 0.054236286405478465 -0.011322233470299672 0.025032113144100344 0.0085720852336945621 -0.014704210205746762 -0.00052017462334799094 -0.0037061535607685416 0.038492682558838885 -0.0058811088166824278 0.040564274881460069 -0.0012405391791737231
leaf_weight=34 402 27 29 39 32 33 59 85 381 169 74 51 43 127 88 121 57 35 56 57 45 225 228 259 1908 96 134 974 182 632
leaf_count=34 402 27 29 39 32 33 59 85 381 169 74 51 43 127 88 121 57 35 56 57 45 225 228 259 1908 96 134 974 182 632
internal_value=-0.000365105 -0.000312829 -0.00453125 -0.00121212 0.0025 -0.000229991 0.000317351 -0.00066777 -0.0020727 -0.0046461 -0.000161507 -0.00462264 0.00161654 -0.00770186 0.00261759 0.00459302 0.00179372 0.00510067 0.000652174 -0.00205479 0.00332838 0.00398089 0.000111492 -0.000592726 -0.000802583 -0.000142412 0.0034632 -0.00055528 -0.00105087 0.000932515
internal_weight=6682 6648 127 98 71 6521 2898 3623 1292 550 742 211 531 160 488 343 222 148 91 145 672 627 2331 2226 2167 2246 230 2016 1788 814
internal_count=6682 6648 127 98 71 6521 2898 3623 1292 550 742 211 531 160 488 343 222 148 91 145 672 627 2331 2226 2167 2246 230 2016 1788 814
is_linear=0
shrinkage=0.04


Tree=150
num_leaves=31
num_cat=0
split_feature=9 5 7 7 11 18 5 4 3 9 13 4 0 2 7 7 14 14 19 5 2 13 4 0 4 4 2 5 5 7
split_gain=1.64659 1.64179 4.56909 1.65 1.42695 1.38809 2.53789 2.14757 2.75894 3.08019 2.57739 1.83061 2.00278 1.78393 1.61144 2.0741 1.57106 1.87463 1.50522 1.47617 3.3781 1.4724 1.44027 2.41904 1.70148 2.03367 2.33172 2.05513 2.0227 2.34999
threshold=31.500000000000004 45.70000000000001 37.677083333333336 31.285416666666666 33.350000000000001 0.78656609248549303 2.1500000000000008 4.8500000000000005 4.6500000000000012 60.500000000000007 9.0500000000000025 7.8500000000000005 3.1500000000000008 0.95000000000000007 21.504166666666674 18.695833333333336 184.50000000000003 151.50000000000003 1.0000000180025095e-35 4.0500000000000007 2.6500000000000008 1.0500000000000003 7.6500000000000012 5.2500000000000009 11.350000000000003 16.650000000000002 9.0500000000000025 9.3500000000000032 5.9500000000000011 7.6104166666666684
decision_type=2 2 2 2 2 2 2 2 2 2 2 2 2 2 2 2 2 2 2 2 2 2 2 2 2 2 2 2 2 2
left_child=-1 2 3 4 5 14 18 10 11 -10 13 -9 -13 -8 15 -2 17 19 -7 -15 -21 -18 23 -11 28 27 -27 -26 29 -24
right_child=1 -3 -4 -5 -6 6 7 8 9 22 -12 12 -14 16 -16 -17 21 -19 -20 20 -22 -23 24 -25 25 26 -28 -29 -30 -31
leaf_value=-0.014802279062935924 0.00024619020840518148 -0.021896641185934058 0.36895942011739458 -0.018711794474864121 0.016281417527175889 -0.0030325411310210271 0.067696883171403363 -0.026706337240806875 -0.019504928421514797 -0.00098367925439637452 -0.013206866589564666 -0.035827809678239279 0.0070775595888423661 0.027971467222907859 -0.068142102729851287 0.13566415542541763 -0.0030530911652040518 -0.012834561424137832 -0.022212209807823412 -0.039999701296595462 0.061625406986173539 0.065174935068593384 -0.011413566900209036 0.041327851293433929 0.0028797361748104321 -0.025441985689508916 0.0010366306293770934 0.020001867752603531 -0.040544313197606652 0.0094564708861754818
leaf_weight=36 5044 63 26 41 99 155 30 95 29 43 60 26 52 56 57 33 25 47 119 28 28 54 42 30 101 38 53 39 83 40
leaf_count=36 5044 63 26 41 99 155 30 95 29 43 60 26 52 56 57 33 25 47 119 28 28 54 42 30 101 38 53 39 83 40
internal_value=-0.000233778 -0.000186831 -0.000124734 -0.000192425 -0.000141386 -0.000215356 -0.00139717 -0.00046 -0.00175595 -0.000240481 0.00218845 -0.00609195 -0.00151899 0.00386617 7.78968e-05 0.000153604 0.00267782 0.000375 -0.0048 0.00318584 -0.00140351 0.00725 0.000553191 0.00567568 -0.000403023 0.00181034 -0.00282609 0.0048227 -0.00349398 0.000963855
internal_weight=6672 6636 6573 6547 6506 6407 1273 999 671 498 328 173 78 268 5134 5077 238 159 274 112 56 79 469 73 396 231 91 140 165 82
internal_count=6672 6636 6573 6547 6506 6407 1273 999 671 498 328 173 78 268 5134 5077 238 159 274 112 56 79 469 73 396 231 91 140 165 82
is_linear=0
shrinkage=0.04


Tree=151
num_leaves=31
num_cat=0
split_feature=9 6 8 6 0 12 4 12 20 11 12 18 6 0 9 1 4 19 12 6 11 11 10 18 12 8 20 11 6 16
split_gain=1.38557 3.41659 2.26795 1.9173 1.67584 1.92632 1.36421 3.03625 3.72373 1.85873 3.449 1.94159 1.58046 1.48376 1.47728 1.70453 1.69369 4.05082 4.20527 2.88298 2.36449 2.36798 1.67212 1.63074 2.70293 3.61855 3.07305 3.09383 2.51876 2.36595
threshold=119.50000000000001 12.441666666666666 50.000000000000007 8.8916666666666675 30.850000000000005 48.500000000000007 16.850000000000005 33.500000000000007 -0.56174490092936669 24.250000000000004 48.500000000000007 0.60355339059327384 8.9583333333333339 21.350000000000005 34.500000000000007 8.9500000000000011 11.550000000000002 -0.8783796973249266 81.500000000000014 3.5499999999999989 13.250000000000002 19.250000000000004 8.9500000000000011 0.78656609248549303 37.500000000000007 8.8500000000000032 -0.56174490092936669 19.850000000000005 10.341666666666667 62.500000000000007
decision_type=2 2 2 2 2 2 2 2 2 2 2 2 2 2 2 2 2 2 2 2 2 2 2 2 2 2 2 2 2 2
left_child=2 3 4 -2 6 -6 14 12 -9 10 -10 13 -8 -12 15 -1 23 20 19 -19 -18 -22 -20 24 25 26 27 -16 -27 -28
right_child=1 -3 -4 -5 5 -7 7 8 9 -11 11 -13 -14 -15 16 -17 17 18 22 -21 21 -23 -24 -25 -26 28 29 -29 -30 -31
leaf_value=0.0039717565764386007 0.013162804160910859 0.34054760014656338 -0.063025392558993906 -0.094568902450184358 0.79598355288784051 -0.019384391020369734 -0.051983838423101204 -0.048181236049352184 -0.083640382471690991 0.063115987609105598 0.0081204409356613293 -0.011875262791437465 -0.018865952622962538 -0.0067325087370632281 0.001335923020260008 -0.021983846861664276 -0.000744834707963804 -0.026921333068104545 -0.026067971892217691 0.0066990018429483201 0.24898668167504959 0.0073489713409193771 -0.0017463806616257571 -0.0031398536944758602 -0.00050806091145318534 0.13249430105341439 -0.0069320806972240946 -0.1101611105795918 0.030336612763858215 0.017783060059447263
leaf_weight=25 30 39 45 27 31 26 29 34 29 41 87 26 57 27 28 27 31 32 44 463 43 37 27 1045 3913 51 74 45 47 212
leaf_count=25 30 39 45 27 31 26 29 34 29 41 87 26 57 27 28 27 31 32 44 463 43 37 27 1045 3913 51 74 45 47 212
internal_value=-0.000209801 0.00453608 -0.000279763 -0.00172414 -0.000217391 0.00655172 -0.000277992 -0.00277946 -0.000489796 0.00151659 -0.000352941 0.0022695 -0.0091954 0.00452174 -0.000143206 -0.00679245 -8.53438e-05 0.00179941 0.00042328 0.00173387 0.00875 0.0123457 -0.00861111 -0.00032127 1.83024e-05 0.00292576 0.00105556 -0.00621622 0.00969697 0.00292683
internal_weight=6672 96 6576 57 6531 57 6474 330 244 210 169 140 86 114 6144 52 6092 677 566 495 111 80 71 5415 4370 457 359 73 98 286
internal_count=6672 96 6576 57 6531 57 6474 330 244 210 169 140 86 114 6144 52 6092 677 566 495 111 80 71 5415 4370 457 359 73 98 286
is_linear=0
shrinkage=0.04


Tree=152
num_leaves=31
num_cat=0
split_feature=4 4 0 11 8 0 16 16 18 6 15 7 2 7 2 9 6 14 7 9 20 8 9 6 7 1 17 9 19 14
split_gain=1.87808 2.41675 2.89682 1.46484 1.98375 3.21481 1.7733 1.82751 1.40647 2.41863 2.10428 1.84925 1.69064 2.29878 2.19664 1.4747 3.36218 2.80415 2.17566 2.05885 2.0476 2.38941 2.3592 1.71107 2.22176 1.75661 1.58802 1.46268 1.22108 2.00299
threshold=52.400000000000006 39.250000000000007 44.000000000000007 33.350000000000001 4.4500000000000011 8.8500000000000032 2822.5000000000005 2587.5000000000005 0.78656609248549303 9.2583333333333329 0.45000000000000007 10.502083333333337 8.2500000000000018 11.812500000000002 6.9500000000000011 82.500000000000014 1.1499999999999979 111.50000000000001 3.0770833333333338 58.500000000000007 -0.56174490092936669 2.8500000000000001 74.500000000000014 3.0333333333333297 4.2770833333333345 6.5500000000000007 0.12940952255126045 76.500000000000014 1.0000000180025095e-35 323.50000000000006
decision_type=2 2 2 2 2 2 2 2 2 2 2 2 2 2 2 2 2 2 2 2 2 2 2 2 2 2 2 2 2 2
left_child=1 2 3 6 -5 -6 7 8 -1 10 12 -11 13 14 15 16 -10 18 -18 -19 21 -21 -23 24 -22 27 -20 -25 29 -17
right_child=-2 -3 -4 4 5 -7 -8 -9 9 11 -12 -13 -14 -15 -16 28 17 19 26 20 23 22 -24 25 -26 -27 -28 -29 -30 -31
leaf_value=5.7991783786306427e-05 -0.033262137743409068 0.13300485452054644 -0.10758681484102929 0.023909498058120527 -0.051306906289929233 0.50714817505351673 -0.022152450310572877 0.011334132610935709 0.048903657041269082 -0.0099071211105752344 0.057877638699591699 0.015961148397984674 -0.033775061535848611 -0.024643988034788507 0.017782257359657976 -0.00025982599923478843 -0.030361212515566081 -0.022816436856673183 0.0040590467386271189 0.039273521194945878 0.00035424800812707604 -0.0093113359490002521 0.027973855327035908 0.020460744642742376 -0.025491931150289283 -0.034686329158477081 -0.023311142524254792 -0.016448395553163204 -0.028069941199604289 -0.030029027704290945
leaf_weight=5169 40 47 26 39 34 26 57 36 28 28 26 108 39 36 48 188 45 26 68 29 76 43 30 59 46 35 33 27 150 30
leaf_count=5169 40 47 26 39 34 26 57 36 28 28 26 108 39 36 48 188 45 26 68 29 76 43 30 59 46 35 33 27 150 30
internal_value=-0.000245767 -0.000192975 -0.000258123 -0.000204268 0.0046 0 -0.000278595 -0.00021549 -0.00026696 -0.00150125 -0.00214487 0.00350365 -0.00243009 -0.00210421 -0.00172557 -0.0021663 -0.000842491 -0.00158301 -0.0062585 0.000268817 0.00109827 0.00582524 0.00189189 -0.000901639 -0.00422764 0.00245902 -0.00294118 0.00551724 -0.00411924 -0.00219178
internal_weight=6672 6632 6585 6559 99 60 6460 6403 6367 1198 1062 136 1036 997 961 913 545 517 146 371 345 102 73 243 122 121 101 86 368 218
internal_count=6672 6632 6585 6559 99 60 6460 6403 6367 1198 1062 136 1036 997 961 913 545 517 146 371 345 102 73 243 122 121 101 86 368 218
is_linear=0
shrinkage=0.04


Tree=153
num_leaves=31
num_cat=0
split_feature=4 9 5 13 14 4 11 5 11 19 6 2 8 1 13 3 14 16 11 3 19 3 1 13 11 19 11 5 9 9
split_gain=1.8728 1.69894 1.09432 2.9548 3.54647 2.55787 2.36534 1.82175 1.67548 2.46545 2.83994 2.3996 1.85181 1.6615 2.13516 1.59937 2.49128 2.43435 3.76664 1.50587 3.02795 3.45213 2.53746 2.10358 2.20521 3.51048 2.84295 2.13171 1.76618 2.60485
threshold=52.400000000000006 134.50000000000003 15.850000000000003 2.6500000000000008 183.50000000000003 15.550000000000002 6.5500000000000007 10.950000000000001 -0.6499999999999998 -0.8783796973249266 10.941666666666666 8.9500000000000011 9.9500000000000011 18.250000000000004 2.4500000000000006 16.550000000000004 170.50000000000003 47.500000000000007 17.650000000000002 11.65 -0.8783796973249266 13.450000000000001 15.850000000000003 5.2500000000000009 10.550000000000002 0.6078576107927941 2.1500000000000008 4.2500000000000009 66.500000000000014 95.500000000000014
decision_type=2 2 2 2 2 2 2 2 2 2 2 2 2 2 2 2 2 2 2 2 2 2 2 2 2 2 2 2 2 2
left_child=1 2 7 4 -4 -6 -5 15 12 11 -11 -10 -9 14 -12 19 17 -17 -19 22 21 -21 -1 24 26 27 -22 -26 -25 -30
right_child=-2 -3 3 6 5 -7 -8 8 9 10 13 -13 -14 -15 -16 16 -18 18 -20 20 23 -23 -24 28 25 -27 -28 -29 29 -31
leaf_value=-0.00049005814634650591 -0.031931652233672662 0.36080827933477155 -0.0092780530309302736 -0.048390621529699855 0.02582262580054305 1.2492508863597238 -0.0093540105875511877 0.065979903114175051 0.12859401869098316 -0.0034334120813237948 -0.00097073604014163094 -0.0015643423260548774 0.00066350064657466851 -0.0092128611038274147 0.034993911382487114 0.013218881236657612 -0.051401228326268901 -0.056392270152436752 0.027002013233729763 0.00063196431497734905 -0.00041602308938593069 0.19981840653174737 -0.0243152548526443 -0.010118408832936581 0.059981109389494434 0.1284204129769832 -0.030082544637485855 -0.019634090457854879 0.037937080253693516 -0.030108475805590649
leaf_weight=4763 40 25 85 38 35 26 313 32 69 347 52 42 29 58 104 26 74 29 27 31 54 31 47 43 28 28 36 64 60 36
leaf_count=4763 40 25 85 38 35 26 313 32 69 347 52 42 29 58 104 26 74 29 27 31 54 31 47 43 28 28 36 64 60 36
internal_value=-0.000257755 -0.000205035 -0.000245157 -0.00204819 0.00272109 0.01 -0.00403409 -9.81836e-05 0.00177112 0.00118871 0.000106762 0.00660714 0.00806452 0.00372093 0.00585987 -0.000353291 -0.00433121 0.000481928 -0.00421053 -0.000233627 0.00208738 0.0101587 -0.000432343 0.000628571 -0.00189573 0.00165289 -0.00659341 -0.00215054 0.00442857 0.00742268
internal_weight=6672 6632 6607 497 146 61 351 6110 733 672 561 111 61 214 156 5377 156 82 56 5221 411 62 4810 349 210 120 90 92 139 96
internal_count=6672 6632 6607 497 146 61 351 6110 733 672 561 111 61 214 156 5377 156 82 56 5221 411 62 4810 349 210 120 90 92 139 96
is_linear=0
shrinkage=0.04


Tree=154
num_leaves=31
num_cat=0
split_feature=5 7 2 0 0 7 3 3 1 8 5 11 2 5 13 16 10 1 5 10 19 13 6 19 3 7 10 3 1 7
split_gain=1.44653 3.54292 2.02216 1.93593 1.39173 1.4472 0.831234 2.26251 0.95527 1.93745 1.82741 1.82694 1.95188 2.78085 1.6593 2.16107 1.62865 1.61432 1.8855 2.0515 3.03487 3.33135 1.79276 1.8551 2.00978 2.13479 1.79045 2.19319 1.7874 2.32526
threshold=46.20000000000001 37.677083333333336 31.850000000000005 44.000000000000007 33.050000000000004 31.285416666666666 23.250000000000004 21.600000000000005 20.450000000000003 23.350000000000005 15.850000000000003 6.5500000000000007 3.1500000000000008 18.350000000000005 2.5500000000000003 42.500000000000007 8.3500000000000032 18.350000000000005 10.950000000000001 10.850000000000003 -0.8783796973249266 5.1500000000000012 10.941666666666666 0.6078576107927941 3.1500000000000008 10.427083333333336 8.2500000000000018 8.0500000000000025 8.3500000000000032 9.4645833333333353
decision_type=2 2 2 2 2 2 2 2 2 2 2 2 2 2 2 2 2 2 2 2 2 2 2 2 2 2 2 2 2 2
left_child=1 3 -2 4 5 6 7 8 10 -10 17 -12 -13 -14 -15 -16 -17 18 -1 20 21 -20 23 24 -22 26 27 -26 -21 -30
right_child=2 -3 -4 -5 -6 -7 -8 -9 9 -11 11 12 13 14 15 16 -18 -19 19 28 22 -23 -24 -25 25 -27 -28 -29 29 -31
leaf_value=-0.00039391647268729459 0.0025266709297976321 0.31046100761057083 -0.033394887162391744 -0.093759009567892737 0.014298830172812794 -0.015555006994375517 -0.010237805354022243 0.10022336577764143 0.39810973071087413 -0.00055455719762342425 -0.037578294746460988 0.014392069582920605 -0.030556838627192526 0.069549873151912259 -0.083143454691181479 -0.0076902362437119721 0.058683737878651172 -0.027918182573125103 0.15923854654872704 0.10192405648110665 -0.045593986968052176 -0.0069369901460130737 0.003253454158855469 0.0014151437942713585 0.032020188779355793 -0.049625493260447517 -0.012052052751787059 -0.0053691540225331022 -0.0019440031312580608 0.036980982279765123
leaf_weight=5271 27 28 37 27 26 27 47 36 28 55 58 30 113 30 25 62 25 60 44 35 29 31 99 145 47 45 26 44 44 71
leaf_count=5271 27 28 37 27 26 27 47 36 28 55 58 30 113 30 25 62 25 60 44 35 29 31 99 145 47 45 26 44 44 71
internal_value=-0.000215795 -0.000157361 -0.00615385 -0.000218812 -0.00017394 -0.000211397 -0.000172281 -0.000133251 -0.00019009 0.00404762 -0.000246251 -0.0030814 -0.00174825 -0.00289062 0.000839161 -0.00141593 0.00159091 -8.34446e-05 -1.68577e-05 0.00199697 0.000782779 0.00815789 -0.000504587 -0.00189911 -0.00447917 -0.00269939 0.000169492 0.00282609 0.00609272 0.00362069
internal_weight=6672 6608 64 6580 6553 6527 6500 6453 6417 83 6334 343 285 255 142 112 87 5991 5931 660 510 75 435 336 191 162 117 91 150 115
internal_count=6672 6608 64 6580 6553 6527 6500 6453 6417 83 6334 343 285 255 142 112 87 5991 5931 660 510 75 435 336 191 162 117 91 150 115
is_linear=0
shrinkage=0.04


Tree=155
num_leaves=31
num_cat=0
split_feature=4 4 8 0 8 0 8 19 11 11 2 13 7 17 2 16 17 9 3 13 2 16 2 3 19 10 9 9 11 13
split_gain=1.31368 2.10806 3.25194 1.11611 2.02672 1.21137 1.75486 1.27446 1.14493 1.12179 0.992796 1.83503 1.78208 3.25526 2.04899 2.50684 2.34998 2.04236 2.01372 1.95252 1.95042 1.87475 1.86339 2.21227 2.93925 2.74614 5.99269 2.08066 1.94041 1.84551
threshold=52.400000000000006 39.250000000000007 46.750000000000007 27.850000000000005 23.950000000000003 20.450000000000003 20.450000000000003 -1.0000000180025095e-35 20.150000000000002 17.450000000000003 19.050000000000004 5.0500000000000007 12.052083333333334 -0.25881904510252113 8.4500000000000011 497.50000000000006 -0.78656609248549292 63.500000000000007 18.250000000000004 4.7500000000000009 13.350000000000003 1772.5000000000002 16.550000000000004 12.750000000000002 -0.60785761079279388 3.1500000000000008 68.500000000000014 124.50000000000001 15.950000000000001 2.3500000000000001
decision_type=2 2 2 2 2 2 2 2 2 2 2 2 2 2 2 2 2 2 2 2 2 2 2 2 2 2 2 2 2 2
left_child=1 2 3 4 5 6 10 -8 -6 -7 12 -12 22 14 -14 17 19 -16 20 -17 -15 -18 23 27 28 -26 29 -1 -25 -27
right_child=-2 -3 -4 -5 8 9 7 -9 -10 -11 11 -13 13 18 15 16 21 -19 -20 -21 -22 -23 -24 24 25 26 -28 -29 -30 -31
leaf_value=-0.00045120448675033841 -0.018035240456092085 0.12275744072174888 -0.10642746331456827 0.021845831726868853 -0.0055489087836662065 -0.00022488740561388276 -0.096882721394705967 -0.009508009819716676 -0.15393598093823954 0.37799366745028579 0.053017591801770347 -0.02256150524469426 -0.02057939653561398 -0.021845993864240063 0.00096390748109648878 0.00025039174921108297 0.059988261153583342 0.05465961512237829 -0.04403962468549448 -0.018032903457913391 0.0021513415726738929 -0.00090612895181113378 -0.012763706448825563 0.066122864482894034 0.033780406628092584 -0.008231144998830757 -0.034605021450529724 -0.040701619121566709 0.00095858806135325388 0.016584762244009694
leaf_weight=5358 37 47 25 43 40 28 30 30 27 25 40 27 27 184 30 40 31 32 25 39 81 31 45 61 57 30 37 28 29 38
leaf_count=5358 37 47 25 43 40 28 30 30 27 25 40 27 27 184 30 40 31 32 25 39 81 31 45 61 57 30 37 28 29 38
internal_value=-0.00047857 -0.000435577 -0.000497009 -0.000440407 -0.000483646 -0.000410401 -0.000461223 -0.00721311 -0.00735294 0.00555556 -0.000395471 0.00441176 -0.000448098 -0.00268714 0.000865801 0.0022549 -0.000704225 0.00888889 -0.00549828 -0.00525 -0.00443609 0.00507937 -0.000242787 -0.000177336 0.00347826 0.000245399 -0.00358491 -0.000348988 0.00923077 0.00347826
internal_weight=6602 6565 6518 6493 6450 6383 6330 60 67 53 6270 67 6203 520 230 203 141 62 290 79 265 62 5683 5638 252 162 105 5386 90 68
internal_count=6602 6565 6518 6493 6450 6383 6330 60 67 53 6270 67 6203 520 230 203 141 62 290 79 265 62 5683 5638 252 162 105 5386 90 68
is_linear=0
shrinkage=0.04


Tree=156
num_leaves=31
num_cat=0
split_feature=2 11 2 11 12 11 12 20 11 14 11 19 0 9 4 13 10 5 17 0 16 16 14 5 14 12 5 5 10 18
split_gain=1.45492 3.33548 2.0935 2.57956 5.67587 3.29131 3.62284 3.76565 3.38129 3.27002 3.16207 3.43295 2.75633 2.5435 4.4242 2.70152 2.53318 2.53297 2.9425 2.21467 2.14393 3.67203 3.59675 2.99767 3.02579 2.63256 2.61729 2.6866 2.5158 3.02772
threshold=5.9500000000000011 -10.549999999999999 3.9500000000000006 5.4500000000000011 71.500000000000014 11.050000000000002 68.500000000000014 -0.56174490092936669 19.250000000000004 116.50000000000001 -1.3499999999999999 1.0000000180025095e-35 5.2500000000000009 71.500000000000014 5.1500000000000012 5.3500000000000005 10.250000000000002 8.5500000000000025 0.78656609248549325 3.0500000000000003 412.50000000000006 572.50000000000011 180.50000000000003 12.65 173.50000000000003 68.500000000000014 6.0500000000000007 2.2500000000000004 5.9500000000000011 0.37940952255126048
decision_type=2 2 2 2 2 2 2 2 2 2 2 2 2 2 2 2 2 2 2 2 2 2 2 2 2 2 2 2 2 2
left_child=2 -2 20 4 12 9 7 8 -7 -5 11 -6 -4 15 -15 -9 19 -12 -19 -11 23 -22 -23 24 28 -25 27 -24 -1 -30
right_child=1 -3 3 5 10 6 -8 13 -10 16 17 -13 -14 14 -16 -17 -18 18 -20 -21 21 22 26 25 -26 -27 -28 -29 29 -31
leaf_value=-0.0021303802939444338 -0.038733348597429468 -0.0022840409468040689 0.067361108998860858 0.0054713915768451931 -0.039775073405665398 -0.076986113131318576 0.08863113293195049 0.0021920706036324946 0.00056910980586780016 0.001313905982312953 0.015486383717039197 0.018271905551988966 0.012557884654260861 -0.052724529461127573 0.010478224820848646 0.072636952412502231 0.0056178868911455739 -0.018067654936625113 0.061991783852911202 -0.034709155514194637 0.022288406581934268 -0.0053107014712965393 0.0007669539718495955 -0.0048342040869327361 -0.0064156230437069084 -0.061558367822666542 -0.0021009226795639969 0.025455287479097848 0.023127793339008117 -0.0025883989445054569
leaf_weight=390 30 3157 86 43 55 48 58 61 59 25 235 43 61 27 120 50 27 30 25 98 119 265 133 25 746 31 92 150 160 153
leaf_count=390 30 3157 86 43 55 48 58 61 59 25 235 43 61 27 120 50 27 30 25 98 119 265 133 25 746 31 92 150 160 153
internal_value=-0.000520975 -0.00113551 5.26932e-05 0.00144097 0.00347015 -0.000324149 0.00165094 0.000163934 -0.00611111 -0.00463918 0.00092545 -0.00525253 0.0101351 0.00277992 -0.000675676 0.00732143 -0.00741722 0.00302405 -0.00464286 -0.00983871 -0.000653422 0.00107895 -0.000124805 -0.00152722 -0.00117241 -0.0105263 0.00239362 0.00429577 0.000710227 0.0033758
internal_weight=6602 3187 3415 1151 535 616 423 365 107 193 388 98 147 258 147 111 150 290 55 123 2264 759 640 1505 1449 56 375 283 703 313
internal_count=6602 3187 3415 1151 535 616 423 365 107 193 388 98 147 258 147 111 150 290 55 123 2264 759 640 1505 1449 56 375 283 703 313
is_linear=0
shrinkage=0.04


Tree=157
num_leaves=31
num_cat=0
split_feature=7 13 17 17 14 16 6 8 10 0 3 11 10 16 10 4 10 6 3 7 9 4 9 9 5 7 9 0 9 12
split_gain=1.70452 2.04579 1.89505 1.98142 1.81443 4.19397 1.66508 2.03783 2.23999 1.6572 1.87927 1.40524 2.82226 2.76752 2.71443 2.5305 2.38636 1.87296 1.77825 2.47717 4.02028 2.53245 2.65598 2.3774 2.33858 2.15045 2.11658 2.07609 1.98519 2.34321
threshold=12.052083333333334 10.850000000000003 1.0000000180025095e-35 -0.98296291314453399 213.50000000000003 62.500000000000007 8.4250000000000007 13.550000000000002 3.4500000000000006 14.350000000000003 18.750000000000004 18.750000000000004 12.850000000000003 82.500000000000014 4.9500000000000011 4.1500000000000012 9.4500000000000011 4.6916666666666655 12.750000000000002 5.3104166666666677 89.500000000000014 7.1500000000000012 75.500000000000014 120.50000000000001 4.6500000000000012 4.1895833333333341 67.500000000000014 2.0500000000000003 103.50000000000001 36.500000000000007
decision_type=2 2 2 2 2 2 2 2 2 2 2 2 2 2 2 2 2 2 2 2 2 2 2 2 2 2 2 2 2 2
left_child=11 2 3 -2 -4 -6 -5 -8 9 -9 -11 -1 13 16 18 -14 -13 -18 19 20 -15 26 -23 27 25 -22 -21 -24 29 -28
right_child=1 -3 4 6 5 -7 7 8 -10 10 -12 12 15 14 -16 -17 17 -19 -20 21 24 22 23 -25 -26 -27 28 -29 -30 -31
leaf_value=-0.0010050800413479166 -0.013343610055533178 -0.0287863800765518 -0.011459448412103938 -0.016467419993707964 0.38822088104239105 -0.033025521371871314 0.011897179555122364 -0.032291287282104265 0.017751869115701202 0.067726528780017115 -0.041923032122063705 -0.032359202418584053 0.0024970824928560731 0.028348179931975252 0.06243851396493625 0.29879373495709965 0.0096678275975249587 -0.015174687070777111 0.041474936543798364 0.0014357562197329444 -0.00097592737447506296 -0.021970962108849558 -0.030495121335359112 -0.024910214557254024 -0.052303415100486542 0.060639131788105941 -0.077436996240070319 0.016126781329842858 -0.0033995419911873625 -0.032875995308885582
leaf_weight=4511 38 63 299 25 43 64 117 26 122 25 40 69 36 111 141 35 28 56 71 31 54 116 28 36 32 27 41 242 35 40
leaf_count=4511 38 63 299 25 43 64 117 26 122 25 40 69 36 111 141 35 28 56 71 31 54 116 28 36 32 27 41 242 35 40
internal_value=-0.000520975 -0.00217845 -0.001625 0.00035533 -0.00353808 0.000925926 0.00129213 0.00205438 -0.000280374 -0.005 -0.00151515 -0.00027173 0.000926829 0.000448663 0.00121272 0.00861111 -0.00454545 0 0.000369942 -0.000176322 0.00337778 -0.00157895 0 0.0019544 -0.00192982 0.00170732 -0.00608108 0.00324723 -0.00854701 -0.0119512
internal_weight=6602 862 799 393 406 107 355 330 213 91 65 5740 1229 1158 1005 71 153 84 864 793 224 569 422 306 113 81 147 270 116 81
internal_count=6602 862 799 393 406 107 355 330 213 91 65 5740 1229 1158 1005 71 153 84 864 793 224 569 422 306 113 81 147 270 116 81
is_linear=0
shrinkage=0.04


Tree=158
num_leaves=31
num_cat=0
split_feature=7 7 7 6 1 17 11 9 10 3 19 19 5 13 13 17 5 10 19 2 3 3 5 7 9 11 13 7 12 6
split_gain=1.61583 1.97851 1.45414 2.48075 2.68165 2.63215 2.55749 3.53528 2.49945 2.36455 2.07666 1.91369 2.70252 1.98192 1.85167 1.94586 2.35568 2.61249 1.73781 1.48923 2.13182 1.84861 1.97706 1.92723 1.83483 1.85362 1.95839 2.20942 3.80135 2.37123
threshold=51.650000000000006 37.677083333333336 12.052083333333334 16.791666666666671 18.350000000000005 -0.25881904510252113 27.350000000000005 80.500000000000014 6.4500000000000011 18.250000000000004 0.6078576107927941 -0.60785761079279388 12.65 2.6500000000000008 1.9500000000000002 -0.78656609248549292 11.050000000000002 10.15 0.6078576107927941 16.450000000000003 14.850000000000003 14.050000000000002 5.3500000000000005 10.225000000000001 124.50000000000001 16.150000000000002 1.5500000000000003 5.3104166666666677 39.500000000000007 3.2666666666666635
decision_type=2 2 2 2 2 2 2 2 2 2 2 2 2 2 2 2 2 2 2 2 2 2 2 2 2 2 2 2 2 2
left_child=1 2 19 5 -5 6 7 8 -4 11 14 12 -7 18 -6 -16 -17 -18 -13 21 -21 24 23 -23 25 -1 27 29 -29 -27
right_child=-2 -3 3 4 10 9 -8 -9 -10 -11 -12 13 -14 -15 15 16 17 -19 -20 20 -22 22 -24 -25 -26 26 -28 28 -30 -31
leaf_value=-0.0011317395181906064 -0.01886185735375406 0.2947226023850289 -0.018956924627817378 0.046306313598205688 -0.069821356868122422 -0.025244776489116171 -0.01541175267216909 0.016752208349547857 0.0062552368620948417 -0.04671371754214608 0.25225054354530341 -0.03586655306359187 0.089490546645853611 -0.031146127281493075 -0.15639005031316736 0.024105366612741506 0.070724407482842089 -0.075535738911681846 0.052755534759652251 0.0030725747766502656 -0.056521159800191734 0.11495907007064105 -0.00050240189743886885 0.0018271884467294264 -0.038671242903216094 -0.00079142654101385548 0.0040969896667348137 0.18408106397348689 -0.022943781117248926 -0.048721570536984088
leaf_weight=4019 39 26 52 69 31 30 46 85 26 25 40 27 49 143 27 40 35 43 29 40 41 37 69 28 32 33 1306 34 64 37
leaf_count=4019 39 26 52 69 31 30 46 85 26 25 40 27 49 143 27 40 35 43 29 40 41 37 69 28 32 33 1306 34 64 37
internal_value=-0.000484628 -0.00043571 -0.000480269 -0.0020802 0.000909091 -0.00374269 -0.000285714 0.00207317 -0.00405063 -0.00611842 -0.00129032 -0.00501792 0.00025 -0.0071 -0.00316384 -0.00123288 0.0010084 -0.00303797 -0.000701754 -0.000257795 -0.00560976 -0.000180212 0.00444444 0.00939394 -0.00029316 -0.000236622 0.000976271 -0.00307692 0.000808081 -0.0084507
internal_weight=6602 6563 6537 797 285 512 209 163 78 303 216 278 79 199 176 145 118 78 56 5740 81 5659 134 65 5525 5493 1474 168 98 70
internal_count=6602 6563 6537 797 285 512 209 163 78 303 216 278 79 199 176 145 118 78 56 5740 81 5659 134 65 5525 5493 1474 168 98 70
is_linear=0
shrinkage=0.04


Tree=159
num_leaves=31
num_cat=0
split_feature=7 13 17 6 9 14 9 17 8 2 16 7 0 3 9 20 16 4 14 19 11 4 5 14 5 20 11 4 6 14
split_gain=1.80567 2.43454 1.97552 2.23606 2.18839 2.68758 2.89691 2.11697 1.61313 2.62727 2.08104 1.85625 3.08241 1.52225 1.67957 2.17654 1.52313 1.52518 1.36862 2.45952 2.02925 1.72372 2.68649 1.70492 1.42604 1.41454 1.39769 2.59731 2.07442 3.90926
threshold=12.052083333333334 10.850000000000003 -1.0000000180025095e-35 16.791666666666671 46.500000000000007 213.50000000000003 66.500000000000014 -0.98296291314453399 13.550000000000002 9.2500000000000018 407.50000000000006 14.672916666666667 40.350000000000009 15.750000000000002 53.500000000000007 0.81174490092936691 37.500000000000007 12.65 32.500000000000007 0.6078576107927941 6.2500000000000009 6.8500000000000005 3.2500000000000004 62.500000000000007 1.4500000000000002 0.81174490092936691 16.150000000000002 14.050000000000002 2.1499999999999972 246.50000000000003
decision_type=2 2 2 2 2 2 2 2 2 2 2 2 2 2 2 2 2 2 2 2 2 2 2 2 2 2 2 2 2 2
left_child=18 2 7 13 -5 6 -6 -2 9 -9 11 -10 -13 14 -4 16 -16 -18 19 24 -21 22 -22 25 -1 -20 27 -25 29 -28
right_child=1 -3 3 4 5 -7 -8 8 10 -11 -12 12 -14 -15 15 -17 17 -19 23 20 21 -23 -24 26 -26 -27 28 -29 -30 -31
leaf_value=0.0081695205072360375 -0.010822322445864181 -0.026389079782229992 0.0056758613781644927 -0.052357109655160772 0.0094295236455482021 0.31271756249515714 -0.041615374654998906 -0.011782137183319672 -0.01569666550403542 0.013048994422532019 -0.014419656746915522 0.1106398390750077 -0.025867001142405321 -0.032608580155476831 0.04433854190228731 -0.043922368007010756 0.0068091561841107763 -0.016264262210279483 0.012134512209410505 -0.024190227582181298 0.039434347981129818 0.071485432065601914 -0.035159885874434665 -0.0012122918148538453 -0.018685142028025511 -0.026149537344046153 -0.031454724902720395 0.01419649463431906 0.0035907554109146388 0.012512331626816789
leaf_weight=31 38 63 40 26 60 40 49 28 34 99 89 49 26 37 40 42 35 67 184 28 25 33 27 3766 217 31 66 59 1242 31
leaf_count=31 38 63 40 26 60 40 49 28 34 99 89 49 26 37 40 42 35 67 184 28 25 33 27 3766 217 31 66 59 1242 31
internal_value=-0.000472512 -0.00217845 -0.001575 -0.00338673 0.000113636 0.002 -0.00127273 0.000604396 0.00165644 0.00515625 -0.000603015 0.00309091 0.00657895 -0.00572519 -0.00444444 -0.00605405 -0.00363636 -0.00621359 -0.00021599 -0.00259669 0.0022807 0.00534884 0.000754717 -5.57621e-05 -0.00481928 0.00342593 -0.000201355 -0.000590695 0.000910448 -0.00469388
internal_weight=6602 862 799 436 175 149 109 363 325 127 198 109 75 261 224 184 142 102 5740 361 113 85 52 5379 248 215 5164 3825 1339 97
internal_count=6602 862 799 436 175 149 109 363 325 127 198 109 75 261 224 184 142 102 5740 361 113 85 52 5379 248 215 5164 3825 1339 97
is_linear=0
shrinkage=0.04


Tree=160
num_leaves=31
num_cat=0
split_feature=7 17 9 8 16 0 2 11 11 15 5 20 5 4 4 9 11 10 9 4 7 5 7 5 2 10 11 11 0 1
split_gain=3.09809 2.03825 4.1362 3.49494 2.44227 2.31431 4.31867 2.24136 2.28057 2.86207 2.41861 2.8138 2.22466 1.99764 2.47931 2.07393 1.99594 3.97367 2.5405 1.88153 3.36642 2.54886 2.18863 2.10578 2.68042 2.29386 1.77671 2.3412 2.63832 1.74377
threshold=12.052083333333334 0.78656609248549325 80.500000000000014 16.850000000000005 32.500000000000007 5.3500000000000005 5.8500000000000005 23.850000000000005 -3.0499999999999994 1.0000000180025095e-35 9.2500000000000018 -0.22252093395631442 5.3500000000000005 7.0500000000000007 11.250000000000002 56.500000000000007 2.0500000000000003 9.8500000000000032 67.500000000000014 2.0500000000000003 6.1895833333333341 5.6500000000000012 2.0687500000000005 3.0500000000000003 6.1500000000000012 5.3500000000000005 8.3500000000000032 4.0500000000000007 4.8500000000000005 9.8500000000000032
decision_type=2 2 2 2 2 2 2 2 2 2 2 2 2 2 2 2 2 2 2 2 2 2 2 2 2 2 2 2 2 2
left_child=1 19 3 7 -5 -4 -7 8 10 13 11 -3 -11 15 -15 26 18 -18 -17 20 21 23 -21 -1 25 -25 27 28 -10 -28
right_child=-2 2 5 4 -6 6 -8 -9 9 12 -12 -13 -14 14 -16 16 17 -19 -20 22 -22 -23 -24 24 -26 -27 29 -29 -30 -31
leaf_value=-0.0078406679803858913 -0.00650209518198408 0.0044078190776864722 0.041844423008775139 -0.0095806987097050121 -0.054211821735589916 -0.022349881484749368 0.086700476481012964 0.038189035731625652 0.023218699535243845 0.00063296831334406893 0.11431353856904217 -0.012491616671210544 0.085610308115140782 0.038134652016667554 -0.0070519760629191635 -0.00020031107186529339 -0.0031982200714610444 0.032631134840836677 -0.045175249605907269 0.0099815172388776924 0.026223908631451492 -0.02081624412373289 -0.00028704723778725242 -0.0040732565187725457 -0.015528695972708758 0.018804642549766479 -0.055229486963135205 0.06404126191850662 -0.022927391005640525 -0.00081785400712472975
leaf_weight=274 872 30 65 33 33 51 61 33 25 54 27 41 60 98 42 82 184 100 40 51 35 160 3922 40 31 82 51 25 57 26
leaf_count=274 872 30 65 33 33 51 61 33 25 54 27 41 60 98 42 82 184 100 40 51 35 160 3922 40 31 82 51 25 57 26
internal_value=-0.000344002 -1.03199e-05 0.00144381 0.000479846 -0.00835821 0.00707865 0.00353982 0.00108607 0.000721103 4.73373e-05 0.00646465 0.0025 0.00591304 -0.000875513 0.00340426 -0.00189509 -0.00029484 0.00154386 -0.00455285 -0.000395997 -0.00243981 -0.00316327 -7.54907e-05 -0.00154206 0.00220779 0.00487805 -0.00540541 -0.00203704 -0.0053012 -0.01
internal_weight=6685 5813 1218 1041 66 177 112 975 942 844 98 71 114 730 140 590 406 284 122 4595 622 587 3973 427 153 122 184 107 82 77
internal_count=6685 5813 1218 1041 66 177 112 975 942 844 98 71 114 730 140 590 406 284 122 4595 622 587 3973 427 153 122 184 107 82 77
is_linear=0
shrinkage=0.04


Tree=161
num_leaves=31
num_cat=0
split_feature=7 4 4 13 9 11 14 14 9 2 2 13 16 10 9 1 7 20 7 20 12 11 7 9 13 9 17 1 12 11
split_gain=2.37387 1.59989 2.2742 2.13323 1.59393 1.52672 2.0532 3.74858 1.95957 1.93572 1.8257 1.57046 1.47496 2.51307 2.13608 2.57005 2.71492 2.43262 2.19787 1.83781 2.82153 2.39348 1.79126 3.41364 1.67362 1.55166 1.55074 2.52404 2.17132 2.7615
threshold=12.052083333333334 16.950000000000003 15.350000000000003 5.7500000000000009 118.50000000000001 27.350000000000005 187.50000000000003 172.50000000000003 100.50000000000001 13.450000000000001 8.1500000000000004 1.2500000000000002 1552.5000000000002 0.75000000000000011 115.50000000000001 5.3500000000000005 5.5604166666666677 -0.56174490092936669 6.1895833333333341 1.0000000180025095e-35 35.500000000000007 22.750000000000004 3.4354166666666672 93.500000000000014 13.550000000000002 98.500000000000014 0.78656609248549325 15.750000000000002 37.500000000000007 8.5500000000000025
decision_type=2 2 2 2 2 2 2 2 2 2 2 2 2 2 2 2 2 2 2 2 2 2 2 2 2 2 2 2 2 2
left_child=1 2 12 -4 5 6 7 11 -7 -10 -8 -2 13 19 15 16 17 25 -18 21 -21 -1 23 -19 -20 -14 -15 28 -28 -30
right_child=4 -3 3 -5 -6 8 10 -9 9 -11 -12 -13 14 26 -16 -17 18 22 24 20 -22 -23 -24 -25 -26 -27 27 -29 29 -31
leaf_value=-0.00092048328454511722 0.049131855500453979 -0.041731912740087494 0.015992284864881193 -0.00080319455349933124 0.27745677086985204 -0.02732685023397579 -0.018915055551421426 -0.025860176031770266 0.0060577850499042539 -0.023620333361154593 0.0068607372490530954 -0.0062418983957435257 -0.022062610834440603 -0.00092996704044043808 -0.023502928001226789 0.037124216433917855 -0.064814706509946945 0.024101537290574796 -0.025796136433552181 0.013738655258712207 -0.042701799108933083 -0.086875971195164756 0.033563196364427256 -0.0052917694816885328 0.05109690086673975 0.0018505899306506279 0.034961417951107306 -0.030220071506726214 0.0049612634497327246 -0.003960058939860147
leaf_weight=40 33 25 35 29 28 41 37 99 35 43 295 261 25 3892 33 141 36 26 69 43 29 46 58 25 27 25 97 47 730 335
leaf_count=40 33 25 35 29 28 41 37 99 35 43 295 261 25 3892 33 141 36 26 69 43 29 46 58 25 27 25 97 47 730 335
internal_value=-0.000391864 -9.97592e-05 -5.52772e-05 0.00738462 -0.00233677 -0.00265089 -0.00195592 -0.00390863 -0.00683333 -0.00303797 0.00036036 -0.00162712 -0.000139738 -0.000330798 0.00201717 0.00277136 0.000616438 0.004125 -0.00360902 -0.00528302 -0.000547945 -0.0091954 0.00745455 0.00192308 -0.000412371 -0.00313725 -0.000176401 0.00107438 0.00144454 0.000919325
internal_weight=6685 5813 5788 64 872 844 725 393 119 78 332 294 5724 5259 465 432 291 159 132 158 72 86 109 51 96 50 5101 1209 1162 1065
internal_count=6685 5813 5788 64 872 844 725 393 119 78 332 294 5724 5259 465 432 291 159 132 158 72 86 109 51 96 50 5101 1209 1162 1065
is_linear=0
shrinkage=0.04


Tree=162
num_leaves=31
num_cat=0
split_feature=5 14 19 19 14 5 13 13 12 6 19 11 6 6 9 10 5 6 10 17 11 7 16 19 5 9 7 19 10 12
split_gain=2.18135 3.79758 5.00158 3.59092 3.27729 2.11585 3.11829 1.9767 1.95711 2.33375 1.8656 1.96919 3.27227 1.46512 2.42318 3.62164 2.31031 2.29024 2.754 3.02576 3.78785 2.38308 2.43479 3.25912 2.82859 2.29787 2.23237 2.12016 1.96223 1.92799
threshold=13.950000000000001 186.50000000000003 1.0000000180025095e-35 0.87837969732492682 228.50000000000003 11.850000000000003 7.0500000000000007 2.7500000000000004 46.500000000000007 15.050000000000001 -0.8783796973249266 -0.34999999999999992 10.941666666666666 5.9499999999999984 45.500000000000007 10.65 1.1500000000000001 4.7166666666666659 10.750000000000002 0.91597561503675362 7.4500000000000011 9.5479166666666675 1572.5000000000002 -0.60785761079279388 1.5500000000000003 63.500000000000007 7.1875000000000009 0.6078576107927941 6.3500000000000005 89.500000000000014
decision_type=2 2 2 2 2 2 2 2 2 2 2 2 2 2 2 2 2 2 2 2 2 2 2 2 2 2 2 2 2 2
left_child=5 -2 4 -4 7 13 10 -3 -6 -10 -7 -12 -13 14 15 -1 -15 18 19 21 -21 22 -16 -24 -25 -20 -19 -28 -22 -18
right_child=1 2 3 -5 8 6 -8 -9 9 -11 11 12 -14 16 17 -17 29 26 25 20 28 -23 23 24 -26 -27 27 -29 -30 -31
leaf_value=0.0376017804942105 -0.010964340346240232 0.12328620948343424 0.19125087535936028 -0.0020052010870402624 -0.076777070014883791 0.10588262816262912 -0.010640281228790478 -0.016755131198745658 0.0058983584038882599 -0.066161800698245801 0.038180553773835231 -0.0061605012435047256 0.039179946265421497 0.066653880025522763 -0.0011216430871215622 -0.001517612611545065 -0.0017885697312455308 0.0019865218662728167 -0.024782269713752376 0.040545755929436107 0.0090858202144347908 -0.028469937644017156 0.021831200470541923 -0.020726962043610124 0.010974136711929762 -2.1586017191754793e-06 0.021768070767754076 -0.0063535440799176255 -0.020285812693480638 -0.013079146257330762
leaf_weight=55 452 28 66 39 56 44 78 35 46 25 33 105 85 29 1817 50 2138 539 134 108 25 38 53 41 129 100 79 27 34 197
leaf_count=55 452 28 66 39 56 44 78 35 46 25 33 105 85 29 1817 50 2138 539 134 108 25 38 53 41 129 100 79 27 34 197
internal_value=-0.000344002 -0.00237968 0.00114865 0.00811321 -0.00272251 -8.75568e-05 0.00294798 0.0046875 -0.00640625 -0.00194444 0.005 0.00348214 0.00188482 -0.000275295 0.000278638 0.00622642 -0.00103171 7.68e-05 -0.000475806 -4.45236e-05 0.00511905 -0.00046176 -0.000274375 0.00366071 0.000935673 -0.00459574 0.00219814 0.00747664 -0.003 -0.00117295
internal_weight=6685 747 295 105 190 5938 345 63 127 71 267 223 190 5593 3229 105 2364 3124 2479 2245 167 2078 2040 223 170 234 645 106 59 2335
internal_count=6685 747 295 105 190 5938 345 63 127 71 267 223 190 5593 3229 105 2364 3124 2479 2245 167 2078 2040 223 170 234 645 106 59 2335
is_linear=0
shrinkage=0.04


Tree=163
num_leaves=31
num_cat=0
split_feature=5 14 12 5 8 20 20 14 4 11 7 12 4 5 10 20 14 12 14 4 11 0 7 7 7 0 11 10 12 10
split_gain=2.32385 3.0762 2.4667 1.9124 2.56284 3.11666 2.70278 1.70009 1.68666 3.07845 2.02261 1.69276 1.5956 1.39132 2.61106 3.13272 1.67486 1.80497 1.57822 1.3702 1.34504 1.33003 2.16176 2.64964 3.63898 4.25284 3.17237 3.12001 3.02607 2.81729
threshold=13.950000000000001 186.50000000000003 30.500000000000004 20.850000000000005 16.650000000000002 1.0000000180025095e-35 1.0000000180025095e-35 201.50000000000003 12.050000000000002 20.150000000000002 10.852083333333335 66.500000000000014 6.4500000000000011 11.450000000000001 7.3500000000000005 -0.22252093395631442 180.50000000000003 80.500000000000014 188.50000000000003 8.8500000000000032 3.6500000000000008 2.8500000000000001 9.5479166666666675 3.3979166666666676 4.4645833333333345 1.4500000000000002 2.9500000000000006 8.9500000000000011 38.500000000000007 1.8500000000000003
decision_type=2 2 2 2 2 2 2 2 2 2 2 2 2 2 2 2 2 2 2 2 2 2 2 2 2 2 2 2 2 2
left_child=13 8 -3 4 5 7 -6 -4 9 10 11 -2 -12 21 15 -15 20 19 -17 -18 -16 22 23 27 25 -25 -26 -1 -28 -30
right_child=1 2 3 -5 6 -7 -8 -9 -10 -11 12 -13 -14 14 16 18 17 -19 -20 -21 -22 -23 -24 24 26 -27 28 -29 29 -31
leaf_value=2.0155011211073769e-05 -1.8788503582474193e-05 -0.024068868539248812 0.015432698835898435 0.15945686783663909 0.020263791206167666 0.064114105787922787 -0.063515328670315979 -0.046866557475582486 -0.018294270283705512 0.026816719864626179 0.017088037652595194 -0.022708239719410966 -0.008395983504297249 0.049078773353844696 0.0033437944259861753 -0.016716280849968151 0.0558722833357259 -0.013467721798234963 -0.00039087436407974962 -0.011040783589461808 0.055728040578197094 -0.0011024293981464694 -0.024893863452908178 -0.0096800813607595161 0.019276759658136147 0.045343286477933002 0.014754505419695542 -0.039371255440547398 -0.044205731512122204 -0.003857929643572078
leaf_weight=695 31 39 28 49 35 67 31 46 227 38 25 62 69 94 31 73 41 25 70 28 53 4141 26 52 62 176 107 36 41 187
leaf_count=695 31 39 28 49 35 67 31 46 227 38 25 62 69 94 31 73 41 25 70 28 53 4141 26 52 62 176 107 36 41 187
internal_value=-0.000332037 -0.00243316 0.000743243 0.00217899 0.000480769 0.00352113 -0.00597015 -0.00213333 -0.00450331 -0.0020354 -0.00414894 -0.00829787 0 -6.73514e-05 0.00216346 -0.000588235 0.00581006 0.00210526 -0.00430556 0.00542857 0.00988235 -0.000235337 0.000838756 0.00106116 0.00297125 0.0069869 0.000653266 -0.00057377 -0.000892857 -0.00349345
internal_weight=6685 747 295 256 207 141 66 74 452 225 187 93 94 5938 415 237 178 94 143 69 84 5523 1382 1356 625 228 397 731 335 228
internal_count=6685 747 295 256 207 141 66 74 452 225 187 93 94 5938 415 237 178 94 143 69 84 5523 1382 1356 625 228 397 731 335 228
is_linear=0
shrinkage=0.04


Tree=164
num_leaves=31
num_cat=0
split_feature=5 11 14 19 7 14 7 5 13 18 5 18 3 14 4 14 11 3 19 4 4 6 8 8 3 5 5 14 17 2
split_gain=2.69082 2.71931 2.05752 3.84331 4.61277 3.20286 2.53749 1.94744 1.88463 1.87959 1.7599 2.244 1.42981 3.66389 1.68393 1.67524 1.40282 3.2035 1.3297 1.29456 2.07338 2.60661 1.9488 3.1536 3.11323 1.49031 3.0993 1.36419 1.25569 2.61465
threshold=13.850000000000003 -1.6499999999999997 186.50000000000003 1.0000000180025095e-35 15.456250000000002 228.50000000000003 11.289583333333335 17.550000000000004 9.1500000000000004 1.0000000180025095e-35 12.450000000000001 0.60355339059327384 16.550000000000004 170.50000000000003 16.450000000000003 328.50000000000006 12.15 6.0500000000000007 -1.0000000180025095e-35 12.250000000000002 15.950000000000001 4.7833333333333323 8.5500000000000025 10.750000000000002 15.050000000000002 4.3500000000000005 6.7500000000000009 179.50000000000003 0.60355339059327384 15.15
decision_type=2 2 2 2 2 2 2 2 2 2 2 2 2 2 2 2 2 2 2 2 2 2 2 2 2 2 2 2 2 2
left_child=10 -2 -3 5 6 7 -5 -4 9 -7 12 16 19 14 18 -15 17 -12 -14 28 21 -21 -23 -24 27 -22 -27 -25 -1 -30
right_child=1 2 3 4 -6 8 -8 -9 -10 -11 11 -13 13 15 -16 -17 -18 -19 -20 20 25 22 23 24 -26 26 -28 -29 29 -31
leaf_value=-0.0011874172719117037 0.056819979856976184 -0.011027552507025789 -0.017367675992689798 0.0078574183166634989 0.70605119821365747 -0.069643606177501025 -0.03088093715441179 0.04332452322494184 -0.057090724194979785 0.00029950120055463717 -0.027057203239644424 -0.0069532165180542461 -0.045431520574152257 -0.05922360217748688 0.012986759754326199 -0.0016729848207414123 0.059090693029544429 0.020086207333211377 0.0076632290471299316 -0.015103594376002559 -0.018039195852626005 0.023761837631633611 -0.020932431693882175 0.0015406985571629051 -0.040887072435255904 0.016649073532973697 -0.0070333231414484131 0.15551531516103809 0.0015472609179160203 -0.034551326463782034
leaf_weight=3540 30 447 28 43 35 50 30 33 28 48 27 54 26 72 41 29 105 36 27 53 26 103 44 27 25 36 88 44 1479 31
leaf_count=3540 30 447 28 43 35 50 30 33 28 48 27 54 26 72 41 29 105 36 27 53 26 103 44 27 25 36 88 44 1479 31
internal_value=-0.000367933 -0.00258732 -0.00306864 -0.000472973 0.00550459 -0.00393617 -0.00027027 0.00354839 -0.00755906 -0.00484848 -7.77815e-05 0.00340807 -0.000214336 -0.00357143 0.00210526 -0.00882353 0.00568047 0.0009375 -0.00259259 -9.45971e-05 0.00196868 0.00390572 0.00565574 0.00255319 0.00659794 -0.0018543 0 0.0108333 -0.000277173 0.000688286
internal_weight=6685 772 742 295 108 187 73 61 126 98 5913 222 5691 195 94 101 168 63 53 5496 446 296 243 140 96 150 124 71 5050 1510
internal_count=6685 772 742 295 108 187 73 61 126 98 5913 222 5691 195 94 101 168 63 53 5496 446 296 243 140 96 150 124 71 5050 1510
is_linear=0
shrinkage=0.04


Tree=165
num_leaves=31
num_cat=0
split_feature=5 9 7 7 9 3 7 7 20 9 10 9 7 7 16 10 7 12 10 19 11 16 15 3 7 7 14 5 3 15
split_gain=1.49074 3.27394 2.23608 1.68513 1.50874 1.04989 2.31812 2.42489 2.36905 3.23331 2.36483 2.7836 3.77088 3.4801 3.55585 2.89373 2.86737 2.46928 3.11234 5.52611 2.95168 2.23839 2.06448 1.88171 2.60455 2.85647 1.77097 1.59113 1.55934 2.479
threshold=48.400000000000013 71.500000000000014 37.677083333333336 31.285416666666666 31.500000000000004 2.9500000000000006 5.5604166666666677 3.6270833333333341 1.0000000180025095e-35 77.500000000000014 12.950000000000001 70.500000000000014 3.2625000000000006 1.6270833333333334 2167.5000000000005 3.0500000000000003 3.3979166666666676 51.500000000000007 4.6500000000000012 -1.0000000180025095e-35 4.2500000000000009 32.500000000000007 0.15000000000000005 1.0500000000000003 2.0187500000000007 2.4770833333333337 202.50000000000003 1.8500000000000003 5.2500000000000009 0.15000000000000005
decision_type=2 2 2 2 2 2 2 2 2 2 2 2 2 2 2 2 2 2 2 2 2 2 2 2 2 2 2 2 2 2
left_child=2 -2 3 4 -1 6 7 10 9 -8 11 12 17 15 16 -13 23 -6 -19 27 21 -21 -9 -15 -25 -26 -10 -20 29 -7
right_child=1 -3 -4 -5 5 28 8 22 26 -11 -12 13 -14 14 -16 -17 -18 18 19 20 -22 -23 -24 24 25 -27 -28 -29 -30 -31
leaf_value=-0.013494542062692325 0.0061549373404263009 -0.035708355960013309 0.19989609491003266 -0.022627891191745315 0.06511216131218546 0.0013583519801011335 0.0055289231572979245 0.0021422730864565408 -0.050985352373026489 -0.025422665961435803 -0.020132951731141643 -0.0022706902311145781 -0.023225549634666748 0.001717198496290795 0.034707005786930659 0.094901539190757028 0.0081542796246852674 -0.0052006490792267362 0.0014250643372421745 -0.015951351016188796 -0.029570117754669934 0.012519541983184919 0.11281584968193845 -0.019339490242919269 -0.00061005422921147636 -0.018797661287972164 -0.041334111490138881 0.064520838316628193 -0.00066303725919464546 0.023160161445999031
leaf_weight=30 25 30 33 49 29 1366 85 375 50 51 68 50 50 52 25 33 34 65 27 42 40 76 28 67 94 161 27 63 3453 118
leaf_count=30 25 30 33 49 29 1366 85 375 50 51 68 50 50 52 25 33 34 65 27 42 40 76 28 67 94 161 27 63 3453 118
internal_value=-0.000286696 -0.00678571 -0.000231858 -0.000284461 -0.000228659 -0.00018683 -0.00107972 -0.000478261 -0.00495327 -0.00175182 -0.00155578 -0.0010121 0.00152672 -0.00294004 -0.00437788 0.00452381 -0.00528117 0.00303207 0.00197452 0.00401606 -0.000503145 0.00268908 0.00212871 -0.00629333 -0.00743034 -0.00554687 -0.0105128 0.0118681 0.000101256 0.00118519
internal_weight=6696 55 6641 6608 6559 6529 1592 1379 213 136 976 908 392 516 433 83 408 342 313 248 158 118 403 374 322 255 77 90 4937 1484
internal_count=6696 55 6641 6608 6559 6529 1592 1379 213 136 976 908 392 516 433 83 408 342 313 248 158 118 403 374 322 255 77 90 4937 1484
is_linear=0
shrinkage=0.04


Tree=166
num_leaves=31
num_cat=0
split_feature=5 9 7 7 9 3 1 16 16 14 6 5 14 11 19 17 8 8 1 2 12 5 5 9 14 18 2 14 8 2
split_gain=1.41836 2.79244 1.65606 1.69213 1.25799 0.962497 2.76836 2.38379 2.40823 2.38906 2.19032 2.06632 1.64697 2.38272 1.60819 3.72096 1.89057 1.5131 1.54202 2.26077 1.41802 2.99768 2.86701 5.37141 2.52312 3.62512 2.66199 2.6493 2.54417 2.48203
threshold=49.100000000000009 74.500000000000014 37.677083333333336 31.285416666666666 31.500000000000004 2.9500000000000006 2.5500000000000003 112.50000000000001 187.50000000000003 188.50000000000003 2.2499999999999964 5.3500000000000005 216.50000000000003 16.950000000000003 0.87837969732492682 1.0000000180025095e-35 1.4500000000000002 11.050000000000002 6.2500000000000009 3.7500000000000004 78.500000000000014 1.9500000000000002 3.0500000000000003 53.500000000000007 190.50000000000003 0.91597561503675351 6.2500000000000009 104.50000000000001 10.350000000000003 2.3500000000000001
decision_type=2 2 2 2 2 2 2 2 2 2 2 2 2 2 2 2 2 2 2 2 2 2 2 2 2 2 2 2 2 2
left_child=2 -2 3 4 -1 6 10 9 -9 -8 14 -12 13 -11 -6 16 -16 18 19 -10 22 -22 23 -7 27 26 -26 -25 -28 -24
right_child=1 -3 -4 -5 5 20 7 8 17 12 11 -13 -14 -15 15 -17 -18 -19 -20 -21 21 -23 29 24 25 -27 28 -29 -30 -31
leaf_value=-0.012115652228557537 0.0027866454461862133 -0.0729238906437044 0.1164567195377937 -0.021722775544075503 0.00084039816273545403 0.09413343311019802 0.0020143357265773789 -0.024512608518324229 -0.001326048113405669 -0.0089022562224041132 0.0077015480128263293 0.076330025559962031 0.00045863489017492046 -0.09349241654334943 -0.032601756200869712 0.011947460175149338 -0.0094230797410585418 -0.073743167352086414 0.012687359976422528 -0.031519006784122131 -0.016297432336840351 -0.00046524704645413808 0.011762002426767833 0.0056884122964104746 0.034552767677733874 -0.0094969069695824623 -0.057577579070009002 -0.012009935602709732 0.072084886371693815 -0.00055635932348181434
leaf_weight=31 27 25 35 49 501 45 330 73 147 117 81 28 78 25 27 37 47 27 25 49 137 1433 122 202 147 46 38 175 25 2567
leaf_count=31 27 25 35 49 501 45 330 73 147 117 81 28 78 25 27 37 47 27 25 49 137 1433 122 202 147 46 38 175 25 2567
internal_value=-0.00027475 -0.00679245 -0.000222724 -0.000269289 -0.000213382 -0.000174579 -0.0010295 -0.00254587 -0.0052795 -0.000943739 0.000803324 0.006 -0.0041629 -0.00671329 -0.000130506 -0.00446429 -0.0096 -0.00337349 -0.00225225 -0.00345178 0.000101256 -0.000891152 0.000564133 0.0028866 0.00192429 0.00498054 0.00720379 -0.00015873 0.0003125 -2.23048e-05
internal_weight=6696 52 6644 6609 6560 6529 1592 871 321 550 721 109 220 142 612 111 74 248 221 196 4937 1570 3367 678 633 256 210 377 63 2689
internal_count=6696 52 6644 6609 6560 6529 1592 871 321 550 721 109 220 142 612 111 74 248 221 196 4937 1570 3367 678 633 256 210 377 63 2689
is_linear=0
shrinkage=0.04


Tree=167
num_leaves=31
num_cat=0
split_feature=4 16 19 11 18 9 12 14 0 19 12 3 5 2 3 2 12 10 7 9 11 9 19 2 19 2 6 3 3 14
split_gain=2.033 0.922373 2.01213 1.22205 2.38535 1.72545 1.63715 2.18534 2.65169 2.59833 2.56606 2.56126 2.51849 2.51336 2.06248 3.20143 2.00943 3.61578 1.96223 1.70054 1.30857 1.40676 1.23811 3.6027 4.24935 2.72059 2.70134 1.62107 1.34046 1.21706
threshold=52.400000000000006 2822.5000000000005 1.0000000180025095e-35 23.050000000000004 -0.12940952255126037 70.500000000000014 43.500000000000007 287.50000000000006 10.550000000000002 1.0000000180025095e-35 19.500000000000004 7.6500000000000012 3.0500000000000003 7.3500000000000005 13.250000000000002 7.7500000000000009 35.500000000000007 1.5500000000000003 7.9145833333333346 82.500000000000014 29.050000000000004 97.500000000000014 1.0000000180025095e-35 3.7500000000000004 0.87837969732492682 5.6500000000000012 3.6333333333333324 6.6500000000000012 6.8500000000000005 165.50000000000003
decision_type=2 2 2 2 2 2 2 2 2 2 2 2 2 2 2 2 2 2 2 2 2 2 2 2 2 2 2 2 2 2
left_child=1 3 -3 -1 5 -5 7 8 14 12 -11 -10 -9 -14 15 22 17 -13 -12 -8 21 -17 26 24 -24 27 -6 -25 -28 -16
right_child=-2 2 -4 4 6 -7 19 9 11 10 18 16 13 -15 29 20 -18 -19 -20 -21 -22 -23 23 25 -26 -27 28 -29 -30 -31
leaf_value=-0.0006702299897504816 -0.013595115562193314 -0.019225866686163117 0.009639507420836288 -0.0079046980735647497 0.00065722269594420629 0.1253649070224625 -0.00079073175172496236 0.0072118394575745627 -0.12601969036188429 0.13021815921370131 -0.067165700953763632 -0.033078049447281689 -0.076745547094189223 -0.015908369432898653 0.035357020631392726 -0.029670485729432771 -0.041541979797699614 0.29685217110662526 0.058502059231677207 0.073587377092136072 -0.045759945781887412 0.014664747402737462 -0.0017074633660944727 -0.04409896848817027 0.086759055232092028 0.024011385602988912 0.15444901132857949 -0.0016580505862187423 0.029401973454589978 0.0074756960366939755
leaf_weight=5633 41 37 34 28 70 71 25 27 25 29 34 52 45 53 26 29 34 48 25 31 27 25 40 27 33 32 32 25 33 25
leaf_count=5633 41 37 34 28 70 71 25 27 25 29 34 52 45 53 26 29 34 48 25 31 27 25 40 27 33 32 32 25 33 25
internal_value=-0.00027475 -0.000219351 -0.00472222 -0.000170084 0.00115546 0.007 0.000468933 0 0.00126712 -0.00345794 0.00179775 -0.003125 -0.00714286 -0.010101 0.00291765 0.00187166 -0.000888889 0.0019802 -0.003 0.00701754 -0.00512195 -0.00145455 0.00382253 0.00139241 0.00783784 -0.00423529 0.00661765 -0.00981132 0.0124242 0.0103846
internal_weight=6696 6655 71 6584 951 99 852 796 583 213 88 159 125 98 424 373 134 100 59 56 81 54 292 157 73 84 135 52 65 51
internal_count=6696 6655 71 6584 951 99 852 796 583 213 88 159 125 98 424 373 134 100 59 56 81 54 292 157 73 84 135 52 65 51
is_linear=0
shrinkage=0.04


Tree=168
num_leaves=31
num_cat=0
split_feature=4 3 1 16 14 16 13 3 15 16 2 12 11 19 11 11 17 3 19 6 14 6 9 13 3 19 4 13 9 10
split_gain=2.02194 0.971304 2.66193 2.30435 2.55273 2.40823 2.27185 1.75796 2.48014 1.9911 2.38437 1.75026 2.99556 3.6889 3.68099 3.91539 2.75896 2.57799 2.3218 2.24978 2.04579 1.70148 2.14499 3.22171 2.02902 1.60819 3.11281 1.58468 1.99306 3.90139
threshold=52.400000000000006 2.9500000000000006 2.5500000000000003 112.50000000000001 188.50000000000003 187.50000000000003 1.6500000000000001 5.2500000000000009 0.15000000000000005 352.50000000000006 3.3500000000000001 74.500000000000014 1.8500000000000003 1.0000000180025095e-35 5.4500000000000011 12.15 0.25881904510252091 3.8500000000000001 -0.8783796973249266 4.7583333333333337 206.50000000000003 2.2499999999999964 64.500000000000014 6.6500000000000012 2.4500000000000006 0.87837969732492682 1.1500000000000001 4.9500000000000011 69.500000000000014 10.15
decision_type=2 2 2 2 2 2 2 2 2 2 2 2 2 2 2 2 2 2 2 2 2 2 2 2 2 2 2 2 2 2
left_child=1 2 21 4 27 -5 -6 8 11 10 -10 18 13 -13 -14 16 17 -16 19 -3 -15 25 -23 24 -24 -1 -27 28 29 -4
right_child=-2 7 3 5 6 -7 -8 -9 9 -11 -12 12 14 20 15 -17 -18 -19 -20 -21 -22 22 23 -25 -26 26 -28 -29 -30 -31
leaf_value=0.00083359143581603241 -0.013051310939705588 0.0031549011745377878 0.039667230611795022 -0.023505294978001245 0.00086160968250702295 -0.011884474437581298 -0.018450012795161081 -0.0010356157071576533 -0.014818648649389267 0.073205978081475748 0.022280996315147857 -0.026168470556566747 0.036939152549570128 0.0033139679572709115 -0.023886759757001094 0.019009854672387635 -0.051770053734211889 0.018714312991991628 0.0017825145289474876 0.12035031074156401 -0.019405261694923084 0.083894609649266719 0.029465230211708687 0.035341583366247924 -0.02713696751827805 0.016324410596935159 -0.014886721257750021 0.035138449420463791 -0.022007340526407741 -0.0091871449838625812
leaf_weight=501 41 66 78 73 87 248 133 3577 32 26 60 140 179 104 28 30 35 35 683 37 31 30 25 28 26 28 83 52 88 112
leaf_count=501 41 66 78 73 87 248 133 3577 32 26 60 140 179 104 28 30 35 35 683 37 31 30 25 28 26 28 83 52 88 112
internal_value=-0.000298641 -0.000243389 -0.00110483 -0.00259174 -0.00101633 -0.0052795 -0.00434389 2.76461e-05 0.00118359 0.00672269 0.00387097 0.000701242 -0.000960549 -0.00398551 0.00175325 -0.00341085 -0.00727273 -0.0021875 0.00193139 0.0075 0.000735294 0.000692521 0.00527273 0.00175 -0.00423077 -0.000130506 -0.00446429 0.00120846 0 0.00230366
internal_weight=6696 6655 1592 871 550 321 220 5063 1486 118 92 1368 582 275 307 128 98 63 786 103 135 721 109 79 51 612 111 330 278 190
internal_count=6696 6655 1592 871 550 321 220 5063 1486 118 92 1368 582 275 307 128 98 63 786 103 135 721 109 79 51 612 111 330 278 190
is_linear=0
shrinkage=0.04


Tree=169
num_leaves=31
num_cat=0
split_feature=4 3 7 20 9 9 9 7 9 3 9 8 19 4 12 2 13 20 11 14 6 11 14 18 13 7 20 0 12 11
split_gain=2.00815 1.13653 2.39208 2.65518 3.23331 2.14686 2.85864 2.32012 2.33264 4.1355 3.95269 2.55769 4.19434 4.06723 3.15969 2.39134 3.24174 2.79089 2.29303 2.17789 2.09422 2.86245 2.5554 2.34128 2.33521 2.20703 2.08263 2.07815 1.69632 2.98262
threshold=52.400000000000006 2.9500000000000006 5.5604166666666677 1.0000000180025095e-35 77.500000000000014 46.500000000000007 52.500000000000007 3.3979166666666676 70.500000000000014 1.2500000000000002 77.500000000000014 1.4500000000000002 -1.0000000180025095e-35 2.2500000000000004 85.500000000000014 1.6500000000000001 8.2500000000000018 1.0000000180025095e-35 6.9500000000000011 198.50000000000003 2.3666666666666658 8.3500000000000032 187.50000000000003 0.1294095225512602 3.0500000000000003 4.4645833333333345 -0.22252093395631442 2.1500000000000008 65.500000000000014 4.4500000000000011
decision_type=2 2 2 2 2 2 2 2 2 2 2 2 2 2 2 2 2 2 2 2 2 2 2 2 2 2 2 2 2 2
left_child=1 2 5 4 -4 -1 -7 8 11 10 -10 -8 13 -13 28 17 -17 19 -12 -11 21 27 23 -22 -24 -25 -27 -9 -14 -30
right_child=-2 -3 3 -5 -6 6 7 20 9 15 18 12 14 -15 -16 16 -18 -19 -20 -21 22 -23 24 25 -26 26 -28 -29 29 -31
leaf_value=0.028879633039831615 -0.012529258502117387 1.4832879844579595e-05 0.0038484640247143887 -0.040948895155133197 -0.023825182872833927 -0.03617867734688858 -0.015786892388481598 0.0040747797179693989 -0.010970136723639286 -0.0045575198630468704 0.04934857582025174 0.044771723476829416 0.035910983739210776 -0.00052216019561138974 -0.021687410205083139 -0.020164351797988065 -0.00032840156630179254 0.01264428279226733 0.0079971903633197002 -0.02435059397298189 -0.01503307576272059 -0.0034697545824764475 0.049469668961189157 0.029027952134322882 -0.03204632569434377 -0.02149800599572094 0.016084900354558122 0.06263281105626739 0.0025868924085892075 -0.027907787616887971
leaf_weight=44 41 5063 85 77 51 58 35 55 45 45 31 69 35 52 34 173 58 41 64 26 28 33 47 66 82 25 38 47 106 42
leaf_count=44 41 5063 85 77 51 58 35 55 45 45 31 69 35 52 34 173 58 41 64 26 28 33 47 66 82 25 38 47 106 42
internal_value=-0.000328505 -0.000273438 -0.00120527 -0.00514019 -0.00175182 -0.000594203 -0.000883234 -0.000485133 -0.00168028 -0.0035124 0.0022695 0.000695187 0.00176991 0.00770492 -0.00155963 -0.00587209 -0.00818966 -0.00106195 0.006875 -0.00583333 0.00194313 0.00602941 0 0.00341772 -0.00415385 0.00569231 0.0003125 0.00932039 0.000543478 -0.00134228
internal_weight=6696 6655 1592 213 136 1379 1335 1277 856 483 140 373 338 121 217 343 231 112 95 71 421 135 286 157 129 129 63 102 183 148
internal_count=6696 6655 1592 213 136 1379 1335 1277 856 483 140 373 338 121 217 343 231 112 95 71 421 135 286 157 129 129 63 102 183 148
is_linear=0
shrinkage=0.04


Tree=170
num_leaves=31
num_cat=0
split_feature=7 14 16 9 17 2 1 9 12 3 8 10 16 16 17 0 16 9 19 3 12 7 20 16 0 6 1 20 12 9
split_gain=1.63199 1.69112 3.54854 1.7389 1.6598 2.57104 2.34521 1.65985 2.21536 1.60706 2.05025 1.93524 2.64438 3.34921 2.2954 2.03086 2.86994 2.64163 1.9542 1.88796 1.80337 1.63314 1.58642 1.86059 1.56321 1.55525 1.92327 1.95182 1.88371 3.60429
threshold=12.052083333333334 203.50000000000003 57.500000000000007 40.500000000000007 -0.37940952255126065 18.050000000000004 23.250000000000004 66.500000000000014 66.500000000000014 10.950000000000001 17.050000000000004 14.750000000000002 97.500000000000014 302.50000000000006 -1.0000000180025095e-35 7.9500000000000011 777.50000000000011 90.500000000000014 1.0000000180025095e-35 10.15 72.500000000000014 10.427083333333336 -0.56174490092936669 452.50000000000006 13.850000000000003 8.9583333333333339 18.350000000000005 -0.22252093395631442 60.500000000000007 80.500000000000014
decision_type=2 2 2 2 2 2 2 2 2 2 2 2 2 2 2 2 2 2 2 2 2 2 2 2 2 2 2 2 2 2
left_child=9 3 -3 -2 6 -6 22 8 -7 19 11 12 14 -14 18 17 -17 -15 -11 -1 21 -12 -5 24 -24 -4 28 -28 29 -27
right_child=1 2 25 4 5 7 -8 -9 -10 10 20 -13 13 15 -16 16 -18 -19 -20 -21 -22 -23 23 -25 -26 26 27 -29 -30 -31
leaf_value=-0.00014837431457081606 0.0058870682784809428 0.080360518525698019 -0.01464844574381988 -0.0251662409893369 -0.02064009092163932 0.048036656671916804 -0.040177330216025813 -0.032193214697272342 -0.016893333733126993 0.030815074195020973 -0.12257335735468672 -0.0035876548835053691 -0.0091220244368791017 0.031064477076160078 0.062488720896402034 0.0030179711820839251 0.083265611541879003 -0.059957038955796786 -0.0098100263951639375 -0.017578402898915629 0.0043757511482051823 -0.006374558501331222 0.097162004865481363 -0.00070191171870412458 0.014308956546268528 -0.10553894954634047 0.016377704856102186 -0.082117612379943555 0.045504399584227716 0.017280367065156385
leaf_weight=5057 25 79 30 25 227 27 48 47 43 37 26 28 73 48 66 70 63 53 27 176 41 35 26 62 25 39 31 32 33 81
leaf_count=5057 25 79 30 25 227 27 48 47 43 37 26 28 73 48 66 70 63 53 27 176 41 35 26 62 25 39 31 32 33 81
internal_value=-0.000257446 -0.00186152 0.000429448 -0.00320144 -0.00369115 -0.00533333 -0.000641711 -0.000508475 0.00338028 -1.37907e-05 0.00200704 0.00313305 0.00378995 0.00175325 0.00854962 0.00408511 0.00731343 -0.000196078 0.00307692 -0.000233091 -0.0031068 -0.00741935 0.00201439 0.00403509 0.00961538 -0.00194332 -0.000737327 -0.0065625 0.00168831 -0.000661157
internal_weight=6680 880 325 555 530 344 186 117 70 5800 567 465 437 307 130 234 133 101 64 5233 102 61 138 113 51 246 216 63 153 120
internal_count=6680 880 325 555 530 344 186 117 70 5800 567 465 437 307 130 234 133 101 64 5233 102 61 138 113 51 246 216 63 153 120
is_linear=0
shrinkage=0.04


Tree=171
num_leaves=31
num_cat=0
split_feature=4 14 5 4 8 12 1 16 17 11 9 0 14 12 2 14 12 10 5 9 2 2 5 11 12 12 9 4 20 12
split_gain=1.34525 1.04986 1.67114 1.02122 1.51436 1.88676 1.78552 1.81889 1.74718 1.59991 1.67021 2.74357 1.66614 2.0723 2.10581 1.82368 1.58029 1.5717 1.07275 1.45908 1.48311 1.93889 4.26875 4.82562 3.87847 3.17907 3.03061 2.88281 1.88538 4.44194
threshold=50.45000000000001 358.50000000000006 4.6500000000000012 39.250000000000007 18.350000000000005 29.500000000000004 15.950000000000001 122.50000000000001 -0.70710678118654735 24.850000000000005 81.500000000000014 18.050000000000004 134.50000000000003 67.500000000000014 17.650000000000002 184.50000000000003 59.500000000000007 13.750000000000002 26.100000000000005 34.500000000000007 10.950000000000001 9.3500000000000032 7.3500000000000005 15.750000000000002 51.500000000000007 64.500000000000014 74.500000000000014 8.8500000000000032 0.81174490092936691 57.500000000000007
decision_type=2 2 2 2 2 2 2 2 2 2 2 2 2 2 2 2 2 2 2 2 2 2 2 2 2 2 2 2 2 2
left_child=1 3 -3 4 6 -6 18 -8 -9 10 11 16 -13 17 -15 -16 -7 -14 19 -1 21 -21 25 26 27 -23 -24 -25 -22 -30
right_child=-2 2 -4 -5 5 9 7 8 -10 -11 -12 12 13 14 15 -17 -18 -19 -20 20 28 22 23 24 -26 -27 -28 -29 29 -31
leaf_value=-0.0080836473651570637 -0.02856274230786468 0.001690066423100376 -0.036903396272305607 0.036252915055327434 0.29825129040761994 -0.080974024715406545 0.04238004753017776 0.034896617491083359 -0.012390609008918219 -0.11516538112286533 0.042826153139096913 -0.045303430891656976 0.073242470424957171 0.01548521492240937 -0.0067736576964444219 -0.079217849229038934 -0.024449228477419691 -0.0066770220509891941 -0.011481193132629955 -6.6470038198964695e-05 0.0086198148014020506 -0.0026308944022833459 0.031443924220557647 0.09192850290803492 -0.03521269615348558 -0.033258753053251711 -0.01687566829543119 -0.015437675773155846 -0.033474542942055943 0.012487484724893428
leaf_weight=42 49 35 28 43 35 28 37 33 35 25 46 35 44 26 44 31 42 31 37 4840 555 83 92 31 38 114 33 49 55 64
leaf_count=42 49 35 28 43 35 28 37 33 35 25 46 35 44 26 44 31 42 31 37 4840 555 83 92 31 38 114 33 49 55 64
internal_value=-0.000263434 -0.000214113 -0.0053125 -0.000164409 -0.000205333 -0.00262887 -5.21258e-05 0.00509434 0.00115942 -0.00351275 -0.0027439 -0.00390071 -0.00160377 0 -0.00372549 -0.00710526 -0.0107042 0.005 -0.000142526 -0.00010005 -4.70193e-05 -0.000272676 -0.00281179 0.000737705 -0.00504202 -0.00717172 0.00619048 0 0.00171852 -0.00283333
internal_weight=6680 6631 63 6568 6525 387 6138 105 68 352 327 281 211 176 101 75 70 75 6033 5996 5954 5280 440 243 118 197 125 80 674 119
internal_count=6680 6631 63 6568 6525 387 6138 105 68 352 327 281 211 176 101 75 70 75 6033 5996 5954 5280 440 243 118 197 125 80 674 119
is_linear=0
shrinkage=0.04


Tree=172
num_leaves=31
num_cat=0
split_feature=7 2 14 16 5 8 8 12 17 9 7 5 12 9 12 9 3 1 10 6 1 20 19 17 10 4 3 5 12 1
split_gain=1.3444 2.36824 2.30816 2.76229 2.98267 2.07713 1.96244 1.71866 1.56799 3.98964 2.28437 1.76183 1.42212 1.98189 1.33839 1.30632 1.23791 2.48143 1.83075 1.92246 3.63307 2.32253 3.07591 1.96105 1.77589 1.85883 1.67696 1.72577 1.47037 1.40358
threshold=12.052083333333334 7.5500000000000007 203.50000000000003 57.500000000000007 12.65 19.650000000000002 22.150000000000002 33.500000000000007 0.60355339059327384 54.500000000000007 12.339583333333335 9.5500000000000025 85.500000000000014 75.500000000000014 47.500000000000007 52.500000000000007 10.950000000000001 5.2500000000000009 15.550000000000002 15.65 12.250000000000002 1.0000000180025095e-35 0.6078576107927941 0.37940952255126054 0.95000000000000007 8.5500000000000025 10.15 9.0500000000000025 57.500000000000007 8.5500000000000025
decision_type=2 2 2 2 2 2 2 2 2 2 2 2 2 2 2 2 2 2 2 2 2 2 2 2 2 2 2 2 2 2
left_child=16 14 8 4 -4 7 -7 -5 10 -10 -3 -12 13 15 -2 -13 26 -18 19 20 21 24 28 -21 -19 -26 -1 -28 -23 -27
right_child=1 2 3 5 -6 6 -8 -9 9 -11 11 12 -14 -15 -16 -17 17 18 -20 23 -22 22 -24 -25 25 29 27 -29 -30 -31
leaf_value=-0.00018333373884310333 -0.023651016457062638 -0.022601968740966136 -0.0033851874055069687 -0.016970872191251107 0.40795903763438118 -0.084708813994257004 -0.0013875269828557181 0.016388099789251084 0.0106480386378011 -0.025413921660293826 0.0035482103054247818 -0.007139053515154945 -0.027445116412575077 -0.01433861962872081 -0.012612581661280707 0.043453887943740423 0.014589496334338882 0.02982455679464165 -0.0042911180368941614 0.0004614889788343568 0.047230568391287531 -0.039584257148734904 0.12269296266366922 -0.026245991755877524 0.0018945353291689494 -0.0045873284427452353 -0.034563958233704853 0.0024197309469706951 0.028238586869289685 -0.051319050831030291
leaf_weight=5057 36 30 27 32 46 32 38 122 27 136 71 36 37 122 30 58 58 50 48 46 114 33 27 28 44 36 121 55 33 50
leaf_count=5057 36 30 27 32 46 32 38 122 27 136 71 36 37 122 30 58 58 50 48 46 114 33 27 28 44 36 121 55 33 50
internal_value=-0.000269421 -0.00172531 -0.00112883 0.00167785 0.00837838 -0.000533333 -0.00619718 0.00206452 -0.00274131 -0.00597561 -0.00123944 -0.000246154 -0.00181102 -0.000552995 -0.00895522 0.00378947 -4.82675e-05 0.00172535 0.000823529 0.00160173 0.00273196 0.000218978 0.00531915 -0.00426667 -0.00243094 -0.0048855 -0.000240734 -0.0040678 0.000597015 -0.00827586
internal_weight=6680 880 814 297 73 224 70 154 517 163 354 324 253 216 66 94 5800 567 509 461 387 273 93 74 180 130 5233 176 66 86
internal_count=6680 880 814 297 73 224 70 154 517 163 354 324 253 216 66 94 5800 567 509 461 387 273 93 74 180 130 5233 176 66 86
is_linear=0
shrinkage=0.04


Tree=173
num_leaves=31
num_cat=0
split_feature=4 14 5 20 1 5 5 0 3 7 7 0 10 14 16 4 14 13 9 6 0 5 3 14 1 12 6 14 10 7
split_gain=1.68088 1.3119 1.38989 1.10811 2.54762 6.156 2.94093 3.33322 2.85545 2.70892 3.46468 3.36867 3.30155 3.08963 3.17949 2.99135 2.67798 3.20022 2.93393 5.28402 4.03416 3.31783 2.72115 2.51507 2.49533 2.82838 3.02142 2.47543 2.65908 2.29925
threshold=50.45000000000001 358.50000000000006 4.6500000000000012 1.0000000180025095e-35 2.4500000000000006 5.3500000000000005 19.750000000000004 15.450000000000001 22.150000000000002 6.1479166666666671 12.952083333333336 10.950000000000001 16.750000000000004 184.50000000000003 97.500000000000014 8.6500000000000004 183.50000000000003 5.8500000000000005 73.500000000000014 4.8749999999999991 5.0500000000000007 4.3500000000000005 5.0500000000000007 165.50000000000003 22.250000000000004 61.500000000000007 17.483333333333338 161.50000000000003 7.2500000000000009 9.1104166666666675
decision_type=2 2 2 2 2 2 2 2 2 2 2 2 2 2 2 2 2 2 2 2 2 2 2 2 2 2 2 2 2 2
left_child=1 3 -3 -1 5 -5 7 9 24 11 12 16 13 14 27 -16 17 18 20 -20 -6 22 -22 -23 25 -9 -27 28 -11 -17
right_child=-2 2 -4 4 6 -7 -8 8 -10 10 -12 -13 -14 -15 15 29 -18 -19 19 -21 21 23 -24 -25 -26 26 -28 -29 -30 -31
leaf_value=0.00030099416302373786 -0.027134670474943903 -0.00026675896947516266 -0.034732314581962423 0.009801204311257453 0.018573148973129214 -0.010401080319982263 0.010222117092289054 -0.050541278091648378 0.010890844906625306 -0.0049088679720249396 -0.013283525730063186 0.16174646888827141 -0.0048405436299727711 0.014836335535774037 -0.024056734594553202 0.0093658626474064019 -0.018440975449490606 0.014021978781100302 -0.03011698111364778 0.0062619408880126319 -0.0091492561639695859 -0.01001693624735518 -0.046957787200162686 0.012006593613559531 0.0050528343820292676 0.00038586567812664896 -0.057610768423649594 -0.00062304613155243164 0.04672468175742811 -0.0026146672123894279
leaf_weight=3766 49 35 28 344 128 147 125 68 28 39 141 25 50 312 96 68 418 92 89 48 30 48 44 34 35 57 37 108 86 105
leaf_count=3766 49 35 28 344 128 147 125 68 28 39 141 25 50 312 96 68 418 92 89 48 30 48 44 34 35 57 37 108 86 105
internal_value=-0.000293369 -0.000238239 -0.0059375 -0.000182676 -0.000784873 0.00182927 -0.00134083 -0.00168267 -0.00628319 -0.00115189 0.000298211 -0.00267503 0.00124855 0.00186503 -7.95229e-05 -0.00303704 -0.00306867 -0.0011284 -0.00260664 -0.0073913 -0.000280702 -0.00458599 -0.0106667 0.000963855 -0.0079798 -0.0100613 -0.00547368 0.00333333 0.00714286 0.000114943
internal_weight=6680 6631 63 6568 2802 491 2311 2186 225 1961 1005 956 864 814 502 269 931 513 421 137 284 156 74 82 197 162 94 233 125 173
internal_count=6680 6631 63 6568 2802 491 2311 2186 225 1961 1005 956 864 814 502 269 931 513 421 137 284 156 74 82 197 162 94 233 125 173
is_linear=0
shrinkage=0.04


Tree=174
num_leaves=31
num_cat=0
split_feature=5 4 5 6 11 0 8 5 11 5 4 0 13 16 17 13 12 15 10 16 9 1 8 0 20 11 4 4 1 4
split_gain=1.54079 1.05317 1.02906 3.98941 2.37058 2.97468 2.77946 2.33033 1.20944 1.03551 1.22256 1.15856 1.29245 1.59335 1.27505 1.08709 3.30339 3.04017 4.69022 2.99538 3.45497 2.61566 2.63476 2.53984 2.39316 2.31543 2.01324 3.32017 1.90697 1.95831
threshold=57.750000000000007 0.35000000000000003 1.0500000000000003 4.5833333333333313 14.750000000000002 1.8500000000000003 4.2500000000000009 0.65000000000000002 3.9500000000000006 1.5500000000000003 6.0500000000000007 1.3500000000000003 1.4500000000000002 877.50000000000011 -0.37940952255126065 3.8500000000000001 92.500000000000014 1.0000000180025095e-35 8.1500000000000004 47.500000000000007 65.500000000000014 5.8500000000000005 9.3500000000000032 13.350000000000003 -0.22252093395631442 4.5500000000000007 31.850000000000005 23.750000000000004 1.8500000000000003 3.7500000000000004
decision_type=2 2 2 2 2 2 2 2 2 2 2 2 2 2 2 2 2 2 2 2 2 2 2 2 2 2 2 2 2 2
left_child=1 -1 3 4 5 7 8 -3 -7 10 11 -4 -13 14 -14 26 17 19 23 20 21 -17 -23 25 -24 -19 27 -11 -27 -30
right_child=-2 2 9 -5 -6 6 -8 -9 -10 15 -12 12 13 -15 -16 16 -18 18 -20 -21 -22 22 24 -25 -26 28 -28 -29 29 -31
leaf_value=0.050395783439568159 -0.013538472571948432 0.024321578111784189 -0.013544227690005189 0.082507059735179744 -0.01834706882266347 -0.0087124739566383363 0.023540173245112327 0.0033216841251064722 -0.033673122620166043 0.00036287595952149587 -0.02701468908233207 -0.01656322334216993 0.014068264031035707 -0.0097737797149779135 -0.00023567231930609722 -0.013579822253087813 -0.021782903370170831 0.033457556252766418 -0.032105444108534373 -0.00099693512789032833 -0.022197709516485985 0.019370505459382629 -0.023958306482422993 -0.034659023083768351 0.014500456598325755 -0.0069489901586108887 0.078097738698469782 -0.017725361058919233 -0.00877865130570246 0.013885815742196606
leaf_weight=36 25 26 29 40 42 28 27 36 30 2899 52 41 50 25 49 80 29 83 28 2510 113 47 26 30 33 25 51 27 25 138
leaf_count=36 25 26 29 40 42 28 27 36 30 2899 52 41 50 25 49 80 29 83 28 2510 113 47 26 30 33 25 51 27 25 138
internal_value=-0.000281395 -0.000243389 -0.000280967 0.00234783 -0.000105263 0.0022973 -0.00255814 0.00888889 -0.00745763 -0.000375528 -0.00291498 -0.0014359 -0.000120482 0.00192 0.0042 -0.000273393 -0.000789141 -0.000662631 0.0029697 -0.00108897 -0.00486667 -0.00149733 0.00261682 0.00443709 -0.003 0.00566176 0.000275353 0.000136659 0.0031746 0.0047561
internal_weight=6680 6655 6619 229 189 147 85 62 58 6390 246 194 165 124 99 6144 3167 3138 329 2809 299 186 106 301 59 271 2977 2926 188 163
internal_count=6680 6655 6619 229 189 147 85 62 58 6390 246 194 165 124 99 6144 3167 3138 329 2809 299 186 106 301 59 271 2977 2926 188 163
is_linear=0
shrinkage=0.04


Tree=175
num_leaves=31
num_cat=0
split_feature=4 9 7 7 20 9 14 12 18 8 0 14 8 9 9 7 1 8 20 12 4 4 14 8 16 7 19 20 19 7
split_gain=2.56789 1.34952 1.12823 2.63572 3.58315 4.83725 3.5331 3.5962 5.34908 3.32077 3.33429 3.0872 3.71859 3.62387 2.58904 2.58886 2.77865 3.49828 2.5704 3.786 4.9748 3.50348 2.59252 2.90954 2.54763 2.51021 2.97745 3.8644 3.18561 2.91357
threshold=52.400000000000006 132.50000000000003 8.5687500000000032 6.1479166666666671 0.81174490092936691 98.500000000000014 225.50000000000003 63.500000000000007 -0.12940952255126037 6.8500000000000005 2.2500000000000004 183.50000000000003 9.7500000000000018 57.500000000000007 71.500000000000014 7.3312500000000007 4.5500000000000007 3.6500000000000008 0.81174490092936691 40.500000000000007 13.050000000000002 18.450000000000003 187.50000000000003 10.65 532.50000000000011 5.5916666666666677 1.0000000180025095e-35 1.0000000180025095e-35 -1.0000000180025095e-35 5.7645833333333343
decision_type=2 2 2 2 2 2 2 2 2 2 2 2 2 2 2 2 2 2 2 2 2 2 2 2 2 2 2 2 2 2
left_child=1 2 3 25 6 -6 7 8 -5 10 -10 12 13 -9 -11 16 17 -15 22 -20 -21 -22 -4 -24 -16 -1 27 29 -29 -27
right_child=-2 -3 18 4 5 -7 -8 11 9 14 -12 -13 -14 15 24 -17 -18 -19 19 20 21 -23 23 -25 -26 26 -28 28 -30 -31
leaf_value=-0.00026863998830547689 -0.073879161098271307 0.26130405099196757 -0.0030869175544507321 0.089639627798380486 0.03888019110014726 -0.051186822630264014 -0.0084482600272629688 0.08745953407135422 -0.0077518637457952982 -0.076621501088088836 0.054485902579902941 -0.0092287535176995301 -0.012634651977842993 -0.0022718321754473083 0.041678429700498149 0.011241246383134182 -0.027148494989389118 0.075312968602726474 -0.027217533371554997 -0.025227044068644986 0.01566196423335903 -0.001518041566536712 -0.0058071450821974577 0.03072703000272398 -0.022851878691047798 -0.037192606376255065 -0.040647403127598132 -0.06244127512799999 0.018643882222792438 0.078675566131766031
leaf_weight=3038 39 28 834 109 152 34 244 66 41 25 116 109 102 28 30 50 70 29 98 144 52 62 259 405 57 41 161 87 32 79
leaf_count=3038 39 28 834 109 152 34 244 66 41 25 116 109 102 28 30 50 70 29 98 144 52 62 259 405 57 41 161 87 32 79
internal_value=-0.000395651 -0.000334194 -0.000372235 -4.25441e-05 0.00152019 0.00663102 0.000631383 0.00187275 0.00474934 0.0017037 0.00544304 -0.000527473 0.00132948 0.00401639 -0.00353982 0.00101124 -0.00203125 0.00448276 -0.00120755 -0.0042577 -0.00169884 0.00452174 -0.00048032 0.00138346 -0.000227273 -0.000616458 -0.00359102 -0.00075 -0.00583333 0.00429752
internal_weight=6621 6582 6554 4700 1262 186 1076 832 378 269 157 454 345 243 112 177 127 57 1854 356 258 114 1498 664 87 3438 400 239 119 120
internal_count=6621 6582 6554 4700 1262 186 1076 832 378 269 157 454 345 243 112 177 127 57 1854 356 258 114 1498 664 87 3438 400 239 119 120
is_linear=0
shrinkage=0.04


Tree=176
num_leaves=31
num_cat=0
split_feature=4 9 8 16 2 13 5 11 11 4 10 5 5 4 9 19 12 11 1 12 18 4 10 10 5 5 11 6 8 11
split_gain=2.0599 1.36861 1.14322 2.63487 1.44309 4.07002 1.82916 2.48921 2.15362 2.09408 2.76544 1.82579 1.77811 1.92568 2.06816 2.23254 1.92326 1.68768 2.10622 1.95815 2.12153 2.5535 1.51904 2.74602 1.43926 2.00683 1.3414 1.78598 2.54177 1.55448
threshold=52.400000000000006 132.50000000000003 23.650000000000002 47.500000000000007 19.350000000000005 5.9500000000000011 14.350000000000003 -1.0000000180025095e-35 2.1500000000000008 5.7500000000000009 6.5500000000000007 16.550000000000004 11.450000000000001 2.4500000000000006 54.500000000000007 -0.8783796973249266 77.500000000000014 18.650000000000002 15.050000000000002 55.500000000000007 0.60355339059327384 13.65 12.050000000000002 8.2500000000000018 12.250000000000002 22.450000000000003 -0.54999999999999993 10.941666666666666 17.350000000000005 3.2500000000000004
decision_type=2 2 2 2 2 2 2 2 2 2 2 2 2 2 2 2 2 2 2 2 2 2 2 2 2 2 2 2 2 2
left_child=1 2 4 -4 6 -6 12 -8 -9 10 -10 -12 -1 -14 16 -16 -15 18 22 20 -19 -22 23 -11 -5 -26 -17 29 -29 -28
right_child=-2 -3 3 24 5 -7 7 8 9 17 11 -13 13 14 15 26 -18 19 -20 -21 21 -23 -24 -25 25 -27 27 28 -30 -31
leaf_value=-0.00059572633967786004 -0.070923994654340461 0.25085188895228888 0.0049596826705452556 -0.087590556502871661 0.033162151140522497 -0.042139266569754662 0.054053108070661972 -0.06192717404154028 -0.0061140501741924428 -0.012031412678796975 0.0011243025897941373 0.049665751202026417 -0.0094153863860486093 0.082373534515150018 0.11215318541590281 0.026783591171176919 0.00026119476531754059 -0.035819675261616148 -0.030910180808009037 0.018715759309120727 0.13828862572342007 -0.021001356271273048 -0.086608667877985823 0.0053915449383451627 0.049531295566297762 -0.036573462935615773 -0.018418125601473996 0.022302370508230425 -0.017286239250837453 -0.0029138420274604647
leaf_weight=5353 39 28 61 39 72 26 31 25 43 62 28 25 27 44 44 28 35 80 37 41 25 37 29 55 35 32 26 43 27 144
leaf_count=5353 39 28 61 39 72 26 31 25 43 62 28 25 27 44 44 28 35 80 37 41 25 37 29 55 35 32 26 43 27 144
internal_value=-0.000450015 -0.000394957 -0.000433257 -0.00369048 -0.000347527 0.00444444 -0.000422893 -0.0026975 -0.00340164 -0.00276458 0.00247423 0.00851852 -0.000218295 0.00229117 0.0030102 0.00153355 0.00875 -0.00414169 -0.00684783 -0.00141304 -0.00363636 0.00190476 -0.00462585 -0.00254237 -0.00747664 -0.00382353 0.000148699 -0.000829876 0.00450704 -0.00304094
internal_weight=6621 6582 6554 167 6387 98 6289 518 487 462 96 53 5771 418 391 312 79 366 183 183 142 62 146 117 106 67 268 240 70 170
internal_count=6621 6582 6554 167 6387 98 6289 518 487 462 96 53 5771 418 391 312 79 366 183 183 142 62 146 117 106 67 268 240 70 170
is_linear=0
shrinkage=0.04


Tree=177
num_leaves=31
num_cat=0
split_feature=5 5 13 12 20 4 13 16 19 9 20 11 5 3 13 8 2 7 19 9 12 20 5 7 13 5 3 13 5 0
split_gain=1.36574 2.74424 2.35135 2.24893 2.17572 1.68077 1.91333 1.74248 1.99669 1.59987 1.57008 2.72307 1.98818 1.67183 1.7925 1.48787 2.00879 1.45333 1.68429 1.44513 1.39823 2.53506 2.52474 1.98014 2.97314 1.55412 1.9479 1.91729 1.55443 1.31333
threshold=13.850000000000003 11.450000000000001 6.5500000000000007 28.500000000000004 1.0000000180025095e-35 5.0500000000000007 1.2500000000000002 37.500000000000007 0.6078576107927941 58.500000000000007 0.81174490092936691 13.050000000000002 11.950000000000001 9.9500000000000011 3.3500000000000001 23.950000000000003 25.150000000000002 10.947916666666666 0.6078576107927941 74.500000000000014 35.500000000000007 1.0000000180025095e-35 19.750000000000004 12.852083333333335 4.7500000000000009 19.750000000000004 29.000000000000004 4.1500000000000012 27.850000000000005 19.050000000000004
decision_type=2 2 2 2 2 2 2 2 2 2 2 2 2 2 2 2 2 2 2 2 2 2 2 2 2 2 2 2 2 2
left_child=1 15 10 4 -2 7 9 -5 -9 -7 11 12 -3 -13 -15 29 -17 18 -4 -12 -8 22 23 24 -22 -23 27 28 -27 -1
right_child=3 2 17 5 -6 6 20 8 -10 -11 19 13 -14 14 -16 16 -18 -19 -20 -21 21 25 -24 -25 -26 26 -28 -29 -30 -31
leaf_value=-0.00065684277587813261 -0.0050280692524254534 -0.0090807768010006742 0.089658363683520828 0.05988381358624862 -0.042529682897534241 -0.025818194343329041 0.055323194706662589 -0.0026633123319740369 0.028365361717245456 0.036407913160822043 0.024934564397274563 0.17242260787983107 0.005531484304234233 0.00078766573642745645 0.058102126840581046 -0.072188770590660895 0.001637199138848725 -0.021174177624582527 -0.0047980495596258348 -0.020446935965012507 -0.061954320959660053 -0.007515483134978327 -0.093799101853777489 0.011752952596750178 0.00081461101583039767 -0.0090192777828266551 -0.0099924203628166449 0.057999443391117116 0.010689412039126243 0.013076959697248185
leaf_weight=5363 39 27 26 26 30 26 50 68 32 52 27 54 85 43 38 32 26 41 25 27 43 158 55 47 30 31 26 33 26 35
leaf_count=5363 39 27 26 26 30 26 50 68 32 52 27 54 85 43 38 32 26 41 25 27 43 158 55 47 30 31 26 33 26 35
internal_value=-0.000437934 -0.00022906 0.00299492 -0.00201811 -0.00885714 -0.00133523 -0.00224913 0.00283465 0.00039604 0.0035443 0.00470199 0.00604839 0.00141593 0.00985294 0.00609756 -0.000461792 -0.00677966 -0.00258065 0.00192308 -0.00145455 -0.00316 -0.00386667 -0.00761364 -0.00429752 -0.00837838 -0.00145455 0.00205128 0.00483516 0.000344828 -0.000392665
internal_weight=6621 5849 393 772 69 703 577 126 100 78 301 247 112 135 81 5456 58 92 51 54 499 449 175 120 73 274 116 90 57 5398
internal_count=6621 5849 393 772 69 703 577 126 100 78 301 247 112 135 81 5456 58 92 51 54 499 449 175 120 73 274 116 90 57 5398
is_linear=0
shrinkage=0.04


Tree=178
num_leaves=31
num_cat=0
split_feature=4 9 10 9 12 16 15 2 11 4 13 14 16 11 3 10 12 8 14 9 10 8 11 16 0 12 9 3 16 2
split_gain=1.09644 1.19423 1.09401 2.65311 3.02834 2.76899 3.12054 2.41494 2.00992 1.8921 1.88016 2.68462 2.51885 1.77635 1.93336 2.13607 1.91549 4.34494 1.78123 2.47545 2.28953 1.76044 2.76468 2.97601 2.35962 2.02381 1.82479 1.72756 2.9019 2.55063
threshold=49.100000000000009 132.50000000000003 6.3500000000000005 52.500000000000007 86.500000000000014 192.50000000000003 1.0000000180025095e-35 8.9500000000000011 -10.549999999999999 0.75000000000000011 9.3500000000000032 254.50000000000003 282.50000000000006 -3.0499999999999994 7.4500000000000011 12.750000000000002 34.500000000000007 7.1500000000000012 242.50000000000003 61.500000000000007 8.9500000000000011 14.450000000000001 26.550000000000004 1277.5000000000002 11.750000000000002 43.500000000000007 103.50000000000001 9.1500000000000004 52.500000000000007 11.750000000000002
decision_type=2 2 2 2 2 2 2 2 2 2 2 2 2 2 2 2 2 2 2 2 2 2 2 2 2 2 2 2 2 2
left_child=1 2 3 4 7 -5 9 -1 -4 -7 12 -12 -8 14 18 -16 17 -15 19 -10 -21 24 23 -23 -11 -26 -24 29 -29 -18
right_child=-2 -3 8 5 -6 6 10 -9 13 21 11 -13 -14 16 15 -17 27 -19 -20 20 -22 22 26 -25 25 -27 -28 28 -30 -31
leaf_value=0.038332923598971863 -0.052858684253025458 0.31043348465926701 -0.018008791563341335 -0.0038175607473898768 -0.0063537303681396474 0.0093019694078499172 -0.0047016100183479995 -0.00032009003016867158 0.056304265271335655 -0.0017770539739296787 -0.0085128250774341475 0.029747414230695206 0.033459715336865904 -0.0033442352704766165 0.019718300457633404 -0.0054443078065956737 0.000322578535367839 0.1765755478811154 -0.0021144381741835618 0.015447319303057584 -0.0021774595876981806 -0.027138318134983078 -0.11932085644294105 0.05689313512849864 0.00055847793652972653 0.095311706468855853 -0.014838687342191612 0.00051700725641261162 -0.016280473975976904 0.017323384355071986
leaf_weight=57 50 27 32 963 27 42 48 29 51 1792 45 42 100 73 57 49 1959 71 28 25 48 130 35 29 35 27 36 373 292 49
leaf_count=57 50 27 32 963 27 42 48 29 51 1792 45 42 100 73 57 49 1959 71 28 25 48 130 35 29 35 27 36 373 292 49
internal_value=-0.000431894 -0.000386488 -0.000421696 -0.000913322 0.00508772 -0.0011188 -0.000381033 0.00873563 0.000122265 -0.000865068 0.00398305 -0.000681818 0.00671141 0.000227568 0.00339768 -0.000747664 -6.38751e-05 0.00441379 0.00627451 0.00832 0.00351351 -0.00103597 -0.004329 -0.001375 -0.000625337 0.00698413 -0.0108333 -0.000306657 -0.00207207 0.000278746
internal_weight=6621 6571 6544 3437 113 3324 2361 86 3107 2126 235 87 148 3075 258 106 2817 144 152 124 73 2084 230 159 1854 62 71 2673 665 2008
internal_count=6621 6571 6544 3437 113 3324 2361 86 3107 2126 235 87 148 3075 258 106 2817 144 152 124 73 2084 230 159 1854 62 71 2673 665 2008
is_linear=0
shrinkage=0.04


Tree=179
num_leaves=31
num_cat=0
split_feature=5 5 13 14 12 4 11 17 14 14 4 13 7 14 6 3 20 5 7 13 6 3 12 5 20 12 13 3 7 16
split_gain=1.55534 2.801 2.43748 2.33462 2.49989 2.63267 2.87539 2.28947 2.2481 1.92637 1.85168 1.50614 1.45333 1.3766 1.35531 2.58941 1.48585 3.18137 1.66933 1.44053 1.31508 1.85384 2.52206 1.50763 1.27712 2.51024 1.27543 1.2365 1.8456 3.08965
threshold=13.850000000000003 11.450000000000001 6.5500000000000007 164.50000000000003 29.500000000000004 5.0500000000000007 18.650000000000002 -0.78656609248549292 194.50000000000003 18.500000000000004 4.0500000000000007 5.9500000000000011 10.947916666666666 176.50000000000003 10.341666666666667 10.950000000000001 1.0000000180025095e-35 22.450000000000003 18.695833333333336 3.4500000000000006 9.0083333333333329 11.950000000000001 82.500000000000014 19.350000000000005 0.81174490092936691 36.500000000000007 4.1500000000000012 15.750000000000002 8.7895833333333346 47.500000000000007
decision_type=2 2 2 2 2 2 2 2 2 2 2 2 2 2 2 2 2 2 2 2 2 2 2 2 2 2 2 2 2 2
left_child=1 -1 24 9 -5 10 20 -8 -9 -2 -6 -10 13 -4 19 -16 18 -18 -17 -11 26 -22 23 -23 25 -3 -7 28 29 -27
right_child=3 2 12 4 5 6 7 8 11 14 -12 -13 -14 -15 15 16 17 -19 -20 -21 21 22 -24 -25 -26 27 -28 -29 -30 -31
leaf_value=-0.00068707948702741108 0.0027811216935654669 0.16208096199719127 0.089819669611448841 -0.031104333302775906 0.0015753852491880061 -0.019750933189791625 -0.010362082736432115 -0.00049856553993240735 0.24956280975903877 -0.0071999108804793547 0.080677859937013138 0.00039590946643279777 -0.020275133073060444 -0.0044633089454151342 0.010507792760830519 -0.0031043347069874016 -0.026161055665363586 0.019756856290054116 -0.13496414672635126 -0.036366018374984578 -0.056773359894507928 -0.043987972481992516 0.0091955204635227623 -0.0019236436078549702 -0.0046719326561335704 -0.030986173302885885 0.0043908856123920439 -0.048323663906597217 0.035906793541016738 0.082055057351217403
leaf_weight=5456 25 34 25 43 54 32 33 50 60 32 31 25 41 26 34 27 41 33 33 48 36 41 37 27 54 26 30 25 119 43
leaf_count=5456 25 34 25 43 54 32 33 50 60 32 31 25 41 26 34 27 41 33 33 48 36 41 37 27 54 26 30 25 119 43
internal_value=-0.00038357 -0.000160684 0.00309645 -0.00206986 -0.00044 0.000437637 -0.00102151 0.00284024 0.00514706 -0.0050365 0.00674419 0.00906977 -0.00258065 0.00192308 -0.00610442 -0.00402367 -0.00651852 -0.00266667 -0.0111475 -0.0103704 -0.00421569 -0.00633803 -0.00358491 -0.00811594 0.00483444 0.00604839 0.000634921 0.00439252 0.00550265 0.000285714
internal_weight=6621 5849 393 772 499 456 371 168 135 273 85 85 92 51 248 168 134 74 60 80 203 141 105 68 301 247 62 213 188 69
internal_count=6621 5849 393 772 499 456 371 168 135 273 85 85 92 51 248 168 134 74 60 80 203 141 105 68 301 247 62 213 188 69
is_linear=0
shrinkage=0.04


Tree=180
num_leaves=31
num_cat=0
split_feature=14 2 3 4 9 12 10 20 11 17 20 1 0 14 0 7 14 6 3 19 14 7 3 0 10 11 9 9 11 1
split_gain=1.13332 1.16275 1.19506 2.47298 2.36589 1.99293 3.24634 3.03758 3.41704 2.73147 3.0149 2.82962 2.375 2.30586 2.04312 3.3971 4.08384 4.93567 4.57219 3.38064 3.62282 2.62171 3.87022 4.79628 2.71988 2.66278 6.49262 3.225 3.19125 5.55985
threshold=358.50000000000006 0.45000000000000007 2.9500000000000006 10.65 46.500000000000007 78.500000000000014 20.450000000000003 1.0000000180025095e-35 -0.84999999999999998 0.78656609248549325 -0.56174490092936669 17.650000000000002 9.9500000000000011 264.50000000000006 10.950000000000001 7.0104166666666679 193.50000000000003 5.2666666666666648 14.350000000000003 0.87837969732492682 231.50000000000003 5.8375000000000004 6.2500000000000009 5.7500000000000009 0.65000000000000002 15.65 67.500000000000014 103.50000000000001 6.2500000000000009 2.2500000000000004
decision_type=2 2 2 2 2 2 2 2 2 2 2 2 2 2 2 2 2 2 2 2 2 2 2 2 2 2 2 2 2 2
left_child=1 -1 3 4 -3 6 7 8 12 -7 -11 -12 13 -4 15 21 17 -17 -19 20 -16 22 25 -24 -23 26 -10 -27 -28 -30
right_child=-2 2 5 -5 -6 9 -8 -9 14 10 11 -13 -14 -15 19 16 -18 18 -20 -21 -22 24 23 -25 -26 27 28 -29 29 -31
leaf_value=0.0098509189406749808 -0.017288993767597953 0.028904084154532973 0.059308422798533655 -0.013319528528712965 -0.0017315158340424121 -0.0041634025919747584 -0.021819986004338682 -0.0011710875464382654 -0.022643716125300133 -0.0067985460615637193 0.014402184566139981 -0.021527079564915289 -0.0013916626717339043 0.0074274287283620311 -0.0034853656053561366 0.030968742321262042 -0.035262762760092346 -0.0090110018554299832 0.045433259270902478 0.093240530281482173 0.085061019411158512 -0.023634156041049313 -0.062973961701549813 0.026162426461662208 0.082274828380422355 0.061908387799543975 0.057778263840099202 -0.032017087568232155 0.085848230077981175 -0.018931769058279022
leaf_weight=46 69 51 58 38 1435 1221 26 1487 98 113 237 25 30 62 241 40 205 262 31 56 129 31 68 47 226 146 89 31 30 46
leaf_count=46 69 51 58 38 1435 1221 26 1487 98 113 237 25 30 62 241 40 205 262 31 56 129 31 68 47 226 146 89 31 30 46
internal_value=-0.000365543 -0.000311838 -0.000356707 -0.0013377 -0.00107599 -5.95711e-05 0.000482558 0.000591681 0.00163985 -0.0012273 0.00175532 0.00410646 0.00741722 0.00991736 0.001148 0.0003849 -0.00207792 0.000658683 -0.00115646 0.00355972 0.00215633 0.00201722 0.000467626 -0.00603448 0.00534884 0.00217687 -0.000378788 0.00595506 0.00445783 -0.00155844
internal_weight=6674 6605 6559 1524 1486 5035 3439 3413 1926 1596 375 262 150 120 1776 1350 538 333 293 426 370 812 555 115 257 440 263 177 165 76
internal_count=6674 6605 6559 1524 1486 5035 3439 3413 1926 1596 375 262 150 120 1776 1350 538 333 293 426 370 812 555 115 257 440 263 177 165 76
is_linear=0
shrinkage=0.04


Tree=181
num_leaves=31
num_cat=0
split_feature=5 12 10 10 14 5 13 7 8 5 1 19 18 19 7 6 9 17 9 9 6 19 9 6 3 13 3 1 16 14
split_gain=1.48978 1.09257 2.92964 2.59715 2.41694 3.19426 2.80462 3.3008 3.85742 2.99515 3.18775 2.97835 2.40333 2.46752 3.14466 2.76885 2.43016 3.37382 2.30385 3.3293 3.24945 3.81241 2.67804 2.14279 3.89578 3.41256 4.45864 3.98638 2.93715 3.87233
threshold=59.95000000000001 74.500000000000014 6.0500000000000007 19.650000000000002 206.50000000000003 2.1500000000000008 1.9500000000000002 2.3937500000000003 14.65 4.4500000000000011 5.2500000000000009 0.6078576107927941 -0.5 0.87837969732492682 6.7479166666666677 10.641666666666664 47.500000000000007 -0.25881904510252113 80.500000000000014 70.500000000000014 7.1249999999999973 -0.8783796973249266 62.500000000000007 17.108333333333338 9.8500000000000032 6.0500000000000007 2.7500000000000004 7.4500000000000011 492.50000000000006 173.50000000000003
decision_type=2 2 2 2 2 2 2 2 2 2 2 2 2 2 2 2 2 2 2 2 2 2 2 2 2 2 2 2 2 2
left_child=1 3 -3 12 6 -6 7 -4 9 -9 -11 -12 13 16 -15 -16 17 -1 19 20 -8 -22 -23 24 25 26 -18 -27 29 -26
right_child=-2 2 4 -5 5 -7 18 8 -10 10 11 -13 -14 14 15 -17 23 -19 -20 -21 21 22 -24 -25 28 27 -28 -29 -30 -31
leaf_value=0.021211209653906379 -0.015006979452112433 -0.004281399758453262 0.074947675871181091 -0.022226596834796428 -0.032910862040754357 -0.0019519918336984787 0.0029845785822871741 -0.0051845134473964905 0.057394843797912855 0.062521088556319701 -0.0071710623121297792 0.067206276717627772 -0.00060343187492581493 0.08774476877063897 -0.035530064356494646 0.10370696816354702 -0.055864490248115163 -0.036277798614822387 0.023267818685418221 -0.022629726511379324 0.033014330024614402 -0.006318288492426492 -0.066056441458444221 0.051371199612236892 0.010501967900408004 0.0010413487712984892 0.044982607551728261 -0.058504089286590927 0.032272533754805863 -0.045110259310949877
leaf_weight=27 25 783 27 38 40 314 536 177 59 71 78 50 2978 77 25 25 30 88 27 124 53 278 61 73 51 130 286 28 33 82
leaf_count=27 25 783 27 38 40 314 536 177 59 71 78 50 2978 77 25 25 30 88 27 124 53 278 61 73 51 130 286 28 33 82
internal_value=-0.000443446 -0.000406015 -0.00103024 1.51057e-05 -0.000179325 -0.00315493 0.000505837 0.00311015 0.00224771 0.000742706 0.0041 0.000310078 0.000116929 0.00186192 0.00703125 -0.000784314 0.00106152 -0.00431034 -0.000611111 -0.000911681 -8.61141e-05 -0.00284987 -0.00441176 0.00193277 0.00118565 0.00303158 0.00542587 -0.00176101 -0.00407186 -0.00671642
internal_weight=6674 6649 2678 3971 1895 354 1541 462 435 376 199 128 3933 955 127 50 828 115 1079 1052 928 392 339 713 640 474 316 158 166 133
internal_count=6674 6649 2678 3971 1895 354 1541 462 435 376 199 128 3933 955 127 50 828 115 1079 1052 928 392 339 713 640 474 316 158 166 133
is_linear=0
shrinkage=0.04


Tree=182
num_leaves=31
num_cat=0
split_feature=5 4 11 20 15 16 14 10 7 12 10 12 20 16 7 5 18 5 1 8 1 19 8 18 9 6 11 14 7 12
split_gain=1.03304 1.04681 2.0268 3.48372 2.3682 2.58031 3.33806 2.01046 1.97983 4.64582 1.91727 2.56788 2.20154 2.76193 1.6106 1.63034 1.58083 1.48565 1.33613 2.16595 2.53691 2.19883 3.02985 2.00754 3.28608 1.78673 2.30119 1.86648 1.25222 1.21784
threshold=59.95000000000001 2.7500000000000004 1.7500000000000002 0.81174490092936691 0.35000000000000003 47.500000000000007 198.50000000000003 11.750000000000002 2.0187500000000007 81.500000000000014 4.9500000000000011 84.500000000000014 -0.56174490092936669 32.500000000000007 4.4979166666666677 2.8500000000000001 -0.5 5.1500000000000012 1.0500000000000003 3.1500000000000008 3.0500000000000003 -0.8783796973249266 7.3500000000000005 0.37940952255126048 62.500000000000007 1.5333333333333299 10.350000000000003 124.50000000000001 1.9000000000000001 89.500000000000014
decision_type=2 2 2 2 2 2 2 2 2 2 2 2 2 2 2 2 2 2 2 2 2 2 2 2 2 2 2 2 2 2
left_child=1 2 3 8 5 6 14 18 9 -1 -10 12 13 -12 15 -4 -16 -13 28 25 -21 -22 -23 24 -24 -20 27 -27 -7 -3
right_child=-2 29 4 -5 -6 7 -8 -9 10 -11 11 17 -14 -15 16 -17 -18 -19 19 20 21 22 23 -25 -26 26 -28 -29 -30 -31
leaf_value=-0.0076289081670623564 -0.014406700274027883 -9.4000958717526124e-05 0.0018299645641793917 -0.024178354853069947 -0.016217129121879309 -0.0040431173626959806 -0.010898532328036944 -0.061702895218142616 -0.015654226154673177 0.047385127394897919 -0.0021377425331639797 -0.013579036600307451 -0.0080692269321349201 0.035379504370587844 0.020982452492821064 0.041779370610859665 -0.034597232441933523 -0.081091319692514541 0.0052180529742928798 0.024591769277775396 0.016234838001217469 -0.016498844973881824 0.018860089204735395 0.077296387823225107 -0.020912636834223512 -0.0011545930375993275 0.0035605927264473537 -0.024404653290933016 0.02554365486029761 -0.0048768219023381226
leaf_weight=49 25 4881 45 63 45 28 58 29 43 41 29 58 140 52 30 91 25 33 34 43 49 119 39 34 34 30 46 77 33 371
leaf_count=49 25 4881 45 63 45 28 58 29 43 41 29 58 140 52 30 91 25 33 34 43 49 119 39 34 34 30 46 77 33 371
internal_value=-0.000503371 -0.00047218 -0.00144492 -0.00345776 -0.000292135 0.000189349 0.0036 -0.00124161 -0.00219731 0.00307692 -0.00353933 -0.00242812 -9.00901e-05 0.00512195 0.00614583 0.00846715 0.000357143 -0.00804348 -0.000705467 -0.0013834 0.000626959 -0.000797101 -0.00246696 0.00240741 -0.00135135 -0.00478723 -0.00662338 -0.00981481 0.00483871 -0.000213211
internal_weight=6674 6649 1397 508 889 844 249 595 445 90 355 312 221 81 191 136 55 91 566 505 318 275 226 107 73 187 153 107 61 5252
internal_count=6674 6649 1397 508 889 844 249 595 445 90 355 312 221 81 191 136 55 91 566 505 318 275 226 107 73 187 153 107 61 5252
is_linear=0
shrinkage=0.04


Tree=183
num_leaves=31
num_cat=0
split_feature=5 12 9 16 9 7 3 5 1 10 16 7 20 16 5 9 20 3 10 3 10 9 0 3 7 1 14 12 10 13
split_gain=1.04712 1.00945 2.79263 2.70814 2.60071 2.50243 2.20018 3.06762 1.96737 1.66757 1.64205 1.84513 2.63387 1.62102 1.56218 1.49584 2.11145 1.34681 2.24777 2.19717 1.29083 2.06565 1.49636 1.27048 1.94902 2.10859 1.74923 1.66219 2.48826 2.21023
threshold=59.95000000000001 87.500000000000014 45.500000000000007 32.500000000000007 64.500000000000014 2.839583333333334 12.15 6.8500000000000005 11.15 11.850000000000003 27.500000000000004 6.3562500000000011 -0.56174490092936669 32.500000000000007 6.8500000000000005 73.500000000000014 -0.56174490092936669 7.4500000000000011 13.15 10.15 19.650000000000002 51.500000000000007 12.750000000000002 2.9500000000000006 8.6229166666666668 9.7500000000000018 358.50000000000006 36.500000000000007 1.1500000000000001 12.950000000000001
decision_type=2 2 2 2 2 2 2 2 2 2 2 2 2 2 2 2 2 2 2 2 2 2 2 2 2 2 2 2 2 2
left_child=1 20 3 8 5 -4 7 13 -3 -5 17 12 -12 -6 -13 16 -9 18 -7 -19 23 22 -22 24 25 27 -25 -1 -29 -30
right_child=-2 2 4 9 6 10 -8 15 -10 -11 11 14 -14 -15 -16 -17 -18 19 -20 -21 21 -23 -24 26 -26 -27 -28 28 29 -31
leaf_value=0.0033268413206838689 -0.013830432263066825 0.0058647883697007953 0.028960210651903823 0.0013883880146889993 0.0037051314827529769 -0.020463700675737898 -0.01354955476522739 0.0051774950250300126 0.075324090399127575 -0.033627723480030236 -0.0073174970509687935 0.0018327437378969514 -0.051102425951460834 -0.012425780576245202 -0.029335410021837999 -0.0011140431506104064 0.11252953814862585 -0.049435828971466159 0.017570614790322486 0.00022512220475742417 -0.031955802432147885 0.0030219488373337813 -0.0023219397783826781 0.00045889551766438609 -0.022789285317583285 -0.015460780333867774 -0.03179385577840136 -0.031055677473546359 -0.0026286652571675616 0.0044694982110195626
leaf_weight=192 25 48 25 43 54 31 26 30 28 26 33 42 85 55 64 27 34 32 31 25 27 40 26 4343 26 35 48 35 1045 93
leaf_count=192 25 48 25 43 54 31 26 30 28 26 33 42 85 55 64 27 34 32 31 25 27 40 26 4343 26 35 48 35 1045 93
internal_value=-0.000449438 -0.000418045 -0.00181081 0.00315068 -0.00302521 -0.00509485 0.000352423 0.00179104 0.00831169 -0.00257143 -0.00598837 -0.008 -0.0114286 -0.00272727 -0.00411215 0.00717391 0.0104615 -0.00216667 0.00190476 -0.00655172 -0.000243614 -0.00489362 -0.01 -0.000168443 -0.00120533 -0.000999286 0.000168488 -0.000746706 -0.00131175 -0.000983319
internal_weight=6674 6649 739 145 594 368 226 200 76 69 343 224 118 109 106 91 64 119 62 57 5910 93 53 5817 1426 1400 4391 1365 1173 1138
internal_count=6674 6649 739 145 594 368 226 200 76 69 343 224 118 109 106 91 64 119 62 57 5910 93 53 5817 1426 1400 4391 1365 1173 1138
is_linear=0
shrinkage=0.04


Tree=184
num_leaves=31
num_cat=0
split_feature=5 11 17 13 4 14 16 7 4 10 9 12 13 16 13 4 13 4 1 11 14 16 10 12 16 11 4 18 12 10
split_gain=1.06765 2.35844 2.35574 2.55365 3.19652 2.48212 1.90242 1.81583 1.99163 1.74656 1.92095 2.25344 2.12605 2.19361 1.68864 1.68817 1.42524 2.59829 2.76787 1.24786 1.13697 4.29343 3.7097 3.63901 3.03824 3.9716 3.08009 2.94838 3.559 2.66133
threshold=13.950000000000001 0.25000000000000006 0.25881904510252091 10.750000000000002 4.9500000000000011 164.50000000000003 227.50000000000003 12.339583333333335 12.250000000000002 18.250000000000004 50.500000000000007 78.500000000000014 2.7500000000000004 47.500000000000007 10.65 7.7500000000000009 4.9500000000000011 16.450000000000003 48.400000000000013 26.950000000000003 171.50000000000003 42.500000000000007 16.250000000000004 87.500000000000014 42.500000000000007 10.15 2.8500000000000001 0.37940952255126048 66.500000000000014 6.4500000000000011
decision_type=2 2 2 2 2 2 2 2 2 2 2 2 2 2 2 2 2 2 2 2 2 2 2 2 2 2 2 2 2 2
left_child=20 -2 3 4 -3 6 -4 15 -9 10 -7 12 -12 -14 -15 -6 17 -10 -19 -18 21 22 27 -23 25 29 -27 28 -1 -22
right_child=1 2 5 -5 7 9 -8 8 16 -11 11 -13 13 14 -16 -17 19 18 -20 -21 24 23 -24 -25 -26 26 -28 -29 -30 -31
leaf_value=0.089799404636199565 0.040281330720479611 0.057080243243203696 -0.018403698650129884 -0.014321550052775401 0.0070081617661775656 0.023333871854231365 -0.01346482060763023 0.05500628265643101 -0.011438414280609236 -0.028372538175015338 0.16238760771680838 -0.058984704307881997 -0.018806273193652353 0.0075183947449562454 -0.0037906160652386588 -0.04242253927567919 0.060704734960000908 0.14622180251070471 -0.028720874209998613 -0.080770561041449584 -0.013627828150953576 9.9683371977938863e-05 -0.0086259295081418594 -0.01385377344153973 0.00018585898151531665 0.037028595244015 -0.0010635847045681146 -0.0018944293275158408 0.0074341628712305142 -0.0083478009748815304
leaf_weight=54 37 37 66 31 29 30 25 26 41 27 47 39 33 76 34 46 27 44 26 25 164 1855 39 177 2074 62 239 146 384 734
leaf_count=54 37 37 66 31 29 30 25 26 41 27 47 39 33 76 34 46 27 44 26 25 164 1855 39 177 2074 62 239 146 384 734
internal_value=-0.000395506 -0.00182062 -0.00233803 0.00012012 0.00125828 -0.00449735 -0.0102174 -0.000301887 0.00178947 -0.00264808 -0.00161538 -0.00286957 -0.00104712 -0.00347222 -0.000720721 -0.00552632 0.000121951 0.00267857 0.00732394 -0.00528302 -0.000215888 0.000399096 0.00330128 -0.000491884 -0.000714722 -0.00231667 0.00165563 0.00410256 0.00574032 -0.0036485
internal_weight=6674 746 709 332 301 377 91 264 189 286 259 229 190 143 110 75 163 111 70 52 5928 2655 623 2032 3273 1199 301 584 438 898
internal_count=6674 746 709 332 301 377 91 264 189 286 259 229 190 143 110 75 163 111 70 52 5928 2655 623 2032 3273 1199 301 584 438 898
is_linear=0
shrinkage=0.04


Tree=185
num_leaves=31
num_cat=0
split_feature=5 11 11 9 11 4 10 11 16 19 19 7 5 11 18 13 4 14 19 7 11 8 19 7 5 4 8 20 16 5
split_gain=1.90064 1.81298 1.70987 1.70884 6.1691 4.75112 5.48231 3.31492 3.2959 3.55055 6.78611 3.43574 5.01911 3.02198 2.85702 2.66778 2.62003 2.49401 3.2549 2.43887 2.74797 3.84161 3.75057 3.23523 3.10996 3.0229 4.25186 5.23583 3.56214 3.4266
threshold=14.050000000000002 1.0000000180025095e-35 2.1500000000000008 68.500000000000014 1.0000000180025095e-35 13.450000000000001 2.0500000000000003 0.45000000000000007 67.500000000000014 1.0000000180025095e-35 0.87837969732492682 2.0187500000000007 2.1500000000000008 1.9500000000000002 -0.60355339059327384 1.1500000000000001 2.0500000000000003 174.50000000000003 -1.0000000180025095e-35 2.277083333333334 2.2500000000000004 2.0500000000000003 -0.8783796973249266 4.9354166666666677 7.2500000000000009 5.3500000000000005 13.050000000000002 0.81174490092936691 717.50000000000011 4.1500000000000012
decision_type=2 2 2 2 2 2 2 2 2 2 2 2 2 2 2 2 2 2 2 2 2 2 2 2 2 2 2 2 2 2
left_child=3 -2 -3 7 5 6 -5 8 9 11 -11 -1 -13 16 -14 -8 -6 -18 -19 -9 21 -21 23 24 -22 28 27 -27 29 -24
right_child=1 2 -4 4 13 -7 15 19 -10 10 -12 12 14 -15 -16 -17 17 18 -20 20 22 -23 25 -25 -26 26 -28 -29 -30 -31
leaf_value=0.04889819024471611 0.036407192040742158 -0.056625316135566719 -0.003944721978409795 0.0056797045693446433 -0.012449674678501861 0.03941419354187236 -0.0069880496482178783 0.01229243840053492 0.03123657270011071 0.091601301941698243 -0.0023141205483203464 -0.043076415790993965 -0.014844943360105348 -0.0014405012851942624 0.0022243458749764502 -0.017565216485251708 0.06434640336101824 0.027614070675857933 -0.02405129597977549 -0.036529721711340904 -0.0061075166083415944 -0.0075048827703671876 -0.0039460852440366878 0.047067193813660174 0.051993801075083432 -0.019264635410701798 0.0034711315207565365 0.019096773069739826 0.069455114490597061 0.0056999178671711453
leaf_weight=26 33 25 660 29 44 29 90 49 90 121 87 34 85 2522 92 291 90 50 34 36 97 250 275 153 28 498 209 77 27 514
leaf_count=26 33 25 660 29 44 29 90 49 90 121 87 34 85 2522 92 291 90 50 34 36 97 250 275 153 28 498 209 77 27 514
internal_value=-0.000616912 -0.00255911 -0.00300292 -0.000381242 -0.00101258 -0.00540909 -0.00652068 0.000349218 0.00317164 0.00174888 0.00555024 -0.00159664 -0.00330189 -0.000306457 -0.000561798 -0.00780105 0.00420091 0.0064 0.00141176 -0.000334237 -0.000535797 -0.00418118 2.12879e-05 0.00430108 -0.00047619 -0.000724547 -0.00249682 -0.00427083 0.000979192 0.000481013
internal_weight=6645 718 685 5927 3179 439 410 2748 535 445 208 237 211 2740 177 381 218 174 84 2213 2164 286 1878 278 125 1600 784 575 816 789
internal_count=6645 718 685 5927 3179 439 410 2748 535 445 208 237 211 2740 177 381 218 174 84 2213 2164 286 1878 278 125 1600 784 575 816 789
is_linear=0
shrinkage=0.04


Tree=186
num_leaves=31
num_cat=0
split_feature=5 11 11 12 9 11 12 4 6 14 11 7 12 9 0 11 16 14 4 2 11 4 8 6 20 5 9 5 8 8
split_gain=1.81627 1.79086 1.72996 1.57774 1.54521 5.05481 4.34856 3.26168 3.05525 3.96514 2.58804 2.67983 2.37492 2.2246 1.84847 1.84435 2.70769 2.87111 2.63767 2.49086 2.3592 2.90879 3.92541 4.23197 3.94498 3.70466 2.57413 7.69669 2.53859 2.38835
threshold=14.050000000000002 1.0000000180025095e-35 2.1500000000000008 25.500000000000004 68.500000000000014 1.0000000180025095e-35 51.500000000000007 12.750000000000002 2.0333333333333328 217.50000000000003 1.9500000000000002 2.8770833333333337 78.500000000000014 75.500000000000014 4.5500000000000007 0.45000000000000007 42.500000000000007 224.50000000000003 4.1500000000000012 7.3500000000000005 1.7500000000000002 5.3500000000000005 13.050000000000002 10.091666666666667 0.81174490092936691 10.950000000000001 46.500000000000007 5.3500000000000005 18.250000000000004 1.9500000000000002
decision_type=2 2 2 2 2 2 2 2 2 2 2 2 2 2 2 2 2 2 2 2 2 2 2 2 2 2 2 2 2 2
left_child=4 -2 -3 -4 15 6 -6 8 12 -10 11 -7 -8 -11 -15 16 17 18 -1 -20 29 28 23 24 25 26 27 -23 -22 -17
right_child=1 2 3 -5 5 10 7 -9 9 13 -12 -13 -14 14 -16 20 -18 -19 19 -21 21 22 -24 -25 -26 -27 -28 -29 -30 -31
leaf_value=-0.00080453776916424859 0.034950904359112446 -0.054360303490144056 -0.035380285427407544 -0.0029686936008056011 0.030233368543882904 -0.0086164223180778526 -0.0029205600405449771 0.012488437450287116 -0.026289131101571685 0.00229266253974858 -0.0013828812337864883 0.024505998598968761 0.0060566649542743538 3.3737486400653437e-05 -0.031194885145947992 -0.034285339490454765 0.021942280439367891 -0.015780278224213316 0.021972566396136185 0.00070986263643398214 0.0038712654511321178 0.031771859126007412 0.0075243631223142421 -0.034086499562211013 0.030304737748464598 0.027693928274714653 -0.016420404946951451 -0.020834438255688568 -0.010983048335499675 -0.0070219683729645863
leaf_weight=225 33 25 44 616 33 45 28 28 214 48 2522 173 30 25 33 27 163 29 61 57 1002 30 231 62 69 66 457 39 31 199
leaf_count=225 33 25 44 616 33 45 28 28 214 48 2522 173 30 25 33 27 163 29 61 57 1002 30 231 62 69 66 457 39 31 199
internal_value=-0.000604875 -0.00250348 -0.00294461 -0.0025416 -0.000374494 -0.000974843 -0.00495455 -0.00609337 -0.00707124 -0.00859813 -0.000335644 0.00383562 0.00135593 -0.00224299 -0.00745763 0.000320116 0.00242537 0.000536193 0.00156977 0.00638655 -0.000189702 0.000251509 -0.00134031 -0.00279006 -0.0018429 -0.00290051 -0.00402277 0.00314286 0.00172147 -0.00405286
internal_weight=6645 718 685 660 5927 3179 439 406 378 320 2740 218 58 106 58 2748 535 372 343 118 2213 1987 954 723 661 592 526 69 1033 226
internal_count=6645 718 685 660 5927 3179 439 406 378 320 2740 218 58 106 58 2748 535 372 343 118 2213 1987 954 723 661 592 526 69 1033 226
is_linear=0
shrinkage=0.04


Tree=187
num_leaves=31
num_cat=0
split_feature=7 2 14 16 8 5 17 7 5 3 18 16 12 9 14 12 4 12 5 11 18 11 5 4 14 2 5 14 11 9
split_gain=1.59875 2.06833 2.6499 2.72509 2.58861 1.83622 1.77204 1.58328 3.20014 2.57344 2.64606 1.79723 2.31514 1.78279 1.72531 1.53254 2.4945 2.01629 2.1108 1.42364 2.39409 1.67352 1.41252 1.38544 1.60523 2.158 1.32889 1.23259 2.14883 2.53496
threshold=11.614583333333334 8.9500000000000011 207.50000000000003 57.500000000000007 18.050000000000004 13.550000000000002 0.60355339059327384 21.504166666666674 33.050000000000004 20.850000000000005 0.37940952255126048 647.50000000000011 78.500000000000014 72.500000000000014 184.50000000000003 40.500000000000007 25.150000000000002 64.500000000000014 16.950000000000003 26.750000000000004 -0.12940952255126037 19.650000000000002 10.850000000000003 19.450000000000003 165.50000000000003 7.7500000000000009 13.15 323.50000000000006 23.250000000000004 124.50000000000001
decision_type=2 2 2 2 2 2 2 2 2 2 2 2 2 2 2 2 2 2 2 2 2 2 2 2 2 2 2 2 2 2
left_child=27 23 6 5 19 -4 7 9 -9 10 11 12 14 -10 -3 -8 17 -17 -19 20 21 -5 -12 24 -2 -26 -6 28 -1 -30
right_child=1 2 3 4 26 -7 15 8 13 -11 22 -13 -14 -15 -16 16 -18 18 -20 -21 -22 -23 -24 -25 25 -27 -28 -29 29 -31
leaf_value=-0.00075831799780598172 -0.02616764540377817 0.10344355649555727 0.0025284625037850874 0.033958223242551745 0.0032352322448950944 1.2128135911818112 -0.043166958315954108 -0.040754801343845543 -0.0021532294753268391 0.036751908989986488 0.014656199662069014 -0.02926499063165295 -0.010145426974281327 0.067783586443789262 -0.067214435971710493 0.013709266821160995 -0.016827380585517276 -0.032763562812872633 0.0050296348111610991 -0.0079695542575816351 0.040883272786147187 -0.033942620111105486 -0.0016120525309621669 0.0030161033028459718 -0.014247009561981345 0.010341971113677531 -0.0616620794913538 -0.0075561117646288168 0.0067595693511228652 -0.061645909421465674
leaf_weight=4766 40 40 26 28 36 32 31 70 27 42 35 27 50 27 25 41 27 31 25 27 60 25 28 32 63 28 46 340 540 30
leaf_count=4766 40 40 26 28 36 32 31 70 27 42 35 27 50 27 25 41 27 31 25 27 60 25 28 32 63 28 46 340 540 30
internal_value=-0.000622931 -0.00212371 -0.00128872 0.00185053 -0.000179372 0.00949153 -0.00296015 -0.00145161 -0.00512 0.000403226 -0.00145631 -0.00447552 -0.00224138 0.00218182 0.00272727 -0.00653846 -0.00448 -0.00142857 -0.00631579 0.00312057 0.00508772 -0.00111111 0.0053125 -0.00621951 -0.0080303 -0.005 -0.00578313 -0.000366391 -0.000217351 0.00210158
internal_weight=6645 969 806 280 222 58 526 371 124 247 205 142 115 54 65 155 124 97 56 140 113 53 63 163 131 91 82 5676 5336 570
internal_count=6645 969 806 280 222 58 526 371 124 247 205 142 115 54 65 155 124 97 56 140 113 53 63 163 131 91 82 5676 5336 570
is_linear=0
shrinkage=0.04


Tree=188
num_leaves=31
num_cat=0
split_feature=5 14 3 4 8 18 3 6 3 19 3 4 7 1 12 8 1 11 14 6 7 0 7 12 7 6 20 10 20 11
split_gain=1.20544 1.74012 1.43105 2.62522 2.08888 1.49126 1.33152 2.13172 1.32414 2.30258 3.91198 2.65312 4.46057 8.04249 6.75675 5.46076 3.95785 4.85431 2.34476 2.31823 2.04703 1.8604 2.38763 2.32875 2.55227 2.70596 2.106 2.54872 1.83201 3.33352
threshold=13.850000000000003 166.50000000000003 0.8500000000000002 3.1500000000000008 1.3500000000000003 0.25881904510252057 25.500000000000004 20.775000000000002 2.9500000000000006 -0.8783796973249266 13.550000000000002 13.350000000000003 7.6104166666666684 5.2500000000000009 73.500000000000014 2.7500000000000004 6.0500000000000007 2.5500000000000003 175.50000000000003 4.1916666666666655 11.508333333333335 2.8500000000000001 3.3979166666666676 28.500000000000004 2.9104166666666673 2.1833333333333322 0.81174490092936691 5.0500000000000007 -0.56174490092936669 9.9500000000000011
decision_type=2 2 2 2 2 2 2 2 2 2 2 2 2 2 2 2 2 2 2 2 2 2 2 2 2 2 2 2 2 2
left_child=2 -2 3 4 -1 -5 7 8 21 10 11 12 14 -14 15 -10 18 -18 -16 -20 -13 22 23 -4 26 -26 27 -25 29 -23
right_child=1 -3 6 5 -6 -7 -8 -9 9 -11 -12 20 13 -15 16 -17 17 -19 19 -21 -22 28 -24 24 25 -27 -28 -29 -30 -31
leaf_value=-0.00084664966574568015 -0.00862378937867689 -0.00062182362911642028 0.0087740915898314852 -0.05162024982658165 0.016132798961721945 0.0017571191350310845 0.0071270444293785465 -0.068841466296394371 -0.023635005662110197 -0.00090079491204662074 0.14013813507665548 0.12988136265599706 0.17770849232157837 -0.041124486435485323 -0.024369361274976537 0.097796911777888018 -0.015430832853827098 0.10926617338230095 0.0025291783650628384 -0.0084266095739994468 0.0033465784526340416 0.0051905174746860894 0.018294223156268236 -0.0018498447476961212 -0.022899821340255685 0.0013299662540266688 -0.02047862228764533 0.0099577468912164686 -0.012500082975014966 -0.055059078905706507
leaf_weight=27 276 475 49 26 71 26 42 45 31 3687 38 25 25 89 78 146 48 35 40 42 35 159 145 187 60 32 25 104 522 55
leaf_count=27 276 475 49 26 71 26 42 45 31 3687 38 25 25 89 78 146 48 35 40 42 35 159 145 187 60 32 25 104 522 55
internal_value=-0.000592838 -0.00210106 -0.000400339 0.00344371 0.00727273 -0.00377358 -0.000501305 -0.000554094 -0.00048427 -0.000143519 0.00208531 0.00127731 0.000373832 -0.0066087 0.00228029 0.00820225 -0.00204918 0.005 -0.00571429 -0.000963855 0.00918033 -0.00158327 6.6335e-05 -0.00135371 -0.00234719 -0.00817204 -0.000630915 0.000342466 -0.0029308 0.000186047
internal_weight=6645 751 5894 150 98 52 5744 5702 5657 4319 632 594 534 114 420 177 243 83 160 82 60 1338 602 457 408 92 316 291 736 214
internal_count=6645 751 5894 150 98 52 5744 5702 5657 4319 632 594 534 114 420 177 243 83 160 82 60 1338 602 457 408 92 316 291 736 214
is_linear=0
shrinkage=0.04


Tree=189
num_leaves=31
num_cat=0
split_feature=9 11 4 10 11 19 9 18 11 19 4 16 11 4 12 8 8 8 20 5 12 11 8 5 10 7 20 16 11 5
split_gain=1.51635 4.1579 4.71686 2.88307 2.84843 2.6834 3.72282 3.98197 2.24898 3.23432 3.16227 2.90476 2.83816 4.6443 3.79145 3.14941 2.93622 2.75076 2.77648 2.65988 3.04757 2.59748 3.00122 2.67398 2.32268 2.28282 4.7138 2.9443 2.89627 2.21629
threshold=68.500000000000014 1.0000000180025095e-35 12.15 2.0500000000000003 1.9500000000000002 -0.60785761079279388 81.500000000000014 0.37940952255126048 0.45000000000000007 -0.60785761079279388 4.1500000000000012 52.500000000000007 2.1500000000000008 5.3500000000000005 75.500000000000014 2.0500000000000003 13.050000000000002 9.1500000000000004 -0.56174490092936669 8.0500000000000025 43.500000000000007 16.150000000000002 20.450000000000003 13.550000000000002 10.350000000000003 3.0520833333333344 1.0000000180025095e-35 27.500000000000004 -1.0499999999999998 16.550000000000004
decision_type=2 2 2 2 2 2 2 2 2 2 2 2 2 2 2 2 2 2 2 2 2 2 2 2 2 2 2 2 2 2
left_child=8 2 3 -2 5 -3 7 -7 9 -1 11 25 14 29 -10 -16 17 -15 -19 24 -21 22 23 -22 -18 27 -27 28 -11 -14
right_child=1 4 -4 -5 -6 6 -8 -9 12 10 -12 -13 13 16 15 -17 19 18 -20 20 21 -23 -24 -25 -26 26 -28 -29 -30 -31
leaf_value=-0.0018964590311630403 0.0055258419446844974 0.048166008833227851 0.02702312930191866 -0.013131661607171044 -0.0019100228793848917 -0.029492003875535539 0.067086028468467063 0.0072663788954754694 0.038078896284828884 -0.027844296378521437 0.029819599784733308 0.035658259891426174 0.0024077885639120921 -0.0025046707236769275 -0.036027538327358395 -0.0098102427207846701 0.0013418428529345405 -0.041955447919872525 -0.0067923307561973982 0.67457311988693491 0.12085822683058002 -0.019908236725985233 -0.042506525808367918 0.0029102789554708865 0.10376011398398526 -0.016071111840147232 0.043880263595726707 0.023061219430146308 0.084312553690019068 0.027379536666958391
leaf_weight=144 29 59 41 380 2844 52 66 45 26 29 164 41 1035 611 32 252 63 66 130 37 28 139 48 49 28 72 33 51 25 26
leaf_count=144 29 59 41 380 2844 52 66 45 26 29 164 41 1035 611 32 252 63 66 130 37 28 139 48 49 28 72 33 51 25 26
internal_value=-0.000544689 -0.00111459 -0.00470067 -0.006 -0.000586893 0.00376682 0.00109756 -0.00387755 9.58466e-05 0.00239286 0.00418269 0.00134921 -0.000404512 8.84564e-05 -0.00398714 -0.00533333 -0.00161667 -0.00299505 -0.0071066 0.00122137 -0.000596026 -0.00211321 0.00206349 0.00692308 0.00717391 -0.00056872 -0.00471698 0.00358491 -0.00290909 0.00201507
internal_weight=6645 3516 450 409 3066 222 163 97 3129 559 415 251 2570 2260 310 284 1199 807 196 392 301 264 125 77 91 210 105 105 54 1061
internal_count=6645 3516 450 409 3066 222 163 97 3129 559 415 251 2570 2260 310 284 1199 807 196 392 301 264 125 77 91 210 105 105 54 1061
is_linear=0
shrinkage=0.04


Tree=190
num_leaves=31
num_cat=0
split_feature=4 1 0 11 0 13 6 14 5 8 19 4 1 12 14 14 7 5 17 14 11 19 3 6 2 17 12 9 13 2
split_gain=1.38633 1.2295 2.05246 1.67108 1.49835 1.79283 2.53933 1.90609 1.41909 1.11587 1.80886 1.48812 1.07554 1.00777 0.944267 2.40681 2.04711 2.61074 2.11527 1.96696 2.4718 3.40476 1.91321 4.83935 2.24071 2.3523 1.77855 1.65474 1.63612 2.33024
threshold=57.750000000000007 0.95000000000000007 0.65000000000000002 5.8500000000000005 1.4500000000000002 1.2500000000000002 1.8666666666666634 168.50000000000003 6.1500000000000012 1.8500000000000003 0.6078576107927941 2.7500000000000004 1.0500000000000003 53.500000000000007 90.500000000000014 23.500000000000004 8.2604166666666696 12.65 -0.25881904510252113 108.50000000000001 4.7500000000000009 1.0000000180025095e-35 14.050000000000002 7.7999999999999963 4.2500000000000009 0.37940952255126054 45.500000000000007 57.500000000000007 7.6500000000000012 10.850000000000003
decision_type=2 2 2 2 2 2 2 2 2 2 2 2 2 2 2 2 2 2 2 2 2 2 2 2 2 2 2 2 2 2
left_child=1 2 8 -4 5 -3 12 -8 -1 10 11 -6 -7 -5 15 16 18 -18 26 20 21 -16 23 24 -17 -26 -11 -22 29 -25
right_child=-2 4 3 13 9 6 7 -9 -10 14 -12 -13 -14 -15 19 22 17 -19 -20 -21 27 -23 -24 28 25 -27 -28 -29 -30 -31
leaf_value=-0.023618799551220749 -0.038289216015760276 -0.025390913854481702 -7.4087394398212328e-05 0.0050236794155360974 -0.0004791908008638757 0.0021776901896704537 0.01921862408099578 -0.0021162740188749043 0.0022165963798782685 -0.027209699500828348 -0.014871574461878985 0.015006726184136508 -0.0071833463325939872 0.018244196663125295 0.024528343244696736 0.00076683195582383235 0.037628598537106907 -0.024509901810753833 0.050980265667019256 -0.00092021473221212343 0.0005569030977311362 -0.010875978404507073 0.015186140608330444 -0.031658631014151874 0.019089632747278193 -0.034194542814277223 -0.011248782914571827 -0.01785383641612711 -0.050061313273114694 0.003460756767532791
leaf_weight=52 27 29 41 44 35 27 43 63 25 62 36 63 90 33 52 187 103 43 25 4959 26 40 70 65 172 26 75 113 31 32
leaf_count=52 27 29 41 44 35 27 43 63 25 62 36 63 90 33 52 187 103 43 25 4959 26 40 70 65 172 26 75 113 31 32
internal_value=-0.000403587 -0.000366201 0.0027551 0.00605042 -0.00046073 -0.00347826 -0.00223214 0.00224299 -0.00230769 -0.000337838 0.00325926 0.00606061 -0.00627119 0.00948718 -0.000417626 0.000784753 -0.0020712 0.00136054 -0.00515337 -0.000624157 -0.00422414 0.000860215 0.00229452 0.00143969 0.00367876 0.00663317 -0.00710145 -0.00757143 -0.00527132 -0.00265306
internal_weight=6689 6662 195 118 6467 252 223 106 77 6215 134 98 117 77 6081 891 308 146 162 5190 231 92 583 513 385 198 137 139 128 97
internal_count=6689 6662 195 118 6467 252 223 106 77 6215 134 98 117 77 6081 891 308 146 162 5190 231 92 583 513 385 198 137 139 128 97
is_linear=0
shrinkage=0.04


Tree=191
num_leaves=31
num_cat=0
split_feature=8 3 5 13 12 19 8 4 4 9 3 3 9 20 4 0 7 12 10 1 1 3 3 1 13 3 8 9 9 13
split_gain=1.116 2.48562 2.30429 2.27792 4.73132 4.33695 2.90786 3.65835 2.63388 3.75936 2.87997 2.37306 2.30465 2.12215 2.70777 5.84794 1.88638 1.6831 3.57443 1.53706 1.74883 1.60904 1.94 1.88962 1.49086 1.79389 1.72001 1.4504 1.43967 1.40103
threshold=14.850000000000003 3.8500000000000001 20.250000000000004 1.9500000000000002 78.500000000000014 0.6078576107927941 16.950000000000003 26.650000000000002 10.65 77.500000000000014 12.750000000000002 14.050000000000002 51.500000000000007 -0.56174490092936669 14.350000000000003 29.000000000000004 12.852083333333335 47.500000000000007 7.4500000000000011 12.750000000000002 12.550000000000002 15.350000000000003 16.550000000000004 8.4500000000000011 1.8500000000000003 13.550000000000002 14.15 58.500000000000007 66.500000000000014 5.4500000000000011
decision_type=2 2 2 2 2 2 2 2 2 2 2 2 2 2 2 2 2 2 2 2 2 2 2 2 2 2 2 2 2 2
left_child=2 -2 19 4 5 6 -3 28 9 10 27 -12 -10 14 -14 -16 -13 -15 -19 20 21 -1 -23 -24 -21 26 -26 -5 -8 -27
right_child=1 3 -4 8 -6 -7 7 -9 12 -11 11 16 13 17 15 -17 -18 18 -20 24 -22 22 23 -25 25 29 -28 -29 -30 -31
leaf_value=-0.00031560353837085665 -0.037943641150410379 0.037841304250397896 -0.01741966207173096 -0.011546493675168934 0.047121408676484788 0.65322381191522283 -0.1246607203990352 0.087519758271062148 0.011776645975871532 0.021271845552467996 0.013682190335130393 -0.043197013305113219 0.1173595071484943 -0.022102049237004602 -0.099714974465245312 0.2879442268881931 -0.0082311074414573148 0.038096764433265838 -0.01484553968987555 0.065681636428121554 -0.034662428531202903 0.051297102132514157 -0.017895380938625943 0.0096099479045125766 0.056741173691920235 -0.030594256787196343 -0.0058056916940667945 -0.051997332197845393 -0.029750576832744145 0.0089375450993447996
leaf_weight=5424 33 32 92 36 54 26 40 30 49 41 35 39 41 108 30 25 38 45 67 36 26 42 27 65 36 28 26 58 28 32
leaf_count=5424 33 32 92 36 54 26 40 30 49 41 35 39 41 108 30 25 38 45 67 36 26 42 27 65 36 28 26 58 28 32
internal_value=-0.000403587 -0.00175234 -0.000205656 -0.00131227 0.00227488 -0.00127389 -0.00427481 -0.00767677 -0.00254486 -0.00572581 -0.00792271 -0.00353982 -0.000382514 -0.00164038 0.00329897 -0.0025 -0.0074359 -0.0038009 -0.000353982 -0.000104475 -0.000214861 -0.000165497 0.00414815 0.000860215 0.00377358 0.00162602 0.00634921 -0.0130526 -0.0127536 -0.00327869
internal_weight=6689 855 5834 822 210 156 130 98 612 247 206 112 365 316 96 55 77 220 112 5742 5584 5558 134 92 158 122 62 94 68 60
internal_count=6689 855 5834 822 210 156 130 98 612 247 206 112 365 316 96 55 77 220 112 5742 5584 5558 134 92 158 122 62 94 68 60
is_linear=0
shrinkage=0.04


Tree=192
num_leaves=31
num_cat=0
split_feature=4 1 0 11 0 0 13 6 16 11 7 13 7 1 19 13 13 20 5 6 9 16 13 20 6 0 12 12 16 12
split_gain=1.24318 1.08641 1.89099 1.50366 1.48732 1.44016 1.30891 2.60935 1.76672 1.34555 1.26955 3.11847 3.29032 4.63069 4.60406 2.88437 2.44912 3.90017 4.06052 4.42956 3.53286 3.84214 3.67555 3.22287 2.98378 3.09104 2.43661 3.27919 3.0203 1.77486
threshold=49.100000000000009 0.95000000000000007 0.65000000000000002 5.8500000000000005 1.4500000000000002 0.45000000000000007 1.2500000000000002 1.9166666666666636 357.50000000000006 10.750000000000002 4.4979166666666677 13.750000000000002 3.6854166666666672 2.9500000000000006 -1.0000000180025095e-35 1.6500000000000001 1.6500000000000001 -0.56174490092936669 2.7500000000000004 2.8999999999999981 63.500000000000007 142.50000000000003 9.9500000000000011 0.81174490092936691 3.2333333333333303 2.4500000000000006 79.500000000000014 64.500000000000014 37.500000000000007 30.500000000000004
decision_type=2 2 2 2 2 2 2 2 2 2 2 2 2 2 2 2 2 2 2 2 2 2 2 2 2 2 2 2 2 2
left_child=1 2 5 -4 6 -1 -3 9 -9 -8 11 12 16 -14 15 -15 24 18 19 -18 23 -22 -23 -19 25 -6 27 -17 -28 -16
right_child=-2 4 3 -5 10 -7 7 8 -10 -11 -12 -13 13 14 29 26 17 20 -20 -21 21 22 -24 -25 -26 -27 28 -29 -30 -31
leaf_value=0.001654086800834822 -0.031934103569578341 -0.024362653158767601 -5.8499757087453476e-05 0.011830942822740456 -0.0026163013830173298 -0.019209981768854866 -0.0077990011190316013 0.018420908832589868 -0.0022755487627209672 0.0016367136250685199 -0.0010977760532679781 0.033643018177579621 0.045369816799400199 0.071919970360523708 0.080916360372800825 -0.0026055799885353536 -0.0097302250957733531 0.040810234626275935 -0.015816444766769352 0.027600624067883075 -0.0077762273067424476 0.0073451353168951881 -0.012546496026037204 -0.0059679043270083913 -0.026581965741175797 0.0051365989859743699 0.001850879118308182 0.18606271547278255 -0.03951423173716137 -0.010292468694875368
leaf_weight=40 56 29 41 77 78 37 95 40 60 28 4365 61 113 44 29 48 62 155 124 47 224 213 51 51 138 85 30 48 29 191
leaf_count=40 56 29 41 77 78 37 95 40 60 28 4365 61 113 44 29 48 62 155 124 47 224 213 51 51 138 85 30 48 29 191
internal_value=-0.000433483 -0.000382876 0.00255102 0.00571429 -0.000472123 -0.00230769 -0.00347826 -0.00241071 0.00237624 -0.00629032 -0.000349119 0.00053787 0.000227144 0.00285178 0.000904762 0.0053 -0.00091131 0.000107759 -0.00435897 0.00127273 0.00161151 -0.000245399 0.00301887 0.00599034 -0.00403974 -0.000365854 0.00269231 0.00659794 -0.00366667 -0.00307692
internal_weight=6689 6633 195 118 6438 77 252 223 100 123 6186 1821 1760 532 419 199 1228 927 233 109 694 488 264 206 301 163 155 96 59 220
internal_count=6689 6633 195 118 6438 77 252 223 100 123 6186 1821 1760 532 419 199 1228 927 233 109 694 488 264 206 301 163 155 96 59 220
is_linear=0
shrinkage=0.04


Tree=193
num_leaves=31
num_cat=0
split_feature=2 14 3 4 16 8 4 6 19 6 8 6 7 0 17 5 3 19 3 19 16 1 5 16 17 6 14 18 5 0
split_gain=1.27464 1.21427 2.04771 1.16068 2.50115 2.39034 2.8371 2.83051 2.88893 3.06291 1.94855 1.93796 1.74597 1.7308 1.6722 2.76778 2.69989 2.47785 2.18869 1.85241 1.84908 1.58964 3.56747 3.42822 4.42487 4.0845 3.92916 3.25526 2.69565 2.84621
threshold=0.45000000000000007 358.50000000000006 4.2500000000000009 1.9500000000000002 17.500000000000004 3.2500000000000004 1.7500000000000002 1.6833333333333289 -1.0000000180025095e-35 2.8333333333333299 1.6500000000000001 2.599999999999997 4.8062500000000012 3.7500000000000004 0.60355339059327384 2.3500000000000001 6.1500000000000012 0.6078576107927941 3.7500000000000004 -1.0000000180025095e-35 42.500000000000007 5.1500000000000012 18.250000000000004 97.500000000000014 -0.25881904510252113 2.1166666666666636 175.50000000000003 -0.12940952255126037 7.4500000000000011 2.8500000000000001
decision_type=2 2 2 2 2 2 2 2 2 2 2 2 2 2 2 2 2 2 2 2 2 2 2 2 2 2 2 2 2 2
left_child=-1 3 -3 4 13 7 14 10 11 -10 -6 -9 -8 -2 16 -16 17 18 20 -17 -7 22 23 26 27 -26 -5 -25 29 -27
right_child=1 2 -4 21 5 6 12 8 9 -11 -12 -13 -14 -15 15 19 -18 -19 -20 -21 -22 -23 -24 24 25 28 -28 -29 -30 -31
leaf_value=0.0062505014234026032 -0.0034189428776433316 0.004293591334478126 -0.043947060173455101 0.0034582581210801421 -0.0015421454637703836 0.011498514638867023 -0.0025620006308556321 0.02637742135226322 -0.030466898323274049 -0.00039645430729546405 0.011512597011501979 -0.0052657523722327241 -0.025171520477784898 -0.04406452566069579 0.10640888233076908 0.029857610559453109 0.046468006487568124 0.0044688621266457318 -0.025396407950775881 -0.00096000674184065109 -0.021344480472305322 -0.0016132633758970984 -0.035334740022340765 0.021402196597615272 -0.0021301849290715326 0.038931609820381609 -0.0067290859828525382 -0.00085623139605328191 0.062608898347189704 0.0018877585047372492
leaf_weight=51 42 26 42 456 57 26 52 27 78 36 36 28 28 39 32 47 40 39 29 73 42 3403 33 172 75 78 517 765 138 182
leaf_count=51 42 26 42 456 57 26 52 27 78 36 36 28 28 39 32 47 40 39 29 73 42 3403 33 172 75 78 517 765 138 182
internal_value=-0.000469357 -0.00051815 -0.0057971 -0.000462639 -0.00194149 -0.00113264 0.000782396 -0.00410646 -0.00717647 -0.0107826 0.00148936 0.000357143 -0.00592593 -0.00853659 0.00243161 0.0054902 -0.000225989 -0.00291971 -0.00632653 0.00264463 -0.00231884 -0.000271478 0.000513033 0.000696309 0.00195606 0.00510549 -0.00112936 0.000362473 0.00671679 0.00429119
internal_weight=6689 6638 68 6570 751 670 408 262 169 114 93 55 80 81 328 152 176 136 97 120 68 5819 2416 2383 1410 473 973 937 398 260
internal_count=6689 6638 68 6570 751 670 408 262 169 114 93 55 80 81 328 152 176 136 97 120 68 5819 2416 2383 1410 473 973 937 398 260
is_linear=0
shrinkage=0.04


Tree=194
num_leaves=31
num_cat=0
split_feature=8 16 16 16 11 5 19 19 0 3 10 14 12 9 12 8 20 17 12 14 16 7 14 11 16 15 9 14 14 8
split_gain=1.32748 2.4216 2.19298 2.57096 2.11866 1.99786 1.84738 1.67889 3.34392 3.45353 1.77833 2.15933 3.20364 4.6784 2.19606 3.16491 1.76462 1.6662 1.61298 1.4988 3.07832 3.75504 2.75135 2.77858 2.37872 2.85683 2.4529 4.13227 3.16471 2.48004
threshold=14.850000000000003 127.50000000000001 277.50000000000006 417.50000000000006 20.850000000000005 20.250000000000004 1.0000000180025095e-35 0.6078576107927941 17.650000000000002 10.550000000000002 10.250000000000002 181.50000000000003 76.500000000000014 55.500000000000007 69.500000000000014 20.150000000000002 -0.56174490092936669 -0.5 84.500000000000014 171.50000000000003 32.500000000000007 1.9000000000000001 164.50000000000003 5.6500000000000012 42.500000000000007 0.15000000000000005 69.500000000000014 193.50000000000003 192.50000000000003 8.1500000000000004
decision_type=2 2 2 2 2 2 2 2 2 2 2 2 2 2 2 2 2 2 2 2 2 2 2 2 2 2 2 2 2 2
left_child=5 7 17 -4 -5 19 -6 10 9 -9 -2 14 16 -14 -12 -16 -13 -3 -7 20 22 -22 23 -1 26 -26 28 -28 -21 -30
right_child=1 2 3 4 6 18 -8 8 -10 -11 11 12 13 -15 15 -17 -18 -19 -20 24 21 -23 -24 -25 25 -27 27 -29 29 -31
leaf_value=0.0010779997562542221 0.0083550997670272138 -0.0013259751511981754 0.013759944091442006 0.039295584022430323 -0.051612784396507579 -0.037813742696945062 8.6712050225621343e-05 0.073180304728801285 0.16892709003437154 -0.015149324208904425 0.015060174185900888 -0.018510464100453421 0.1494673597612676 -0.025561031747889144 0.0070888985281203536 -0.046460558392253333 -0.057531021065160441 -0.047843695063084939 0.0011937206829940195 0.0014603886627337736 -0.029315034020177749 0.00016366938988525705 0.048350124593503595 0.016809595924123285 -0.00039513504507521447 0.0070698364621593866 -0.026056841633989147 -0.0019594447138335624 -0.013383036246083231 0.0029230076812337205
leaf_weight=231 118 26 54 54 113 65 44 26 30 25 58 40 27 25 47 39 70 59 27 442 29 2165 84 37 1921 151 162 137 277 106
leaf_count=231 118 26 54 54 113 65 44 26 30 25 58 40 27 25 47 39 70 59 27 442 29 2165 84 37 1921 151 162 137 277 106
internal_value=-0.000421525 -0.00189252 -0.00444444 -0.00263158 -0.00462264 -0.000205656 -0.00696203 -0.000118577 0.00512195 -0.00115385 -0.00112941 -0.00273616 -0.00588957 0.00226415 0.000827586 -0.00321839 -0.00972973 -0.01 -0.00602151 -0.00011144 0.000612485 5.46697e-05 0.00407932 0.00208178 -0.000688145 0.000115774 -0.00216889 -0.00526667 -0.00104116 -0.00369792
internal_weight=6689 855 350 265 211 5834 157 505 81 51 424 306 162 52 144 86 110 85 92 5742 2546 2194 352 268 3196 2072 1124 299 825 383
internal_count=6689 855 350 265 211 5834 157 505 81 51 424 306 162 52 144 86 110 85 92 5742 2546 2194 352 268 3196 2072 1124 299 825 383
is_linear=0
shrinkage=0.04


Tree=195
num_leaves=31
num_cat=0
split_feature=11 7 17 1 2 1 2 14 14 1 5 2 5 2 9 13 1 8 1 5 20 13 16 0 7 2 13 5 2 5
split_gain=1.78237 1.43535 2.23395 3.25862 1.96482 1.60668 2.40479 1.56947 2.64418 1.51226 1.89045 1.69759 3.16785 2.38879 1.55845 1.437 1.87763 1.41251 1.96545 1.39363 1.37844 2.60651 1.96228 2.03813 1.51103 1.38468 1.3388 1.26907 1.14657 3.06303
threshold=-12.249999999999998 12.052083333333334 -1.0000000180025095e-35 16.850000000000005 15.15 22.450000000000003 10.550000000000002 248.50000000000003 213.50000000000003 16.950000000000003 9.8500000000000032 12.750000000000002 5.3500000000000005 15.850000000000003 126.00000000000001 1.3500000000000003 13.350000000000003 32.750000000000007 50.45000000000001 9.2500000000000018 -0.56174490092936669 4.9500000000000011 522.50000000000011 13.350000000000003 14.672916666666667 13.350000000000003 1.7500000000000002 20.050000000000004 8.3500000000000032 7.3500000000000005
decision_type=2 2 2 2 2 2 2 2 2 2 2 2 2 2 2 2 2 2 2 2 2 2 2 2 2 2 2 2 2 2
left_child=-1 9 5 4 15 6 -3 8 19 11 -11 14 13 -13 27 -4 -17 -7 -19 -5 21 -8 23 -22 -25 -24 -14 28 -2 -30
right_child=1 2 3 7 -6 17 20 -9 -10 10 -12 12 26 -15 -16 16 -18 18 -20 -21 22 -23 25 24 -26 -27 -28 -29 29 -31
leaf_value=-0.013197458382799817 0.00012325168289555321 -0.010126116396420297 0.0040065945057853724 0.011982993189373233 -0.043912884895297821 -0.082482948612861762 -0.029655765269973919 -0.040508556731204667 0.33377183141990668 -0.042688445326890125 0.013376373045116203 0.073187139145643634 -0.037582587217345795 -0.00061200670866852654 -0.059525870891823589 -0.016588350512554709 0.0026216253251298482 0.04424646497663115 -0.04945391719138037 -0.012413115991182196 0.10716158964997426 0.022336466866058908 0.012894503607199521 -0.0024009604373937598 0.11900156729623461 -0.0054573489392101496 0.0020033953622957059 -0.033557694900559161 -0.015173037623871686 0.0018136812809372315
leaf_weight=32 4349 63 27 26 48 35 25 26 31 50 26 74 44 28 25 156 41 30 25 120 29 33 32 25 28 83 140 31 499 474
leaf_count=32 4349 63 27 26 48 35 25 26 31 50 26 74 44 28 25 156 41 30 25 120 29 33 32 25 28 83 140 31 499 474
internal_value=-0.000423678 -0.000377415 -0.00187783 -0.0037395 -0.00659341 0.000293399 0.00163009 9.80392e-05 0.00146067 -0.000146316 -0.00571429 -7.0609e-05 0.00292683 0.00854369 -0.000230526 -0.00497778 -0.00616162 -0.0043956 -0.000357143 -0.000816327 0.00335937 -0.0020339 0.00494949 0.00963855 0.00481481 0.00155172 -0.000216216 -0.000183041 -0.000135262 -0.00137577
internal_weight=6655 6623 883 475 272 408 318 203 177 5740 76 5664 286 102 5378 224 197 90 55 146 255 58 197 82 53 115 184 5353 5322 973
internal_count=6655 6623 883 475 272 408 318 203 177 5740 76 5664 286 102 5378 224 197 90 55 146 255 58 197 82 53 115 184 5353 5322 973
is_linear=0
shrinkage=0.04


Tree=196
num_leaves=31
num_cat=0
split_feature=11 16 5 2 12 13 9 7 2 0 14 9 13 2 7 7 16 5 11 13 13 2 2 7 15 7 19 14 11 11
split_gain=1.37515 1.24146 1.06794 1.0627 1.03101 3.46334 1.96425 1.93752 1.09971 1.12214 2.59254 1.01102 1.33763 1.10147 1.66461 0.904263 0.902698 2.66524 2.25455 1.60468 1.47984 3.1889 2.21509 1.90788 2.06107 1.71407 2.35781 1.80273 3.59771 2.3496
threshold=-12.249999999999998 2905.0000000000005 7.0500000000000007 50.45000000000001 92.500000000000014 3.9500000000000006 45.500000000000007 7.2791666666666677 0.45000000000000007 0.75000000000000011 188.50000000000003 34.500000000000007 3.7500000000000004 41.600000000000001 34.095833333333339 3.4354166666666672 2192.5000000000005 10.450000000000001 17.850000000000005 7.2500000000000009 10.65 8.4500000000000011 7.6500000000000012 10.427083333333336 0.15000000000000005 7.4395833333333341 -1.0000000180025095e-35 281.50000000000006 5.7500000000000009 5.1500000000000012
decision_type=2 2 2 2 2 2 2 2 2 2 2 2 2 2 2 2 2 2 2 2 2 2 2 2 2 2 2 2 2 2
left_child=-1 3 -3 4 8 6 -6 -8 -2 10 15 12 -11 14 16 -10 20 18 -18 -20 -13 22 23 24 25 27 -27 28 -22 -29
right_child=1 2 -4 -5 5 -7 7 -9 9 11 -12 13 -14 -15 -16 -17 17 -19 19 -21 21 -23 -24 -25 -26 26 -28 29 -30 -31
leaf_value=-0.012669560047487814 0.006133051949945614 -0.0099265949402811242 -0.015001061375458509 -0.029832443549339623 0.0065828374366339662 -0.029764218445696305 0.0029885426660901347 -0.0080859876674739088 0.0093183975514853929 -0.02612803758545244 -0.019229066591938793 6.2022895184838945e-05 0.00047422575504050716 0.2747615723087577 -0.084324638510728522 -0.021451094016015668 -0.010239657047709213 -0.021316155973242629 0.0030544236618639076 0.02659407162966888 -0.026886050658852696 -0.033050838838968311 0.041049624015658072 -0.022517873719439193 0.0287240551521462 0.095557255659697374 -0.012314800474239362 0.021954461159996157 -0.002027324623025253 -0.012044993907787412
leaf_weight=32 53 36 29 42 29 33 46 29 26 26 57 5363 27 27 28 26 30 33 51 86 41 91 26 37 28 29 25 27 208 34
leaf_count=32 53 36 29 42 29 33 46 29 26 26 57 5363 27 27 28 26 30 33 51 86 41 91 26 37 28 29 25 27 208 34
internal_value=-0.000339543 -0.000298913 -0.00575758 -0.00024394 -0.000202547 -0.00362319 0 -0.00342105 -0.000128527 -0.000177019 -0.00418182 -0.000106143 -0.00555556 -5.83942e-05 -9.44933e-05 0.00226415 -4.90998e-05 0.00258706 0.00464286 0.00681159 -0.000138748 -0.00212066 -0.000745614 -0.00144186 -0.000610687 -0.00142466 0.00509091 -0.00257235 -0.00408 0.00354839
internal_weight=6655 6623 65 6558 6516 137 104 75 6379 6326 109 6217 53 6164 6137 52 6109 200 167 137 5909 546 455 429 392 364 54 310 249 61
internal_count=6655 6623 65 6558 6516 137 104 75 6379 6326 109 6217 53 6164 6137 52 6109 200 167 137 5909 546 455 429 392 364 54 310 249 61
is_linear=0
shrinkage=0.04


Tree=197
num_leaves=31
num_cat=0
split_feature=1 11 9 10 12 4 11 9 7 15 7 6 9 9 3 1 7 16 11 7 13 0 10 11 13 20 4 6 16 7
split_gain=1.17486 1.01933 0.967333 0.93479 3.22586 1.92882 1.78429 1.46224 2.16205 1.49718 2.5955 1.66104 1.43783 1.44451 1.42117 2.77904 2.50676 2.18401 3.74048 2.33739 2.249 2.09019 2.0473 2.01608 3.61445 3.04639 1.9463 1.83927 2.9418 2.79616
threshold=50.45000000000001 -12.249999999999998 31.500000000000004 5.6500000000000012 87.500000000000014 2.5500000000000003 25.750000000000004 52.500000000000007 6.885416666666667 0.25000000000000006 3.2625000000000006 8.3083333333333336 64.500000000000014 71.500000000000014 12.350000000000003 5.1500000000000012 10.225000000000001 1627.5000000000002 26.750000000000004 7.9145833333333346 6.6500000000000012 7.4500000000000011 0.75000000000000011 9.3500000000000032 2.9500000000000006 -0.56174490092936669 11.450000000000001 4.7166666666666659 897.50000000000011 9.5479166666666675
decision_type=2 2 2 2 2 2 2 2 2 2 2 2 2 2 2 2 2 2 2 2 2 2 2 2 2 2 2 2 2 2
left_child=1 -1 -3 4 7 -6 -5 8 -4 14 -11 -12 -7 -14 15 27 -16 20 21 -20 22 -19 -17 25 -25 -24 -21 29 -29 -9
right_child=-2 2 3 6 5 12 -8 9 -10 10 11 -13 13 -15 16 17 -18 18 19 26 -22 -23 23 24 -26 -27 -28 28 -30 -31
leaf_value=-0.012162777645588286 -0.028297570510063538 -0.0046054267206606173 0.074686067327786848 0.00016583973517509065 0.0013510388113225247 -0.028185805536766903 0.13088925932126791 -0.00037471718258551333 -0.00087307774877412928 -0.0059288397508753124 0.038613393824951638 -0.00094742317728886867 0.0024311954225514753 -0.015494828203153866 0.05528340538526301 -0.085715659533255925 0.00040754425263385131 -0.0022806964309852874 0.01534004198575838 -0.090405961513147046 -0.031907525150372804 0.094114415514930452 0.0039536560204681418 -0.031219391044751035 0.0089450411339066713 -0.020410520649993699 -0.0059041557218969844 0.037347874574094338 -0.011028477223193729 -0.018861726054331653
leaf_weight=32 43 34 36 3444 49 46 47 1271 28 27 54 25 30 35 59 28 359 25 30 30 240 41 31 71 150 102 35 119 99 35
leaf_count=32 43 34 36 3444 49 46 47 1271 28 27 54 25 30 35 59 28 359 25 30 30 240 41 31 71 150 102 35 119 99 35
internal_value=-0.000303486 -0.000260094 -0.00022489 -0.0001894 -0.000700262 -0.00621118 0.000257732 -0.000393646 0.00553846 -0.000529661 0.00411215 0.00775 -0.00910714 -0.00515152 -0.000711665 -0.00110052 0.00143198 -0.00303571 0.00111111 -0.00395833 -0.00410915 0.00835821 -0.00219321 -0.00135211 0.000990991 -0.00522388 -0.00818182 -0.000104918 0.00328767 -0.000673298
internal_weight=6655 6612 6580 6546 3055 160 3491 2895 64 2831 106 79 111 65 2725 2307 418 783 161 95 622 66 382 354 221 133 65 1524 218 1306
internal_count=6655 6612 6580 6546 3055 160 3491 2895 64 2831 106 79 111 65 2725 2307 418 783 161 95 622 66 382 354 221 133 65 1524 218 1306
is_linear=0
shrinkage=0.04


Tree=198
num_leaves=31
num_cat=0
split_feature=7 17 1 2 3 7 20 7 9 0 13 5 18 8 13 7 20 1 2 5 2 13 8 9 5 8 5 19 5 4
split_gain=1.06158 1.71035 2.75786 1.92368 1.62383 2.22236 3.19129 1.46318 2.43842 2.02874 1.59482 2.81382 1.384 1.91451 2.27434 1.38299 1.35321 1.25724 1.97572 2.7109 3.52602 1.94649 1.56321 1.37909 2.71369 4.06718 1.28435 1.24273 1.99699 1.91576
threshold=12.052083333333334 -1.0000000180025095e-35 16.850000000000005 15.15 50.45000000000001 13.202083333333333 1.0000000180025095e-35 14.312500000000002 114.50000000000001 13.350000000000003 6.8500000000000005 11.850000000000003 -0.5 21.750000000000004 3.3500000000000001 12.952083333333336 -0.56174490092936669 16.950000000000003 12.750000000000002 5.3500000000000005 15.950000000000001 2.6500000000000008 21.050000000000004 115.50000000000001 7.4500000000000011 5.4500000000000011 20.050000000000004 -0.60785761079279388 13.15 11.750000000000002
decision_type=2 2 2 2 2 2 2 2 2 2 2 2 2 2 2 2 2 2 2 2 2 2 2 2 2 2 2 2 2 2
left_child=17 4 3 27 5 6 -2 9 10 -7 11 -9 13 -4 -15 -8 -13 18 23 20 -20 -19 -23 26 25 -25 -1 28 -3 -29
right_child=1 2 12 -5 -6 7 15 8 -10 -11 -12 16 -14 14 -16 -17 -18 21 19 -21 -22 22 -24 24 -26 -27 -28 29 -30 -31
leaf_value=-0.00011651820057579699 -0.081627114168348031 -0.023976780323394314 0.059966859519828331 -0.04156895917788269 -0.082777889948874583 0.0253087719860331 0.0056871850316725014 -0.0091987235064332935 0.14230941843368114 -0.00039558912108048186 -0.03903441927939081 -0.010208946403256825 -0.013030768026679169 -0.03853116595405396 0.015680364974192999 -0.02451610432217283 0.070959096378554923 0.0067506697475826979 0.061546351265339187 0.00027627598559234914 -0.0067159212286987289 -0.040348554721317938 -0.003998777904580351 0.01091970280138467 0.052405841551952256 -0.068772380455433546 -0.032202879333040751 -0.061192451469425695 0.0094943540469986584 -0.0084720999760946117
leaf_weight=5279 34 25 31 48 29 40 56 35 30 25 32 28 115 26 31 25 74 25 80 184 26 26 25 28 26 42 31 40 42 117
leaf_count=5279 34 25 31 48 29 40 56 35 30 25 32 28 115 26 31 25 74 25 80 184 26 26 25 28 26 42 31 40 42 117
internal_value=-0.000315505 -0.00160633 -0.00323529 -0.00586081 0.000293399 0.001 -0.00362069 0.00301887 0.0013 0.00818182 -0.000588235 0.00130435 0.000294118 0.00404494 -0.000344828 0.000731707 0.00466019 -0.00011779 -4.91487e-05 0.00316151 0.0082243 -0.00519481 -0.00961538 -0.000221935 -0.00494845 -0.00901408 -0.000135568 -0.00426667 0.000294118 -0.00620253
internal_weight=6655 883 475 272 408 379 115 264 199 65 169 137 203 88 57 81 102 5772 5696 290 106 76 51 5406 96 70 5310 224 67 157
internal_count=6655 883 475 272 408 379 115 264 199 65 169 137 203 88 57 81 102 5772 5696 290 106 76 51 5406 96 70 5310 224 67 157
is_linear=0
shrinkage=0.04


Tree=199
num_leaves=31
num_cat=0
split_feature=7 11 6 8 10 12 0 13 17 3 12 6 7 7 20 7 18 16 14 11 5 5 8 11 10 0 11 16 17 18
split_gain=1.8051 1.84949 1.76417 1.83097 1.81755 3.17655 1.70151 1.69695 1.58828 1.88736 2.42857 1.7423 1.48806 2.29973 2.93318 1.41135 1.35982 1.54633 1.25947 1.24947 2.07502 1.94961 1.60309 1.06192 1.06088 2.9394 2.71453 2.69363 3.54756 3.07489
threshold=12.052083333333334 32.650000000000013 16.791666666666671 17.450000000000003 1.9500000000000002 35.500000000000007 48.400000000000013 1.3500000000000003 -1.0000000180025095e-35 15.750000000000002 62.500000000000007 12.891666666666669 14.514583333333336 13.202083333333333 1.0000000180025095e-35 12.852083333333335 0.78656609248549303 1347.5000000000002 214.50000000000003 22.150000000000002 23.000000000000004 7.5500000000000007 22.850000000000005 -12.249999999999998 5.6500000000000012 14.65 25.550000000000004 192.50000000000003 0.37940952255126054 -0.3794095225512602
decision_type=2 2 2 2 2 2 2 2 2 2 2 2 2 2 2 2 2 2 2 2 2 2 2 2 2 2 2 2 2 2
left_child=23 2 7 -4 -5 -6 19 -2 12 10 16 -12 13 14 -9 -16 -10 -18 -15 20 21 -7 -23 -1 25 27 -26 -25 29 -29
right_child=1 -3 3 4 5 6 -8 8 9 -11 11 -13 -14 18 15 -17 17 -19 -20 -21 -22 22 -24 24 26 -27 -28 28 -30 -31
leaf_value=-0.012727001259546534 0.0050815631269473726 0.25806243090895492 0.018785695718710756 -0.077000367673521808 0.53729791893972045 0.0071549719240830353 -0.059889041696970118 -0.084876106540243343 -0.032459224336650862 -0.025682338044191955 -0.0037014488533336732 0.068283929485058042 -0.0074145707866077708 0.0070761090612496778 0.0054596976304055978 -0.017332057792889374 0.0050462553393865054 -0.016831950212665134 0.0014392455846969732 -0.032108683909517238 0.065198190840682957 -0.034093680170616349 0.0076682612753175049 -0.0037481593451735231 0.00037148837571834294 -0.030912028007151753 0.13191642514853277 0.013385421802732739 0.0094708861568991772 -0.0021848078457228225
leaf_weight=32 46 25 47 41 41 27 28 29 88 40 45 26 58 25 46 29 27 25 27 28 32 54 49 692 3049 58 37 226 303 1375
leaf_count=32 46 25 47 41 41 27 28 29 88 40 45 26 58 25 46 29 27 25 27 28 32 54 49 692 3049 58 37 226 303 1375
internal_value=-0.000375601 -0.00205882 -0.00237485 -0.000172414 -0.0013289 -7.69231e-05 -0.00200913 -0.00386719 -0.00459227 -0.00674603 -0.00518868 0.000833333 -0.00204651 0 -0.00342857 0.000789474 -0.00822695 -0.00301887 0.00679245 -0.000628272 0.000736196 -0.00152672 -0.00403846 -0.00011779 -7.66417e-05 -0.0006629 0.0004276 -0.000462072 0.000314961 -0.000436954
internal_weight=6655 883 858 347 300 259 218 511 465 251 211 71 214 156 104 75 140 52 52 190 162 130 103 5772 5740 2654 3086 2596 1904 1601
internal_count=6655 883 858 347 300 259 218 511 465 251 211 71 214 156 104 75 140 52 52 190 162 130 103 5772 5740 2654 3086 2596 1904 1601
is_linear=0
shrinkage=0.04


end of trees

feature_importances:
temp_c=628
pm2_5_mean24=516
pm2_5_lag24=476
o3=394
wind_dir=380
rh_pct=349
pm2_5_lag12=325
boundary_layer_m=278
no2=269
pm2_5_lag6=266
wind_kmh=265
dow_sin=258
pm10=227
pm2_5_lag3=222
pm2_5=217
dow_cos=211
pm2_5_mean6=189
pm2_5_lag1=169
hour_sin=151
hour_cos=151
precip_mm=59

parameters:
[boosting: gbdt]
[objective: quantile]
[metric: quantile]
[tree_learner: serial]
[device_type: cpu]
[data_sample_strategy: bagging]
[data: ]
[valid: ]
[num_iterations: 200]
[learning_rate: 0.04]
[num_leaves: 31]
[num_threads: 0]
[seed: 7]
[deterministic: 0]
[force_col_wise: 0]
[force_row_wise: 0]
[histogram_pool_size: -1]
[max_depth: -1]
[min_data_in_leaf: 25]
[min_sum_hessian_in_leaf: 0.001]
[bagging_fraction: 0.85]
[pos_bagging_fraction: 1]
[neg_bagging_fraction: 1]
[bagging_freq: 5]
[bagging_seed: 17422]
[bagging_by_query: 0]
[feature_fraction: 0.85]
[feature_fraction_bynode: 1]
[feature_fraction_seed: 7040]
[extra_trees: 0]
[extra_seed: 6516]
[early_stopping_round: 0]
[early_stopping_min_delta: 0]
[first_metric_only: 0]
[max_delta_step: 0]
[lambda_l1: 0]
[lambda_l2: 1]
[linear_lambda: 0]
[min_gain_to_split: 0]
[drop_rate: 0.1]
[max_drop: 50]
[skip_drop: 0.5]
[xgboost_dart_mode: 0]
[uniform_drop: 0]
[drop_seed: 15215]
[top_rate: 0.2]
[other_rate: 0.1]
[min_data_per_group: 100]
[max_cat_threshold: 32]
[cat_l2: 10]
[cat_smooth: 10]
[max_cat_to_onehot: 4]
[top_k: 20]
[monotone_constraints: ]
[monotone_constraints_method: basic]
[monotone_penalty: 0]
[feature_contri: ]
[forcedsplits_filename: ]
[refit_decay_rate: 0.9]
[cegb_tradeoff: 1]
[cegb_penalty_split: 0]
[cegb_penalty_feature_lazy: ]
[cegb_penalty_feature_coupled: ]
[path_smooth: 0]
[interaction_constraints: ]
[verbosity: -1]
[saved_feature_importance_type: 0]
[use_quantized_grad: 0]
[num_grad_quant_bins: 4]
[quant_train_renew_leaf: 0]
[stochastic_rounding: 1]
[linear_tree: 0]
[max_bin: 255]
[max_bin_by_feature: ]
[min_data_in_bin: 3]
[bin_construct_sample_cnt: 200000]
[data_random_seed: 61]
[is_enable_sparse: 1]
[enable_bundle: 1]
[use_missing: 1]
[zero_as_missing: 0]
[feature_pre_filter: 1]
[pre_partition: 0]
[two_round: 0]
[header: 0]
[label_column: ]
[weight_column: ]
[group_column: ]
[ignore_column: ]
[categorical_feature: ]
[forcedbins_filename: ]
[precise_float_parser: 0]
[parser_config_file: ]
[objective_seed: 15521]
[num_class: 1]
[is_unbalance: 0]
[scale_pos_weight: 1]
[sigmoid: 1]
[boost_from_average: 1]
[reg_sqrt: 0]
[alpha: 0.5]
[fair_c: 1]
[poisson_max_delta_step: 0.7]
[tweedie_variance_power: 1.5]
[lambdarank_truncation_level: 30]
[lambdarank_norm: 1]
[label_gain: ]
[lambdarank_position_bias_regularization: 0]
[eval_at: ]
[multi_error_top_k: 1]
[auc_mu_weights: ]
[num_machines: 1]
[local_listen_port: 12400]
[time_out: 120]
[machine_list_filename: ]
[machines: ]
[gpu_platform_id: -1]
[gpu_device_id: -1]
[gpu_use_dp: 0]
[num_gpu: 1]

end of parameters

pandas_categorical:[]
