tree
version=v4
num_class=1
num_tree_per_iteration=1
label_index=0
max_feature_idx=20
objective=quantile
feature_names=pm2_5 pm2_5_lag1 pm2_5_lag3 pm2_5_lag6 pm2_5_lag12 pm2_5_lag24 pm2_5_mean6 pm2_5_mean24 pm10 o3 no2 temp_c rh_pct wind_kmh wind_dir precip_mm boundary_layer_m hour_sin hour_cos dow_sin dow_cos
feature_infos=[0.10000000000000001:85.900000000000006] [0.10000000000000001:85.900000000000006] [0.10000000000000001:85.900000000000006] [0.10000000000000001:85.900000000000006] [0.10000000000000001:85.900000000000006] [0.10000000000000001:85.900000000000006] [0.14999999999999528:83.86666666666666] [0.67499999999999993:66.504166666666677] [0.10000000000000001:87.299999999999997] [21:148] [0:36.799999999999997] [-15:37.5] [9:98] [0:25.699999999999999] [1:360] [0:6.4000000000000004] [10:4085] [-1:1] [-1:1] [-0.97492791218182362:0.97492791218182362] [-0.90096886790241903:1]
tree_sizes=2623 2762 2780 2766 2772 2794 2763 2788 2777 2767 2775 2797 2742 2799 2790 2771 2785 2794 2774 2797 2792 2795 2776 2787 2803 2798 2804 2806 2821 2793 2815 2811 2805 2777 2777 2784 2787 2774 2785 2777 2796 2799 2822 2822 2806 2790 2821 2829 2837 2834 2814 2828 2824 2845 2847 2809 2806 2813 2821 2778 2803 2826 2847 2835 2814 2823 2820 2837 2821 2839 2840 2838 2861 2833 2804 2859 2830 2829 2850 2850 2854 2840 2849 2838 2858 2876 2842 2851 2834 2845 2814 2871 2849 2860 2870 2858 2858 2838 2837 2845 2805 2870 2805 2872 2821 2829 2830 2859 2843 2821 2856 2829 2864 2867 2852 2848 2876 2838 2828 2883 2815 2850 2863 2889 2844 2866 2821 2858 2846 2852 2838 2870 2858 2853 2835 2855 2859 2830 2864 2802 2829 2819 2849 2850 2868 2845 2833 2876 2846 2834 2863 2872 2850 2843 2865 2845 2871 2874 2835 2874 2844 2862 2854 2810 2855 2868 2879 2853 2841 2819 2872 2838 2839 2869 2814 2834 2866 2856 2867 2851 2883 2874 2855 2843 2847 2852 2851 2879 2866 2894 2887 2854 2876 2847 2865 2874 2823 2862 2848 2855

Tree=0
num_leaves=31
num_cat=0
split_feature=11 6 20 10 5 20 6 13 16 8 14 20 5 9 14 5 7 8 6 14 12 10 12 6 8 19 9 14 13 13
split_gain=36.9379 27.3376 13.4567 10.4552 5.89593 5.00747 6.08607 4.76854 4.60211 4.52348 3.96411 3.62994 3.47133 3.3149 3.26662 3.0551 2.55224 2.42472 4.14414 3.59404 2.76573 2.31633 3.38274 3.41557 2.68537 1.97704 1.89549 2.89443 1.71894 1.60174
threshold=13.250000000000002 16.791666666666671 0.81174490092936691 2.2500000000000004 31.850000000000005 1.0000000180025095e-35 6.9666666666666641 2.2500000000000004 62.500000000000007 16.450000000000003 126.50000000000001 -0.56174490092936669 14.350000000000003 122.50000000000001 213.50000000000003 10.550000000000002 5.3104166666666677 3.5500000000000003 5.3666666666666663 188.50000000000003 33.500000000000007 8.5500000000000025 51.500000000000007 8.2249999999999996 13.050000000000002 -0.60785761079279388 63.500000000000007 228.50000000000003 1.4500000000000002 1.9500000000000002
decision_type=2 2 2 2 2 2 2 2 2 2 2 2 2 2 2 2 2 2 2 2 2 2 2 2 2 2 2 2 2 2
left_child=-1 3 4 9 8 10 -7 14 28 13 -5 -10 16 -2 15 -8 29 -18 19 -19 -20 25 -23 -24 -25 -22 -9 -28 -3 -12
right_child=1 2 -4 5 -6 6 7 26 11 -11 12 -13 -14 -15 -16 -17 17 18 20 -21 21 22 23 24 -26 -27 27 -29 -30 -31
leaf_value=14.456000366210937 14.520000381469726 16.867200314330987 14.572000350952148 14.604800328445481 15.622800153446061 14.496000366210938 15.108800265502941 14.519200287628246 16.062800238323142 14.936800348472534 14.468000373840333 15.389998729228809 14.624000358581544 15.588000244140712 14.674400325393718 14.790400341606128 14.55600034236908 15.092400306797018 15.984000291824341 14.788800364685084 14.889200337696066 15.35120024089816 14.852800326538071 14.5040003490448 14.837600366973856 14.616000366210937 14.632000350952149 14.754000356197349 17.236000452041626 14.801200374889332
leaf_weight=4020 930 25 73 128 64 204 33 133 48 43 41 76 103 41 38 35 26 30 27 25 28 27 39 37 29 108 67 26 39 118
leaf_count=4020 930 25 73 128 64 204 33 133 48 43 41 76 103 41 38 35 26 30 27 25 28 27 39 37 29 108 67 26 39 118
internal_value=14.5999 14.6036 14.6144 14.602 14.6188 14.6044 14.6014 14.6048 14.6151 14.599 14.6065 14.6104 14.6078 14.5984 14.6117 14.6169 14.6091 14.6109 14.6117 14.6218 14.6098 14.6085 14.6123 14.6089 14.6032 14.6048 14.6015 14.6058 14.6238 14.6048
internal_weight=6661 2641 325 2316 252 1302 536 332 188 1014 766 124 638 971 106 68 535 376 350 55 295 268 132 105 66 136 226 93 64 159
internal_count=6661 2641 325 2316 252 1302 536 332 188 1014 766 124 638 971 106 68 535 376 350 55 295 268 132 105 66 136 226 93 64 159
is_linear=0
shrinkage=1


Tree=1
num_leaves=31
num_cat=0
split_feature=7 11 10 2 9 14 5 20 1 13 5 4 13 9 14 13 3 18 11 14 5 19 13 5 11 11 9 14 7 5
split_gain=31.7138 15.2932 10.8905 10.3165 7.96237 7.36912 9.21141 4.80305 4.49357 4.37217 3.60548 3.60608 5.55632 3.12908 2.92048 3.26806 4.2565 4.27053 2.82655 2.69047 3.53815 2.02517 2.02187 2.01801 2.87523 1.88856 1.87157 2.90541 1.86928 1.84482
threshold=15.456250000000002 13.050000000000002 2.0500000000000003 57.750000000000007 119.50000000000001 183.50000000000003 15.350000000000003 1.0000000180025095e-35 6.6500000000000012 2.0500000000000003 14.350000000000003 11.050000000000002 2.8500000000000001 126.00000000000001 126.50000000000001 1.3500000000000003 7.8500000000000005 -0.12940952255126037 19.650000000000002 213.50000000000003 10.850000000000003 -0.60785761079279388 3.8500000000000001 10.350000000000003 18.450000000000003 15.750000000000002 63.500000000000007 228.50000000000003 5.3104166666666677 7.4500000000000011
decision_type=2 2 2 2 2 2 2 2 2 2 2 2 2 2 2 2 2 2 2 2 2 2 2 2 2 2 2 2 2 2
left_child=1 29 13 4 5 25 -7 10 -9 19 11 14 -13 -3 -4 -16 17 23 -19 20 -10 -14 -8 24 -17 -2 -11 -28 -26 -1
right_child=3 2 7 -5 -6 6 22 8 9 26 -12 12 21 -15 15 16 -18 18 -20 -21 -22 -23 -24 -25 28 -27 27 -29 -30 -31
leaf_value=-0.170240022277832 -0.14495204916773438 -0.080800015258789062 -0.012992017334019721 0.93268789830393428 1.7178398952674152 0.082559901142220685 2.4781598973272354 -0.10384002990722657 0.48844788867188621 -0.096880025005255985 -0.020576035659768874 1.280639962577776 0.31075518104326755 0.83007994522086526 -0.026579215318294339 0.14795198500442674 0.051807961303782214 -0.22114402098848768 0.20896319605026828 0.061823953033488199 0.16638393817520189 0.040847983848500163 1.5132000035285842 0.5805519162559899 0.19008160925370296 0.15191351134569617 0.019443168069489734 0.14863997802733209 0.88391981942746745 -0.066240007019042937
leaf_weight=2898 60 900 93 27 26 51 44 195 33 156 106 31 35 28 60 75 125 46 77 40 38 75 25 40 28 129 85 34 36 1065
leaf_count=2898 60 900 93 27 26 51 44 195 33 156 106 31 35 28 60 75 125 46 77 40 38 75 25 40 28 129 85 34 36 1065
internal_value=-0.000168719 -0.000831112 0.00173556 0.0113278 0.00934524 0.00749677 0.0152066 0.00395174 0.00116151 0.00365891 0.00590821 0.00691967 0.0126479 -0.00162756 0.00550774 0.0067459 0.00797196 0.0105347 0.00474193 0.0103214 0.0149444 0.00828829 0.0246286 0.0144667 0.0120286 0.00254737 0.000942028 0.0047 0.0182154 -0.0023441
internal_weight=6661 6299 2336 362 335 309 120 1408 581 386 827 721 141 928 580 487 427 302 123 111 71 110 69 179 139 189 275 119 64 3963
internal_count=6661 6299 2336 362 335 309 120 1408 581 386 827 721 141 928 580 487 427 302 123 111 71 110 69 179 139 189 275 119 64 3963
is_linear=0
shrinkage=0.04


Tree=2
num_leaves=31
num_cat=0
split_feature=11 1 16 2 20 5 12 19 9 10 17 14 20 10 20 2 12 4 12 5 14 1 5 19 20 10 12 10 13 14
split_gain=26.0987 20.3951 11.11 5.4799 6.49187 4.24938 7.72278 7.54254 2.92724 3.649 3.25868 2.89982 2.70542 3.6266 2.4842 4.89683 4.18209 2.33205 2.15483 2.0558 1.80787 1.67314 1.64767 2.55313 3.00201 3.0893 3.23107 2.08435 1.60708 1.54958
threshold=13.250000000000002 27.850000000000005 612.50000000000011 57.750000000000007 -0.56174490092936669 6.8500000000000005 29.500000000000004 1.0000000180025095e-35 59.500000000000007 12.850000000000003 0.78656609248549325 314.50000000000006 1.0000000180025095e-35 10.950000000000001 -0.22252093395631442 8.3500000000000032 52.500000000000007 21.600000000000005 41.500000000000007 19.450000000000003 214.50000000000003 4.9500000000000011 7.4500000000000011 -1.0000000180025095e-35 1.0000000180025095e-35 12.850000000000003 77.500000000000014 6.7500000000000009 3.2500000000000004 138.50000000000003
decision_type=2 2 2 2 2 2 2 2 2 2 2 2 2 2 2 2 2 2 2 2 2 2 2 2 2 2 2 2 2 2
left_child=22 2 5 4 -3 12 7 -7 20 11 -11 14 13 -2 15 16 -10 -4 -15 -16 21 -8 -1 24 25 27 -27 28 -24 -30
right_child=1 3 17 -5 -6 6 8 -9 9 10 -12 -13 -14 18 19 -17 -18 -19 -20 -21 -22 -23 23 -25 -26 26 -28 -29 29 -31
leaf_value=-0.16343042138671871 0.037437364937904574 2.5282336255075051 -0.049568050652006236 0.89538038237177686 0.035528574206233031 0.018510048274530108 0.094650360519733731 1.7559135835655288 0.30414125063285397 1.3125344210838612 0.20026684390975227 1.4526396837683719 -0.095686413452148428 0.14834869869976935 0.0010026113318920497 0.058662278677561942 0.30537455279700676 1.0843294898352842 0.71360626603563859 0.12764647406392549 -0.047708460774834267 0.065000167138083237 1.2780095635071616 -0.13159039910888665 -0.19919044040303149 0.1588095619811925 0.23640933290859223 -0.047990432201313951 -0.20839042619325526 0.27360935875315096
leaf_weight=2927 225 50 1041 27 40 29 44 41 27 25 36 34 195 27 185 113 29 32 37 35 122 247 29 657 130 25 36 132 34 50
leaf_count=2927 225 50 1041 27 40 29 44 41 27 25 36 34 195 27 185 113 29 32 37 35 122 247 29 657 130 25 36 132 34 50
internal_value=-0.000258782 0.00282967 0.00206891 0.0190847 0.0140659 0.00434986 0.00588016 0.0185915 0.0048686 0.00697732 0.0160645 0.00563207 0.0012866 0.00373793 0.00462564 0.00825882 0.0178246 -0.00101676 0.0120615 0.00180995 0.00238647 0.00409589 -0.00228799 -0.00096161 0.00140961 0.00357003 0.0115484 0.00154471 0.00550877 0.00263529
internal_weight=6661 2641 2524 117 90 1451 967 70 897 484 61 423 484 289 389 169 56 1073 64 220 413 291 4020 1093 436 306 61 245 113 84
internal_count=6661 2641 2524 117 90 1451 967 70 897 484 61 423 484 289 389 169 56 1073 64 220 413 291 4020 1093 436 306 61 245 113 84
is_linear=0
shrinkage=0.04


Tree=3
num_leaves=31
num_cat=0
split_feature=0 2 11 11 10 20 13 9 20 15 6 13 3 13 16 11 18 11 0 3 11 10 7 10 10 13 19 11 1 13
split_gain=23.4298 13.7642 8.95068 7.7903 6.60286 6.43474 5.39901 5.12979 3.85835 3.94929 3.63333 3.55998 3.08854 4.8031 2.74005 2.64615 2.44134 3.42726 2.40718 4.12624 2.95113 3.06247 1.69363 1.64935 1.62638 1.50136 1.89421 5.25315 1.80875 1.45999
threshold=12.950000000000001 57.750000000000007 10.550000000000002 13.050000000000002 2.2500000000000004 0.81174490092936691 2.3500000000000001 120.50000000000001 1.0000000180025095e-35 0.15000000000000005 7.1249999999999973 2.8500000000000001 8.1500000000000004 1.6500000000000001 57.500000000000007 34.750000000000007 0.25881904510252057 25.050000000000004 5.9500000000000011 3.4500000000000006 17.150000000000002 8.5500000000000025 19.902083333333334 9.5500000000000025 11.250000000000002 5.1500000000000012 1.0000000180025095e-35 20.750000000000004 14.850000000000003 1.0500000000000003
decision_type=2 2 2 2 2 2 2 2 2 2 2 2 2 2 2 2 2 2 2 2 2 2 2 2 2 2 2 2 2 2
left_child=3 2 -2 -1 15 6 14 25 9 12 -10 23 13 -6 29 -5 18 -18 19 -15 -20 -22 -7 -12 -23 26 -8 -28 -27 -4
right_child=1 -3 5 4 8 22 7 -9 10 -11 11 -13 -14 16 -16 -17 17 -19 20 -21 21 24 -24 -25 -26 28 27 -29 -30 -31
leaf_value=-0.1310969446889739 -0.15162283965465245 0.85956516707690589 1.3219218130725399 -0.084785375687718698 -0.087866855220445142 -0.14657974510560215 0.10138391072262977 1.5250822069501002 -0.091858956914062526 0.25995576165713963 0.070064706704675336 -0.0066707302412795065 -0.013838314365587313 0.074247875924671261 1.0153892109831153 0.8418839400608199 -0.019002484754627222 0.20157616583700488 0.0010738265128835331 0.43150607826530257 0.038750102091830267 0.26140447361685332 0.24886243967259428 0.20770684936951803 0.83481241751590829 0.11429407075090905 0.092473208177016916 1.6931997314532024 -0.0087296464751049595 2.2187040337712678
leaf_weight=3744 221 27 29 904 68 90 125 25 210 42 38 125 173 35 49 43 93 36 68 46 39 27 34 39 25 58 44 35 111 58
leaf_count=3744 221 27 29 904 68 90 125 25 210 42 38 125 173 35 49 43 93 36 68 46 39 27 34 39 25 58 44 35 111 58
internal_value=-0.00031282 0.00566262 0.00477727 -0.00125434 0.000753478 0.00711381 0.00901682 0.00663659 0.00291455 0.00482695 -0.000116224 0.00370443 0.00399345 0.00578082 0.0158832 -0.00167511 0.00757838 0.00310769 0.00995851 0.015561 0.007025 0.0116957 -0.001088 0.0104103 0.0179623 0.00542246 0.00772683 0.01255 0.00261176 0.0201364
internal_weight=6661 906 879 5755 2011 658 534 398 1064 652 412 202 610 437 136 947 369 129 240 81 159 91 124 77 52 373 204 79 169 87
internal_count=6661 906 879 5755 2011 658 534 398 1064 652 412 202 610 437 136 947 369 129 240 81 159 91 124 77 52 373 204 79 169 87
is_linear=0
shrinkage=0.04


Tree=4
num_leaves=31
num_cat=0
split_feature=1 1 5 12 16 14 5 5 19 15 9 13 12 7 13 1 19 20 12 8 12 3 6 16 13 19 19 2 7 7
split_gain=19.1285 11.4941 7.0027 6.04953 10.6195 3.08052 4.07598 4.47764 2.86529 4.76382 2.82991 3.14156 3.07888 2.98962 3.11767 2.93884 2.77314 2.32844 2.14706 2.13979 1.79946 2.80247 2.75567 3.07561 1.75794 1.80335 1.72197 1.76396 1.65756 2.01591
threshold=13.050000000000002 55.350000000000009 7.1500000000000012 35.500000000000007 417.50000000000006 183.50000000000003 22.250000000000004 5.2500000000000009 -0.8783796973249266 0.15000000000000005 114.50000000000001 2.9500000000000006 42.500000000000007 5.1270833333333341 1.2500000000000002 8.5500000000000025 1.0000000180025095e-35 -0.56174490092936669 75.500000000000014 4.9500000000000011 78.500000000000014 8.1500000000000004 4.1499999999999995 72.500000000000014 5.1500000000000012 1.0000000180025095e-35 -0.8783796973249266 13.450000000000001 12.139583333333336 6.5604166666666677
decision_type=2 2 2 2 2 2 2 2 2 2 2 2 2 2 2 2 2 2 2 2 2 2 2 2 2 2 2 2 2 2
left_child=2 3 19 4 16 -5 7 -7 9 20 11 12 15 14 -14 -10 -2 -6 28 -1 21 22 -4 -24 25 26 -9 -28 29 -15
right_child=1 -3 8 5 17 6 -8 24 10 -11 -12 -13 13 18 -16 -17 -18 -19 -20 -21 -22 -23 23 -25 -26 -27 27 -29 -30 -31
leaf_value=-0.17566417925300232 2.3911520184187474 0.94038264870416888 -0.037751394641027634 0.013557732349519154 1.0234921423893637 0.26515035671631459 1.5921941521166079 0.19448330759882154 0.012746569225117903 0.27416297256675759 1.0175826317279018 -0.052218918134740271 0.48579706607093737 0.16666426182364397 0.033339908327149378 0.65835627210466574 1.6325754827153784 -0.039706314618130949 -0.089882949607355725 -0.048186755657482615 -0.078168135052192403 -0.052993904679249797 0.076350722135882329 0.43212781760522123 -0.025345146719989123 1.3258632499026275 0.17450669446412573 -0.1111874065086495 0.11991450314148785 -0.047918248705903173
leaf_weight=1997 25 29 33 374 27 37 25 30 27 39 37 1140 27 45 59 27 30 52 193 1777 67 94 32 52 72 62 29 89 27 107
leaf_count=1997 25 29 33 374 27 37 25 30 27 39 37 1140 27 45 59 27 30 52 193 1777 67 94 32 52 72 62 29 89 27 107
internal_value=-0.000366858 0.00512018 -0.00120394 0.00425791 0.0120296 0.00279277 0.00551884 0.0042625 0.00070553 0.00418868 4.97032e-05 -0.000198428 0.00240156 0.00132462 0.008 0.0113455 0.0253571 0.00255 -0.000235926 -0.00221881 0.00232258 0.00413207 0.00823729 0.0120471 0.0025159 0.00436019 0.00193288 -0.000268909 0.00291111 0.0012549
internal_weight=6661 881 5780 852 134 718 344 319 2006 317 1689 1652 512 458 86 54 55 79 372 3774 278 211 117 84 282 210 148 118 179 152
internal_count=6661 881 5780 852 134 718 344 319 2006 317 1689 1652 512 458 86 54 55 79 372 3774 278 211 117 84 282 210 148 118 179 152
is_linear=0
shrinkage=0.04


Tree=5
num_leaves=31
num_cat=0
split_feature=0 5 12 0 9 14 14 1 12 7 19 0 3 20 1 5 1 0 19 16 3 6 1 15 17 16 3 0 10 12
split_gain=17.9368 9.23857 5.64751 4.05312 3.71494 3.21366 2.92487 3.84599 3.05417 2.87969 4.92714 3.78292 4.74473 2.8268 2.53488 3.79335 2.43735 2.33847 5.7917 4.44727 3.88453 5.72182 3.59025 3.02215 2.23515 3.86701 2.03266 2.01595 3.53281 6.32036
threshold=39.250000000000007 6.8500000000000005 49.500000000000007 4.6500000000000012 121.50000000000001 177.50000000000003 163.50000000000003 12.950000000000001 81.500000000000014 15.193750000000003 1.0000000180025095e-35 15.350000000000003 20.050000000000004 1.0000000180025095e-35 8.5500000000000025 19.450000000000003 9.1500000000000004 7.8500000000000005 1.0000000180025095e-35 97.500000000000014 7.7500000000000009 4.008333333333332 6.7500000000000009 1.0000000180025095e-35 0.25881904510252091 97.500000000000014 2.0500000000000003 13.050000000000002 7.3500000000000005 68.500000000000014
decision_type=2 2 2 2 2 2 2 2 2 2 2 2 2 2 2 2 2 2 2 2 2 2 2 2 2 2 2 2 2 2
left_child=1 3 5 -1 9 -2 -5 24 -9 13 -11 -12 -13 17 -15 16 -16 18 19 22 21 23 -3 -21 -8 -26 -27 -19 -29 -30
right_child=2 4 -4 6 -6 -7 7 8 -10 10 11 12 -14 14 15 -17 -18 27 -20 20 -22 -23 -24 -25 25 26 -28 28 29 -31
leaf_value=-0.16462275957357086 1.5985698992830664 -0.046856146626612562 0.073567360780394608 -0.12626639210976009 1.1752690758050661 2.2689692660680754 -0.069466446087885741 0.18379018447940362 0.25460635577114171 0.012247574529156849 0.23740399138314291 1.5693610785721344 1.2708095387176106 -0.1218194201402092 0.15308357558417776 0.097750748785805142 -0.038008041286384499 -0.029951819204061456 -0.035579531528565994 0.083475240460024053 0.044290468914057912 0.36350002334075548 0.17290653667841344 0.32713310151085701 -0.0087153013252422636 -0.17331137395542418 0.17827810438204139 -0.022647100154531443 1.1250900384730924 -0.024719998568033152
leaf_weight=2058 27 146 32 711 28 33 439 74 26 173 50 29 32 610 45 25 389 447 315 72 51 70 41 26 387 26 111 87 42 49
leaf_count=2058 27 146 32 711 28 33 439 74 26 173 50 29 32 610 45 25 389 447 315 72 51 70 41 26 387 26 111 87 42 49
internal_value=-0.000325317 -0.000572562 0.0171183 -0.00183877 0.00120674 0.0242623 -0.000437184 0.000890976 0.00831683 0.00105333 0.00485614 0.0113929 0.018 0.000604304 -0.000930842 0.00131304 0.000422988 0.00182331 0.00337396 0.0065258 0.0103818 0.0133018 0.00197872 0.00694949 0.000112032 0.00187428 0.00762319 3.19479e-05 0.00362011 0.00908696
internal_weight=6651 6559 92 3832 2727 60 1774 1063 100 2699 284 111 61 2415 1069 459 434 1346 721 406 219 168 187 98 963 524 137 625 178 91
internal_count=6651 6559 92 3832 2727 60 1774 1063 100 2699 284 111 61 2415 1069 459 434 1346 721 406 219 168 187 98 963 524 137 625 178 91
is_linear=0
shrinkage=0.04


Tree=6
num_leaves=31
num_cat=0
split_feature=11 0 16 20 14 1 12 16 14 4 16 1 5 12 12 7 19 19 11 13 8 8 11 15 11 0 5 14 7 2
split_gain=17.4816 13.3614 9.74348 3.96201 3.93804 3.45283 5.403 2.47061 4.22815 2.44436 2.02389 2.18674 2.04814 2.25153 2.51391 1.96931 1.79082 1.75643 3.19346 3.52357 3.47377 7.94644 1.74149 1.84743 4.43385 1.49315 2.24997 1.44948 1.3268 1.7002
threshold=12.15 39.250000000000007 602.50000000000011 0.81174490092936691 193.50000000000003 12.750000000000002 32.500000000000007 22.500000000000004 188.50000000000003 21.350000000000005 112.50000000000001 14.050000000000002 19.450000000000003 75.500000000000014 53.500000000000007 17.375000000000004 -1.0000000180025095e-35 -0.60785761079279388 2.3500000000000001 3.3500000000000001 6.7500000000000009 9.0500000000000025 29.750000000000004 0.15000000000000005 16.350000000000005 3.7500000000000004 4.7500000000000009 165.50000000000003 3.2854166666666673 9.2500000000000018
decision_type=2 2 2 2 2 2 2 2 2 2 2 2 2 2 2 2 2 2 2 2 2 2 2 2 2 2 2 2 2 2
left_child=16 2 3 5 -3 7 -7 8 -2 10 12 -12 13 14 -8 -4 17 27 -19 20 -20 -22 23 28 -25 26 -21 -1 -9 -30
right_child=1 4 15 -5 -6 6 9 22 -10 -11 11 -13 -14 -15 -16 -17 -18 18 19 25 21 -23 -24 24 -26 -27 -28 -29 29 -31
leaf_value=-0.20134254376579261 0.61407848277296051 0.67616515345134409 -0.052138841553687733 -0.044962282721216149 2.193410490977636 1.4857083351858409 1.1656603145101685 -0.08417314187452675 0.060887590756012175 -0.072637305070291577 0.18475276400157992 0.030860339240574641 1.1349888185889614 0.27233005887485406 -0.011924522997471527 0.38834454662316026 -0.141769571142212 -0.1589432063032708 -0.11004591577935628 -0.044437896111453837 1.094528709140248 -0.26415821916704146 0.97903796706613433 0.25620223323980079 0.035175498669365805 -0.20870033981035238 0.12317612998090596 -0.023013743679468863 0.08215220414711645 -0.009958112616995517
leaf_weight=499 26 55 1078 224 29 27 38 58 31 33 36 104 29 36 52 55 2206 234 43 69 49 26 36 26 43 94 40 587 592 196
leaf_count=499 26 55 1078 224 29 27 38 58 31 33 36 104 29 36 52 55 2206 234 43 69 49 26 36 26 43 94 40 587 592 196
internal_value=-0.000325317 0.00207629 0.00158765 0.00360957 0.0176941 0.00441935 0.00780899 0.00321903 0.0112414 0.0063465 0.0075 0.00397163 0.010641 0.00831496 0.00483516 -0.00124515 -0.00207588 -0.0010743 0.000755395 0.00334161 0.00880672 0.0139474 0.00272689 0.00237991 0.00862857 0.000137254 0.00330909 -0.0020092 0.00186068 0.00229151
internal_weight=6651 2804 2720 1587 84 1363 355 1008 57 328 295 140 155 126 90 1133 3847 1641 555 321 118 75 951 915 69 203 109 1086 846 788
internal_count=6651 2804 2720 1587 84 1363 355 1008 57 328 295 140 155 126 90 1133 3847 1641 555 321 118 75 951 915 69 203 109 1086 846 788
is_linear=0
shrinkage=0.04


Tree=7
num_leaves=31
num_cat=0
split_feature=11 0 16 19 11 1 16 12 12 12 4 20 10 2 13 7 20 10 9 18 17 12 8 4 4 12 12 19 11 4
split_gain=16.344 11.9511 8.42 4.71835 6.49747 11.5377 5.14302 3.76165 3.6918 3.19867 3.03852 3.0177 2.97281 2.70649 2.68061 2.52746 2.4519 2.98923 2.06885 1.91551 1.59086 1.83337 1.60123 1.55009 1.44727 1.38364 1.33182 1.46031 1.60791 1.59284
threshold=13.250000000000002 39.250000000000007 602.50000000000011 1.0000000180025095e-35 20.450000000000003 8.5500000000000025 37.500000000000007 45.500000000000007 36.500000000000007 63.500000000000007 3.7500000000000004 -0.56174490092936669 7.6500000000000012 7.7500000000000009 1.9500000000000002 12.564583333333337 1.0000000180025095e-35 8.9500000000000011 126.00000000000001 0.1294095225512602 0.37940952255126054 41.500000000000007 15.950000000000001 12.050000000000002 14.350000000000003 37.500000000000007 73.500000000000014 -1.0000000180025095e-35 -3.0499999999999994 6.8500000000000005
decision_type=2 2 2 2 2 2 2 2 2 2 2 2 2 2 2 2 2 2 2 2 2 2 2 2 2 2 2 2 2 2
left_child=19 2 3 9 6 16 10 11 -7 -2 -5 -3 -10 -11 -15 -12 17 -6 20 26 22 -22 -4 -16 -25 -24 27 29 -29 -1
right_child=1 7 18 4 5 8 -8 -9 12 13 15 -13 -14 14 23 -17 -18 -19 -20 -21 21 -23 25 24 -26 -27 -28 28 -30 -31
leaf_value=0.066727522435440806 -0.0085383916157636859 2.1518404007917331 -0.084226856697548383 0.64971208516736068 0.0079163485927945965 1.4690242253171804 0.0004908727485251718 0.068378071083065775 0.173874250246772 0.20384304089219538 0.050242006976568006 0.73619460474555665 0.96040437860282579 0.18701997409050786 -0.041132185748932272 1.0259793954924323 -0.068493872944436637 0.35017945219185642 0.79167556229124603 -0.18225889255480579 0.0071137561382694269 0.39051941546579039 -0.038877055706826445 0.16087878954746873 -0.0070126170781947394 0.26059177045618681 -0.12038766971572608 0.08177271528155837 -0.069348167897491972 -0.01762266256426898
leaf_weight=211 539 28 859 25 51 50 293 30 26 90 53 26 28 37 106 27 58 39 25 1643 95 27 43 27 40 47 1659 26 363 80
leaf_count=211 539 28 859 25 51 50 293 30 26 90 53 26 28 37 106 27 58 39 25 1643 95 27 43 27 40 47 1659 26 363 80
internal_value=-0.000427542 0.00199401 0.00150812 0.00346577 0.0060215 0.0110356 0.00282707 0.0167529 0.021181 0.00148095 0.0103774 0.0229818 0.0135273 0.00478405 0.00227488 0.00641975 0.00381208 0.00791209 -0.00115223 -0.00205072 -0.00142164 0.00286179 -0.00197474 0.000160919 0.00488235 0.00307692 -0.00131453 0.000176211 -0.00142564 0.00231507
internal_weight=6651 2669 2585 1489 650 252 398 84 104 839 105 54 54 300 210 80 148 90 1096 3982 1071 122 949 173 67 90 2339 680 389 291
internal_count=6651 2669 2585 1489 650 252 398 84 104 839 105 54 54 300 210 80 148 90 1096 3982 1071 122 949 173 67 90 2339 680 389 291
is_linear=0
shrinkage=0.04


Tree=8
num_leaves=31
num_cat=0
split_feature=0 11 16 12 5 20 0 12 7 8 16 10 14 10 13 9 18 11 12 7 11 5 12 2 10 9 14 10 13 20
split_gain=14.0699 10.0989 7.05499 5.39627 3.36816 2.51768 2.42807 4.48715 7.11656 2.56207 4.11938 3.2327 2.7377 2.73532 2.16442 2.08684 1.89336 1.79087 2.73323 1.54043 2.39255 1.90285 1.37567 1.49953 1.48709 1.25498 1.69586 1.19244 1.20066 1.14191
threshold=39.250000000000007 13.050000000000002 602.50000000000011 45.500000000000007 42.850000000000009 0.81174490092936691 4.5500000000000007 29.500000000000004 10.593750000000002 6.1500000000000012 97.500000000000014 8.5500000000000025 336.50000000000006 9.2500000000000018 3.7500000000000004 126.00000000000001 0.1294095225512602 17.250000000000004 77.500000000000014 10.427083333333336 20.150000000000002 12.15 73.500000000000014 2.6500000000000008 2.6500000000000008 72.500000000000014 133.50000000000003 0.8500000000000002 16.250000000000004 1.0000000180025095e-35
decision_type=2 2 2 2 2 2 2 2 2 2 2 2 2 2 2 2 2 2 2 2 2 2 2 2 2 2 2 2 2 2
left_child=1 16 5 4 -2 6 29 8 -8 10 -9 12 -11 -13 17 27 22 18 -15 20 -19 -21 23 -1 -25 -7 -27 -4 -29 -3
right_child=3 2 15 -5 -6 25 7 9 -10 11 -12 13 -14 14 -16 -17 -18 19 -20 21 -22 -23 -24 24 -26 26 -28 28 -30 -31
leaf_value=-0.14378637745268327 2.0642915838575058 0.055346697530307284 -0.11577106413517323 0.048442925256136395 0.49100678723185809 -0.11715968506261208 0.048900146160744229 0.1152672251092188 1.3863087128641118 -0.0083833698807554164 0.29016220635762208 1.1261104780284659 0.97810290983504833 -0.033340830359777709 0.034307650510813227 0.76000853979959615 -0.17471761721751619 0.5314131869751676 0.20736865977690871 -0.075109433636156617 0.87415493677145972 0.86005765342400298 -0.11678502011271048 0.046406879444431941 0.013050548814987392 -0.10718380537472108 0.13009609908850803 -0.020061555390591304 0.43844572206804411 -0.075193928425174639
leaf_weight=139 29 163 537 38 25 153 48 50 40 392 40 41 25 68 180 25 1633 38 34 27 29 29 1647 41 492 26 35 508 31 88
leaf_count=139 29 163 537 38 25 153 48 50 40 392 40 41 25 68 180 25 1633 38 34 27 29 29 1647 41 492 26 35 508 31 88
internal_value=-0.000481661 -0.000700611 0.00123159 0.0149677 0.0229818 0.00300995 0.00367517 0.00452591 0.0131236 0.00371908 0.0101099 0.00304167 0.000507176 0.00540492 0.00438424 -0.00120145 -0.00197521 0.00699115 0.00302913 0.0102258 0.0142941 0.00519298 -0.00123966 0.000285289 0.00125094 -0.00100465 0.00380645 -0.00147075 -0.000140742 0.000142856
internal_weight=6651 6559 2607 92 54 1506 1292 1041 88 953 90 863 417 446 405 1101 3952 225 102 123 67 56 2319 672 533 214 61 1076 539 251
internal_count=6651 6559 2607 92 54 1506 1292 1041 88 953 90 863 417 446 405 1101 3952 225 102 123 67 56 2319 672 533 214 61 1076 539 251
is_linear=0
shrinkage=0.04


Tree=9
num_leaves=31
num_cat=0
split_feature=0 11 16 14 19 11 8 10 5 4 11 4 7 9 4 19 16 5 19 4 5 11 4 8 7 9 7 5 5 17
split_gain=14.2126 8.38032 5.32335 4.75105 2.87539 5.60264 12.1744 4.18763 4.07965 2.36122 2.23177 3.60932 2.24422 2.06998 1.92353 1.77506 1.74075 1.61811 2.60986 1.88985 2.14212 2.07241 1.75679 1.62698 3.36729 2.69094 4.59795 1.39871 1.38695 1.35643
threshold=39.250000000000007 12.65 602.50000000000011 193.50000000000003 1.0000000180025095e-35 20.450000000000003 9.3500000000000032 15.250000000000002 8.0500000000000025 8.7500000000000018 15.950000000000001 12.050000000000002 13.07291666666667 126.00000000000001 39.250000000000007 -1.0000000180025095e-35 162.50000000000003 7.4500000000000011 -0.60785761079279388 7.4500000000000011 10.050000000000002 2.6500000000000008 4.4500000000000011 4.9500000000000011 4.4645833333333345 69.500000000000014 3.7229166666666673 8.1500000000000004 5.4500000000000011 0.37940952255126054
decision_type=2 2 2 2 2 2 2 2 2 2 2 2 2 2 2 2 2 2 2 2 2 2 2 2 2 2 2 2 2 2
left_child=1 15 4 14 10 7 -7 -6 -8 -9 11 -3 -13 29 -2 17 -10 23 27 20 21 -20 -23 -1 25 28 -27 -19 -25 -4
right_child=3 2 13 -5 5 6 8 9 16 -11 -12 12 -14 -15 -16 -17 -18 18 19 -21 -22 22 -24 24 -26 26 -28 -29 -30 -31
leaf_value=-0.16636900639921012 0.71678744060406074 0.044285753307278707 -0.065299317286865943 1.9370287919525608 0.018835978172509874 0.029126094878778389 0.39793775937234765 0.88041545844044566 1.3599679735752574 0.35285470704207955 -0.0049677765133223032 0.21793352544977082 0.14221356941031274 0.72960819820761236 0.3179159734589812 -0.12976169501242465 1.2412458809687887 0.14034829764161189 0.013100650640576148 -0.1128709616586715 -0.00028549993466259579 1.2584320859123752 0.092345959474388048 -0.22073846272409348 -0.10462210983230825 -0.012655776248157344 0.7210344019918421 -0.12118154909378356 0.17190945603612848 0.051642939309058056
leaf_weight=633 27 162 965 29 370 150 35 25 39 26 655 28 27 25 36 2239 28 51 25 48 38 25 25 67 416 52 54 204 25 122
leaf_count=633 27 162 965 29 370 150 35 25 39 26 655 28 27 25 36 2239 28 51 25 48 38 25 25 67 416 52 54 204 25 122
internal_value=-0.000559833 -0.000779879 0.000952595 0.0149677 0.00247089 0.00443323 0.00913834 0.00160189 0.0197282 0.0122308 0.000953035 0.00445871 0.0132143 -0.00115723 0.0085625 -0.00195952 0.0254706 -0.000968751 0.00118945 0.00516049 0.00796491 0.0118421 0.0164706 -0.0016891 -0.000221139 0.0040603 0.00837383 -0.00132813 -0.000946238 -0.0014228
internal_weight=6651 6559 2657 92 1545 673 252 421 102 51 872 217 55 1112 63 3902 67 1663 416 161 113 75 50 1247 614 198 106 255 92 1087
internal_count=6651 6559 2657 92 1545 673 252 421 102 51 872 217 55 1112 63 3902 67 1663 416 161 113 75 50 1247 614 198 106 255 92 1087
is_linear=0
shrinkage=0.04


Tree=10
num_leaves=31
num_cat=0
split_feature=7 12 11 16 16 13 4 0 7 12 1 19 19 11 4 10 10 11 7 10 7 18 3 13 4 8 6 10 11 11
split_gain=13.2776 8.22948 6.34338 5.36626 4.63918 2.45859 2.33544 3.14508 2.25387 1.69416 4.93481 5.30901 2.28927 3.03855 5.51611 2.11829 1.96561 2.88173 3.50569 2.51264 1.59076 1.55982 1.30316 2.66699 1.70761 1.55426 3.00082 3.39551 1.49425 1.34388
threshold=15.456250000000002 41.500000000000007 11.950000000000001 1257.5000000000002 602.50000000000011 1.7500000000000002 49.100000000000009 33.050000000000004 3.2625000000000006 35.500000000000007 8.5500000000000025 1.0000000180025095e-35 -0.60785761079279388 15.950000000000001 12.050000000000002 5.9500000000000011 6.6500000000000012 19.550000000000004 10.427083333333336 13.65 5.2812500000000009 0.37940952255126048 2.3500000000000001 13.15 5.5500000000000007 5.1500000000000012 5.2666666666666648 4.8500000000000005 3.1500000000000008 9.9500000000000011
decision_type=2 2 2 2 2 2 2 2 2 2 2 2 2 2 2 2 2 2 2 2 2 2 2 2 2 2 2 2 2 2
left_child=2 3 21 6 8 -3 7 -2 -4 10 -10 -12 13 14 15 -11 -14 -18 19 -19 -15 22 -1 24 25 -24 27 -27 -29 -26
right_child=1 5 4 -5 -6 -7 -8 -9 9 12 11 -13 16 20 -16 -17 17 18 -20 -21 -22 -23 23 -25 29 26 -28 28 -30 -31
leaf_value=-0.157087221746569 1.2791179306055853 0.90534245707922567 -0.1556392305961318 0.021847059458316727 -0.041815653401980603 0.016177721058869009 0.58490283792394071 1.8960707512001493 0.028663986129312945 0.3710378486744107 0.080518499471621097 0.99303521031170561 -0.048309249177201315 0.55500127536253041 0.22207366638313975 -0.0027755963575425463 0.0051856949644280195 0.18835253317063519 -0.041750671774766275 0.91730263803263723 0.0096592361303492243 -0.16879374103936379 -0.088701312621643838 0.049741075881863495 -0.11907964608962385 1.1976506463207075 -0.0079895316673559164 0.058021930582169833 -0.14991090454856004 0.11387241150277945
leaf_weight=437 41 38 104 33 1049 196 25 32 132 26 38 37 258 26 28 56 398 63 43 25 184 1268 536 29 767 42 582 49 39 53
leaf_count=437 41 38 104 33 1049 196 25 32 132 26 38 37 258 26 28 56 398 63 43 25 184 1268 536 29 767 42 582 49 39 53
internal_value=-0.000575133 0.0068306 -0.00100734 0.0148182 0.000572122 0.00231489 0.0194747 0.0230811 0.00206342 0.00251255 0.00582692 0.0139474 0.00188809 0.0047352 0.0100901 0.00472289 0.000725887 0.00212075 0.00724242 0.0117753 0.00189573 -0.00203208 -0.00145799 -0.0010429 -0.00121411 -0.000281826 0.000942496 0.00641221 0.00188764 -0.00263094
internal_weight=6634 365 6269 131 2467 234 98 73 1418 1314 207 75 1107 320 110 82 787 529 131 88 210 3802 2534 2097 2068 1248 712 130 88 820
internal_count=6634 365 6269 131 2467 234 98 73 1418 1314 207 75 1107 320 110 82 787 529 131 88 210 3802 2534 2097 2068 1248 712 130 88 820
is_linear=0
shrinkage=0.04


Tree=11
num_leaves=31
num_cat=0
split_feature=7 12 11 0 10 6 19 19 20 13 0 11 8 20 8 10 17 11 4 4 20 18 19 3 4 8 0 13 20 10
split_gain=12.1073 8.28168 5.63835 5.40795 4.08579 2.48654 2.26369 2.22899 2.0199 1.97088 1.9046 1.86774 1.90287 4.45314 2.24151 1.77587 2.00506 1.74916 1.69058 2.01127 1.73979 1.70562 1.59804 1.53102 2.44037 1.52965 3.48854 1.95094 2.71866 1.89779
threshold=15.456250000000002 41.500000000000007 11.950000000000001 16.550000000000004 1.9500000000000002 4.0583333333333309 -0.60785761079279388 1.0000000180025095e-35 0.81174490092936691 1.9500000000000002 10.850000000000003 29.150000000000002 6.1500000000000012 1.0000000180025095e-35 4.2500000000000009 13.850000000000003 1.0000000180025095e-35 35.050000000000004 14.350000000000003 10.950000000000001 -0.56174490092936669 -0.5 0.87837969732492682 2.1500000000000008 5.5500000000000007 5.1500000000000012 4.9500000000000011 6.9500000000000011 -0.56174490092936669 4.9500000000000011
decision_type=2 2 2 2 2 2 2 2 2 2 2 2 2 2 2 2 2 2 2 2 2 2 2 2 2 2 2 2 2 2
left_child=2 3 23 7 17 22 -5 -2 11 10 -10 12 13 14 -7 16 -3 -4 19 -14 -21 -22 -6 -1 25 27 29 -25 -29 -27
right_child=1 15 4 6 5 8 -8 -9 9 -11 -12 -13 18 -15 -16 -17 -18 -19 -20 20 21 -23 -24 24 -26 26 -28 28 -30 -31
leaf_value=-0.16740618682265329 -0.10132362713782088 0.31978806414922484 -0.065991323336807392 0.68380350882602292 -0.067026267804252818 0.053525583737341939 1.773269641040512 1.2262448637279881 0.12185140934794893 -0.099753395243169923 -0.20080442155515088 0.86084139141224802 0.062798297213519122 -0.072789722249390107 0.29924740303582253 0.33859116552679375 -0.068236390326804189 0.37821903848117955 -0.050601196917892458 0.00335487280433386 0.18376844724659006 0.27671298170594077 0.055441752333583436 -0.1582851555092892 -0.13239522944994933 1.1524378073206467 -0.0077601417261548098 0.061874755086845375 -0.093029100608656476 0.015610097191338799
leaf_weight=749 26 93 889 28 246 29 51 26 25 140 25 30 656 43 84 41 100 30 77 45 41 59 48 672 1319 41 805 63 100 53
leaf_count=749 26 93 889 28 246 29 51 26 25 140 25 30 656 43 84 41 100 30 77 45 41 59 48 672 1319 41 805 63 100 53
internal_value=-0.000569104 0.00650273 -0.000981819 0.0145152 0.000507292 0.00176114 0.02105 0.00437736 0.00253705 -0.00125655 0.0054902 0.00321502 0.00292174 0.00698089 0.0111228 0.00197447 0.000350515 -0.00160435 0.0021934 0.00273815 0.0069863 0.00990099 -0.00154576 -0.00194794 -0.00154944 -0.000562537 0.000582221 -0.00179426 0.00212195 0.00783158
internal_weight=6634 365 6269 131 2467 1548 79 52 1254 190 50 1064 1034 156 113 234 193 919 878 801 145 100 294 3802 3053 1734 899 835 163 94
internal_count=6634 365 6269 131 2467 1548 79 52 1254 190 50 1064 1034 156 113 234 193 919 878 801 145 100 294 3802 3053 1734 899 835 163 94
is_linear=0
shrinkage=0.04


Tree=12
num_leaves=31
num_cat=0
split_feature=7 12 16 11 10 9 4 20 6 16 7 5 13 20 11 10 4 12 10 9 5 6 8 19 0 18 12 11 16 13
split_gain=10.8511 7.93687 5.76292 4.96734 3.76481 2.75286 2.61162 2.29209 2.69552 3.04905 2.98656 2.49765 1.90593 2.15493 1.90507 2.98197 2.83585 1.72265 1.66236 1.55166 1.5334 1.44927 2.35417 2.52241 4.58741 1.4203 1.24586 1.16961 1.16272 0.976686
threshold=15.456250000000002 41.500000000000007 827.50000000000011 11.950000000000001 2.9500000000000006 128.50000000000003 48.400000000000013 1.0000000180025095e-35 6.5499999999999998 52.500000000000007 12.852083333333335 15.15 2.3500000000000001 1.0000000180025095e-35 18.150000000000002 14.65 12.350000000000003 46.500000000000007 4.3500000000000005 108.50000000000001 8.8500000000000032 2.8999999999999981 6.1500000000000012 1.0000000180025095e-35 12.550000000000002 0.37940952255126048 40.500000000000007 23.450000000000003 322.50000000000006 14.15
decision_type=2 2 2 2 2 2 2 2 2 2 2 2 2 2 2 2 2 2 2 2 2 2 2 2 2 2 2 2 2 2
left_child=3 2 6 25 5 29 28 11 -9 10 17 14 13 -3 16 21 18 -10 -6 -4 -19 -16 26 -24 27 -1 -23 -25 -2 -5
right_child=1 12 19 4 7 -7 -8 8 9 -11 -12 -13 -14 -15 15 -17 -18 20 -20 -21 -22 22 23 24 -26 -27 -28 -29 -30 -31
leaf_value=-0.059479965599123448 1.7075564355326334 -0.023010244968554229 -0.12348400535497574 -0.058857143572391302 0.29453525274635672 0.50987706037465008 0.51415457928557051 -0.080795204178032196 0.24152134586508323 -0.0067593036629988229 -0.0092114394327670272 -0.083910912086073638 -0.0034155974439799945 0.90192378469287493 -0.017800702234301431 0.89158522257198169 0.18654782147715135 -0.055387668510681803 -0.0070460814996390099 0.71793217194684478 0.086657731299525781 0.12025611530034715 -0.007839914637625154 0.0033721193365350284 1.249804171103438 -0.15808078890764099 0.12246240821741383 0.23780618435573439 1.1690627582375008 0.096842469814355528
leaf_weight=2534 30 25 25 972 42 25 26 193 26 229 45 90 178 31 26 25 39 27 297 25 26 29 88 70 27 1268 29 35 25 127
leaf_count=2534 30 25 25 972 42 25 26 193 26 229 45 90 178 31 26 25 39 27 297 25 26 29 88 70 27 1268 29 35 25 127
internal_value=-0.000629391 0.00606557 0.0139091 -0.0010201 0.000377633 -0.00132978 0.020439 0.00180655 -0.000190129 0.001887 0.006912 0.00317293 0.00163404 0.008 0.00397175 0.00619394 0.00202638 0.01155 0.000835293 0.00313725 0.00718518 0.00506229 0.00590681 0.0039819 0.00745865 -0.0019269 0.0130169 0.0035849 0.0253571 -0.00163273
internal_weight=6634 365 131 6269 2467 1124 81 1343 546 353 124 797 234 56 707 329 378 79 339 50 53 304 278 220 132 3802 58 105 55 1099
internal_count=6634 365 131 6269 2467 1124 81 1343 546 353 124 797 234 56 707 329 378 79 339 50 53 304 278 220 132 3802 58 105 55 1099
is_linear=0
shrinkage=0.04


Tree=13
num_leaves=31
num_cat=0
split_feature=9 5 0 12 13 12 20 4 14 5 8 14 1 1 12 3 13 19 16 6 8 16 19 12 16 13 12 0 1 20
split_gain=9.61838 7.65388 5.34845 5.60944 3.16834 4.87127 3.39108 2.35067 3.11489 2.53299 2.03988 1.84221 2.65957 3.343 1.45395 2.84583 3.96805 3.05716 2.71613 3.1588 2.71569 2.6517 2.46829 3.65511 7.02503 2.00482 1.95472 1.38246 1.35719 1.82007
threshold=132.50000000000003 6.8500000000000005 39.250000000000007 35.500000000000007 1.8500000000000003 34.500000000000007 1.0000000180025095e-35 3.7500000000000004 170.50000000000003 19.350000000000005 5.2500000000000009 163.50000000000003 12.750000000000002 15.350000000000003 74.500000000000014 7.7500000000000009 3.0500000000000003 1.0000000180025095e-35 97.500000000000014 4.0583333333333309 6.2500000000000009 167.50000000000003 1.0000000180025095e-35 42.500000000000007 447.50000000000006 4.0500000000000007 81.500000000000014 9.1500000000000004 5.2500000000000009 -0.56174490092936669
decision_type=2 2 2 2 2 2 2 2 2 2 2 2 2 2 2 2 2 2 2 2 2 2 2 2 2 2 2 2 2 2
left_child=1 10 4 -4 5 -3 14 8 -7 -9 -1 28 -13 -14 15 16 -6 18 -18 -20 -21 -16 -17 24 -24 -19 -23 -8 29 -12
right_child=-2 2 3 -5 6 7 27 9 -10 -11 11 12 13 -15 21 22 17 25 19 20 -22 26 23 -25 -26 -27 -28 -29 -30 -31
leaf_value=-0.13251416355321249 0.71346753340134927 0.74575224842278853 1.7132466288162795 0.073072949057641168 0.12381001240457758 0.1969878037882079 -0.12136833476125594 -0.006503724146226659 0.14746946104607686 0.34463500926049101 0.59249092785713753 -0.012051473377418426 0.21205895188558196 -0.009384678536320629 -0.045009753918327629 -0.029576124644276995 -0.042828670342865471 0.31620358092781409 0.005200412441038975 0.33027175273324505 0.20460675570147174 -0.007550114438245094 1.1674288861997513 -0.050668099529534397 0.092682021184183228 -0.10828451799778124 0.25020136812698529 -0.0019116567271940863 -0.1237313112125823 -0.12399276679340542
leaf_weight=2042 28 43 28 51 45 30 549 344 79 26 38 954 49 57 361 238 37 28 34 34 37 34 25 95 68 111 51 427 586 105
leaf_count=2042 28 43 28 51 45 30 549 344 79 26 38 954 49 57 361 238 37 28 34 34 37 34 25 95 68 111 51 427 586 105
internal_value=-0.000641448 -0.000742244 0.000857348 0.01105 0.000554689 0.0033499 -0.000117702 0.002175 0.00730909 0.000646899 -0.00190084 -0.000913967 0.0001508 0.00613084 0.00130776 0.00237981 0.00518654 0.00339007 0.0074965 0.0107547 0.0155 -0.00050112 0.000224823 0.00364021 0.00923404 -0.000828572 0.00581395 -0.00186694 -0.00246027 0.00102778
internal_weight=6634 6606 2775 79 2696 522 2174 479 109 370 3831 1789 1060 106 1198 752 326 281 142 105 71 446 426 188 93 139 85 976 729 143
internal_count=6634 6606 2775 79 2696 522 2174 479 109 370 3831 1789 1060 106 1198 752 326 281 142 105 71 446 426 188 93 139 85 976 729 143
is_linear=0
shrinkage=0.04


Tree=14
num_leaves=31
num_cat=0
split_feature=9 11 16 8 14 20 16 13 1 8 10 7 10 9 19 0 11 11 14 0 18 7 13 7 19 3 13 7 3 8
split_gain=9.61838 7.11219 5.4541 4.58567 6.89728 2.75954 2.74826 2.49628 2.32083 2.09544 1.96973 2.0434 1.89509 2.15726 1.81885 3.82592 2.70954 2.04585 3.26319 1.79952 1.71723 1.64298 1.53231 2.3837 2.95878 1.44513 3.19393 1.27229 2.20105 1.25116
threshold=132.50000000000003 11.950000000000001 52.500000000000007 13.850000000000003 207.50000000000003 1.0000000180025095e-35 597.50000000000011 1.3500000000000003 11.850000000000003 14.850000000000003 11.350000000000003 14.672916666666667 14.550000000000002 57.500000000000007 -0.60785761079279388 5.6500000000000012 16.950000000000003 17.850000000000005 174.50000000000003 11.850000000000003 0.37940952255126048 18.695833333333336 14.050000000000002 5.9104166666666673 1.0000000180025095e-35 2.3500000000000001 13.15 6.7479166666666677 4.4500000000000011 12.550000000000002
decision_type=2 2 2 2 2 2 2 2 2 2 2 2 2 2 2 2 2 2 2 2 2 2 2 2 2 2 2 2 2 2
left_child=1 20 3 12 7 6 10 -5 -7 19 11 14 -3 -14 15 16 -4 -16 -19 -10 25 -13 -8 -24 -25 -1 -27 28 -20 -29
right_child=-2 2 5 4 -6 8 22 -9 9 -11 -12 21 13 -15 17 -17 -18 18 27 -21 -22 -23 23 24 -26 26 -28 29 -30 -31
leaf_value=-0.13712251903759429 0.68492883206529531 -0.00046927217766691245 0.34852339682777356 0.7442108712228469 1.4816826192807662 -0.094838571528154572 -0.030346361858793035 0.031192945704498258 -0.026496628116676725 -0.0060320725091714067 -0.025654599543762861 1.2374932603386404 0.0063875463997329629 0.45997770716622444 -0.019909586432645957 -0.020238720953579512 0.23534750526508239 -0.0038181876988059244 0.097776420938700315 0.48665172967916326 -0.15058502829441683 0.52991904941690837 -0.20111784419230744 0.41328712072280865 -0.041240400557399401 -0.039091357846714456 0.052956207809208566 -0.049134392065948128 0.1794536649615843 0.49767606138488496
leaf_weight=437 28 281 29 40 46 636 561 127 30 210 77 29 41 34 138 55 32 108 25 53 1276 33 45 28 29 2089 29 30 31 27
leaf_count=437 28 281 29 40 46 636 561 127 30 210 77 29 41 34 138 55 32 108 25 53 1276 33 45 28 29 2089 29 30 31 27
internal_value=-0.000641448 -0.000742244 0.000799711 0.00428772 0.00891589 -0.000101496 0.00110485 0.00507143 -0.00175914 0.00118367 0.00303089 0.00388847 0.0015014 0.00710526 0.00298319 0.00731624 0.014129 0.00156667 0.00394594 0.00652381 -0.00185908 0.0106667 -0.000680724 0.00380582 0.00917241 -0.00125978 -0.000826806 0.00866667 0.0129123 0.00434483
internal_weight=6634 6606 2775 569 213 2206 1277 167 929 293 614 537 356 75 475 116 61 359 221 83 3831 62 663 102 57 2555 2118 113 56 57
internal_count=6634 6606 2775 569 213 2206 1277 167 929 293 614 537 356 75 475 116 61 359 221 83 3831 62 663 102 57 2555 2118 113 56 57
is_linear=0
shrinkage=0.04


Tree=15
num_leaves=31
num_cat=0
split_feature=7 12 16 5 19 2 9 13 13 12 7 6 14 13 14 8 4 6 18 9 8 7 11 9 14 7 8 4 9 12
split_gain=7.42852 5.69969 9.16638 3.58739 3.48031 3.15314 3.0506 2.90456 2.70145 4.39279 4.03885 5.02137 2.32534 2.30009 2.12781 1.90249 3.39921 1.80833 1.72895 7.18447 1.47931 2.74155 3.28656 3.58315 1.63242 1.37177 1.35871 1.3353 1.22551 1.75955
threshold=15.193750000000003 35.500000000000007 387.50000000000006 5.5500000000000007 -0.8783796973249266 12.750000000000002 114.50000000000001 11.65 1.5500000000000003 34.500000000000007 5.0895833333333345 4.0583333333333309 166.50000000000003 2.4500000000000006 179.50000000000003 5.2500000000000009 8.0500000000000025 2.7333333333333303 -0.3794095225512602 85.500000000000014 5.0500000000000007 6.5604166666666677 17.950000000000003 57.500000000000007 242.50000000000003 4.2354166666666675 15.850000000000003 4.3500000000000005 66.500000000000014 67.500000000000014
decision_type=2 2 2 2 2 2 2 2 2 2 2 2 2 2 2 2 2 2 2 2 2 2 2 2 2 2 2 2 2 2
left_child=3 2 -2 5 7 18 -4 15 9 -6 11 -11 -7 -3 -10 16 17 -5 19 -1 -16 22 24 -24 25 -22 -14 -25 29 -17
right_child=1 13 6 4 8 12 -8 -9 14 10 -12 -13 26 -15 20 28 -18 -19 -20 -21 21 -23 23 27 -26 -27 -28 -29 -30 -31
leaf_value=-0.056620370528222351 1.5598905213705798 0.81855747867655126 -0.18168195746211369 0.19332320940327158 0.65222474647962247 -0.065845087403036184 1.0366307332836009 0.39675563589389629 -0.064791413706244153 -0.13042032018315322 -0.021604978086851325 0.40267890693745728 0.20425117579873286 -0.012178515547086235 -0.10923399605954888 0.19223893284693105 0.23948932329628336 -0.17419949168171417 -0.12463043132230503 0.051637953202595031 0.27678108224182202 -0.012131465126739391 -0.015620554214851118 0.46995998858041887 0.19295006843984752 -0.10349729669278052 0.13499847196132891 0.050433656910182631 -0.057066492828470858 0.011567374666967577
leaf_weight=918 40 72 44 44 30 83 29 28 1091 31 324 42 36 197 311 34 36 41 2048 30 25 587 26 25 34 89 25 27 144 111
leaf_count=918 40 72 44 44 30 83 29 28 1091 31 324 42 36 197 311 34 36 41 2048 30 25 587 26 25 34 89 25 27 144 111
internal_value=-0.000728155 0.00467885 0.0121754 -0.00106092 -9.08805e-05 -0.0020121 0.00362162 0.00320729 -0.000638669 0.00227103 0.00113568 0.00956757 0.00375172 0.0014963 -0.00120036 0.00233577 0.00652459 0.00209302 -0.00229029 -0.000876713 2.13324e-05 0.000918918 0.00465198 0.0112405 0.00112752 -0.00118261 0.0096129 0.0172075 0.000565516 0.00315068
internal_weight=6602 382 113 6220 3080 3140 73 438 2642 427 397 73 144 269 2215 410 121 85 2996 948 1124 813 226 78 148 114 61 52 289 145
internal_count=6602 382 113 6220 3080 3140 73 438 2642 427 397 73 144 269 2215 410 121 85 2996 948 1124 813 226 78 148 114 61 52 289 145
is_linear=0
shrinkage=0.04


Tree=16
num_leaves=31
num_cat=0
split_feature=11 16 8 14 20 11 3 19 5 16 10 18 0 12 17 19 0 5 4 2 12 20 11 5 5 17 1 14 17 18
split_gain=6.71484 4.16883 3.99225 7.9498 3.24274 3.86148 5.19504 3.02603 2.30119 2.16502 1.93705 1.99479 2.95526 3.61 1.88331 1.86618 2.71463 2.31197 1.66635 2.34971 1.97256 3.33392 2.65209 2.20482 2.17685 2.47974 1.28976 1.24718 1.5408 1.13028
threshold=12.15 57.500000000000007 13.250000000000002 217.50000000000003 1.0000000180025095e-35 30.650000000000002 14.350000000000003 0.6078576107927941 5.9500000000000011 322.50000000000006 11.250000000000002 0.1294095225512602 5.8500000000000005 47.500000000000007 0.37940952255126054 0.87837969732492682 11.350000000000003 7.2500000000000009 6.6500000000000012 2.7500000000000004 73.500000000000014 -0.22252093395631442 8.5500000000000025 7.7500000000000009 3.5500000000000003 -0.5 10.850000000000003 172.50000000000003 0.37940952255126054 -0.78656609248549325
decision_type=2 2 2 2 2 2 2 2 2 2 2 2 2 2 2 2 2 2 2 2 2 2 2 2 2 2 2 2 2 2
left_child=18 2 29 7 5 9 8 27 -7 10 11 12 -3 -14 -11 16 17 -16 19 -1 21 22 23 24 25 -21 -6 -4 -29 -2
right_child=1 4 3 -5 26 6 -8 -9 -10 14 -12 -13 13 -15 15 -17 -18 -19 -20 20 -22 -23 -24 -25 -26 -27 -28 28 -30 -31
leaf_value=-0.14689760702375926 0.054618409994031836 0.20939419120431846 -0.065735900751847223 1.4495423673084455 -0.095364499233949546 -0.087163417284518804 1.2743978537346912 0.77460870260098658 0.44908882013362444 -0.027149565980125457 -0.02570402775381405 -0.00025240103908482167 0.75527404516968732 -0.0050060765577980924 0.025129000366858528 -0.13006123970863581 -0.015212417668820302 0.2699722945750937 -0.13397905685619063 0.013819811386182743 -0.080972740491522671 -0.019480013263440163 -0.10971130894765346 0.11017831816758668 -8.7339251585915253e-05 0.054372427826568953 0.00082698869513113816 1.0873603727903978 0.021830650988453628 -0.0063698835108960943
leaf_weight=909 146 49 40 37 564 53 27 35 29 662 61 101 39 102 29 34 30 27 1128 36 1228 343 43 41 79 44 322 41 81 242
leaf_count=909 146 49 40 37 564 53 27 35 29 662 61 101 39 102 29 34 30 27 1128 36 1228 343 43 41 79 44 322 41 81 242
internal_value=-0.000740271 0.000768894 0.00364687 0.0077617 -7.32404e-05 0.00124437 0.0084 0.00450505 0.00327711 0.000549779 0.00315014 0.00450685 0.00691099 0.00391549 -0.000623245 0.00396694 0.00708046 0.0122105 -0.00181828 -0.00128194 -0.000449588 0.00145826 0.00503279 0.00696517 0.004775 0.00938272 -0.00192108 0.00215951 0.0041626 0.00115167
internal_weight=6602 2751 622 234 2129 1243 109 197 82 1134 352 291 190 141 782 120 86 56 3851 2723 1814 586 243 200 159 80 886 162 122 388
internal_count=6602 2751 622 234 2129 1243 109 197 82 1134 352 291 190 141 782 120 86 56 3851 2723 1814 586 243 200 159 80 886 162 122 388
is_linear=0
shrinkage=0.04


Tree=17
num_leaves=31
num_cat=0
split_feature=5 9 13 12 7 20 5 14 1 12 0 11 6 12 9 19 16 11 16 7 19 14 18 14 0 0 18 9 16 5
split_gain=6.15923 4.83496 5.0704 5.21119 3.05726 3.04153 2.66367 1.88933 2.51963 2.51263 1.75679 1.70374 3.92329 3.8459 5.24901 3.04639 3.41135 1.62003 2.03648 1.64132 1.55041 1.49546 2.73001 1.46644 1.42813 1.27339 1.2469 7.23953 1.19303 1.25642
threshold=7.1500000000000012 120.50000000000001 1.5500000000000003 37.500000000000007 5.0895833333333345 -0.22252093395631442 22.350000000000005 163.50000000000003 12.750000000000002 81.500000000000014 15.750000000000002 13.250000000000002 8.3583333333333325 52.500000000000007 52.500000000000007 1.0000000180025095e-35 82.500000000000014 9.9500000000000011 37.500000000000007 11.943750000000003 -0.60785761079279388 239.50000000000003 -0.3794095225512602 182.50000000000003 8.5500000000000025 16.150000000000002 -0.12940952255126037 85.500000000000014 97.500000000000014 4.1500000000000012
decision_type=2 2 2 2 2 2 2 2 2 2 2 2 2 2 2 2 2 2 2 2 2 2 2 2 2 2 2 2 2 2
left_child=7 2 3 10 -5 11 -6 -1 26 25 -2 21 13 20 -15 -14 -17 -7 19 24 23 -4 -23 -13 -19 -10 27 28 -9 -30
right_child=1 -3 5 4 6 17 -8 8 9 -11 -12 12 15 14 -16 16 -18 18 -20 -21 -22 22 -24 -25 -26 -27 -28 -29 29 -31
leaf_value=-0.14203721259760696 0.10009390859855222 0.8758770435303741 -0.037022607001306204 0.37830931548466668 0.0016721763767974665 -0.11639878546922988 0.8610824745278205 -0.060375950871541635 0.1863842804437027 0.23785373684468661 1.315664054787989 0.33476312966787403 -0.024402573306720701 0.016081882984615419 0.23402839835209299 1.1365011092552195 0.015820730523652217 0.015292618615186982 -0.022204489073103503 -0.01949748099092885 -0.046577175688986075 -0.044671975993722628 0.76656041003190856 0.0072270465167184666 0.27418211819291566 -0.17549535443256312 -0.092464914699660603 0.051595714201416398 -0.043037741835656416 0.061730035476691536
leaf_weight=1580 25 41 346 49 309 432 27 719 49 26 25 26 259 38 50 25 37 32 725 56 60 25 28 26 25 39 1253 45 97 128
leaf_count=1580 25 41 346 49 309 432 27 719 49 26 25 26 259 38 50 25 37 32 725 56 60 25 28 26 25 39 1253 45 97 128
internal_value=-0.000758444 0.000725908 0.000510281 0.00444954 0.00284974 -0.000273849 0.00147181 -0.00176378 -0.0010454 0.00473043 0.0164706 0.00147665 0.00298084 0.00736318 0.013573 0.000236024 0.00812698 -0.00154209 -0.0005149 0.00445614 0.00240708 -0.000490001 0.0057037 0.00739623 0.00917241 0.0014382 -0.00134106 -0.000278789 -0.00103281 0.00150442
internal_weight=6602 2666 2625 435 385 2190 336 3936 2356 114 50 920 521 200 88 321 62 1270 838 113 112 399 53 52 57 88 2242 989 944 225
internal_count=6602 2666 2625 435 385 2190 336 3936 2356 114 50 920 521 200 88 321 62 1270 838 113 112 399 53 52 57 88 2242 989 944 225
is_linear=0
shrinkage=0.04


Tree=18
num_leaves=31
num_cat=0
split_feature=11 7 12 16 20 5 2 19 11 12 0 16 18 9 8 14 8 5 14 1 16 7 16 2 0 11 16 11 17 5
split_gain=5.4793 3.78517 2.88501 6.14861 2.82071 2.2827 2.11695 3.45138 4.36046 2.47656 5.22505 2.15146 2.08969 1.92989 1.92523 1.67445 1.63929 1.55932 1.5264 1.4684 2.25027 1.44725 1.61453 1.71761 2.4758 1.40949 2.42796 2.59341 1.77074 1.79669
threshold=13.250000000000002 15.193750000000003 41.500000000000007 322.50000000000006 1.0000000180025095e-35 4.6500000000000012 8.2500000000000018 -0.60785761079279388 17.650000000000002 30.500000000000004 10.550000000000002 27.500000000000004 0.37940952255126048 108.50000000000001 7.3500000000000005 213.50000000000003 6.2500000000000009 5.7500000000000009 259.50000000000006 7.3500000000000005 292.50000000000006 5.6229166666666677 52.500000000000007 13.65 11.050000000000002 4.6500000000000012 257.50000000000006 1.6500000000000001 0.60355339059327384 5.5500000000000007
decision_type=2 2 2 2 2 2 2 2 2 2 2 2 2 2 2 2 2 2 2 2 2 2 2 2 2 2 2 2 2 2
left_child=12 4 3 15 5 -2 7 8 -7 10 -8 -9 18 -5 -6 -3 -10 -11 -1 -13 -21 -16 23 24 -23 26 28 -28 -20 -30
right_child=1 2 -4 13 14 6 9 11 16 17 -12 19 -14 -15 21 -17 -18 -19 25 20 -22 22 -24 -25 -26 -27 27 -29 29 -31
leaf_value=-0.069041796443151657 -0.037700577235954519 1.1952843755077833 0.071508581032019528 -0.078223373423130793 -0.1138768286296159 0.32525750829718403 -0.099194004274969924 0.3864178181490257 0.23935380429898348 0.16706290380988137 0.53928312959818325 -0.0063809025445270232 -0.13427700522171895 0.84175950910049391 0.45263786211048451 1.4007161466041509 -0.080161412065594628 -0.02127305201913289 -0.10371043699821778 0.17708706760794979 -0.0012599597928868035 0.018198250472623502 -0.042016716773511313 -0.080079572118541262 0.21921088993715152 -0.068099285640570897 0.0083691360792108281 0.15430545562034473 -0.012366828983477083 0.18000179059214383
leaf_weight=2271 393 29 190 48 391 45 37 32 56 31 30 274 1342 49 33 25 27 338 92 33 47 62 386 37 27 127 53 43 25 29
leaf_count=2271 393 29 190 48 391 45 37 32 56 31 30 274 1342 49 33 25 27 338 92 33 47 62 386 37 27 127 53 43 25 29
internal_value=-0.000794791 0.000625714 0.00454971 0.00865789 3.68412e-05 0.00121131 0.00227129 0.00400777 0.00967442 0.000219679 0.00723529 0.00210853 -0.00172935 0.00257143 -0.00164781 0.0193455 0.00414286 -0.00107027 -0.00107535 0.00119437 0.00592592 -0.000109891 -0.000639377 0.00327559 0.00626667 0.00130811 0.00309465 0.008 -0.000163266 0.00552727
internal_weight=6602 2620 341 151 2279 1343 950 514 128 436 67 386 3982 97 936 54 83 369 2640 354 80 545 512 126 89 369 242 96 146 54
internal_count=6602 2620 341 151 2279 1343 950 514 128 436 67 386 3982 97 936 54 83 369 2640 354 80 545 512 126 89 369 242 96 146 54
is_linear=0
shrinkage=0.04


Tree=19
num_leaves=31
num_cat=0
split_feature=7 13 11 8 19 14 14 4 18 12 7 11 5 17 16 19 12 0 3 1 18 13 7 5 14 11 19 19 13 5
split_gain=5.23641 5.04258 3.05275 2.95084 2.53065 2.82146 2.50456 1.87164 1.36952 3.07873 1.32756 1.32249 4.01394 1.38916 1.77318 2.90616 2.04169 1.70523 1.37606 1.24712 4.27223 1.61238 1.16012 1.78748 1.14289 2.07194 1.94248 1.79418 1.52539 1.43125
threshold=15.193750000000003 2.3500000000000001 30.650000000000002 3.9500000000000006 -0.60785761079279388 187.50000000000003 163.50000000000003 0.65000000000000002 -0.78656609248549325 42.500000000000007 3.2625000000000006 29.450000000000003 5.9500000000000011 0.12940952255126045 217.50000000000003 0.6078576107927941 44.500000000000007 11.450000000000001 4.9500000000000011 5.0500000000000007 -0.3794095225512602 1.6500000000000001 19.902083333333334 16.550000000000004 197.50000000000003 16.750000000000004 1.0000000180025095e-35 -1.0000000180025095e-35 2.9500000000000006 8.2500000000000018
decision_type=2 2 2 2 2 2 2 2 2 2 2 2 2 2 2 2 2 2 2 2 2 2 2 2 2 2 2 2 2 2
left_child=3 4 22 -1 -2 -6 19 -8 9 -9 -11 13 -13 -10 -15 16 -16 18 -18 20 21 -5 23 -3 25 27 -27 28 29 -12
right_child=1 2 -4 6 5 -7 7 8 11 10 24 12 -14 14 15 -17 17 -19 -20 -21 -22 -23 -24 -25 -26 26 -28 -29 -30 -31
leaf_value=-0.1275286951066818 0.087210362556440033 -0.029098093345995696 1.1881190715022651 0.5827473064378057 0.91608192686061418 1.3443190441022339 0.11265349113281872 0.49251840570375816 -0.057485933010032825 0.036816826903263884 0.1439200795618932 -0.11113074073139113 0.36895492082053472 -0.0079019588091482768 0.012782703288155471 -0.12093257681037534 0.26913648154535513 0.038922273486690355 0.14866966061933803 -0.069247985193493691 -0.073119630903504249 0.15671840554560146 -0.058841930965608573 0.72939578137974082 -0.016013580001139623 0.0057929818357257724 0.51696988916227771 -0.064654341257821976 -0.003831289593879776 0.021897647674957693
leaf_weight=1943 34 63 26 26 30 29 31 27 674 25 42 38 33 987 90 67 38 36 25 1237 304 43 154 46 233 33 29 164 70 25
leaf_count=1943 34 63 26 26 30 29 31 27 674 25 42 38 33 987 90 67 38 36 25 1237 304 43 154 46 233 33 29 164 70 25
internal_value=-0.000800849 0.0037389 0.00111724 -0.00108021 0.0117872 0.0167333 -0.000492755 0.000259369 0.000142585 0.00173806 0.00115112 -0.00037808 0.00494444 -0.000577686 0.000215433 0.0031751 0.00570526 0.00964 0.0135625 -0.00173805 0.000288769 0.0092 -0.000196971 0.00294545 0.000763818 0.00216483 0.0087619 0.000781456 0.00414493 0.00841176
internal_weight=6602 382 289 6220 93 59 4277 2667 2636 648 621 1988 71 1917 1243 256 189 99 63 1610 373 69 263 109 596 363 62 301 137 67
internal_count=6602 382 289 6220 93 59 4277 2667 2636 648 621 1988 71 1917 1243 256 189 99 63 1610 373 69 263 109 596 363 62 301 137 67
is_linear=0
shrinkage=0.04


Tree=20
num_leaves=31
num_cat=0
split_feature=7 13 0 19 18 12 9 20 3 7 5 14 20 7 17 19 5 7 19 5 13 11 19 9 14 12 12 16 5 0
split_gain=5.79603 4.48579 2.7771 3.80096 2.7037 2.65796 2.34668 2.29888 3.10953 3.30765 3.59496 3.18016 3.93726 3.4011 2.25489 2.23183 3.0662 1.98762 1.87362 2.32654 4.62246 1.76416 1.88432 2.8408 1.73481 2.4432 1.47266 1.44545 1.41911 1.29114
threshold=14.672916666666667 2.3500000000000001 15.550000000000002 -0.60785761079279388 0.1294095225512602 71.500000000000014 128.50000000000003 1.0000000180025095e-35 7.8500000000000005 5.4229166666666675 2.0500000000000003 190.50000000000003 -0.56174490092936669 6.1895833333333341 1.0000000180025095e-35 1.0000000180025095e-35 18.750000000000004 7.1875000000000009 -1.0000000180025095e-35 4.3500000000000005 14.050000000000002 12.65 -0.60785761079279388 39.500000000000007 184.50000000000003 83.500000000000014 35.500000000000007 452.50000000000006 17.850000000000005 12.750000000000002
decision_type=2 2 2 2 2 2 2 2 2 2 2 2 2 2 2 2 2 2 2 2 2 2 2 2 2 2 2 2 2 2
left_child=4 2 -2 -4 5 7 18 8 9 10 14 12 13 -11 -1 -3 27 -14 19 -6 24 -7 23 -23 -21 29 -10 -17 -5 -26
right_child=1 15 3 28 6 21 -8 -9 26 11 -12 -13 17 -15 -16 16 -18 -19 -20 20 -22 22 -24 -25 25 -27 -28 -29 -30 -31
leaf_value=0.039862628768494231 -0.068447559653891002 -0.02673627020546844 0.086248300464708466 1.1209294970766193 -0.10008005060116582 -0.083777750164588841 0.39506729610931052 -0.013615164944132797 0.50055951007736366 0.036788019247062882 -0.0088727218305209195 0.017708992916870454 0.35982859943900075 1.0416744112237768 0.060747973132671572 0.99880783772575499 -0.062315352675275916 -0.03566604769839158 -0.10991256964051591 -0.060856341920243591 0.34505721583718613 -0.12093375765121096 -0.0057470227035290138 0.15426468934942691 -0.0073035923297273073 0.27936506018703466 -0.014882490127141563 0.6830881589059804 1.2677873880923121 0.22504662647833965
leaf_weight=30 26 224 33 27 603 1689 25 631 25 25 251 63 32 31 30 25 48 41 1606 336 29 26 154 54 179 41 300 34 26 38
leaf_count=30 26 224 33 27 603 1689 25 631 25 25 251 63 32 31 30 25 48 41 1606 336 29 26 154 54 179 41 300 34 26 38
internal_value=-0.000749365 0.00366667 0.0105487 0.013977 -0.00106346 -0.000297961 -0.00196921 0.00098904 0.00237394 0.00434127 0.00178205 0.00845596 0.0120308 0.0199298 0.0104918 0.00131325 0.00603704 0.00578378 -0.00207836 -0.000899756 0.000814102 -0.00127443 0.00197447 0.00691358 4.03352e-05 0.00250193 -0.000674848 0.0120667 0.0205185 0.00078899
internal_weight=6682 443 112 86 6239 3382 2857 1459 828 503 311 192 129 56 60 331 107 73 2832 1226 623 1923 234 80 594 258 325 59 53 217
internal_count=6682 443 112 86 6239 3382 2857 1459 828 503 311 192 129 56 60 331 107 73 2832 1226 623 1923 234 80 594 258 325 59 53 217
is_linear=0
shrinkage=0.04


Tree=21
num_leaves=31
num_cat=0
split_feature=1 12 16 18 12 11 11 7 5 14 13 16 13 9 9 17 16 9 7 20 17 16 14 18 1 5 13 13 10 17
split_gain=5.37971 5.09499 11.5809 2.68027 2.37822 2.14252 2.04264 2.43869 2.03229 4.11999 3.50614 1.75867 2.02242 3.16259 1.6607 1.44976 2.25765 2.99389 1.42231 1.43134 1.9164 2.06851 1.68307 1.31847 1.27307 1.22675 1.23812 2.2079 1.4834 2.29952
threshold=12.950000000000001 35.500000000000007 272.50000000000006 0.1294095225512602 71.500000000000014 35.050000000000004 10.350000000000003 7.9812500000000011 2.0500000000000003 188.50000000000003 5.7500000000000009 22.500000000000004 0.95000000000000007 64.500000000000014 120.50000000000001 0.12940952255126045 97.500000000000014 52.500000000000007 3.6270833333333341 -0.22252093395631442 0.12940952255126045 237.50000000000003 238.50000000000003 0.37940952255126048 14.15 3.9500000000000006 6.6500000000000012 8.7500000000000018 4.1500000000000012 0.25881904510252091
decision_type=2 2 2 2 2 2 2 2 2 2 2 2 2 2 2 2 2 2 2 2 2 2 2 2 2 2 2 2 2 2
left_child=3 2 -2 4 8 18 -3 -8 9 -1 -11 12 -10 -14 -4 16 17 -9 -5 20 -20 -22 -23 -18 -17 -6 28 -28 29 -27
right_child=1 6 14 5 25 -7 7 15 11 10 -12 -13 13 -15 -16 24 23 -19 19 -21 21 22 -24 -25 -26 26 27 -29 -30 -31
leaf_value=-0.10472232628916631 1.1990161549942024 -0.1246177919509615 -0.051101376356440617 -0.16174760397584745 -0.12135249086321892 0.45719553890002818 0.53685338198875532 0.04509492074344032 -0.050561724960568821 0.02936946046215928 0.053392927125967264 -0.00023497568851944242 0.26718002335099811 -0.014805926112162679 0.71416848941054667 0.024379179829283219 -0.0063577933926745956 0.84459757128224111 -0.08144130215014013 -0.098445158350858042 -0.0079049428206127044 0.064088785367556952 0.14320766593377454 0.22655963437856927 -0.032357010576797109 -0.030328198690926712 0.11125320626608742 -0.24786986793137938 -0.038885926187672892 1.0140702413159188
leaf_weight=58 50 208 83 711 666 39 30 45 30 26 26 1051 34 25 25 41 152 34 511 1122 261 91 41 32 219 48 36 26 935 26
leaf_count=58 50 208 83 711 666 39 30 45 30 26 26 1051 34 25 25 41 152 34 511 1122 261 91 41 32 219 48 36 26 935 26
internal_value=-0.000749365 0.0020913 0.00860377 -0.00120264 -0.000370818 -0.00209723 0.000729658 0.002 0.000959232 0.00612613 0.0141887 0.00045574 0.00582222 0.0100667 0.00117431 0.00135114 0.00343939 0.00905 -0.00223083 -0.0016892 -0.000503868 0.00159391 0.00565413 0.000994594 -0.000766284 -0.00132796 -0.000488807 0.00495238 -0.000827724 0.00458667
internal_weight=6682 919 158 5763 2987 2776 761 553 1250 110 52 1140 89 59 108 523 263 79 2737 2026 904 393 132 184 260 1737 1071 62 1009 74
internal_count=6682 919 158 5763 2987 2776 761 553 1250 110 52 1140 89 59 108 523 263 79 2737 2026 904 393 132 184 260 1737 1071 62 1009 74
is_linear=0
shrinkage=0.04


Tree=22
num_leaves=31
num_cat=0
split_feature=7 13 12 18 19 5 12 20 2 0 19 7 14 5 14 10 5 12 11 11 11 11 20 0 13 4 18 7 20 14
split_gain=5.06114 3.88082 2.91602 2.57817 2.5012 3.38139 1.8147 2.7394 2.42811 3.5723 2.94475 4.1552 3.15519 2.90091 3.57009 2.86117 2.8233 2.47772 2.06692 2.04934 1.89751 1.7122 1.46932 1.39154 1.28426 2.04978 1.14907 1.50339 1.08489 1.21843
threshold=14.908333333333335 2.3500000000000001 35.500000000000007 0.37940952255126048 1.0000000180025095e-35 18.750000000000004 73.500000000000014 1.0000000180025095e-35 7.9500000000000011 4.3500000000000005 1.0000000180025095e-35 5.7645833333333343 169.50000000000003 2.0500000000000003 188.50000000000003 15.750000000000002 4.8500000000000005 30.500000000000004 9.3500000000000032 12.65 13.850000000000003 15.750000000000002 1.0000000180025095e-35 7.7500000000000009 14.15 9.0500000000000025 -0.3794095225512602 19.902083333333334 0.81174490092936691 236.50000000000003
decision_type=2 2 2 2 2 2 2 2 2 2 2 2 2 2 2 2 2 2 2 2 2 2 2 2 2 2 2 2 2 2
left_child=3 2 -2 6 -3 22 7 8 9 13 11 18 -13 14 -1 16 -12 -10 -11 -8 -21 -5 -6 24 -23 -26 27 -4 29 -25
right_child=1 4 26 21 5 -7 19 -9 17 10 15 12 -14 -15 -16 -17 -18 -19 -20 20 -22 23 -24 28 25 -27 -28 -29 -30 -31
leaf_value=-0.12917632035193488 1.2081019101151396 -0.027696049847692084 0.71857336562542529 -0.12244513585211672 0.80435723701554362 -0.058528458145192995 -0.079388273632115702 -0.022076580832568769 0.43257648347450089 0.17124960150438351 0.13192766994930158 0.22521047685656329 0.037265476945735135 -0.040913396263515416 0.053873334673265126 0.72924784320604374 -0.029389509481565934 -0.014578243440698168 -0.10734295263709327 0.12971841658967515 0.023469495292071745 -0.082679643228975905 0.6185102319133976 0.0046163439080450274 -0.082687764435166081 0.30615542857413436 -0.021362078495833207 0.50558934654277976 -0.12807302963563805 0.18410017135121032
leaf_weight=35 28 215 25 1451 31 48 1795 834 25 26 44 32 41 212 43 27 120 426 47 34 176 500 25 148 45 38 26 25 61 99
leaf_count=35 28 215 25 1451 31 48 1795 834 25 26 44 32 41 212 43 27 120 426 47 34 176 500 25 148 45 38 26 25 61 99
internal_value=-0.000767321 0.00346226 0.0101333 -0.00105368 0.0012625 0.00632381 -0.000425728 0.000455828 0.00178684 0.0033949 0.00618935 0.010449 0.0171351 0.000137456 0.00668354 0.00289583 0.000872726 -0.000451328 0.00362162 -0.0012662 0.00246445 -0.00210329 0.0129123 -0.000721974 -0.00186986 0.00271428 0.00592208 0.00941176 0.00144984 0.00262903
internal_weight=6682 423 104 6259 319 104 3917 1912 1078 627 337 146 73 290 78 191 164 451 73 2005 210 2342 56 891 583 83 76 50 308 247
internal_count=6682 423 104 6259 319 104 3917 1912 1078 627 337 146 73 290 78 191 164 451 73 2005 210 2342 56 891 583 83 76 50 308 247
is_linear=0
shrinkage=0.04


Tree=23
num_leaves=31
num_cat=0
split_feature=5 11 3 13 20 0 4 1 14 19 5 10 7 0 1 19 11 11 14 13 7 18 9 2 2 0 13 14 11 10
split_gain=5.16639 4.00325 3.30001 3.53871 2.81707 2.3298 1.99827 1.91001 3.22653 1.82857 1.93923 2.52912 2.47556 1.72935 1.69071 4.35252 1.73761 2.20713 1.66792 1.61847 1.8314 1.54795 3.05995 2.52344 1.75852 1.53373 1.47746 1.32931 2.99507 3.44589
threshold=7.5500000000000007 33.350000000000001 20.650000000000002 2.3500000000000001 1.0000000180025095e-35 49.100000000000009 4.4500000000000011 16.950000000000003 214.50000000000003 1.0000000180025095e-35 10.15 4.5500000000000007 5.8729166666666677 9.4500000000000011 7.6500000000000012 -0.60785761079279388 12.15 17.450000000000003 163.50000000000003 1.8500000000000003 7.9145833333333346 0.1294095225512602 83.500000000000014 5.4500000000000011 2.4500000000000006 4.9500000000000011 1.0500000000000003 189.50000000000003 18.650000000000002 8.9500000000000011
decision_type=2 2 2 2 2 2 2 2 2 2 2 2 2 2 2 2 2 2 2 2 2 2 2 2 2 2 2 2 2 2
left_child=18 2 4 5 6 -4 9 14 -9 10 11 -2 -13 -11 15 16 -8 -18 -1 20 -6 22 25 24 -24 -20 -27 28 29 -28
right_child=1 -3 3 -5 19 -7 7 8 -10 13 -12 12 -14 -15 -16 -17 17 -19 21 -21 -22 -23 23 -25 -26 26 27 -29 -30 -31
leaf_value=-0.11669027727837246 1.0544541013577604 0.89166809380330225 1.1447249217965116 0.040256209552014796 0.10776101776112913 0.098996076133537059 0.098190599749875443 -0.0013938348923504134 0.75567791041029242 -0.10946012729047015 0.025613078958797067 0.0049146647385226623 0.071494735184374103 0.28934820567092118 -0.028794146674850446 -0.020516010619898377 0.24956020275084995 0.10205300180698372 -0.054981001564676564 -0.07187149366605329 -0.010707076697326384 -0.074012456410088634 0.029247096840194386 -0.0067489766063209 0.050274677016065861 -0.10303556179225615 0.097712572641670811 -0.004632672515739053 0.70007792947780201 -0.0094465631228734977
leaf_weight=1688 27 28 39 128 63 26 33 51 31 104 77 57 27 36 447 256 31 44 612 828 149 1165 25 38 44 116 40 267 27 178
leaf_count=1688 27 28 39 128 63 26 33 51 31 104 77 57 27 36 447 256 31 44 612 828 149 1165 25 38 44 116 40 267 27 178
internal_value=-0.000773306 0.000673378 0.000498573 0.00550515 6.89646e-05 0.0130303 0.00137152 0.000389261 0.00616867 0.00403647 0.00660317 0.00996428 0.0064 0.000567375 -0.000201971 0.00181918 0.00851376 0.0118421 -0.00162818 -0.00146014 0.00165258 -0.000974135 -5.04461e-05 0.00640741 0.0109143 -0.00061241 0.000775834 0.0016998 0.00382114 0.00222831
internal_weight=6682 2482 2454 193 2261 65 1221 893 82 328 188 111 84 140 811 364 108 75 4200 1040 212 2512 1347 107 69 1240 628 512 245 218
internal_count=6682 2482 2454 193 2261 65 1221 893 82 328 188 111 84 140 811 364 108 75 4200 1040 212 2512 1347 107 69 1240 628 512 245 218
is_linear=0
shrinkage=0.04


Tree=24
num_leaves=31
num_cat=0
split_feature=0 12 16 14 9 19 18 20 5 3 3 19 14 5 13 2 16 17 11 11 19 14 11 8 8 13 18 0 14 12
split_gain=5.11991 4.13391 11.0532 2.67659 2.54038 2.42093 2.4248 2.40142 2.97366 2.62868 3.29223 2.85455 2.03445 1.95528 1.94286 3.02642 1.88139 1.99616 1.90407 4.57614 1.63795 1.61981 1.6151 1.5082 1.42106 2.43923 1.3969 1.35646 1.17617 1.34479
threshold=12.250000000000002 35.500000000000007 272.50000000000006 162.50000000000003 122.50000000000001 0.6078576107927941 -0.5 -0.22252093395631442 5.9500000000000011 7.4500000000000011 7.1500000000000012 1.0000000180025095e-35 219.50000000000003 5.2500000000000009 13.750000000000002 1.9500000000000002 92.500000000000014 0.78656609248549325 11.950000000000001 20.050000000000004 1.0000000180025095e-35 190.50000000000003 19.250000000000004 6.6500000000000012 6.7500000000000009 1.5500000000000003 0.37940952255126048 5.3500000000000005 163.50000000000003 38.500000000000007
decision_type=2 2 2 2 2 2 2 2 2 2 2 2 2 2 2 2 2 2 2 2 2 2 2 2 2 2 2 2 2 2
left_child=4 2 12 -3 7 13 -7 8 14 10 11 16 -2 -5 23 -16 24 18 -18 -20 -4 -17 -13 -1 -10 -26 28 -25 -9 -30
right_child=1 3 20 5 -6 6 -8 26 9 -11 -12 22 -14 -15 15 21 17 -19 19 -21 -22 -23 -24 27 25 -27 -28 -29 29 -31
leaf_value=-0.07902720470273264 0.50879681174425373 -0.048117955403785315 -0.053050989069941899 0.17115567377849022 0.4551836013458907 0.48604960336377867 -0.00804253549257836 -0.087516625610359319 -0.061311821740443709 -0.017662576562488711 0.18957941164539119 -0.13097628133823305 1.0989359265448146 0.0014456935609708278 -0.17743054628083457 0.026057549351483304 -0.01919134447429088 0.70249725619387027 0.35503287845102471 -0.0060312788281720164 0.67505977808576245 0.068217079277804363 0.14973208392427168 0.73920079196564903 0.38100963688975092 0.0094055922523003082 -0.11911226478800185 -0.0087689275934751208 0.043125210237386635 -0.032034569631350325
leaf_weight=888 25 288 83 55 46 47 35 668 119 406 30 146 29 431 47 26 63 43 44 51 33 32 39 34 30 92 1254 353 151 1094
leaf_count=888 25 288 83 55 46 47 35 668 119 406 30 146 29 431 47 26 63 43 44 51 33 32 39 34 30 92 1254 353 151 1094
internal_value=-0.000791262 0.0018072 0.00748538 0.000672111 -0.00126286 0.00226362 0.00857831 -0.00134023 -0.00039771 0.00119173 0.0027538 0.00212102 0.0222545 0.00118275 -0.00162201 0.0035849 0.00386456 0.00671287 0.00457862 0.008125 0.000478632 0.00962712 -0.00204301 -0.00205329 0.00147107 0.0044878 -0.00206692 3.09269e-05 -0.00138558 -0.000658107
internal_weight=6682 1026 170 856 5656 568 82 5610 2443 1063 657 627 54 486 1380 105 442 201 158 95 116 58 185 1275 241 122 3167 387 1913 1245
internal_count=6682 1026 170 856 5656 568 82 5610 2443 1063 657 627 54 486 1380 105 442 201 158 95 116 58 185 1275 241 122 3167 387 1913 1245
is_linear=0
shrinkage=0.04


Tree=25
num_leaves=31
num_cat=0
split_feature=0 12 16 2 7 8 19 11 11 16 17 17 13 18 7 7 6 16 12 3 20 19 7 13 16 4 9 3 4 20
split_gain=4.90916 4.49933 12.5605 2.29273 2.23899 3.07049 3.07494 1.96629 1.81268 2.15767 2.67211 1.6799 2.78116 2.34033 2.067 2.11459 3.36264 2.10573 1.74281 1.68628 2.17386 1.64382 1.44308 1.39423 1.79346 2.02387 1.38715 1.2351 1.59947 1.80412
threshold=12.65 35.500000000000007 272.50000000000006 2.3500000000000001 7.8604166666666675 16.250000000000004 -0.60785761079279388 35.050000000000004 10.350000000000003 37.500000000000007 0.37940952255126054 0.25881904510252091 15.65 -0.12940952255126037 3.6270833333333341 3.9062500000000004 4.8749999999999991 1412.5000000000002 70.500000000000014 7.4500000000000011 1.0000000180025095e-35 1.0000000180025095e-35 6.7104166666666671 1.6500000000000001 522.50000000000011 3.6500000000000008 119.50000000000001 2.4500000000000006 3.1500000000000008 0.81174490092936691
decision_type=2 2 2 2 2 2 2 2 2 2 2 2 2 2 2 2 2 2 2 2 2 2 2 2 2 2 2 2 2 2
left_child=3 2 21 -1 5 6 -3 11 -6 10 -10 13 14 18 -13 16 -16 22 19 20 23 -2 27 -5 25 -25 -4 -17 -29 -30
right_child=1 4 26 7 8 -7 -8 -9 9 -11 -12 12 -14 -15 15 17 -18 -19 -20 -21 -22 -23 -24 24 -26 -27 -28 28 29 -31
leaf_value=-0.1237544643955968 1.0691596423794767 0.43363787461487024 -0.072180870271219291 -0.17241259509448567 -0.13390477395811179 -0.058277275953201368 0.093070583487174424 0.69629965963871399 0.49723494640786314 -0.0053241744106548505 -0.011709079695855319 -0.07189836036275922 0.13134600446879152 -0.10219715791155752 0.31843641170998843 -0.09257060585637332 -0.067039477482874837 0.071436312344062697 -0.044653761702541199 -0.0067303192456618244 -0.0016335591667453113 0.78163343464312962 -0.022600927028184697 0.10238613283362497 0.021160398113892486 0.26328898787029004 0.56307114388735213 -0.0035679850339607132 0.064993155021453003 0.18057223602101896
leaf_weight=1087 27 25 80 26 165 43 38 29 49 433 57 394 25 1499 29 139 36 25 666 237 99 25 628 28 38 44 26 302 335 37
leaf_count=1087 27 25 80 26 165 43 38 29 49 433 57 394 25 1499 29 139 36 25 666 237 99 25 628 28 38 44 26 302 335 37
internal_value=-0.000684054 0.0019484 0.00810063 -0.00113114 0.000739826 0.00613084 0.0116875 -0.000741608 -7.94336e-05 0.00104444 0.00613084 -0.000808196 8.20083e-05 -0.00146626 -9.34589e-05 0.000571801 0.00757576 0.000256304 -9.83328e-05 0.00175898 0.00415254 0.024 5.27036e-05 0.00741606 0.00936937 0.0130411 0.000149532 0.00116462 0.00187259 0.00362466
internal_weight=6671 968 158 5703 810 106 63 4616 704 539 106 4587 1950 2637 1925 1531 65 1466 1138 472 235 52 1441 136 110 72 106 813 674 372
internal_count=6671 968 158 5703 810 106 63 4616 704 539 106 4587 1950 2637 1925 1531 65 1466 1138 472 235 52 1441 136 110 72 106 813 674 372
is_linear=0
shrinkage=0.04


Tree=26
num_leaves=31
num_cat=0
split_feature=8 12 16 2 11 11 7 16 18 19 18 13 9 17 16 9 5 11 10 16 9 13 10 10 16 2 13 11 12 12
split_gain=4.24822 3.41323 12.5122 2.30154 1.96307 1.75774 2.62568 2.09749 2.58468 1.74874 1.59624 1.78032 1.38016 1.3283 1.35226 1.22691 1.41679 1.28087 3.43758 1.46048 2.11398 1.80439 2.30966 3.27545 1.82079 1.45711 1.43379 1.41839 1.40141 1.23182
threshold=13.65 35.500000000000007 272.50000000000006 2.5500000000000003 35.050000000000004 8.7500000000000018 7.1875000000000009 37.500000000000007 -0.70710678118654757 1.0000000180025095e-35 0.37940952255126048 13.65 119.50000000000001 0.37940952255126054 1522.5000000000002 44.500000000000007 3.9500000000000006 1.9500000000000002 17.250000000000004 462.50000000000006 59.500000000000007 3.2500000000000004 5.0500000000000007 13.250000000000002 167.50000000000003 10.65 6.1500000000000012 21.950000000000003 81.500000000000014 73.500000000000014
decision_type=2 2 2 2 2 2 2 2 2 2 2 2 2 2 2 2 2 2 2 2 2 2 2 2 2 2 2 2 2 2
left_child=3 2 9 -1 10 -3 -7 8 -8 -2 11 15 -4 -12 -15 -5 29 26 19 20 -19 22 -22 27 25 -23 -18 -24 -26 -17
right_child=1 5 12 4 -6 6 7 -9 -10 -11 13 -13 -14 14 -16 16 17 18 -20 -21 21 24 23 -25 28 -27 -28 -29 -30 -31
leaf_value=-0.11104675014501338 1.0263932566842977 -0.075220226000157556 -0.083003984888322724 -0.052127304108444891 0.66844767325316556 0.41491424118096704 0.46913122866672152 -0.002027926689712971 -0.025598104490858562 0.74294572306709372 -0.10552096095329541 0.028234675474571747 0.54054829813185812 -0.0069744703079924232 0.062777060646914629 0.0037929950373058801 -0.045468047971103466 -0.018201039689538453 0.55096064733373462 -0.044023836404213736 0.92243142671839939 -0.030704893790619622 -0.027493250761605199 0.18850892986800857 0.088408866700738609 0.1581905803216794 0.048125404452311046 0.22630457345940241 0.17196715995633555 -0.11535847660783474
leaf_weight=1245 27 264 107 268 29 26 61 465 55 26 1023 44 26 430 29 340 440 378 33 225 50 241 120 27 90 25 46 26 34 471
leaf_count=1245 27 264 107 268 29 26 61 465 55 26 1023 44 26 430 29 340 440 378 33 225 50 241 120 27 90 25 46 26 34 471
internal_value=-0.00072602 0.00159924 0.00650267 -0.00116403 -0.000731351 0.000545871 0.00173026 0.00116151 0.00594872 0.0227407 -0.00080166 -0.000249039 -8.95532e-05 -0.00186649 -7.82618e-05 -0.000375134 -0.000103652 0.000541474 0.0012192 0.000867707 0.00152822 0.0029772 0.00583928 0.00360919 0.00132992 -0.000539327 -0.00119918 0.00119728 0.005312 -0.00148276
internal_weight=6671 1057 186 5614 4369 871 607 581 116 53 4340 2858 133 1482 459 2814 2546 1735 1249 1216 991 613 223 173 390 266 486 146 124 811
internal_count=6671 1057 186 5614 4369 871 607 581 116 53 4340 2858 133 1482 459 2814 2546 1735 1249 1216 991 613 223 173 390 266 486 146 124 811
is_linear=0
shrinkage=0.04


Tree=27
num_leaves=31
num_cat=0
split_feature=0 12 16 5 20 8 4 19 9 10 9 19 13 11 10 2 5 11 17 16 13 16 8 20 18 8 18 9 6 9
split_gain=4.95804 4.2405 11.3378 2.0199 1.78323 1.76248 5.26381 1.74874 1.60006 3.63436 1.59321 1.57598 3.48297 2.41587 2.25647 1.51156 1.92199 1.49689 1.64291 2.01094 1.48267 4.13458 2.24304 1.4623 1.426 1.3379 1.32787 1.2296 1.11864 1.1103
threshold=12.350000000000003 35.500000000000007 272.50000000000006 4.1500000000000012 -0.22252093395631442 16.850000000000005 3.8500000000000001 1.0000000180025095e-35 51.500000000000007 17.750000000000004 120.50000000000001 1.0000000180025095e-35 14.050000000000002 16.350000000000005 9.4500000000000011 8.3500000000000032 7.5500000000000007 16.750000000000004 0.37940952255126054 87.500000000000014 5.7500000000000009 107.50000000000001 7.1500000000000012 -0.56174490092936669 -0.9159756150367534 7.8500000000000005 0.37940952255126048 119.50000000000001 16.291666666666668 66.500000000000014
decision_type=2 2 2 2 2 2 2 2 2 2 2 2 2 2 2 2 2 2 2 2 2 2 2 2 2 2 2 2 2 2
left_child=3 2 7 -1 8 6 -3 -2 -5 11 -6 12 15 -13 25 16 -10 -7 19 -19 21 22 -18 -8 -25 -15 -27 -4 -21 -22
right_child=1 5 27 4 10 17 23 -9 9 -11 -12 13 -14 14 -16 -17 20 18 -20 28 29 -23 -24 24 -26 26 -28 -29 -30 -31
leaf_value=-0.074387889714180547 0.98533752641692574 0.40107390186096581 -0.062937493588565541 -0.037790146682001209 -0.043332007525866086 -0.062762264095426193 -0.041676384189537445 0.7132278941444099 -0.0087842385439373203 0.44324719483129854 0.50431595784437333 -0.10724605516974921 0.35280375934772124 -0.10228862501736802 0.18266966810975543 -0.018035928100694782 -0.01559273112505667 0.72658910902356577 -0.028343993467277815 0.1608173464387431 0.30153842587335372 0.26761463601775948 0.044337454984486699 0.15000318978265967 0.012624116102418134 -0.0041997711778675225 0.62116446932910485 0.51892636620658372 -0.045282182557986189 -0.038798389453567672
leaf_weight=2323 27 44 89 215 1866 249 84 26 256 29 25 257 25 70 28 224 75 36 122 25 28 62 48 33 181 34 25 26 72 67
leaf_count=2323 27 44 89 215 1866 249 84 26 256 29 25 257 25 70 28 224 75 36 122 25 28 62 48 33 181 34 25 26 72 67
internal_value=-0.000738011 0.00183645 0.0076213 -0.00119972 -0.000568517 0.000680046 0.00289213 0.0227407 0.000490304 0.00104801 -0.00137632 0.000703332 0.00175572 -0.00129157 0.00260759 0.0012615 0.00241341 -0.000823763 0.00132812 0.00438806 0.00469751 0.00677419 0.00248387 0.00096321 0.00271628 0.000338461 0.00473333 0.00051724 0.00134694 0.000624999
internal_weight=6671 1014 168 5657 3334 846 342 53 1443 1228 1891 1199 785 414 157 760 536 504 255 133 280 185 123 298 214 129 59 115 97 95
internal_count=6671 1014 168 5657 3334 846 342 53 1443 1228 1891 1199 785 414 157 760 536 504 255 133 280 185 123 298 214 129 59 115 97 95
is_linear=0
shrinkage=0.04


Tree=28
num_leaves=31
num_cat=0
split_feature=0 12 16 7 8 4 2 11 4 19 11 16 14 18 7 8 4 0 19 11 13 4 19 8 9 11 20 16 14 5
split_gain=4.59218 4.35692 11.3378 2.04734 2.72848 3.6301 1.89411 1.92537 2.81193 1.74874 1.69521 2.26695 3.28594 2.64514 1.57701 2.31167 1.61304 1.66134 2.02228 3.07317 1.57543 2.71644 1.45949 2.71546 1.2296 1.12738 1.82762 1.25886 1.06157 0.98881
threshold=12.350000000000003 35.500000000000007 272.50000000000006 7.9812500000000011 16.250000000000004 3.5500000000000003 2.3500000000000001 33.650000000000013 8.1500000000000004 1.0000000180025095e-35 10.350000000000003 37.500000000000007 187.50000000000003 -0.70710678118654757 6.7104166666666671 5.1500000000000012 0.75000000000000011 4.9500000000000011 -1.0000000180025095e-35 7.4500000000000011 13.750000000000002 3.6500000000000008 -0.8783796973249266 5.9500000000000011 119.50000000000001 17.450000000000003 -0.22252093395631442 37.500000000000007 179.50000000000003 7.9500000000000011
decision_type=2 2 2 2 2 2 2 2 2 2 2 2 2 2 2 2 2 2 2 2 2 2 2 2 2 2 2 2 2 2
left_child=6 2 9 4 5 -3 -1 14 -9 -2 -5 12 -12 -14 15 20 -17 18 19 -18 -8 -22 23 28 -4 29 -27 -28 -16 -19
right_child=1 3 24 10 -6 -7 7 8 -10 -11 11 -13 13 -15 22 16 17 25 -20 -21 21 -23 -24 -25 -26 26 27 -29 -30 -31
leaf_value=-0.11268934688492926 0.94592402536024867 0.40787053350019753 -0.060419993845022918 -0.12772804187477682 -0.030481088238976994 0.10023960749107173 -0.054398215813015051 -0.12099025952344399 0.66633712648338217 0.68469877837863347 -0.054785543908004969 -0.0084302708603065553 0.55257031504865195 0.0080750234124252578 0.27880240655164412 0.073031954707004784 0.91320762310446424 -0.028261402412219885 -0.0057647045706967371 0.017433437081915963 0.032362776201623575 -0.043085598679642283 -0.0534268666193983 -0.010564688110921537 0.49816931155832034 0.10778649834171393 0.24669246708781514 -0.027690381220720699 0.040483850070927911 0.031013210632219252
leaf_weight=1083 27 25 89 168 52 47 1271 26 25 26 45 447 36 26 29 36 40 798 81 40 25 40 1524 191 26 90 28 111 38 181
leaf_count=1083 27 25 89 168 52 47 1271 26 25 26 45 447 36 26 29 36 40 798 81 40 25 40 1524 191 26 90 28 111 38 181
internal_value=-0.000720025 0.00175763 0.0076213 0.000585595 0.005312 0.0103014 -0.00116437 -0.00080787 0.00684615 0.0227407 -0.000232366 0.000836035 0.00603704 0.0119365 -0.000895669 -0.000293218 0.000839259 0.000616057 0.00441975 0.00888889 -0.00148392 0.00454545 -0.00182165 0.000957528 0.00051724 0.000105872 0.00262609 -0.000257144 0.00782353 -0.000485715
internal_weight=6671 1014 168 846 124 72 5657 4574 51 53 722 554 107 62 4523 2741 1405 1369 161 80 1336 65 1782 258 115 1208 229 139 67 979
internal_count=6671 1014 168 846 124 72 5657 4574 51 53 722 554 107 62 4523 2741 1405 1369 161 80 1336 65 1782 258 115 1208 229 139 67 979
is_linear=0
shrinkage=0.04


Tree=29
num_leaves=31
num_cat=0
split_feature=0 12 16 7 8 19 6 7 19 11 16 14 10 5 7 8 8 19 9 19 11 14 15 16 11 19 2 14 11 3
split_gain=4.40283 3.96231 9.74297 2.84393 2.6467 3.38259 1.81617 2.05228 1.77467 1.55496 1.52843 2.50784 1.97221 1.48674 1.36042 1.99217 2.09577 3.17497 2.61086 2.04693 1.9667 1.69189 1.30129 1.27214 1.25207 1.39118 3.71223 1.99589 1.23864 1.03028
threshold=12.250000000000002 35.500000000000007 272.50000000000006 7.9812500000000011 16.250000000000004 -0.60785761079279388 1.8666666666666634 1.5145833333333336 1.0000000180025095e-35 10.350000000000003 37.500000000000007 187.50000000000003 14.15 3.9500000000000006 6.7104166666666671 7.2500000000000009 8.5500000000000025 -1.0000000180025095e-35 69.500000000000014 -0.60785761079279388 12.15 263.50000000000006 1.0000000180025095e-35 247.50000000000003 33.650000000000013 -0.8783796973249266 7.3500000000000005 181.50000000000003 30.650000000000002 3.7500000000000004
decision_type=2 2 2 2 2 2 2 2 2 2 2 2 2 2 2 2 2 2 2 2 2 2 2 2 2 2 2 2 2 2
left_child=6 2 8 4 5 -3 -1 -8 -2 -5 11 -11 -13 -9 15 22 17 18 19 -17 -16 -18 -15 29 25 26 27 -22 -4 -24
right_child=1 3 28 9 -6 -7 7 13 -10 10 -12 12 -14 14 20 16 21 -19 -20 -21 24 -23 23 -25 -26 -27 -28 -29 -30 -31
leaf_value=-0.11764833402872837 0.90808706434583875 0.36458177566997352 -0.06544688993326743 -0.12189572320753561 -0.029261844709417915 0.11551178948827362 0.029817163808843927 -0.06398988804098274 0.65731082724348822 -0.052910693224805919 -0.0086996970949455923 0.59402509835063722 0.02966457483561075 -0.031531150139114159 -0.084782962066099227 -0.014502081343471319 -0.018617610898591253 0.0020594929351602028 0.88111082822577713 0.28055726414282589 0.36150202972445677 0.17607837628402956 0.08367572851709365 0.14936539261078627 0.63968364142404688 -0.019222991390285427 -0.017005518270969834 0.036398104463354487 0.49769263458433805 -0.14372442104294242
leaf_weight=541 27 27 93 172 52 48 29 1841 26 46 449 29 33 991 639 34 266 107 28 31 34 25 65 35 25 782 93 34 25 44
leaf_count=541 27 27 93 172 52 48 29 1841 26 46 449 29 33 991 639 34 266 107 28 31 34 25 65 35 25 782 93 34 25 44
internal_value=-0.000761991 0.00164591 0.00718605 0.000532088 0.00603125 0.0107895 -0.00120036 -0.000966302 0.0212593 -0.000432878 0.000594981 0.00484404 0.0100317 -0.00102778 -0.000510823 0.000304855 0.00243089 0.00557214 0.0109362 0.00636364 -0.00133582 0.000260273 -0.000616198 0.00292414 -0.000198143 -0.000436442 0.00293827 0.00997101 0.000739495 0.000763635
internal_weight=6671 1027 171 856 127 75 5644 5103 53 729 557 108 62 5074 3233 1626 491 200 93 65 1607 291 1135 144 968 943 161 68 118 109
internal_count=6671 1027 171 856 127 75 5644 5103 53 729 557 108 62 5074 3233 1626 491 200 93 65 1607 291 1135 144 968 943 161 68 118 109
is_linear=0
shrinkage=0.04


Tree=30
num_leaves=31
num_cat=0
split_feature=0 12 16 19 4 8 0 18 12 20 2 8 12 18 9 16 17 4 18 13 7 16 19 9 3 7 17 14 14 20
split_gain=3.46433 4.20597 9.45056 3.74223 2.0374 2.66678 3.6007 1.76522 1.57044 2.49008 2.50316 1.83186 1.35275 2.62975 1.31027 1.28392 1.7824 2.09256 1.25589 1.24983 1.39448 4.01862 1.67889 1.45504 1.23627 1.04242 1.01281 0.983609 0.957568 1.65418
threshold=10.550000000000002 35.500000000000007 382.50000000000006 1.0000000180025095e-35 3.8500000000000001 16.950000000000003 13.350000000000003 0.37940952255126048 73.500000000000014 1.0000000180025095e-35 7.8500000000000005 3.9500000000000006 48.500000000000007 -0.60355339059327384 128.50000000000003 167.50000000000003 0.25881904510252091 3.9500000000000006 -0.78656609248549325 10.65 5.4520833333333343 42.500000000000007 -0.60785761079279388 63.500000000000007 5.2500000000000009 3.510416666666667 0.60355339059327384 169.50000000000003 197.50000000000003 -0.22252093395631442
decision_type=2 2 2 2 2 2 2 2 2 2 2 2 2 2 2 2 2 2 2 2 2 2 2 2 2 2 2 2 2 2
left_child=7 2 3 -2 5 6 18 8 9 10 11 -1 13 -6 -4 -10 -17 -18 -3 20 23 -22 -23 -13 -25 -9 -27 -11 -28 -30
right_child=1 4 14 -5 12 -7 -8 25 15 27 -12 19 -14 -15 -16 16 17 -19 -20 -21 21 22 -24 24 -26 26 28 -29 29 -31
leaf_value=-0.0049449978623900548 0.88730384006051899 0.14616466161379552 -0.043248875315585605 0.73011303729874466 0.59094821965492372 -0.22468446054409869 0.32248139544814935 -0.12520190104516307 -0.068870467465293003 -0.1162552821445306 -0.036926641115225818 -0.023949694427990709 -0.018039559991935065 -0.0025326236659405782 0.34247422704118741 -0.044996213317727844 -0.014597706598651153 0.16381825114959556 -0.020545024212590714 0.063474886032248171 0.3158155241329868 0.23426013673334886 -0.0020792233872619819 0.093766506240996375 -0.010827858603504461 -0.08207223082205245 -0.026121361419575939 -0.014748752474046467 0.1743342619867779 -0.0206663103089571
leaf_weight=216 33 26 124 37 38 44 33 552 1491 199 228 87 743 171 25 104 31 41 46 38 43 26 73 85 35 1278 227 420 45 40
leaf_count=216 33 26 124 37 38 44 33 552 1491 199 228 87 743 171 25 104 31 41 46 38 43 26 73 85 35 1278 227 420 45 40
internal_value=-0.000862615 0.000968962 0.00601818 0.0180282 -3.99284e-05 0.00429333 0.00773585 -0.00132243 -0.000714562 0.000248104 0.00167788 0.00302649 -0.000721932 0.00211428 0.000293332 -0.00155156 0.00167232 0.00646575 0.00263014 0.0046701 0.00389714 0.00693706 0.00244 0.00178846 0.0046281 -0.00220625 -0.00168448 -0.00167097 0.000357827 0.00395349
internal_weight=6579 1320 219 70 1101 149 105 5259 3117 1450 831 603 952 209 149 1667 176 72 72 387 349 142 99 207 120 2142 1590 619 312 85
internal_count=6579 1320 219 70 1101 149 105 5259 3117 1450 831 603 952 209 149 1667 176 72 72 387 349 142 99 207 120 2142 1590 619 312 85
is_linear=0
shrinkage=0.04


Tree=31
num_leaves=31
num_cat=0
split_feature=11 0 19 12 16 20 0 5 17 14 7 19 12 11 18 10 5 14 16 5 4 9 15 7 3 11 4 9 19 12
split_gain=3.64795 2.70688 3.52981 6.92739 7.672 2.04096 1.98299 3.17998 1.44142 1.936 2.38714 1.55904 1.66491 5.20016 1.34748 1.34451 1.79495 2.58801 1.33175 2.41028 1.31273 1.1632 1.15768 1.20422 1.76347 1.73386 1.21763 1.53911 1.42563 2.38113
threshold=13.250000000000002 10.850000000000003 1.0000000180025095e-35 43.500000000000007 382.50000000000006 1.0000000180025095e-35 39.250000000000007 39.250000000000007 0.25881904510252091 181.50000000000003 1.5145833333333336 -1.0000000180025095e-35 84.500000000000014 2.0500000000000003 -0.12940952255126037 1.0500000000000003 9.4500000000000011 177.50000000000003 82.500000000000014 4.7500000000000009 4.9500000000000011 110.50000000000001 0.35000000000000003 4.1895833333333341 7.7500000000000009 15.15 3.9500000000000006 62.500000000000007 -0.60785761079279388 56.500000000000007
decision_type=2 2 2 2 2 2 2 2 2 2 2 2 2 2 2 2 2 2 2 2 2 2 2 2 2 2 2 2 2 2
left_child=8 5 6 4 -4 15 -3 -8 14 -10 -11 12 18 -14 -1 16 -2 -18 -12 -20 -5 -6 23 -17 25 -25 27 -27 29 -28
right_child=1 2 3 20 21 -7 7 -9 9 10 11 -13 13 -15 -16 22 17 -19 19 -21 -22 -23 -24 24 -26 26 28 -29 -30 -31
leaf_value=-0.045780896389612212 -0.067269518854612742 -0.0061101311881947952 0.67555604192412522 0.15128540459681036 -0.071196045728599555 -0.055116107780507094 1.0554027723773256 -0.042756940523927013 -0.054678781247115199 0.036337445647107232 -0.049071715912128874 -0.038187551498319337 -0.14608732654575135 0.31904264765385276 -0.1345067976931052 -0.031251766370118388 0.51989676567101062 -0.099208922901909302 -0.0094596957022997641 0.4610286043347806 -0.01917405503455015 0.39410324543977998 0.064421888805233501 -0.035384788606266197 -0.022583562865816469 0.082536921223678339 0.34163541193852115 0.23142325371796726 0.032700252006769501 -0.045436481109313968
leaf_weight=1089 287 499 55 29 34 692 25 36 1007 26 153 375 42 44 1165 104 26 33 53 36 138 26 30 63 184 33 41 32 195 27
leaf_count=1089 287 499 55 29 34 692 25 36 1007 26 153 375 42 44 1165 104 26 33 53 36 138 26 30 63 184 33 41 32 195 27
internal_value=-0.000905168 0.000264092 0.00212574 0.00576678 0.0132759 -0.000633868 0.000285204 0.00703226 -0.00166374 -0.000796777 0.000772602 0.000323863 0.00233435 0.00708046 -0.00233082 0.000473484 -0.00156772 0.00473333 0.000625513 0.00448889 0.000547618 0.00327869 0.00147042 0.00112353 0.00184028 0.00335714 0.0045228 0.00939394 0.00328788 0.00823188
internal_weight=6579 2589 842 282 115 1747 560 61 3990 1736 729 703 328 86 2254 1055 346 59 242 89 167 60 709 679 575 391 328 65 263 68
internal_count=6579 2589 842 282 115 1747 560 61 3990 1736 729 703 328 86 2254 1055 346 59 242 89 167 60 709 679 575 391 328 65 263 68
is_linear=0
shrinkage=0.04


Tree=32
num_leaves=31
num_cat=0
split_feature=11 0 12 10 14 9 4 20 10 18 12 5 5 3 10 10 13 17 13 17 6 5 6 14 11 4 5 10 3 9
split_gain=3.54413 2.65055 3.02054 6.50471 3.21324 2.78875 1.99393 1.96374 1.31292 1.24474 1.69549 1.54002 1.19365 3.07758 2.44414 1.25113 1.47618 1.07819 1.97718 1.01272 0.974613 0.942813 0.968587 1.17755 1.88217 1.39601 0.914828 0.92396 1.9072 1.1872
threshold=13.050000000000002 10.850000000000003 35.500000000000007 4.8500000000000005 217.50000000000003 118.50000000000001 3.9500000000000006 1.0000000180025095e-35 15.750000000000002 0.1294095225512602 73.500000000000014 1.2500000000000002 10.350000000000003 7.5500000000000007 5.2500000000000009 1.9500000000000002 11.15 0.25881904510252091 1.3500000000000003 0.37940952255126054 13.991666666666664 6.4500000000000011 2.7666666666666635 119.50000000000001 15.750000000000002 5.7500000000000009 12.350000000000003 2.6500000000000008 2.7500000000000004 65.500000000000014
decision_type=2 2 2 2 2 2 2 2 2 2 2 2 2 2 2 2 2 2 2 2 2 2 2 2 2 2 2 2 2 2
left_child=9 7 3 5 -5 -3 -4 8 12 10 11 -1 15 14 -14 -2 21 18 -8 -11 -20 22 -17 -24 -25 -26 27 28 -13 -29
right_child=1 2 6 4 -6 -7 17 -9 -10 19 -12 26 13 -15 -16 16 -18 -19 20 -21 -22 -23 23 24 25 -27 -28 29 -30 -31
leaf_value=0.0304003010131907 -0.044034133271048041 -0.033036051440933946 0.26581738552543543 0.26877878040740372 0.7308241084947743 0.65323639265221811 0.47623532012089154 -0.052911463469286844 0.43673332057215092 -0.12742871674345974 -0.05945036118848937 -0.20933125143476353 0.14811754036100017 -0.044528012227877153 0.024419211112094438 -0.10100782454057304 0.12946294882578008 -0.019289261744861279 -0.040339166422189827 -0.037727582948976927 0.088355530946742714 -0.013856853660073141 -0.021159538957872731 -0.035709522749371475 0.11588764832129293 0.12261454867753262 -0.098660483156060186 0.029243439916164116 0.057923509255284798 -0.021792888194061968
leaf_weight=43 409 110 47 26 33 36 27 697 27 1000 1635 25 47 110 58 34 33 279 102 674 186 179 37 35 63 37 75 193 28 294
leaf_count=43 409 110 47 26 33 36 27 697 27 1000 1635 25 47 110 58 34 33 279 102 674 186 179 37 35 63 37 75 193 28 294
internal_value=-0.000886931 0.000257175 0.00209681 0.00631068 0.0174 0.0017415 0.000741432 -0.000624789 0.000452335 -0.00164012 -0.001034 0.000679817 0.000222434 0.00287037 0.00773585 -0.0004686 0.00106921 0.000107562 0.00170886 -0.00246925 0.000719722 0.000362693 0.0022029 0.00342196 0.00514706 0.00792079 0.000162337 0.000739371 0.0057037 0.000188524
internal_weight=6579 2612 846 205 59 146 641 1766 1069 3967 2293 658 1042 215 105 827 418 594 315 1674 288 385 206 172 135 100 615 540 53 487
internal_count=6579 2612 846 205 59 146 641 1766 1069 3967 2293 658 1042 215 105 827 418 594 315 1674 288 385 206 172 135 100 615 540 53 487
is_linear=0
shrinkage=0.04


Tree=33
num_leaves=31
num_cat=0
split_feature=11 7 19 13 14 9 4 5 9 10 13 7 4 0 2 7 8 17 19 16 2 2 7 7 13 6 5 17 5 13
split_gain=3.41304 2.07129 2.51101 3.07935 3.34139 2.7395 1.7205 1.57294 2.19398 4.67479 1.57832 2.90328 1.51208 3.23766 1.78012 1.75324 1.71087 1.41823 1.73462 2.4282 1.75184 2.50572 1.21132 1.73576 1.49019 1.71691 1.0498 1.04038 1.03901 1.02836
threshold=15.15 15.193750000000003 -0.60785761079279388 3.9500000000000006 211.50000000000003 110.50000000000001 12.950000000000001 3.9500000000000006 52.500000000000007 15.050000000000002 14.15 7.2791666666666677 3.9500000000000006 7.7500000000000009 10.950000000000001 5.9104166666666673 18.850000000000005 0.25881904510252091 -1.0000000180025095e-35 232.50000000000003 2.0500000000000003 4.3500000000000005 3.7229166666666673 3.9354166666666672 1.5500000000000003 7.3500000000000005 10.250000000000002 -1.0000000180025095e-35 1.3500000000000003 0.8500000000000002
decision_type=2 2 2 2 2 2 2 2 2 2 2 2 2 2 2 2 2 2 2 2 2 2 2 2 2 2 2 2 2 2
left_child=17 6 -3 4 27 -5 7 -2 -9 10 12 -12 13 -10 26 -15 -16 -1 19 22 -21 -22 -19 -24 25 -25 -14 -4 -20 -27
right_child=1 2 3 5 -6 -7 -8 8 9 -11 11 -13 14 15 16 -17 -18 18 28 20 21 -23 23 24 -26 29 -28 -29 -30 -31
leaf_value=-0.076362746698096132 -0.035730363020974626 -0.043155795665957397 0.55822764481431453 -0.062331144712973692 0.77647754433540617 0.80376303106233116 -0.047540697307632843 -0.027431376089744691 -2.7790916124957776e-05 0.56059100894732317 -0.059776304830992 0.2846978881626176 -0.02189667449843239 0.26618702584758913 0.11163833090777633 0.027045474578844049 -0.04089776505880529 -0.084164628572467509 0.013790135330229559 -0.13115887996701214 0.18329230015446843 0.031360060666507837 0.31020880662500727 0.24996351787336366 -0.012458469461116907 -0.041285269831592933 0.02578988379855706 -0.02330261065683659 -0.052106395232904376 0.072967808535690099
leaf_weight=2410 431 103 27 79 34 34 358 217 87 29 27 25 404 26 178 26 50 159 36 25 32 36 27 53 408 43 163 25 999 28
leaf_count=2410 431 103 27 79 34 34 358 217 87 29 27 25 404 26 178 26 50 159 36 25 32 36 27 53 408 43 163 25 999 28
internal_value=-0.000911247 0.000321858 0.00340594 0.00602 0.0116782 0.00164912 -0.000140456 0.000401441 0.00112895 0.00190945 0.00143465 0.00815094 0.00105241 0.00488571 0.000376883 0.0126792 0.00335371 -0.00158422 -0.000749324 0.000635467 0.00668085 0.00997101 -0.000155773 0.000721428 0.00021013 0.004032 -0.000823945 0.00513207 -0.00183398 -5.55565e-05
internal_weight=6579 2323 302 199 86 113 2021 1663 1232 1015 986 52 934 139 795 52 228 4256 1846 811 93 68 718 559 532 124 567 52 1035 71
internal_count=6579 2323 302 199 86 113 2021 1663 1232 1015 986 52 934 139 795 52 228 4256 1846 811 93 68 718 559 532 124 567 52 1035 71
is_linear=0
shrinkage=0.04


Tree=34
num_leaves=31
num_cat=0
split_feature=11 20 2 12 16 0 18 13 11 0 5 11 9 20 4 4 4 5 13 4 9 8 10 19 11 5 5 5 6 5
split_gain=3.21632 1.97231 2.40244 5.33405 5.17346 1.92472 1.37135 1.39121 2.04228 2.70341 3.18176 1.52011 1.36174 1.27386 1.1681 2.45492 1.47501 1.00464 1.88137 2.12727 2.33221 2.98123 1.18828 1.47604 0.881374 2.07928 0.894986 0.98818 1.18533 0.846043
threshold=14.250000000000002 1.0000000180025095e-35 15.750000000000002 37.500000000000007 382.50000000000006 8.0500000000000025 0.60355339059327384 6.0500000000000007 4.7500000000000009 2.9500000000000006 4.8500000000000005 12.65 81.500000000000014 0.81174490092936691 9.3500000000000032 8.4500000000000011 4.2500000000000009 4.2500000000000009 14.15 3.9500000000000006 57.500000000000007 7.1500000000000012 2.9500000000000006 0.87837969732492682 29.050000000000004 8.2500000000000018 5.7500000000000009 10.15 8.6250000000000018 7.4500000000000011
decision_type=2 2 2 2 2 2 2 2 2 2 2 2 2 2 2 2 2 2 2 2 2 2 2 2 2 2 2 2 2 2
left_child=6 2 17 4 -4 -3 7 29 9 -9 -11 -10 -12 14 15 16 -7 22 19 20 -19 -22 -2 -24 26 -26 -21 -28 -29 -1
right_child=1 5 3 -5 -6 13 -8 8 11 10 12 -13 -14 -15 -16 -17 -18 18 -20 24 21 -23 23 -25 25 -27 27 28 -30 -31
leaf_value=-0.06304641593623557 -0.055825227342509366 -0.071904827412646394 0.72987817501075736 0.0035395745040749005 0.26254024924410829 0.23353497825326833 -0.097719221576099552 -0.09607036883856554 -0.062153580892083185 0.047334586037476853 0.072433274341824505 0.1156254283172103 -0.085011645467099953 -0.062319108765498593 0.0007545993421097702 0.25450075156250135 -0.041859629606742901 -0.010955046934650109 0.2062676200515908 0.14261629905223708 0.036148805862510527 0.32999463037598709 -0.0061214886214006692 0.073854583807059324 -0.07264976567200615 0.50951763925958082 -0.020472678738773419 0.03559185902615053 -0.04005398934962294 -0.0042513109108687263
leaf_weight=1701 226 493 38 131 39 28 1083 82 322 42 42 26 29 218 229 31 44 62 45 90 45 41 65 28 29 39 280 116 136 799
leaf_count=1701 226 493 38 131 39 28 1083 82 322 42 42 26 29 218 229 31 44 62 45 90 45 41 65 28 29 39 280 116 136 799
internal_value=-0.000874773 0.000272208 0.00124734 0.00520574 0.0134872 -0.00104598 -0.00155658 -0.00112089 0.000713234 0.00397959 0.00796491 -0.00112321 0.00272222 0.000580761 0.00213814 0.00565385 0.00153425 0.000558603 0.00125339 0.000820023 0.00515436 0.00937931 -0.0013625 0.00242553 -0.000115775 0.00417391 -0.000590691 -0.00121576 0.00060079 -0.00151939
internal_weight=6579 2453 1410 208 77 1043 4126 3043 543 195 113 348 71 550 332 103 72 1202 883 838 148 86 319 93 690 68 622 532 252 2500
internal_count=6579 2453 1410 208 77 1043 4126 3043 543 195 113 348 71 550 332 103 72 1202 883 838 148 86 319 93 690 68 622 532 252 2500
is_linear=0
shrinkage=0.04


Tree=35
num_leaves=31
num_cat=0
split_feature=11 20 18 13 19 11 2 11 0 0 18 4 19 4 2 13 11 0 7 7 11 9 5 13 7 0 14 7 0 20
split_gain=3.55968 2.50024 3.01085 2.57578 2.66617 3.2846 3.87094 2.1148 2.95515 1.68319 1.54863 1.43103 1.4105 2.07636 2.38386 1.15421 2.06192 2.83792 3.27705 1.22167 1.20439 1.04937 0.990825 1.71782 1.19964 1.74669 3.61903 1.49716 1.29717 1.70657
threshold=14.950000000000001 1.0000000180025095e-35 -0.60355339059327384 4.7500000000000009 1.0000000180025095e-35 19.250000000000004 8.0500000000000025 30.350000000000005 9.0500000000000025 7.7500000000000009 0.60355339059327384 12.65 0.6078576107927941 9.1500000000000004 17.950000000000003 6.0500000000000007 5.3500000000000005 2.7500000000000004 5.5604166666666677 1.9645833333333338 0.8500000000000002 105.50000000000001 2.6500000000000008 14.15 6.7479166666666677 15.750000000000002 228.50000000000003 4.3520833333333346 7.0500000000000007 -0.56174490092936669
decision_type=2 2 2 2 2 2 2 2 2 2 2 2 2 2 2 2 2 2 2 2 2 2 2 2 2 2 2 2 2 2
left_child=10 2 3 4 11 6 -6 22 21 -3 15 -2 -11 -14 -15 -1 17 -17 20 -18 -19 -9 -4 24 27 -26 -27 -24 29 -29
right_child=1 9 7 -5 5 -7 -8 8 -10 12 -12 -13 13 14 -16 16 19 18 -20 -21 -22 -23 23 -25 25 26 -28 28 -30 -31
leaf_value=-0.035809542605218896 -0.0051582780878080157 -0.066985862741333113 -0.036155619362360752 -0.0062280738407336101 0.17694475355789421 0.86444216004447305 -0.083253565935154247 0.042803030075994133 0.66021078593480487 -0.016887428470493286 -0.095233699780637032 0.53774141448648072 0.17131187023900363 -0.036488850185858006 0.75385343430233365 -0.11126907416638183 0.03058142985043007 0.022547608732816037 -0.081103672402194252 -0.069095667181194476 0.07608262405721869 -0.047712104381666294 -0.049896426878628733 0.15253453218100624 -0.023424023914859309 -0.065838716125140209 0.66401656753720373 -0.055989300104795456 0.087297625265007048 0.15138290023905457
leaf_weight=2625 66 438 129 102 25 41 34 27 38 417 1136 27 46 88 26 84 25 39 41 299 50 57 66 42 452 74 39 66 37 70
leaf_count=2625 66 438 129 102 25 41 34 27 38 417 1136 27 46 88 26 84 25 39 41 299 50 57 66 42 452 74 39 66 37 70
internal_value=-0.000844492 0.000387042 0.00148744 0.00506757 0.00777319 0.0122772 0.00606667 0.000520946 0.00546341 -0.00112205 -0.00153395 0.00285106 0.000297577 0.00347826 0.000556521 -0.00107838 0.000608533 0.00364651 0.00732824 -0.00140308 0.0116 0.00122353 -0.00010246 0.000396693 -1.98767e-05 -0.00102474 0.00340351 0.00235 0.00429885 0.00245255
internal_weight=6706 2407 1392 295 193 100 59 1097 122 1015 4299 93 577 160 114 3163 538 214 130 324 89 84 975 846 804 565 113 239 173 136
internal_count=6706 2407 1392 295 193 100 59 1097 122 1015 4299 93 577 160 114 3163 538 214 130 324 89 84 975 846 804 565 113 239 173 136
is_linear=0
shrinkage=0.04


Tree=36
num_leaves=31
num_cat=0
split_feature=8 14 2 0 19 12 13 7 8 0 17 14 2 18 6 12 2 5 4 7 16 4 12 5 18 14 8 12 13 3
split_gain=2.96721 1.97148 2.85765 1.31107 3.35483 4.95416 2.90063 2.44732 2.05036 2.67043 1.9532 1.29932 1.10063 2.75393 1.52384 1.17953 1.52082 2.02752 1.15395 1.7721 2.0568 1.0827 1.79882 1.07895 0.949273 1.10367 2.3173 1.13077 0.946922 1.04038
threshold=3.9500000000000006 164.50000000000003 39.250000000000007 10.850000000000003 1.0000000180025095e-35 44.500000000000007 5.1500000000000012 8.1979166666666696 16.250000000000004 13.350000000000003 0.37940952255126054 189.50000000000003 5.1500000000000012 -0.5 4.2916666666666652 34.500000000000007 15.050000000000002 11.65 4.5500000000000007 5.4854166666666675 597.50000000000011 12.950000000000001 20.500000000000004 6.8500000000000005 0.60355339059327384 171.50000000000003 8.1500000000000004 82.500000000000014 11.450000000000001 6.6500000000000012
decision_type=2 2 2 2 2 2 2 2 2 2 2 2 2 2 2 2 2 2 2 2 2 2 2 2 2 2 2 2 2 2
left_child=-1 12 3 21 7 6 -6 8 9 23 11 -7 13 14 -2 16 -14 -18 -15 20 -20 22 -3 -5 25 26 27 -24 -27 -30
right_child=1 2 -4 4 5 10 -8 -9 -10 -11 -12 -13 15 18 -16 -17 17 -19 19 -21 -22 -23 24 -25 -26 28 -28 -29 29 -31
leaf_value=-0.077865137477884164 0.0069863351178373534 0.044218658584487952 0.62175607269390032 -0.010278768234101321 0.51011709534091143 0.66980546730151302 0.10209042476018212 -0.018237145549157091 -0.14401571880400149 0.23214158375219768 -0.029223185320133217 0.13096856624805631 -0.019250630886398067 -0.080083719139387222 0.76169360809095288 -0.060660227210776539 0.95386728726969849 -0.097240580814284827 0.15069748991250254 -0.041344190597419665 -0.078292372249237741 -0.076251057380744502 0.17976560189200153 0.072685535885127009 -0.043642569035056471 -0.0062740121049949136 -0.025039866446858985 0.073558524722919669 0.050547224905637435 -0.052107714218200443
leaf_weight=1980 27 53 48 39 48 38 27 412 32 26 93 44 199 190 40 1133 25 27 47 144 28 210 35 26 380 1210 65 28 27 25
leaf_count=1980 27 53 48 39 48 38 27 412 32 26 93 44 199 190 40 1133 25 27 47 144 28 210 35 26 380 1210 65 28 27 25
internal_value=-0.000820636 -0.000275863 0.00038228 0.000215678 0.00160305 0.00541833 0.0139474 -0.000186568 0.00474193 0.00778261 0.00170454 0.00616867 -0.00128963 0.000368972 0.00782353 -0.00185993 0.000619047 0.00664151 -0.000868294 0.00110909 0.00605263 -0.000320552 -6.5799e-06 0.00333333 -0.000225862 0.000258806 0.00378294 0.0091875 -0.000101347 0.00513207
internal_weight=6706 4726 2866 2818 785 250 75 535 123 91 175 82 1860 476 67 1384 251 52 409 219 75 2033 1823 65 1770 1390 128 63 1262 52
internal_count=6706 4726 2866 2818 785 250 75 535 123 91 175 82 1860 476 67 1384 251 52 409 219 75 2033 1823 65 1770 1390 128 63 1262 52
is_linear=0
shrinkage=0.04


Tree=37
num_leaves=31
num_cat=0
split_feature=11 16 11 5 9 18 16 20 3 14 6 7 11 17 7 5 13 9 5 7 19 3 6 11 5 9 14 0 13 15
split_gain=3.04171 2.43669 2.62972 3.45979 1.96241 3.442 2.67661 1.85057 2.00708 3.20824 3.68439 1.89907 2.75954 1.59434 1.59762 1.76356 3.34529 2.82357 4.19275 2.24308 2.19474 1.68218 1.34719 2.02754 1.13281 0.974264 0.825762 1.49625 2.47937 1.56475
threshold=12.65 762.50000000000011 30.950000000000003 6.0500000000000007 52.500000000000007 -0.5 272.50000000000006 1.0000000180025095e-35 8.2500000000000018 188.50000000000003 17.483333333333338 5.3104166666666677 17.950000000000003 0.25881904510252091 8.4208333333333361 6.7500000000000009 1.5500000000000003 85.500000000000014 2.6500000000000008 5.1604166666666673 1.0000000180025095e-35 10.15 9.0916666666666668 2.3500000000000001 3.1500000000000008 66.500000000000014 228.50000000000003 13.250000000000002 6.0500000000000007 1.0000000180025095e-35
decision_type=2 2 2 2 2 2 2 2 2 2 2 2 2 2 2 2 2 2 2 2 2 2 2 2 2 2 2 2 2 2
left_child=13 2 4 -4 24 6 7 8 11 -10 -11 -6 -13 -1 15 17 19 21 -19 -17 -21 -15 -18 -24 -2 -7 -27 29 -29 -28
right_child=1 -3 3 -5 5 25 -8 -9 9 10 -12 12 -14 14 -16 16 22 18 -20 20 -22 -23 23 -25 -26 26 27 28 -30 -31
leaf_value=-0.081975826391917042 0.059026836700946127 -0.028820305357385289 -0.028499094124011491 0.82096331316375581 0.047151647178258788 -0.031861272866551153 -0.01266633245724394 0.013419951890271502 -0.085612184769645897 0.035310219476510571 0.50435399610823528 0.16901607772225599 0.85973601103184394 -0.052124853667223324 -0.089237073316338358 0.46681977300268729 -0.02267293074329594 0.10244029193543851 -0.0064309857182772712 0.1036160137856576 -0.039044186328228196 0.14377815440520131 -0.035956085007488633 0.080836371286790137 -0.019546887965862909 -0.0039592108699713132 -0.016133168113583889 0.64167424748921265 -0.021113995763019425 0.047476699696011204
leaf_weight=2234 27 981 25 26 32 222 107 124 51 25 25 40 25 861 282 38 320 25 60 38 39 38 25 27 379 438 103 35 27 27
leaf_count=2234 27 981 25 26 32 222 107 124 51 25 25 40 25 861 282 38 320 25 60 38 39 38 25 27 379 438 103 35 27 27
internal_value=-0.000868347 0.000163234 0.00106268 0.00992308 0.000789099 0.00155694 0.00447442 0.00629102 0.00868342 0.00466667 0.0117647 0.0127755 0.0166667 -0.00157172 -0.000668188 -0.000138588 0.00182787 -0.00111269 0.00581395 0.00775862 0.00374359 -0.00177333 -2.14487e-05 0.00588679 -0.00163145 8.4407e-05 0.000887479 0.00306736 0.00812698 0.000610686
internal_weight=6706 2719 1738 51 1687 1281 429 322 198 101 50 97 65 3987 1753 1471 487 984 85 115 77 899 372 52 406 852 630 192 62 130
internal_count=6706 2719 1738 51 1687 1281 429 322 198 101 50 97 65 3987 1753 1471 487 984 85 115 77 899 372 52 406 852 630 192 62 130
is_linear=0
shrinkage=0.04


Tree=38
num_leaves=31
num_cat=0
split_feature=2 11 7 20 7 12 16 3 5 17 10 5 19 11 11 19 5 11 7 9 8 0 11 12 10 7 16 9 11 0
split_gain=2.59718 1.91363 1.977 1.6694 1.88134 3.11935 5.76021 2.04389 2.0146 3.81566 2.15529 1.77361 1.64475 2.88469 2.15194 2.37245 3.06064 3.36256 2.77452 2.02768 3.08087 1.49432 1.4919 1.47603 1.76525 1.55774 2.52192 1.46108 1.43854 1.40803
threshold=2.1500000000000008 12.65 8.4208333333333361 1.0000000180025095e-35 14.908333333333335 35.500000000000007 152.50000000000003 7.7500000000000009 10.65 1.0000000180025095e-35 14.65 12.850000000000003 1.0000000180025095e-35 1.5500000000000003 5.4500000000000011 -0.60785761079279388 3.3500000000000001 4.4500000000000011 3.9770833333333337 67.500000000000014 6.8500000000000005 7.7500000000000009 29.950000000000003 49.500000000000007 2.2500000000000004 6.0812500000000007 147.50000000000003 63.500000000000007 -7.4499999999999993 10.250000000000002
decision_type=2 2 2 2 2 2 2 2 2 2 2 2 2 2 2 2 2 2 2 2 2 2 2 2 2 2 2 2 2 2
left_child=-1 2 12 4 7 6 -6 8 10 -10 23 -11 13 -2 15 -15 -17 18 -18 20 -20 -5 -8 24 -3 26 -26 -7 -14 -16
right_child=1 3 -4 21 5 27 22 -9 9 11 -12 -13 28 14 29 16 17 -19 19 -21 -22 -23 -24 -25 25 -27 -28 -29 -30 -31
leaf_value=-0.08952881248677852 -0.051079053651250234 -0.0080927633326808076 -0.093993999451143839 -0.060316581949014479 0.69207071262885123 0.36671872594581267 -0.11657865045832616 -0.015231505921876887 0.31584336916893402 0.051031100482854898 0.62048523339575568 -0.063666458965506115 0.027386412764338328 0.0061225256375437324 -0.054586221148521984 -0.020801723063404508 0.82353350566711259 0.71431947112017469 -0.020771364353197944 -0.041054165361938344 0.22563506115145704 0.0015540273946360527 0.76930558767158674 -0.019442429552270605 0.054193455797303031 -0.0061831047913690268 0.10940802909118057 -0.068069462974324854 -0.057914352248827169 0.039129763081898916
leaf_weight=937 534 174 608 400 26 38 31 611 46 32 31 45 36 288 404 95 25 37 37 48 36 634 28 194 65 56 43 67 1063 37
leaf_count=937 534 174 608 400 26 38 31 611 46 32 31 45 36 288 404 95 25 37 37 48 36 634 28 194 65 56 43 67 1063 37
internal_value=-0.000892203 -0.000574698 -0.00121638 0.00025218 0.00111021 0.00481675 0.0104651 0.000563944 0.00206113 0.00667742 0.00104255 0.00117949 -0.000742144 0.000101166 0.00136111 0.00299118 0.00562007 0.00863043 0.00582313 0.0032459 0.0074054 -0.000981643 0.0034 0.000435271 0.0020295 0.00499394 0.00777982 0.000188678 -0.00192364 -0.000733033
internal_weight=6706 5769 3248 2521 1487 190 85 1297 686 123 563 77 2640 1541 1007 566 278 183 146 121 73 1034 59 532 338 164 108 105 1099 441
internal_count=6706 5769 3248 2521 1487 190 85 1297 686 123 563 77 2640 1541 1007 566 278 183 146 121 73 1034 59 532 338 164 108 105 1099 441
is_linear=0
shrinkage=0.04


Tree=39
num_leaves=31
num_cat=0
split_feature=8 7 20 17 12 7 12 11 20 0 10 16 7 11 4 17 19 8 0 11 11 5 14 13 10 10 7 11 5 11
split_gain=2.4379 1.6631 3.33206 4.18214 5.88039 1.49028 1.71566 1.50069 1.30492 1.67381 1.42596 1.25737 1.36691 1.69709 1.23678 1.22836 1.51922 1.16863 2.03229 1.15317 1.2439 2.09423 1.25747 2.00232 2.80965 1.04054 1.5233 3.56061 2.90776 1.03282
threshold=3.9500000000000006 14.908333333333335 -0.56174490092936669 -0.5 35.500000000000007 6.7104166666666671 73.500000000000014 9.9500000000000011 1.0000000180025095e-35 10.65 1.5500000000000003 42.500000000000007 7.8145833333333341 14.550000000000002 2.6500000000000008 0.12940952255126045 0.6078576107927941 6.6500000000000012 5.9500000000000011 1.5500000000000003 5.7500000000000009 7.6500000000000012 161.50000000000003 1.9500000000000002 10.750000000000002 14.65 4.6979166666666679 7.4500000000000011 4.9500000000000011 -3.0499999999999994
decision_type=2 2 2 2 2 2 2 2 2 2 2 2 2 2 2 2 2 2 2 2 2 2 2 2 2 2 2 2 2 2
left_child=-1 5 3 -3 -5 6 8 29 10 -10 -2 12 -9 -14 -12 16 -4 -8 -19 -20 21 22 -21 -24 -25 26 27 28 -16 -7
right_child=1 2 15 4 -6 7 17 11 9 -11 14 -13 13 -15 25 -17 -18 18 19 20 -22 -23 23 24 -26 -27 -28 -29 -30 -31
leaf_value=-0.070099363145778373 -0.019105936407991485 -0.10503732528644179 -0.012133268142589913 0.88862454107278932 0.19749072279399521 0.00094705123107336603 -0.051236786682536187 0.63163970814050774 -0.034126829319345034 0.27895810468454968 -0.003155474426355615 -0.01284958595207451 0.13755916032974752 -0.015469275454755488 0.16137230959502413 -0.056660179109549395 0.55094983671416975 0.74495600475391499 -0.063260302974861959 -0.067747951730668984 -0.072365551472077003 0.18993515730389704 -0.06673336652045736 0.26017718199902223 -0.021406300661615817 0.16706597824059993 0.035143770491807953 0.0028435207706635603 0.53994634374075579 -0.094185776620305209
leaf_weight=1980 130 39 122 30 31 150 523 45 346 28 137 1130 40 152 33 139 44 26 192 85 93 39 45 26 28 31 281 61 25 675
leaf_count=1980 130 39 122 30 31 150 523 45 346 28 137 1130 40 152 33 139 44 26 192 85 93 39 45 26 28 31 281 61 25 675
internal_value=-0.000922023 -0.00042818 0.0020197 0.00831683 0.0147742 -0.00065803 9.57737e-05 -0.00138988 0.00122274 -0.000682668 0.0022432 -0.000576024 0.00206723 0.00058031 0.0031072 -6.53604e-05 0.0022515 -0.00104726 0.000269158 -0.000298626 0.00118612 0.00280357 0.000994594 0.00404 0.00916364 0.00415741 0.00359102 0.00736667 0.0143729 -0.00273608
internal_weight=6706 4726 405 100 61 4321 2129 2192 1072 374 698 1367 237 192 568 305 166 1057 534 508 316 223 184 99 54 431 400 119 58 825
internal_count=6706 4726 405 100 61 4321 2129 2192 1072 374 698 1367 237 192 568 305 166 1057 534 508 316 223 184 99 54 431 400 119 58 825
is_linear=0
shrinkage=0.04


Tree=40
num_leaves=31
num_cat=0
split_feature=8 20 11 7 4 11 6 11 10 13 8 4 12 16 12 3 13 4 16 11 12 16 4 7 16 9 11 3 8 16
split_gain=2.28009 1.59871 1.62649 1.81418 3.21151 1.86963 1.65185 1.62148 2.98024 2.46297 1.4988 1.64076 1.99563 3.90584 1.67805 1.46116 1.25353 1.1874 2.23769 1.14821 1.04767 1.27394 1.86427 1.03908 1.01724 1.19817 1.00611 1.50161 1.10968 2.70891
threshold=4.3500000000000005 0.81174490092936691 13.850000000000003 4.9020833333333345 4.3500000000000005 -4.3499999999999988 4.6333333333333302 5.4500000000000011 4.8500000000000005 5.7500000000000009 12.850000000000003 3.9500000000000006 35.500000000000007 382.50000000000006 30.500000000000004 5.2500000000000009 5.1500000000000012 8.1500000000000004 32.500000000000007 24.850000000000005 20.500000000000004 32.500000000000007 4.0500000000000007 4.7770833333333345 1082.5000000000002 102.50000000000001 9.9500000000000011 7.6500000000000012 15.950000000000001 72.500000000000014
decision_type=2 2 2 2 2 2 2 2 2 2 2 2 2 2 2 2 2 2 2 2 2 2 2 2 2 2 2 2 2 2
left_child=-1 2 3 4 7 17 -6 8 16 23 20 -12 13 14 -13 -8 -2 18 -5 -15 24 22 -22 -10 -4 -26 -7 -28 29 -29
right_child=1 -3 10 5 6 26 15 -9 9 -11 11 12 -14 19 -16 -17 -18 -19 -20 -21 21 -23 -24 -25 25 -27 27 28 -30 -31
leaf_value=-0.059697215459477627 0.83514288046741048 -0.050829143569371127 0.38895744325957443 -0.045336850440834693 0.032266248901035625 -0.066611467565203628 0.1461244074976322 -0.14541058403620899 -0.019844971653955119 0.037132888007062263 0.53557661625720177 0.58755283056810637 0.010050332509401157 0.036264083571648176 0.39003901672916419 0.043613599923889572 0.011645577183347126 -0.0071172486157334994 0.059956123568260924 -0.061130863723872955 0.19409933684800926 -0.011329219516482587 -0.001979098133771806 0.21365196703965994 0.03743040556443885 -0.084274924231252366 -0.11317120707930656 0.15151574758480274 -0.089390269929897861 0.004779329603712996
leaf_weight=2182 25 673 32 33 46 1035 25 142 307 25 27 31 415 26 33 25 26 48 55 81 25 904 64 27 38 47 87 31 25 56
leaf_count=2182 25 673 32 33 46 1035 25 142 307 25 27 31 415 26 33 25 26 48 55 81 25 904 64 27 38 47 87 31 25 56
internal_value=-0.00094346 -0.000420386 -9.72751e-05 -0.000867757 0.000875192 -0.0016922 0.00758763 -0.000303798 0.000973235 -0.000322223 0.000805103 0.00239088 0.00193526 0.00555814 0.0132923 0.012549 0.00992308 0.00274452 0.00548315 0.000851851 -7.20082e-05 -0.000494971 0.00404444 -0.00124179 0.00349152 0.00116279 -0.002183 0.000419999 0.00346903 0.00559091
internal_weight=6596 4414 3741 2018 648 1370 96 552 410 359 1723 613 586 171 64 50 51 136 88 107 1110 993 89 334 117 85 1234 199 112 87
internal_count=6596 4414 3741 2018 648 1370 96 552 410 359 1723 613 586 171 64 50 51 136 88 107 1110 993 89 334 117 85 1234 199 112 87
is_linear=0
shrinkage=0.04


Tree=41
num_leaves=31
num_cat=0
split_feature=8 20 12 0 12 13 5 7 7 11 10 12 5 0 7 10 4 12 14 13 3 8 0 7 9 13 5 9 2 11
split_gain=2.05008 1.50941 1.66617 1.60145 1.79999 2.64686 2.09184 2.5117 1.68108 2.14771 2.93752 2.42604 1.90226 1.57423 1.46134 1.30018 1.04626 1.12414 0.894315 1.61865 1.73365 2.03734 1.13629 1.41793 1.54715 1.11918 1.03049 1.56238 0.873943 0.871549
threshold=4.0500000000000007 0.81174490092936691 73.500000000000014 12.450000000000001 35.500000000000007 5.3500000000000005 23.450000000000003 15.193750000000003 4.9354166666666677 6.2500000000000009 9.3500000000000032 69.500000000000014 4.8500000000000005 5.0500000000000007 7.9812500000000011 16.150000000000002 5.1500000000000012 20.500000000000004 164.50000000000003 2.3500000000000001 5.1500000000000012 7.2500000000000009 6.7500000000000009 4.9020833333333345 62.500000000000007 5.3500000000000005 8.4500000000000011 63.500000000000007 6.5500000000000007 29.150000000000002
decision_type=2 2 2 2 2 2 2 2 2 2 2 2 2 2 2 2 2 2 2 2 2 2 2 2 2 2 2 2 2 2
left_child=-1 2 3 8 5 6 7 -5 9 10 11 12 13 -2 -6 29 17 -11 19 20 21 -4 26 24 28 -25 -20 -28 -24 -10
right_child=1 -3 18 4 14 -7 -8 -9 15 16 -12 -13 -14 -15 -16 -17 -18 -19 22 -21 -22 -23 23 25 -26 -27 27 -29 -30 -31
leaf_value=-0.06397108245943979 0.052860897329170646 -0.046738443032340184 -0.0049122756903307039 0.24765493074807218 0.34172208561813344 -0.050038386331405026 0.017835268178363183 0.56405071734538237 -0.013682089813313725 0.037748251382373997 -0.041644312517355599 0.13156134622962767 -0.035390315518987435 0.035365618374870442 0.0031853383805024371 0.1975740098338376 0.13636254570793405 -0.049556488958083358 -0.083657659668075229 -0.10234106566958195 -0.013949664116070428 0.6710976054012916 0.13656154638135998 -0.013276498640384009 -0.029827986855172576 0.050737806056798666 -0.051259208399056053 0.51665137464546984 0.2188203788072417 0.1183450777050202
leaf_weight=2012 44 709 42 31 48 51 25 31 1272 26 47 27 31 32 331 43 29 199 262 495 100 32 33 371 27 38 36 25 28 119
leaf_count=2012 44 709 42 31 48 51 25 31 1272 26 47 27 31 32 331 43 29 199 262 495 100 32 33 371 27 38 36 25 28 119
internal_value=-0.00090708 -0.000439696 -0.000129 0.000526183 0.00249421 0.00638849 0.0105909 0.0144762 -1.92523e-05 0.00215596 0.00547253 0.00847407 0.00566667 0.00903896 0.00106316 -0.00068014 -0.000219609 -0.00115044 -0.00117852 -0.00226269 0.00105143 0.00565333 -0.000292327 0.00090763 0.00548315 -8.78058e-05 -0.0021358 0.00251613 0.00896774 -0.000893679
internal_weight=6596 4584 3875 2386 517 138 87 62 1869 435 181 134 107 76 379 1434 254 225 1489 669 174 74 820 497 88 409 323 61 61 1391
internal_count=6596 4584 3875 2386 517 138 87 62 1869 435 181 134 107 76 379 1434 254 225 1489 669 174 74 820 497 88 409 323 61 61 1391
is_linear=0
shrinkage=0.04


Tree=42
num_leaves=31
num_cat=0
split_feature=11 20 0 12 16 20 14 17 7 11 19 2 5 12 19 6 11 11 6 12 18 0 9 13 11 7 9 16 11 17
split_gain=2.16662 1.68656 1.86421 1.63034 3.6949 2.28473 1.3529 1.42607 1.34494 1.31223 1.76428 3.46346 1.9121 1.80163 2.36099 1.75367 1.37164 1.86814 1.10524 1.10181 1.0145 1.89404 1.06631 1.0058 1.53675 0.977681 0.908048 1.3151 1.88915 0.906573
threshold=12.65 0.81174490092936691 12.450000000000001 35.500000000000007 382.50000000000006 -0.56174490092936669 163.50000000000003 -0.25881904510252113 7.9812500000000011 1.1500000000000001 -1.0000000180025095e-35 3.6500000000000008 1.7500000000000002 83.500000000000014 -0.60785761079279388 6.4749999999999979 3.8500000000000001 2.4500000000000006 10.258333333333335 82.500000000000014 -0.78656609248549325 3.6500000000000008 50.500000000000007 2.6500000000000008 3.4500000000000006 19.902083333333334 68.500000000000014 877.50000000000011 30.950000000000003 0.37940952255126054
decision_type=2 2 2 2 2 2 2 2 2 2 2 2 2 2 2 2 2 2 2 2 2 2 2 2 2 2 2 2 2 2
left_child=6 2 20 4 5 -4 -1 -8 -5 -9 11 13 -12 14 -11 -14 17 -13 -18 -19 21 -2 -23 -17 -25 -3 -22 28 -28 -29
right_child=1 25 3 8 -6 -7 7 9 -10 10 12 16 15 -15 -16 23 18 19 -20 -21 26 22 -24 24 -26 -27 27 29 -30 -31
leaf_value=-0.069442719296846506 0.070269048254227751 -0.094174139065812637 0.55019124494585614 0.42735658587287989 0.0076818357479801896 0.25838374504411071 -0.060672909644390149 -0.028215499853178564 0.0031941217150199437 -0.0086044577339823985 0.03174895642297914 -0.043122732118674637 -0.058316097161433753 0.35100302883488582 0.16574221842765713 -0.030112428798707291 -0.034183995428416297 0.01955021396827197 0.029687898226166194 0.25522117256539834 -0.026683386854983879 -0.020137672296126032 0.077841902826196657 0.12405018656911264 0.014657619828124425 0.08580171791599106 0.0091013928076264742 -0.036366305453200715 0.48634646731252523 0.037609273709205894
leaf_weight=1671 27 345 29 39 80 29 740 625 391 52 42 53 284 30 40 75 129 25 25 31 390 97 127 25 48 36 438 586 36 51
leaf_count=1671 27 345 29 39 80 29 740 625 391 52 42 53 284 30 40 75 129 25 25 31 390 97 127 25 48 36 438 586 36 51
internal_value=-0.000931333 -6.06967e-05 0.000344678 0.00233392 0.00610072 0.0136949 -0.00153491 -0.000888091 0.00111369 -0.000172392 0.00084186 0.00284974 -0.00079158 0.00839024 0.00550538 -0.00158892 0.000257575 0.00367273 -0.00216774 0.00870175 -0.000301199 0.00204762 0.000817777 0.00193288 0.00524324 -0.00252356 -0.000695074 -0.000111512 0.0014821 -0.00129781
internal_weight=6596 2701 2320 568 138 58 3895 2224 430 1484 859 385 474 122 92 432 263 109 154 56 1752 251 224 148 73 381 1501 1111 474 637
internal_count=6596 2701 2320 568 138 58 3895 2224 430 1484 859 385 474 122 92 432 263 109 154 56 1752 251 224 148 73 381 1501 1111 474 637
is_linear=0
shrinkage=0.04


Tree=43
num_leaves=31
num_cat=0
split_feature=7 12 16 17 2 14 19 13 3 4 5 9 14 10 12 6 14 8 12 8 0 7 4 2 9 4 11 10 18 12
split_gain=1.98252 1.69941 6.62997 1.57594 1.54674 1.29174 1.78759 1.26783 2.58637 1.02881 1.08431 1.06508 1.41168 2.97686 0.947975 0.880159 0.904803 1.35193 1.66326 1.05705 1.11707 1.18666 1.66634 1.37743 1.01998 1.50389 2.24457 2.99606 1.56306 1.33442
threshold=14.908333333333335 35.500000000000007 382.50000000000006 0.12940952255126045 2.3500000000000001 133.50000000000003 -1.0000000180025095e-35 14.050000000000002 3.7500000000000004 13.550000000000002 3.9500000000000006 47.500000000000007 163.50000000000003 10.750000000000002 73.500000000000014 2.5499999999999989 176.50000000000003 6.7500000000000009 20.500000000000004 18.850000000000005 12.450000000000001 8.127083333333335 9.0500000000000025 15.15 49.500000000000007 4.7500000000000009 2.2500000000000004 13.350000000000003 -0.3794095225512602 49.500000000000007
decision_type=2 2 2 2 2 2 2 2 2 2 2 2 2 2 2 2 2 2 2 2 2 2 2 2 2 2 2 2 2 2
left_child=4 2 -2 5 -1 -3 -7 9 -9 10 11 12 -6 -14 -13 -12 -17 -18 -19 20 24 -22 -23 -24 -20 26 -26 -28 29 -27
right_child=1 3 -4 -5 7 6 -8 8 -10 -11 15 14 13 -15 -16 16 17 18 19 -21 21 22 23 -25 25 28 27 -29 -30 -31
leaf_value=-0.070783957183321186 0.51559596270320596 -0.063248618241947427 -0.05316739968768304 -0.052440767989141622 -0.2132680772822122 -0.0065435096929869667 0.54988139431528749 0.06184534842415855 -0.021512324759690792 -0.068632798092996564 0.025885483755332728 -0.019044031821824323 0.096018004066027618 -0.026184521756438751 -0.087234235850819797 -0.015705098317662758 -0.027286256742525845 0.094777645143091074 -0.046761639805120651 -0.045817539222698489 0.2438184445484563 -0.024527869740356201 0.11216424679331438 -0.066055187498176141 -0.0042438466428624698 0.12577252166019662 0.082207193044760041 0.45920560108451342 -0.050619283833994499 0.0088682899536011005
leaf_weight=1088 42 49 87 134 36 48 47 33 96 408 42 788 28 36 627 1388 605 26 125 94 51 78 46 26 114 26 102 30 205 91
leaf_count=1088 42 49 87 134 36 48 47 33 96 408 42 788 28 36 627 1388 605 26 125 94 51 78 46 26 114 26 102 30 205 91
internal_value=-0.00090708 0.00179412 0.00556923 2.86729e-05 -0.00108498 0.00292414 0.005625 -0.000792631 0.00310769 -0.000894431 -0.000722016 -0.00159631 0.00237624 0.00590769 -0.00187853 -0.000287214 -0.000368352 0.000274073 0.0011665 0.000897876 0.0013229 0.00394059 0.0021192 0.00646575 0.000559077 0.00127944 0.00362753 0.00715789 -0.000520125 0.00315254
internal_weight=6596 407 129 278 6189 144 95 5101 129 4972 4564 1515 100 64 1415 3049 3007 1619 1014 988 894 201 150 72 693 568 246 132 322 117
internal_count=6596 407 129 278 6189 144 95 5101 129 4972 4564 1515 100 64 1415 3049 3007 1619 1014 988 894 201 150 72 693 568 246 132 322 117
is_linear=0
shrinkage=0.04


Tree=44
num_leaves=31
num_cat=0
split_feature=11 19 16 9 4 4 13 13 0 7 19 11 19 8 8 11 6 2 17 11 5 10 12 16 19 14 9 12 0 13
split_gain=1.92609 1.90688 3.16332 2.5952 2.17848 3.76202 2.06232 3.9185 1.62577 1.7575 1.55165 1.55425 1.54204 3.20888 2.59617 4.7607 3.2333 1.88861 2.39514 1.63565 2.7754 2.43871 1.35681 2.24983 1.23153 1.21513 1.17789 1.11666 1.06367 1.00357
threshold=17.250000000000004 1.0000000180025095e-35 367.50000000000006 100.50000000000001 27.350000000000005 42.850000000000009 4.7500000000000009 1.3500000000000003 13.850000000000003 5.6229166666666677 -1.0000000180025095e-35 1.7500000000000002 -0.60785761079279388 8.9500000000000011 6.9500000000000011 7.2500000000000009 6.5166666666666657 3.3500000000000001 0.12940952255126045 12.15 6.1500000000000012 6.7500000000000009 25.500000000000004 797.50000000000011 0.6078576107927941 192.50000000000003 68.500000000000014 74.500000000000014 1.8500000000000003 6.6500000000000012
decision_type=2 2 2 2 2 2 2 2 2 2 2 2 2 2 2 2 2 2 2 2 2 2 2 2 2 2 2 2 2 2
left_child=10 4 3 6 -2 -6 7 -3 9 -9 11 27 19 14 17 16 -16 18 28 -13 -21 -22 23 -4 -11 -25 29 -1 -14 -12
right_child=1 2 22 -5 5 -7 -8 8 -10 24 26 12 13 -15 15 -17 -18 -19 -20 20 21 -23 -24 25 -26 -27 -28 -29 -30 -31
leaf_value=0.00015885827135581106 -0.025066328795685579 -0.028560708292098697 0.37349102881874519 0.57979927791654962 0.55724244772217613 -0.010516604615781138 -0.0054634446928631796 0.11736507317065467 0.7672507629514308 0.44083737704113291 -0.034043888245249919 -0.032289852643313362 0.073658034757692198 -0.046917768606652581 0.69779340770757625 -0.18570502520015325 0.1121041830944101 -0.029294344330471459 0.22599545184706532 -0.049521242235485693 0.19383745879136555 0.01116097417767907 -0.037100706402665128 -0.035211000525793804 -0.011452894987912876 0.047610029758697471 -0.076505202945016129 -0.09509267810435755 -0.11293527928397422 0.01916027520049576
leaf_weight=215 1043 71 29 27 28 67 96 47 34 30 1240 700 38 126 26 29 25 117 48 102 56 76 307 106 45 79 1211 396 51 131
leaf_count=215 1043 71 29 27 28 67 96 47 34 30 1240 700 38 126 26 29 25 117 48 102 56 76 307 106 45 79 1211 396 51 131
internal_value=-0.000931333 0.000101492 0.00150917 0.00444444 -0.000976296 0.00479167 0.00341975 0.00549123 0.00901911 0.00676423 -0.00138361 -0.000548356 0.000189246 0.00208243 0.00413134 0.0103704 0.0176154 0.00213333 0.00530435 -0.000744386 0.00214468 0.00595489 -0.000467434 0.00197209 0.00289474 0.00032258 -0.00203175 -0.00222876 0.00137778 -0.00122741
internal_weight=6596 2009 871 350 1138 95 323 227 156 122 4587 2005 1394 460 334 80 51 254 137 934 234 132 521 214 75 185 2582 611 89 1371
internal_count=6596 2009 871 350 1138 95 323 227 156 122 4587 2005 1394 460 334 80 51 254 137 934 234 132 521 214 75 185 2582 611 89 1371
is_linear=0
shrinkage=0.04


Tree=45
num_leaves=31
num_cat=0
split_feature=8 3 13 8 7 3 13 4 20 6 9 13 0 8 14 4 4 9 17 6 4 4 0 13 6 8 9 5 5 16
split_gain=1.76703 1.02636 2.96404 2.37271 1.1184 1.26685 1.44246 1.43588 1.15034 1.76296 1.89924 1.70923 1.07847 1.07244 1.41408 1.34823 1.26176 1.25772 2.14756 1.04612 1.02412 2.21506 1.00018 0.94648 0.892074 2.90515 2.40953 1.73354 0.871761 0.765404
threshold=4.0500000000000007 20.650000000000002 2.3500000000000001 51.20000000000001 5.5187500000000007 2.0500000000000003 7.9500000000000011 4.9500000000000011 -0.22252093395631442 8.3583333333333325 118.50000000000001 14.15 3.7500000000000004 17.350000000000005 192.50000000000003 13.15 10.950000000000001 58.500000000000007 0.12940952255126045 4.008333333333332 3.9500000000000006 3.6500000000000008 13.950000000000001 1.8500000000000003 5.0583333333333309 7.1500000000000012 79.500000000000014 8.5500000000000025 1.9500000000000002 37.500000000000007
decision_type=2 2 2 2 2 2 2 2 2 2 2 2 2 2 2 2 2 2 2 2 2 2 2 2 2 2 2 2 2 2
left_child=-1 4 3 -3 5 12 24 -8 11 -10 13 20 -2 14 23 16 17 29 -19 -9 21 -6 -4 -11 25 27 -27 28 -7 -16
right_child=1 2 22 -5 8 6 7 19 9 10 -12 -13 -14 -15 15 -17 -18 18 -20 -21 -22 -23 -24 -25 -26 26 -28 -29 -30 -31
leaf_value=-0.055786010570534672 0.02334068768078559 0.53570104665848772 0.048712487307727738 -0.1949346576019991 0.0017405065070272728 0.023496174920639271 0.0039606760796601784 0.010547072341978825 -0.062281107390016022 0.0045583534037504665 0.38876835712368185 0.16569608285571621 -0.10440171866115741 -0.066229154876295548 0.053439719784048656 -0.06739691967216542 0.16285316563318281 0.034432647402322089 0.15193935164129341 0.067439315484540532 -0.007181643968677172 0.6016015783444969 -0.042979848334324791 -0.051691893388109672 -0.010066980938900252 0.70066571078293249 0.0022440462977082864 0.27244460792035657 -0.027366225258743937 -0.044893618535084806
leaf_weight=2020 25 49 35 27 112 61 87 25 715 101 25 25 217 235 29 84 27 45 33 26 1060 28 135 381 583 31 25 38 281 50
leaf_count=2020 25 49 35 27 112 61 87 25 715 101 25 25 217 235 29 84 27 45 33 26 1060 28 135 381 583 31 25 38 281 50
internal_value=-0.0009341 -0.000500436 0.0020081 0.00851948 -0.00064276 0.00028857 0.000839377 0.00466187 -0.00108438 -0.00174971 -0.000672602 -0.00014682 -0.00233745 -0.000953348 -0.00021305 0.00211152 0.00402162 0.00260759 0.00617721 0.00992308 -0.000366362 0.00283688 -0.000935673 -0.00150725 0.000317646 0.00168421 0.0101053 0.000419947 -0.000489797 -0.000950001
internal_weight=6615 4595 246 76 4349 1399 1157 138 2950 1725 1010 1225 242 985 750 268 184 157 78 51 1200 140 170 482 1019 436 56 380 342 79
internal_count=6615 4595 246 76 4349 1399 1157 138 2950 1725 1010 1225 242 985 750 268 184 157 78 51 1200 140 170 482 1019 436 56 380 342 79
is_linear=0
shrinkage=0.04


Tree=46
num_leaves=31
num_cat=0
split_feature=18 12 4 3 7 6 20 17 3 13 16 16 1 8 7 10 7 2 10 5 4 14 14 13 10 5 20 7 13 16
split_gain=1.46996 2.11897 1.70141 3.21229 1.75806 2.84243 1.26571 1.48052 1.16066 1.13893 2.91184 0.916969 1.12112 0.883297 1.07098 2.37817 1.80433 1.90856 4.1345 1.10142 1.09242 0.866869 1.25822 0.858621 0.809028 0.726393 0.977777 1.253 1.62125 1.94355
threshold=0.60355339059327384 59.500000000000007 31.850000000000005 52.400000000000006 2.3937500000000003 1.8666666666666634 -0.22252093395631442 -1.0000000180025095e-35 12.850000000000003 0.8500000000000002 22.500000000000004 1022.5000000000001 3.8500000000000001 4.1500000000000012 4.6187500000000012 10.65 3.6854166666666672 5.3500000000000005 5.4500000000000011 2.5500000000000003 2.7500000000000004 189.50000000000003 167.50000000000003 1.1500000000000001 8.6500000000000004 19.650000000000002 1.0000000180025095e-35 8.345833333333335 10.950000000000001 292.50000000000006
decision_type=2 2 2 2 2 2 2 2 2 2 2 2 2 2 2 2 2 2 2 2 2 2 2 2 2 2 2 2 2 2
left_child=1 2 4 -4 5 -1 7 -2 11 -6 -11 23 -13 -3 15 16 19 18 -18 20 -15 22 -19 24 -9 26 27 28 29 -12
right_child=6 13 3 -5 9 -7 -8 8 -10 10 25 12 -14 14 -16 -17 17 21 -20 -21 -22 -23 -24 -25 -26 -27 -28 -29 -30 -31
leaf_value=-0.17677605409266858 -0.10006694753242361 -0.056287930271036429 0.49437876788957047 -0.061988770495554693 -0.047432694851637959 0.03759805097969051 -0.072508542114505359 -0.013938948252883585 0.54423499749738546 0.21414976480662673 0.086248033640007271 -0.037389937893054184 0.037007657360982237 -0.0060930825885653159 -0.016056545262132758 -0.078461437001387357 0.8113627390059871 -0.055798365256338175 0.13549359321410145 -0.089806643835657077 0.066293622118353698 -0.041023323077360799 0.042544297097273136 -0.027965701261768776 0.10048048169143101 0.02923846696581936 -0.016890992749985508 -0.012343904496228329 0.089004319644773192 -0.019783241957567869
leaf_weight=26 373 993 25 25 100 30 1104 29 33 35 173 41 74 30 1683 168 30 28 42 84 29 27 26 273 29 37 527 281 66 194
leaf_count=26 373 993 25 25 100 30 1104 29 33 35 173 41 74 30 1683 168 30 28 42 84 29 27 26 273 29 37 527 281 66 194
internal_value=-0.000952238 -0.000565666 0.000660525 0.00784314 0.000410883 0.00729824 -0.00187225 -0.000712779 0.000758332 0.000132955 0.000447488 0.000214764 0.00327586 -0.00115887 -0.000702049 0.000997849 0.00315151 0.00615584 0.0108493 -8.33343e-05 0.00406667 0.00190244 0.0048 -0.000855423 0.00352542 0.000131352 -3.54277e-05 0.00092867 0.0022765 0.00122826
internal_weight=6615 4659 1519 50 1469 56 1956 852 479 1413 1313 446 115 3140 2147 464 296 153 72 143 59 81 54 331 58 1278 1241 714 433 367
internal_count=6615 4659 1519 50 1469 56 1956 852 479 1413 1313 446 115 3140 2147 464 296 153 72 143 59 81 54 331 58 1278 1241 714 433 367
is_linear=0
shrinkage=0.04


Tree=47
num_leaves=31
num_cat=0
split_feature=11 10 19 4 14 0 14 2 9 19 11 14 16 5 18 2 12 10 4 11 18 2 19 11 7 14 13 5 20 13
split_gain=1.75547 1.92524 2.6131 3.103 3.02505 1.85432 1.47834 1.21405 1.13922 1.11848 1.76599 1.28513 2.00711 2.26692 2.9749 1.52533 1.40615 1.29866 1.21343 1.19616 1.07649 0.999191 1.6025 3.35282 0.976757 1.19203 1.76481 2.81712 1.09338 1.94684
threshold=17.450000000000003 6.0500000000000007 1.0000000180025095e-35 3.9500000000000006 186.50000000000003 40.350000000000009 156.50000000000003 17.650000000000002 78.500000000000014 -1.0000000180025095e-35 1.1500000000000001 285.50000000000006 87.500000000000014 7.4500000000000011 -0.3794095225512602 4.5500000000000007 80.500000000000014 4.5500000000000007 2.7500000000000004 12.350000000000003 0.60355339059327384 5.1500000000000012 -0.8783796973249266 -2.0499999999999994 1.6270833333333334 274.50000000000006 7.6500000000000012 4.8500000000000005 1.0000000180025095e-35 3.2500000000000004
decision_type=2 2 2 2 2 2 2 2 2 2 2 2 2 2 2 2 2 2 2 2 2 2 2 2 2 2 2 2 2 2
left_child=6 -2 5 4 -4 -3 -1 8 -5 10 21 12 16 15 -15 17 -12 18 -14 -20 24 -8 23 -23 -11 28 -27 -28 -26 -30
right_child=1 2 3 7 -6 -7 9 -9 -10 20 11 -13 13 14 -16 -17 -18 -19 19 -21 -22 22 -24 -25 25 26 27 -29 29 -31
leaf_value=-0.06969918474696403 -0.014312957867920773 -0.017567116894428369 0.63757642789199365 -0.014179904010209006 0.057763576299780878 0.41973874308252401 -0.12924821552210583 0.49634488561264867 0.12557144681737353 0.021424266037565864 -0.021698582130197454 -0.074345825819332231 -0.11369413955814014 0.03849034217709623 0.36784846094927282 -0.015086251950482394 0.046523596643358797 0.08768069363466699 0.090919077064644874 -0.061874036534329838 -0.069642810869348745 0.079835532685242128 -0.042825394949171057 -0.16157058431808774 -0.050353675957123596 -0.016710513669718301 0.064578370949698247 -0.011221527136885663 0.03247975445476458 -0.036366928444027974
leaf_weight=1663 1372 283 29 121 51 48 220 29 48 26 262 149 41 42 29 66 215 33 39 26 344 25 126 27 535 103 29 35 304 295
leaf_count=1663 1372 283 29 121 51 48 220 29 48 26 262 149 41 42 29 66 215 33 39 26 344 25 126 27 535 103 29 35 304 295
internal_value=-0.000958284 3.83442e-05 0.0019082 0.00475986 0.011358 -0.000493977 -0.00138425 0.00205025 0.000729411 -0.000849261 3.07446e-05 0.00100997 0.0016817 0.00438989 0.0105 0.00223301 0.000108786 0.0046 0.00239252 0.00575757 -0.00153349 -0.00218546 4.46918e-05 0.00588679 -0.00101506 -0.00117051 0.00197619 0.00713846 -0.00163524 -0.000460001
internal_weight=6615 1981 609 278 80 331 4634 198 169 2971 1300 902 753 276 71 205 477 139 106 65 1671 398 178 52 1327 1301 167 64 1134 599
internal_count=6615 1981 609 278 80 331 4634 198 169 2971 1300 902 753 276 71 205 477 139 106 65 1671 398 178 52 1327 1301 167 64 1134 599
is_linear=0
shrinkage=0.04


Tree=48
num_leaves=31
num_cat=0
split_feature=1 12 16 12 3 4 3 13 6 7 4 7 17 4 3 12 3 7 19 3 19 18 17 5 13 12 16 13 7 5
split_gain=1.52121 1.2818 2.06097 1.40494 2.04134 1.1111 1.20334 1.76658 0.788278 0.766073 0.813712 0.933694 1.55662 1.49649 1.39832 0.976955 2.24543 1.40889 1.32682 1.16043 0.861498 1.53909 0.80372 1.57578 3.03613 1.3212 2.25552 1.48924 1.23413 0.977764
threshold=10.350000000000003 38.500000000000007 572.50000000000011 31.500000000000004 13.850000000000003 13.450000000000001 10.950000000000001 10.750000000000002 1.8666666666666634 1.6270833333333334 1.8500000000000003 7.8145833333333341 -0.25881904510252113 10.550000000000002 2.1500000000000008 49.500000000000007 5.5500000000000007 6.6770833333333339 0.87837969732492682 3.9500000000000006 1.0000000180025095e-35 0.60355339059327384 0.60355339059327384 6.8500000000000005 1.2500000000000002 66.500000000000014 42.500000000000007 4.4500000000000011 3.7979166666666671 3.5500000000000003
decision_type=2 2 2 2 2 2 2 2 2 2 2 2 2 2 2 2 2 2 2 2 2 2 2 2 2 2 2 2 2 2
left_child=5 2 3 4 -2 6 8 -8 -1 -10 -11 12 -12 14 -14 16 19 -18 22 20 -16 -22 28 -24 -25 -26 -27 -28 29 -17
right_child=1 -3 -4 -5 -6 -7 7 -9 9 10 11 -13 13 -15 15 18 17 -19 -20 -21 21 -23 23 24 25 26 27 -29 -30 -31
leaf_value=-0.070518837186047054 0.21292546355849368 -0.0068854246664982275 -0.0024219617465415389 0.048252837135124647 0.44662026047033876 -0.087700055069327917 0.0014132216496636973 0.18800136973966589 0.0084731875478797972 -0.04169657531021162 -0.037823591498459805 -0.032412965766662964 -0.050738061382543852 0.24664940607151234 -0.028642620795040416 0.02315363736205665 0.11866359043102469 0.0068477456455434387 -0.036426253732876848 -0.042152111896660717 0.10557673222755326 -0.022558143625952373 -0.0018091814951981232 0.21075541219834423 -0.027170424880837322 -0.053335848316158251 0.13152703729688464 0.066773963641156384 -0.01808444188142469 0.49749076573871337
leaf_weight=539 28 1116 171 58 30 366 190 25 30 470 1362 549 282 26 63 67 37 35 169 86 27 29 257 35 42 48 30 37 382 29
leaf_count=539 28 1116 171 58 30 366 190 25 30 470 1362 549 282 26 63 67 37 35 169 86 27 29 257 35 42 48 30 37 382 29
internal_value=-0.00100665 0.000162392 0.00254167 0.00663248 0.010983 -0.00132131 -0.00116031 0.00175926 -0.0012962 -0.00110628 -0.00115383 -0.000948512 -0.000674114 0.000140308 -1.20782e-05 0.000515283 0.00263309 0.00865753 -2.18788e-05 0.000485436 0.00303333 0.00659649 0.000573275 0.00178667 0.00451813 0.00210126 0.00431034 0.009 -0.000567851 0.00346392
internal_weight=6615 1403 287 116 58 5212 4846 215 4631 4092 4062 3592 3043 1681 1655 1373 277 72 1096 205 119 56 927 449 192 157 115 67 478 96
internal_count=6615 1403 287 116 58 5212 4846 215 4631 4092 4062 3592 3043 1681 1655 1373 277 72 1096 205 119 56 927 449 192 157 115 67 478 96
is_linear=0
shrinkage=0.04


Tree=49
num_leaves=31
num_cat=0
split_feature=8 11 0 19 13 11 18 10 11 19 10 10 17 0 5 18 9 17 10 14 5 16 15 7 14 19 4 19 7 11
split_gain=1.57617 1.37821 1.98964 1.53429 2.28022 2.46225 1.63234 1.5448 1.67062 1.50624 1.49371 1.87515 1.46615 1.22552 2.91944 1.21939 0.975024 1.08618 1.45493 1.7851 0.906305 0.894641 0.936507 1.18699 1.3974 2.07092 1.11715 0.980205 0.856602 1.05713
threshold=7.3500000000000005 17.450000000000003 5.4500000000000011 1.0000000180025095e-35 5.3500000000000005 25.750000000000004 -0.12940952255126037 7.5500000000000007 19.250000000000004 -0.8783796973249266 7.4500000000000011 15.050000000000002 -0.37940952255126065 39.250000000000007 40.350000000000009 0.37940952255126048 65.500000000000014 0.78656609248549325 11.550000000000002 171.50000000000003 8.2500000000000018 167.50000000000003 0.15000000000000005 3.589583333333334 250.50000000000003 -1.0000000180025095e-35 6.2500000000000009 -1.0000000180025095e-35 7.8145833333333341 24.150000000000002
decision_type=2 2 2 2 2 2 2 2 2 2 2 2 2 2 2 2 2 2 2 2 2 2 2 2 2 2 2 2 2 2
left_child=15 2 -2 13 5 6 7 -5 -9 10 -4 -12 -7 28 -15 21 17 -11 19 20 -19 -1 23 24 27 -26 -24 -23 29 -3
right_child=1 3 9 4 -6 12 -8 8 -10 16 11 -13 -14 14 -16 -17 -18 18 -20 -21 -22 22 26 -25 25 -27 -28 -29 -30 -31
leaf_value=-0.030044765247095189 0.56391800703550676 -0.0019423152117051413 0.085264145120576895 -0.028593290338984473 -0.0020389115510677149 0.52283419469109416 -0.043249532061099168 0.08587878893409219 0.62098302739958677 -0.029216544628741736 -0.01928099014961077 0.052036443101685155 0.11271126801383793 0.50011878370174678 -0.073637640098479271 -0.056070133721871022 -0.054197295569311812 0.082161513077751477 -0.017748376240418078 0.1482359305707682 -0.1470819989841132 0.072905321020138025 -0.022562895610873827 -0.01316731138595824 -0.00027743559084291304 0.062476004697543795 0.10656199476879603 -0.15189340085119435 -0.034640405944580711 0.043901824696699905
leaf_weight=1391 25 96 49 37 209 29 63 32 43 627 119 36 25 27 41 1597 647 27 143 36 29 48 26 420 44 48 30 95 549 27
leaf_count=1391 25 96 49 37 209 29 63 32 43 627 119 36 25 27 41 1597 647 27 143 36 29 48 26 420 44 48 30 95 549 27
internal_value=-0.00096433 -0.00026877 -0.000984475 0.000787107 0.00266059 0.00540869 0.00306818 0.0059469 0.00921053 -0.00115053 0.00206829 0.000128204 0.0128 -0.000323888 0.00475362 -0.00151243 -0.00158676 -0.00070452 0.00161017 0.00550538 0.000982455 -0.000878746 0.00027528 -0.00015244 0.00211864 0.00593548 0.00519298 -0.000361112 -0.000843983 0.00216129
internal_weight=6615 2916 1738 1178 438 229 175 112 75 1713 204 155 54 740 68 3699 1509 862 235 92 56 2102 711 655 235 92 56 143 672 123
internal_count=6615 2916 1738 1178 438 229 175 112 75 1713 204 155 54 740 68 3699 1509 862 235 92 56 2102 711 655 235 92 56 143 672 123
is_linear=0
shrinkage=0.04


Tree=50
num_leaves=31
num_cat=0
split_feature=5 9 3 13 1 11 5 2 14 2 3 20 20 13 10 7 0 9 3 9 20 3 16 20 2 5 18 11 4 7
split_gain=1.93838 1.69595 1.57201 2.20397 1.84938 1.35734 3.37335 1.29179 1.23446 0.958871 1.63697 1.17751 0.902413 0.892045 1.11748 0.92287 1.36559 0.907561 2.30335 0.801637 0.884823 1.53947 1.20236 2.18613 1.90281 1.46198 1.16518 1.16201 0.993934 0.913182
threshold=6.7500000000000009 120.50000000000001 20.850000000000005 2.7500000000000004 49.100000000000009 -3.0499999999999994 12.350000000000003 22.700000000000006 160.50000000000003 12.750000000000002 15.15 1.0000000180025095e-35 -0.22252093395631442 6.0500000000000007 0.95000000000000007 4.8062500000000012 5.8500000000000005 87.500000000000014 2.1500000000000008 45.500000000000007 -0.22252093395631442 7.7500000000000009 102.50000000000001 -0.56174490092936669 2.6500000000000008 11.050000000000002 -0.9159756150367534 5.3500000000000005 4.8500000000000005 15.193750000000003
decision_type=2 2 2 2 2 2 2 2 2 2 2 2 2 2 2 2 2 2 2 2 2 2 2 2 2 2 2 2 2 2
left_child=8 2 5 4 -4 6 12 -5 -1 13 11 -11 -2 -10 -15 16 17 -16 -19 -7 21 22 26 27 -25 -26 -21 -24 -23 -30
right_child=1 -3 3 7 -6 19 -8 -9 9 10 -12 -13 -14 14 15 -17 -18 18 -20 20 -22 28 23 24 25 -27 -28 -29 29 -31
leaf_value=-0.071993304463751975 0.020979587150273326 0.34482563878057504 0.42572625299130368 0.11504112208874283 -0.076559836139358559 -0.039873419882891933 0.031808140723982324 -0.028224381686556048 -0.030138999578648403 0.15308093302260586 -0.0089468078018250588 0.01213519195771324 -0.049770799012159132 -0.049207882083438854 0.0022798281050330836 -0.010957688075583226 0.071594828183823206 -0.02061575596827336 0.10200603357229007 0.14446410371873919 -0.020741306877732835 0.051297604594489565 0.65755781046263795 -0.019577202554104816 0.087763276734550172 0.30702246513335679 -0.006440629272416851 -0.02432122567420705 -0.045434443944913944 0.1508175451334374
leaf_weight=1478 25 50 41 36 26 254 43 70 1505 36 38 33 68 246 235 165 26 32 28 37 1274 35 25 25 40 29 245 116 340 51
leaf_count=1478 25 50 41 36 26 254 43 70 1505 36 38 33 68 246 235 165 26 32 28 37 1274 35 25 25 40 29 245 116 340 51
internal_value=-0.000963175 -0.000169552 -0.000302051 0.00337931 0.009 -0.000547547 0.00332847 -0.0002243 -0.00155062 -0.000979105 0.0027037 0.00634286 -0.000978724 -0.00115639 -1.0915e-05 0.00110062 0.00234783 0.00155405 0.00590164 -0.000762137 -0.000517584 0.000411016 0.00187645 0.00398305 0.00867368 0.0120571 0.000113073 0.0008169 -0.00136768 -0.00194898
internal_weight=6652 2830 2780 173 67 2607 136 106 3822 2344 107 69 93 2237 732 486 321 295 60 2471 2217 943 517 235 94 69 282 141 426 391
internal_count=6652 2830 2780 173 67 2607 136 106 3822 2344 107 69 93 2237 732 486 321 295 60 2471 2217 943 517 235 94 69 282 141 426 391
is_linear=0
shrinkage=0.04


Tree=51
num_leaves=31
num_cat=0
split_feature=0 9 2 5 3 14 19 4 3 2 7 2 14 14 9 0 14 11 17 10 19 11 16 11 17 14 2 1 18 18
split_gain=1.45692 1.08806 2.65208 0.966034 0.903377 1.95459 1.59129 1.0353 0.970132 1.57511 1.74696 1.73716 2.3326 1.98838 2.11764 4.67012 1.58949 0.96409 0.877508 1.42557 1.192 0.849723 2.74341 1.14224 0.905329 0.886246 1.91806 1.86988 0.84448 0.801903
threshold=3.8500000000000001 120.50000000000001 12.450000000000001 0.75000000000000011 20.850000000000005 183.50000000000003 -0.60785761079279388 13.550000000000002 2.1500000000000008 5.1500000000000012 5.5916666666666677 2.3500000000000001 172.50000000000003 43.500000000000007 56.500000000000007 5.1500000000000012 164.50000000000003 29.750000000000004 -1.0000000180025095e-35 4.8500000000000005 0.6078576107927941 -3.0499999999999994 62.500000000000007 0.75000000000000011 -0.70710678118654735 270.50000000000006 7.6500000000000012 13.15 0.25881904510252057 1.0000000180025095e-35
decision_type=2 2 2 2 2 2 2 2 2 2 2 2 2 2 2 2 2 2 2 2 2 2 2 2 2 2 2 2 2 2
left_child=-1 3 -3 -2 7 -6 -7 8 -5 10 11 -10 13 -13 -15 28 -11 -9 -14 -20 -21 22 29 -23 -25 -26 -27 -28 -16 -18
right_child=1 2 -4 4 5 6 -8 17 9 16 -12 12 18 14 15 -17 21 -19 19 20 -22 23 -24 24 25 26 27 -29 -30 -31
leaf_value=-0.045695788076391478 0.02521708680347267 -0.13332771486721051 0.42805815400008096 -0.075959190896509168 -0.011574425760851714 -0.077956709178147177 0.40232038822953675 -0.051580978489252617 -0.10406285220204543 -0.0317065291624005 -0.024176846128553666 -0.023929240516467356 -0.018721680219602802 -0.015149704765307272 0.53697363104498896 0.12077651923545761 -0.027661637708869164 0.30036528089088793 0.69803596810808477 -0.070471023095802096 0.10409654741594757 -0.070379891231441255 0.09942214152305473 -0.039100393802792392 0.0010366687491970457 -0.0051559924860621175 0.12881300088679754 -0.010876206950333572 0.097423746005265571 0.0085302363586148861
leaf_weight=2228 30 45 33 305 139 25 45 480 52 997 261 27 84 26 28 57 78 35 25 81 35 159 36 198 922 58 65 42 26 30
leaf_count=2228 30 45 33 305 139 25 45 480 52 997 261 27 84 26 28 57 78 35 25 81 35 159 36 198 922 58 65 42 26 30
internal_value=-0.000921089 -0.000500792 0.0041519 -0.000585232 -0.000635628 0.00192381 0.00732394 -0.000766311 -0.000525467 -0.000324818 0.0013542 0.00288688 0.00380513 0.00741818 0.00936232 0.01175 -0.00078113 -0.00244186 0.00115044 0.00307042 0.00116239 5.03366e-06 0.00292414 -0.00028789 0.000108864 0.000562499 0.00325301 0.00640741 0.0200727 -0.000293579
internal_weight=6652 4424 78 4346 4316 209 70 4107 3592 3287 702 441 389 164 137 111 2585 515 225 141 116 1588 144 1444 1285 1087 165 107 54 108
internal_count=6652 4424 78 4346 4316 209 70 4107 3592 3287 702 441 389 164 137 111 2585 515 225 141 116 1588 144 1444 1285 1087 165 107 54 108
is_linear=0
shrinkage=0.04


Tree=52
num_leaves=31
num_cat=0
split_feature=8 9 2 13 3 14 7 9 6 11 19 14 3 19 16 19 4 11 4 11 19 11 11 19 14 16 10 16 2 12
split_gain=1.33127 0.998427 2.80254 0.80598 1.69918 1.48776 1.04536 1.05581 0.987384 1.6095 1.63915 1.56562 2.23027 1.19288 1.06623 1.38202 1.53692 0.96246 0.925082 0.761069 1.53923 3.78725 1.13882 1.25034 1.23121 1.55766 1.05542 0.993614 0.98955 0.799882
threshold=3.9500000000000006 120.50000000000001 12.450000000000001 2.9500000000000006 20.050000000000004 183.50000000000003 2.4770833333333337 81.500000000000014 5.0166666666666648 -3.0499999999999994 0.6078576107927941 172.50000000000003 4.7500000000000009 -0.8783796973249266 67.500000000000014 -0.60785761079279388 2.1500000000000008 1.5500000000000003 3.7500000000000004 7.6500000000000012 0.87837969732492682 22.150000000000002 19.650000000000002 -1.0000000180025095e-35 268.50000000000006 167.50000000000003 3.6500000000000008 217.50000000000003 2.5500000000000003 36.500000000000007
decision_type=2 2 2 2 2 2 2 2 2 2 2 2 2 2 2 2 2 2 2 2 2 2 2 2 2 2 2 2 2 2
left_child=19 3 -3 4 8 -6 7 -5 11 10 13 12 14 -10 15 -2 -17 -11 -18 -1 22 27 23 24 25 -21 28 -22 -27 -25
right_child=1 2 -4 6 5 -7 -8 -9 9 17 -12 -13 -14 -15 -16 16 18 -19 -20 20 21 -23 -24 29 -26 26 -28 -29 -30 -31
leaf_value=-0.061111248320787362 -0.16497385508509765 -0.10695392358398971 0.41093582784007759 -0.0089849085535356876 0.0053747859269589375 0.38941598002141276 -0.015426723111537057 0.023647050999859857 0.035127694732296315 -0.062596790513107556 0.058505479135372962 -0.025254780249560637 0.21176605092781697 -0.0289093390623699 -0.036847675794176631 -0.065392613192321869 0.51929875020560035 -0.0082848558884891718 0.091882571601573704 -0.15041439280989216 0.055623044956484693 0.12769426575255824 -0.12110751365014333 0.007229957926746371 -0.073833509917185361 -0.028273717139823337 0.093351570023036734 -0.11325666289163511 0.1351153607622172 -0.15450924418211615
leaf_weight=1214 25 49 33 29 46 43 2863 29 36 240 36 211 27 108 33 27 25 791 29 42 25 34 236 25 57 46 35 61 35 162
leaf_count=1214 25 49 33 29 46 43 2863 29 36 240 36 211 27 108 33 27 25 791 29 42 25 34 236 25 57 46 35 61 35 162
internal_value=-0.000957163 -0.000589619 0.00375904 -0.000667972 3.09883e-05 0.00537778 -0.00106913 0.00420339 -0.00027187 -0.000828384 0.00265193 0.00151323 0.00440718 0.00071724 0.00231428 0.00426168 0.00678049 -0.00143799 0.0106182 -0.00182869 -0.000832676 0.00330578 -0.00161502 -0.000317619 0.00175926 0.00357233 0.00594872 -0.0011954 0.00336585 -0.00270213
internal_weight=6652 4680 82 4598 1677 89 2921 58 1588 1211 180 377 166 144 139 106 81 1031 54 1972 758 120 638 402 215 158 116 86 81 187
internal_count=6652 4680 82 4598 1677 89 2921 58 1588 1211 180 377 166 144 139 106 81 1031 54 1972 758 120 638 402 215 158 116 86 81 187
is_linear=0
shrinkage=0.04


Tree=53
num_leaves=31
num_cat=0
split_feature=8 20 13 18 6 11 17 5 19 3 8 14 10 5 14 5 14 13 18 3 7 7 6 10 11 14 14 20 1 11
split_gain=1.41282 0.994295 1.39262 1.37787 1.32906 1.30065 1.27839 0.906554 1.51999 2.04761 0.873773 1.53988 2.04031 0.940799 0.844487 0.933166 0.843356 1.06054 1.27875 1.12432 0.740887 1.53903 1.39291 1.21003 1.66165 1.6718 3.726 2.92274 1.49679 1.01184
threshold=3.9500000000000006 -0.22252093395631442 14.750000000000002 0.60355339059327384 2.7999999999999967 29.750000000000004 -1.0000000180025095e-35 6.9500000000000011 -0.8783796973249266 5.2500000000000009 17.450000000000003 211.50000000000003 8.3500000000000032 12.050000000000002 290.50000000000006 1.4500000000000002 179.50000000000003 5.7500000000000009 -0.12940952255126037 2.2500000000000004 5.6229166666666677 5.4520833333333343 8.3583333333333325 11.450000000000001 5.2500000000000009 202.50000000000003 163.50000000000003 0.81174490092936691 4.7500000000000009 9.9500000000000011
decision_type=2 2 2 2 2 2 2 2 2 2 2 2 2 2 2 2 2 2 2 2 2 2 2 2 2 2 2 2 2 2
left_child=7 2 5 4 -3 10 -7 16 9 -9 14 -12 13 -13 15 -2 -1 -18 19 -19 21 23 -22 24 25 26 28 -28 -6 -24
right_child=1 3 -4 -5 20 6 -8 8 -10 -11 11 12 -14 -15 -16 -17 17 18 -20 -21 22 -23 29 -25 -26 -27 27 -29 -30 -31
leaf_value=-0.098972994242286283 0.01038774618983789 0.070278973763916466 0.11458748193417041 -0.047241531755353575 0.053708806866712637 -0.050518493205729736 0.68752222955553322 0.23561370606486892 -0.034357329948416247 -0.16955498202874345 -0.0034048356897091814 0.18814624350217077 0.36743191345610293 -0.042432491124943413 -0.022425588757002592 -0.0048475118574647725 -0.061570949584711022 0.016285116145661114 -0.033359275635171319 0.060822233347608654 -0.044850220548202827 0.10083545827469571 -0.047123523032792082 -0.03733259544421496 -0.021349718265794349 -0.024630757293251988 0.18362733653171057 0.0045224853936077988 -0.08871898630012362 0.008587477051465172
leaf_weight=799 47 25 37 726 27 39 35 44 338 25 127 25 29 25 183 1463 478 36 220 32 408 44 332 146 154 68 56 27 69 588
leaf_count=799 47 25 37 726 27 39 35 44 338 25 127 25 29 25 183 1463 478 36 220 32 408 44 332 146 154 68 56 27 69 588
internal_value=-0.000951151 -0.000572528 9.94521e-05 -0.00107825 -0.000522366 -4.66068e-05 0.00512 -0.00184896 -0.000166668 0.0052 -0.000250527 0.0022029 0.00655 0.00156863 -0.000550178 -0.000238254 -0.00228608 -0.00133507 0.000581314 0.00533333 -0.000643751 0.000533783 -0.0011678 -5.10958e-05 0.00108458 0.0031129 0.00513333 0.0112857 -0.000247424 -0.000304018
internal_weight=6652 4680 2010 2670 1944 1973 74 1972 407 69 1899 206 79 50 1693 1510 1565 766 288 68 1919 591 1328 547 401 247 179 83 96 920
internal_count=6652 4680 2010 2670 1944 1973 74 1972 407 69 1899 206 79 50 1693 1510 1565 766 288 68 1919 591 1328 547 401 247 179 83 96 920
is_linear=0
shrinkage=0.04


Tree=54
num_leaves=31
num_cat=0
split_feature=5 9 18 9 4 3 3 20 19 12 12 13 8 1 4 9 9 0 13 19 19 10 12 18 19 9 1 13 5 13
split_gain=1.48951 1.23979 1.20248 1.42062 1.31005 1.16213 1.95106 1.1145 1.08975 2.40212 1.46944 1.08567 1.08479 0.979346 0.883622 1.26906 0.942373 0.922975 2.19135 4.48184 3.39256 1.14164 1.0634 1.07222 1.36067 0.875877 0.775535 1.46224 0.76291 0.717688
threshold=8.4500000000000011 120.50000000000001 0.37940952255126048 78.500000000000014 1.2500000000000002 20.850000000000005 22.150000000000002 -0.22252093395631442 -0.60785761079279388 63.500000000000007 28.500000000000004 2.7500000000000004 6.5500000000000007 48.400000000000013 12.850000000000003 106.50000000000001 45.500000000000007 5.7500000000000009 2.9500000000000006 -0.8783796973249266 1.0000000180025095e-35 5.7500000000000009 48.500000000000007 -0.60355339059327384 -0.60785761079279388 85.500000000000014 7.6500000000000012 3.2500000000000004 3.4500000000000006 6.0500000000000007
decision_type=2 2 2 2 2 2 2 2 2 2 2 2 2 2 2 2 2 2 2 2 2 2 2 2 2 2 2 2 2 2
left_child=2 5 3 29 -5 14 -7 12 9 28 -10 13 -4 -8 16 -16 -2 18 20 -20 21 -18 23 -19 -25 26 27 -14 -6 -1
right_child=1 -3 7 4 8 6 11 -9 10 -11 -12 -13 25 -15 15 -17 17 22 19 -21 -22 -23 -24 24 -26 -27 -28 -29 -30 -31
leaf_value=-0.024753281426656434 -0.03597516070242042 0.27837782185565713 -0.06739714056469405 0.022418490551241236 0.08359602103252918 0.39599759296873416 0.36919293086831217 -0.065872643524922184 0.088771224015672265 0.030602838553229896 -0.027125509618847292 -0.022727911883069395 0.10514907271658062 -0.022027319527931934 -0.045947601388036732 0.54552455580511972 0.6274347259507882 0.25917742910541941 0.25873497430927761 -0.02625969157477543 0.086868797860670241 -0.092283694866839877 -0.01021405304501974 0.04709827280723599 -0.0039353562890227928 -0.024137596367134573 -0.00089894954592369114 0.0028428618337618949 -0.058963562496025572 0.0032339906368823645
leaf_weight=1869 169 40 575 34 33 25 26 1060 42 32 271 86 35 28 400 34 29 30 45 257 30 42 669 27 143 129 79 48 37 328
leaf_count=1869 169 40 575 34 33 25 26 1060 42 32 271 86 35 28 400 34 29 30 45 257 30 42 669 27 143 129 79 48 37 328
internal_value=-0.000945138 -5.76655e-05 -0.00134879 -0.000794863 0.00125333 -0.000195983 0.00301205 -0.00210898 0.000624999 0.00419417 -0.000547772 0.00113475 -0.00104268 0.00552727 -0.000479745 -0.00205977 -2.77488e-06 0.000370777 0.00195049 0.000237623 0.00701961 0.00216667 -0.000363219 0.00218905 0.000935672 0.000945205 0.0028957 0.00557143 -9.40242e-10 -0.00121383
internal_weight=6652 2080 4572 2646 449 2040 165 1926 415 102 313 140 866 54 1875 434 1441 1272 403 302 101 71 869 200 170 291 162 83 70 2197
internal_count=6652 2080 4572 2646 449 2040 165 1926 415 102 313 140 866 54 1875 434 1441 1272 403 302 101 71 869 200 170 291 162 83 70 2197
is_linear=0
shrinkage=0.04


Tree=55
num_leaves=31
num_cat=0
split_feature=11 18 0 17 2 0 1 14 13 20 10 1 12 8 12 13 16 2 6 20 2 18 12 3 8 14 0 0 11 2
split_gain=1.60855 1.98636 1.67508 1.20502 1.19324 1.1258 1.21435 1.00449 1.16431 1.49326 0.995023 1.16116 0.92413 1.12852 1.08038 1.44239 0.890174 2.18801 1.33866 1.31121 2.51877 0.874395 0.895622 0.913316 2.31824 0.961218 0.73579 0.732751 1.07111 0.998508
threshold=12.65 -0.70710678118654757 3.0500000000000003 0.12940952255126045 12.65 39.250000000000007 51.300000000000004 165.50000000000003 0.95000000000000007 -0.22252093395631442 12.950000000000001 8.1500000000000004 47.500000000000007 23.050000000000004 66.500000000000014 3.5500000000000003 52.500000000000007 8.2500000000000018 3.2999999999999967 -0.22252093395631442 2.0500000000000003 0.1294095225512602 70.500000000000014 2.8500000000000001 4.1500000000000012 264.50000000000006 2.3500000000000001 6.9500000000000011 32.650000000000013 6.4500000000000011
decision_type=2 2 2 2 2 2 2 2 2 2 2 2 2 2 2 2 2 2 2 2 2 2 2 2 2 2 2 2 2 2
left_child=3 2 -2 21 10 27 -7 8 9 -5 -4 -12 -6 14 -14 -16 -9 18 19 20 -18 22 23 -1 25 -25 -21 -3 29 -29
right_child=1 5 4 7 12 6 -8 16 -10 -11 11 -13 13 -15 15 -17 17 -19 -20 26 -22 -23 -24 24 -26 -27 -28 28 -30 -31
leaf_value=-0.10297822068556445 0.047602131795764634 -0.028189735902697168 -0.0041036250129004442 0.063558143073627907 0.35761361715376022 0.36654213374814226 -0.0083482162050085764 -0.016884285782678542 -0.046363227960223775 -0.055252605589741099 -0.022654725310812029 0.29668929997496774 -0.014920478665299717 -0.061700006178047835 0.14893959208697546 0.02144844709397566 -0.016496875415857495 0.13505025493245149 -0.016063464046991514 0.018894735311060354 0.2501345566410908 -0.091384199477296202 -0.056225689446983362 0.055203036813348469 -0.0031356176658416924 0.07362209095012727 -0.033920013899048529 0.044579352333500306 0.29733779136083871 -0.0080492090413695327
leaf_weight=72 28 1036 265 28 34 26 27 756 627 40 31 36 46 33 34 44 33 51 201 43 44 853 922 26 171 25 44 119 38 902
leaf_count=72 28 1036 265 28 34 26 27 756 627 40 31 36 46 33 34 44 33 51 201 43 44 853 922 26 171 25 44 119 38 902
internal_value=-0.00094334 -0.000191112 0.00194927 -0.00145898 0.00142748 -0.000740811 0.00496296 -0.000721628 -0.00192529 0.00301449 -2.4025e-05 0.00429412 0.0039375 0.00260759 0.004352 0.00718987 -6.82107e-06 0.00147722 0.000382513 0.00305454 0.00682051 -0.00212367 -0.00143303 0.000488135 0.00175785 0.00915385 -0.000318183 -0.000887406 -0.000147171 -0.000395304
internal_weight=6635 2699 551 3936 523 2148 53 1867 695 68 332 67 191 157 124 78 1172 416 365 164 77 2069 1216 294 222 51 87 2095 1059 1021
internal_count=6635 2699 551 3936 523 2148 53 1867 695 68 332 67 191 157 124 78 1172 416 365 164 77 2069 1216 294 222 51 87 2095 1059 1021
is_linear=0
shrinkage=0.04


Tree=56
num_leaves=31
num_cat=0
split_feature=11 16 17 19 0 1 13 19 9 20 11 10 4 16 11 2 7 7 3 11 19 9 2 4 17 13 7 8 6 11
split_gain=1.49286 1.55862 1.9619 2.36808 2.2565 2.07348 1.52941 1.36935 1.53993 1.88619 2.66123 3.31195 3.37742 1.89331 1.35892 1.28879 1.2484 1.14396 1.43749 1.00109 1.0784 0.96326 1.75882 0.904808 0.890023 0.872053 1.27011 0.886259 0.85292 1.76079
threshold=17.450000000000003 452.50000000000006 0.37940952255126054 1.0000000180025095e-35 8.7500000000000018 4.7500000000000009 2.2500000000000004 -1.0000000180025095e-35 68.500000000000014 1.0000000180025095e-35 2.3500000000000001 10.850000000000003 1.9500000000000002 37.500000000000007 0.75000000000000011 39.250000000000007 7.1875000000000009 8.127083333333335 2.3500000000000001 -6.3499999999999988 -0.8783796973249266 55.500000000000007 12.850000000000003 7.6500000000000012 -0.5 0.95000000000000007 7.135416666666667 7.3500000000000005 5.0583333333333309 12.65
decision_type=2 2 2 2 2 2 2 2 2 2 2 2 2 2 2 2 2 2 2 2 2 2 2 2 2 2 2 2 2 2
left_child=7 2 3 -2 5 -5 -6 14 9 21 11 12 -11 -14 19 17 -13 18 -4 20 -1 22 -9 -8 -16 26 27 -26 -27 -30
right_child=1 -3 15 4 6 -7 23 8 -10 10 -12 16 13 -15 24 -17 -18 -19 -20 -21 -22 -23 -24 -25 25 28 -28 -29 29 -31
leaf_value=0.034042760199883511 0.0028300860579090338 -0.011839406035912707 -0.034571479599584544 0.056082898723234131 0.088344627381202231 -0.011371266171268641 0.60669832177670535 -0.032004622576095335 -0.05960867493266972 -0.021084825356824839 -0.014242165981344781 -0.039214357476720633 0.19718154814633565 0.076755307127802638 -0.031190024811412628 0.25310665288565465 0.010763925116762715 -0.027576416707477704 0.052739811367273848 -0.074472954882157508 -0.0725882388969563 -0.065691408677040347 0.23116154493344859 0.67889847603951314 0.04369533204707781 0.018357162215868254 -0.026793925513635092 0.2144561015733828 -0.017881504452357169 0.010596874927853465
leaf_weight=45 170 1115 58 25 25 50 25 248 1226 28 450 68 31 27 483 25 25 289 169 382 57 473 27 26 38 437 37 28 388 160
leaf_count=45 170 1115 58 25 25 50 25 248 1226 28 450 68 31 27 483 25 25 289 169 382 57 473 27 26 38 437 37 28 388 160
internal_value=-0.000955396 -3.43791e-05 0.00124218 0.00371428 0.0073421 0.00236842 0.0121558 -0.00134621 -0.00195545 -0.00103629 0.000577777 0.00468889 0.0102988 0.0157288 -0.000573931 -0.000228783 -0.000553192 -0.000665378 0.00145614 -0.00242474 0.00108738 -0.00239252 -0.000507247 0.0160769 -2.54548e-06 0.000631771 0.00411538 0.00740298 0.000263691 -0.000786886
internal_weight=6635 1977 862 321 151 75 76 4658 2603 1377 629 179 86 58 2055 541 93 516 227 484 102 748 275 51 1571 1088 103 66 985 548
internal_count=6635 1977 862 321 151 75 76 4658 2603 1377 629 179 86 58 2055 541 93 516 227 484 102 748 275 51 1571 1088 103 66 985 548
is_linear=0
shrinkage=0.04


Tree=57
num_leaves=31
num_cat=0
split_feature=11 16 17 6 5 20 12 3 1 2 1 17 14 13 11 11 16 12 5 4 11 20 12 7 11 1 2 13 11 14
split_gain=1.19412 1.19917 1.76604 2.68632 2.31892 2.09991 1.64462 3.02414 1.45145 1.13332 1.51441 1.11711 0.927171 0.951007 0.881435 2.10879 2.06634 1.99332 1.38364 1.2427 1.52083 1.45291 1.23167 1.1716 1.14061 0.889364 1.2633 0.98134 0.867931 0.751912
threshold=17.450000000000003 452.50000000000006 -1.0000000180025095e-35 12.891666666666669 17.250000000000004 -0.56174490092936669 38.500000000000007 9.0500000000000025 3.6500000000000008 8.2500000000000018 5.6500000000000012 -0.5 164.50000000000003 2.3500000000000001 1.2500000000000002 3.8500000000000001 217.50000000000003 79.500000000000014 13.450000000000001 8.4500000000000011 9.9500000000000011 0.81174490092936691 54.500000000000007 8.2604166666666696 15.350000000000003 6.5500000000000007 3.2500000000000004 2.4500000000000006 -6.8499999999999988 204.50000000000003
decision_type=2 2 2 2 2 2 2 2 2 2 2 2 2 2 2 2 2 2 2 2 2 2 2 2 2 2 2 2 2 2
left_child=11 2 3 8 -5 6 7 -4 -2 10 -8 28 13 -13 18 16 17 -16 29 -17 -21 22 -22 25 -24 26 -19 -27 -1 -14
right_child=1 -3 5 4 -6 -7 9 -9 -10 -11 -12 12 14 -15 15 19 -18 23 -20 20 21 -23 24 -25 -26 27 -28 -29 -30 -31
leaf_value=0.0073950322142899783 0.063123337484477127 -0.011365829794476175 -0.0096515283932517119 0.66161332490696001 0.024057537541436663 -0.018332021343720428 -0.03244644653403727 0.43686872166061885 -0.0028092033695402609 -0.03757605426099795 0.43358425169582909 -0.0014438976609263271 -0.023774404773844304 -0.05229051845710566 -0.035755112696783192 -0.016652683561339265 0.088172685631127068 0.13518837983457374 0.016767876291417336 -0.13099169845152336 0.1721774743175018 -0.069111752134712504 0.031700022226805007 -0.09654343945607409 -0.014203804019013541 0.12983181722510961 -0.020004832734228747 0.10649765431929692 -0.065682694960094115 -0.04890018992549993
leaf_weight=44 26 1115 28 43 29 458 25 25 133 63 32 330 428 846 117 742 46 48 42 60 43 36 66 27 52 34 66 44 1350 237
leaf_count=44 26 1115 28 43 29 458 25 25 133 63 32 330 428 846 117 742 46 48 42 60 43 36 66 27 52 34 66 44 1350 237
internal_value=-0.000979507 -0.000155714 0.000964078 0.00394827 0.0103014 -0.000132912 0.00360919 0.00940741 0.001025 0.000991735 0.00503448 -0.00132904 -0.000923738 -0.00182158 -0.000417426 0.000170766 0.00269452 0.0015905 -0.00156497 -0.000796001 0.0015969 0.00329293 0.00491358 0.00383636 0.0027563 0.00493264 0.00264348 0.00820253 -0.0022767 -0.00201201
internal_weight=6635 1977 862 231 72 631 173 53 159 120 57 4658 3264 1176 2088 1381 382 336 707 999 257 197 161 219 118 192 114 78 1394 665
internal_count=6635 1977 862 231 72 631 173 53 159 120 57 4658 3264 1176 2088 1381 382 336 707 999 257 197 161 219 118 192 114 78 1394 665
is_linear=0
shrinkage=0.04


Tree=58
num_leaves=31
num_cat=0
split_feature=2 0 14 17 6 11 0 19 11 4 6 5 9 4 3 5 4 14 8 3 2 12 11 9 10 3 3 11 5 11
split_gain=1.19931 0.966254 2.91286 0.653643 1.59809 1.63705 1.24052 2.2989 0.905828 0.923167 0.661329 0.657584 1.2164 0.630788 1.47446 0.541749 0.515592 1.14834 0.70278 1.30879 1.00773 1.62633 2.34039 2.26545 0.83109 1.69857 1.10748 0.872936 2.07239 1.639
threshold=2.1500000000000008 39.250000000000007 193.50000000000003 -0.5 2.3333333333333299 7.2500000000000009 15.350000000000003 1.0000000180025095e-35 -6.8499999999999988 20.650000000000002 16.791666666666671 0.8500000000000002 78.500000000000014 9.8500000000000032 11.950000000000001 2.2500000000000004 13.15 45.500000000000007 6.7500000000000009 11.050000000000002 4.3500000000000005 83.500000000000014 1.5500000000000003 59.500000000000007 2.5500000000000003 3.7500000000000004 9.0500000000000025 -3.0499999999999994 13.450000000000001 1.2500000000000002
decision_type=2 2 2 2 2 2 2 2 2 2 2 2 2 2 2 2 2 2 2 2 2 2 2 2 2 2 2 2 2 2
left_child=-1 3 -3 6 5 -5 8 10 -2 13 -8 12 -6 14 -10 -13 18 -18 19 20 21 -17 -23 -24 25 -20 -27 28 -26 -29
right_child=1 2 -4 4 11 -7 7 -9 9 -11 -12 15 -14 -15 -16 16 17 -19 24 -21 -22 22 23 -25 27 26 -28 29 -30 -31
leaf_value=-0.054408614557591516 0.007585441701026552 -0.085654047330242081 0.35625347342072039 -0.011359807665966185 -0.026750640724974014 0.049171843527166532 0.067163259805199022 0.66251917063630983 -0.029254121571325377 0.12945405120893275 -0.051456634551114641 -0.022195812365526226 0.023658143407935175 -0.074724766257623434 0.18449778207956333 -0.019348381535167884 0.32607521692423336 -0.031500177285620747 0.24932490875216862 0.013386918022490896 -0.041218447379185036 -0.10789421448888005 0.017097832757764417 0.21221128262640021 0.0026076078385219299 -0.01058241945139609 0.030058646185146958 -0.055595800527976177 0.042345351575920218 0.0016825977384066124
leaf_weight=917 38 61 25 47 33 32 25 38 1156 31 53 280 25 472 46 463 28 392 27 40 509 61 38 48 107 63 52 237 25 1266
leaf_count=917 38 61 25 47 33 32 25 38 1156 31 53 280 25 472 46 463 28 392 27 40 509 61 38 48 107 63 52 237 25 1266
internal_value=-0.00099759 -0.000781956 0.0034023 -0.000846442 -0.000543721 0.00505 -0.00146022 0.00252991 -0.00172707 -0.00186401 -0.00141772 -0.000664683 0.00352542 -0.00199164 -0.00150291 -0.000732473 -0.000591005 -0.00190024 -0.000403133 -0.00116897 -0.001425 -0.000327333 0.00332432 0.00754023 9.6737e-05 0.00302098 0.000862068 -0.000158925 0.00294737 -0.000433512
internal_weight=6635 5718 86 5632 3773 79 1859 116 1743 1705 78 3694 58 1674 1202 3636 3356 420 2936 1159 1119 610 147 86 1777 142 115 1635 132 1503
internal_count=6635 5718 86 5632 3773 79 1859 116 1743 1705 78 3694 58 1674 1202 3636 3356 420 2936 1159 1119 610 147 86 1777 142 115 1635 132 1503
is_linear=0
shrinkage=0.04


Tree=59
num_leaves=31
num_cat=0
split_feature=14 1 11 0 8 13 9 13 7 1 7 11 11 19 17 15 14 11 4 13 16 4 12 2 16 7 2 17 3 2
split_gain=1.13198 2.25048 1.05123 0.749487 1.26076 1.08969 1.54719 0.935028 0.975437 2.47311 0.857053 0.809956 1.58541 2.31631 1.89143 2.61847 1.44673 1.0925 1.32249 1.45792 1.41143 1.06674 1.06493 2.29755 1.02964 0.918175 0.866314 1.59939 2.10283 0.818021
threshold=164.50000000000003 40.350000000000009 33.95000000000001 11.65 19.150000000000002 9.6500000000000004 94.500000000000014 5.6500000000000012 8.127083333333335 13.550000000000002 8.5687500000000032 1.2500000000000002 4.8500000000000005 1.0000000180025095e-35 -0.5 1.0000000180025095e-35 173.50000000000003 15.65 9.4500000000000011 13.350000000000003 27.500000000000004 3.1500000000000008 84.500000000000014 3.4500000000000006 67.500000000000014 4.1895833333333341 2.6500000000000008 0.25881904510252091 2.0500000000000003 6.9500000000000011
decision_type=2 2 2 2 2 2 2 2 2 2 2 2 2 2 2 2 2 2 2 2 2 2 2 2 2 2 2 2 2 2
left_child=2 3 -1 10 5 6 7 8 9 -5 11 16 13 14 -13 22 21 26 20 -20 -19 -2 24 -24 29 -26 27 -14 -29 -16
right_child=1 -3 -4 4 -6 -7 -8 -9 -10 -11 -12 12 17 -15 15 -17 -18 18 19 -21 -22 -23 23 -25 25 -27 -28 28 -30 -31
leaf_value=-0.028933555382979148 -0.020136841764095251 0.31367836961545442 0.25966383946324728 -0.0012581923071468785 -0.046739234369716394 -0.061225388976751526 0.4677602946764875 0.081398798287076218 -0.0050738894896373071 0.28590512197166557 -0.02671653785211367 -0.043386341595003798 -0.038995473845556246 -0.012515588142685224 -0.030743812978737781 0.17340366045602681 -0.03432392673349785 0.16196246961037755 -0.00042671263538120093 0.26849211459573047 -0.0020809096661857551 0.071166648439360977 0.19169763912851109 0.056832597746935283 0.0345558144751522 0.34821833523803214 -0.069833536822407172 -0.01358499585965443 0.14000627916932465 0.024206155864125029
leaf_weight=2543 51 40 41 68 216 48 28 57 238 28 598 67 189 223 73 37 659 34 35 25 598 40 29 47 25 25 485 37 26 25
leaf_count=2543 51 40 41 68 216 48 28 57 238 28 598 67 189 223 73 37 659 34 35 25 598 40 29 47 25 25 485 37 26 25
internal_value=-0.000961423 -0.00054393 -0.00161547 -0.000639084 0.000567251 0.00173504 0.00239048 0.00172449 0.000907462 0.00428866 -0.000886754 -0.000585867 -0.000161536 0.00165942 0.00379331 0.00532824 -0.0017044 -0.000864337 0.000277055 0.00590164 -0.000265404 0.003 0.00366222 0.00748052 0.00166443 0.00627451 -0.00193496 -3.16215e-05 0.0054375 -0.000727274
internal_weight=6635 4051 2584 4011 683 467 419 391 334 96 3328 2730 1980 551 328 261 750 1429 692 60 632 91 224 76 148 50 737 252 63 98
internal_count=6635 4051 2584 4011 683 467 419 391 334 96 3328 2730 1980 551 328 261 750 1429 692 60 632 91 224 76 148 50 737 252 63 98
is_linear=0
shrinkage=0.04


Tree=60
num_leaves=31
num_cat=0
split_feature=3 17 6 11 19 11 3 11 12 19 14 13 1 12 3 20 8 18 3 1 14 20 11 10 4 4 18 14 8 11
split_gain=1.57048 1.02452 1.22428 1.35728 1.3222 1.37256 1.20739 1.11179 3.12544 2.2735 1.6108 1.07405 0.978071 0.894819 1.87694 2.20021 0.786672 0.750426 0.833039 0.742839 1.29584 1.35716 1.19086 1.28062 1.08949 1.12333 0.960867 1.38881 1.31956 1.29353
threshold=2.1500000000000008 -0.5 13.616666666666665 -7.4499999999999993 1.0000000180025095e-35 26.350000000000005 3.5500000000000003 1.6500000000000001 83.500000000000014 1.0000000180025095e-35 172.50000000000003 8.8500000000000032 17.150000000000002 48.500000000000007 15.950000000000001 -0.56174490092936669 16.150000000000002 -0.5 7.9500000000000011 11.65 165.50000000000003 -0.56174490092936669 17.650000000000002 11.950000000000001 8.3500000000000032 6.7500000000000009 -0.3794095225512602 101.50000000000001 6.9500000000000011 6.0500000000000007
decision_type=2 2 2 2 2 2 2 2 2 2 2 2 2 2 2 2 2 2 2 2 2 2 2 2 2 2 2 2 2 2
left_child=-1 2 3 -2 -4 12 7 -3 -9 10 -10 13 -6 14 17 -16 19 18 -8 24 -21 -22 23 -23 25 26 27 -15 -28 -30
right_child=1 6 4 -5 5 -7 11 8 9 -11 -12 -13 -14 16 15 -17 -18 -19 -20 20 21 22 -24 -25 -26 -27 28 -29 29 -31
leaf_value=-0.048958908714035333 0.014751408337952623 -0.024491931863467653 -0.018841937230605042 -0.031467028952282115 -0.17403430728530814 0.42890753409634375 0.054389398974275194 0.0051893619355162365 0.049802323332585663 0.028151702686087226 0.30435942278144873 -0.033971353478550598 0.73730463953821723 0.076997569983055167 0.42717189849754356 0.0095576022425645814 -0.025288317601786178 -0.0049330584661666432 -0.00032039443093725148 -0.086261432055193682 -0.018663031957842288 0.14978953759070479 -0.065960408284380045 0.031919695369906104 -0.046135479916858541 0.017180828685956686 -0.030881518903120707 -0.021616090438790866 0.055957829385491396 -0.069277698678384153
leaf_weight=912 30 241 167 1663 27 29 26 437 25 35 34 356 25 28 31 41 335 392 31 55 41 33 25 35 313 194 125 765 118 36
leaf_count=912 30 241 167 1663 27 29 26 437 25 35 34 356 25 28 31 41 335 392 31 55 41 33 25 35 313 194 125 765 118 36
internal_value=-0.00096579 -0.000718652 -0.00146447 -0.00184888 0.00115663 0.00531707 -0.000332535 0.00107633 0.00209774 0.00867368 0.0134 -0.000697753 0.00135849 -0.000417525 0.00106513 0.0070137 -0.000785172 9.77768e-05 0.00434483 -0.000447712 0.00191579 0.00402963 0.00668085 0.0093913 -0.000731647 -0.000208367 -0.000715751 -0.00142569 0.0013 0.00376774
internal_weight=6605 5693 1941 1693 248 81 3752 772 531 94 59 2980 52 2624 521 72 2103 449 57 1768 189 134 93 68 1579 1266 1072 793 279 154
internal_count=6605 5693 1941 1693 248 81 3752 772 531 94 59 2980 52 2624 521 72 2103 449 57 1768 189 134 93 68 1579 1266 1072 793 279 154
is_linear=0
shrinkage=0.04


Tree=61
num_leaves=31
num_cat=0
split_feature=3 10 12 6 5 7 16 11 0 16 7 5 18 4 14 10 18 0 4 7 9 3 11 6 12 7 15 14 1 3
split_gain=1.56474 0.867364 1.36762 1.19456 1.70017 0.9002 0.946623 1.4007 1.29902 0.912608 0.803458 1.84158 3.19522 2.83199 2.10994 1.67924 1.46952 1.30439 1.25653 1.69358 2.25667 1.36388 1.53489 1.14506 1.09516 1.03658 1.02653 0.975471 0.946073 0.869736
threshold=2.1500000000000008 0.8500000000000002 36.500000000000007 2.9333333333333296 3.9500000000000006 4.0187500000000007 367.50000000000006 25.050000000000004 6.9500000000000011 92.500000000000014 6.7104166666666671 5.7500000000000009 1.0000000180025095e-35 4.4500000000000011 197.50000000000003 10.450000000000001 -0.70710678118654757 3.2500000000000004 3.9500000000000006 4.6541666666666677 77.500000000000014 9.8500000000000032 17.450000000000003 4.6333333333333302 82.500000000000014 2.8104166666666672 0.8500000000000002 106.50000000000001 9.8500000000000032 3.0500000000000003
decision_type=2 2 2 2 2 2 2 2 2 2 2 2 2 2 2 2 2 2 2 2 2 2 2 2 2 2 2 2 2 2
left_child=-1 -2 3 4 -3 -5 7 -7 -9 -10 11 17 27 14 15 -14 -12 -4 25 20 23 22 -21 -20 -15 29 28 -13 -18 -19
right_child=1 2 10 5 -6 6 -8 8 9 -11 16 12 13 24 -16 -17 26 18 19 21 -22 -23 -24 -25 -26 -27 -28 -29 -30 -31
leaf_value=-0.047000552365473951 -0.049759850926216619 0.080841304593353328 -0.065459577531586946 -0.045811378773706599 0.00018494065355779046 0.0013627938852859038 -0.00044861151561727009 0.022160827046561624 0.15097250528458481 0.45008893651139575 0.0014853187549487335 0.047884431532018656 0.075965656653057476 -0.014013851162722942 0.2758536215868454 -0.041261531174110619 -0.053945253464008663 0.029738933852892183 -0.047568339723927516 -0.024823389976541474 0.041205822018712118 0.12445354263915853 0.092922374647562297 0.036057936471565875 0.076620141987605292 -0.035782666095383601 0.0055673148452281117 -0.012314104074745411 -0.014757438220450274 -0.002032020730679832
leaf_weight=912 631 29 656 57 30 94 269 28 26 30 680 41 40 83 44 32 709 40 36 322 28 28 40 35 32 443 30 524 612 44
leaf_count=912 631 29 656 57 30 94 269 28 26 30 680 41 40 83 44 32 709 40 36 322 28 28 40 35 32 443 30 524 612 44
internal_value=-0.000881018 -0.000634353 -0.000459807 0.00139716 0.00673333 0.000760395 0.00136607 0.00362011 0.00734118 0.010807 -0.000692445 -0.000207372 0.00137516 0.00532759 0.0097094 0.00536986 -0.0012815 -0.000961149 -6.29311e-05 0.00139592 0.00604 0.000204603 -0.000462811 0.00216667 0.000862068 -0.00141667 -0.00204438 -0.000247351 -0.0022118 0.00263529
internal_weight=6605 5693 5062 563 59 504 447 178 84 56 4499 2468 796 231 116 72 2031 1672 1016 489 99 390 362 71 115 527 1351 565 1321 84
internal_count=6605 5693 5062 563 59 504 447 178 84 56 4499 2468 796 231 116 72 2031 1672 1016 489 99 390 362 71 115 527 1351 565 1321 84
is_linear=0
shrinkage=0.04


Tree=62
num_leaves=31
num_cat=0
split_feature=3 5 3 15 3 14 5 11 11 11 3 11 4 18 16 14 20 7 13 0 11 4 6 11 5 16 7 11 11 19
split_gain=1.40308 0.75 1.46623 2.07486 0.949742 1.22619 1.58018 0.958535 0.908568 1.37066 1.64376 0.803819 1.22516 0.780225 1.86557 1.84142 0.732832 0.836897 1.21552 2.46838 2.31895 0.77749 0.773044 0.658589 2.24306 1.14118 0.641522 1.8301 1.51731 2.43756
threshold=2.1500000000000008 5.5500000000000007 3.3500000000000001 1.0000000180025095e-35 20.650000000000002 183.50000000000003 15.850000000000003 33.650000000000013 1.6500000000000001 5.4500000000000011 2.7500000000000004 16.350000000000005 4.5500000000000007 -0.60355339059327384 257.50000000000006 190.50000000000003 -0.56174490092936669 5.4520833333333343 2.2500000000000004 3.8500000000000001 4.5500000000000007 2.4500000000000006 2.8333333333333299 -3.7499999999999996 12.350000000000003 52.500000000000007 8.1979166666666696 9.9500000000000011 14.750000000000002 -0.60785761079279388
decision_type=2 2 2 2 2 2 2 2 2 2 2 2 2 2 2 2 2 2 2 2 2 2 2 2 2 2 2 2 2 2
left_child=-1 13 3 8 7 -6 -7 23 -3 10 -10 -11 -13 14 16 -16 -2 18 22 21 -21 -20 -18 24 25 -4 -25 -28 29 -29
right_child=1 2 4 -5 5 6 -8 -9 9 11 -12 12 -14 -15 15 -17 17 -19 19 20 -22 -23 -24 26 -26 -27 27 28 -30 -31
leaf_value=-0.045120530270855025 -0.049555478811477364 -0.044442948906574548 -0.09210252873032726 0.1450035389236416 -0.010131704406444958 -0.025362275793090132 0.29833277528461777 0.27287110962545136 -0.0026070194902913404 -0.042445500561285474 0.39025071022715957 0.15323639246561904 -0.016632661639982688 -0.026556298679756438 -0.084172509550534971 0.058571146805065311 0.10633220476099702 -0.025838814268183068 -0.093992908205102477 0.072742239026725136 0.011718653041013971 0.043315438016324308 -0.032337337457284739 -0.00060054983027581373 0.034077003308140341 0.02359550856626727 -0.079552667255900544 0.039843276861513892 -0.01422375844050631 -0.0083411928117570772
leaf_weight=912 166 69 76 36 120 33 41 25 35 61 38 30 53 1815 26 45 27 167 65 41 37 49 141 1007 40 37 355 37 928 93
leaf_count=912 166 69 76 36 120 33 41 25 35 61 38 30 53 1815 26 45 27 167 65 41 37 49 141 1007 40 37 355 37 928 93
internal_value=-0.000874963 -0.000641378 -0.000223436 0.00232817 -0.00051844 0.00217436 0.00618667 -0.000720278 0.00117073 0.00244037 0.00686486 0.000165516 0.00271428 -0.00114574 -7.32036e-05 0.00605555 -0.000708935 2.27263e-05 0.00110803 0.00327461 0.00870886 -0.000486957 -0.00137278 -0.000797204 0.00174026 -0.0011579 -0.000958283 -0.00150778 -0.000672333 0.00335878
internal_weight=6605 5693 3114 322 2792 194 74 2598 286 217 73 144 83 2579 764 71 693 527 360 192 78 114 168 2573 153 113 2420 1413 1058 130
internal_count=6605 5693 3114 322 2792 194 74 2598 286 217 73 144 83 2579 764 71 693 527 360 192 78 114 168 2573 153 113 2420 1413 1058 130
is_linear=0
shrinkage=0.04


Tree=63
num_leaves=31
num_cat=0
split_feature=3 7 10 11 3 4 20 14 10 5 1 14 5 13 14 7 11 17 5 11 15 11 13 7 8 18 4 4 13 18
split_gain=1.17175 1.31781 0.764632 1.14301 0.932204 1.52227 1.45338 2.03489 1.994 2.29359 1.62736 1.50706 1.26858 1.16133 0.976764 0.85815 1.65084 1.27606 1.45139 2.05784 2.82646 2.7449 1.16776 1.35908 1.11538 1.04934 1.22242 1.49844 1.03404 0.830915
threshold=2.1500000000000008 1.1729166666666668 0.55000000000000016 15.750000000000002 2.8500000000000001 2.5500000000000003 -0.56174490092936669 179.50000000000003 5.2500000000000009 12.550000000000002 8.9500000000000011 348.50000000000006 6.3500000000000005 4.5500000000000007 354.50000000000006 8.4208333333333361 9.9500000000000011 0.25881904510252091 5.7500000000000009 5.6500000000000012 1.0000000180025095e-35 4.5500000000000007 1.5500000000000003 4.9354166666666677 6.6500000000000012 -0.78656609248549325 9.6500000000000004 12.450000000000001 6.0500000000000007 0.37940952255126048
decision_type=2 2 2 2 2 2 2 2 2 2 2 2 2 2 2 2 2 2 2 2 2 2 2 2 2 2 2 2 2 2
left_child=1 -1 -2 15 5 -5 7 -6 12 10 -10 -8 29 -7 -13 17 -17 -4 28 20 21 22 23 -20 -18 26 -26 -28 -19 -9
right_child=2 -3 3 4 6 13 11 8 9 -11 -12 14 -14 -15 -16 16 24 18 19 -21 -22 -23 -24 -25 25 -27 27 -29 -30 -31
leaf_value=0.040867900015995322 -0.067966705432310634 -0.053329473988629035 -0.027304715324050932 0.15549973179398752 -0.018691914110858743 0.087986908066672434 -0.012566554952858876 -0.01461341367565931 0.040216766052893725 0.31390337077584363 -0.0038664334933314988 0.1368174817679281 -0.044601996448460163 -0.039297091179463388 -0.00041832790863045893 -0.064639043035737517 0.041966243747881021 -0.021268428996474929 0.15492604357450968 -0.029466663192519525 0.14077621947105587 0.56780711911978854 -0.0022781346920194034 0.010022311155570358 -0.035780157868484957 -0.056389335170820801 0.13144383275759125 0.012224730832576365 0.014483395578332567 0.13245025000594501
leaf_weight=26 295 886 1600 27 224 26 1171 27 45 35 60 30 92 60 35 530 25 507 30 132 45 32 240 66 44 91 25 47 101 51
leaf_count=26 295 886 1600 27 224 26 1171 27 45 35 60 30 92 60 35 530 25 507 30 132 45 32 240 66 44 91 25 47 101 51
internal_value=-0.000868908 -0.00219934 -0.000655428 -0.000546769 0.000248407 0.00375439 2.25852e-05 0.00176449 0.00385852 0.00737589 0.00433962 -0.000730801 0.000935672 0.00110345 0.00515151 -0.000972697 -0.0021599 -0.000643429 0.000370883 0.00186813 0.00325604 0.0020813 0.000997032 0.00470103 0.00065236 -0.000326924 0.00218803 0.00536986 -0.000972086 0.00465823
internal_weight=6605 912 5693 5398 1883 113 1770 534 310 140 105 1236 170 86 65 3515 762 2753 1153 545 413 368 336 96 232 207 116 72 608 78
internal_count=6605 912 5693 5398 1883 113 1770 534 310 140 105 1236 170 86 65 3515 762 2753 1153 545 413 368 336 96 232 207 116 72 608 78
is_linear=0
shrinkage=0.04


Tree=64
num_leaves=31
num_cat=0
split_feature=3 10 12 7 8 0 14 20 2 20 2 11 9 18 18 6 20 11 12 20 4 13 0 13 16 0 17 7 2 10
split_gain=1.11099 0.715012 1.15665 0.827796 1.83451 2.09787 3.02627 2.00567 1.23551 2.08273 1.09998 1.2137 1.05258 1.41152 0.929097 1.03486 2.93171 2.23439 1.09463 0.750371 0.775303 0.819818 0.967549 0.724473 1.40561 0.692984 0.773459 0.918255 1.10502 0.681073
threshold=2.1500000000000008 0.95000000000000007 36.500000000000007 6.7104166666666671 5.1500000000000012 5.1500000000000012 171.50000000000003 -0.22252093395631442 10.550000000000002 -0.22252093395631442 5.0500000000000007 16.550000000000004 85.500000000000014 1.0000000180025095e-35 -0.70710678118654757 8.4916666666666689 -0.22252093395631442 12.15 47.500000000000007 1.0000000180025095e-35 9.6500000000000004 5.6500000000000012 6.9500000000000011 1.2500000000000002 162.50000000000003 8.9500000000000011 -0.60355339059327362 9.877083333333335 10.65 4.7500000000000009
decision_type=2 2 2 2 2 2 2 2 2 2 2 2 2 2 2 2 2 2 2 2 2 2 2 2 2 2 2 2 2 2
left_child=-1 25 19 4 12 6 7 -6 10 -10 11 -7 -4 -14 15 16 17 -5 -17 23 21 22 -21 -3 -25 -2 -27 -28 -29 -8
right_child=1 2 3 14 5 8 29 -9 9 -11 -12 -13 13 -15 -16 18 -18 -19 -20 20 -22 -23 -24 24 -26 26 27 28 -30 -31
leaf_value=-0.041204686332503675 -0.062898757320165435 -0.10520874388790218 -0.028862175697425038 0.026840077446799632 0.3768650586927666 0.0083059038173722826 0.10505402228519238 0.042147342581468447 -0.061408020791555468 0.1579748792956541 -0.0096359566765352907 0.11311064992226251 0.049532377851808737 -0.030019166176084692 -0.025313099787465258 0.29505780214691302 -0.049138969349029039 0.13776036800515926 -0.01310261469195507 -0.029094117737214528 -0.033939424154062411 0.057356599820038254 0.053877060134370859 0.14769740801038775 0.0419945465796581 -0.051139334460344854 -0.093713016617823469 0.021640659574366016 0.025626838454705324 -0.020241447042961613
leaf_weight=912 532 36 1199 35 36 194 30 34 26 30 738 28 32 46 1336 44 79 33 489 56 87 45 25 60 213 71 25 25 46 63
leaf_count=912 532 36 1199 35 36 194 30 34 26 30 738 28 32 46 1336 44 79 33 489 56 87 45 25 60 213 71 25 25 46 63
internal_value=-0.000947624 -0.000739727 -0.000571773 -0.000779791 -0.000286529 0.000850847 0.00504878 0.0112676 0.000173057 0.00589474 -0.000166494 0.00229596 -0.00133646 0.00313924 -0.00138027 -0.000176212 0.00278378 0.00881159 -0.000996256 0.00120841 -0.000616823 0.00138583 -0.00102439 0.00246452 0.00316788 -0.00193714 0.000309523 0.00263917 0.00494444 0.000297871
internal_weight=6605 5693 4994 4472 2456 1179 163 70 1016 56 960 222 1277 78 2016 680 147 68 533 522 213 126 81 309 273 699 167 96 71 93
internal_count=6605 5693 4994 4472 2456 1179 163 70 1016 56 960 222 1277 78 2016 680 147 68 533 522 213 126 81 309 273 699 167 96 71 93
is_linear=0
shrinkage=0.04


Tree=65
num_leaves=31
num_cat=0
split_feature=20 4 17 0 3 14 9 7 18 12 7 9 13 1 11 5 19 14 11 11 0 7 7 10 9 13 19 1 13 18
split_gain=1.17723 1.56425 1.38883 2.35482 1.10324 0.873604 1.68313 0.870184 0.857735 0.827897 0.7628 1.36679 1.98183 1.03436 0.908462 3.23132 0.750868 0.730974 1.37477 2.40037 1.11974 1.01151 2.84783 1.73091 1.41355 1.31575 1.29541 1.86908 1.50411 1.24596
threshold=-0.22252093395631442 0.45000000000000007 -0.5 39.250000000000007 2.3500000000000001 53.500000000000007 78.500000000000014 1.5145833333333336 0.60355339059327384 57.500000000000007 6.7104166666666671 66.500000000000014 6.0500000000000007 10.65 -2.0499999999999994 12.350000000000003 -1.0000000180025095e-35 250.50000000000003 1.4500000000000002 5.4500000000000011 3.5500000000000003 6.2645833333333334 7.6104166666666684 14.350000000000003 50.500000000000007 0.75000000000000011 1.0000000180025095e-35 7.8500000000000005 4.2500000000000009 0.25881904510252057
decision_type=2 2 2 2 2 2 2 2 2 2 2 2 2 2 2 2 2 2 2 2 2 2 2 2 2 2 2 2 2 2
left_child=2 -2 -1 5 -3 6 -4 -7 9 -6 11 12 13 16 15 -12 -11 21 -19 20 -20 25 23 24 -23 29 27 28 -26 -9
right_child=1 4 3 -5 8 7 -8 17 -10 10 14 -13 -14 -15 -16 -17 -18 18 19 -21 -22 22 -24 -25 26 -27 -28 -29 -30 -31
leaf_value=-0.023595387721674667 0.073536182759774041 -0.051523351042574106 0.053478678690228182 0.29190269494326759 0.0055531104619297687 0.026790483448108297 -0.017658907342761394 -0.035267599960131388 -0.037167153578193599 -0.07703910381069462 -0.057767250598414484 -0.067180158326619235 0.030544365744698546 0.11722608344432817 -0.042756262719797107 0.029745575581476304 0.0060774485994509464 -0.028051804470231069 0.14127347196349313 0.0014816721227987099 0.56409292264336919 0.058848944387729696 -0.0074237086427517349 0.40498093333968344 0.18761305781607582 -0.024158957045860022 -0.087033701925116655 -0.01076536408781553 0.071201869480563729 0.035066519458539835
leaf_weight=955 36 637 26 35 700 29 56 37 868 106 65 358 46 32 624 28 308 85 27 157 31 25 443 33 25 736 68 50 37 27
leaf_count=955 36 637 26 35 700 29 56 37 868 106 65 358 46 32 624 28 308 85 27 157 31 25 443 33 25 736 68 50 37 27
internal_value=-0.000807055 -0.00126858 -0.000197018 0.000421161 -0.00134853 0.000228208 0.00424096 4.41735e-05 -0.00103954 -0.000629631 -0.00114031 -0.000329026 0.00103854 0.000214764 -0.00210028 0.00157447 -0.000327712 -6.95857e-05 0.00172757 0.00342592 0.0103051 -0.000434549 0.000697946 0.00421757 0.00281553 -0.00139825 0.00154696 0.00417699 0.0087619 0.00406154
internal_weight=6690 3808 2882 1927 3772 1892 82 1810 3135 2267 1567 850 492 446 717 93 414 1781 300 215 58 1481 681 238 205 800 180 112 62 64
internal_count=6690 3808 2882 1927 3772 1892 82 1810 3135 2267 1567 850 492 446 717 93 414 1781 300 215 58 1481 681 238 205 800 180 112 62 64
is_linear=0
shrinkage=0.04


Tree=66
num_leaves=31
num_cat=0
split_feature=20 4 0 0 3 10 7 0 13 11 9 1 9 18 14 10 1 8 13 7 7 9 2 1 9 13 11 7 6 1
split_gain=0.931873 1.55627 1.19532 2.48447 1.04368 0.935603 0.814954 1.61298 1.51919 1.6673 3.15187 1.49818 2.04817 1.24256 1.17489 1.17294 0.810407 1.54143 1.38512 1.35957 0.994223 0.723714 1.19453 1.49405 1.65857 3.03652 1.72592 1.17251 1.13562 1.00249
threshold=-0.22252093395631442 0.45000000000000007 39.250000000000007 48.400000000000013 2.3500000000000001 0.65000000000000002 5.5916666666666677 10.450000000000001 6.0500000000000007 10.550000000000002 67.500000000000014 8.6500000000000004 110.50000000000001 -0.5 122.50000000000001 1.6500000000000001 3.8500000000000001 8.1500000000000004 1.7500000000000002 4.3520833333333346 5.0354166666666682 69.500000000000014 7.4500000000000011 4.5500000000000007 79.500000000000014 3.1500000000000008 13.450000000000001 4.7770833333333345 1.4833333333333323 15.550000000000002
decision_type=2 2 2 2 2 2 2 2 2 2 2 2 2 2 2 2 2 2 2 2 2 2 2 2 2 2 2 2 2 2
left_child=2 -2 5 -4 -3 -1 7 8 13 10 -10 -8 -13 16 -11 -12 -6 18 -18 -20 -21 27 23 -23 25 -25 -27 28 -7 -24
right_child=1 4 3 -5 6 21 11 -9 9 14 15 12 -14 -15 -16 -17 17 -19 19 20 -22 22 29 24 -26 26 -28 -29 -30 -31
leaf_value=-0.10052064549207101 0.070594735449383078 -0.04946241700087118 0.48115897257826995 -0.19850829510296764 -0.014266854322872828 0.045762246267959709 -0.043752489471134623 0.12847934969546604 0.038110676192450683 0.039064809259815474 0.066516887125992324 -0.0085510084939149234 0.23189592683194057 -0.043390447963577848 -0.027332252816104862 -0.047517008195017862 -0.012055398815601562 -0.10998490366561793 0.045508857258657651 -0.07009406744822988 0.09961491332497184 0.00095175009691203256 -0.018036387240720132 0.48812271042401995 0.0023026252730731322 -0.0222324046746833 0.056683335457860751 -0.00052138351770456243 -0.062535950053025605 0.12372236605459508
leaf_weight=188 36 637 25 35 212 31 939 26 40 26 25 996 48 452 105 66 59 49 40 27 25 568 319 38 147 39 28 952 453 59
leaf_count=188 36 637 25 35 212 31 939 26 40 26 25 996 48 452 105 66 59 49 40 27 25 568 319 38 147 39 28 952 453 59
internal_value=-0.000836946 -0.00124757 -0.000294139 0.0052459 -0.00132733 -0.000413745 -0.00102679 -0.0001804 -0.000411713 0.00225095 0.00542424 -0.00151815 -0.000474642 -0.00122081 -0.000939395 0.00126087 0.000368038 0.00218905 0.00418421 0.00722581 0.00286792 -0.000218597 0.000507088 0.00136419 0.00392095 0.00773585 0.00252941 -0.00082394 -0.00242474 -0.00135092
internal_weight=6690 3808 2882 60 3772 2822 3135 1152 1126 262 131 1983 1044 864 131 91 412 200 151 92 52 2634 1198 820 252 105 67 1436 484 378
internal_count=6690 3808 2882 60 3772 2822 3135 1152 1126 262 131 1983 1044 864 131 91 412 200 151 92 52 2634 1198 820 252 105 67 1436 484 378
is_linear=0
shrinkage=0.04


Tree=67
num_leaves=31
num_cat=0
split_feature=3 13 0 5 3 4 2 8 2 11 7 10 17 20 10 11 11 11 5 13 19 2 18 0 4 13 12 10 10 2
split_gain=0.928211 1.34192 1.33626 1.4252 0.914973 0.8039 0.966848 0.875035 1.0851 1.3586 1.4783 1.3571 1.04905 0.91864 1.63192 1.42377 1.2763 2.54206 1.58646 1.27854 1.52611 1.26886 0.913544 0.762881 1.31813 1.20037 0.86578 0.940799 0.702672 1.05235
threshold=20.650000000000002 2.7500000000000004 47.20000000000001 15.050000000000002 23.750000000000004 0.35000000000000003 2.1500000000000008 18.950000000000003 12.750000000000002 29.050000000000004 8.5250000000000021 9.3500000000000032 -0.25881904510252113 -0.22252093395631442 4.9500000000000011 20.950000000000003 5.0500000000000007 3.1500000000000008 9.9500000000000011 9.3500000000000032 1.0000000180025095e-35 2.5500000000000003 0.1294095225512602 11.850000000000003 9.2500000000000018 3.2500000000000004 54.500000000000007 8.6500000000000004 8.0500000000000025 5.1500000000000012
decision_type=2 2 2 2 2 2 2 2 2 2 2 2 2 2 2 2 2 2 2 2 2 2 2 2 2 2 2 2 2 2
left_child=5 2 3 -2 -3 -1 -7 8 12 10 11 -10 22 14 16 21 17 -14 19 -18 -21 -16 28 -12 -25 -26 -27 -28 29 -8
right_child=1 4 -4 -5 -6 6 7 -9 9 -11 23 -13 13 -15 15 -17 18 -19 -20 20 -22 -23 -24 24 25 26 27 -29 -30 -31
leaf_value=0.057486447027206226 0.35848430757273636 0.020212468794376836 -0.1936782746192165 0.26064666670795505 -0.051069002220530492 -0.050844767252481854 0.017141159508014318 -0.041397589690998882 0.37891293412100013 0.25586070898938795 -0.063980457068813376 0.014891086377625299 0.002782097073196751 -0.010832346156914219 0.045219114638847327 0.046056213497110046 -0.016386552932789965 0.64663319749683712 0.20437346228582789 0.055148296836929921 -0.020791119089557414 -0.0085901138414285847 -0.063717027281636821 -0.037551093240677354 -0.0030650989525948524 0.13096570361900839 -0.082790762814373337 0.027173551397289237 -0.040052710528605394 -0.013064419661018534
leaf_weight=35 25 43 29 28 111 913 289 259 32 25 120 35 34 1585 44 45 114 28 45 33 27 886 996 102 71 59 25 25 244 383
leaf_count=35 25 43 29 28 111 913 289 259 32 25 120 35 34 1585 44 45 114 28 45 33 27 886 996 102 71 59 25 25 244 383
internal_value=-0.000872815 0.0015865 0.00568675 0.00940741 -0.000619356 -0.000962975 -0.000996263 -0.000796079 -0.00068369 0.00109899 0.000604254 0.00605882 -0.000869164 -0.000381422 0.000426411 -0.000348362 0.00310638 0.00812698 0.00165454 -9.14295e-05 0.00459016 -0.000687434 -0.00159331 -0.000317619 0.000819787 0.00287293 0.00549091 0.00156863 -0.000680481 -1.1888e-05
internal_weight=6690 236 82 53 154 6454 6419 5506 5247 494 469 67 4753 2841 1256 975 281 62 219 174 60 930 1912 402 282 180 109 50 916 672
internal_count=6690 236 82 53 154 6454 6419 5506 5247 494 469 67 4753 2841 1256 975 281 62 219 174 60 930 1912 402 282 180 109 50 916 672
is_linear=0
shrinkage=0.04


Tree=68
num_leaves=31
num_cat=0
split_feature=7 11 19 11 14 12 18 0 13 11 5 20 9 9 18 8 13 9 14 10 6 7 14 12 2 20 17 10 6 0
split_gain=1.10487 1.06497 1.18456 1.72867 2.1437 2.20284 3.9561 2.77085 2.03128 1.59503 1.52918 3.08892 1.52359 1.48641 1.43798 1.51356 1.30262 2.70561 2.58876 1.25088 1.24823 1.97994 1.2049 1.19165 1.1505 0.984554 1.00656 1.63553 1.10203 0.89703
threshold=1.1729166666666668 15.65 1.0000000180025095e-35 0.75000000000000011 181.50000000000003 84.500000000000014 0.25881904510252057 6.7500000000000009 2.6500000000000008 1.9500000000000002 10.450000000000001 1.0000000180025095e-35 47.500000000000007 60.500000000000007 -0.5 9.6500000000000004 6.0500000000000007 62.500000000000007 191.50000000000003 3.2500000000000004 8.9583333333333339 6.7104166666666671 204.50000000000003 37.500000000000007 2.4500000000000006 1.0000000180025095e-35 -0.78656609248549292 2.4500000000000006 11.424999999999999 39.250000000000007
decision_type=2 2 2 2 2 2 2 2 2 2 2 2 2 2 2 2 2 2 2 2 2 2 2 2 2 2 2 2 2 2
left_child=-1 2 3 -2 13 16 7 -7 -9 10 12 -12 -4 -5 15 24 -6 -18 -19 -14 -11 -22 -23 -20 -15 29 27 -27 -29 -3
right_child=1 25 9 4 5 6 -8 8 -10 20 11 -13 19 14 -16 -17 17 18 23 -21 21 22 -24 -25 -26 26 -28 28 -30 -31
leaf_value=0.027940676996106452 -0.048070616647717633 0.0014662818049501281 0.034186448953235617 -0.05153976603039355 -0.0062401651456990481 -0.10825226946847677 0.20745399437511247 -0.0038073191443912537 0.16341514815024374 -0.077966949999518129 -0.051276142637797277 0.052751291161517194 0.011691225120776789 -0.046682781806518879 -0.022250403281937899 -0.030970536695125984 0.050380037972077477 0.078287733526731865 0.032265506091257209 -0.021984872290269682 0.17029263791647931 -0.11109999683091318 0.14528335274409593 -0.030097673073035396 0.12624205743697031 -0.032733168692535612 -0.020579442727905402 0.00070932771693168323 0.57767349277792845 0.22361211210804979
leaf_weight=29 668 1271 43 382 359 57 37 26 27 997 34 29 25 33 591 49 27 26 27 520 29 144 28 101 109 154 738 33 37 60
leaf_count=29 668 1271 43 382 359 57 37 26 27 997 34 29 25 33 591 49 27 26 27 520 29 144 28 101 109 154 738 33 37 60
internal_value=-0.000860859 -0.000895228 -0.00126162 -0.000696826 -6.69556e-05 0.00170349 0.00602703 0.00216216 0.00866667 -0.00203027 -0.000435584 0.0054375 -0.00107301 -0.00111245 -0.000112389 0.00289583 0.000517559 0.00327472 0.0011871 -0.00164835 -0.00289575 -1.98029e-05 -0.00166474 -0.0011783 0.00497902 -0.000197037 -0.00117134 0.00117333 0.00619718 0.000507507
internal_weight=6690 6661 4368 2519 1851 687 147 110 53 1849 651 63 588 1164 782 191 540 181 154 545 1198 201 172 128 142 2293 962 224 70 1331
internal_count=6690 6661 4368 2519 1851 687 147 110 53 1849 651 63 588 1164 782 191 540 181 154 545 1198 201 172 128 142 2293 962 224 70 1331
is_linear=0
shrinkage=0.04


Tree=69
num_leaves=31
num_cat=0
split_feature=7 11 19 11 11 7 11 5 20 9 5 19 6 7 5 2 7 20 10 7 13 5 19 4 7 12 11 0 2 11
split_gain=1.09116 1.07814 1.19242 1.50965 1.48361 1.78217 1.42705 1.34117 3.08198 1.51595 1.26137 1.24703 1.19099 1.46248 0.987149 0.969976 1.80406 0.96575 1.62333 0.989126 0.925042 1.77241 0.926244 0.922853 1.20309 2.44287 2.21504 2.09138 3.01031 2.37369
threshold=1.1729166666666668 15.65 1.0000000180025095e-35 1.9500000000000002 1.0000000180025095e-35 7.3729166666666677 12.15 10.250000000000002 1.0000000180025095e-35 47.500000000000007 10.750000000000002 -0.60785761079279388 8.9583333333333339 6.7104166666666671 13.450000000000001 12.750000000000002 8.9145833333333346 1.0000000180025095e-35 15.850000000000003 2.3937500000000003 1.0500000000000003 7.2500000000000009 -0.8783796973249266 2.7500000000000004 4.4229166666666675 74.500000000000014 11.950000000000001 4.8500000000000005 3.1500000000000008 8.3500000000000032
decision_type=2 2 2 2 2 2 2 2 2 2 2 2 2 2 2 2 2 2 2 2 2 2 2 2 2 2 2 2 2 2
left_child=-1 2 4 7 14 20 -7 9 -9 -4 -8 -12 -5 -14 -2 17 -17 18 -3 -19 21 22 -6 -22 25 26 27 28 29 -25
right_child=1 15 3 12 5 6 10 8 -10 -11 11 -13 13 -15 -16 16 -18 19 -20 -21 23 -23 -24 24 -26 -27 -28 -29 -30 -31
leaf_value=0.026823049916262196 -0.062151784093628766 -0.00060340862336548894 0.032818990995106198 -0.074848271999537433 0.020582709340102957 -0.071732106123153352 -0.0065249702083987424 -0.034542319889636443 0.050063218241013757 -0.016970435749015234 0.029303755251012854 -0.079142643574215465 0.16348093239982017 -0.060774722428690683 0.012258480548474202 0.21610129187710619 0.0081418710760491984 0.038455221120524144 0.36715863210071886 -0.027450428073079063 -0.021237952384271511 0.31245760803384076 -0.030198096560491505 -0.014853518876840372 -0.00070670871293539389 -0.013124618093671585 -0.089949790278683397 -0.0041282613299785829 0.10960536351536879 0.058535531824750492
leaf_weight=29 542 1001 43 997 43 367 56 37 30 541 31 25 29 172 26 25 579 30 25 633 418 25 73 44 574 148 31 41 36 39
leaf_count=29 542 1001 43 997 43 367 56 37 30 541 31 25 29 172 26 25 579 30 25 633 418 25 73 44 574 148 31 41 36 39
internal_value=-0.000813033 -0.000847194 -0.00121584 -0.00198703 -0.000649207 -0.000125001 -0.00224167 -0.000435584 0.00488235 -0.00105299 0.00169911 0.00589474 -0.00282903 -1.98029e-05 -0.0024464 -0.000144726 0.00122975 -0.000636687 0.000132424 -0.0018253 0.000564833 0.0036338 0.00150427 0.000237236 0.000949671 0.00283529 0.0058125 0.00770186 0.0103667 0.00604762
internal_weight=6690 6661 4368 1849 2519 1951 479 651 67 584 112 56 1198 201 568 2293 604 1689 1026 663 1472 141 116 1331 913 339 191 160 119 83
internal_count=6690 6661 4368 1849 2519 1951 479 651 67 584 112 56 1198 201 568 2293 604 1689 1026 663 1472 141 116 1331 913 339 191 160 119 83
is_linear=0
shrinkage=0.04


Tree=70
num_leaves=31
num_cat=0
split_feature=2 9 2 13 0 7 3 5 13 17 14 0 13 5 19 7 17 7 6 6 14 14 18 4 9 16 6 14 7 3
split_gain=0.899215 0.704948 0.665192 1.20457 1.27701 0.862639 1.31369 1.34588 1.73628 2.65651 1.1954 1.07968 1.36092 1.01875 1.00319 0.999779 0.924679 1.35793 1.28334 2.60561 2.10066 1.81229 1.94014 1.17587 1.13148 1.10922 0.972897 0.933755 2.46542 1.08745
threshold=1.9500000000000002 41.500000000000007 20.450000000000003 2.3500000000000001 49.100000000000009 8.5687500000000032 12.750000000000002 8.0500000000000025 1.0500000000000003 0.60355339059327384 43.500000000000007 9.4500000000000011 4.3500000000000005 3.9500000000000006 1.0000000180025095e-35 7.3312500000000007 -1.0000000180025095e-35 5.0354166666666682 4.5833333333333313 5.1166666666666663 179.50000000000003 264.50000000000006 0.1294095225512602 4.6500000000000012 75.500000000000014 1182.5000000000002 2.2499999999999964 133.50000000000003 5.5916666666666677 9.3500000000000032
decision_type=2 2 2 2 2 2 2 2 2 2 2 2 2 2 2 2 2 2 2 2 2 2 2 2 2 2 2 2 2 2
left_child=-1 -2 5 4 -4 6 7 16 9 -9 14 -10 15 -8 -7 -13 17 18 21 20 -20 -3 24 26 -23 -24 -18 28 -25 -29
right_child=1 2 3 -5 -6 10 13 8 11 -11 -12 12 -14 -15 -16 -17 23 -19 19 -21 -22 22 25 27 -26 -27 -28 29 -30 -31
leaf_value=-0.042389843883420604 -0.023325155131278169 -0.061428692399871913 0.26387311021676862 -0.011714575975974608 -0.21070746054361589 -0.0021390289233134806 0.075894567246600514 0.004301424816073162 -0.0012812241118331136 0.133517378045137 -0.021123386952780814 0.020089023697262006 -0.0070126817200720131 -0.010889477534877909 0.24463961180272276 0.09580402603648977 0.019815443068771272 -0.059780546958478314 0.46446588910236786 -0.019536398086827344 0.0050987707937296955 0.013781934160073301 -0.083732103001613517 0.069832377381208927 0.060047966686542144 0.018424485147165191 -0.012118695412664277 -0.00021389921279221081 -5.2055855031188154e-05 0.10115820751950085
leaf_weight=760 239 440 37 162 25 120 25 38 502 29 1414 26 36 27 38 33 38 719 27 103 27 35 70 37 29 37 1076 375 73 30
leaf_count=760 239 440 37 162 25 120 25 38 502 29 1414 26 36 27 38 33 38 719 27 103 27 35 70 37 29 37 1076 375 73 30
internal_value=-0.000861196 -0.000693252 -0.000602595 0.00152889 0.00622222 -0.000691213 -0.000367337 -0.000454907 0.00117895 0.00723529 -0.00147998 0.000488293 0.004375 0.00588679 0.00181132 0.00806667 -0.000803337 -0.00152419 -0.000353707 0.00286076 0.00989091 -0.00118301 0.00230232 -0.000144786 0.00775385 -0.001 -0.000875337 0.00143411 0.00468468 0.000541871
internal_weight=6627 5867 5628 224 62 5404 3832 3780 664 67 1572 597 95 52 158 59 3116 1487 768 157 54 611 171 1629 64 107 1114 515 110 405
internal_count=6627 5867 5628 224 62 5404 3832 3780 664 67 1572 597 95 52 158 59 3116 1487 768 157 54 611 171 1629 64 107 1114 515 110 405
is_linear=0
shrinkage=0.04


Tree=71
num_leaves=31
num_cat=0
split_feature=14 8 2 4 5 5 13 7 4 2 10 9 15 3 9 0 2 2 2 8 14 5 0 6 7 0 11 14 6 14
split_gain=0.993769 1.11027 1.02537 1.28389 1.20041 2.21416 1.07782 1.10593 1.6571 2.1079 1.21168 2.47078 1.0617 1.67829 0.984003 1.66815 0.964689 0.947184 0.825396 2.43607 4.63181 2.09258 1.11309 0.792292 0.935287 1.35476 0.835768 3.71945 0.787266 0.715242
threshold=160.50000000000003 0.75000000000000011 20.650000000000002 13.550000000000002 32.500000000000007 15.550000000000002 4.3500000000000005 2.8104166666666672 2.4500000000000006 1.4500000000000002 3.2500000000000004 81.500000000000014 1.0000000180025095e-35 9.7500000000000018 65.500000000000014 2.3500000000000001 12.450000000000001 2.5500000000000003 5.2500000000000009 6.9500000000000011 110.50000000000001 10.15 8.7500000000000018 3.1333333333333324 8.6687500000000011 14.850000000000003 16.750000000000004 188.50000000000003 2.3333333333333299 348.50000000000006
decision_type=2 2 2 2 2 2 2 2 2 2 2 2 2 2 2 2 2 2 2 2 2 2 2 2 2 2 2 2 2 2
left_child=1 -1 3 6 5 -4 23 8 10 -10 -8 28 14 -14 15 -9 -17 -3 19 21 -21 -19 -20 -2 25 26 -25 -28 -12 -5
right_child=2 17 4 29 -6 -7 7 12 9 -11 11 -13 13 -15 -16 16 -18 18 22 20 -22 -23 -24 24 -26 -27 27 -29 -30 -31
leaf_value=0.081213409125620195 -0.058041117867763968 -0.056383025392004175 -0.0022293331534956572 -0.065100331373651357 -0.0275255073897736 0.33956016879420986 -0.039711940451368312 0.028884052448972547 0.0047391120038792322 0.05681706390568305 0.012609341821942911 0.041079337324234182 0.0016399247743734394 0.11945993697590324 -0.0084851080265849286 -0.00098539408298545694 0.040289124270864146 -0.030662188306497005 -0.051273036034458042 0.43619480637829056 -0.049192752035566986 0.062298760563654305 -0.0058179548277667971 -0.0082513727589821062 -0.026942683621230569 0.18274411734105073 0.15139980091141239 -0.00062257371534100027 -0.11908773570095338 0.052682781562237775
leaf_weight=32 436 458 49 361 37 37 82 26 27 32 32 25 91 30 840 300 37 470 676 42 49 30 650 1062 417 28 43 166 36 26
leaf_count=32 436 458 49 361 37 37 82 26 27 32 32 25 91 30 840 300 37 470 676 42 49 30 650 1062 417 28 43 166 36 26
internal_value=-0.000824986 -0.00147342 -0.000454869 -0.000563203 0.00312903 0.00570115 -0.000334143 0.000466965 0.00299574 0.00873333 0.00102273 0.00412766 1.81123e-05 0.00357377 -0.000342194 0.0013956 0.000627218 -0.00157408 -0.00118248 6.08099e-05 0.00604348 -0.00103793 -0.00173625 -0.000914074 -0.000526501 3.07597e-06 -0.000191825 0.00211428 0.000115941 -0.00275258
internal_weight=6627 2407 4220 4097 123 86 3710 1558 234 59 175 93 1324 121 1203 363 337 2375 1917 591 91 500 1326 2152 1716 1299 1271 209 68 387
internal_count=6627 2407 4220 4097 123 86 3710 1558 234 59 175 93 1324 121 1203 363 337 2375 1917 591 91 500 1326 2152 1716 1299 1271 209 68 387
is_linear=0
shrinkage=0.04


Tree=72
num_leaves=31
num_cat=0
split_feature=14 8 2 5 5 7 11 5 2 0 11 11 12 15 9 5 11 19 3 7 5 9 7 4 14 14 17 7 8 5
split_gain=1.05967 1.12035 1.02537 1.20041 2.21416 1.16181 1.1442 2.11159 0.908426 0.780969 0.769092 1.2999 0.753751 0.738688 0.732973 0.725414 0.896088 2.65051 0.793319 0.806807 1.49656 0.798545 0.703878 1.15494 1.60653 1.0376 1.89859 0.970545 0.953876 0.652607
threshold=160.50000000000003 0.75000000000000011 20.650000000000002 32.500000000000007 15.550000000000002 8.6687500000000011 -0.54999999999999993 10.950000000000001 2.5500000000000003 13.850000000000003 10.350000000000003 12.350000000000003 86.500000000000014 1.0000000180025095e-35 105.50000000000001 7.4500000000000011 0.55000000000000016 -1.0000000180025095e-35 3.9500000000000006 13.614583333333334 12.250000000000002 70.500000000000014 6.1062500000000011 4.0500000000000007 34.500000000000007 127.50000000000001 -1.0000000180025095e-35 4.3520833333333346 5.6500000000000012 8.2500000000000018
decision_type=2 2 2 2 2 2 2 2 2 2 2 2 2 2 2 2 2 2 2 2 2 2 2 2 2 2 2 2 2 2
left_child=1 -1 5 4 -4 6 7 -2 -3 14 -7 -12 15 -13 -8 22 17 -17 21 29 -21 -18 23 -10 -25 26 27 -26 -29 -20
right_child=2 8 3 -5 -6 10 9 -9 12 -11 11 13 -14 -15 -16 16 18 -19 19 20 -22 -23 -24 24 25 -27 -28 28 -30 -31
leaf_value=0.077964872760595369 -0.037633007086140473 -0.054127704376324033 -0.0021401598273558288 -0.026424487094182589 0.32597776204244155 -0.069369700315879315 0.0016035635103845861 0.031735684667434989 -0.050303490290963017 0.15806606748391902 0.11279993889800763 -0.01751496581958675 -0.098359970676250963 0.029666328359050951 -0.053235468137192016 -0.053352374366639838 -0.013063195591539725 0.025385882861336896 0.011706349926605027 0.51440778395525388 -0.0073513321730152075 0.13306378237209476 -0.043394958890847289 -0.11791535118346136 0.045613898432529131 -0.020270474190946249 0.049854153174301155 -0.12429339861205582 0.13791184089033506 -0.030065767332185179
leaf_weight=32 574 458 49 37 37 222 2317 27 258 41 28 745 281 41 102 26 27 26 70 33 123 32 431 76 29 72 39 48 37 309
leaf_count=32 574 458 49 37 37 222 2317 27 258 41 28 745 281 41 102 26 27 26 70 33 123 32 431 76 29 72 39 48 37 309
internal_value=-0.000837056 -0.00150665 -0.000454869 0.00312903 0.00570115 -0.000563203 -0.000171131 -0.00173422 -0.00160775 0.000211295 -0.00172035 -0.00114847 -0.00122419 -0.00145362 0.000117354 -0.00089432 0.000148376 0.00513207 -0.000295799 -0.000783583 0.00163057 0.00406667 -0.00157417 -0.000635715 0.00104636 0.00274336 0.0045974 0.00194783 -0.000232559 -0.00177895
internal_weight=6627 2407 4220 123 86 4097 3061 601 2375 2460 1036 814 1917 786 2419 1636 646 52 594 535 156 59 990 559 301 225 153 114 85 379
internal_count=6627 2407 4220 123 86 4097 3061 601 2375 2460 1036 814 1917 786 2419 1636 646 52 594 535 156 59 990 559 301 225 153 114 85 379
is_linear=0
shrinkage=0.04


Tree=73
num_leaves=31
num_cat=0
split_feature=14 1 11 5 7 1 6 19 3 7 4 12 14 11 1 12 10 10 17 11 7 7 5 12 7 11 17 7 7 5
split_gain=1.15753 1.34694 0.941795 1.80836 0.862798 1.19492 1.13658 1.2148 1.20624 1.7284 1.52718 0.798808 0.908739 1.19352 0.782374 0.68931 0.682435 0.743257 1.49966 3.75061 4.34884 2.74803 1.88126 1.85184 1.28876 1.39524 0.918293 0.880337 1.67556 1.86047
threshold=160.50000000000003 0.75000000000000011 -0.54999999999999993 13.15 8.5687500000000032 13.850000000000003 9.5583333333333353 0.6078576107927941 18.250000000000004 11.058333333333335 8.5500000000000025 50.500000000000007 302.50000000000006 19.850000000000005 2.3500000000000001 87.500000000000014 18.850000000000005 11.450000000000001 0.60355339059327384 5.1500000000000012 3.6854166666666672 4.4229166666666675 6.6500000000000012 68.500000000000014 5.2812500000000009 20.850000000000005 0.37940952255126054 2.839583333333334 2.1229166666666672 4.1500000000000012
decision_type=2 2 2 2 2 2 2 2 2 2 2 2 2 2 2 2 2 2 2 2 2 2 2 2 2 2 2 2 2 2
left_child=1 -1 3 -2 5 16 -6 11 9 10 -9 12 13 -8 -3 -16 17 18 27 20 23 -22 -23 -20 -19 26 -26 28 -4 -30
right_child=2 14 4 -5 6 -7 7 8 -10 -11 -12 -13 -14 -15 15 -17 -18 24 19 -21 21 22 -24 -25 25 -27 -28 -29 29 -31
leaf_value=0.045974698236117523 -0.034721630700420877 -0.0686524913675568 -0.037908199358986615 0.020411659220283825 -0.030238503339362212 0.2741934783584013 0.15721830715954502 -0.0098586605671702344 0.55244064883391841 -0.10401727781639697 0.11531636058602869 -0.018109055654150545 -0.055736166019012441 0.01440054293449505 -0.010307498453205777 -0.099169112519081878 0.12560966379388638 -0.040227383130857747 0.022580070595598939 -0.0024924475494469988 0.28515575377320174 -0.050979375991908368 0.19984704603738188 -0.014307155448774561 0.0097754572391438727 0.077427994395894248 -0.027174313967277978 -0.0070420609030770256 0.040556885973076495 -0.049897331197265617
leaf_weight=35 618 378 97 25 408 34 32 25 31 57 42 332 106 109 1746 248 44 204 25 318 31 25 36 75 68 27 109 1184 117 41
leaf_count=35 618 378 97 25 408 34 32 25 31 57 42 332 106 109 1746 248 44 204 25 318 31 25 36 75 68 27 109 1184 117 41
internal_value=-0.000873266 -0.00157309 -0.000473822 -0.00188199 -0.000220236 0.000205254 -0.00112686 -0.000185035 0.00294872 0.001152 0.00547059 -0.00102759 0.000693547 0.00278873 -0.001689 -0.00137143 9.82505e-05 5.08811e-06 0.000330255 0.00219178 0.00659067 0.0128172 0.00767742 0.000792078 -0.00154523 0.000702438 -0.000606743 -0.000330557 0.00179687 0.00432704
internal_weight=6627 2407 4220 643 3577 2435 1142 734 155 124 67 579 247 141 2372 1994 2401 2357 1949 510 192 92 61 100 408 204 177 1439 255 158
internal_count=6627 2407 4220 643 3577 2435 1142 734 155 124 67 579 247 141 2372 1994 2401 2357 1949 510 192 92 61 100 408 204 177 1439 255 158
is_linear=0
shrinkage=0.04


Tree=74
num_leaves=31
num_cat=0
split_feature=14 5 11 9 0 11 5 10 7 11 11 9 13 10 12 2 0 8 11 12 4 14 5 12 0 6 13 2 10 13
split_gain=1.14256 0.882467 0.92913 1.04795 0.973766 0.661657 1.02556 1.18057 0.859068 0.802887 0.96785 2.42584 1.51179 0.711779 0.904096 1.13067 1.1162 2.47707 1.43798 1.02572 0.969197 1.11706 2.29657 0.836171 1.21987 1.30925 1.20114 1.0025 1.48776 2.06311
threshold=160.50000000000003 6.2500000000000009 0.45000000000000007 66.500000000000014 1.0500000000000003 1.1500000000000001 10.65 9.5500000000000025 7.4895833333333348 26.950000000000003 25.050000000000004 84.500000000000014 5.5500000000000007 0.55000000000000016 47.500000000000007 20.150000000000002 2.8500000000000001 1.7500000000000002 20.050000000000004 46.500000000000007 5.0500000000000007 287.50000000000006 4.4500000000000011 84.500000000000014 6.4500000000000011 2.9333333333333296 2.6500000000000008 2.3500000000000001 3.3500000000000001 4.0500000000000007
decision_type=2 2 2 2 2 2 2 2 2 2 2 2 2 2 2 2 2 2 2 2 2 2 2 2 2 2 2 2 2 2
left_child=1 -1 3 -3 -4 6 -2 -8 -9 10 13 -12 -13 -7 15 16 17 -15 -19 -18 21 23 -23 27 25 -25 -26 28 -16 -30
right_child=5 2 4 -5 -6 9 7 8 -10 -11 11 12 -14 14 20 -17 19 18 -20 -21 -22 22 -24 24 26 -27 -28 -29 29 -31
leaf_value=-0.04385534224371538 -0.023397147435442134 -0.025348963051650235 0.089269675028745735 0.013417108984451268 -0.0082028302099704572 -0.050899858093369443 -0.060918554709450713 0.059986667033427823 0.0012058947638443509 -0.027073096563133274 -0.019222366020141508 0.070663732418106848 0.028481870487281402 -0.085403878624105881 -0.071780404692781297 0.19826374510007017 -0.0040235723481100256 0.047807139509749963 0.011646104700852975 0.051004545814270247 -0.0089827787029484584 -0.046747981406130963 0.1643677720024071 0.10561457717338833 0.013227384634453667 -0.07575977840735601 0.1461576316602948 -0.011023613088306806 -0.020510544520598521 0.040487977581135925
leaf_weight=1404 858 31 26 34 912 129 27 25 29 304 61 38 38 59 46 31 446 42 31 33 1100 54 44 26 56 65 40 521 33 84
leaf_count=1404 858 31 26 34 912 129 27 25 29 304 61 38 38 59 46 31 446 42 31 33 1100 54 44 26 56 65 40 521 33 84
internal_value=-0.000861196 -0.00155648 -0.000649403 0.00393939 -0.000971247 -0.000464346 -0.0014 0.00287805 0.00625454 -0.000196223 4.0286e-06 0.00327536 0.008 -0.000154876 -1.62251e-05 0.00129393 0.000908496 0.00415037 0.00902703 8.33238e-06 -0.000423189 0.000498968 0.00452525 4.12835e-05 0.00240425 -0.000913044 0.00552577 -0.0006073 0.00212195 0.00450847
internal_weight=6627 2407 1003 65 938 4220 939 81 54 3281 2977 137 76 2840 2711 642 611 132 73 479 2069 969 98 871 187 91 96 684 163 117
internal_count=6627 2407 1003 65 938 4220 939 81 54 3281 2977 137 76 2840 2711 642 611 132 73 479 2069 969 98 871 187 91 96 684 163 117
is_linear=0
shrinkage=0.04


Tree=75
num_leaves=31
num_cat=0
split_feature=5 6 9 12 18 5 3 7 7 9 12 15 6 19 16 1 20 20 9 16 3 13 0 3 4 3 13 19 11 9
split_gain=0.809143 1.30937 1.04172 1.04671 1.21444 1.31985 1.01323 0.962934 2.06857 1.16266 1.30425 0.93267 0.960641 1.27855 1.21742 0.927966 1.57626 0.893946 0.810059 0.799513 0.617514 1.107 1.60856 0.730208 0.660602 0.674803 0.876951 0.658358 0.65358 0.591417
threshold=3.9500000000000006 0.89999999999999891 47.500000000000007 72.500000000000014 0.60355339059327384 0.75000000000000011 12.750000000000002 5.0354166666666682 4.3104166666666677 85.500000000000014 52.500000000000007 1.0000000180025095e-35 4.3333333333333313 -0.8783796973249266 727.50000000000011 2.9500000000000006 -0.22252093395631442 0.81174490092936691 43.500000000000007 27.500000000000004 20.450000000000003 2.7500000000000004 48.400000000000013 24.250000000000004 12.950000000000001 2.3500000000000001 14.950000000000001 -1.0000000180025095e-35 30.350000000000005 54.500000000000007
decision_type=2 2 2 2 2 2 2 2 2 2 2 2 2 2 2 2 2 2 2 2 2 2 2 2 2 2 2 2 2 2
left_child=1 -1 19 4 5 -4 7 8 9 29 -11 18 13 -13 17 -15 -17 -14 -2 -3 24 22 -22 -23 25 27 -27 -20 -26 -7
right_child=11 2 3 -5 -6 6 -8 -9 -10 10 -12 12 14 15 -16 16 -18 -19 20 -21 21 23 -24 -25 28 26 -28 -29 -30 -31
leaf_value=0.03742905926799351 -0.028321001792754447 0.027753444486630634 0.023108048047766862 -0.063143510480248327 -0.052099868891549501 0.011312410947829482 0.079521730578167263 -0.060191771412180337 0.08511371104034815 -0.0015648103960044044 0.030771853877121762 0.11688162252066522 -0.053154402433676883 -0.022498517603889403 0.1025713975523259 -0.017544566833161572 0.049869864574859313 0.076182333407381106 -0.0032031580226176233 -0.00098798159894375437 0.17183380183931288 0.012936238020329716 -0.20812598310919936 -0.042100029293570006 -0.031228677341703301 -0.0023170634009170637 0.23453063668258803 -0.032659970876084889 0.19137997121794947 -0.05460630810914717
leaf_weight=42 263 36 28 940 582 27 40 176 49 46 27 28 215 56 32 31 34 37 162 75 45 41 26 91 487 2466 36 245 32 193
leaf_count=42 263 36 28 940 582 27 40 176 49 46 27 28 215 56 32 31 34 37 162 75 45 41 26 91 487 2466 36 245 32 193
internal_value=-0.000909395 -0.00152255 -0.00165586 -0.00185491 -0.00105389 0.000231686 -0.000200359 -0.000678228 0.000559766 -0.000721089 0.00362162 -0.000588726 0.00117051 0.00376 -0.000196492 0.00193443 0.00515151 -0.00113834 -0.000784597 0.00210714 -0.000628856 0.0015098 0.0055 -0.000661655 -0.000755906 -0.000520963 -0.000274871 -0.00202941 -0.00206923 -0.00217195
internal_weight=6588 2261 2219 2108 1168 586 558 518 342 293 73 4327 433 149 284 121 65 252 3894 111 3631 203 71 132 3428 2909 2502 407 519 220
internal_count=6588 2261 2219 2108 1168 586 558 518 342 293 73 4327 433 149 284 121 65 252 3894 111 3631 203 71 132 3428 2909 2502 407 519 220
is_linear=0
shrinkage=0.04


Tree=76
num_leaves=31
num_cat=0
split_feature=14 1 11 10 13 5 5 16 10 9 14 8 2 12 13 19 4 11 19 12 9 18 7 12 8 19 12 16 12 19
split_gain=1.21512 1.36931 0.950173 0.958829 1.04869 0.86705 0.864341 2.53085 1.05317 1.32983 0.96747 0.96041 4.29767 0.875712 1.43138 1.65102 0.831887 0.815738 1.97914 0.756402 1.48104 0.652861 2.19585 1.51029 1.0333 1.92815 0.983731 1.35993 0.650965 0.650687
threshold=178.50000000000003 40.350000000000009 1.0500000000000003 0.95000000000000007 2.2500000000000004 13.550000000000002 6.3500000000000005 27.500000000000004 1.2500000000000002 84.500000000000014 268.50000000000006 10.15 6.9500000000000011 74.500000000000014 6.6500000000000012 -1.0000000180025095e-35 3.2500000000000004 -3.7499999999999996 1.0000000180025095e-35 70.500000000000014 65.500000000000014 1.0000000180025095e-35 6.4312500000000012 70.500000000000014 8.6500000000000004 1.0000000180025095e-35 47.500000000000007 52.500000000000007 29.500000000000004 -0.8783796973249266
decision_type=2 2 2 2 2 2 2 2 2 2 2 2 2 2 2 2 2 2 2 2 2 2 2 2 2 2 2 2 2 2
left_child=17 2 5 -4 -5 19 7 -6 9 -9 11 12 13 14 15 -10 -16 18 -1 20 -2 24 23 -23 -8 -26 -27 -28 -12 -24
right_child=1 -3 3 4 6 -7 21 8 10 -11 28 -13 -14 -15 16 -17 -18 -19 -20 -21 -22 22 29 -25 25 26 27 -29 -30 -31
leaf_value=-0.0091370749297078821 0.028839381541282291 0.12569350987353453 -0.044668844104279619 -0.011072253606080648 0.11928275577365623 0.021789116753995801 -0.01877126239338265 0.003460541831762511 0.0016611822838379648 0.10305516033717989 0.0088211448052007563 -0.029843438639988198 0.068903476646912903 -0.016580811281373266 0.03234216659069504 0.04024338328791769 -0.086240886376970236 -0.020500093851212091 0.027596258906795641 -0.047777020220151609 -0.023628222081592445 0.0039687646843050706 0.019887811152170021 0.48393653608148596 -0.015521122560628953 0.13497927606239096 0.14582085734019148 -0.023976767123890075 -0.010075935433806671 -0.007634447664915358
leaf_weight=86 34 34 444 618 26 32 236 29 30 32 27 56 26 95 62 32 51 3185 39 472 150 31 37 26 175 25 49 46 216 187
leaf_count=86 34 34 444 618 26 32 236 29 30 32 27 56 26 95 62 32 51 3185 39 472 150 31 37 26 175 25 49 46 216 187
internal_value=-0.000872971 -0.00032693 -0.000411711 -5.63169e-05 0.0002991 -0.00173004 0.00087224 0.00192094 0.00142466 0.0063871 0.000906039 0.00224363 0.00315151 0.00162362 0.00329545 0.00812698 0.00059649 -0.00141347 0.00174603 -0.00204566 0.000129729 -9.84105e-06 0.0015461 0.00848276 -0.000834587 0.000743242 0.0046281 0.00270833 -0.00103279 -0.00024889
internal_weight=6588 3278 3244 2556 2112 688 1494 682 656 61 595 352 296 270 175 62 113 3310 125 656 184 812 281 57 531 295 120 95 243 224
internal_count=6588 3278 3244 2556 2112 688 1494 682 656 61 595 352 296 270 175 62 113 3310 125 656 184 812 281 57 531 295 120 95 243 224
is_linear=0
shrinkage=0.04


Tree=77
num_leaves=31
num_cat=0
split_feature=14 1 11 10 10 11 5 12 13 13 10 5 17 5 18 12 3 17 4 8 10 14 1 4 11 3 1 0 4 18
split_gain=0.935289 1.38205 0.950286 0.845097 0.778282 0.766694 1.39482 0.754019 0.725936 1.20882 1.77226 1.82682 1.14357 0.752621 1.23939 1.21177 1.03915 0.995634 1.45433 1.66578 0.812151 0.736096 0.697421 0.695294 0.907868 1.284 0.638522 1.36943 0.965361 0.838001
threshold=178.50000000000003 40.350000000000009 1.5500000000000003 0.95000000000000007 22.450000000000003 -3.7499999999999996 12.15 70.500000000000014 2.2500000000000004 2.9500000000000006 7.1500000000000012 6.2500000000000009 0.37940952255126054 5.8500000000000005 -0.3794095225512602 54.500000000000007 0.8500000000000002 1.0000000180025095e-35 3.0500000000000003 8.7500000000000018 1.2500000000000002 337.50000000000006 3.5500000000000003 2.0500000000000003 -6.3499999999999988 4.8500000000000005 15.050000000000002 12.15 9.1500000000000004 1.0000000180025095e-35
decision_type=2 2 2 2 2 2 2 2 2 2 2 2 2 2 2 2 2 2 2 2 2 2 2 2 2 2 2 2 2 2
left_child=5 2 4 -4 7 6 -1 23 -5 10 -10 -12 -13 14 17 20 -17 22 -19 -20 -16 26 -11 -2 25 -25 27 29 -29 -15
right_child=1 -3 3 8 -6 -7 -8 -9 9 13 11 12 -14 21 15 16 -18 18 19 -21 -22 -23 -24 24 -26 -27 -28 28 -30 -31
leaf_value=-0.0013291796931951326 0.018891779806194428 0.1206657694785932 -0.042882090340108439 -0.0091455166814613902 0.011311970137054921 -0.019680090097163636 0.020485745434862621 -0.04062235703675908 -0.025101994145899937 0.034993580577848786 0.13408334733273858 0.13533416219554331 -0.0039219753233185788 -0.012439915532976489 0.098802049351272334 0.036911122765982629 -0.057866609951780355 0.0074451330560569573 0.045293495896631362 0.031479859683380108 0.0036116241406062362 0.25159591098241052 -0.040439878246287718 -0.035063424640048135 -0.048802764825551237 0.029212498288968217 -0.037143337745072252 -0.0071876151463473757 0.066499619195403356 0.0037734770941989554
leaf_weight=100 41 34 444 585 42 3185 25 511 57 33 31 37 47 340 43 28 130 53 26 25 164 41 31 32 95 27 127 27 44 183
leaf_count=100 41 34 444 585 42 3185 25 511 57 33 31 37 47 340 43 28 130 53 26 25 164 41 31 32 95 27 127 27 44 183
internal_value=-0.000842617 -0.000363526 -0.000448691 -7.36894e-05 -0.00169827 -0.00131682 0.00174603 -0.00201415 0.000268874 0.000743868 0.00388439 0.00672414 0.00357647 0.000324073 0.00147565 0.000163933 -0.00246541 0.00430769 0.00670476 0.0114615 0.00217308 -0.000482308 0.00036923 0.00010204 -0.00113548 0.00273333 -0.000781164 -0.000228572 0.00494444 -0.000938932
internal_weight=6588 3278 3244 2496 748 3310 125 706 2052 1467 172 115 84 1295 533 365 158 168 104 51 207 762 64 195 154 59 721 594 71 523
internal_count=6588 3278 3244 2496 748 3310 125 706 2052 1467 172 115 84 1295 533 365 158 168 104 51 207 762 64 195 154 59 721 594 71 523
is_linear=0
shrinkage=0.04


Tree=78
num_leaves=31
num_cat=0
split_feature=14 1 5 13 0 5 10 11 11 9 14 13 11 19 14 9 19 9 1 9 3 7 13 20 4 4 9 11 1 0
split_gain=0.737941 1.67393 0.868902 0.889076 1.38239 3.68056 1.38631 0.790253 0.737881 1.04999 0.862698 1.39583 0.734533 0.688529 0.626266 0.612381 0.594193 1.29133 1.10444 1.12547 0.903102 0.851088 2.97498 0.997101 1.7088 0.7279 0.610006 1.12148 0.581842 0.581192
threshold=182.50000000000003 40.350000000000009 3.9500000000000006 2.3500000000000001 5.7500000000000009 9.4500000000000011 4.8500000000000005 -3.0499999999999994 1.4500000000000002 49.500000000000007 188.50000000000003 3.2500000000000004 -5.8499999999999988 0.6078576107927941 186.50000000000003 44.500000000000007 1.0000000180025095e-35 118.50000000000001 6.2500000000000009 56.500000000000007 1.5500000000000003 5.4229166666666675 5.1500000000000012 1.0000000180025095e-35 9.0500000000000025 3.8500000000000001 55.500000000000007 5.6500000000000012 0.65000000000000002 1.1500000000000001
decision_type=2 2 2 2 2 2 2 2 2 2 2 2 2 2 2 2 2 2 2 2 2 2 2 2 2 2 2 2 2 2
left_child=2 8 28 4 5 6 -4 12 9 -2 11 14 -6 -8 -10 -12 18 26 19 -5 -21 22 25 24 -23 -22 27 -18 -1 -17
right_child=1 -3 3 16 7 -7 13 -9 10 -11 15 -13 -14 -15 -16 29 17 -19 -20 20 21 23 -24 -25 -26 -27 -28 -29 -30 -31
leaf_value=0.028572752526201714 0.020261804684890423 0.12592946722107717 0.42087909194355211 -0.069792891967418141 -0.0092694185577518653 0.053032824415446211 -0.027815042154580888 -0.018434217745435102 0.087378481785168521 -0.028147376587395856 -0.016024145746518587 -0.0024543489463910145 0.02640931877338501 0.10042959964834941 0.15534710519336672 -0.079969118314092258 0.063200736754175979 0.21145617837455358 -0.015452192409183996 -0.033105939574463922 -0.016561161826229999 -0.004432743559086412 0.16655100616922514 -0.039376478859171823 0.28375169450343141 0.052979946789826683 -0.031810455256038657 -0.049333164554051998 -0.053309704750332684 -0.00062159667171409795
leaf_weight=25 36 26 33 61 34 32 88 318 42 559 167 183 25 30 28 102 28 26 606 37 44 59 46 87 39 25 653 68 1320 1761
leaf_count=25 36 26 33 61 34 32 88 318 42 559 167 183 25 30 28 102 28 26 606 37 44 59 46 87 39 25 653 68 1320 1761
internal_value=-0.000909395 -0.000432359 -0.00128521 -0.000818804 0.000570409 0.00341304 0.000763157 -0.000814816 -0.000525183 -0.00177852 -0.000197899 0.002 0.0034 -0.00127731 0.00676056 -0.000472675 -0.00125618 -0.00208763 -0.000612936 0.00102256 0.00192899 0.00265781 0.00534483 0.000967741 0.00371717 5.71419e-05 -0.00239467 0.000577319 -0.0020951 -0.000263949
internal_weight=6588 2904 3684 2339 560 183 151 377 2878 595 2283 253 59 118 70 2030 1779 775 1004 398 337 300 115 185 98 69 749 96 1345 1863
internal_count=6588 2904 3684 2339 560 183 151 377 2878 595 2283 253 59 118 70 2030 1779 775 1004 398 337 300 115 185 98 69 749 96 1345 1863
is_linear=0
shrinkage=0.04


Tree=79
num_leaves=31
num_cat=0
split_feature=3 7 12 10 11 18 0 7 8 11 10 7 9 10 5 5 13 18 2 7 6 11 19 0 10 9 3 7 5 2
split_gain=0.747121 1.19914 0.820352 2.32664 0.927303 1.00417 1.64783 0.871318 1.24534 1.33733 1.59411 4.00349 1.04937 1.89122 1.63632 1.51507 1.29428 1.18655 1.08439 1.31533 1.30777 0.996949 0.937903 2.00254 0.937503 2.89007 0.912573 0.888009 0.628468 0.627044
threshold=2.3500000000000001 1.4020833333333338 47.500000000000007 0.95000000000000007 31.150000000000002 0.78656609248549303 2.0500000000000003 8.5687500000000032 3.3500000000000001 5.7500000000000009 3.2500000000000004 4.7770833333333345 72.500000000000014 7.8500000000000005 7.3500000000000005 6.3500000000000005 2.8500000000000001 0.25881904510252057 4.9500000000000011 6.3875000000000011 3.7999999999999967 9.9500000000000011 -1.0000000180025095e-35 4.8500000000000005 13.050000000000002 53.500000000000007 11.850000000000003 5.9854166666666684 7.2500000000000009 4.7500000000000009
decision_type=2 2 2 2 2 2 2 2 2 2 2 2 2 2 2 2 2 2 2 2 2 2 2 2 2 2 2 2 2 2
left_child=1 -1 3 -2 5 6 -5 8 28 10 11 -10 13 14 18 -15 17 -17 20 -20 -12 -9 23 -14 26 -26 -11 -19 -4 -23
right_child=2 -3 7 4 -6 -7 -8 21 9 24 12 -13 22 15 -16 16 -18 27 19 -21 -22 29 -24 -25 25 -27 -28 -29 -30 -31
leaf_value=0.010857904137755878 -0.030919482676234848 -0.031631154860285074 -0.067557560638373731 0.067701375612672671 0.12147970253087946 -0.036528141735692882 0.009927455703837549 -0.056768412978221758 0.53704623891893777 -0.018334655363011858 -0.0038627864381224897 -0.05209270648687684 0.032859084611971609 -0.024199429336870679 0.085627749477050957 0.0057026868157053897 -0.0081787973372096159 0.068693637455359988 -0.042781163788484892 0.045734313237578067 0.052183389294295272 0.038491826960961172 -0.045297550904630023 -0.010048951249162335 -0.11526406609253152 0.40918000113430952 0.060099384906461897 0.037364970307916884 0.0037647964479763959 -0.0060948661834701609
leaf_weight=48 634 1006 585 33 59 209 698 484 26 648 39 31 37 410 42 118 87 25 97 38 55 26 196 90 50 28 25 25 112 627
leaf_count=48 634 1006 585 33 59 209 698 484 26 648 39 31 37 410 42 118 87 25 97 38 55 26 196 90 50 28 25 25 112 627
internal_value=-0.000897254 -0.00187299 -0.000711112 4.16147e-05 0.001244 0.000935174 0.00163388 -0.00102614 -0.000642316 -0.000148937 0.000619589 0.00710345 0.000320634 0.000998932 0.00380882 -0.000150151 0.00226562 0.00430769 0.00245217 0.000147058 0.00572631 -0.00195782 -0.00164198 0.00103125 -0.00149468 0.00263291 -0.00197626 0.00941176 -0.00210315 -0.000935781
internal_weight=6588 1054 5534 1633 999 940 731 3901 2764 2067 1316 57 1259 936 271 665 255 168 229 135 94 1137 323 127 751 78 673 50 697 653
internal_count=6588 1054 5534 1633 999 940 731 3901 2764 2067 1316 57 1259 936 271 665 255 168 229 135 94 1137 323 127 751 78 673 50 697 653
is_linear=0
shrinkage=0.04


Tree=80
num_leaves=31
num_cat=0
split_feature=12 10 20 13 1 2 20 13 18 4 6 12 7 17 7 12 13 13 13 13 4 7 7 17 7 13 4 2 19 10
split_gain=1.20507 1.32555 1.20902 0.897302 0.99717 1.19056 1.18714 1.82533 0.905201 1.45788 2.3828 1.61074 1.57804 0.746778 0.883316 2.489 1.02048 1.35681 0.714957 0.889795 0.634653 1.01999 0.751312 0.958023 0.609314 0.593553 0.573616 0.836013 0.602569 2.14446
threshold=49.500000000000007 1.0500000000000003 1.0000000180025095e-35 14.350000000000003 16.350000000000005 8.3500000000000032 -0.56174490092936669 3.4500000000000006 0.78656609248549303 4.8500000000000005 3.6333333333333324 39.500000000000007 6.5604166666666677 -0.70710678118654735 1.5145833333333336 75.500000000000014 8.9500000000000011 8.5500000000000025 4.5500000000000007 5.0500000000000007 13.050000000000002 10.135416666666668 5.2812500000000009 -0.60355339059327362 18.695833333333336 8.3500000000000032 2.3500000000000001 1.0500000000000003 -0.8783796973249266 4.9500000000000011
decision_type=2 2 2 2 2 2 2 2 2 2 2 2 2 2 2 2 2 2 2 2 2 2 2 2 2 2 2 2 2 2
left_child=1 -1 3 4 5 8 7 -6 9 -3 -11 -12 -13 24 15 -15 17 26 -4 -20 21 22 23 -21 -2 -10 27 -16 29 -28
right_child=13 2 18 -5 6 -7 -8 -9 25 10 11 12 -14 14 16 -17 -18 -19 19 20 -22 -23 -24 -25 -26 -27 28 -29 -30 -31
leaf_value=-0.018419245590731711 -0.048655374121371234 -0.00052075528606297834 -0.012732730752284318 0.14686309782753476 0.34042509194266002 -0.021789145022290866 -0.055714859099442161 0.011720162552830407 -0.031269492065022379 0.10657472362002932 -0.0089341316835027818 0.11167950232794596 0.0027483567457657334 0.049402612738740095 0.025192212332050445 -0.065742115624682504 -0.041898672727860554 0.054133567960366433 0.22872843220265174 0.066715562809101375 -0.11846624477751942 0.063851788039840568 -0.058505012464348853 -0.0015010904612943029 0.094058552905659509 0.032176714408824858 0.050646603050244404 -0.021194596558475266 -0.0075515023504824363 -0.0031779880110784169
leaf_weight=758 938 125 274 41 30 193 41 29 65 32 54 27 34 25 26 29 332 31 27 28 50 25 86 40 25 33 46 712 2151 333
leaf_count=758 938 125 274 41 30 193 41 29 65 32 54 27 34 25 26 29 332 31 27 28 50 25 86 40 25 33 46 712 2151 333
internal_value=-0.00086734 -4.41555e-05 0.000764372 0.00184964 0.00148795 0.000829786 0.00514851 0.00873333 0.00215633 0.00334066 0.00602703 0.00327586 0.00767742 -0.00122005 -0.000960392 0.00407273 -0.00103634 -0.000823031 -0.000677967 0.000840466 1.73904e-05 0.00113333 -0.000103227 0.00301449 -0.00221162 -0.00113131 -0.000903029 -0.00188363 -0.000616358 0.000852631
internal_weight=6640 1992 1234 704 663 563 100 59 370 272 147 115 61 4648 3685 54 3631 3299 530 256 229 179 154 68 963 98 3268 738 2530 379
internal_count=6640 1992 1234 704 663 563 100 59 370 272 147 115 61 4648 3685 54 3631 3299 530 256 229 179 154 68 963 98 3268 738 2530 379
is_linear=0
shrinkage=0.04


Tree=81
num_leaves=31
num_cat=0
split_feature=19 11 10 4 10 10 10 7 3 6 13 0 8 1 20 14 11 10 7 11 5 10 11 0 0 5 8 1 7 19
split_gain=0.818667 1.24765 1.2735 1.57279 1.24465 1.16233 1.39973 1.52141 1.14484 2.57329 1.68441 1.18529 1.92712 1.66261 0.955373 1.13394 1.54867 1.19261 0.936162 0.917099 1.72081 1.57257 1.00796 1.79151 1.42637 0.916256 0.93764 0.84693 0.819556 0.968844
threshold=-1.0000000180025095e-35 20.750000000000004 2.4500000000000006 2.8500000000000001 6.3500000000000005 5.7500000000000009 0.75000000000000011 2.1854166666666672 5.1500000000000012 4.7583333333333337 3.4500000000000006 2.2500000000000004 2.2500000000000004 0.95000000000000007 -0.22252093395631442 201.50000000000003 27.350000000000005 11.050000000000002 1.4020833333333338 0.65000000000000002 10.65 14.250000000000002 -0.54999999999999993 5.1500000000000012 3.8500000000000001 9.2500000000000018 6.1500000000000012 2.0500000000000003 6.2229166666666682 -0.60785761079279388
decision_type=2 2 2 2 2 2 2 2 2 2 2 2 2 2 2 2 2 2 2 2 2 2 2 2 2 2 2 2 2 2
left_child=5 4 3 -3 18 6 -1 -8 9 11 -11 12 13 -9 -4 16 17 -16 -2 20 22 -22 27 24 -24 26 -13 -6 -7 -30
right_child=1 2 14 -5 19 28 7 8 -10 10 -12 25 -14 -15 15 -17 -18 -19 -20 -21 21 -23 23 -25 -26 -27 -28 -29 29 -31
leaf_value=-0.077648356082200429 0.024096746694997548 0.059068518272769863 0.064466410116845674 -0.020797773537330987 0.19294404344331598 -0.017721292125792328 -0.072329275726650072 0.054617353227404096 0.00059030223109468789 0.41685092198196716 0.09818543046572209 -0.037987751478344947 0.07955469415449852 -0.0081316345126643715 -0.021308300903633427 -0.0098364880646723985 0.1887450130025784 0.051362629861703778 -0.042019055470380158 -0.013980493110878829 0.034355926686594866 -0.00038039783499007191 0.0051492914088233071 -0.012167667948128685 0.025400059625053342 0.46266599462604041 0.11360661838583168 -0.026632231733225546 -0.010347440518167385 0.013578618210387241
leaf_weight=224 27 25 70 476 26 783 115 34 548 27 48 145 29 106 78 117 31 25 1289 1167 29 28 29 61 28 37 55 234 515 234
leaf_count=224 27 25 70 476 26 783 115 34 548 27 48 145 29 106 78 117 31 25 1289 1167 29 28 29 61 28 37 55 234 515 234
internal_value=-0.000849271 -0.00124031 0.000136087 -0.00112351 -0.00162796 -0.00034471 0.000502556 0.00106899 0.00155728 0.00297925 0.00973684 0.00171007 0.00425882 0.0022695 0.00209938 0.000936507 0.00343704 0.00103846 -0.0025391 -0.000878354 0.000688072 0.00710345 -0.000295515 0.0027563 0.0077931 -0.000117648 -0.00119403 -0.00168582 -0.00110111 -0.000154668
internal_weight=6640 3740 822 501 2918 2900 1368 1144 1029 481 75 406 169 140 321 251 134 103 1316 1602 435 57 378 118 57 237 200 260 1532 749
internal_count=6640 3740 822 501 2918 2900 1368 1144 1029 481 75 406 169 140 321 251 134 103 1316 1602 435 57 378 118 57 237 200 260 1532 749
is_linear=0
shrinkage=0.04


Tree=82
num_leaves=31
num_cat=0
split_feature=12 18 18 5 9 5 13 13 9 13 3 16 9 3 19 10 5 13 12 15 7 7 11 17 10 3 3 11 3 9
split_gain=0.848264 1.19454 0.753479 0.696019 2.05432 0.843245 1.04741 1.05815 0.940999 0.664488 0.877084 1.44509 1.84933 1.10638 1.30678 1.21411 1.17896 0.717138 0.598509 0.86899 0.81 1.70078 3.4602 1.92123 0.803224 0.669141 2.25284 0.576692 0.549808 0.540118
threshold=49.500000000000007 -0.9159756150367534 0.60355339059327384 0.75000000000000011 76.500000000000014 3.1500000000000008 8.9500000000000011 8.4500000000000011 46.500000000000007 2.0500000000000003 5.0500000000000007 422.50000000000006 93.500000000000014 3.2500000000000004 0.6078576107927941 4.2500000000000009 5.1500000000000012 2.9500000000000006 90.500000000000014 1.0000000180025095e-35 6.6770833333333339 4.6187500000000012 4.6500000000000012 0.60355339059327384 22.450000000000003 20.450000000000003 24.800000000000004 17.650000000000002 13.850000000000003 81.500000000000014
decision_type=2 2 2 2 2 2 2 2 2 2 2 2 2 2 2 2 2 2 2 2 2 2 2 2 2 2 2 2 2 2
left_child=1 27 9 4 -2 8 7 18 -5 -3 13 12 17 14 -11 -15 -16 -12 19 24 21 -21 23 -23 25 -7 -27 -1 29 -10
right_child=3 2 -4 5 -6 6 -8 -9 28 10 11 -13 -14 15 16 -17 -18 -19 -20 20 -22 22 -24 -25 -26 26 -28 -29 -30 -31
leaf_value=0.068413194665585819 -0.057952481348052934 -0.0096551494543526146 -0.011521970558898054 0.017434588336339259 0.025798127950016566 -0.0088384480976242113 -0.04623343203641149 0.065310714371814141 -0.059668172115117817 -0.065214356206911475 0.15201497532264793 -0.015046059679723885 0.19860942944096091 0.078253175767343267 0.067502013862997201 0.020018011903422436 -0.00071028790792098534 -0.003060488415350217 -0.074617028328012702 -0.0137960202941005 -0.0051350141968181575 0.036866126341698127 -0.026545662633228322 0.13735716717510951 0.010625268314179277 0.10631913428839676 -0.01741231155231774 0.032063543334969906 0.03291812380100221 -0.0013164642553540101
leaf_weight=25 45 201 949 59 34 2359 314 29 924 87 29 382 29 48 28 33 30 123 274 100 117 32 43 27 48 32 45 28 28 138
leaf_count=25 45 201 949 59 34 2359 314 29 924 87 29 382 29 48 28 33 30 123 274 100 117 32 43 27 48 32 45 28 28 138
internal_value=-0.000855294 -0.000164577 -0.000327836 -0.00115122 0.00255 -0.00121576 -0.000900322 -0.000677182 -0.00215304 0.000443995 0.000967088 0.000120566 0.00305494 0.00306608 0.000958903 0.00678049 0.00555932 0.0012549 -0.000749839 -0.000574894 0.0013875 0.00291626 0.00652427 0.0127333 -0.000827365 -0.000929012 0.00271795 0.0057037 -0.0024198 -0.00256632
internal_weight=6640 1992 1939 4648 79 4569 3420 3106 1149 990 789 563 181 226 145 81 58 152 3077 2803 319 202 102 59 2484 2436 77 53 1090 1062
internal_count=6640 1992 1939 4648 79 4569 3420 3106 1149 990 789 563 181 226 145 81 58 152 3077 2803 319 202 102 59 2484 2436 77 53 1090 1062
is_linear=0
shrinkage=0.04


Tree=83
num_leaves=31
num_cat=0
split_feature=12 20 16 19 6 5 19 7 10 3 10 7 13 18 20 4 17 7 0 5 14 7 14 13 4 12 12 13 13 7
split_gain=0.85509 1.09856 1.42951 1.87329 1.9015 2.3301 0.780739 1.08278 1.14961 1.04319 1.02238 1.0726 1.72519 1.59028 1.38149 1.35059 0.939066 0.806108 1.25337 0.821075 0.832327 0.774849 1.79863 1.7154 1.13487 0.76859 0.976764 0.744515 1.88251 1.9399
threshold=47.500000000000007 1.0000000180025095e-35 62.500000000000007 -0.60785761079279388 5.166666666666667 13.15 -1.0000000180025095e-35 1.6270833333333334 6.3500000000000005 2.1500000000000008 4.8500000000000005 2.2354166666666671 5.1500000000000012 0.1294095225512602 1.0000000180025095e-35 4.1500000000000012 -0.37940952255126065 2.839583333333334 3.5500000000000003 4.9500000000000011 290.50000000000006 8.5250000000000021 174.50000000000003 2.4500000000000006 6.4500000000000011 70.500000000000014 62.500000000000007 9.8500000000000032 7.0500000000000007 5.3937500000000007
decision_type=2 2 2 2 2 2 2 2 2 2 2 2 2 2 2 2 2 2 2 2 2 2 2 2 2 2 2 2 2 2
left_child=1 2 3 -1 -5 -6 10 -8 -9 -10 11 -2 13 14 15 -13 -14 18 -11 -19 21 22 23 -21 -25 26 -18 28 -3 -30
right_child=6 27 -4 4 5 -7 7 8 9 17 -12 12 16 -15 -16 -17 25 19 -20 20 -22 -23 -24 24 -26 -27 -28 -29 29 -31
leaf_value=-0.12783863189981567 -0.082873558908752434 -0.011272877852214196 0.00028215307388891944 0.11901345708383197 -0.02113003643655095 0.15523636853712527 0.030050128341845422 -0.03957491929380004 -0.045614843428557046 -0.017415398426542324 -0.0077632129062052968 0.44415707969600343 -0.069705380643169973 0.0013058739397555439 0.00062996051874165938 0.080772700493449187 0.024280546198226942 -0.037980799322500862 0.028770657081805352 0.048532109263490712 0.08681211614924618 -0.011981620044027051 -0.012846581368339247 -0.0053075843589988269 0.014333562450409709 -0.0067542263394980021 0.099129534942706918 -0.059161428734085517 0.065473256741663766 0.0032873501530511912
leaf_weight=40 88 493 885 27 53 27 33 1097 206 39 1588 26 141 91 31 41 35 370 43 38 25 403 289 80 43 57 30 193 39 89
leaf_count=40 88 493 885 27 53 27 33 1097 206 39 1588 26 141 91 31 41 35 370 43 38 25 403 289 80 43 57 30 193 39 89
internal_value=-0.000831201 -9.9622e-05 0.000766698 0.0044054 0.00714815 0.00395062 -0.00111283 -0.0015688 -0.00165983 -0.000952506 -0.0005411 0.000961182 0.00174834 0.00465263 0.00816162 0.0113529 -0.000348486 -0.000540948 0.00327711 -0.000794236 -0.000127418 -0.000341921 0.000798225 0.00417284 0.00183871 0.00221138 0.00515151 -0.00119755 -0.000520901 0.00378294
internal_weight=6640 1846 1032 147 107 80 4794 2666 2633 1536 2128 540 452 189 98 67 263 1330 82 1248 878 853 450 161 123 122 65 814 621 128
internal_count=6640 1846 1032 147 107 80 4794 2666 2633 1536 2128 540 452 189 98 67 263 1330 82 1248 878 853 450 161 123 122 65 814 621 128
is_linear=0
shrinkage=0.04


Tree=84
num_leaves=31
num_cat=0
split_feature=8 3 2 17 12 11 7 19 10 4 17 10 14 11 5 19 0 14 8 13 13 4 9 19 19 9 7 7 14 3
split_gain=0.874769 0.68092 1.0844 1.11698 0.807312 0.676057 0.899317 1.84744 0.93143 1.46565 0.974395 1.49018 0.921461 0.870651 3.42314 1.52736 0.666597 0.65354 0.794479 0.786912 0.933211 1.04875 1.11646 0.869972 1.03403 0.622686 0.639219 0.725504 1.24908 2.38533
threshold=4.0500000000000007 1.9500000000000002 3.5500000000000003 0.91597561503675362 82.500000000000014 20.850000000000005 5.2187500000000009 0.6078576107927941 3.9500000000000006 9.4500000000000011 0.91597561503675362 6.6500000000000012 350.50000000000006 -3.0499999999999994 12.15 -0.8783796973249266 3.6500000000000008 174.50000000000003 0.75000000000000011 6.0500000000000007 9.6500000000000004 4.3500000000000005 70.500000000000014 -0.60785761079279388 -1.0000000180025095e-35 98.500000000000014 3.7562500000000005 6.7104166666666671 107.50000000000001 5.3500000000000005
decision_type=2 2 2 2 2 2 2 2 2 2 2 2 2 2 2 2 2 2 2 2 2 2 2 2 2 2 2 2 2 2
left_child=17 16 3 4 -3 13 7 -7 12 10 11 -10 -8 14 15 -4 -2 18 -1 -19 21 22 -21 -22 -25 26 -15 28 29 -28
right_child=1 2 5 -5 -6 6 8 -9 9 -11 -12 -13 -14 25 -16 -17 -18 19 -20 20 23 -23 -24 24 -26 -27 27 -29 -30 -31
leaf_value=0.030466654323086401 0.021229009022958024 -7.8093949768704763e-05 0.016446954531541574 0.19792253082096611 0.051500717902310263 0.034027701486179604 -0.016521662103644641 -0.020823671936582494 0.016867601849312405 -0.0053959300041360667 0.00046952229327088603 0.2415863847665515 0.023136684746493837 -0.019782074877244402 0.026524548074189011 -0.019655601875400216 -0.076451554614661396 -0.010733787748489819 -0.044531963264896599 0.04111294670763057 -0.070095824689978437 -0.014509032230201988 0.0075036533574135362 0.11426509696739728 -0.04049709512719795 -0.092452747365638285 0.29673781316598791 -0.010829074522125471 -0.0031661160131882422 -0.021428656431063078
leaf_weight=38 26 300 38 40 56 29 598 40 35 173 39 42 40 160 48 192 260 673 918 44 95 62 34 43 143 121 49 1410 819 75
leaf_count=38 26 300 38 40 56 29 598 40 35 173 39 42 40 160 48 192 260 673 918 44 95 62 34 43 143 121 49 1410 819 75
internal_value=-0.000873363 -0.000566326 -0.000440419 0.00155164 0.000829131 -0.000642621 0.000256769 0.00462857 -7.32768e-05 0.0018069 0.00526496 0.00784615 -0.000926449 -0.000950224 0.00117563 -0.000865802 -0.00245296 -0.00156022 -0.00232393 -0.000891325 0.000464454 0.00312057 0.00617721 -0.000865249 0.000727272 -0.00117495 -0.00103898 -0.000871709 -1.27128e-05 0.003712
internal_weight=6640 4590 4304 396 356 3908 996 69 927 289 116 77 638 2912 278 230 286 2050 956 1094 421 140 78 281 186 2634 2513 2353 943 124
internal_count=6640 4590 4304 396 356 3908 996 69 927 289 116 77 638 2912 278 230 286 2050 956 1094 421 140 78 281 186 2634 2513 2353 943 124
is_linear=0
shrinkage=0.04


Tree=85
num_leaves=31
num_cat=0
split_feature=8 2 18 2 12 5 5 12 6 3 20 19 11 14 19 11 19 11 10 12 11 10 8 14 5 0 13 13 5 14
split_gain=0.942649 0.808862 0.692021 1.46411 1.34561 1.14484 1.0108 1.24435 0.878676 1.159 0.716363 1.23593 0.664107 0.899629 1.13994 0.776179 0.696821 1.39225 1.25273 1.57428 0.667394 2.10937 1.09532 1.04521 0.971397 2.26571 0.597023 0.674235 0.590551 0.588882
threshold=3.0500000000000003 0.55000000000000016 -0.70710678118654757 3.1500000000000008 82.500000000000014 1.3500000000000003 11.750000000000002 44.500000000000007 8.4916666666666689 7.1500000000000012 1.0000000180025095e-35 0.6078576107927941 20.950000000000003 348.50000000000006 1.0000000180025095e-35 4.9500000000000011 -1.0000000180025095e-35 15.750000000000002 3.1500000000000008 45.500000000000007 3.3500000000000001 16.450000000000003 3.5500000000000003 290.50000000000006 8.2500000000000018 5.7500000000000009 0.8500000000000002 3.8500000000000001 8.8500000000000032 53.500000000000007
decision_type=2 2 2 2 2 2 2 2 2 2 2 2 2 2 2 2 2 2 2 2 2 2 2 2 2 2 2 2 2 2
left_child=1 -1 3 4 -2 -5 26 -8 9 -9 -10 -12 15 -14 -15 20 17 29 19 -19 24 22 -22 -24 -4 -26 -7 -28 -27 -17
right_child=2 -3 12 5 -6 6 7 8 10 -11 11 -13 13 14 -16 16 -18 18 -20 -21 21 -23 23 -25 25 28 27 -29 -30 -31
leaf_value=0.021704389305020118 0.0032217813720570362 -0.028128658966323869 -0.015708776040420633 0.032593554644423428 0.1770224699520018 -0.037886939040721025 0.14807865608262408 -0.013773332872022252 -0.035682962447177557 0.051236715813714896 -0.0022688884660816691 0.12040067901564283 -0.0027944673062899107 -0.01019754783975952 0.41130041694856517 0.027675359450744057 -0.043808116435579997 -0.00056100994063801757 -0.0064965337343591226 0.13361362020339435 0.0179548652162516 0.10306880743281377 -0.0094682838509386677 0.36544724194336381 0.023545092887978458 0.009911240204576021 0.0011488785222348828 -0.013221554183065167 -0.0064481643969651675 -0.034502342480323703
leaf_weight=50 38 1342 797 26 25 120 25 30 111 25 86 36 1045 35 31 37 789 42 165 43 27 28 256 25 45 34 447 308 181 375
leaf_count=50 38 1342 797 26 25 120 25 30 111 25 86 36 1045 35 31 37 789 42 165 43 27 28 256 25 45 34 447 308 181 375
internal_value=-0.000889963 -0.00181479 -0.000643609 0.000165883 0.0060625 -0.000144857 -0.00032969 0.00161783 0.000858131 0.00535714 -0.000222223 0.00188618 -0.000904955 -7.55405e-05 0.00441791 -0.00122882 -0.00187603 -0.000917045 0.00143426 0.00534884 -0.000553803 0.000997032 2.5889e-05 -0.000723405 -0.00104726 0.0010728 -0.0010274 -0.000608467 -0.000648149 -0.00234383
internal_weight=6624 1392 5232 1277 63 1214 1188 313 288 55 233 122 3955 1111 66 2844 1451 662 250 85 1393 336 308 281 1057 260 875 755 215 412
internal_count=6624 1392 5232 1277 63 1214 1188 313 288 55 233 122 3955 1111 66 2844 1451 662 250 85 1393 336 308 281 1057 260 875 755 215 412
is_linear=0
shrinkage=0.04


Tree=86
num_leaves=31
num_cat=0
split_feature=7 3 8 12 11 4 20 5 18 7 4 20 7 2 0 9 14 2 9 8 13 7 7 0 1 5 14 12 2 9
split_gain=0.978552 0.911009 0.688917 0.814976 0.859628 1.03114 2.10474 0.704361 0.6 0.593001 2.36189 0.520269 0.850419 2.38267 1.33211 0.832338 0.920935 0.775019 1.3538 1.02476 0.696584 0.672294 0.773623 0.654484 1.21323 0.995015 0.881998 0.852706 0.870793 0.7812
threshold=1.1729166666666668 2.1500000000000008 3.3500000000000001 44.500000000000007 11.050000000000002 8.5500000000000025 1.0000000180025095e-35 3.9500000000000006 -0.12940952255126037 3.589583333333334 3.1500000000000008 -0.22252093395631442 6.7104166666666671 10.050000000000002 8.6500000000000004 110.50000000000001 16.500000000000004 4.1500000000000012 49.500000000000007 7.4500000000000011 14.15 5.3354166666666671 5.7166666666666677 15.450000000000001 11.050000000000002 11.850000000000003 228.50000000000003 57.500000000000007 9.0500000000000025 73.500000000000014
decision_type=2 2 2 2 2 2 2 2 2 2 2 2 2 2 2 2 2 2 2 2 2 2 2 2 2 2 2 2 2 2
left_child=-1 -2 3 4 -3 8 -7 -5 -6 10 -9 20 13 17 -14 16 -16 18 -13 21 23 -20 -23 24 25 -4 -25 -27 -29 -28
right_child=1 2 11 7 5 6 -8 9 -10 -11 -12 12 14 -15 15 -17 -18 -19 19 -21 -22 22 -24 26 -26 27 29 28 -30 -31
leaf_value=0.02697227746554361 -0.033091504534496219 0.020548305756857704 -0.00061756605955056972 -0.067171843077379098 0.0091111334880348924 0.17643504012806546 -0.22961577461779922 -0.06002426512840911 -0.071774883220552588 -0.012223283500390899 0.18901155117217092 0.046074677563088279 -0.041527881562036927 0.06844245794013594 0.01521543391331868 0.17963831955921883 -0.009223621396049932 -0.010468076463521943 -0.0078902920390108815 0.12459996722971622 0.073030826779951055 0.05341500526120762 -0.0036224512070959555 0.00034704882350436976 -0.019642596774726864 0.20022178319042139 0.0014571359643023615 0.041276027736535978 -0.058759085563781996 0.1283081205247105
leaf_weight=25 913 29 1329 480 28 36 31 48 128 306 28 25 608 46 32 45 839 694 198 37 38 25 43 167 269 42 32 34 31 38
leaf_count=25 913 29 1329 480 28 36 31 48 128 306 28 25 608 46 32 45 839 694 198 37 38 25 43 167 269 42 32 34 31 38
internal_value=-0.000823548 -0.00085394 -0.000665378 -0.00155695 0.000442687 -0.000410715 0.00370588 -0.00214137 -0.00219108 -0.000856398 0.00228571 -0.000447847 -0.000820672 4.49008e-05 -0.00142689 -0.000462378 -0.000738533 -0.000359727 0.00124012 0.000486841 4.03827e-05 -0.000389514 0.00301449 -6.58785e-05 -0.000339978 0.000122476 0.00189916 0.00381481 0.00090909 0.0056338
internal_weight=6624 6599 5686 1114 252 223 67 862 156 382 76 4572 2592 1068 1524 916 871 1022 328 303 1980 266 68 1942 1705 1436 237 107 65 70
internal_count=6624 6599 5686 1114 252 223 67 862 156 382 76 4572 2592 1068 1524 916 871 1022 328 303 1980 266 68 1942 1705 1436 237 107 65 70
is_linear=0
shrinkage=0.04


Tree=87
num_leaves=31
num_cat=0
split_feature=5 7 17 11 18 12 7 0 14 5 12 13 19 10 13 11 0 12 3 5 3 9 13 11 19 5 5 16 11 14
split_gain=0.820869 0.662098 1.69657 0.637886 1.74754 0.991872 0.873878 0.696372 0.562763 0.824746 0.974268 1.19097 0.766486 0.789781 1.09228 0.999226 0.714812 0.772932 0.880875 0.840852 1.43677 0.785521 0.675989 0.681015 2.14196 0.675276 0.938832 0.932999 2.39401 0.846296
threshold=2.5500000000000003 1.5145833333333336 0.25881904510252091 8.5500000000000025 -0.5 45.500000000000007 5.5187500000000007 1.0500000000000003 164.50000000000003 6.3500000000000005 86.500000000000014 6.8500000000000005 1.0000000180025095e-35 6.8500000000000005 2.5500000000000003 4.6500000000000012 42.850000000000009 79.500000000000014 1.0500000000000003 2.8500000000000001 4.9500000000000011 72.500000000000014 1.0500000000000003 0.55000000000000016 -1.0000000180025095e-35 17.650000000000002 15.050000000000002 82.500000000000014 5.3500000000000005 191.50000000000003
decision_type=2 2 2 2 2 2 2 2 2 2 2 2 2 2 2 2 2 2 2 2 2 2 2 2 2 2 2 2 2 2
left_child=1 2 -1 -3 -5 -6 7 -7 9 12 11 22 13 14 15 -2 17 19 -19 20 -10 25 -11 24 -24 26 27 29 -29 -20
right_child=8 3 -4 4 5 6 -8 -9 16 10 -12 -13 -14 -15 -16 -17 -18 18 21 -21 -22 -23 23 -25 -26 -27 -28 28 -30 -31
leaf_value=-0.081581381497394315 0.3677179775435685 -0.047481803117826356 0.048163148459252007 0.037419757090655897 -0.045429907404606347 0.028999927464896019 0.082801373068190035 -0.025330790859863672 -0.0075037880611785249 -0.06299978819165869 -0.038834958561285417 -0.025503473481478522 -0.049004122982515191 -0.038125531445749476 -0.015566672896805887 -0.0027508799349585866 0.10284514984243927 0.017020489796503911 0.0087969442034930619 -0.0073374301998790463 0.028087302366859808 -0.04642110183770725 -0.045502141079062211 0.0048458419277520636 0.0087899197861961431 -0.09625853747382436 0.048758137471774696 0.24106109981013302 -0.014375842674762992 -0.01115395429858717
leaf_weight=30 31 786 25 38 268 27 26 50 58 57 179 200 389 204 282 25 46 32 353 2290 41 106 27 599 27 59 34 28 53 254
leaf_count=30 31 786 25 38 268 27 26 50 58 57 179 200 389 204 282 25 46 32 353 2290 41 106 27 599 27 59 34 28 53 254
internal_value=-0.000835624 -0.00175859 0.0025 -0.00195652 -0.000673172 -0.00151613 0.00180769 -0.000358975 -0.000620652 -0.00114795 -0.000400001 0.000131722 -0.00202146 -0.00104604 0.000141592 0.00519298 -0.000302833 -0.000372319 0.000613043 -0.000751465 0.00284 0.000373873 0.00090014 0.00126605 0.00552727 0.000813298 0.00115076 0.000824382 0.00482927 0.000282894
internal_weight=6624 1250 55 1195 409 371 103 77 5374 2020 1089 910 931 542 338 56 3354 3308 919 2389 99 887 710 653 54 781 722 688 81 607
internal_count=6624 1250 55 1195 409 371 103 77 5374 2020 1089 910 931 542 338 56 3354 3308 919 2389 99 887 710 653 54 781 722 688 81 607
is_linear=0
shrinkage=0.04


Tree=88
num_leaves=31
num_cat=0
split_feature=7 3 8 16 2 20 14 17 3 11 7 11 19 5 18 2 14 9 19 4 9 5 7 2 17 16 4 0 19 17
split_gain=0.970968 0.890226 0.67702 0.594208 0.648653 0.925588 1.21817 0.834598 0.760933 0.724997 1.38613 1.34782 0.759499 1.50675 2.48394 1.53741 1.3338 1.15813 1.0548 2.35934 1.4506 1.63954 1.02396 0.736107 1.03256 1.75592 1.8418 1.08323 1.49219 0.89468
threshold=1.1729166666666668 2.1500000000000008 3.3500000000000001 2307.5000000000005 3.0500000000000003 0.81174490092936691 142.50000000000003 -0.78656609248549292 2.4500000000000006 12.15 8.5687500000000032 6.0500000000000007 -0.60785761079279388 7.9500000000000011 -0.12940952255126037 6.5500000000000007 178.50000000000003 72.500000000000014 1.0000000180025095e-35 2.4500000000000006 54.500000000000007 5.6500000000000012 2.9729166666666673 12.750000000000002 1.0000000180025095e-35 377.50000000000006 16.450000000000003 15.15 -0.60785761079279388 -0.60355339059327362
decision_type=2 2 2 2 2 2 2 2 2 2 2 2 2 2 2 2 2 2 2 2 2 2 2 2 2 2 2 2 2 2
left_child=-1 -2 -3 4 5 6 -4 -8 -9 10 11 12 -6 17 16 -16 -15 18 19 -14 -21 -22 -20 -11 25 26 -25 28 -26 -27
right_child=1 2 3 -5 9 -7 7 8 -10 23 -12 -13 13 14 15 -17 -18 -19 22 20 21 -23 -24 24 27 29 -28 -29 -30 -31
leaf_value=0.025302865630927082 -0.031983033254094087 -0.015489167321055682 -0.062951148181214805 -0.035384445973460847 -0.0088464666748229864 0.05162636690783811 -0.021635778359172818 0.055127204591468297 0.048002331778905144 -0.0018460168747240424 -0.043013121118898982 -0.031122025027562859 -0.1103948775252887 0.01749633324084824 0.018746113231668721 0.06592538766948787 -0.024811178560287934 -0.027161219595852677 0.018511454519517381 0.011145429232037936 0.30988985981316469 0.03961495881084124 -0.0076011858522744896 0.025888915078462499 0.036773282777958778 -0.011319547732795723 0.25696524317749597 -0.020241054511119332 -0.060260839430156289 0.10156614347699712
leaf_weight=25 913 1114 69 165 399 34 41 30 144 1334 506 303 47 74 43 25 76 218 30 38 41 37 261 73 34 177 37 255 36 45
leaf_count=25 913 1114 69 165 399 34 41 30 144 1334 506 303 47 74 43 25 76 218 30 38 41 37 261 73 34 177 37 255 36 45
internal_value=-0.000793359 -0.000823637 -0.000637244 -0.000421606 -0.000333032 0.00140439 0.000645613 0.00212963 0.00333714 -0.000468461 -0.000987138 -0.000406781 0.000158139 0.00080808 0.0036895 0.00997101 0.000794701 -0.000130759 0.00101978 0.00358536 0.00663248 0.00972152 -0.000424658 7.83123e-05 0.00117325 0.00273874 0.00684685 -0.000429449 0.00394366 0.000681613
internal_weight=6624 6599 5686 4572 4407 318 284 215 174 4089 2098 1592 1289 890 218 68 150 672 454 163 116 78 291 1991 657 332 110 325 70 222
internal_count=6624 6599 5686 4572 4407 318 284 215 174 4089 2098 1592 1289 890 218 68 150 672 454 163 116 78 291 1991 657 332 110 325 70 222
is_linear=0
shrinkage=0.04


Tree=89
num_leaves=31
num_cat=0
split_feature=14 2 0 11 5 11 14 10 10 2 9 3 11 17 9 19 1 3 16 2 5 5 14 11 19 14 15 7 13 5
split_gain=0.858844 1.13284 1.38954 0.845695 1.22084 0.715566 0.679532 0.631985 1.43928 1.10002 1.32983 0.933172 2.36727 1.9933 1.69255 1.30817 1.13879 1.54106 1.91658 1.44809 1.09408 1.03748 0.925928 0.84505 0.763283 1.31479 1.11871 1.00044 0.988158 1.2663
threshold=160.50000000000003 2.1500000000000008 1.0500000000000003 -1.4499999999999997 12.550000000000002 33.350000000000001 171.50000000000003 11.950000000000001 6.9500000000000011 1.8500000000000003 65.500000000000014 6.9500000000000011 3.0500000000000003 0.12940952255126045 62.500000000000007 1.0000000180025095e-35 7.1500000000000012 8.7500000000000018 47.500000000000007 12.750000000000002 17.150000000000002 4.7500000000000009 283.50000000000006 23.450000000000003 -1.0000000180025095e-35 192.50000000000003 1.0000000180025095e-35 16.295833333333338 4.2500000000000009 2.4500000000000006
decision_type=2 2 2 2 2 2 2 2 2 2 2 2 2 2 2 2 2 2 2 2 2 2 2 2 2 2 2 2 2 2
left_child=1 -1 -3 4 6 -4 -2 8 24 10 -10 12 13 -11 16 21 -13 18 -18 -19 -21 -15 -16 -14 25 28 -27 -26 -5 -30
right_child=3 2 5 7 -6 -7 -8 -9 9 11 -12 14 23 15 22 -17 17 19 -20 20 -22 -23 -24 -25 27 26 -28 -29 29 -31
leaf_value=-0.053574391345120952 0.020318727299838971 0.069180747910653803 -0.016084581673506727 -0.002640395360935468 0.019330695930070165 0.15608913504721675 -0.033219974781498261 -0.0087465650484361331 0.016190240731198326 -0.01518301190980444 -0.0067788022845057094 -0.017862121840052911 -0.021860732133368376 -0.090355348040312644 -0.017206222140069293 0.046776926921853298 0.13137476377222482 -0.014373040003844498 0.010038049785685992 0.02140826973133159 0.098394558333413734 0.19601369415936792 0.089725076628137931 0.032967342074596166 -0.012214402608093582 -0.0152151009595084 0.010550702964402579 0.49753442688675026 0.0074549677740430621 0.13619678401372981
leaf_weight=363 45 26 1980 59 27 46 425 747 32 65 29 31 352 30 160 48 36 74 29 45 30 43 27 27 1050 512 115 27 57 87
leaf_count=363 45 26 1980 59 27 46 425 747 32 65 29 31 352 30 160 48 36 74 29 45 30 43 27 27 1050 512 115 27 57 87
internal_value=-0.000781284 -0.00138245 -0.00101705 -0.000436105 -0.00198394 -0.00113666 -0.00246285 -0.000228388 3.37145e-05 0.00121624 0.0063871 0.000893787 -0.000176679 0.00350802 0.00229099 0.00652459 0.00447154 0.00550698 0.0106061 0.00322667 0.00710526 0.00308108 -0.000574469 -0.00198947 -0.000622642 0.000288808 -0.000617835 -0.00132468 0.00307843 0.00485517
internal_weight=6624 2415 2052 4209 497 2026 470 3712 2965 1058 61 997 565 186 432 121 245 214 65 149 75 73 187 379 1907 830 627 1077 203 144
internal_count=6624 2415 2052 4209 497 2026 470 3712 2965 1058 61 997 565 186 432 121 245 214 65 149 75 73 187 379 1907 830 627 1077 203 144
is_linear=0
shrinkage=0.04


Tree=90
num_leaves=31
num_cat=0
split_feature=11 17 14 3 7 3 10 10 7 7 1 13 9 7 13 20 16 17 1 0 13 7 9 8 19 12 18 13 14 3
split_gain=0.901338 1.15148 1.10238 1.28453 2.32842 1.17125 1.04545 0.912445 1.02134 2.22386 1.96067 0.986649 0.936479 1.88771 0.771793 0.769583 0.790948 0.964493 0.932053 0.695007 0.719213 0.925541 1.30073 1.44924 0.640927 1.44179 1.40411 1.18623 1.62524 1.49856
threshold=14.250000000000002 0.60355339059327384 198.50000000000003 5.8500000000000005 6.6395833333333343 2.9500000000000006 10.550000000000002 12.850000000000003 8.127083333333335 6.3875000000000011 8.5500000000000025 1.0500000000000003 78.500000000000014 4.1520833333333336 6.2500000000000009 0.81174490092936691 32.500000000000007 0.25881904510252091 6.8500000000000005 12.15 10.550000000000002 11.41666666666667 84.500000000000014 14.750000000000002 -0.8783796973249266 38.500000000000007 -0.5 4.6500000000000012 181.50000000000003 6.8500000000000005
decision_type=2 2 2 2 2 2 2 2 2 2 2 2 2 2 2 2 2 2 2 2 2 2 2 2 2 2 2 2 2 2
left_child=1 -1 7 5 -5 6 14 8 9 11 -11 -3 -13 -14 -4 16 17 -2 -19 24 21 22 23 -21 27 26 -26 -18 29 -29
right_child=15 2 3 4 -6 -7 -8 -9 -10 10 -12 12 13 -15 -16 -17 19 18 -20 20 -22 -23 -24 -25 25 -27 -28 28 -30 -31
leaf_value=-0.018119842344935279 0.073186196086303779 0.044111047668922279 0.16143116186583853 0.074769622061748434 -0.0020024923408768335 -0.0097999979475716786 -0.014207045374121102 -0.042090942870645617 -0.022722505580552999 -0.0093061386141496533 0.029993050677809198 -0.013217170500158174 0.050809716426985292 -0.091532141633676525 -0.00033533070113802118 -0.032817186683186769 -0.013703458511125529 0.04664594446891443 -0.028703822520472908 0.046691204707656038 -0.045872457520500481 0.0018865285409128472 0.19326062349729742 -0.11209181890728084 0.058623772886783929 -0.017476949246296829 -0.0027328328678453864 0.2386922931408848 -0.0011911708379717346 0.015536896321650721
leaf_weight=2891 49 42 48 25 36 125 30 275 125 37 39 341 45 36 26 361 114 42 78 42 42 349 30 44 32 555 645 32 82 28
leaf_count=2891 49 42 48 25 36 125 30 275 125 37 39 341 45 36 26 361 114 42 78 42 42 349 30 44 32 555 645 32 82 28
internal_value=-0.000888221 -0.00125279 -0.000227458 0.0019244 0.00703226 0.000539129 0.00365714 -0.000892668 -9.0091e-05 0.000665433 0.00696104 -0.000378496 -0.00096454 0.00287805 0.00618667 -0.000292954 -7.39125e-06 0.00261176 0.000661156 -0.000230462 0.00104724 0.00150214 0.0045812 0.00202299 -0.00066622 -0.00104461 0.000194689 0.00115175 0.00358042 0.00852459
internal_weight=6646 4121 1230 290 61 229 104 940 665 540 76 464 422 81 74 2525 2164 169 120 1995 507 465 116 86 1488 1232 677 256 142 60
internal_count=6646 4121 1230 290 61 229 104 940 665 540 76 464 422 81 74 2525 2164 169 120 1995 507 465 116 86 1488 1232 677 256 142 60
is_linear=0
shrinkage=0.04


Tree=91
num_leaves=31
num_cat=0
split_feature=7 6 11 7 18 12 6 5 11 6 19 7 7 11 11 11 11 4 5 11 8 10 5 4 3 20 10 8 7 4
split_gain=0.997938 0.847251 0.607604 0.729691 0.723708 1.03005 1.72229 1.07852 0.745996 1.23456 1.56982 0.907728 0.951978 1.41371 0.787524 0.882314 0.997007 0.77162 1.24177 1.07575 2.12991 3.61144 2.1949 1.17483 1.15914 1.0583 0.704953 0.762398 1.16141 0.889907
threshold=1.1729166666666668 1.8666666666666634 15.550000000000002 2.4770833333333337 0.78656609248549303 44.500000000000007 3.1999999999999971 4.4500000000000011 5.4500000000000011 8.8250000000000011 -0.8783796973249266 8.5687500000000032 7.9145833333333346 0.65000000000000002 0.55000000000000016 -6.3499999999999988 -1.6499999999999997 7.0500000000000007 7.4500000000000011 2.5500000000000003 6.7500000000000009 7.5500000000000007 3.7500000000000004 3.7500000000000004 4.7500000000000009 1.0000000180025095e-35 12.750000000000002 3.5500000000000003 4.5854166666666671 1.8500000000000003
decision_type=2 2 2 2 2 2 2 2 2 2 2 2 2 2 2 2 2 2 2 2 2 2 2 2 2 2 2 2 2 2
left_child=-1 -2 4 -4 5 6 -3 -8 11 -10 -11 12 17 -14 15 -13 -17 19 -19 26 23 22 -22 -21 -25 -23 27 -7 29 -29
right_child=1 2 3 -5 -6 8 7 -9 9 10 -12 14 13 -15 -16 16 -18 18 -20 20 21 25 -24 24 -26 -27 -28 28 -30 -31
leaf_value=0.020976992793988725 -0.037896177114049905 0.074560982895334429 0.048003581787577562 -0.0025769766395260518 -0.030499374266049331 -0.038571828171027812 -0.051628642642191219 0.11450147091909779 -0.030674544211059779 0.0087465524949778533 -0.0034271285429645871 -0.038628356371963712 0.021494238666204205 -0.0026277395124816435 -0.070984671511048147 0.012739257926301718 -0.014229584078124875 -0.056454443370620035 0.016249735833624962 -0.01580850820238687 0.039694077992713753 -0.0047377136680874154 0.38361365685060106 0.16138575677800185 -0.016422851433557529 0.042159966382862339 -0.029172556093096391 -0.001000992921387228 -0.012048441303450189 0.035077600995281059
leaf_weight=25 525 28 27 2217 629 278 55 26 721 26 273 44 33 46 206 27 31 191 51 167 25 90 33 51 51 37 258 87 248 140
leaf_count=25 525 28 27 2217 629 278 55 26 721 26 273 44 33 46 206 27 31 191 51 167 25 90 33 51 51 37 258 87 248 140
internal_value=-0.000900257 -0.000930838 -0.00079777 -0.000274388 -0.00110252 -0.000859802 0.00294545 -4.87814e-05 -0.000993901 -0.00188051 0.000279999 -0.000561337 -0.000214886 0.00405 -0.00256311 0.000310679 0.00352542 -0.000414521 -0.00250206 -6.82138e-05 0.00154725 0.00483871 0.0130169 -0.000725927 0.00264078 0.00103125 -0.000794467 -0.000175067 0.000798318 0.00285965
internal_weight=6646 6621 6096 2244 3852 3223 109 81 3114 1020 299 2094 1786 79 308 102 58 1707 242 1465 454 185 58 269 102 127 1011 753 475 227
internal_count=6646 6621 6096 2244 3852 3223 109 81 3114 1020 299 2094 1786 79 308 102 58 1707 242 1465 454 185 58 269 102 127 1011 753 475 227
is_linear=0
shrinkage=0.04


Tree=92
num_leaves=31
num_cat=0
split_feature=11 10 9 13 17 18 6 14 14 11 2 3 10 11 11 8 1 13 4 12 9 1 16 9 13 0 14 4 11 10
split_gain=0.628823 0.664821 0.90163 0.683435 0.638681 0.74863 0.650111 0.77627 0.650012 1.2164 0.625074 1.1236 2.36998 0.872279 0.778712 0.590405 0.743768 0.575581 0.693732 1.49416 1.02208 0.890229 0.823285 1.32205 1.05479 1.17602 0.732651 0.604573 0.566424 0.626321
threshold=15.65 1.0500000000000003 52.500000000000007 15.750000000000002 0.25881904510252091 0.1294095225512602 1.0833333333333324 189.50000000000003 287.50000000000006 1.4500000000000002 3.3500000000000001 5.0500000000000007 4.8500000000000005 7.2500000000000009 3.2500000000000004 17.950000000000003 14.65 0.55000000000000016 4.6500000000000012 47.500000000000007 68.500000000000014 1.9500000000000002 117.50000000000001 61.500000000000007 3.1500000000000008 7.9500000000000011 176.50000000000003 2.7500000000000004 5.9500000000000011 12.550000000000002
decision_type=2 2 2 2 2 2 2 2 2 2 2 2 2 2 2 2 2 2 2 2 2 2 2 2 2 2 2 2 2 2
left_child=4 -2 -3 -4 5 10 7 -7 15 -10 -1 12 -12 -13 -14 16 17 27 21 -20 22 26 24 -24 25 -21 -19 -6 29 -23
right_child=1 2 3 -5 8 6 -8 -9 9 -11 11 13 14 -15 -16 -17 -18 18 19 20 -22 28 23 -25 -26 -27 -28 -29 -30 -31
leaf_value=-0.02754419223748835 -0.011685487267114389 -0.014141560457793001 0.0013286307745633901 0.20126595361008545 0.047667631656159601 0.036030131990608831 -0.044154705940071884 -0.089745148266337463 -0.018164176517234416 0.3698510213755492 0.32297343550956809 -0.018541937798455786 0.00081344201482673689 0.0037279111748998702 -0.03405257772207116 -0.048818650258768581 0.010526287447322048 -0.0066096562940185424 0.094086155580770076 -0.013375988017962149 -0.016308395922187462 -0.0029778952354289814 -0.0036217767166260664 0.01893298232503788 -0.025847369106793777 0.037650303971247599 0.049702915614868552 -0.02129579027793501 -0.035922533559342204 -0.043701588598489119
leaf_weight=456 689 253 1353 25 45 25 1046 29 33 25 43 543 51 195 51 108 28 38 26 53 224 535 25 27 137 56 31 49 234 213
leaf_count=456 689 253 1353 25 45 25 1046 29 33 25 43 543 51 195 51 108 28 38 26 53 224 535 25 27 137 56 31 49 234 213
internal_value=-0.000876186 -0.00034468 9.55873e-05 0.000498911 -0.00116108 -0.00158853 -0.00236149 0.00189091 -0.000608052 0.00352542 -0.00095224 -0.000330318 0.00287671 -0.000963465 -0.00046602 -0.000740985 -0.000559815 -0.000668242 -0.000847501 0.00030601 -0.000168261 -0.00144867 0.00136455 0.00588679 0.000388663 0.00330909 0.00291428 0.00235789 -0.00175788 -0.00121762
internal_weight=6646 2320 1631 1378 4326 2439 1100 54 1887 58 1339 883 145 738 102 1829 1721 1693 1599 548 522 1051 298 52 246 109 69 94 982 748
internal_count=6646 2320 1631 1378 4326 2439 1100 54 1887 58 1339 883 145 738 102 1829 1721 1693 1599 548 522 1051 298 52 246 109 69 94 982 748
is_linear=0
shrinkage=0.04


Tree=93
num_leaves=31
num_cat=0
split_feature=7 6 2 12 12 20 17 4 9 7 3 10 2 4 3 18 5 7 7 7 15 5 6 5 18 14 10 20 0 17
split_gain=0.973618 0.787426 0.598305 0.59447 0.745109 0.668866 0.629616 0.689391 0.545819 0.537197 0.578341 0.59776 0.781007 1.14114 0.939128 0.574182 0.481668 0.494195 1.20736 0.536061 0.4697 1.26592 2.9653 1.19072 0.718262 0.564836 0.562241 0.536982 0.47892 0.458667
threshold=1.1729166666666668 1.8666666666666634 0.55000000000000016 47.500000000000007 46.500000000000007 -0.22252093395631442 -0.70710678118654735 18.350000000000005 72.500000000000014 2.4354166666666672 1.9500000000000002 0.95000000000000007 2.8500000000000001 4.8500000000000005 3.5500000000000003 -0.9159756150367534 2.4500000000000006 10.947916666666666 10.593750000000002 14.672916666666667 0.15000000000000005 6.3500000000000005 3.7499999999999969 8.5500000000000025 0.78656609248549303 63.500000000000007 12.850000000000003 1.0000000180025095e-35 5.0500000000000007 -0.78656609248549292
decision_type=2 2 2 2 2 2 2 2 2 2 2 2 2 2 2 2 2 2 2 2 2 2 2 2 2 2 2 2 2 2
left_child=-1 2 8 4 9 -6 7 -5 -2 -3 -11 -12 13 -13 -15 -14 -17 18 29 -19 24 27 -23 -24 25 -8 -26 -22 -29 -18
right_child=1 3 -4 6 5 -7 20 -9 -10 10 11 12 15 14 -16 16 17 19 -20 -21 21 22 23 -25 26 -27 -28 28 -30 -31
leaf_value=0.018149796457634419 0.026260581225409432 0.043664896414036418 -0.043912773917972311 -0.03344977902859881 0.050226941424901111 -0.013171735317156701 0.029226699356420856 0.03954395524639566 -0.14605749052842185 -0.10645835134553167 -0.011218067642618065 -0.032313780764259392 0.042776292754176354 0.051076589521867714 0.13116375046679801 -0.017993737562150017 0.014888361395760025 -0.098488116732570977 0.10220197587987859 0.021941899066910936 -0.031587213967104392 0.14073401108573388 0.024826797566412064 -0.024788862783160545 -0.034924515679047446 -0.003975742030674855 0.025284941412835958 -0.064539032076828443 0.033051517564580891 -0.0033306172898090142
leaf_weight=25 30 31 467 819 43 34 32 47 28 68 609 35 35 30 25 84 155 129 27 131 105 29 34 65 475 2683 27 26 31 287
leaf_count=25 30 31 467 819 43 34 32 47 28 68 609 35 35 30 25 84 155 129 27 131 105 29 34 65 475 2683 27 26 31 287
internal_value=-0.000803973 -0.00083419 -0.00231939 -0.000705922 -7.65671e-05 0.00374359 -0.000953819 -0.00191926 0.00149152 -0.000257439 -0.000358912 -0.000198967 0.000434504 0.00395604 0.0075 5.65361e-05 -0.000162163 0.000169862 0.00094468 -0.00122605 -0.000714938 0.000824741 0.00378294 0.000439999 -0.000853948 -0.000596466 -0.00224255 -0.00152147 0.00158621 0.000433408
internal_weight=6646 6621 525 6096 1723 77 4373 866 58 1646 1615 1547 938 90 55 848 813 729 469 260 3507 290 128 99 3217 2715 502 162 57 442
internal_count=6646 6621 525 6096 1723 77 4373 866 58 1646 1615 1547 938 90 55 848 813 729 469 260 3507 290 128 99 3217 2715 502 162 57 442
is_linear=0
shrinkage=0.04


Tree=94
num_leaves=31
num_cat=0
split_feature=7 6 10 1 4 9 0 11 11 2 2 4 7 11 11 11 17 4 3 3 2 6 18 2 12 6 20 7 13 2
split_gain=0.969091 0.651728 0.614347 0.524331 0.500969 0.605999 0.660249 0.583716 0.593331 0.595554 1.59971 0.540355 0.505681 1.42741 1.1401 1.6862 1.11706 1.15958 1.11923 0.986728 0.956014 1.12269 0.906277 1.26213 1.02455 0.938772 0.652232 0.943166 0.895653 0.62046
threshold=1.1729166666666668 1.8666666666666634 9.2500000000000018 0.55000000000000016 1.9500000000000002 84.500000000000014 11.550000000000002 2.3500000000000001 -1.3499999999999999 2.9500000000000006 2.1500000000000008 1.1500000000000001 8.4208333333333361 9.9500000000000011 -1.8499999999999999 -6.3499999999999988 -0.25881904510252113 10.350000000000003 11.950000000000001 2.1500000000000008 10.550000000000002 10.733333333333333 -0.70710678118654757 7.8500000000000005 44.500000000000007 9.0916666666666668 1.0000000180025095e-35 4.0645833333333341 4.2500000000000009 9.8500000000000032
decision_type=2 2 2 2 2 2 2 2 2 2 2 2 2 2 2 2 2 2 2 2 2 2 2 2 2 2 2 2 2 2
left_child=-1 2 3 -2 5 6 7 8 -3 10 -10 -11 16 14 15 -14 18 19 20 26 -6 -22 23 -15 -25 -24 -18 28 -28 -27
right_child=1 4 -4 -5 12 -7 -8 -9 9 11 -12 -13 13 22 -16 -17 17 -19 -20 -21 21 -23 25 24 -26 29 27 -29 -30 -31
leaf_value=0.017423804599329015 0.0082072507748114348 -0.14660887375620865 0.0026686914533980916 -0.045282307994176686 -0.016358388006018423 0.0033985767073282996 0.068095578578958191 -0.040145032178066316 -0.0068635534271677288 0.021887211577968028 0.040567000702609171 -0.052341204595155157 -0.034047201583916248 0.069256425170087219 -0.068348865143832108 0.0068621983461550949 -0.03680476191419136 0.04338233378326084 0.1346481164506883 0.0013121413113586569 0.17311992215648628 -0.0032686504277509004 -0.025699212615266972 0.090294157508414227 -0.00089445291747678607 0.056105689424685433 -0.018607996585975513 -0.079359853326357227 0.056013938694264812 -0.0039253715224258573
leaf_weight=25 66 72 25 434 1481 40 32 306 25 26 32 81 49 30 437 44 186 39 30 1588 30 33 331 31 292 86 26 52 26 691
leaf_count=25 66 72 25 434 1481 40 32 306 25 26 32 81 49 30 437 44 186 39 30 1588 30 33 331 31 292 86 26 52 26 691
internal_value=-0.000785919 -0.000816069 -0.0021673 -0.00247505 -0.000699361 -0.00178211 -0.00211478 -0.00244567 -0.000945149 0.000387878 0.00365517 -0.00137037 -0.000577787 -0.00108635 -0.00286252 0.00114894 -0.000287515 0.000360792 -0.00107683 0.000217136 -0.00122719 0.0035625 -0.000440493 0.00132203 0.000580246 -0.00100271 -0.0019244 0.000609523 0.00437736 -0.000241646
internal_weight=6646 6621 525 500 6096 614 574 542 236 164 57 107 5482 1991 530 93 3491 1917 1574 1878 1544 63 1461 353 323 1108 290 104 52 777
internal_count=6646 6621 525 500 6096 614 574 542 236 164 57 107 5482 1991 530 93 3491 1917 1574 1878 1544 63 1461 353 323 1108 290 104 52 777
is_linear=0
shrinkage=0.04


Tree=95
num_leaves=31
num_cat=0
split_feature=8 2 6 6 5 3 14 13 2 6 3 17 11 13 11 5 19 11 20 5 3 5 4 3 14 6 14 2 11 13
split_gain=0.767049 0.83266 0.579226 2.1789 1.58938 0.869922 1.14038 1.34883 1.67863 1.49476 0.912084 0.820554 0.915253 0.939202 0.701636 3.97842 1.31243 1.21815 0.953227 0.753519 0.665611 0.643384 0.620185 0.757531 0.792458 0.959352 1.41825 0.926004 0.613752 0.96288
threshold=4.0500000000000007 0.45000000000000007 5.0583333333333309 4.9166666666666643 3.9500000000000006 2.1500000000000008 193.50000000000003 3.2500000000000004 3.4500000000000006 4.6916666666666655 2.5500000000000003 0.60355339059327384 4.0500000000000007 1.5500000000000003 -3.0499999999999994 12.550000000000002 -0.8783796973249266 9.9500000000000011 0.81174490092936691 10.250000000000002 3.8500000000000001 1.7500000000000002 8.9500000000000011 4.1500000000000012 153.50000000000003 7.966666666666665 248.50000000000003 9.0500000000000025 4.2500000000000009 2.1500000000000008
decision_type=2 2 2 2 2 2 2 2 2 2 2 2 2 2 2 2 2 2 2 2 2 2 2 2 2 2 2 2 2 2
left_child=1 -1 3 5 -5 -2 7 9 20 11 -8 12 13 -7 15 16 -4 19 21 22 -9 -19 23 -16 -25 28 27 -27 29 -26
right_child=2 -3 14 4 -6 6 10 8 -10 -11 -12 -13 -14 -15 17 -17 -18 18 -20 -21 -22 -23 -24 24 25 26 -28 -29 -30 -31
leaf_value=0.013458197919949153 -0.034996113503115892 -0.018447557621643972 0.034907718162582702 -0.0027650077075086887 0.17195247120728926 0.065326733237256532 0.048678506452664409 0.087133428296941068 -0.02192791771696781 0.16260935772172425 -0.013731717800851612 0.046886265422513396 -0.017092110903569734 -0.039193715153465349 -0.046380584353762001 0.032556535341516091 -0.024324613631946039 0.05562179736267895 -0.034991556310439431 -0.055125925544653266 -0.049689202853978251 7.863669823116509e-05 -0.083685574298425019 -0.024866809931905355 -0.0073929808375865248 0.031291132655841047 0.037514951795896548 -0.0028034484793026219 -0.14576231099796155 0.016674728137458315
leaf_weight=45 283 1996 30 26 46 29 37 78 126 27 256 31 44 26 150 44 164 27 335 244 30 1668 219 290 70 42 33 125 75 72
leaf_count=45 283 1996 30 26 46 29 37 78 126 27 256 31 44 26 150 44 164 27 335 244 30 1668 219 290 70 42 33 125 75 72
internal_value=-0.000766533 -0.00141234 -0.000481418 0.000349999 0.0070137 -0.000152894 0.000618977 0.00203061 0.000102127 0.00488608 -0.00126531 0.00305343 0.00124 0.00464286 -0.000722208 0.00137238 -0.00110769 -0.000871383 -0.000256032 -0.00181681 0.00374312 0.000129716 -0.00135933 -0.000871796 -0.000322035 0.000794257 0.00278607 0.0012619 -0.00104587 0.000503496
internal_weight=6668 2041 4627 1039 72 967 684 391 234 157 293 130 99 55 3588 238 194 3350 2030 1320 108 1695 1076 857 707 417 200 167 217 142
internal_count=6668 2041 4627 1039 72 967 684 391 234 157 293 130 99 55 3588 238 194 3350 2030 1320 108 1695 1076 857 707 417 200 167 217 142
is_linear=0
shrinkage=0.04


Tree=96
num_leaves=31
num_cat=0
split_feature=7 6 4 14 19 14 11 11 4 11 9 1 10 3 13 14 2 9 1 14 14 13 18 3 13 7 0 11 13 7
split_gain=0.798676 0.583768 1.0898 1.05151 0.869372 1.7844 1.53837 1.36461 2.17468 1.81481 1.58805 1.54655 1.11884 1.02576 1.02368 1.66712 1.82488 0.833019 1.20881 1.08483 1.08535 0.717666 0.787802 1.37438 1.5637 2.33303 0.85376 0.999887 0.801437 1.16667
threshold=1.1729166666666668 9.1916666666666682 13.050000000000002 34.500000000000007 1.0000000180025095e-35 53.500000000000007 1.0000000180025095e-35 16.950000000000003 2.8500000000000001 2.1500000000000008 52.500000000000007 3.9500000000000006 12.750000000000002 9.1500000000000004 4.7500000000000009 188.50000000000003 7.1500000000000012 59.500000000000007 6.2500000000000009 181.50000000000003 194.50000000000003 16.650000000000002 1.0000000180025095e-35 2.4500000000000006 2.3500000000000001 4.4645833333333345 2.0500000000000003 1.3500000000000003 5.3500000000000005 5.3104166666666677
decision_type=2 2 2 2 2 2 2 2 2 2 2 2 2 2 2 2 2 2 2 2 2 2 2 2 2 2 2 2 2 2
left_child=-1 2 3 -2 5 -5 13 9 11 10 12 -9 -6 -7 15 16 -10 18 -8 -20 -21 22 23 -19 25 -25 -26 -28 -24 -30
right_child=1 -3 -4 4 7 6 17 8 14 -11 -12 -13 -14 -15 -16 -17 -18 21 19 20 -22 -23 28 24 26 -27 27 -29 29 -31
leaf_value=0.013608004128057655 -0.044012967182173839 -0.0011729957621279595 -0.049276415237578572 0.033633944082879966 0.04435722121936881 -0.045725200817744699 -0.03983622006152808 0.053473477610295028 0.14249033699506256 -0.038462182228386294 -0.0027819541942707459 0.010986787798772286 -0.006937613330891693 0.015345806451427092 -0.016084806462512799 -0.010502548878576339 -0.0063118443800078399 -0.0077909653850259707 -0.0044707030446976071 0.062868160887189717 0.0053234752382998619 0.21563661424864206 -0.015654486623105673 0.33851589495860573 0.1429506301606645 0.011588039024283322 0.016839488109180293 -0.0059603588043490455 0.032411766233189886 -0.0050950077929383655
leaf_weight=28 264 1765 294 55 27 373 331 25 31 925 504 49 27 27 251 83 25 82 106 25 51 35 449 41 36 56 27 235 234 207
leaf_count=28 264 1765 294 55 27 373 331 25 31 925 504 49 27 27 251 83 25 82 106 25 51 35 449 41 36 56 27 235 234 207
internal_value=-0.00083251 -0.000861317 -0.00108696 -0.000934964 -0.000784623 -0.000269929 -0.000440415 -0.00141068 0.000481719 -0.0020027 -0.000200359 0.00672 0.00625454 -0.00269327 -0.000716113 0.00202857 0.00729824 3.13143e-05 -0.0013463 0.00126776 0.00488312 0.000535993 0.000388888 0.00169874 0.00267677 0.00706122 0.00123077 0.000425855 -0.000314255 0.000895927
internal_weight=6668 6640 4875 4581 4317 2370 2315 1947 464 1483 558 74 54 400 390 139 56 1915 513 182 76 1402 1367 477 395 97 298 262 890 441
internal_count=6668 6640 4875 4581 4317 2370 2315 1947 464 1483 558 74 54 400 390 139 56 1915 513 182 76 1402 1367 477 395 97 298 262 890 441
is_linear=0
shrinkage=0.04


Tree=97
num_leaves=31
num_cat=0
split_feature=5 12 4 2 14 14 5 8 7 6 14 3 14 7 20 9 7 9 8 9 11 10 5 2 6 4 2 11 5 20
split_gain=0.686747 0.629607 0.504168 1.03678 0.547766 1.04843 0.948996 1.29834 0.824393 1.37593 1.58924 1.2872 1.64842 1.03103 1.18696 2.28468 2.33509 1.48403 1.38929 0.988297 1.40494 2.33601 1.18433 1.07772 0.925225 0.922767 0.942324 1.08181 1.79407 1.99963
threshold=2.1500000000000008 90.500000000000014 2.4500000000000006 0.65000000000000002 156.50000000000003 157.50000000000003 6.2500000000000009 1.8500000000000003 8.5687500000000032 7.4166666666666643 306.50000000000006 8.7500000000000018 195.50000000000003 4.4645833333333345 1.0000000180025095e-35 64.500000000000014 3.7562500000000005 83.500000000000014 2.6500000000000008 68.500000000000014 8.1500000000000004 9.9500000000000011 6.7500000000000009 8.2500000000000018 9.4083333333333332 8.3500000000000032 14.65 17.850000000000005 9.4500000000000011 -0.22252093395631442
decision_type=2 2 2 2 2 2 2 2 2 2 2 2 2 2 2 2 2 2 2 2 2 2 2 2 2 2 2 2 2 2
left_child=-1 2 3 -2 6 -6 -4 -8 9 11 19 13 -13 14 -7 16 18 -17 -16 20 21 -11 -23 -22 -10 -26 27 28 -27 -30
right_child=1 -3 4 -5 5 8 7 -9 24 10 -12 12 -14 -15 15 17 -18 -19 -20 -21 23 22 -24 -25 25 26 -28 -29 29 -31
leaf_value=-0.021498489422974828 0.031819637332055735 -0.063103041811962732 -0.028038374560954524 -0.0081182021767767926 0.010008277929243648 -0.0098491696388762779 0.090761419742051569 -0.0026010431798482721 -0.021618202419566006 0.12385521283983694 0.016956960010243338 0.19132048133371279 -0.0047563385003930375 -0.0082584144436688815 0.14342004554947749 -0.034778447375565728 -0.0092408510412093688 0.067504188741218066 0.17893126958488945 -0.015445535595041736 0.032779164736263314 -0.094415782995249706 0.031404942751464542 -0.0039997800986535312 -0.02511033239596705 -0.030740158962677368 -0.0052391605419525554 0.0030043999749061363 -0.022003993837060344 0.10091080020673067
leaf_weight=934 27 304 760 831 32 257 29 788 405 30 48 25 27 837 26 99 32 49 26 125 29 49 45 108 151 30 305 190 27 43
leaf_count=934 27 304 760 831 32 257 29 788 405 30 48 25 27 837 26 99 32 49 26 125 29 49 45 108 151 30 305 190 27 43
internal_value=-0.000808518 -0.000644465 -0.00054502 -0.00143423 -0.000377871 -6.00811e-05 -0.00098099 -3.42308e-05 -0.000139002 0.000392718 0.00235402 -0.000226252 0.00588679 -0.000470235 0.000987754 0.00305579 0.00828235 5.36903e-05 0.013434 0.00148837 0.0028855 0.005952 0.00277895 8.69556e-05 -0.000975695 -0.000139225 0.000570469 0.00219931 0.00554455 0.00901408
internal_weight=6668 5734 5430 858 4572 2995 1577 817 2963 1812 434 1378 52 1326 489 232 84 148 52 386 261 124 94 137 1151 746 595 290 100 70
internal_count=6668 5734 5430 858 4572 2995 1577 817 2963 1812 434 1378 52 1326 489 232 84 148 52 386 261 124 94 137 1151 746 595 290 100 70
is_linear=0
shrinkage=0.04


Tree=98
num_leaves=31
num_cat=0
split_feature=7 3 0 7 7 3 11 5 11 9 5 1 14 1 9 6 5 13 16 11 17 7 9 3 6 20 2 4 7 1
split_gain=0.792925 0.662453 0.569687 0.819153 0.595664 0.912351 0.64359 2.17828 1.22886 0.595129 1.02106 1.03297 1.0139 0.720397 0.719979 1.27059 0.639278 1.0211 0.594984 1.7268 0.575191 0.858434 1.57891 2.33307 0.821617 1.39657 0.747837 0.55733 0.542893 0.530386
threshold=1.1729166666666668 2.1500000000000008 3.8500000000000001 2.5854166666666671 6.7104166666666671 10.65 -3.0499999999999994 12.350000000000003 9.9500000000000011 52.500000000000007 5.6500000000000012 10.050000000000002 101.50000000000001 4.2500000000000009 64.500000000000014 5.3333333333333313 3.0500000000000003 2.5500000000000003 32.500000000000007 15.350000000000003 0.25881904510252091 5.1895833333333341 68.500000000000014 4.6500000000000012 7.5833333333333313 -0.22252093395631442 5.2500000000000009 3.3500000000000001 7.2791666666666677 13.350000000000003
decision_type=2 2 2 2 2 2 2 2 2 2 2 2 2 2 2 2 2 2 2 2 2 2 2 2 2 2 2 2 2 2
left_child=-1 -2 -3 -4 5 9 7 29 -8 16 20 12 -12 -14 15 -15 17 -5 19 -10 21 22 -11 -24 -23 -26 -25 -17 -20 -6
right_child=1 2 3 4 6 -7 8 -9 18 10 11 -13 13 14 -16 27 -18 -19 28 -21 -22 24 23 26 25 -27 -28 -29 -30 -31
leaf_value=0.013283807391693421 -0.024032789260568312 -0.014067787447551876 0.032180180334754858 -0.089250099751959466 -0.018900581688770134 0.059753218323697385 -0.037489558382292641 0.027649730427940375 0.090782017762275249 -0.0035080067866414184 0.026889889244519509 0.038137212945760134 0.04860084332852032 0.14736563676107736 -0.011133186193750682 0.019072251113090171 -0.020013916666271118 0.031607773834464149 -0.039379980901641971 -0.0073292732942756081 -0.0070049887981784168 -0.097381067504663174 -0.0004940818791811548 0.21822237683869353 0.042479970386512314 -0.063423494279055068 0.009884818325769389 -0.026171309043829721 -0.0027024114355808878 0.016518863906572031
leaf_weight=28 923 1609 26 29 90 28 691 41 44 107 33 44 41 38 204 53 230 40 97 111 336 128 62 25 27 47 33 49 1429 25
leaf_count=28 923 1609 26 29 90 28 691 41 44 107 33 44 41 38 204 53 230 40 97 111 336 128 62 25 27 47 33 49 1429 25
internal_value=-0.000808518 -0.000837224 -0.000676461 -0.000426382 -0.000472203 0.00014405 -0.00085093 0.00163057 -0.00101475 1.04771e-05 0.000400651 0.00188337 0.00126014 0.000673574 6.95643e-05 0.0022695 -0.00158667 0.00177143 -0.000430441 0.00192308 -0.000496085 0.000474418 0.00215789 0.00528926 -0.00141872 0.00192 0.010983 -7.76708e-05 -0.000670597 -0.0012069
internal_weight=6668 6640 5717 4108 4082 1554 2528 156 2372 1526 1227 462 418 385 344 140 299 69 1681 155 765 429 227 120 202 74 58 102 1526 115
internal_count=6668 6640 5717 4108 4082 1554 2528 156 2372 1526 1227 462 418 385 344 140 299 69 1681 155 765 429 227 120 202 74 58 102 1526 115
is_linear=0
shrinkage=0.04


Tree=99
num_leaves=31
num_cat=0
split_feature=5 5 10 10 0 16 2 12 14 12 16 13 16 9 13 19 10 9 4 0 0 16 11 13 1 4 6 19 14 11
split_gain=0.583274 0.518941 0.970663 1.65478 0.761378 0.554391 1.39888 0.507916 0.473046 0.37619 1.16786 0.896731 0.353312 0.391997 0.429199 0.346846 1.43638 1.51886 1.12459 1.19634 2.42429 2.34571 1.58369 2.54621 2.64559 1.13617 1.03208 1.14906 1.13487 2.09187
threshold=2.1500000000000008 1.4500000000000002 6.7500000000000009 7.8500000000000005 6.4500000000000011 1007.5000000000001 3.1500000000000008 90.500000000000014 179.50000000000003 61.500000000000007 877.50000000000011 4.1500000000000012 57.500000000000007 54.500000000000007 1.6500000000000001 -1.0000000180025095e-35 5.8500000000000005 105.50000000000001 12.950000000000001 4.5500000000000007 5.3500000000000005 262.50000000000006 14.950000000000001 6.0500000000000007 7.4500000000000011 9.4500000000000011 9.0916666666666668 0.6078576107927941 153.50000000000003 12.350000000000003
decision_type=2 2 2 2 2 2 2 2 2 2 2 2 2 2 2 2 2 2 2 2 2 2 2 2 2 2 2 2 2 2
left_child=1 2 4 -4 9 -3 -7 15 -9 10 11 -1 13 14 -10 16 17 18 19 25 21 -21 -22 -24 -25 -2 -17 -28 -29 -30
right_child=7 5 3 -5 -6 6 -8 8 12 -11 -12 -13 -14 -15 -16 26 -18 -19 -20 20 22 -23 23 24 -26 -27 27 28 29 -31
leaf_value=-0.052212659754589837 -0.0013703533798692588 -0.049688950986732115 0.036029558545482614 -0.0012838716411667306 0.048744647774191997 0.033146215910998346 -0.063555245027857921 -0.10707239767203525 -0.037069569312876471 -0.044725176602305274 -0.089383275595153577 0.037519967488281111 0.027623679838953401 -0.11398926984052661 0.016179153261758887 -0.0098610895219581746 -0.0049510868616923203 -0.13049780849052753 -0.0064140746460873838 0.3328884565093459 -0.045161643013692701 0.19828333455254815 -0.00066128979148398753 0.10812425563304486 0.030463681627143191 0.14633927261816448 -0.0056639165801381916 -0.002995099397748563 0.10755431859150863 0.01819941844221459
leaf_weight=26 379 404 25 51 27 41 58 164 30 166 97 39 26 55 29 2188 1299 136 184 34 105 34 86 26 56 34 510 160 46 153
leaf_count=26 379 404 25 51 27 41 58 164 30 166 97 39 26 55 29 2188 1299 136 184 34 105 34 86 26 56 34 510 160 46 153
internal_value=-0.000844505 -0.00177112 -0.000750001 0.00332467 -0.00162921 -0.00264286 3.99991e-05 -0.000693288 -0.00228197 -0.00216413 -0.000785277 0.00333333 -0.000567377 -0.00153044 0.000733332 -0.000603941 -0.000240945 0.000840929 0.00141427 0.00209801 0.00384795 0.0105507 0.00214598 0.00454438 0.00954217 0.000647342 -0.000885547 0.000280459 0.00201111 0.00402
internal_weight=6668 934 431 76 355 503 99 5734 304 328 162 65 140 114 59 5430 2373 1074 938 754 341 68 273 168 82 413 3057 869 359 199
internal_count=6668 934 431 76 355 503 99 5734 304 328 162 65 140 114 59 5430 2373 1074 938 754 341 68 273 168 82 413 3057 869 359 199
is_linear=0
shrinkage=0.04


Tree=100
num_leaves=31
num_cat=0
split_feature=8 18 4 7 19 10 5 7 11 19 11 5 3 7 0 0 6 4 11 1 6 2 3 7 8 9 4 11 11 5
split_gain=0.880758 0.601362 0.603535 0.620004 0.86982 0.693695 0.570863 1.50465 1.36683 2.05138 2.04448 1.63241 1.55657 1.86462 1.4802 1.43274 1.30283 1.218 1.09971 1.04477 1.0276 0.934007 1.55549 1.43003 1.30252 1.29575 0.898601 0.820173 0.82616 0.759719
threshold=2.1500000000000008 1.0000000180025095e-35 1.1500000000000001 4.6187500000000012 1.0000000180025095e-35 8.5500000000000025 7.4500000000000011 8.127083333333335 5.7500000000000009 -0.60785761079279388 -0.34999999999999992 11.15 2.3500000000000001 4.8729166666666677 8.7500000000000018 4.8500000000000005 10.091666666666667 8.5500000000000025 9.9500000000000011 7.3500000000000005 2.6666666666666639 13.15 15.350000000000003 10.502083333333337 16.650000000000002 57.500000000000007 7.7500000000000009 32.050000000000004 11.950000000000001 0.8500000000000002
decision_type=2 2 2 2 2 2 2 2 2 2 2 2 2 2 2 2 2 2 2 2 2 2 2 2 2 2 2 2 2 2
left_child=1 2 -1 5 -5 -4 21 8 9 -8 -11 12 -12 -14 15 -15 17 20 -9 -17 -10 26 23 24 25 -23 29 28 -20 -2
right_child=6 -3 3 4 -6 -7 7 18 16 10 11 -13 13 14 -16 19 -18 -19 27 -21 -22 22 -24 -25 -26 -27 -28 -29 -30 -31
leaf_value=0.038956296311419489 0.0094825382049471274 -0.063294945604242883 -0.11043329002302382 0.07926868025416299 -0.039974508332000246 0.01604952317215488 -0.031015049871256979 -0.028485981065918608 0.0083785603204569199 -0.00022397565052345786 -0.0080432125030920967 -0.03225817146498465 0.48713902188103581 0.17253872667661682 0.03904138735685752 -0.031205129730484119 0.066945060189223332 0.047915922987059129 0.10325215920780771 0.0053594459705628974 -0.014077626466053195 0.10368472922172667 -0.026617823008474786 0.10462064768928693 -0.046470280404224393 0.0040994372906596518 -0.029773280240142922 0.40807246488152515 -0.0031677513679242049 -0.0039372197917071465
leaf_weight=26 77 409 189 40 34 25 116 371 42 89 30 32 31 33 28 31 25 34 26 25 356 26 100 25 33 34 765 37 1106 2484
leaf_count=26 77 409 189 40 34 25 116 371 42 89 30 32 31 33 28 31 25 34 26 25 356 26 100 25 33 34 765 37 1106 2484
internal_value=-0.000688025 -0.00200553 -0.000685715 -0.00121799 0.00192 -0.00230698 -0.000527783 -5.3047e-05 0.00127377 0.00293269 0.00468 0.00682464 0.00831285 0.00998658 0.00755932 0.00493333 -0.000235809 -0.000757507 -0.000804673 0.000982455 -0.00138346 -0.000850777 0.00168036 0.00477311 0.00242553 0.00590164 -0.00101713 -0.00020171 -0.000395411 -0.0006573
internal_weight=6679 723 314 288 74 214 5956 2412 872 415 299 210 178 148 117 89 457 432 1540 56 398 3544 218 118 93 60 3326 1169 1132 2561
internal_count=6679 723 314 288 74 214 5956 2412 872 415 299 210 178 148 117 89 457 432 1540 56 398 3544 218 118 93 60 3326 1169 1132 2561
is_linear=0
shrinkage=0.04


Tree=101
num_leaves=31
num_cat=0
split_feature=8 14 6 5 6 11 16 14 11 12 19 16 10 4 3 8 0 4 10 1 11 2 3 9 14 3 3 5 19 12
split_gain=0.739705 0.485863 1.09525 1.19587 1.01917 0.677902 1.44737 0.898405 0.674795 1.76217 1.52284 1.80109 0.733237 0.57597 0.704876 0.858912 1.44502 1.49162 0.818193 1.64328 0.798868 0.790092 0.786775 0.699262 0.697483 0.67774 0.659786 1.21938 0.61545 1.64881
threshold=2.2500000000000004 178.50000000000003 1.7333333333333301 4.0500000000000007 42.70000000000001 30.150000000000002 1032.5000000000002 29.500000000000004 0.45000000000000007 80.500000000000014 -1.0000000180025095e-35 27.500000000000004 8.9500000000000011 12.950000000000001 8.0500000000000025 18.250000000000004 12.050000000000002 9.7500000000000018 18.850000000000005 8.3500000000000032 -0.54999999999999993 4.4500000000000011 10.450000000000001 48.500000000000007 350.50000000000006 8.3500000000000032 5.9500000000000011 2.8500000000000001 -1.0000000180025095e-35 63.500000000000007
decision_type=2 2 2 2 2 2 2 2 2 2 2 2 2 2 2 2 2 2 2 2 2 2 2 2 2 2 2 2 2 2
left_child=-1 5 3 -3 13 8 7 -7 9 -2 -11 -12 -13 14 18 16 25 22 20 -20 -4 23 -18 -22 -15 -16 -23 -28 29 -25
right_child=1 2 4 -5 -6 6 -8 -9 -10 10 11 12 -14 24 15 -17 17 -19 19 -21 21 26 -24 28 -26 -27 27 -29 -30 -31
leaf_value=-0.03384229272751467 -0.0077135848887483387 -0.0024459677348014591 -0.024483908400067179 0.0067958304673415605 0.10442528735565684 0.035244340504242307 -0.017538146169633732 0.39174961369374678 -0.0091146029285914306 -0.039019675022379706 -0.004641330724809524 0.18542150409258418 0.031456845717070275 -0.025914419379966629 0.0076551800926640068 -0.028402362073472902 0.018764300949075989 0.11050391028308949 0.10622332842967191 -0.010641803559349438 0.019656821897479772 -0.01412080914873675 -4.4350051188081782e-05 -0.014413643333917526 0.39427117067462364 -0.0013425710652880422 0.023372907709070811 -0.0046368522587767374 -0.0035762529910636693 0.11011358635646155
leaf_weight=782 183 26 328 29 28 28 82 27 2414 53 31 30 40 381 44 115 41 49 29 60 47 380 75 149 29 400 48 232 377 142
leaf_count=782 183 26 328 29 28 28 82 27 2414 53 31 30 40 381 44 115 41 49 29 60 47 380 75 149 29 400 48 232 377 142
internal_value=-0.000694013 -0.000540523 -0.000184719 0.00535714 -0.000289679 -0.000911043 0.00182609 0.00678571 -0.00104797 0.000627218 0.00376774 0.00662745 0.0101408 -0.000363513 -0.000136672 0.000915861 0.00151475 0.00469879 -0.000562187 0.00315555 -0.000758217 -0.000334303 0.00218803 0.000586591 -0.00175183 0.000323595 -0.00133132 0.000142348 0.00025112 0.00163014
internal_weight=6679 5897 3009 55 2954 2888 137 55 2751 337 154 101 70 2926 2516 724 609 165 1792 89 1703 1375 116 715 410 444 660 280 668 291
internal_count=6679 5897 3009 55 2954 2888 137 55 2751 337 154 101 70 2926 2516 724 609 165 1792 89 1703 1375 116 715 410 444 660 280 668 291
is_linear=0
shrinkage=0.04


Tree=102
num_leaves=31
num_cat=0
split_feature=5 4 13 19 0 9 3 10 17 9 9 19 10 13 13 13 8 12 10 6 5 5 13 8 2 19 5 5 14 14
split_gain=0.793612 0.890421 0.869374 1.42036 1.64338 2.12445 1.11185 1.03937 0.888754 0.88933 0.849732 1.47989 2.11981 0.911583 0.889443 0.762687 0.964511 0.868088 1.69794 0.755919 1.53356 1.28826 0.726416 0.720545 0.874376 1.16279 0.713719 0.745649 0.823469 0.948684
threshold=4.9500000000000011 7.4500000000000011 2.3500000000000001 0.6078576107927941 5.7500000000000009 72.500000000000014 39.250000000000007 21.350000000000005 0.37940952255126054 58.500000000000007 50.500000000000007 0.6078576107927941 12.550000000000002 5.2500000000000009 15.050000000000002 13.15 3.8500000000000001 49.500000000000007 1.8500000000000003 3.0333333333333297 2.4500000000000006 4.3500000000000005 0.65000000000000002 11.550000000000002 15.15 -0.60785761079279388 9.9500000000000011 7.4500000000000011 104.50000000000001 268.50000000000006
decision_type=2 2 2 2 2 2 2 2 2 2 2 2 2 2 2 2 2 2 2 2 2 2 2 2 2 2 2 2 2 2
left_child=1 10 3 6 5 -5 7 26 9 -6 11 -1 -13 -12 15 16 17 18 -15 20 -18 -21 -9 -3 25 -25 27 -2 -29 -30
right_child=2 23 -4 4 8 -7 -8 22 -10 -11 13 12 -14 14 -16 -17 19 -19 -20 21 -22 -23 -24 24 -26 -27 -28 28 29 -31
leaf_value=-0.018086784594364917 -0.015352367777712572 -0.052173120277411236 -0.0030037999929670555 0.083938686456741268 -0.010233763445193056 -0.026943077148221778 0.12078012991843536 0.021651548395523738 -0.003536625855201956 0.11527658867836815 -0.021903608806239237 0.04778399784701616 -0.037379137825175941 -0.030229877035680079 -0.023961583448861165 0.037387243581569127 0.072997129128114915 -0.038245050319913959 0.048044515167036679 -0.0019146660068428466 -0.0027187609555180672 0.045790728568421313 -0.0053986782345962761 0.064580737803084876 -0.049549447187719649 -0.016837362899367287 -0.040092194511531502 0.026348788035538612 -0.0013967241568964817 0.19530107647845593
leaf_weight=113 227 561 2816 48 27 26 32 26 85 38 1332 42 33 58 77 40 25 218 28 207 25 37 28 25 42 39 225 25 147 27
leaf_count=113 227 561 2816 48 27 26 32 26 85 38 1332 42 33 58 77 40 25 218 28 207 25 37 28 25 42 39 225 25 147 27
internal_value=-0.000717965 -0.0012153 -0.000335628 0.000702702 0.00348444 0.00832 -0.000146342 -0.000481587 0.0010596 0.00454545 -0.000831844 0.00173545 0.00605263 -0.00106836 8.37979e-05 0.000575899 0.000213689 -0.00136394 0.00202299 0.00184407 0.00627451 0.000914285 0.0048 -0.00249701 0.000523364 0.00344615 -0.000926381 3.74698e-05 0.00182 0.000822856
internal_weight=6679 2902 3777 961 224 74 737 705 150 65 2235 188 75 2047 715 638 598 304 86 294 50 244 54 667 106 64 651 426 199 174
internal_count=6679 2902 3777 961 224 74 737 705 150 65 2235 188 75 2047 715 638 598 304 86 294 50 244 54 667 106 64 651 426 199 174
is_linear=0
shrinkage=0.04


Tree=103
num_leaves=31
num_cat=0
split_feature=18 12 19 7 8 9 7 9 9 17 7 11 16 20 5 12 14 7 7 7 7 4 14 14 11 5 16 5 7 20
split_gain=0.730138 0.832895 1.27045 0.785595 3.02596 1.17422 0.919574 0.780367 0.770709 0.765821 1.14158 1.02747 1.46079 1.00814 1.14288 1.23091 1.07385 2.52388 1.0445 0.968907 1.7804 0.95989 0.959047 0.93805 1.65706 1.34582 0.866897 1.15934 0.848178 1.84534
threshold=-0.70710678118654757 42.500000000000007 1.0000000180025095e-35 3.9062500000000004 6.6500000000000012 48.500000000000007 5.1604166666666673 78.500000000000014 80.500000000000014 -1.0000000180025095e-35 1.4020833333333338 17.950000000000003 382.50000000000006 -0.22252093395631442 6.0500000000000007 23.500000000000004 209.50000000000003 5.6895833333333341 2.9354166666666672 3.6270833333333341 8.127083333333335 2.7500000000000004 133.50000000000003 188.50000000000003 27.650000000000002 3.7500000000000004 52.500000000000007 3.0500000000000003 5.1604166666666673 0.81174490092936691
decision_type=2 2 2 2 2 2 2 2 2 2 2 2 2 2 2 2 2 2 2 2 2 2 2 2 2 2 2 2 2 2
left_child=1 2 -1 4 5 -3 -5 -8 -7 11 -11 -2 22 14 18 -16 -17 -18 26 -15 23 -14 -13 24 25 -21 27 -12 -27 -30
right_child=9 3 -4 6 -6 8 7 -9 -10 10 13 12 21 19 15 16 17 -19 -20 20 -22 -23 -24 -25 -26 28 -28 -29 29 -31
leaf_value=-0.056308537109378054 -0.033811919348926134 0.017627759775008238 0.047042740352777841 -0.031007993735516208 0.31213507228801424 -0.016980958622218562 0.00038419851222448682 -0.053306720053543685 0.022313512329028517 0.0072553583068481918 0.029523030724950154 0.040264177177824864 0.042397140621222927 -0.034930371463161906 0.49764066670589124 8.6323263467472957e-05 0.48846651704879912 0.002824719437371712 -0.0086795051114780305 -0.058088972980397377 -0.021448248508151701 -0.011039804571223319 0.27140731246176081 -0.0041778981015404724 0.043322197203170723 0.023673101055706715 -0.0066538088128961451 0.001729328000826779 -0.0087026637622443469 0.014847705207440848
leaf_weight=42 1360 40 44 259 25 268 914 76 41 27 37 50 26 328 29 412 30 125 415 69 537 747 26 264 25 134 65 46 175 43
leaf_count=42 1360 40 44 259 25 268 914 76 41 27 37 50 26 328 29 412 30 125 415 69 537 747 26 264 25 134 65 46 175 43
internal_value=-0.000664073 4.91219e-05 0.00386207 -0.000155173 0.00145067 0.00046857 -0.000636801 -8.07275e-05 -0.000374194 -0.000909275 -0.000464881 -0.00146425 -0.000371766 -0.000546984 0.000348275 0.00156784 0.00114789 0.00397436 -0.000943263 -0.00120558 -0.000695514 -0.000894058 0.00488312 0.000618846 0.00173602 0.00112796 0.00193288 0.00461905 0.00213031 0.000584474
internal_weight=6679 1709 86 1623 374 349 1249 990 309 4970 2761 2209 849 2734 1159 596 567 155 563 1575 1247 773 76 710 446 421 148 83 352 218
internal_count=6679 1709 86 1623 374 349 1249 990 309 4970 2761 2209 849 2734 1159 596 567 155 563 1575 1247 773 76 710 446 421 148 83 352 218
is_linear=0
shrinkage=0.04


Tree=104
num_leaves=31
num_cat=0
split_feature=5 14 13 18 11 11 6 19 20 11 7 4 13 17 4 11 11 11 18 14 6 0 0 4 4 8 5 17 2 13
split_gain=0.813349 0.842113 0.992315 1.09173 2.19542 1.28956 1.19563 0.801676 0.764734 1.23506 1.44319 2.98245 1.00084 1.4015 1.32451 1.08814 1.44367 2.12995 1.07598 1.76608 0.981532 0.871474 0.82101 1.0613 2.0895 1.3797 1.2704 0.820068 0.779989 0.77499
threshold=6.0500000000000007 163.50000000000003 2.5500000000000003 -0.60355339059327384 15.750000000000002 -1.3499999999999999 13.991666666666664 1.0000000180025095e-35 1.0000000180025095e-35 32.050000000000004 7.6104166666666684 9.4500000000000011 3.6500000000000008 -0.25881904510252113 2.1500000000000008 17.650000000000002 10.15 3.0500000000000003 -0.12940952255126037 219.50000000000003 7.5833333333333313 8.6500000000000004 15.15 13.15 8.4500000000000011 11.250000000000002 11.550000000000002 0.12940952255126045 6.0500000000000007 3.5500000000000003
decision_type=2 2 2 2 2 2 2 2 2 2 2 2 2 2 2 2 2 2 2 2 2 2 2 2 2 2 2 2 2 2
left_child=1 7 -3 4 5 -4 -5 -1 9 10 11 12 13 -2 -15 16 17 20 -14 28 -16 -10 23 24 -23 -26 -27 29 -20 -24
right_child=8 2 3 6 -6 -7 -8 -9 21 -11 -12 -13 18 14 15 -17 -18 -19 19 -21 -22 22 27 -25 25 26 -28 -29 -30 -31
leaf_value=-0.0098651672896616759 -0.0022553090945190667 -0.015808074367830535 -0.034021304499271349 -0.0047520885137735062 0.042600680931866641 0.0095534303586087051 0.080009635872814733 -0.039251856074400876 -0.013827834533786854 0.47880300669175263 -0.0038967232292488226 0.1978764295624989 -0.01865539793076337 -0.02545034970071406 0.020331867671507853 0.058981233823677412 -0.0059643410128803866 0.15078658908668793 -0.0047570349933148534 0.37474770529687385 -0.037052176093759832 -0.001459702143442865 0.076793896929895397 -0.075496060048633254 -0.001820321175219426 0.054785760731908051 0.082204018877271315 -0.049969560525800712 0.03095563059126679 -0.012971124363964867
leaf_weight=797 114 730 67 979 36 234 27 623 765 28 926 28 225 44 50 28 43 49 118 29 41 171 43 127 33 37 50 153 27 57
leaf_count=797 114 730 67 979 36 234 27 623 765 28 926 28 225 44 50 28 43 49 118 29 41 171 43 127 33 37 50 153 27 57
internal_value=-0.000658085 -0.00107957 -0.000565093 8.03562e-05 0.00204734 0.000913906 -0.000579941 -0.0018297 -0.000195796 0.000365504 0.000227509 0.00147553 0.000998699 0.0024973 0.00414062 0.00545283 0.00428261 0.00624113 -0.000390001 0.00196571 0.00256522 -0.000879611 0.000172618 0.00126014 0.00258904 0.00661157 0.00922727 -0.00162205 0.000136985 0.00118812
internal_weight=6679 3493 2073 1343 337 301 1006 1420 3186 1750 1722 796 768 369 255 211 183 140 399 174 91 1436 671 418 291 120 87 253 145 100
internal_count=6679 3493 2073 1343 337 301 1006 1420 3186 1750 1722 796 768 369 255 211 183 140 399 174 91 1436 671 418 291 120 87 253 145 100
is_linear=0
shrinkage=0.04


Tree=105
num_leaves=31
num_cat=0
split_feature=14 12 13 16 19 9 0 8 6 17 20 14 3 3 19 17 20 0 17 13 3 4 14 13 13 17 10 13 4 9
split_gain=0.691394 0.63964 0.574882 0.692116 1.57344 1.60379 0.776605 2.10728 0.877658 0.758927 0.74345 0.793718 0.843973 2.11574 1.43992 1.8982 1.25686 0.993979 0.756091 0.897006 0.744603 0.73989 0.648344 0.618782 0.713407 0.75171 0.996836 1.68369 1.25998 0.785863
threshold=179.50000000000003 90.500000000000014 2.1500000000000008 22.500000000000004 1.0000000180025095e-35 59.500000000000007 8.1500000000000004 9.0500000000000025 3.324999999999998 0.91597561503675362 0.81174490092936691 231.50000000000003 9.1500000000000004 10.250000000000002 -0.60785761079279388 0.37940952255126054 1.0000000180025095e-35 15.750000000000002 0.37940952255126054 4.0500000000000007 8.7500000000000018 5.2500000000000009 304.50000000000006 15.550000000000002 13.15 0.60355339059327384 9.2500000000000018 6.5500000000000007 2.9500000000000006 58.500000000000007
decision_type=2 2 2 2 2 2 2 2 2 2 2 2 2 2 2 2 2 2 2 2 2 2 2 2 2 2 2 2 2 2
left_child=1 -1 -2 4 -4 -6 8 -8 23 -10 11 18 22 -14 -15 16 17 -16 19 20 -9 -11 -13 24 25 29 27 28 -27 -5
right_child=2 -3 3 6 5 -7 7 10 9 21 -12 12 13 14 15 -17 -18 -19 -20 -21 -22 -23 -24 -25 -26 26 -28 -29 -30 -31
leaf_value=-0.0061836966131888806 -0.011990829396174234 -0.10798215780131029 -0.096560667198815453 0.011190082173793907 0.053884805594187485 0.00025072730554104734 0.022632472639224268 0.45202388260412835 -0.0097771514721366626 -0.0076274858836537628 -0.027037917730518026 -0.034222064180554145 0.052115093379872135 -0.031138931927224733 -0.038393978091437117 0.072982875534851777 0.4826923045974052 0.073573485416998582 -0.012824394126942331 -0.02344266092813951 0.0010360864486589321 0.028283492435059114 0.095570793069591362 -0.039513167630488455 0.035662578715142057 0.0068118947074750722 -0.0071554888456683485 -0.0047656925373665091 0.36188534467872385 -0.008215119298534513
leaf_weight=3137 964 179 58 48 35 29 36 25 752 71 114 50 29 66 50 26 26 30 144 50 44 47 25 78 51 27 42 34 28 340
leaf_count=3137 964 179 58 48 35 29 36 25 752 71 114 50 29 66 50 26 26 30 144 50 44 47 25 78 51 27 42 34 28 340
internal_value=-0.000804703 -0.00121315 -0.000396386 -5.94237e-05 0.00286179 0.00713846 -0.000220234 0.000865921 -0.000732062 -0.00156142 0.000358823 0.000954063 0.00234983 0.0035614 0.00205025 0.00445113 0.00201869 -0.000493828 -0.000651516 0.0017 0.00462857 0.00141176 -0.00131579 0.000382125 0.00084063 0.000392307 0.003 0.00537778 0.00964286 -0.000493574
internal_weight=6635 3316 3319 2355 122 64 2233 715 1518 870 679 565 302 227 198 132 106 80 263 119 69 118 75 648 570 519 131 89 55 388
internal_count=6635 3316 3319 2355 122 64 2233 715 1518 870 679 565 302 227 198 132 106 80 263 119 69 118 75 648 570 519 131 89 55 388
is_linear=0
shrinkage=0.04


Tree=106
num_leaves=31
num_cat=0
split_feature=2 2 7 5 9 13 7 11 20 12 19 20 14 12 13 13 3 20 9 16 11 0 14 16 7 10 10 11 10 1
split_gain=0.43456 0.641113 0.561349 1.22346 1.33294 1.3398 1.40062 1.09715 0.951329 1.18071 1.14572 1.08786 1.2314 1.07076 0.854524 0.685416 1.49544 1.01863 2.54536 0.721216 0.757839 1.20729 0.66226 1.55673 0.637248 1.58287 0.552755 0.993609 1.37619 0.547575
threshold=0.45000000000000007 1.9500000000000002 8.4208333333333361 8.2500000000000018 50.500000000000007 1.0500000000000003 6.3875000000000011 10.350000000000003 1.0000000180025095e-35 66.500000000000014 -0.60785761079279388 -0.56174490092936669 162.50000000000003 80.500000000000014 4.7500000000000009 6.0500000000000007 10.950000000000001 0.81174490092936691 71.500000000000014 102.50000000000001 24.850000000000005 5.5500000000000007 56.500000000000007 357.50000000000006 7.6479166666666671 5.6500000000000012 2.0500000000000003 10.550000000000002 0.8500000000000002 3.1500000000000008
decision_type=2 2 2 2 2 2 2 2 2 2 2 2 2 2 2 2 2 2 2 2 2 2 2 2 2 2 2 2 2 2
left_child=-1 -2 3 15 -5 6 -6 -4 9 10 -7 12 -11 -14 -12 -3 17 19 -19 -17 26 29 23 -9 -10 -26 27 28 -21 -22
right_child=1 2 7 4 5 8 -8 22 24 11 14 -13 13 -15 -16 16 -18 18 -20 20 21 -23 -24 -25 25 -27 -28 -29 -30 -31
leaf_value=0.015602666953237969 -0.02116852450482231 -0.007093216533326281 -0.03600952414829868 -0.023982493440689097 0.085056285751708233 0.11929292261101151 0.0022335626215916199 0.33480959331083299 -0.018299727517243222 -0.043210134073108197 0.25346817687188844 -0.01798172130234801 0.17843850395884364 0.15137803619135989 -0.0076005684164132774 0.020112326681577437 0.1681912631840998 0.022224082396820419 -0.017126166967241698 -0.092965564747044885 0.021174284993151823 0.023176795650145247 -0.0053670287003666972 -0.0024284474586083312 -0.089631696372288849 0.0065726623104436863 -0.012037338290849232 -0.011948025074800335 0.041435749419901739 -0.041663329630786131
leaf_weight=53 718 2385 540 122 25 31 28 42 151 33 42 85 31 36 39 29 26 42 49 27 36 47 1243 156 26 25 346 141 35 46
leaf_count=53 718 2385 540 122 25 31 28 42 151 33 42 85 31 36 39 29 26 42 49 27 36 47 1243 156 26 25 346 141 35 46
internal_value=-0.000834841 -0.000864045 -0.000725662 -0.000445933 0.00110222 0.00193852 0.00792592 -0.00127346 0.001288 0.00272483 0.0059469 0.000752687 0.00356436 0.00664706 0.00336585 -0.000771341 0.000223029 -9.01136e-05 0.00386956 -0.000604521 -0.000871871 0.00187692 -0.000696256 0.00144724 -0.000827587 0.003 -0.00152 0.000137254 0.00431746 -0.00106024
internal_weight=6635 6582 5864 3883 674 552 53 1981 499 297 112 185 100 67 81 3209 824 798 91 707 678 129 1441 198 202 51 549 203 62 82
internal_count=6635 6582 5864 3883 674 552 53 1981 499 297 112 185 100 67 81 3209 824 798 91 707 678 129 1441 198 202 51 549 203 62 82
is_linear=0
shrinkage=0.04


Tree=107
num_leaves=31
num_cat=0
split_feature=18 1 2 14 5 15 19 11 11 17 12 13 2 10 11 11 10 6 14 12 19 6 18 19 16 5 0 14 11 10
split_gain=0.525833 0.651586 0.979237 0.564259 0.553071 0.544686 0.993646 1.01575 1.49417 2.46631 1.31294 0.715609 0.682695 1.14184 0.657068 0.528791 1.09559 0.93281 2.09156 1.00948 0.7507 0.753456 1.38703 1.12612 1.64909 1.03934 0.681033 0.860153 0.659929 0.631174
threshold=0.98296291314453421 2.0500000000000003 5.1500000000000012 156.50000000000003 0.75000000000000011 1.0000000180025095e-35 1.0000000180025095e-35 4.4500000000000011 -0.34999999999999992 0.25881904510252091 68.500000000000014 10.950000000000001 0.55000000000000016 3.6500000000000008 17.250000000000004 22.850000000000005 1.1500000000000001 6.5166666666666657 77.500000000000014 28.500000000000004 1.0000000180025095e-35 5.0166666666666648 -0.12940952255126037 -0.60785761079279388 37.500000000000007 7.4500000000000011 7.7500000000000009 21.500000000000004 -1.6499999999999997 2.0500000000000003
decision_type=2 2 2 2 2 2 2 2 2 2 2 2 2 2 2 2 2 2 2 2 2 2 2 2 2 2 2 2 2 2
left_child=3 -2 -3 4 -1 12 7 8 -7 -10 11 -9 13 -5 -8 20 -17 18 -18 -19 21 22 23 25 -25 -6 -23 -28 -22 -24
right_child=1 2 -4 5 15 6 14 10 9 -11 -12 -13 -14 -15 -16 16 17 19 -20 -21 28 26 29 24 -26 -27 27 -29 -30 -31
leaf_value=0.0057548601974569289 -0.073602715788042783 0.014488844929497537 -0.010502184181204705 -0.036750445666430112 -0.08064192991611549 -0.041412939889667405 -0.04354927448334564 0.021894124536150091 0.0041178695063101853 0.095533946422995425 -0.038635812312540638 -0.020522147490093193 -0.0041883111670787294 0.033960804285848724 0.092151195710488992 -0.03949468879442132 -0.013101427330919038 0.31383392896905427 0.082635015843231824 -0.033908528874810988 0.013091562290294892 -0.051791188892141488 0.066926330016040717 0.2781524763090033 0.0052239602143446051 0.061159875590954038 0.023631416464110835 -0.0078522287970211133 -0.039973708398929719 -0.019308641686250322
leaf_weight=30 83 98 89 25 57 31 109 41 33 26 73 26 3793 26 25 175 28 43 25 90 27 265 39 28 52 27 28 282 720 241
leaf_count=30 83 98 89 25 57 31 109 41 33 26 73 26 3793 26 25 175 28 43 25 90 27 265 39 28 52 27 28 282 720 241
internal_value=-0.000840869 0.000885608 0.00219149 -0.000914233 -0.00144022 -0.000644335 0.000832876 0.00242424 0.00571428 0.0094 0.000283687 0.00429412 -0.000784396 0.00376923 -0.0018963 -0.00151692 -0.000121548 0.00201069 0.00644444 0.000208954 -0.00180193 -0.00109412 0.000143819 0.00305454 0.00641975 -0.000188236 -0.00204861 -0.000771705 -0.00276471 -0.00156584
internal_weight=6635 270 187 6365 2157 4208 364 230 90 59 140 67 3844 51 134 2127 361 186 53 133 1766 1019 444 164 80 84 575 310 747 280
internal_count=6635 270 187 6365 2157 4208 364 230 90 59 140 67 3844 51 134 2127 361 186 53 133 1766 1019 444 164 80 84 575 310 747 280
is_linear=0
shrinkage=0.04


Tree=108
num_leaves=31
num_cat=0
split_feature=18 1 7 8 0 0 0 11 8 3 2 14 16 13 4 4 10 1 14 15 15 19 7 11 16 11 19 13 6 20
split_gain=0.511262 0.651586 1.05432 0.73105 0.62335 0.576517 0.699125 1.32734 1.67814 0.99152 0.580052 0.67424 0.577831 0.709382 0.668304 1.40656 0.894426 0.572787 0.548315 0.619125 1.32179 1.73505 1.884 0.546745 0.537691 0.490465 0.950063 1.27246 0.47764 1.49019
threshold=0.98296291314453421 2.0500000000000003 7.7395833333333348 7.3500000000000005 3.3500000000000001 3.2500000000000004 5.1500000000000012 5.3500000000000005 6.1500000000000012 8.3500000000000032 0.55000000000000016 176.50000000000003 27.500000000000004 1.1500000000000001 3.8500000000000001 5.6500000000000012 5.8500000000000005 9.0500000000000025 156.50000000000003 1.0000000180025095e-35 0.35000000000000003 1.0000000180025095e-35 6.7104166666666671 22.850000000000005 357.50000000000006 0.45000000000000007 -1.0000000180025095e-35 1.5500000000000003 3.0999999999999992 -0.22252093395631442
decision_type=2 2 2 2 2 2 2 2 2 2 2 2 2 2 2 2 2 2 2 2 2 2 2 2 2 2 2 2 2 2
left_child=5 -2 3 4 -3 10 7 8 9 12 11 -1 -7 -14 -15 16 -16 -4 23 -20 21 22 -21 25 -25 26 -8 -28 29 -9
right_child=1 2 17 -5 -6 6 18 28 -10 -11 -12 -13 13 14 15 -17 -18 -19 19 20 -22 -23 -24 24 -26 -27 27 -29 -30 -31
leaf_value=-0.0017436570769344692 -0.070658607156521086 0.013909295012424359 -0.030954698675163241 0.04991607341003329 -0.010524791224729655 -0.020543880161210747 -0.037492091144128686 -0.1038875769673609 0.44782293702286824 0.0097942317505936519 -0.017045395851462489 0.036575076182411306 0.021728555614330944 -0.0064100843304554875 0.052294803177949309 -0.0022487279947428739 0.087299874092175628 0.12804855025264353 -0.0022390570310351805 0.062508098692402925 -0.029571562293740181 -0.067767633709436101 0.0026140968389164014 0.28321160319829053 -0.012443427702636622 -0.034379541465685476 -0.004268357221370353 0.026457022954398026 -0.0196635290031054 0.022957634354380651
leaf_weight=25 83 38 59 27 38 93 55 41 25 49 1681 30 38 168 41 99 35 25 2182 33 64 34 35 45 216 814 25 28 464 45
leaf_count=25 83 38 59 27 38 93 55 41 25 49 1681 30 38 168 41 99 35 25 2182 33 64 34 35 45 216 814 25 28 464 45
internal_value=-0.000816758 0.000885608 0.00219149 0.00488461 0.00280519 -0.000889099 -0.000655724 0.000225659 0.00161749 0.00112214 -0.00151065 0.0025 0.000555789 0.00124607 0.00066279 0.00238636 0.00644156 -0.00112941 -0.000929786 -0.000575565 0.00177245 0.00458252 0.00823188 -0.00163176 -1.52681e-05 -0.00208884 0.000440366 0.00422222 -0.00116153 0.00156322
internal_weight=6635 270 187 103 76 6365 4629 1098 548 523 1736 55 474 381 343 175 76 84 3531 2348 166 102 68 1183 261 922 108 53 550 86
internal_count=6635 270 187 103 76 6365 4629 1098 548 523 1736 55 474 381 343 175 76 84 3531 2348 166 102 68 1183 261 922 108 53 550 86
is_linear=0
shrinkage=0.04


Tree=109
num_leaves=31
num_cat=0
split_feature=7 4 7 5 20 0 7 20 9 10 13 0 4 5 10 12 5 0 19 8 9 19 9 14 14 4 5 9 8 8
split_gain=0.966255 0.581886 0.609096 0.5651 2.16449 0.588378 0.505261 1.23728 2.34442 2.03246 1.71009 0.931038 0.94502 2.91291 0.843611 1.14354 1.08728 0.671161 1.91366 1.19543 1.20635 1.51224 0.960039 0.883146 1.26552 0.864069 0.636732 1.39246 0.58371 0.910705
threshold=1.1729166666666668 1.9500000000000002 2.1229166666666672 1.4500000000000002 -0.56174490092936669 13.15 8.1979166666666696 0.81174490092936691 69.500000000000014 7.9500000000000011 6.0500000000000007 14.350000000000003 10.750000000000002 5.5500000000000007 7.2500000000000009 75.500000000000014 6.6500000000000012 8.5500000000000025 -0.8783796973249266 9.2500000000000018 80.500000000000014 1.0000000180025095e-35 77.500000000000014 231.50000000000003 45.500000000000007 12.450000000000001 5.9500000000000011 91.500000000000014 10.250000000000002 7.2500000000000009
decision_type=2 2 2 2 2 2 2 2 2 2 2 2 2 2 2 2 2 2 2 2 2 2 2 2 2 2 2 2 2 2
left_child=-1 3 -3 4 -2 -5 7 11 10 -10 14 12 28 -14 15 -9 -16 18 22 -19 -21 26 -8 24 -23 -25 27 -22 29 -4
right_child=1 2 6 5 -6 -7 17 8 9 -11 -12 -13 13 -15 16 -17 -18 19 -20 20 21 23 -24 25 -26 -27 -28 -29 -30 -31
leaf_value=0.0093995406350560941 0.03166523943757097 -0.082786750816020105 -0.0064175537004229231 -0.025679423225829962 -0.10549269929971605 0.088055756388786016 0.010398459630677122 0.0015180362568809264 -0.023719951303016996 0.021408078807261623 0.025927434371917371 0.10845292156105533 -0.039141550743080379 0.17603444577711844 -0.014294539299270426 0.042164338895864309 0.023143521672951577 0.024205153555107103 -0.055207334923109926 -0.012544594373537143 0.081039161606151752 0.22891048999144434 -0.021379493181181146 0.019982288477403194 -0.011423194609515431 0.41291249279785741 -0.021356879748912976 -0.034086592503419687 -0.018098905431527409 0.0015785735547292343
leaf_weight=25 33 88 2225 637 51 26 53 29 182 45 38 43 53 25 65 25 28 27 573 885 26 36 63 29 88 28 229 33 356 591
leaf_count=25 33 88 2225 637 51 26 53 29 182 45 38 43 53 25 65 25 28 27 573 885 26 36 63 29 88 28 229 33 356 591
internal_value=-0.000774564 -0.00080472 -0.000670533 -0.00185562 0.00122353 -0.00224699 -0.000619807 -0.00033999 0.00172397 -0.001 0.00505376 -0.000598665 -0.000676716 0.00364557 0.00305405 0.00698182 0.000723403 -0.00112023 -0.00213913 -0.00061071 -0.000779337 0.000859574 0.00252991 0.00371428 0.001792 0.0077931 -0.000941177 0.00273333 -0.000784117 -0.0005907
internal_weight=6635 6610 5863 747 84 663 5775 3705 412 227 185 3293 3250 78 147 54 93 2070 689 1381 1354 469 116 181 124 57 288 59 3172 2816
internal_count=6635 6610 5863 747 84 663 5775 3705 412 227 185 3293 3250 78 147 54 93 2070 689 1381 1354 469 116 181 124 57 288 59 3172 2816
is_linear=0
shrinkage=0.04


Tree=110
num_leaves=31
num_cat=0
split_feature=20 4 10 8 19 13 11 6 4 9 5 4 18 0 3 6 6 8 5 3 14 14 15 18 18 11 12 19 9 8
split_gain=0.904835 1.17721 0.875647 0.748162 1.03553 1.49091 1.61444 1.12268 1.38448 2.0218 0.788648 0.933937 0.689703 0.665752 0.615269 0.796604 2.67667 1.27201 0.938104 0.779416 0.683726 1.01188 1.00373 1.06715 0.932578 0.877065 0.80741 0.7784 1.21457 0.87827
threshold=-0.22252093395631442 0.45000000000000007 0.55000000000000016 4.2500000000000009 1.0000000180025095e-35 4.1500000000000012 3.6500000000000008 2.8999999999999981 4.5500000000000007 83.500000000000014 0.75000000000000011 1.6500000000000001 0.78656609248549303 2.8500000000000001 2.3500000000000001 5.166666666666667 4.9749999999999988 7.1500000000000012 8.9500000000000011 4.6500000000000012 182.50000000000003 188.50000000000003 1.0000000180025095e-35 1.0000000180025095e-35 -0.60355339059327384 16.150000000000002 25.500000000000004 -0.60785761079279388 57.500000000000007 13.950000000000001
decision_type=2 2 2 2 2 2 2 2 2 2 2 2 2 2 2 2 2 2 2 2 2 2 2 2 2 2 2 2 2 2
left_child=2 -2 -1 4 5 -4 -7 8 9 -8 -5 -12 -3 -9 -13 16 17 18 19 -16 26 24 25 -24 -22 -23 -17 -27 -29 -30
right_child=1 12 3 10 -6 6 7 13 -10 -11 11 14 -14 -15 15 20 -18 -19 -20 -21 21 22 23 -25 -26 27 -28 28 29 -31
leaf_value=-0.088030607452955559 0.051172404568720097 -0.0046196138501427529 -0.013654044878455569 0.017194070379200576 -0.063266835321316744 -0.054800958062406119 0.18369199182714127 0.046974106748115675 -0.0059063800558285841 0.015301859313978428 -0.028939422080923958 -0.039462452231238024 -0.03039885506104081 -0.048957949508659782 -0.014854791066574531 0.40008953715707335 0.12022388199204077 0.26534669908299496 0.30302703661113606 0.017613848267836046 0.3781507806056989 -0.02113800203790718 0.0026029794419567863 0.056620911477507453 -0.019331630403144742 -0.021537287729898474 -0.0026106227400849512 0.029796836219945399 -0.0091645376674372864 0.062741104100179343
leaf_weight=129 35 2936 303 34 293 72 39 50 35 27 109 151 768 40 118 33 42 47 32 47 40 188 54 33 28 68 661 31 83 88
leaf_count=129 35 2936 303 34 293 72 39 50 35 27 109 151 768 40 118 33 42 47 32 47 40 188 54 33 28 68 661 31 83 88
internal_value=-0.000679668 -0.00108984 -0.000146037 5.82358e-06 -0.000972094 2.82177e-05 0.00222727 0.00414583 0.00701961 0.0103881 0.00045127 0.000338726 -0.00115952 0.00087912 0.000563896 0.000795482 0.00270383 0.00107755 -0.000343435 -0.00156627 0.000376146 0.00134853 0.00076923 0.00468182 0.00591304 1.74282e-05 -0.000483454 0.00147601 0.00271921 0.00137209
internal_weight=6614 3739 2875 2746 859 566 263 191 101 66 1887 1853 3704 90 1744 1593 286 244 197 165 1307 613 545 87 68 458 694 270 202 171
internal_count=6614 3739 2875 2746 859 566 263 191 101 66 1887 1853 3704 90 1744 1593 286 244 197 165 1307 613 545 87 68 458 694 270 202 171
is_linear=0
shrinkage=0.04


Tree=111
num_leaves=31
num_cat=0
split_feature=7 8 19 13 11 11 3 5 19 4 13 10 10 3 7 20 3 18 19 6 11 0 3 12 10 11 6 12 16 4
split_gain=1.12901 0.811283 0.713689 1.66902 1.0845 1.78525 1.69983 1.34478 2.09698 1.19889 1.19669 0.952275 0.617192 0.61404 0.886592 1.02127 0.992902 2.52474 4.03102 0.934116 1.28461 1.43788 2.24527 1.07759 0.817739 1.51521 1.83729 1.01916 0.935099 1.20243
threshold=1.1729166666666668 3.6500000000000008 1.0000000180025095e-35 4.1500000000000012 19.850000000000005 5.2500000000000009 4.5500000000000007 1.7500000000000002 -0.60785761079279388 9.4500000000000011 9.6500000000000004 10.550000000000002 6.3500000000000005 2.0500000000000003 6.7104166666666671 -0.22252093395631442 8.3500000000000032 -0.5 -0.60785761079279388 11.424999999999999 9.9500000000000011 13.850000000000003 12.850000000000003 62.500000000000007 10.65 5.2500000000000009 9.4916666666666654 91.500000000000014 397.50000000000006 2.5500000000000003
decision_type=2 2 2 2 2 2 2 2 2 2 2 2 2 2 2 2 2 2 2 2 2 2 2 2 2 2 2 2 2 2
left_child=-1 2 3 -2 5 12 7 -7 10 -8 -9 -4 -5 -3 24 16 17 18 -16 -17 -21 22 -22 -24 25 -15 28 -26 -27 -30
right_child=1 13 11 4 -6 6 9 8 -10 -11 -12 -13 -14 14 15 19 -18 -19 -20 20 21 -23 23 -25 27 26 -28 -29 29 -31
leaf_value=0.012189222580644279 -0.038446223666994926 -0.031725733937677532 -0.0324636217347277 -0.044516149979470045 -0.11335646684736972 0.012724979845444675 -0.075106568615747937 0.079105392053708354 0.096798795552405295 0.16050160819042414 -0.026099779147348481 0.01450705011443058 0.0061755342669112456 0.01136392482028924 -0.033579002597610479 -0.026982068075050148 -0.0025067696503376707 0.00059463166233151708 0.43430658875264433 -0.04519432985940107 0.094063745127294304 -0.0032329397264423331 -0.031118579777638163 0.048257430675166225 -0.011223329727241408 -0.013679129230955758 0.083706019396752096 0.0085237096688014422 0.055164930516450154 -0.0010456802613465189
leaf_weight=28 463 354 769 129 76 57 57 29 41 33 25 34 32 690 26 873 765 245 33 171 39 311 85 26 490 396 30 26 28 253
leaf_count=28 463 354 769 129 76 57 57 29 41 33 25 34 32 690 26 873 765 245 33 171 39 311 85 26 490 396 30 26 28 253
internal_value=-0.000703856 -0.000738425 -0.00147766 -0.000729587 0.000924999 0.00175247 0.00391769 0.00648366 0.009375 -0.000439561 0.00407273 -0.00235323 -0.00150617 -0.000471707 -0.000344921 -0.000829516 0.000115887 0.0020459 0.0094 -0.00150066 -0.000328595 0.000770562 0.00397351 0.00103571 0.000307209 0.000809727 -0.000491526 -0.00105223 -0.000926255 0.000836878
internal_weight=6614 6586 1745 942 479 403 242 152 95 90 54 803 161 4841 4487 2574 1069 304 59 1505 632 461 150 111 1913 1397 707 516 677 281
internal_count=6614 6586 1745 942 479 403 242 152 95 90 54 803 161 4841 4487 2574 1069 304 59 1505 632 461 150 111 1913 1397 707 516 677 281
is_linear=0
shrinkage=0.04


Tree=112
num_leaves=31
num_cat=0
split_feature=7 5 11 18 11 7 10 5 13 13 18 7 7 7 20 13 1 1 11 11 13 5 19 18 4 13 17 13 19 7
split_gain=1.14287 0.783424 0.513394 0.73168 2.41325 0.795923 2.13124 0.564797 0.841097 1.6456 0.469991 0.467117 0.495851 0.876676 0.864763 1.13072 1.00218 0.860217 0.831931 0.763085 0.999673 2.90178 0.998937 1.07912 1.00933 0.977745 1.67737 1.53893 1.27266 1.47927
threshold=1.1729166666666668 2.4500000000000006 -1.3499999999999999 -0.12940952255126037 8.5500000000000025 2.6937500000000005 6.6500000000000012 0.75000000000000011 9.8500000000000032 4.2500000000000009 -0.3794095225512602 2.1229166666666672 6.7479166666666677 6.3145833333333341 -0.22252093395631442 14.350000000000003 7.9500000000000011 12.550000000000002 -4.3499999999999988 5.1500000000000012 1.4500000000000002 7.8500000000000005 -0.8783796973249266 -0.5 2.4500000000000006 4.4500000000000011 -0.9159756150367534 9.7500000000000018 0.87837969732492682 5.3645833333333348
decision_type=2 2 2 2 2 2 2 2 2 2 2 2 2 2 2 2 2 2 2 2 2 2 2 2 2 2 2 2 2 2
left_child=-1 2 -2 4 5 6 -4 8 9 -5 -7 -3 13 17 15 18 -16 19 -14 20 21 22 -13 24 -24 28 27 -27 -21 -30
right_child=1 11 3 7 -6 10 -8 -9 -10 -11 -12 12 14 -15 16 -17 -18 -19 -20 25 -22 -23 23 -25 -26 26 -28 -29 29 -31
leaf_value=0.011701653677418487 -0.05231695136965845 -0.022841156652489498 -0.011895585350812201 -0.043676958172888754 0.030749645176909871 -0.036885191123733868 0.031335990561831929 -0.045840177320520911 -0.083035121643990614 0.020226309868602948 0.0045777382748943595 0.027696803783713562 0.0057990824522421583 0.0065223189279727516 -0.049444140377373227 0.18162526763646111 -0.0040416723203467297 0.10530130929613936 -0.0023861311055602815 -0.04395436148042374 -0.002345186482674838 0.15147503718996502 -0.038194005089830077 -0.028173927924052534 0.12039464856623797 0.098061045759131563 -0.0071668060356418119 -0.034318559600304069 -0.0014834348236374131 0.062677630654184829
leaf_weight=28 143 86 59 30 48 167 30 584 37 26 25 47 50 257 533 26 999 31 1059 436 928 31 32 125 59 55 578 28 52 25
leaf_count=28 143 86 59 30 48 167 30 584 37 26 25 47 50 257 533 26 999 31 1059 436 928 31 32 125 59 55 578 28 52 25
internal_value=-0.000752231 -0.000787006 -0.00173565 -0.0014141 0.000133332 -0.00129078 0.00182222 -0.00216519 0.000723403 0.00378947 -0.00273575 -0.000586246 -0.000538865 -0.000154936 -0.000925038 -8.80291e-05 -0.00154468 -0.000390446 -0.000284686 -0.000477264 0.000222403 0.00225085 0.000863635 -0.000294932 0.003 -0.00120511 -0.000187312 0.00509524 -0.00251362 0.00220513
internal_weight=6614 6586 1149 1006 329 281 89 677 93 56 192 5437 5351 2684 2667 1135 1532 2427 1109 2396 1222 294 263 216 91 1174 661 83 513 77
internal_count=6614 6586 1149 1006 329 281 89 677 93 56 192 5437 5351 2684 2667 1135 1532 2427 1109 2396 1222 294 263 216 91 1174 661 83 513 77
is_linear=0
shrinkage=0.04


Tree=113
num_leaves=31
num_cat=0
split_feature=4 10 12 18 4 8 19 11 6 17 2 11 10 11 8 8 14 11 17 16 8 6 3 12 18 16 6 12 10 16
split_gain=0.519155 0.495682 0.703974 0.775337 0.835796 0.65209 0.740862 1.06339 1.23754 1.87647 1.44157 0.81228 0.78049 0.733954 0.936589 0.760181 0.915695 0.755606 0.885807 0.801281 0.755571 1.984 1.03243 2.72732 0.831283 0.713755 0.690728 0.718773 0.790223 0.657997
threshold=0.35000000000000003 0.55000000000000016 49.500000000000007 -0.9159756150367534 5.2500000000000009 3.6500000000000008 1.0000000180025095e-35 -1.0499999999999998 2.7666666666666635 0.25881904510252091 2.1500000000000008 9.5500000000000025 10.550000000000002 4.5500000000000007 8.5500000000000025 12.15 290.50000000000006 -3.0499999999999994 0.25881904510252091 32.500000000000007 7.2500000000000009 5.0166666666666648 8.9500000000000011 84.500000000000014 0.25881904510252057 72.500000000000014 5.2666666666666648 90.500000000000014 10.550000000000002 37.500000000000007
decision_type=2 2 2 2 2 2 2 2 2 2 2 2 2 2 2 2 2 2 2 2 2 2 2 2 2 2 2 2 2 2
left_child=-1 -2 3 4 -3 6 7 -4 9 11 25 -9 -8 14 20 -15 29 18 -16 -20 22 -22 26 -24 -23 -11 27 28 -7 -17
right_child=1 2 5 -5 -6 13 12 8 -10 10 -12 -13 -14 15 17 16 -18 -19 19 -21 21 24 23 -25 -26 -27 -28 -29 -30 -31
leaf_value=0.028808534060768696 -0.03200621911508468 -0.009489497866544851 -0.083158521590387974 -0.00064662300288565778 0.061446405474945183 0.0053515968001514027 -0.069152276102360799 -0.010168743499743053 -0.03987231519983786 0.0057622371354528676 0.092292968549854013 0.078309413418590879 0.013446720411095439 -0.015899136339576944 -0.016405731290938252 0.0033147189442286774 0.057572396937986443 -0.016470548687350029 -0.0022339752737677993 0.017701049151812098 0.2430740311223249 -0.0015573044110881212 0.022488462337874597 -0.078618654216501993 0.016043374152994266 -0.0069090731753310057 -0.025906455308006587 0.027952243321534925 -0.039492795298057749 -0.0050724452539061679
leaf_weight=34 312 25 137 1588 30 351 569 197 245 28 32 34 33 1100 35 154 41 517 45 51 40 145 36 38 39 32 196 25 109 396
leaf_count=34 312 25 137 1588 30 351 569 197 245 28 32 34 33 1100 35 154 41 517 45 51 40 145 36 38 39 32 196 25 109 396
internal_value=-0.000746184 -0.00077192 -0.000694211 1.70307e-05 0.00464286 -0.000946823 -0.00170336 -0.000821531 -5.624e-05 0.0015679 0.00636559 -0.00036207 -0.002733 -0.000648389 -4.177e-05 -0.00123168 -7.43253e-05 -0.00122034 0.00148485 0.00346392 0.000738775 0.00277333 0.000132274 0.00458667 0.000994594 0.00262295 -0.000357772 0.000452674 8.67669e-05 -0.000508168
internal_weight=6614 6580 6268 1643 55 4625 1307 705 568 323 92 231 602 3318 1627 1691 591 648 131 96 979 224 755 74 184 60 681 485 460 550
internal_count=6614 6580 6268 1643 55 4625 1307 705 568 323 92 231 602 3318 1627 1691 591 648 131 96 979 224 755 74 184 60 681 485 460 550
is_linear=0
shrinkage=0.04


Tree=114
num_leaves=31
num_cat=0
split_feature=7 5 3 7 7 3 11 11 18 16 14 4 9 2 3 10 0 9 7 11 19 9 4 10 3 19 7 17 11 10
split_gain=1.14287 0.702846 0.548239 0.699754 0.84781 1.93873 0.709247 0.861751 0.716894 0.867727 1.40648 0.964492 0.708947 0.554217 0.586925 0.859753 2.66593 1.43137 1.20643 0.834479 2.63076 1.66941 1.47796 1.36357 1.09968 1.04652 1.3992 1.19742 1.97962 1.54399
threshold=1.1729166666666668 2.1500000000000008 2.3500000000000001 6.7479166666666677 6.5979166666666673 8.2500000000000018 9.9500000000000011 2.5500000000000003 -0.9159756150367534 52.500000000000007 182.50000000000003 10.450000000000001 52.500000000000007 10.950000000000001 5.0500000000000007 3.2500000000000004 4.2500000000000009 78.500000000000014 3.1645833333333337 5.3500000000000005 0.87837969732492682 77.500000000000014 1.9500000000000002 4.8500000000000005 3.3500000000000001 0.87837969732492682 3.0770833333333338 0.12940952255126045 3.3500000000000001 10.850000000000003
decision_type=2 2 2 2 2 2 2 2 2 2 2 2 2 2 2 2 2 2 2 2 2 2 2 2 2 2 2 2 2 2
left_child=-1 -2 -3 4 13 -6 7 -5 9 10 -8 -12 -10 14 15 16 18 -18 -4 21 -21 22 -17 -24 -22 26 -25 -28 29 -29
right_child=1 2 3 6 5 -7 8 -9 12 -11 11 -13 -14 -15 -16 19 17 -19 -20 20 24 -23 23 25 -26 -27 27 28 -30 -31
leaf_value=0.010905991324120266 -0.017994950335319539 -0.013952549125685214 0.037109595662340532 -0.00099438069980562253 0.00029071254318229633 0.056374515652034843 -0.018260057495654264 -0.051927536423716947 -0.016276191694288476 -0.0046741491085816348 0.017325107306170602 0.074913332411920441 -0.0019102843496868387 0.042707771899544243 -0.0050155980381716963 -0.015343221583900602 0.39695689295480591 0.045260888356526509 -0.0098423178610642526 -0.034869880543241791 0.093836353579081822 -0.028616001999858389 0.30114877363477316 0.10947474938072685 -0.00013193878224785236 -0.014240157714460544 -0.033205735445043127 0.043329827309303175 0.033997335135898171 -0.017401339241543839
leaf_weight=28 916 798 32 395 60 25 47 475 162 97 46 27 1386 36 927 109 29 27 142 340 26 108 35 27 25 57 74 46 43 69
leaf_count=28 916 798 32 395 60 25 47 475 162 97 46 27 1386 36 927 109 29 27 142 340 26 108 35 27 25 57 74 46 43 69
internal_value=-0.000752231 -0.000787006 -0.000620703 -0.000461318 5.89803e-05 0.00395349 -0.000902884 -0.00183697 -0.000441677 0.00170642 0.00396694 0.0074054 -0.000743707 -9.66103e-05 -0.00018139 0.000406722 0.0025974 0.0101053 0.000137142 -0.000120834 -0.00154082 0.000857644 0.00190889 0.00317045 0.00684615 0.00232177 0.0034 0.0023691 0.00432704 0.00155172
internal_weight=6614 6586 5670 4872 2237 85 2635 870 1765 217 120 73 1548 2152 2116 1189 230 56 174 959 391 568 460 351 51 316 259 232 158 115
internal_count=6614 6586 5670 4872 2237 85 2635 870 1765 217 120 73 1548 2152 2116 1189 230 56 174 959 391 568 460 351 51 316 259 232 158 115
is_linear=0
shrinkage=0.04


Tree=115
num_leaves=31
num_cat=0
split_feature=7 1 11 20 16 6 7 18 3 13 18 11 16 5 0 8 7 6 7 18 0 7 13 13 16 8 11 12 1 0
split_gain=1.36241 0.630118 0.56837 1.18253 1.27914 1.51841 1.01444 0.862323 2.45473 1.07288 0.859948 0.835516 1.36277 1.67007 0.798205 0.818937 0.844241 0.850791 0.840645 0.749681 0.576255 3.60929 0.572735 1.31931 0.762687 0.65065 0.655854 0.846926 1.09663 0.760646
threshold=1.1729166666666668 1.4500000000000002 16.350000000000005 1.0000000180025095e-35 27.500000000000004 6.5999999999999979 2.4354166666666672 -0.70710678118654757 8.4500000000000011 4.8500000000000005 1.0000000180025095e-35 19.850000000000005 437.50000000000006 4.5500000000000007 7.2500000000000009 13.050000000000002 9.8270833333333361 9.9083333333333332 8.127083333333335 0.37940952255126048 5.5500000000000007 5.6229166666666677 12.850000000000003 14.450000000000001 887.50000000000011 1.1500000000000001 5.8500000000000005 57.500000000000007 11.050000000000002 2.0500000000000003
decision_type=2 2 2 2 2 2 2 2 2 2 2 2 2 2 2 2 2 2 2 2 2 2 2 2 2 2 2 2 2 2
left_child=-1 -2 22 4 5 -4 -5 8 9 -6 -9 12 -12 -14 19 16 18 -18 -16 -13 -8 -22 25 24 -24 -3 -27 28 29 -28
right_child=1 2 3 6 7 -7 20 10 -10 -11 11 14 13 -15 15 -17 17 -19 -20 -21 21 -23 23 -25 -26 26 27 -29 -30 -31
leaf_value=0.01183738201006572 -0.033353131329834168 0.033073547144646394 0.05894118825836854 0.0466411659505334 0.32597538893623368 0.0025462953206221483 -0.045826069663414598 -0.0057916590595296392 -0.020099993839479368 0.0015297283101676454 -0.02979694512894351 0.016308861825526478 -0.0035171477654572765 0.15213536842505482 0.0047541002122634939 -0.0020573463306606567 0.032821791495127456 0.02598611486594055 -0.085434493611732817 -0.011713391465484183 0.075503513651545173 -0.010536569353734797 0.031048668284765688 -0.012527335600545817 0.011694665267628655 -0.0033295942867127217 0.018584767029720142 -0.018922063638409339 0.051847991765173643 -0.025223518004954808
leaf_weight=30 401 25 27 26 42 34 244 279 101 25 56 50 25 29 42 139 33 41 34 245 31 603 25 80 27 2610 53 926 45 309
leaf_count=30 401 25 27 26 42 34 244 279 101 25 56 50 25 29 42 139 33 41 34 245 31 603 25 80 27 2610 53 926 45 309
internal_value=-0.000624888 -0.000664045 -0.000564525 -3.03759e-05 0.000791354 0.0063871 -0.00112265 0.000486864 0.00312426 0.009 2.87465e-05 0.000782733 0.00396396 0.00843636 0.000177777 0.00166896 0.00370861 0.00672 0.000727272 -0.00128378 -0.00135609 -0.000718111 -0.000838821 0.00174436 0.00664151 -0.000925171 -0.000966532 -0.00168816 -0.000166668 -0.000903582
internal_weight=6637 6607 6206 2106 1202 61 904 1141 168 67 973 694 110 54 584 289 150 74 76 295 878 634 4100 132 52 3968 3943 1333 407 362
internal_count=6637 6607 6206 2106 1202 61 904 1141 168 67 973 694 110 54 584 289 150 74 76 295 878 634 4100 132 52 3968 3943 1333 407 362
is_linear=0
shrinkage=0.04


Tree=116
num_leaves=31
num_cat=0
split_feature=7 1 12 20 14 5 14 7 2 3 1 4 11 20 11 18 13 17 5 14 16 16 3 11 3 12 5 19 16 20
split_gain=1.36437 0.546399 0.499416 1.16671 1.12149 1.3331 0.992766 2.32525 0.79996 1.15234 1.79853 0.798629 0.800814 1.21122 0.759452 0.732579 0.687892 0.799953 0.71787 0.739776 0.90482 2.2036 1.44977 1.27152 0.84593 0.820473 0.857883 1.61596 0.78159 0.724412
threshold=1.1729166666666668 1.4500000000000002 69.500000000000014 1.0000000180025095e-35 300.50000000000006 0.75000000000000011 284.50000000000006 3.1645833333333337 11.750000000000002 13.950000000000001 14.65 2.7500000000000004 -3.7499999999999996 -0.56174490092936669 3.6500000000000008 0.1294095225512602 1.7500000000000002 -0.70710678118654735 2.1500000000000008 162.50000000000003 107.50000000000001 347.50000000000006 3.0500000000000003 3.3500000000000001 0.95000000000000007 82.500000000000014 3.9500000000000006 0.6078576107927941 257.50000000000006 0.81174490092936691
decision_type=2 2 2 2 2 2 2 2 2 2 2 2 2 2 2 2 2 2 2 2 2 2 2 2 2 2 2 2 2 2
left_child=-1 -2 3 4 5 -3 8 -8 -5 10 -10 -7 13 -13 -14 -9 17 -4 -18 29 24 22 -22 -24 -21 -26 27 -27 -25 -20
right_child=1 2 16 6 -6 11 7 15 9 -11 -12 12 14 -15 -16 -17 18 -19 19 20 21 -23 23 28 25 26 -28 -29 -30 -31
leaf_value=0.011363886729663075 -0.032019006076640807 0.011695234817679798 -0.0695870284017608 -0.019295372155604344 -0.0084583243151305203 -0.0030729979295254345 0.043135341958725121 0.021410400594963575 0.11250594042680379 -0.01657690020952796 -0.051229071870705668 -0.0068185786078156455 -0.020820007450486094 0.014175758833890755 0.006345562343945641 -0.023956511051063285 -0.036660059490392222 0.0017148356893809868 -0.032721054730679849 0.0066043329891467316 0.33627586329386028 -0.047651621330122636 0.017257670888159975 -0.006517187713168871 -0.016011265980854238 -0.0042364125510007495 -0.0054012760508784386 0.19275138926539426 0.035717978604572105 0.0021614569033104217
leaf_weight=30 401 30 133 849 249 195 40 102 43 167 40 36 81 45 1207 179 271 668 724 28 31 66 33 50 393 62 321 28 25 110
leaf_count=30 401 30 133 849 249 195 40 102 43 167 40 36 81 45 1207 179 271 668 724 28 31 66 33 50 393 62 321 28 25 110
internal_value=-0.000630914 -0.000670098 -0.000577414 -0.000236521 0.000427331 0.000817554 -0.00109782 0.000857142 -0.00166909 0.000318724 0.00414286 0.000654312 0.000995619 0.00482927 0.000750969 -0.000439717 -0.000955164 4.48868e-05 -0.00132898 -0.00104915 -0.000335261 0.00203883 0.00488571 0.0026422 -0.00092197 -0.00116273 8.73777e-05 0.00351648 -0.000263159 -0.00193533
internal_weight=6637 6607 6206 3263 1843 1594 1420 321 1099 250 83 1564 1369 81 1288 281 2943 801 2142 1871 1037 205 139 108 832 804 411 90 75 834
internal_count=6637 6607 6206 3263 1843 1594 1420 321 1099 250 83 1564 1369 81 1288 281 2943 801 2142 1871 1037 205 139 108 832 804 411 90 75 834
is_linear=0
shrinkage=0.04


Tree=117
num_leaves=31
num_cat=0
split_feature=7 20 17 19 5 4 14 4 5 7 13 8 14 19 13 11 10 10 13 18 19 11 5 5 19 6 11 11 10 0
split_gain=1.36437 0.524327 0.721865 1.19004 1.01039 1.40526 0.937263 0.80154 0.725601 0.605329 1.08625 0.864899 0.895471 0.689412 1.27121 1.11899 0.660693 0.662365 0.65858 0.761085 1.31486 1.62381 0.63402 0.610044 0.744376 2.71576 1.96039 0.761809 1.51035 0.775385
threshold=1.1729166666666668 -0.22252093395631442 -0.25881904510252113 1.0000000180025095e-35 1.4500000000000002 1.5500000000000003 53.500000000000007 3.0500000000000003 6.7500000000000009 5.5916666666666677 0.65000000000000002 9.9500000000000011 124.50000000000001 1.0000000180025095e-35 3.5500000000000003 17.150000000000002 14.250000000000002 17.950000000000003 5.9500000000000011 0.37940952255126048 1.0000000180025095e-35 10.15 4.2500000000000009 12.850000000000003 1.0000000180025095e-35 3.6333333333333324 19.650000000000002 19.650000000000002 6.5500000000000007 6.7500000000000009
decision_type=2 2 2 2 2 2 2 2 2 2 2 2 2 2 2 2 2 2 2 2 2 2 2 2 2 2 2 2 2 2
left_child=-1 2 3 -2 5 -4 8 -7 -6 10 22 12 -11 16 -15 -16 -13 -18 -12 -20 21 -21 -8 24 25 -14 -26 28 -27 -30
right_child=1 -3 4 -5 6 7 9 -9 -10 11 18 13 23 14 15 -17 17 -19 19 20 -22 -23 -24 -25 26 27 -28 -29 29 -31
leaf_value=0.010909331260476544 -0.0016247764801480915 -0.0054317702364432927 0.034789807847468164 -0.039721426570044648 0.010690047387579607 -0.0098195988435141272 -0.00086448106272676937 0.0035878571616806232 0.44673240629057975 -0.039354527539833095 -0.029534573287412189 -0.017495048575781127 0.20663648950366004 -0.031008033080573309 0.0012943373831853825 0.27289593656975464 0.042748357729462338 -0.010796329882364227 -0.0064650363272026759 0.09123360923771065 -0.054324950967764817 -0.00063113217591927715 0.10305701045801165 -0.039546572078461933 -0.012967582115755345 0.03664323317572242 0.010983196539010672 -0.01103518272977129 -0.026758932598493788 0.0057836731392317377
leaf_weight=30 786 3750 27 384 32 28 25 29 25 51 429 246 30 70 37 36 32 28 85 30 27 25 34 51 102 37 33 42 39 57
leaf_count=30 786 3750 27 384 32 28 25 29 25 51 429 246 30 70 37 36 32 28 85 30 27 25 34 51 102 37 33 42 39 57
internal_value=-0.000630914 -0.000670098 -0.000261722 -0.00102477 0.000267772 0.00451765 4.23931e-05 0.000896551 0.00503448 -0.000144797 -0.00106707 0.000533631 0.00178781 -0.000702223 0.00158333 0.00524324 -0.00177199 0.00196721 -0.00158124 0.000547618 0.00327711 0.00678571 0.00406667 0.00243877 0.00304985 0.00456311 0.000735293 0.00261364 0.00408955 0.00140206
internal_weight=6637 6607 2857 1170 1687 84 1603 57 57 1546 655 891 442 449 143 73 306 60 596 167 82 55 59 391 340 205 135 175 133 96
internal_count=6637 6607 2857 1170 1687 84 1603 57 57 1546 655 891 442 449 143 73 306 60 596 167 82 55 59 391 340 205 135 175 133 96
is_linear=0
shrinkage=0.04


Tree=118
num_leaves=31
num_cat=0
split_feature=7 3 2 12 9 19 5 2 20 9 7 12 9 11 5 9 0 2 5 11 7 3 5 13 7 12 8 15 16 9
split_gain=0.979492 0.746274 0.509506 0.507045 0.561329 1.32396 2.12292 1.19495 0.69733 0.758077 0.632803 1.72894 0.724661 0.940165 0.742592 0.630355 1.04356 1.36836 0.989027 1.37856 0.914818 1.1751 0.9023 1.61392 1.03728 1.59708 0.88992 0.809911 1.08619 0.877922
threshold=1.1729166666666668 1.6500000000000001 0.45000000000000007 90.500000000000014 52.500000000000007 0.6078576107927941 3.4500000000000006 10.950000000000001 -0.22252093395631442 99.500000000000014 3.010416666666667 27.500000000000004 55.500000000000007 13.250000000000002 5.0500000000000007 68.500000000000014 6.5500000000000007 8.9500000000000011 0.95000000000000007 10.550000000000002 2.777083333333334 2.8500000000000001 4.1500000000000012 14.15 4.8395833333333345 70.500000000000014 10.65 1.0000000180025095e-35 1497.5000000000002 77.500000000000014
decision_type=2 2 2 2 2 2 2 2 2 2 2 2 2 2 2 2 2 2 2 2 2 2 2 2 2 2 2 2 2 2
left_child=-1 2 -2 4 5 -3 -7 -8 9 15 11 -10 13 14 -12 16 20 26 19 -17 21 -6 -20 24 25 -24 -18 28 -26 -29
right_child=1 3 -4 -5 8 6 7 -9 10 -11 12 -13 -14 -15 -16 18 17 -19 22 -21 -22 -23 23 -25 27 -27 -28 29 -30 -31
leaf_value=0.010472958010057478 0.0079228109507642336 -0.016003980705910123 -0.015700746441902141 -0.043469665046084953 0.034550273614771483 0.024797370141564069 -0.013150817442302896 0.090087060754331164 0.025916676297789213 -0.035656473711790315 -0.0091127839690471144 -0.069161038618765658 -0.0032601094108800121 -0.0081878787936533765 0.068078981689693951 0.024263884344094881 0.011258714503065743 -0.004602224426149948 -0.004175422239320891 -0.018039425978105102 -0.016417298999296493 -0.06253008137849897 0.0023106097411178246 0.20101107722890535 -0.0030949463744473693 0.38358348569190504 0.086076400472109307 0.012004933343548964 0.015478428857847653 0.0052870563821822867
leaf_weight=30 28 608 488 303 39 41 114 25 44 256 25 295 2401 56 34 25 145 218 346 28 399 25 57 25 398 27 27 32 68 30
leaf_count=30 28 608 488 303 39 41 114 25 44 256 25 295 2401 56 34 25 145 218 346 28 399 25 57 25 398 27 27 32 68 30
internal_value=-0.000642966 -0.000676151 -0.0021354 -0.000552201 -0.000468476 -0.00146008 0.00154696 -0.000828572 -0.000311939 0.000232991 -0.000721289 -0.00234118 -0.000502186 0.00258621 0.00606667 0.000510052 -0.000295083 0.00122762 0.00117261 0.00644444 -0.00157759 0.00283077 0.000882113 0.00177429 0.00135726 0.00545882 0.00388439 0.000695651 0.000119913 0.00495238
internal_weight=6637 6607 516 6091 5788 788 180 139 5000 2145 2855 339 2516 115 59 1889 853 390 1036 53 463 64 983 637 612 84 172 528 466 62
internal_count=6637 6607 516 6091 5788 788 180 139 5000 2145 2855 339 2516 115 59 1889 853 390 1036 53 463 64 983 637 612 84 172 528 466 62
is_linear=0
shrinkage=0.04


Tree=119
num_leaves=31
num_cat=0
split_feature=4 3 4 5 2 18 12 2 18 17 19 0 16 11 5 6 1 14 14 17 12 11 19 0 3 5 5 16 11 14
split_gain=0.464339 0.414501 0.53971 0.869701 0.416043 0.413293 0.889325 1.20772 1.01538 0.733357 0.650403 1.40546 0.95238 1.04296 0.574836 1.21258 1.71692 1.25083 0.783209 0.568515 0.743425 0.600212 0.566415 0.516635 0.562605 0.515123 0.561966 0.47656 0.41856 1.08078
threshold=0.35000000000000003 1.9500000000000002 1.6500000000000001 1.0500000000000003 0.45000000000000007 0.60355339059327384 47.500000000000007 2.3500000000000001 -0.78656609248549325 -1.0000000180025095e-35 -0.8783796973249266 9.1500000000000004 412.50000000000006 25.950000000000003 5.8500000000000005 4.1499999999999995 2.1500000000000008 187.50000000000003 43.500000000000007 0.60355339059327384 78.500000000000014 23.450000000000003 1.0000000180025095e-35 25.150000000000002 22.250000000000004 17.550000000000004 16.850000000000005 2127.5000000000005 4.8500000000000005 233.50000000000003
decision_type=2 2 2 2 2 2 2 2 2 2 2 2 2 2 2 2 2 2 2 2 2 2 2 2 2 2 2 2 2 2
left_child=-1 4 3 -3 -2 6 7 -4 22 -7 11 -10 13 -12 27 16 -16 -18 -17 -20 21 -21 -9 24 25 26 28 -11 29 -8
right_child=1 2 5 -5 -6 9 23 8 10 14 12 -13 -14 -15 15 18 17 -19 19 20 -22 -23 -24 -25 -26 -27 -28 -29 -30 -31
leaf_value=0.023969060431769506 0.0081272381508585342 0.018841389916282654 0.039357644844415486 -0.026468915631040774 -0.015027520936624073 -0.030695741327532639 -0.0016983758073739581 0.00032349758367188861 0.057284380771435515 -0.0096427342073468186 0.00086738510208687479 -0.095631738401806679 -0.017219816437613028 0.076910767487497658 -0.063442959300010038 0.37222603501160223 0.064131002120255659 0.046713880792470956 -0.01711491649899444 0.011765480024401158 -0.044886135349191794 -0.0035088903450968705 0.040881105588921524 -0.03543202786800994 0.039354018456958247 -0.016303617595381056 0.041413863049789383 0.0051667125041079225 -0.0050383792057316062 0.0033252357358583952
leaf_weight=35 36 27 36 326 716 734 1252 31 46 372 210 33 377 47 25 33 30 34 232 39 27 32 38 69 38 176 31 41 1264 250
leaf_count=35 36 27 36 326 716 734 1252 31 46 372 210 33 377 47 25 33 30 34 232 39 27 32 38 69 38 176 31 41 1264 250
internal_value=-0.000642966 -0.000667576 -0.000553752 -0.0020678 -0.00155113 -0.000456167 -0.000233907 0.000937728 0.000602809 -0.000997501 0.00015126 0.00355 -0.000277166 0.0015969 -0.000207853 0.000777041 0.00493333 0.00836923 -0.000252748 -0.000845922 0.00169697 0.00383333 0.0052 -0.000545278 -0.000466136 -0.000528582 -0.000395998 -0.00128503 -0.000456813 -5.32364e-06
internal_weight=6637 6602 5850 353 752 5497 3898 818 782 1599 713 79 634 257 865 452 89 64 363 330 98 71 69 3080 3011 2973 2797 413 2766 1502
internal_count=6637 6602 5850 353 752 5497 3898 818 782 1599 713 79 634 257 865 452 89 64 363 330 98 71 69 3080 3011 2973 2797 413 2766 1502
is_linear=0
shrinkage=0.04


Tree=120
num_leaves=31
num_cat=0
split_feature=7 17 7 7 9 8 6 8 8 9 7 10 10 5 9 9 10 7 16 12 10 13 7 9 20 11 4 11 5 12
split_gain=1.15972 1.67444 0.774393 1.03645 1.43439 0.851237 0.914626 0.715815 0.650815 0.622824 0.61865 1.60844 1.34238 1.00619 0.808665 2.41588 1.66414 0.79077 0.632349 0.832382 1.42604 1.08762 0.912142 1.8111 1.42005 0.89035 1.00778 0.686351 3.1623 1.22407
threshold=1.4020833333333338 1.0000000180025095e-35 3.6270833333333341 3.8354166666666676 93.500000000000014 6.9500000000000011 2.4499999999999962 0.75000000000000011 4.2500000000000009 46.500000000000007 5.0354166666666682 6.1500000000000012 18.850000000000005 9.6500000000000004 78.500000000000014 67.500000000000014 3.6500000000000008 4.6979166666666679 1822.5000000000002 47.500000000000007 8.8500000000000032 14.15 7.9812500000000011 72.500000000000014 -0.56174490092936669 31.750000000000004 12.15 -2.0499999999999994 10.950000000000001 80.500000000000014
decision_type=2 2 2 2 2 2 2 2 2 2 2 2 2 2 2 2 2 2 2 2 2 2 2 2 2 2 2 2 2 2
left_child=1 -1 9 4 5 6 -4 -5 -9 -2 11 14 13 -13 15 17 -17 -10 19 20 21 25 23 -22 -24 -12 -27 28 -21 -30
right_child=2 -3 3 7 -6 -7 -8 8 10 -11 18 12 -14 -15 -16 16 -18 -19 -20 27 22 -23 24 -25 -26 26 -28 -29 29 -31
leaf_value=-0.062846820836837972 0.0054433089509913733 0.0095889028397084762 0.0023360514095532251 0.012661954684676242 0.083252030959700005 0.15252259955593989 -0.022447234039392902 -0.012130678604943088 -0.019866152163513635 -0.015717660242711456 -0.0058993670759683653 -0.015881135185214806 0.033402937281779031 0.010513135842198545 0.00024089916667906005 0.33203512978288013 0.0076252882180912057 0.080921729376430995 -0.030331175256634566 -0.003952509243958343 0.0045569489054641558 0.053648128416481242 0.082975038539054385 0.11640255203856657 -0.021364295237858592 -0.03507230973791111 0.30806894466686929 -0.0064000468381583174 0.0043115333189852464 0.033516494047644667
leaf_weight=25 46 27 27 49 30 36 64 919 33 1362 669 354 32 28 72 25 30 25 244 170 26 33 30 26 81 27 25 2050 28 29
leaf_count=25 46 27 27 49 30 36 64 919 33 1362 669 354 32 28 72 25 30 25 244 170 26 33 30 26 81 27 25 2050 28 29
internal_value=-0.000762193 0.00513207 -0.000809619 -0.000582608 0.00260759 0.000718749 -0.00134783 -0.000683181 -0.000731088 -0.00164088 -0.000512136 0.000673332 -0.000713254 -0.00137859 0.00376344 0.00585965 0.0117857 0.000135592 -0.000718815 -0.000568389 0.000448801 -0.000286094 0.00382927 0.00815094 0.00175 -0.000614959 0.00437736 -0.000978052 0.00110526 0.00917241
internal_weight=6622 52 6570 5162 157 127 91 5005 4956 1408 4037 599 414 382 185 113 55 58 3438 3194 917 754 163 52 111 721 52 2277 227 57
internal_count=6622 52 6570 5162 157 127 91 5005 4956 1408 4037 599 414 382 185 113 55 58 3438 3194 917 754 163 52 111 721 52 2277 227 57
is_linear=0
shrinkage=0.04


Tree=121
num_leaves=31
num_cat=0
split_feature=10 12 7 20 2 13 16 6 0 16 14 2 4 9 10 5 11 4 3 19 11 19 9 12 9 20 5 6 3 9
split_gain=0.631834 0.811765 1.49987 0.950567 0.807019 1.18995 1.39992 1.48185 0.819781 0.987328 0.791568 0.866436 1.80362 0.876026 0.81516 0.729424 1.19262 0.851269 0.846438 0.752693 1.15361 1.70221 1.81462 1.09651 0.757141 1.3263 2.17048 1.29037 0.97262 0.836674
threshold=0.55000000000000016 70.500000000000014 1.5145833333333336 -0.22252093395631442 11.050000000000002 3.9500000000000006 492.50000000000006 14.858333333333336 12.950000000000001 417.50000000000006 194.50000000000003 2.6500000000000008 2.6500000000000008 51.500000000000007 1.4500000000000002 2.4500000000000006 5.6500000000000012 9.3500000000000032 2.4500000000000006 -0.60785761079279388 4.0500000000000007 1.0000000180025095e-35 54.500000000000007 74.500000000000014 73.500000000000014 1.0000000180025095e-35 10.65 4.0583333333333309 7.9500000000000011 69.500000000000014
decision_type=2 2 2 2 2 2 2 2 2 2 2 2 2 2 2 2 2 2 2 2 2 2 2 2 2 2 2 2 2 2
left_child=-1 2 -2 -4 10 8 7 -7 9 -6 -5 12 -12 -13 -14 -3 17 18 -17 23 24 -22 -23 -20 25 29 27 -27 -29 -21
right_child=1 15 3 4 5 6 -8 -9 -10 -11 11 13 14 -15 -16 16 -18 -19 19 20 21 22 -24 -25 -26 26 -28 28 -30 -31
leaf_value=-0.028778212456082124 0.014720082861829565 -0.030060413030079808 0.00078633111516703425 -0.019699659498520053 0.046573805705625582 0.12523966795092775 -0.002091792385799293 0.004476497046829884 -0.040870953458576081 -0.030368211949140168 0.036282119467258102 0.0036822217372086108 0.026988047058361747 -0.0073029416092868487 -0.0052610650817479215 -0.014755472935192825 -0.016174063944367142 -0.03656597354977896 0.019576569048701184 -0.0028541632127739177 0.10380388315661587 0.038691772805023728 -0.017728609933913286 -0.017832404485057789 -0.030557331028160464 0.1156229616775816 0.039245937074313057 -0.017877764960751729 0.014727421008153552 0.1365805156900432
leaf_weight=321 32 567 1379 887 25 38 104 47 153 36 36 58 41 385 47 332 764 209 25 334 49 25 60 320 153 25 31 76 32 31
leaf_count=321 32 567 1379 887 25 38 104 47 153 36 36 58 41 385 47 332 764 209 25 334 49 25 60 320 153 25 31 76 32 31
internal_value=-0.000768233 -0.000679785 -0.000242277 -0.0003287 -0.000919269 0.000663365 0.00296842 0.00674419 -0.00137675 0.00251613 -0.00135808 -0.000190142 0.002752 -0.00101802 -0.000359552 -0.00115096 -0.000852859 -0.000263066 7.22882e-05 0.000581755 0.00124357 0.00462222 0.00116279 -0.00098266 0.000573938 0.00129057 0.00426667 0.002 7.33936e-05 -5.46458e-05
internal_weight=6622 6301 3268 3236 1857 403 189 85 214 61 1454 567 124 443 88 3033 2466 1702 1493 1161 816 134 85 345 682 529 164 133 108 365
internal_count=6622 6301 3268 3236 1857 403 189 85 214 61 1454 567 124 443 88 3033 2466 1702 1493 1161 816 134 85 345 682 529 164 133 108 365
is_linear=0
shrinkage=0.04


Tree=122
num_leaves=31
num_cat=0
split_feature=10 12 20 4 5 12 11 17 9 3 10 12 10 13 9 4 20 13 16 11 1 10 3 3 12 5 4 8 11 5
split_gain=0.609914 0.706069 1.06804 0.806324 0.736565 0.773049 0.713633 0.852098 1.43566 0.780622 0.70588 0.82792 0.691613 0.756521 0.683302 1.1714 1.27371 0.60974 0.89296 0.606812 0.879409 0.615188 0.593259 2.36748 1.33927 1.00405 0.744088 0.703213 1.32265 1.13367
threshold=0.55000000000000016 70.500000000000014 -0.22252093395631442 0.8500000000000002 7.0500000000000007 90.500000000000014 5.9500000000000011 0.78656609248549325 53.500000000000007 20.850000000000005 11.750000000000002 82.500000000000014 9.0500000000000025 1.0500000000000003 76.500000000000014 3.9500000000000006 1.0000000180025095e-35 0.8500000000000002 22.500000000000004 22.750000000000004 21.600000000000005 8.9500000000000011 7.7500000000000009 7.1500000000000012 33.500000000000007 10.950000000000001 10.850000000000003 3.0500000000000003 7.2500000000000009 2.6500000000000008
decision_type=2 2 2 2 2 2 2 2 2 2 2 2 2 2 2 2 2 2 2 2 2 2 2 2 2 2 2 2 2 2
left_child=-1 2 22 -4 -3 6 7 12 -9 -8 11 -10 13 -6 15 -15 -17 -5 -19 20 -20 -21 23 24 -2 26 27 -26 29 -29
right_child=1 4 3 17 5 -7 9 8 10 -11 -12 -13 -14 14 -16 16 -18 18 19 21 -22 -23 -24 -25 25 -27 -28 28 -30 -31
leaf_value=-0.027627083957838843 -0.080679179900517789 -0.014913435997893359 0.019694921335641463 -0.04339386248559704 0.071045487259481177 -0.066860548616466314 -0.008045993254978321 0.043088899358668935 0.023093867933975762 0.066771814705749763 -0.014197493990929202 0.0010857089317013568 -0.013379624553937113 -0.015459157858860277 -0.040158130557604317 0.022118535360697709 0.020676848554721607 0.048163804872195626 -0.0098168644683309676 -0.00053899664634956754 0.013507297175773243 0.01406130411941609 -0.002008027437189122 0.027972189644773278 -0.018994885907663753 0.055084646967437277 0.044034944357271712 0.028129753245391451 -0.001105845923266086 0.0018183308466026796
leaf_weight=321 117 1934 35 131 28 154 335 36 44 32 69 62 133 63 47 68 28 46 1135 447 30 40 594 58 166 42 28 50 261 88
leaf_count=321 117 1934 35 131 28 154 335 36 44 32 69 62 133 63 47 68 28 46 1135 447 30 40 594 58 166 42 28 50 261 88
internal_value=-0.000798431 -0.000711521 -0.000303458 -0.000930832 -0.00115096 -0.000323637 0.000105707 0.000981001 0.003 -0.00127174 0.00147727 0.00351402 -0.000184784 0.0011234 0.00027053 0.001525 0.00428866 -0.001047 -0.00084285 -0.000996976 -0.00149228 0.000188524 0.000529536 0.00123304 0.000626825 0.0013522 0.000922558 0.000600706 0.00151 0.00466187
internal_weight=6622 6301 3268 1864 3033 1099 945 578 211 367 175 106 367 234 206 159 96 1829 1698 1652 1165 487 1404 810 752 635 593 565 399 138
internal_count=6622 6301 3268 1864 3033 1099 945 578 211 367 175 106 367 234 206 159 96 1829 1698 1652 1165 487 1404 810 752 635 593 565 399 138
is_linear=0
shrinkage=0.04


Tree=123
num_leaves=31
num_cat=0
split_feature=10 11 18 20 4 10 5 5 9 17 20 11 11 6 18 8 6 13 12 12 16 6 17 13 6 11 16 8 5 13
split_gain=0.609914 0.780683 0.812462 0.631901 0.705858 1.44687 0.624483 0.646909 0.686466 2.13863 1.15947 1.24383 2.9731 0.968844 0.901022 1.47543 1.53766 0.668834 0.584256 0.641599 0.816031 1.2038 2.08912 0.674696 0.679478 0.983893 1.04705 1.89443 2.05528 1.12028
threshold=0.55000000000000016 16.350000000000005 -0.98296291314453399 0.81174490092936691 2.3500000000000001 4.9500000000000011 17.550000000000004 7.2500000000000009 80.500000000000014 0.78656609248549325 0.81174490092936691 2.1500000000000008 3.2500000000000004 0.89999999999999891 0.1294095225512602 5.7500000000000009 2.7666666666666635 8.0500000000000025 47.500000000000007 65.500000000000014 167.50000000000003 4.1916666666666655 1.0000000180025095e-35 4.5500000000000007 11.158333333333333 5.9500000000000011 47.500000000000007 4.8500000000000005 8.7500000000000018 1.0500000000000003
decision_type=2 2 2 2 2 2 2 2 2 2 2 2 2 2 2 2 2 2 2 2 2 2 2 2 2 2 2 2 2 2
left_child=-1 6 -3 4 5 -4 7 8 10 14 13 -12 -13 -2 15 16 -10 -14 -9 -20 23 22 -22 24 25 26 29 -28 -29 -21
right_child=1 2 3 -5 -6 -7 -8 18 9 -11 11 12 17 -15 -16 -17 -18 -19 19 20 21 -23 -24 -25 -26 -27 27 28 -30 -31
leaf_value=-0.026522000599525294 0.04073860652218509 0.0069601404988174553 0.059807198352298599 -0.047977837585810888 -0.0002454700686033382 -0.0028820291415302276 -0.025335445773398368 0.016054211454034913 -0.017678585935794185 0.0078506789557760137 -0.019544613887846465 0.034995964917592083 -0.0045226345155031039 -0.018994831281102222 -0.027581430024473965 -0.0099882898801009652 0.03876990630013083 0.015762173424626557 -0.012237632477758435 0.039035640065802436 -0.0045339649428500512 -0.0041170457933324637 0.28723719680990778 -0.013329399424601387 -0.019795965598020295 -0.015804860272245109 -0.027856104091781513 0.035143658947179073 0.010372678047736027 -0.0031480910667517083
leaf_weight=321 30 42 25 260 1559 44 135 49 34 50 116 38 141 2090 372 49 39 28 255 70 33 56 33 182 135 105 26 25 51 229
leaf_count=321 30 42 25 260 1559 44 135 49 34 50 116 38 141 2090 372 49 39 28 255 70 33 56 33 182 135 105 26 25 51 229
internal_value=-0.000798431 -0.000711521 -4.14303e-05 -0.000165168 0.000127685 0.00405714 -0.00100732 -0.000921408 -0.00124096 4.40357e-05 -0.00152701 0.000703703 0.00255769 -0.00186704 -0.000759597 0.00221138 0.00578378 0.000258823 -0.000156801 -0.000333057 0.000147991 0.00318699 0.00680597 -0.000305826 0.000305295 0.000978303 0.0018806 0.00535922 0.00851948 0.000679999
internal_weight=6622 6301 1930 1888 1628 69 4371 4236 2987 544 2443 323 207 2120 494 122 73 169 1249 1200 945 122 66 823 641 506 401 102 76 299
internal_count=6622 6301 1930 1888 1628 69 4371 4236 2987 544 2443 323 207 2120 494 122 73 169 1249 1200 945 122 66 823 641 506 401 102 76 299
is_linear=0
shrinkage=0.04


Tree=124
num_leaves=31
num_cat=0
split_feature=10 11 7 19 9 13 20 18 7 7 12 13 8 4 4 12 9 6 8 14 16 10 20 16 10 14 18 12 9 5
split_gain=0.544243 0.722644 0.598777 0.719674 0.817419 1.17461 0.5733 0.849078 0.567964 1.41369 1.20234 1.05409 1.0208 2.4686 1.15254 0.677699 0.574495 0.799256 0.929094 1.08651 0.816876 0.74051 0.910789 0.723114 0.724015 0.607614 1.16721 0.592939 0.540536 0.791383
threshold=0.55000000000000016 16.350000000000005 1.4020833333333338 0.87837969732492682 47.500000000000007 2.8500000000000001 0.81174490092936691 -0.98296291314453399 5.5187500000000007 5.3937500000000007 60.500000000000007 3.6500000000000008 5.6500000000000012 5.2500000000000009 2.8500000000000001 41.500000000000007 73.500000000000014 2.8333333333333299 10.850000000000003 231.50000000000003 1662.5000000000002 6.8500000000000005 -0.56174490092936669 682.50000000000011 4.8500000000000005 182.50000000000003 -0.5 25.500000000000004 82.500000000000014 9.0500000000000025
decision_type=2 2 2 2 2 2 2 2 2 2 2 2 2 2 2 2 2 2 2 2 2 2 2 2 2 2 2 2 2 2
left_child=-1 2 -2 -4 5 -5 7 -3 9 10 11 -9 14 15 -13 -14 21 -18 28 27 23 -10 25 24 -21 -23 -27 -20 29 -19
right_child=1 6 3 4 -6 -7 -8 8 16 -11 -12 12 13 -15 -16 -17 17 18 19 20 -22 22 -24 -25 -26 26 -28 -29 -30 -31
leaf_value=-0.025461120575544265 0.0053071566606949592 0.019301443999359475 -0.0039741229209908227 -0.069058027711965439 -0.022935937365348089 0.065771216524552409 -0.047222887922201424 -0.011796999836626599 -0.033248257127915924 0.054606935994058026 0.05752925439405112 0.027742895107499676 0.0085643895489017595 0.093923079513021049 -0.011084837533158169 -0.058244012646855088 0.20443296748829085 0.045461735000014762 0.19699936786959693 -0.0097160839048641597 -0.0062772825565020878 -0.0066547034142653352 -0.012076944922537794 0.085748026430043381 0.19397201709867848 0.32764020434092922 -7.1831251041800382e-05 -0.012406076153633112 -0.022367936425294287 -0.0045921034399711725
leaf_weight=321 48 34 3729 27 536 31 268 109 221 28 38 25 27 27 106 30 29 43 46 36 31 34 180 46 26 37 40 166 256 47
leaf_count=321 48 34 3729 27 536 31 268 109 221 28 38 25 27 27 106 30 29 43 46 36 31 34 180 46 26 37 40 166 256 47
internal_value=-0.000768233 -0.000686132 -0.000970724 -0.00102035 -0.00231261 0.00216949 -4.14303e-05 0.000235718 0.00010313 0.00143222 0.00074931 -4.92317e-05 0.00157407 0.00498823 -0.000636365 0.000206896 -0.000316385 0.000407152 0.000131804 0.00157954 0.00431428 -0.00134113 -1.36996e-05 0.00594495 0.00304762 0.00282143 0.00476923 -0.000225353 -0.00133718 0.00131868
internal_weight=6622 6301 4371 4323 594 58 1930 1662 1628 390 362 324 215 84 131 57 1238 726 697 351 139 512 291 108 62 111 77 212 346 90
internal_count=6622 6301 4371 4323 594 58 1930 1662 1628 390 362 324 215 84 131 57 1238 726 697 351 139 512 291 108 62 111 77 212 346 90
is_linear=0
shrinkage=0.04


Tree=125
num_leaves=31
num_cat=0
split_feature=18 5 0 4 5 5 17 7 0 4 4 13 0 8 5 4 3 6 19 2 5 18 6 19 13 13 9 12 5 3
split_gain=0.631599 0.693925 1.6358 0.9005 0.653751 0.994296 2.21635 1.09448 1.37404 0.859927 0.772313 0.699033 0.597683 2.42157 0.786076 1.12162 1.14643 0.950666 1.04779 0.745983 0.677179 0.739781 1.10717 0.668736 1.05025 0.958658 2.32817 0.83824 0.58408 0.548547
threshold=0.1294095225512602 0.95000000000000007 3.3500000000000001 1.9500000000000002 13.850000000000003 11.950000000000001 0.25881904510252091 9.1104166666666675 10.250000000000002 36.550000000000004 14.850000000000003 12.750000000000002 7.2500000000000009 8.0500000000000025 5.1500000000000012 3.4500000000000006 2.6500000000000008 9.3333333333333339 0.87837969732492682 5.1500000000000012 15.850000000000003 0.98296291314453421 3.5999999999999974 1.0000000180025095e-35 5.5500000000000007 9.6500000000000004 69.500000000000014 87.500000000000014 9.3500000000000032 4.7500000000000009
decision_type=2 2 2 2 2 2 2 2 2 2 2 2 2 2 2 2 2 2 2 2 2 2 2 2 2 2 2 2 2 2
left_child=1 2 -1 -3 5 10 7 -7 -9 -6 11 -5 19 -14 -15 16 -16 -17 -19 20 21 23 -23 24 27 26 -26 29 -25 -2
right_child=12 3 -4 4 9 6 -8 8 -10 -11 -12 -13 13 14 15 17 -18 18 -20 -21 -22 22 -24 28 25 -27 -28 -29 -30 -31
leaf_value=-0.080559774313103891 -0.048241348815353122 -0.021919305928029466 0.028767080835832518 -0.00012997743957174945 -0.017360468938103391 0.011531487771486075 -0.021962994401005759 0.11605210156278484 0.017048246718633017 0.051277675146125398 -0.066418157637310904 0.012427002992158162 0.018068584244228074 -0.023746405916930807 -0.015885701369439405 -0.022988820698129561 0.02646853734214389 -4.9303885624174831e-06 0.01840135127403773 -0.041434466089891056 0.033370800679894196 -0.021410704547060219 0.051106756327954868 -0.025627109369665401 0.037099585380856753 -0.0069428092334725827 0.0021397983091945741 0.041773385267017515 0.0047164877868677716 0.0043669635952946866
leaf_weight=35 310 477 25 2217 466 47 74 26 36 46 97 50 33 235 25 221 29 382 35 521 25 119 33 608 45 175 121 35 47 67
leaf_count=35 310 477 25 2217 466 47 74 26 36 46 97 50 33 235 25 221 29 382 35 521 25 119 33 608 45 175 121 35 47 67
internal_value=-0.000655562 -0.000295803 0.00393443 -0.000368675 -0.000116341 0.000145996 0.00297826 0.00658182 0.0100317 -0.0014191 -7.44196e-05 7.58368e-05 -0.00107728 -0.000249741 -0.000633622 4.61751e-05 0.00552727 -0.000425666 0.000698564 -0.0014542 -0.00102144 -0.00112748 0.00151634 -0.00141377 -0.00059947 0.00104093 0.00320958 -0.00195642 -0.00234756 -0.00250794
internal_weight=6662 3596 60 3536 3059 2547 183 109 62 512 2364 2267 3066 960 927 692 54 638 417 2106 1585 1560 152 1408 753 341 166 412 655 377
internal_count=6662 3596 60 3536 3059 2547 183 109 62 512 2364 2267 3066 960 927 692 54 638 417 2106 1585 1560 152 1408 753 341 166 412 655 377
is_linear=0
shrinkage=0.04


Tree=126
num_leaves=31
num_cat=0
split_feature=18 12 16 13 7 3 16 10 3 12 5 19 13 13 7 3 16 7 5 12 2 11 19 0 8 8 3 7 8 18
split_gain=0.575826 0.63947 0.67444 0.588006 1.00949 1.2721 0.858468 0.712195 0.918489 0.603285 0.573207 0.739134 1.06534 1.10673 0.567592 1.61633 0.86959 0.631495 0.980684 1.05062 0.694447 0.621981 0.685661 0.687885 0.974524 0.855348 0.85066 0.804056 0.796721 0.587895
threshold=0.1294095225512602 48.500000000000007 32.500000000000007 5.6500000000000012 5.4854166666666675 10.050000000000002 1152.5000000000002 4.6500000000000012 6.6500000000000012 40.500000000000007 2.4500000000000006 -0.8783796973249266 0.8500000000000002 12.15 14.908333333333335 18.350000000000005 902.50000000000011 6.2645833333333334 9.3500000000000032 63.500000000000007 7.6500000000000012 2.1500000000000008 1.0000000180025095e-35 5.6500000000000012 3.6500000000000008 2.7500000000000004 1.8500000000000003 3.1395833333333334 8.5500000000000025 0.98296291314453421
decision_type=2 2 2 2 2 2 2 2 2 2 2 2 2 2 2 2 2 2 2 2 2 2 2 2 2 2 2 2 2 2
left_child=1 2 -1 4 -4 9 7 8 -5 -6 -2 12 -12 -14 17 16 -16 18 21 -20 -19 -13 23 24 25 27 -25 -23 -28 -24
right_child=10 -3 3 6 5 -7 -8 -9 -10 -11 11 14 13 -15 15 -17 -18 20 19 -21 -22 22 29 26 -26 -27 28 -29 -30 -31
leaf_value=0.018527181600216422 -0.028899696309287667 -0.0020969887602266556 -0.01157280328657305 0.04185486320598536 0.11101327078668995 -0.028217315768616153 -0.0087967014568539319 0.00053514387217607428 0.015036448233701701 0.0015291025961356548 0.023722927747194738 -0.03241122093095429 -0.0010421292280437882 0.10317307950159781 0.13518970976897021 -0.045872488135860874 0.00062721733994656082 -0.027664580662839694 -0.029528589073874775 0.078604727875291949 -0.004083110912140882 0.032558672420833636 -0.0106994026076071 -0.019863690335942791 -0.040000866673241771 0.024934351885802914 0.039850194081194605 -0.02406080914587887 0.0021768924512555873 0.013159901374403251
leaf_weight=51 673 3083 94 25 42 127 53 49 34 38 29 214 294 26 36 99 26 549 27 28 447 29 276 25 95 34 28 58 42 31
leaf_count=51 673 3083 94 25 42 127 53 49 34 38 29 214 294 26 36 99 26 549 27 28 447 29 276 25 95 34 28 58 42 31
internal_value=-0.000661565 -0.000318044 0.000988326 0.000501079 -0.000543047 0.00101923 0.00244444 0.00447706 0.0074 0.00493827 -0.00106423 -0.000773602 0.000925713 0.00024922 -0.00106406 0.00120988 0.00622222 -0.00125902 -0.000481983 0.00464286 -0.00194985 -0.000825931 -0.000180938 0.00114102 -0.0001106 0.00226229 0.00395833 0.000136363 0.00619718 -0.00151948
internal_weight=6662 3596 513 462 301 207 161 108 59 80 3066 2393 349 320 2044 161 62 1883 887 55 996 832 618 311 216 121 95 87 70 307
internal_count=6662 3596 513 462 301 207 161 108 59 80 3066 2393 349 320 2044 161 62 1883 887 55 996 832 618 311 216 121 95 87 70 307
is_linear=0
shrinkage=0.04


Tree=127
num_leaves=31
num_cat=0
split_feature=2 11 18 20 12 7 13 12 13 7 16 12 11 17 4 8 13 11 16 19 8 8 20 2 11 10 8 10 2 10
split_gain=0.510465 0.663676 0.479612 0.604088 1.66433 1.06927 0.889645 0.729154 0.579631 0.609012 0.609283 0.550943 0.846378 1.16481 1.48916 1.46083 1.28177 0.830652 0.847397 0.902976 0.801039 1.0779 1.48725 1.88099 0.995672 0.779368 0.674454 1.3494 1.80603 1.22334
threshold=0.45000000000000007 8.1500000000000004 0.78656609248549303 1.0000000180025095e-35 19.500000000000004 10.664583333333335 7.2500000000000009 89.500000000000014 6.8500000000000005 2.839583333333334 2192.5000000000005 48.500000000000007 17.150000000000002 -0.70710678118654735 4.6500000000000012 2.8500000000000001 11.350000000000003 4.5500000000000007 807.50000000000011 0.87837969732492682 12.15 14.550000000000002 -0.22252093395631442 12.050000000000002 14.550000000000002 8.4500000000000011 4.0500000000000007 7.0500000000000007 1.9500000000000002 8.1500000000000004
decision_type=2 2 2 2 2 2 2 2 2 2 2 2 2 2 2 2 2 2 2 2 2 2 2 2 2 2 2 2 2 2
left_child=1 -1 11 4 5 6 -4 8 -6 -10 -11 12 13 15 -15 16 -2 18 19 26 -19 22 -22 24 -24 -16 27 -13 -29 -28
right_child=2 -3 3 -5 7 -7 -8 -9 9 10 -12 17 -14 14 25 -17 -18 20 -20 -21 21 -23 23 -25 -26 -27 29 28 -30 -31
leaf_value=0.011517718844668843 0.020701009159434024 -0.038698947935916043 -0.014070416624022072 -0.024702336104563689 -0.021253464340597387 0.29143123218474049 0.021099913277640679 0.023027242029761127 0.019784766480028717 -0.011207791732656448 0.017473326489720529 -0.052017192850252254 -0.0013075404179026823 -0.012082725504721899 0.076058393687298984 -0.036763045579645222 -0.008417799524399517 -0.012826063114163865 0.013179947570394755 -0.019272814569112368 -0.00160828771246854 -0.0067549315215302119 0.0069819691065469191 0.084652362090896688 -0.17605265228927688 0.063039829145564386 0.01241898121773204 0.0083255085919410297 -0.00055918094177523521 -0.00083933019506457181
leaf_weight=27 28 28 25 579 403 25 31 25 36 201 34 388 950 41 27 107 26 1389 30 311 77 415 25 37 28 30 384 43 180 732
leaf_count=27 28 28 25 579 403 25 31 25 36 201 34 388 950 41 27 107 26 1389 30 311 77 415 25 37 28 30 384 43 180 732
internal_value=-0.000589525 0.00321428 -0.000621672 -0.00129118 -0.000563381 0.00482927 0.00168421 -0.00119429 -0.00144593 -1.47068e-05 -0.000762713 -0.000448086 0.000300825 0.00232308 0.00573737 0.000222221 0.00552727 -0.000672278 -0.000112132 -0.00021187 -0.00125964 -1.37231e-05 0.00269048 0.00615385 0.00125926 0.00986207 0.000145832 -0.00092157 0.00155357 0.000730527
internal_weight=6662 55 6607 1359 780 81 56 699 674 271 235 5248 1209 259 98 161 54 4039 2068 2038 1971 582 167 90 53 57 1727 611 223 1116
internal_count=6662 55 6607 1359 780 81 56 699 674 271 235 5248 1209 259 98 161 54 4039 2068 2038 1971 582 167 90 53 57 1727 611 223 1116
is_linear=0
shrinkage=0.04


Tree=128
num_leaves=31
num_cat=0
split_feature=7 17 8 2 7 8 3 17 11 6 11 7 5 17 3 2 5 1 1 13 19 17 7 7 4 3 5 14 4 19
split_gain=0.393405 1.38543 0.451157 0.999152 0.919906 1.17826 1.44672 2.94864 0.801337 0.853172 0.765313 0.700085 0.672106 0.852527 1.39198 0.754373 0.746705 0.6582 0.635375 0.609282 0.57258 2.06864 1.00704 1.64493 0.521623 0.93401 1.91718 2.23282 1.81671 1.30855
threshold=1.4020833333333338 1.0000000180025095e-35 7.2500000000000009 11.950000000000001 8.5687500000000032 7.6500000000000012 5.4500000000000011 0.37940952255126054 24.550000000000004 6.6583333333333306 9.9500000000000011 9.8270833333333361 6.6500000000000012 0.91597561503675362 6.0500000000000007 13.050000000000002 7.5500000000000007 8.4500000000000011 8.2500000000000018 0.35000000000000003 0.6078576107927941 -1.0000000180025095e-35 13.331250000000002 11.160416666666668 13.550000000000002 8.7500000000000018 4.1500000000000012 141.50000000000003 9.9500000000000011 1.0000000180025095e-35
decision_type=2 2 2 2 2 2 2 2 2 2 2 2 2 2 2 2 2 2 2 2 2 2 2 2 2 2 2 2 2 2
left_child=1 -1 3 19 5 6 7 -4 12 -10 -6 -12 15 16 18 -7 17 -14 -15 -2 -13 22 23 -22 25 -21 -27 -28 29 -29
right_child=2 -3 4 -5 10 8 -8 -9 9 -11 11 20 13 14 -16 -17 -18 -19 -20 24 21 -23 -24 -25 -26 26 27 28 -30 -31
leaf_value=-0.083878716161737296 0.0036009102640082321 0.0056689904760312436 0.19181232566301065 0.092456059722846734 -0.026479158202865102 -0.01171629246458007 -0.0036516127014178008 0.0069090450207344766 0.0156210056492947 0.00062820073705218251 -0.024345609667868563 -0.0021205505426093135 -0.0079910980760461211 0.0014297385662522073 0.038286058397529597 0.038251681685389893 -0.0022949984265259482 0.033097725880155665 -0.022415828675280473 -0.0059029399903145043 0.05531396769110293 -0.018189753062501323 0.30515591284317561 -0.14905034385577037 -0.063936498285906918 -0.042530404600454784 -0.087233532732380492 0.10692250575703283 -0.001440728872916891 0.045300221793193735
leaf_weight=25 40 27 29 25 384 645 67 50 25 48 197 770 34 35 35 44 272 39 44 3156 39 146 44 33 160 109 43 36 31 30
leaf_count=25 40 27 29 25 384 645 67 50 25 48 197 770 34 35 35 44 272 39 44 3156 39 146 44 33 160 109 43 36 31 30
internal_value=-0.000565512 0.00286792 -0.000592952 -0.000892317 -0.000228112 0.000535087 0.00391837 0.00755 0.000127659 0.00416216 -0.000874846 -0.000386993 -0.00013229 0.00105217 0.00403478 -0.00092174 5.78025e-05 0.00362162 0.00105 -0.00094842 3.09768e-05 0.00164258 0.00560684 0.00263014 -0.00100393 -0.000898416 0.001456 0.00453901 0.00787755 0.0115821
internal_weight=6662 52 6610 3630 2980 1367 146 79 1221 73 1613 1229 1148 459 114 689 345 73 79 3605 1032 262 116 72 3565 3405 249 140 97 66
internal_count=6662 52 6610 3630 2980 1367 146 79 1221 73 1613 1229 1148 459 114 689 345 73 79 3605 1032 262 116 72 3565 3405 249 140 97 66
is_linear=0
shrinkage=0.04


Tree=129
num_leaves=31
num_cat=0
split_feature=18 7 10 12 16 14 4 2 13 16 13 18 4 9 13 5 10 19 10 9 5 13 13 7 2 2 2 20 20 14
split_gain=0.410895 0.589931 1.87656 0.626785 0.777213 0.860572 0.714296 0.708085 1.74414 1.71841 0.766582 0.731167 0.792398 0.573647 0.973004 1.93984 0.732793 0.612196 0.576554 0.767076 0.557402 0.494989 0.953401 0.775839 1.14464 1.50348 1.07279 0.86676 0.529442 0.512789
threshold=0.78656609248549303 1.5145833333333336 3.5500000000000003 48.500000000000007 27.500000000000004 107.50000000000001 10.950000000000001 2.3500000000000001 9.6500000000000004 387.50000000000006 14.15 -0.9159756150367534 5.2500000000000009 61.500000000000007 2.1500000000000008 4.0500000000000007 18.850000000000005 1.0000000180025095e-35 10.750000000000002 57.500000000000007 11.550000000000002 5.8500000000000005 9.9500000000000011 5.7166666666666677 2.1500000000000008 3.4500000000000006 8.9500000000000011 1.0000000180025095e-35 1.0000000180025095e-35 170.50000000000003
decision_type=2 2 2 2 2 2 2 2 2 2 2 2 2 2 2 2 2 2 2 2 2 2 2 2 2 2 2 2 2 2
left_child=1 2 -1 7 5 -5 13 8 9 -3 11 12 -9 14 16 -16 18 -17 19 -7 -8 -2 23 24 29 -26 -25 -28 -24 -23
right_child=21 3 -4 4 -6 6 20 10 -10 -11 -12 -13 -14 -15 15 17 -18 -19 -20 -21 -22 22 28 26 25 -27 27 -29 -30 -31
leaf_value=-0.0758679078839085 -0.017917500143061642 0.0032214748343900247 0.011680259273068901 0.1841398319937986 -0.0042037596928994961 -0.01188325177207759 -0.012031049741418318 -0.016125499332572912 -0.02110083792311623 0.032987585232271181 0.043218453863229256 -0.0017451100083258773 0.041158818474294423 -0.019704598774778512 0.016027947273031001 -0.021850238785446511 0.012795734319726929 0.0010852850765553648 -0.036550077553563744 0.027728326068155035 0.10283918163852306 -0.063457359367910318 -0.0074042677187203644 -0.02348076308700171 0.066364727504752599 4.8932082361480637e-05 0.13434196522150627 -0.0076946636665990685 -0.043839411714760648 0.0094022746572696627
leaf_weight=28 737 34 30 39 3216 58 28 25 48 26 37 1012 27 311 40 54 46 46 116 27 29 32 195 121 39 29 32 29 145 26
leaf_count=28 737 34 30 39 3216 58 28 25 48 26 37 1012 27 311 40 54 46 46 116 27 29 32 195 121 39 29 32 29 145 26
internal_value=-0.000613538 -0.000452445 0.00352542 -0.000497319 -0.000737972 0.000382389 7.93641e-05 0.000300825 0.00337615 0.00786885 -3.63072e-06 -0.000202818 0.00437736 -0.000274679 0.000752576 0.00340425 -0.000758065 0.000396039 -0.00180198 0.000697673 0.00434483 -0.00122655 -0.000419107 0.00119094 0.00359055 0.00707246 -0.000480875 0.00380645 -0.00187683 -0.000542374
internal_weight=6662 5277 58 5219 4010 794 755 1209 108 60 1101 1064 52 698 387 140 247 100 201 85 57 1385 648 308 126 68 182 61 340 58
internal_count=6662 5277 58 5219 4010 794 755 1209 108 60 1101 1064 52 698 387 140 247 100 201 85 57 1385 648 308 126 68 182 61 340 58
is_linear=0
shrinkage=0.04


Tree=130
num_leaves=31
num_cat=0
split_feature=7 0 10 12 0 14 20 10 11 3 9 16 9 11 16 5 9 3 5 11 20 3 1 4 5 0 14 14 11 17
split_gain=1.02745 0.70036 0.379938 0.574696 1.1855 1.53356 0.853462 1.10622 1.01854 0.7777 0.914432 0.771436 0.738476 0.685568 1.58709 0.725434 0.798795 0.659443 0.797427 0.961915 0.892679 0.936277 1.33882 0.650706 0.681746 0.773784 1.04264 1.00055 1.95263 0.64829
threshold=1.1729166666666668 1.5500000000000003 0.65000000000000002 48.500000000000007 2.0500000000000003 179.50000000000003 1.0000000180025095e-35 10.250000000000002 29.450000000000003 15.550000000000002 116.50000000000001 32.500000000000007 72.500000000000014 4.5500000000000007 762.50000000000011 2.4500000000000006 80.500000000000014 14.65 17.550000000000004 11.050000000000002 -0.56174490092936669 15.850000000000003 22.150000000000002 4.4500000000000011 14.350000000000003 15.750000000000002 233.50000000000003 126.50000000000001 19.850000000000005 -0.78656609248549292
decision_type=2 2 2 2 2 2 2 2 2 2 2 2 2 2 2 2 2 2 2 2 2 2 2 2 2 2 2 2 2 2
left_child=-1 -2 -3 4 5 -4 7 8 23 10 -10 -9 -13 14 15 16 -5 -15 19 -19 -21 -22 -23 -6 25 26 27 -25 -29 -30
right_child=1 2 3 13 6 -7 -8 11 9 -11 -12 12 -14 17 -16 -17 -18 18 -20 20 21 22 -24 24 -26 -27 -28 28 29 -31
leaf_value=0.012258050336880074 -0.052106029848911439 -0.015894032713758499 -0.081488599948559962 -0.01947108124514034 -0.077812735747997075 0.061029288777813079 -0.0043326236308685699 0.042792408491116721 0.057789964387673635 0.36897186016498629 -0.090700329538275018 -0.0049725691292163065 0.067287067221671701 -0.0086911313389667431 0.021394718488150662 0.00041063621886142028 0.0050477394174511048 -0.18313835241827406 -0.022894639577294734 -0.022246281810631156 0.020160520493674103 -0.00058389257670641887 0.022764351847609329 -0.0033232753247260218 -0.088595242057818602 0.083279802842001788 -0.010273745025046717 0.12911385376373999 0.038128850739096894 -0.0063905527206216187
leaf_weight=29 482 400 25 385 87 25 558 27 47 25 27 52 26 1844 26 1795 43 35 98 39 28 69 27 121 84 33 120 33 26 64
leaf_count=29 482 400 25 385 87 25 558 27 47 25 27 52 26 1844 26 1795 43 35 98 39 28 69 27 121 84 33 120 33 26 64
internal_value=-0.000586739 -0.000619965 -0.000505025 -0.000422185 0.000289644 0.00627451 6.01042e-05 0.000921086 0.000317364 0.00404 0.00192 0.00471698 0.00263291 -0.000646015 -0.000158223 -0.000275181 -0.00175291 -0.00115834 0.000592592 0.00205025 0.00334146 0.004992 0.00305155 -0.000337435 0.000240663 0.000934672 0.00039452 0.00189388 0.00441935 0.00131868
internal_weight=6680 6651 6169 5769 1380 50 1330 772 667 99 74 105 78 4389 2249 2223 428 2140 296 198 163 124 96 568 481 397 364 244 123 90
internal_count=6680 6651 6169 5769 1380 50 1330 772 667 99 74 105 78 4389 2249 2223 428 2140 296 198 163 124 96 568 481 397 364 244 123 90
is_linear=0
shrinkage=0.04


Tree=131
num_leaves=31
num_cat=0
split_feature=7 3 12 13 4 14 7 7 14 14 11 4 16 3 14 13 8 14 11 11 16 7 14 10 9 7 4 12 10 16
split_gain=1.0341 0.637276 0.492169 1.58418 0.618318 0.464901 0.51856 0.468426 0.864283 0.836223 0.921411 0.704869 0.96705 0.679515 0.672549 1.02453 0.728871 0.954502 0.887971 1.77608 1.26329 2.27924 1.07457 0.899491 1.71423 0.744529 0.633166 0.906245 0.967208 0.671185
threshold=1.1729166666666668 2.0500000000000003 84.500000000000014 0.8500000000000002 4.4500000000000011 346.50000000000006 11.508333333333335 8.5687500000000032 37.500000000000007 6.5000000000000009 32.050000000000004 10.750000000000002 102.50000000000001 12.850000000000003 333.50000000000006 5.7500000000000009 3.0500000000000003 53.500000000000007 5.0500000000000007 15.15 42.500000000000007 5.4520833333333343 185.50000000000003 3.2500000000000004 91.500000000000014 2.5437500000000006 2.1500000000000008 72.500000000000014 4.8500000000000005 47.500000000000007
decision_type=2 2 2 2 2 2 2 2 2 2 2 2 2 2 2 2 2 2 2 2 2 2 2 2 2 2 2 2 2 2
left_child=-1 2 -2 -4 -5 7 -7 8 -3 -9 -11 13 -13 14 16 -16 -10 -18 23 -20 21 -21 -23 24 -19 -25 -27 -28 -29 -30
right_child=1 5 3 4 -6 6 -8 9 11 10 -12 12 -14 -15 15 -17 17 18 19 20 -22 22 -24 25 -26 26 27 28 29 -31
leaf_value=0.011767728323404851 -0.021989571615767881 -0.019186305975243543 0.039857794397255501 -0.013679487478140993 0.0065109124666414978 -0.030815397657416761 0.020528265403852532 0.018329760979435904 -0.0096924313473175476 -0.0063385671044002227 0.11998678393280386 -0.032326850794325582 0.024238866646007731 0.07294794286008742 0.0013160151951233439 0.023608260116694015 0.031938882183523309 0.18386079072878225 -0.024219340757281972 -0.02292725753616473 -0.00063486546670960735 0.33972818893393725 0.012009766602594743 0.031730698028229004 -0.0056986188085489456 -0.0065757410513055739 -0.0048537185611932966 0.23037626388861568 0.00039144638525991034 0.01147537091397292
leaf_weight=29 683 283 27 68 37 156 44 28 761 1787 47 25 45 39 55 25 44 33 613 58 508 28 32 58 25 210 234 42 456 200
leaf_count=29 683 283 27 68 37 156 44 28 761 1787 47 25 45 39 55 25 44 33 613 58 508 28 32 58 25 210 234 42 456 200
internal_value=-0.000610688 -0.000644018 -0.00169118 0.000541352 -0.00169811 -0.000497517 -0.00238806 -0.000430017 -0.000173776 -0.000949008 -0.00105504 -1.14643e-06 0.00394366 -8.29934e-05 -0.000144252 0.00345679 -0.000232517 9.28393e-05 -1.12099e-05 -0.000770969 0.000727272 0.00443697 0.00983606 0.000737092 0.00555932 0.000499583 0.000272965 0.000720256 0.00144206 0.00105936
internal_weight=6680 6651 815 132 105 5836 200 5636 3774 1862 1834 3491 70 3421 3382 80 3302 2541 2497 1239 626 118 60 1258 58 1200 1142 932 698 656
internal_count=6680 6651 815 132 105 5836 200 5636 3774 1862 1834 3491 70 3421 3382 80 3302 2541 2497 1239 626 118 60 1258 58 1200 1142 932 698 656
is_linear=0
shrinkage=0.04


Tree=132
num_leaves=31
num_cat=0
split_feature=7 0 16 11 9 4 7 7 9 5 18 8 5 7 9 5 10 7 1 9 4 10 11 11 12 10 11 11 12 11
split_gain=0.694021 0.612698 0.487356 0.912473 1.06404 1.03575 1.27842 2.15448 1.43593 1.34892 1.03291 1.00283 0.756932 1.39724 0.542894 0.625286 0.904893 0.925482 1.33037 0.790058 0.646943 0.611059 0.880928 0.929087 0.796807 0.740974 0.748455 3.15977 1.04548 0.999706
threshold=1.1729166666666668 1.5500000000000003 27.500000000000004 1.2500000000000002 59.500000000000007 6.1500000000000012 3.6270833333333341 4.8729166666666677 56.500000000000007 8.0500000000000025 -0.3794095225512602 6.9500000000000011 10.350000000000003 11.69791666666667 52.500000000000007 8.2500000000000018 8.9500000000000011 6.7104166666666671 6.5500000000000007 48.500000000000007 6.0500000000000007 5.6500000000000012 27.350000000000005 4.1500000000000012 75.500000000000014 12.250000000000002 -6.3499999999999988 -4.3499999999999988 87.500000000000014 -1.3499999999999999
decision_type=2 2 2 2 2 2 2 2 2 2 2 2 2 2 2 2 2 2 2 2 2 2 2 2 2 2 2 2 2 2
left_child=-1 -2 3 4 -3 6 -5 11 -9 10 -10 -8 -7 -14 15 16 17 18 19 -4 -18 -16 23 25 -25 26 -23 -28 29 -29
right_child=1 2 14 5 -6 12 7 8 9 -11 -12 -13 13 -15 21 -17 20 -19 -20 -21 -22 22 -24 24 -26 -27 27 28 -30 -31
leaf_value=0.011297019190468686 -0.049138913147942803 0.0017727959579150264 0.0083177199120213676 -0.017015537513143095 -0.051966382884573323 -0.035451702343549094 0.010696384715924621 -0.047075255950450388 0.10542385481478056 -0.0068683466592339973 0.031614064041695727 0.17647669301195135 0.08335196130735191 -0.0072165579380105661 -0.0049195420775838116 -0.019157534336016149 -0.028060895326754053 -0.025950277407161108 0.062396182890264121 -0.016576281704043308 0.0015101881003924704 -0.0068299842182281681 0.054832135918292481 -0.00028518330282923927 -0.025812743016946332 -0.004828602973484441 0.011637927348635899 -0.031820023023751899 -0.022227591310544241 0.0060674663477740644
leaf_weight=29 482 164 30 80 239 137 34 68 25 32 27 48 25 57 2519 286 184 52 32 30 58 53 29 733 331 188 30 96 107 475
leaf_count=29 482 164 30 80 239 137 34 68 25 32 27 48 25 57 2519 286 184 52 32 30 58 53 29 733 331 188 30 96 107 475
internal_value=-0.000604701 -0.000631991 -0.000524474 0.000315901 -0.00111881 0.00140075 0.00286984 0.00435745 0.00151634 0.00498823 0.00890566 0.00954217 -0.000709092 0.00231325 -0.000674819 -0.00173551 -0.000682171 0.00182069 0.00421505 0.000655737 -0.00217284 -0.000518195 -3.91676e-06 -0.000105264 -0.000916433 0.00080421 0.00135958 0.00170381 0.00113107 0.00181119
internal_weight=6680 6651 6169 936 403 533 314 234 152 84 52 82 219 82 5233 672 386 144 92 60 242 4561 2042 2013 1064 949 761 708 678 571
internal_count=6680 6651 6169 936 403 533 314 234 152 84 52 82 219 82 5233 672 386 144 92 60 242 4561 2042 2013 1064 949 761 708 678 571
is_linear=0
shrinkage=0.04


Tree=133
num_leaves=31
num_cat=0
split_feature=7 10 4 1 12 2 6 20 16 7 11 11 6 2 9 11 9 4 3 12 9 14 6 0 2 6 11 20 12 9
split_gain=0.695386 0.564321 0.526242 0.438991 0.579082 0.347751 0.943259 0.650909 0.499679 0.338934 1.07058 1.65642 0.844652 1.49775 1.47463 0.723171 0.93254 0.926562 0.857867 0.795083 0.728143 0.670721 1.2039 1.04671 0.858581 0.968538 0.789299 0.818908 2.05062 1.3653
threshold=1.1729166666666668 22.450000000000003 4.2500000000000009 1.4500000000000002 86.500000000000014 22.700000000000006 26.375000000000004 -0.56174490092936669 152.50000000000003 8.1979166666666696 -1.8499999999999999 -6.3499999999999988 9.3333333333333339 9.6500000000000004 73.500000000000014 -1.0499999999999998 59.500000000000007 10.950000000000001 12.750000000000002 67.500000000000014 54.500000000000007 179.50000000000003 1.9999999999999964 2.6500000000000008 10.550000000000002 10.824999999999999 4.3500000000000005 0.81174490092936691 81.500000000000014 84.500000000000014
decision_type=2 2 2 2 2 2 2 2 2 2 2 2 2 2 2 2 2 2 2 2 2 2 2 2 2 2 2 2 2 2
left_child=-1 3 -3 4 -2 9 -7 8 -8 15 11 -11 -12 14 -14 16 20 18 21 -19 -5 24 23 -23 26 -26 27 29 -29 -17
right_child=1 2 -4 5 -6 6 7 -9 -10 10 12 -13 13 -15 -16 17 -18 19 -20 -21 -22 22 -24 -25 25 -27 -28 28 -30 -31
leaf_value=0.01084513842284994 -0.052451101468330798 -0.010512208114012177 0.011563305384190942 -0.01960180662587965 0.0041599912704648051 0.010169319413765728 0.1174456253408096 -0.073933719576099843 -0.22746809263471118 -0.013998591781167221 -0.024755262034390692 0.0083434822911162086 -0.066762738229470181 -0.0055698886147475439 0.063671328811976249 -0.006188193445147391 -0.018855956168896414 0.071214348873922195 0.0865390338169299 -0.0093320014525471034 0.051203724188374093 0.0011546756770173831 -0.00015639086762485273 0.0063405333822266164 0.036768809425675057 -0.015499881816771109 -0.010463396287321836 -0.0100545820455912 0.026441215512578064 0.013898461562616799
leaf_weight=29 355 27 34 47 54 48 25 89 26 48 651 49 32 1017 60 600 445 25 25 28 40 63 1536 29 42 35 1095 47 43 36
leaf_count=29 355 27 34 47 54 48 25 89 26 48 651 49 32 1017 60 600 445 25 25 28 40 63 1536 29 42 35 1095 47 43 36
internal_value=-0.000610688 -0.000638005 0.00316129 -0.000673647 -0.00194146 -0.000589454 0.00110053 -0.000567377 0.003 -0.000642644 -0.0010915 0.00297959 -0.00131743 -0.000645046 0.00421505 -0.0004409 -0.00181614 -0.000237449 -0.000316442 0.00496296 0.00195454 -0.00036972 0.000225905 0.00464516 -0.000880464 0.00323077 -0.00105598 -3.30133e-05 0.00351648 -0.000540032
internal_weight=6680 6651 61 6590 409 6181 188 140 51 5993 1857 97 1760 1109 92 4136 532 3604 3551 53 87 3526 1628 92 1898 77 1821 726 90 636
internal_count=6680 6651 61 6590 409 6181 188 140 51 5993 1857 97 1760 1109 92 4136 532 3604 3551 53 87 3526 1628 92 1898 77 1821 726 90 636
is_linear=0
shrinkage=0.04


Tree=134
num_leaves=31
num_cat=0
split_feature=7 7 7 13 9 19 18 8 17 5 7 11 9 5 14 1 11 14 0 11 10 8 0 0 13 14 20 13 10 5
split_gain=0.426838 0.452244 1.24401 1.36924 1.04276 0.807246 0.548138 0.685787 1.67085 0.509389 0.487523 1.2206 0.476566 0.636673 1.38543 0.551616 1.12792 1.4764 0.997839 0.702143 0.488353 1.92724 0.5887 1.16279 0.46624 1.82344 0.580925 1.26501 0.507895 0.428536
threshold=1.1729166666666668 3.6270833333333341 3.7562500000000005 3.7500000000000004 42.500000000000007 -0.60785761079279388 -0.70710678118654757 3.3500000000000001 -0.25881904510252113 2.3500000000000001 2.1854166666666672 -1.0499999999999998 52.500000000000007 2.9500000000000006 171.50000000000003 11.950000000000001 14.950000000000001 167.50000000000003 15.65 11.050000000000002 18.850000000000005 11.750000000000002 39.250000000000007 47.20000000000001 5.3500000000000005 311.50000000000006 -0.22252093395631442 0.8500000000000002 7.7500000000000009 1.3500000000000003
decision_type=2 2 2 2 2 2 2 2 2 2 2 2 2 2 2 2 2 2 2 2 2 2 2 2 2 2 2 2 2 2
left_child=-1 4 3 -3 -2 -5 7 10 -9 29 11 -6 13 14 -11 -15 17 -17 19 -19 22 -22 -14 -24 26 28 27 -8 -26 -4
right_child=1 2 9 5 6 -7 24 8 -10 12 -12 -13 20 15 -16 16 -18 18 -20 -21 21 -23 23 -25 25 -27 -28 -29 -30 -31
leaf_value=0.010411332885935947 0.019833862352070918 -0.0063621818897182771 0.0038707338665626275 0.099240958743240085 -0.086801044649130507 0.0067687740031179555 0.027489804959470964 0.02636561681420652 -0.0047338646527333231 -0.1209025677584419 -0.030154742020096929 0.033630278188604236 -0.0011300315516980437 -0.014080971448683957 0.028071096775353813 -0.095239027482691974 -0.046083586727543341 0.096977190169717759 -0.00030139203855607927 0.00558407916417191 0.081689061543113103 -0.056043505936486479 0.27451110639280712 -0.011366275976278125 -0.027011671288067425 0.024429472720712983 -0.044860927378162156 -0.032878305905185388 0.002575440011742531 -0.021778386050474493
leaf_weight=29 26 54 88 25 29 36 43 34 58 25 177 31 3793 472 27 49 104 27 31 25 25 35 25 39 353 32 418 227 25 318
leaf_count=29 26 54 88 25 29 36 43 34 58 25 177 31 3793 472 27 49 104 27 31 25 25 35 25 39 353 32 418 227 25 318
internal_value=-0.000628649 -0.000650031 -0.000475477 0.00362069 -0.00127373 0.00767742 -0.00142017 1.21203e-05 0.00292473 -0.000568844 -0.00112605 0.00196721 -0.000450621 -0.00136662 0.00286792 -0.00168124 -0.000101267 0.00234586 0.00557143 0.00890566 -0.000272589 0.00327869 -0.000328669 0.00344615 -0.00184895 -0.00077859 -0.00248476 -0.00103321 -0.00156201 -0.00192629
internal_weight=6680 6651 5198 115 1453 61 1427 329 92 5083 237 60 4677 760 52 708 236 132 83 52 3917 60 3857 64 1098 410 688 270 378 406
internal_count=6680 6651 5198 115 1453 61 1427 329 92 5083 237 60 4677 760 52 708 236 132 83 52 3917 60 3857 64 1098 410 688 270 378 406
is_linear=0
shrinkage=0.04


Tree=135
num_leaves=31
num_cat=0
split_feature=2 9 10 10 11 3 18 5 7 4 2 1 7 11 4 12 5 11 16 5 5 7 9 19 11 4 0 12 2 4
split_gain=0.66007 1.372 0.405143 0.623535 0.786606 1.08659 0.511621 0.626601 0.747936 1.00869 0.854217 1.06349 0.683485 0.90447 0.694563 0.609471 0.640217 2.93262 1.39748 0.902526 1.07879 0.772056 2.15645 1.63602 3.42546 1.52072 2.32267 0.970583 0.795083 0.717317
threshold=0.55000000000000016 84.500000000000014 22.450000000000003 14.350000000000003 19.250000000000004 6.8500000000000005 0.78656609248549303 3.4500000000000006 7.8604166666666675 9.7500000000000018 2.1500000000000008 2.5500000000000003 10.852083333333335 31.150000000000002 13.550000000000002 87.500000000000014 11.750000000000002 -2.7499999999999996 27.500000000000004 12.950000000000001 12.550000000000002 4.4645833333333345 83.500000000000014 -0.60785761079279388 10.750000000000002 2.5500000000000003 2.5500000000000003 86.500000000000014 3.2500000000000004 15.750000000000002
decision_type=2 2 2 2 2 2 2 2 2 2 2 2 2 2 2 2 2 2 2 2 2 2 2 2 2 2 2 2 2 2
left_child=1 -1 3 6 -5 -6 15 -8 9 10 -9 -12 -10 14 -14 16 21 -18 -19 20 -20 22 27 24 -24 26 -25 -2 -29 -21
right_child=2 -3 -4 4 5 -7 7 8 12 -11 11 -13 13 -15 -16 -17 17 18 19 29 -22 -23 23 25 -26 -27 -28 28 -30 -31
leaf_value=0.013873965097717576 -0.002267533124915263 -0.090312779469077037 0.0064428800309772405 -0.020418154564837372 0.3563676023152717 -0.0036283797581844429 -0.021333090088086811 -0.018627392657065731 -0.037845013346822658 0.1899557940736441 0.073187384870621305 0.00059991731985170268 0.0074857261956455924 0.34901840471796514 -0.081040726576025138 -0.019747533356124305 0.014401411396815469 0.050738500295988781 0.0042608880972954642 -0.022738653338369962 0.078261843903419073 -0.003691854467392642 0.074504203457171833 -0.0080734564684229841 -0.043422562528071529 -0.0084429319408366298 0.031716419250410438 0.2140313676865683 0.030857375312853291 0.015204493877517407
leaf_weight=50 1062 28 59 445 25 60 535 127 192 30 52 181 52 25 137 534 26 46 81 403 28 2076 31 34 26 91 29 25 28 137
leaf_count=50 1062 28 59 445 25 60 535 127 192 30 52 181 52 25 137 534 26 46 81 403 28 2076 31 34 26 91 29 25 28 137
internal_value=-0.000495794 0.00313924 -0.000539375 -0.000569413 -0.00188324 0.00162791 -0.000452831 -0.00114415 -0.00043162 0.000818413 0.000221606 0.00165812 -0.00163145 -7.44196e-05 -0.00103158 -0.000255046 -9.02046e-05 0.000991689 0.000488505 6.15289e-06 0.00330909 -0.000319719 0.000434061 0.00413207 0.00986207 0.00196129 0.0066875 -0.000268818 0.00496296 -0.000665435
internal_weight=6655 78 6577 6518 530 85 5988 1331 796 390 360 233 406 214 189 4657 4123 721 695 649 109 3402 1326 211 57 154 63 1115 53 540
internal_count=6655 78 6577 6518 530 85 5988 1331 796 390 360 233 406 214 189 4657 4123 721 695 649 109 3402 1326 211 57 154 63 1115 53 540
is_linear=0
shrinkage=0.04


Tree=136
num_leaves=31
num_cat=0
split_feature=7 2 13 3 14 14 17 12 11 7 20 10 13 19 13 3 7 17 10 10 13 3 20 7 7 2 2 19 7 1
split_gain=0.72669 0.487925 1.28437 0.524863 0.408113 0.423472 0.820834 0.898437 0.663513 0.809948 1.47147 1.50549 2.2711 0.973314 1.19405 0.864775 0.866874 1.28591 0.855587 0.617438 0.613929 1.20331 1.17525 1.29964 3.10264 0.550962 0.973714 0.546656 0.53043 0.49986
threshold=1.1729166666666668 0.55000000000000016 12.250000000000002 1.5500000000000003 343.50000000000006 195.50000000000003 0.98296291314453421 75.500000000000014 -0.54999999999999993 4.4979166666666677 -0.22252093395631442 2.4500000000000006 9.7500000000000018 0.6078576107927941 2.1500000000000008 6.4500000000000011 6.7104166666666671 1.0000000180025095e-35 1.0500000000000003 22.450000000000003 3.0500000000000003 18.050000000000004 0.81174490092936691 10.383333333333335 12.052083333333334 2.6500000000000008 2.1500000000000008 -0.60785761079279388 5.8375000000000004 5.6500000000000012
decision_type=2 2 2 2 2 2 2 2 2 2 2 2 2 2 2 2 2 2 2 2 2 2 2 2 2 2 2 2 2 2
left_child=-1 2 -2 -3 5 19 8 -8 29 10 -10 12 -12 -13 -15 25 17 28 -18 -5 -20 22 23 27 -25 26 -11 -22 -17 -7
right_child=1 3 -4 4 -6 6 7 -9 9 15 11 13 -14 14 -16 16 18 -19 20 -21 21 -23 -24 24 -26 -27 -28 -29 -30 -31
leaf_value=0.010096705750934066 0.013108119107769749 -0.018457679347490343 -0.1011380995488274 -0.0033617031924724201 -0.020479647826670618 -0.020241420190628516 0.0081367447531594198 0.031611700745661067 -0.0026945570741341873 -0.05102899835028888 0.066462820118243171 -0.003665351848910859 -0.00049523804336868706 -0.0013309911926885876 0.011366804584892427 -0.012814337434506528 -0.02614430246296991 0.021944236847861492 -0.0048451493412028828 0.0063937261225869282 -0.058095897172003794 -0.065881246404245988 -0.11096215911165727 0.081425832707725285 0.0069050484712452906 -0.032628208155732398 0.16189715106834199 0.0044713160298346525 0.0062030833806994354 0.00010178694064166173
leaf_weight=28 43 414 28 4042 221 152 57 29 168 53 43 81 30 37 46 30 159 47 221 31 27 46 32 39 62 262 30 64 39 94
leaf_count=28 43 414 28 4042 221 152 57 29 168 53 43 81 30 37 46 30 159 47 221 31 27 46 32 39 62 262 30 64 39 94
internal_value=-0.000525842 -0.000553411 0.00272222 -0.000589295 -0.000496175 -0.000432963 6.92257e-05 0.00386207 -0.000117982 0.000195121 0.00172414 0.0037479 0.00848649 0.0016 0.00461905 -0.00036331 0.000385918 0.00355555 -0.000184333 -0.000660777 0.000642275 0.00191882 0.00312889 0.00431088 0.00741176 -0.00202312 0.000809523 0.000826086 5.71419e-05 -0.00204049
internal_weight=6655 6627 71 6556 6142 5921 1848 86 1762 1516 405 237 73 164 83 1111 766 116 650 4073 491 270 224 192 101 345 83 91 69 246
internal_count=6655 6627 71 6556 6142 5921 1848 86 1762 1516 405 237 73 164 83 1111 766 116 650 4073 491 270 224 192 101 345 83 91 69 246
is_linear=0
shrinkage=0.04


Tree=137
num_leaves=31
num_cat=0
split_feature=2 9 5 4 9 18 10 13 8 4 8 9 10 5 5 9 7 7 8 1 9 10 12 11 18 14 6 16 20 13
split_gain=0.679825 1.372 0.455413 0.857081 0.999775 1.16523 1.20302 1.59779 0.916098 1.40694 1.13518 0.728397 1.24438 1.08211 0.676602 0.626411 0.691708 0.913275 2.4106 1.95894 1.19111 0.755761 0.618277 1.59096 0.627125 0.606087 0.601089 1.12368 0.644414 1.25723
threshold=0.55000000000000016 84.500000000000014 4.1500000000000012 7.6500000000000012 80.500000000000014 0.78656609248549303 5.0500000000000007 3.2500000000000004 5.3500000000000005 5.4500000000000011 3.3500000000000001 46.500000000000007 12.550000000000002 2.7500000000000004 3.4500000000000006 42.500000000000007 3.1895833333333337 4.0645833333333341 7.0500000000000007 6.3500000000000005 60.500000000000007 8.5500000000000025 49.500000000000007 11.950000000000001 -0.5 300.50000000000006 7.966666666666665 92.500000000000014 0.81174490092936691 6.1500000000000012
decision_type=2 2 2 2 2 2 2 2 2 2 2 2 2 2 2 2 2 2 2 2 2 2 2 2 2 2 2 2 2 2
left_child=1 -1 3 4 11 6 8 -8 9 10 -6 12 13 -2 -7 -4 -17 18 20 -20 21 -18 23 -13 -25 -19 28 -28 -24 -30
right_child=2 -3 15 -5 5 14 7 -9 -10 -11 -12 22 -14 -15 -16 16 17 25 19 -21 -22 -23 26 24 -26 -27 27 -29 29 -31
leaf_value=0.012794681729498084 0.00062508512855310669 -0.084136672489542597 -0.01085188403350241 -0.026791629991679972 -0.018491878911607956 -0.0290912440205131 -0.015753643908795238 0.030533211654978146 -0.032983970123494639 0.055871395268511606 0.030033653536113473 0.021238497416110197 -0.15857741661006905 0.027881152589221334 0.0089637355213084205 -0.036663487787882781 0.00073987954521708907 -0.0003679423006933938 0.27345062905747225 0.015798603397452714 -0.014402525157111002 0.17641204945929789 -0.030874415769026477 0.0060628112946099696 -0.0093329125437323843 -0.020991945448712759 -0.0075431015221011531 0.10550875662751225 -0.021775671221932118 0.010636361926049219
leaf_weight=50 28 28 240 490 82 177 25 27 41 34 44 35 32 28 28 209 27 3188 25 26 123 25 913 40 88 338 96 37 106 25
leaf_count=50 28 28 240 490 82 177 25 27 41 34 44 35 32 28 28 209 27 3188 25 26 123 25 913 40 88 338 96 37 106 25
internal_value=-0.000549881 0.00313924 -0.000594103 -0.0010366 -0.00064865 0.000976034 0.0027874 0.00815094 0.00136634 0.00273292 0.000755905 -0.00117005 0.00233708 0.00589474 -0.00126214 -0.000343647 -0.000223121 -9.80558e-05 0.00236123 0.00992308 0.000113635 0.00513207 -0.00140194 0.000902438 -0.0011783 -0.000256309 -0.00172156 0.000805969 -0.00204402 0.000575757
internal_weight=6655 78 6577 2376 1886 458 253 52 201 160 126 1428 88 56 205 4201 3961 3752 226 51 175 52 1340 163 128 3526 1177 133 1044 131
internal_count=6655 78 6577 2376 1886 458 253 52 201 160 126 1428 88 56 205 4201 3961 3752 226 51 175 52 1340 163 128 3526 1177 133 1044 131
is_linear=0
shrinkage=0.04


Tree=138
num_leaves=31
num_cat=0
split_feature=7 2 9 3 14 18 14 5 11 10 5 4 0 14 4 7 8 4 5 3 9 5 8 16 7 4 11 0 7 0
split_gain=0.719814 0.478995 1.36174 0.566616 0.613162 0.429176 0.841006 1.13416 1.09878 1.38123 1.62628 0.862151 0.767912 0.662177 0.628205 0.64609 1.95517 0.978159 0.702839 1.04816 0.68121 0.694335 0.526975 1.72293 0.537766 0.816583 0.599306 0.589183 1.11209 1.37834
threshold=1.1729166666666668 0.55000000000000016 83.500000000000014 1.9500000000000002 321.50000000000006 0.37940952255126048 95.500000000000014 1.4500000000000002 4.1500000000000012 8.5500000000000025 2.9500000000000006 36.550000000000004 5.3500000000000005 108.50000000000001 2.1500000000000008 3.1645833333333337 3.3500000000000001 3.0500000000000003 2.1500000000000008 2.8500000000000001 40.500000000000007 1.7500000000000002 17.950000000000003 897.50000000000011 8.127083333333335 10.750000000000002 -1.4499999999999997 7.4500000000000011 5.9854166666666684 8.3500000000000032
decision_type=2 2 2 2 2 2 2 2 2 2 2 2 2 2 2 2 2 2 2 2 2 2 2 2 2 2 2 2 2 2
left_child=-1 2 -2 4 -3 6 7 -5 9 10 -9 13 -12 -8 -15 16 18 -18 -16 -20 -17 -22 24 -24 25 27 -26 -7 29 -29
right_child=1 3 -4 5 -6 22 11 8 -10 -11 12 -13 -14 14 15 20 17 -19 19 -21 21 -23 23 -25 26 -27 -28 28 -30 -31
leaf_value=0.0097745470124167427 0.012136454010456904 -0.022290714739974633 -0.09021648697010079 0.026310959960301167 0.0060695525184184217 -0.0060605059196921583 -0.039940679045464042 -0.015310107376558005 -0.0034117443322123826 -0.016236648031833993 0.15061182765059375 0.074309979291774325 0.016028850950426336 -0.0092404522824203368 -0.087969269901384164 -0.010057247916516094 0.042079551022268874 0.0019849822060517839 -0.028971237983093673 0.044358065273560295 -0.034616225664679721 -0.00026322202827474335 -0.034792118915248686 0.10239055812257483 0.0032692312037669556 0.048759693120687057 -0.027640980190559966 0.02584310018887935 -0.0068487427004427287 0.0079122850858168985
leaf_weight=28 42 665 29 26 30 1076 104 32 252 33 25 43 27 471 71 149 37 27 29 25 73 2387 92 37 33 33 610 27 80 62
leaf_count=28 42 665 29 26 30 1076 104 32 252 33 25 43 27 471 71 149 37 27 29 25 73 2387 92 37 33 33 610 27 80 62
internal_value=-0.000495794 -0.000523236 0.00272222 -0.000558793 -0.00163793 -0.000430571 -0.000179434 0.00156566 0.000983783 0.00416949 0.00687059 -0.000381622 0.0111698 -0.000454061 -0.000353518 -0.00012576 0.00212631 0.00775385 -0.000793652 0.00261818 -0.000289656 -0.000130029 -0.000897124 0.00156923 -0.00106348 -0.00058796 -0.00200621 -0.000754415 0.00143529 0.00448889
internal_weight=6655 6627 71 6556 695 5861 3811 395 369 117 84 3416 52 3373 3269 2798 189 64 125 54 2609 2460 2050 129 1921 1278 643 1245 169 89
internal_count=6655 6627 71 6556 695 5861 3811 395 369 117 84 3416 52 3373 3269 2798 189 64 125 54 2609 2460 2050 129 1921 1278 643 1245 169 89
is_linear=0
shrinkage=0.04


Tree=139
num_leaves=31
num_cat=0
split_feature=7 5 11 8 13 6 11 10 16 14 8 11 14 6 14 7 8 14 3 20 11 13 6 1 9 5 9 15 7 7
split_gain=0.719814 0.479746 2.89219 1.72885 1.31513 2.82996 1.15574 1.19407 1.62282 2.67843 0.822094 0.566244 0.786429 1.59364 1.95431 0.638667 1.0299 0.98698 0.735721 0.717039 1.39629 1.77754 1.84801 0.957205 1.33568 0.846065 0.607544 0.771071 1.3983 0.697984
threshold=1.1729166666666668 10.65 -1.3499999999999999 12.15 7.7500000000000009 2.6666666666666639 9.9500000000000011 14.950000000000001 37.500000000000007 183.50000000000003 14.65 -1.4499999999999997 171.50000000000003 4.3333333333333313 152.50000000000003 8.1979166666666696 11.65 21.500000000000004 12.850000000000003 0.81174490092936691 11.250000000000002 8.6500000000000004 7.7999999999999963 3.0500000000000003 69.500000000000014 5.1500000000000012 75.500000000000014 0.15000000000000005 3.6270833333333341 1.5145833333333336
decision_type=2 2 2 2 2 2 2 2 2 2 2 2 2 2 2 2 2 2 2 2 2 2 2 2 2 2 2 2 2 2
left_child=-1 11 3 -3 5 -4 -7 8 9 -8 -11 12 13 -2 -15 18 -17 -18 19 26 21 22 23 24 -21 -22 -13 29 -29 -28
right_child=1 2 4 -5 -6 6 7 -9 -10 10 -12 15 -14 14 -16 16 17 -19 -20 20 25 -23 -24 -25 -26 -27 27 28 -30 -31
leaf_value=0.009383565131920105 -0.078531515887891271 0.023663912087319924 0.0066207433827695974 -0.0019451856115005452 -0.057905082928406425 -0.037887292103508073 -0.010698362750651998 -0.030016728940256511 0.0011545528700673076 0.061956785757261316 0.18440137548370686 -0.0040582279767042645 -0.029293415252608184 -0.002382477218305739 0.05336612106259845 -0.033481233487329599 0.10205809511826647 -0.0035525565824162586 0.06964118385833705 0.079492572266574538 -0.05101760846443603 0.028530444268095138 0.022965783240859735 -0.0034817610328133882 -0.0031190123433757627 0.0053813600018063129 0.006282205599743752 -0.047705045774823616 0.051479200800210193 -0.00089323134994017544
leaf_weight=28 67 45 45 29 222 205 40 98 588 27 29 2127 406 53 28 518 40 407 27 30 104 26 41 151 59 32 27 28 39 1089
leaf_count=28 67 45 45 29 222 205 40 98 588 27 29 2127 406 53 28 518 40 407 27 30 104 26 41 151 59 32 27 28 39 1089
internal_value=-0.000495794 -0.000523236 0.000156508 0.00778667 -0.000299603 0.000302032 -0.000149799 0.000551723 0.00114452 0.00593814 0.0115088 -0.000693586 -0.0019027 0.000590603 0.00434146 -0.000552045 -0.00146998 -6.2501e-05 -0.000317377 -0.000365478 0.00114414 0.00263636 0.00168794 0.000331949 0.0036 -0.00221898 -0.000567805 0.000158783 0.00429412 -9.31075e-05
internal_weight=6655 6627 1328 74 1254 1032 987 782 684 96 56 5299 554 148 81 4745 965 447 3780 3753 443 307 281 240 89 136 3310 1183 67 1116
internal_count=6655 6627 1328 74 1254 1032 987 782 684 96 56 5299 554 148 81 4745 965 447 3780 3753 443 307 281 240 89 136 3310 1183 67 1116
is_linear=0
shrinkage=0.04


Tree=140
num_leaves=31
num_cat=0
split_feature=7 12 11 20 2 1 10 7 13 7 6 6 2 3 12 6 12 19 19 1 6 6 12 10 2 0 20 13 4 4
split_gain=0.982612 1.72388 0.811922 0.955913 1.39067 1.97126 2.69256 1.54256 2.79846 1.00117 1.07188 0.944764 1.46326 1.23373 0.964431 1.13598 0.772124 0.703728 0.677225 1.55413 0.725568 0.758239 0.664093 0.639102 0.617072 0.611642 0.866016 0.616677 0.79213 0.611387
threshold=1.4020833333333338 65.500000000000014 15.950000000000001 1.0000000180025095e-35 13.250000000000002 13.850000000000003 2.4500000000000006 2.5104166666666674 5.7500000000000009 17.375000000000004 23.991666666666671 7.716666666666665 6.9500000000000011 7.4500000000000011 45.500000000000007 2.9666666666666632 20.500000000000004 0.87837969732492682 0.87837969732492682 3.9500000000000006 5.2166666666666659 6.2416666666666645 66.500000000000014 8.7500000000000018 0.55000000000000016 10.850000000000003 -0.56174490092936669 9.6500000000000004 6.2500000000000009 1.1500000000000001
decision_type=2 2 2 2 2 2 2 2 2 2 2 2 2 2 2 2 2 2 2 2 2 2 2 2 2 2 2 2 2 2
left_child=1 -1 17 11 7 6 -6 8 -5 -7 -11 12 14 -14 18 -16 -13 24 20 -20 -4 -22 -17 -21 -2 -18 27 28 -27 -19
right_child=2 -3 3 4 5 9 -8 -9 -10 10 -12 16 13 -15 15 22 25 29 19 23 21 -23 -24 -25 -26 26 -28 -29 -30 -31
leaf_value=0.0096028300420656632 0.010637538525729151 -0.022851128216001621 -0.047123788485848243 -0.09770139472791943 -0.024229057618216761 -0.074055715899382007 0.20739333455930353 -0.01973797415608641 0.034730473836640512 0.38462311523619075 -0.0081059422908732592 0.10544867530470525 0.0017255371564970741 0.025858306709593798 0.06388017424031335 0.029533465807085522 -0.010177345668937295 0.011830965300474108 0.05659720844103449 -0.031134610636443131 0.014701825133269489 -0.022451884723061796 -0.010474981401277079 0.024531237223697846 -0.0019650324271282397 0.27457377947529993 -0.025899886741917288 -0.0088057517151002729 0.010395366642925216 -0.016618309496526772
leaf_weight=27 44 26 182 29 31 116 28 632 26 46 38 45 47 47 29 97 226 33 50 48 40 29 33 25 3756 36 130 25 160 562
leaf_count=27 44 26 182 29 31 116 28 632 26 46 38 45 47 47 29 97 226 33 50 48 40 29 33 25 3756 36 130 25 160 562
internal_value=-0.000411199 0.00496296 -0.000455167 0.000173041 -0.00078564 0.00170769 0.00806667 -0.00172675 0.00464286 -0.000199006 0.00310588 0.000899199 0.00199363 0.00656842 0.00117603 0.003775 -0.000205458 -0.000768882 6.3999e-05 0.00248387 -0.00112699 0.00234286 0.0021374 -0.00124324 -0.000568272 -0.000602077 0.000443181 0.00196396 0.00272081 -0.00204698
internal_weight=6643 53 6590 2195 946 259 59 687 55 200 84 1249 627 94 533 159 622 4395 374 123 251 69 130 73 3800 577 351 221 196 595
internal_count=6643 53 6590 2195 946 259 59 687 55 200 84 1249 627 94 533 159 622 4395 374 123 251 69 130 73 3800 577 351 221 196 595
is_linear=0
shrinkage=0.04


Tree=141
num_leaves=31
num_cat=0
split_feature=7 12 2 19 16 20 7 2 11 5 2 14 14 6 11 3 7 8 12 3 5 1 5 5 2 12 7 7 11 4
split_gain=1.00917 1.72388 0.581463 1.03255 1.06212 0.65482 1.21166 1.34016 0.805074 3.00433 0.826744 0.911339 0.782634 1.27336 1.28417 1.55296 1.15314 1.04706 1.02964 0.7714 0.752894 2.48431 0.731552 0.708234 2.17993 1.87333 0.923876 0.763888 1.24994 1.19146
threshold=1.4020833333333338 65.500000000000014 20.450000000000003 -0.60785761079279388 37.500000000000007 -0.22252093395631442 6.7479166666666677 10.65 -1.1499999999999997 12.350000000000003 12.15 62.500000000000007 195.50000000000003 2.4833333333333321 3.6500000000000008 1.7500000000000002 3.1645833333333337 8.4500000000000011 56.500000000000007 8.9500000000000011 16.450000000000003 14.350000000000003 16.550000000000004 11.950000000000001 9.1500000000000004 70.500000000000014 7.6979166666666679 2.777083333333334 6.4500000000000011 1.9500000000000002
decision_type=2 2 2 2 2 2 2 2 2 2 2 2 2 2 2 2 2 2 2 2 2 2 2 2 2 2 2 2 2 2
left_child=1 -1 5 -4 -5 22 7 12 9 -8 -10 -12 16 14 -14 -16 -7 19 -17 -18 -13 -22 23 27 25 -25 -27 28 29 -2
right_child=2 -3 3 4 -6 6 8 -9 10 -11 11 20 13 -15 15 18 17 -19 -20 -21 21 -23 -24 24 -26 26 -28 -29 -30 -31
leaf_value=0.0092187168403830115 0.010125106646899281 -0.021937083087361524 -0.027781985000815836 0.05485708208412602 0.026689896165105836 -0.03689218546702893 -0.016330703164431859 0.03543168297035048 -0.024788245226564382 0.015216527522997139 0.088926771098113269 -0.024949428421348827 -0.044499992161960968 -0.000633346137511806 0.0014703851649084919 0.037324196557257612 0.00018110949939809535 -0.038270938461268729 0.0026384541389540294 0.10295943931604001 0.038400835694417268 -0.030934658950712148 -0.085288243102378106 0.20032780637419284 -0.028300091114777663 -0.046701326993619889 0.025179847274688631 -0.0014296631048738271 0.089081390047889134 -0.019403521038544602
leaf_weight=27 133 26 85 31 120 436 87 40 957 33 53 291 36 491 53 43 767 188 27 35 32 66 77 46 98 27 26 2168 38 106
leaf_count=27 133 26 85 31 120 436 87 40 957 33 53 291 36 491 53 43 767 188 27 35 32 66 77 46 98 27 26 2168 38 106
internal_value=-0.000483445 0.00496296 -0.000527994 0.00141772 0.00339474 -0.000600473 -0.000951596 -0.000332547 -0.00181316 0.00132231 -0.00208286 -0.000650114 -0.000473761 0.000675882 0.003775 0.00570968 -0.000997899 -0.000242181 0.00957746 0.000388542 -0.00132308 0.00169697 -0.000130883 -1.81621e-05 0.00228283 0.00644 0.00125926 -0.000204416 0.00176978 0.000683332
internal_weight=6643 53 6590 236 151 6354 3635 2116 1519 120 1399 442 2076 650 159 123 1426 990 70 802 389 98 2719 2642 197 99 53 2445 277 239
internal_count=6643 53 6590 236 151 6354 3635 2116 1519 120 1399 442 2076 650 159 123 1426 990 70 802 389 98 2719 2642 197 99 53 2445 277 239
is_linear=0
shrinkage=0.04


Tree=142
num_leaves=31
num_cat=0
split_feature=20 7 11 9 13 11 7 10 2 2 10 9 7 2 11 11 19 17 19 4 5 5 17 10 10 7 2 3 11 11
split_gain=0.553819 1.20162 1.61478 1.14156 2.18017 0.998666 2.56921 1.09754 0.846154 1.6476 1.74506 1.70125 1.02137 0.87832 1.29885 0.959939 1.868 3.86018 0.807781 0.880818 1.33682 2.68117 0.786305 0.744169 0.90607 0.729161 1.17602 1.05494 0.853288 0.806713
threshold=-0.22252093395631442 2.777083333333334 -1.0499999999999998 57.500000000000007 0.8500000000000002 3.5500000000000003 2.0187500000000007 6.7500000000000009 4.5500000000000007 4.9500000000000011 6.2500000000000009 79.500000000000014 5.4229166666666675 10.050000000000002 -3.7499999999999996 19.250000000000004 1.0000000180025095e-35 -0.5 1.0000000180025095e-35 9.0500000000000025 4.1500000000000012 8.0500000000000025 -1.0000000180025095e-35 14.15 8.6500000000000004 6.7479166666666677 11.950000000000001 9.2500000000000018 0.8500000000000002 -1.3499999999999999
decision_type=2 2 2 2 2 2 2 2 2 2 2 2 2 2 2 2 2 2 2 2 2 2 2 2 2 2 2 2 2 2
left_child=1 2 -1 -4 -5 7 22 -6 18 10 11 -10 -11 14 -14 -16 -17 -18 19 -3 -21 -22 -7 24 25 27 28 29 -27 -2
right_child=23 8 3 4 5 6 -8 -9 9 12 -12 -13 13 -15 15 16 17 -19 -20 20 21 -23 -24 -25 -26 26 -28 -29 -30 -31
leaf_value=-0.074699610612458736 -0.032529563401714028 -0.0079797631768851324 -0.067312262709577256 0.032211999719167189 -0.02214726854268664 -0.062182376663281157 0.073834359405404323 0.0035327464712562279 0.17996293880504258 -0.021973414310969577 -0.0071853660462755644 0.0015197347706002258 0.023490156854581175 -0.0064863518926404906 -0.00099115570087860111 0.00036644879453290086 -0.037459973710683457 0.2648868180101332 -0.033827438408520268 -0.10758807264359861 0.17541525635592212 -0.00096964917670483029 0.0099043282634592392 -0.013629237353112103 0.0008869662883508935 0.0063154995034323874 0.00036716660578229969 0.058253915771135562 -0.033962700777063398 -0.00088965014999175575
leaf_weight=64 166 478 27 26 56 27 33 43 32 330 63 31 29 587 417 131 31 44 282 31 25 42 29 343 888 40 325 46 701 1276
leaf_count=64 166 478 27 26 56 27 33 43 32 330 63 31 29 587 417 131 31 44 282 31 25 42 29 343 888 40 325 46 701 1276
internal_value=-0.000501506 -8.11482e-05 0.00228758 0.00378512 0.00476279 0.00321693 0.00626667 0.000439999 -0.000364919 0.000153301 0.00453543 0.0091875 -0.000201275 0.000325805 0.00133537 0.000942307 0.00316908 0.00815789 -0.00138766 -0.000526864 0.00290909 0.00605882 0.000982455 -0.000818807 -0.000641302 -0.00102388 -0.00182193 -0.000451311 -0.00270081 -0.000643106
internal_weight=6643 2858 305 241 214 188 89 99 2553 1695 126 63 1569 1239 652 623 206 75 858 576 98 67 56 3785 3442 2554 1066 1488 741 1442
internal_count=6643 2858 305 241 214 188 89 99 2553 1695 126 63 1569 1239 652 623 206 75 858 576 98 67 56 3785 3442 2554 1066 1488 741 1442
is_linear=0
shrinkage=0.04


Tree=143
num_leaves=31
num_cat=0
split_feature=14 11 4 17 2 2 0 5 5 11 12 11 2 7 19 5 1 10 19 10 11 19 20 11 12 12 7 5 5 2
split_gain=0.56147 0.683538 0.65095 1.08558 2.92197 0.616383 1.16031 0.820486 0.696603 0.601644 0.562445 0.643711 1.29247 1.38245 0.869682 1.1321 2.02402 0.775201 1.02446 1.83837 1.54521 1.34417 1.23832 0.877716 0.651053 0.63552 1.48888 0.628427 0.834526 0.795119
threshold=178.50000000000003 34.750000000000007 1.2500000000000002 -0.25881904510252113 2.4500000000000006 20.650000000000002 20.250000000000004 19.050000000000004 17.550000000000004 3.1500000000000008 89.500000000000014 4.3500000000000005 13.65 9.970833333333335 -0.8783796973249266 10.450000000000001 6.5500000000000007 12.750000000000002 -0.60785761079279388 6.3500000000000005 -3.0499999999999994 -1.0000000180025095e-35 0.81174490092936691 2.5500000000000003 86.500000000000014 74.500000000000014 4.5520833333333339 6.6500000000000012 3.2500000000000004 6.8500000000000005
decision_type=2 2 2 2 2 2 2 2 2 2 2 2 2 2 2 2 2 2 2 2 2 2 2 2 2 2 2 2 2 2
left_child=1 10 3 -2 -5 8 -7 -8 -4 -6 11 17 14 -14 15 -13 -17 18 25 21 -21 -20 23 24 27 26 -1 28 -22 -29
right_child=2 -3 5 4 9 6 7 -9 -10 -11 -12 12 13 -15 -16 16 -18 -19 19 20 22 -23 -24 -25 -26 -27 -28 29 -30 -31
leaf_value=0.041627185636659493 -0.10240929793242425 0.079723545132474871 -0.00078196586535792206 0.024425356122894752 0.0039825155241455532 0.29397195884450078 -0.061188339092000811 0.032173893037321412 -0.035233057343348528 -0.0075821306322177342 -0.043232091420187677 -0.0037824649658608294 0.13741616615358399 0.0012089586566526892 -0.014315998483244472 0.24879687827850805 -0.0059262603917135713 -0.028401139654315399 0.1357304351372782 0.017906448241433826 0.011193032498575024 -0.031798510630727868 0.016321309463544091 -0.0088768826430780431 0.02831988174151831 -0.027989239975973065 -0.0059262210397542257 0.012996269073557078 -0.020864921084063487 0.00081030204141300328
leaf_weight=28 40 31 2920 48 48 25 38 38 127 72 263 216 25 259 1367 32 29 109 49 30 49 258 49 86 43 196 57 25 52 34
leaf_count=28 40 31 2920 48 48 25 38 38 127 72 263 216 25 259 1367 32 29 109 49 30 49 258 49 86 43 196 57 25 52 34
internal_value=-0.000573752 -0.000945256 -0.000209712 0.00195215 0.00336095 -0.000353129 0.00270588 0.000207791 -0.000455382 -9.45793e-10 -0.00100215 -0.000845692 -0.00128149 0.00120702 -0.00171186 0.000330934 0.00509677 -5.62861e-05 0.000309299 0.00115385 0.00305691 -0.00112987 0.00226549 0.00125517 0.00268627 -0.00171631 0.00116279 0.00149068 -0.000431373 0.00473333
internal_weight=6643 3287 3356 208 168 3148 101 76 3047 120 3256 2993 1928 284 1644 277 61 1065 956 675 368 307 338 289 203 281 85 160 101 59
internal_count=6643 3287 3356 208 168 3148 101 76 3047 120 3256 2993 1928 284 1644 277 61 1065 956 675 368 307 338 289 203 281 85 160 101 59
is_linear=0
shrinkage=0.04


Tree=144
num_leaves=31
num_cat=0
split_feature=7 13 2 13 4 14 14 12 13 18 4 17 7 10 7 7 5 5 1 10 8 7 9 16 4 7 2 12 14 1
split_gain=0.48565 0.388499 0.658775 0.546109 0.968168 0.629435 0.812724 0.574663 2.48633 0.543619 1.19818 1.04443 0.908093 0.708451 0.536909 0.679536 0.531032 0.521962 1.33717 0.868445 0.503669 1.22682 1.85279 1.47116 2.49631 3.15198 0.98624 0.93095 0.659963 0.738852
threshold=1.1729166666666668 9.6500000000000004 0.45000000000000007 8.1500000000000004 2.3500000000000001 200.50000000000003 280.50000000000006 18.500000000000004 5.8500000000000005 0.1294095225512602 36.550000000000004 0.60355339059327384 2.1854166666666672 14.15 21.504166666666674 17.375000000000004 0.75000000000000011 9.6500000000000004 5.2500000000000009 15.950000000000001 3.4500000000000006 4.4645833333333345 76.500000000000014 32.500000000000007 1.9500000000000002 3.6562500000000004 6.7500000000000009 66.500000000000014 62.500000000000007 4.9500000000000011
decision_type=2 2 2 2 2 2 2 2 2 2 2 2 2 2 2 2 2 2 2 2 2 2 2 2 2 2 2 2 2 2
left_child=-1 2 -2 7 -5 -6 -7 8 -4 10 13 16 -13 14 15 20 -11 -14 -19 -20 -9 22 23 24 -22 -26 -23 -24 -28 -30
right_child=1 -3 3 4 5 6 -8 9 -10 11 -12 12 17 -15 -16 -17 -18 18 19 -21 21 26 27 -25 25 -27 28 -29 29 -31
leaf_value=0.0086656300120386085 0.0069542347382430614 -0.008335085860847009 -0.02932595860901183 0.029384445207571237 -0.0067321005124374757 0.040225545367495119 -0.00048811184616911731 -0.0050880076371979657 0.043335587799943877 0.012335046222755486 0.06204468138382345 0.0030135410822361044 -0.0019823828808261425 -0.013361282501033897 -0.09163887299808425 0.31238497361387452 -0.014886355671945347 0.18533705247159507 -0.004633460735900331 0.02289684783967149 -0.0076475183725621581 -0.012490788284592751 0.0014476207609815609 -0.0066488842169098363 0.0026648383156224796 0.14758128430885134 0.012120500585781086 0.07517113859259833 0.013825155338428513 -0.00016344589118152971
leaf_weight=27 29 876 76 45 154 39 63 641 48 42 42 34 479 437 58 39 1328 25 136 25 71 422 28 219 43 28 83 32 26 1048
leaf_count=27 29 876 76 45 154 39 63 641 48 42 42 34 479 437 58 39 1328 25 136 25 71 422 28 219 43 28 83 32 26 1048
internal_value=-0.000543649 -0.000565816 -0.000445916 -0.000476892 0.00117881 0.000217898 0.00264078 -0.000569212 0.002112 -0.000632496 -0.000307024 -0.00113817 0.000119999 -0.000396726 -0.000157723 -7.46e-05 -0.00177972 -0.000210211 0.00158289 0.000222221 -0.000152915 0.000159919 0.00207583 0.000983424 0.00413986 0.00938889 -0.0003519 0.00852459 0.000252158 -1.48847e-05
internal_weight=6643 6616 5740 5711 301 256 102 5410 124 5286 3217 2069 699 3175 2738 2680 1370 665 186 161 2641 2000 421 361 142 71 1579 60 1157 1074
internal_count=6643 6616 5740 5711 301 256 102 5410 124 5286 3217 2069 699 3175 2738 2680 1370 665 186 161 2641 2000 421 361 142 71 1579 60 1157 1074
is_linear=0
shrinkage=0.04


Tree=145
num_leaves=31
num_cat=0
split_feature=13 2 14 7 19 4 0 13 7 4 9 9 11 18 3 8 4 14 6 9 8 4 3 3 1 9 7 17 4 17
split_gain=0.60977 0.706782 0.533107 1.11294 2.17425 1.76488 1.13481 1.2613 0.87081 1.50394 1.32349 1.06357 0.729466 0.77077 0.785111 1.84793 2.55632 1.31402 1.23619 1.0507 0.941143 0.713923 0.687261 0.662812 0.961388 0.832515 1.05715 1.15949 0.702307 0.651096
threshold=15.550000000000002 0.45000000000000007 179.50000000000003 2.3479166666666673 1.0000000180025095e-35 1.1500000000000001 6.7500000000000009 14.250000000000002 4.4645833333333345 5.5500000000000007 77.500000000000014 46.500000000000007 3.2500000000000004 -0.12940952255126037 5.0500000000000007 3.0500000000000003 1.8500000000000003 167.50000000000003 4.9749999999999988 67.500000000000014 5.7500000000000009 1.0500000000000003 7.2500000000000009 2.7500000000000004 7.2500000000000009 49.500000000000007 6.7104166666666671 0.12940952255126045 2.2500000000000004 0.25881904510252091
decision_type=2 2 2 2 2 2 2 2 2 2 2 2 2 2 2 2 2 2 2 2 2 2 2 2 2 2 2 2 2 2
left_child=1 -1 12 4 -4 -6 7 8 9 11 -11 -5 13 14 15 -3 -17 19 -18 -16 -21 -8 -19 -23 25 -25 27 -27 -26 -22
right_child=-2 2 3 6 5 -7 21 -9 -10 10 -12 -13 -14 -15 17 16 18 22 -20 20 29 23 -24 24 28 26 -28 -29 -30 -31
leaf_value=0.0067331425889510547 -0.031292161338934726 -0.012844881271416683 -0.0024485603939729522 0.014071645215163993 0.017643643215599917 0.011174360680414585 0.064742613461571466 0.063403029228941143 -0.01751393066774028 -0.00037605928759713625 0.063736177947282133 -0.0032569254913025155 -0.0073166944892213235 -0.0056095922070569593 -0.023256847599287731 -0.027619284523175691 0.13890602973585511 0.11686945144111206 0.010880876520135261 0.023170238613791177 -0.045401305442685461 -0.036228871186754004 0.01308581303068364 -0.0027117129881662188 -0.059949598649600547 0.0013656695181093915 0.001239826864897621 0.037022257047532293 0.00082918654458253747 0.0026051869088816004
leaf_weight=41 179 101 132 30 27 44 30 34 856 29 26 590 2288 414 185 31 43 25 25 25 50 72 42 26 62 25 37 33 1145 35
leaf_count=41 179 101 132 30 27 44 30 34 856 29 26 590 2288 414 185 31 43 25 25 25 50 72 42 26 62 25 37 33 1145 35
internal_value=-0.000569805 -0.000506151 -0.000539688 -0.000172555 0.00268627 0.00827778 -0.000367157 -0.00111111 -0.00128199 -0.000207102 0.00607143 -0.000772948 -0.000899235 1.63757e-05 0.000980461 0.00298507 0.00684 -0.000132232 0.0111304 -0.00128378 0.0018018 0.000447239 0.00488235 0.00031406 0.000517682 0.00390164 0.005625 0.00894915 0.000175496 -0.000232559
internal_weight=6682 6503 6462 3198 203 71 2995 1565 1531 675 55 620 3264 976 562 200 99 362 68 295 110 1430 67 1400 1328 121 95 58 1207 85
internal_count=6682 6503 6462 3198 203 71 2995 1565 1531 675 55 620 3264 976 562 200 99 362 68 295 110 1430 67 1400 1328 121 95 58 1207 85
is_linear=0
shrinkage=0.04


Tree=146
num_leaves=31
num_cat=0
split_feature=13 2 8 7 16 8 5 7 16 13 13 14 6 10 16 5 12 1 14 1 2 0 20 5 7 1 20 10 16 4
split_gain=0.524369 0.657578 0.479107 0.779704 1.33921 1.21581 0.887451 0.732384 1.5292 0.802028 0.938327 1.46092 4.73674 1.25691 1.09483 0.885505 0.839161 0.901326 0.691948 0.688107 1.25687 0.632548 0.758866 0.883359 0.957071 1.56029 1.09243 0.888506 2.01449 0.752955
threshold=15.750000000000002 0.45000000000000007 11.550000000000002 6.7104166666666671 2065.0000000000005 6.1500000000000012 5.5500000000000007 6.5979166666666673 117.50000000000001 6.0500000000000007 9.6500000000000004 261.50000000000006 2.7999999999999967 3.9500000000000006 1022.5000000000001 2.6500000000000008 39.500000000000007 2.3500000000000001 178.50000000000003 3.2500000000000004 2.2500000000000004 15.15 -0.56174490092936669 19.750000000000004 8.2604166666666696 13.450000000000001 0.81174490092936691 10.450000000000001 72.500000000000014 8.7500000000000018
decision_type=2 2 2 2 2 2 2 2 2 2 2 2 2 2 2 2 2 2 2 2 2 2 2 2 2 2 2 2 2 2
left_child=1 -1 3 4 7 19 -5 9 -9 -3 11 14 -13 -14 -11 16 -12 18 -18 20 -6 22 -4 24 25 27 29 28 -24 -26
right_child=-2 2 21 6 5 -7 -8 8 -10 10 15 12 13 -15 -16 -17 17 -19 -20 -21 -22 -23 23 -25 26 -27 -28 -29 -30 -31
leaf_value=0.0064099265116762437 -0.035475417618574603 -0.0040795353431051281 -0.005134135472806731 -0.039487986586090366 -0.041541698478522973 0.011198158247918342 -0.0045582461651542628 0.059077289250206201 -0.0032191918328363469 -0.00039884043285938193 -0.021665476761166938 0.038353198442910179 -0.018603135763074565 0.0059845998840513939 0.007266999314816917 -0.016716392204288524 -0.079993918117815185 0.031868120269597199 0.037678013228466339 -0.057203418248130078 0.13593900735017189 -0.0072566664882005565 0.02272131681648706 0.016133880832750497 -0.013201123849856538 0.084005798978674592 -0.028821797047380554 -0.010661685519395663 -0.01089883164915739 0.016632633648271208
leaf_weight=42 163 2527 256 394 27 25 1098 26 35 308 44 37 49 25 36 198 28 34 26 25 33 612 42 38 78 30 115 84 57 190
leaf_count=42 163 2527 256 394 27 25 1098 26 35 308 44 37 49 25 36 198 28 34 26 25 33 612 42 38 78 30 115 84 57 190
internal_value=-0.000521922 -0.000465645 -0.000498303 -0.0006873 -0.000359358 0.00396396 -0.00145211 -0.000501483 0.00380645 -0.000581951 0.00053435 0.00171053 0.00567857 -0.000213334 0.00041739 -0.00108761 0.00144361 0.00368539 0.000436363 0.00162791 0.00393443 0.000127744 0.00080808 0.00154961 0.00116583 0.00330841 -3.1251e-05 0.0018913 0.00444 0.00136803
internal_weight=6682 6519 6477 4975 3483 110 1492 3373 61 3312 785 455 111 74 344 330 132 88 54 85 60 1502 890 634 596 213 383 183 99 268
internal_count=6682 6519 6477 4975 3483 110 1492 3373 61 3312 785 455 111 74 344 330 132 88 54 85 60 1502 890 634 596 213 383 183 99 268
is_linear=0
shrinkage=0.04


Tree=147
num_leaves=31
num_cat=0
split_feature=18 4 19 14 13 13 11 12 14 20 11 3 9 9 16 14 18 20 0 9 19 12 11 1 1 9 1 0 12 9
split_gain=0.576472 1.389 0.795848 1.28705 2.00801 1.56533 2.0397 1.46188 0.80733 1.35504 0.785585 0.767438 0.688661 0.677356 0.676996 0.539445 0.481878 0.613936 0.609208 0.769878 0.785653 1.3816 1.16031 1.1327 0.973287 0.849157 0.734416 1.90508 0.720743 1.39565
threshold=-0.70710678118654757 0.45000000000000007 0.6078576107927941 193.50000000000003 1.4500000000000002 2.9500000000000006 -0.34999999999999992 57.500000000000007 95.500000000000014 1.0000000180025095e-35 13.450000000000001 5.1500000000000012 52.500000000000007 48.500000000000007 712.50000000000011 133.50000000000003 0.98296291314453421 -0.22252093395631442 7.9500000000000011 104.50000000000001 -1.0000000180025095e-35 28.500000000000004 0.75000000000000011 4.0500000000000007 1.8500000000000003 90.500000000000014 7.6500000000000012 8.4500000000000011 27.500000000000004 93.500000000000014
decision_type=2 2 2 2 2 2 2 2 2 2 2 2 2 2 2 2 2 2 2 2 2 2 2 2 2 2 2 2 2 2
left_child=2 -2 8 5 -5 6 -4 -6 9 -1 -8 -9 -3 -7 15 -10 18 -18 19 20 22 23 -14 24 -22 -26 27 -20 -24 -30
right_child=1 12 3 4 7 13 10 11 14 -11 -12 -13 16 -15 -16 -17 17 -19 26 -21 21 -23 28 -25 25 -27 -28 -29 29 -31
leaf_value=0.071991717111349135 0.084239095178254342 -0.0087749138747862769 0.1659986387926769 -0.023885870691745692 0.08523239453616531 0.01210072414602879 -0.012797379559025924 0.015147031865988139 -0.064617716721332027 -0.008804980755221058 0.019509283558032137 6.4719443986410247e-05 -0.02112870466638387 -0.079278038755210625 0.021780647088309506 -0.00242118723584969 0.0079746706769437976 -0.010793172057838399 0.022926319601384242 -0.050867248589059222 -0.0025111744763932531 -0.011175548841268668 -0.081654857811170323 -0.0065339532707766592 0.1085373404191919 0.014668785353785631 -0.00068526431414485053 -0.021805143699562133 0.0023365188624320118 0.032414572657126002
leaf_weight=27 25 433 44 46 28 36 70 29 103 25 29 40 205 152 30 1021 125 149 27 232 28 1393 84 90 31 29 1272 30 790 59
leaf_count=27 25 433 44 46 28 36 70 29 103 25 29 40 205 152 30 1021 125 149 27 232 28 1393 84 90 31 29 1272 30 790 59
internal_value=-0.000545864 -0.000761144 9.51805e-05 0.0014821 0.00463889 0.000108433 0.00325 0.00787755 -0.000450705 0.00437736 3.99991e-05 0.00462857 -0.000809161 -0.00228572 -0.000671862 -0.000832001 -0.000663587 0.000959999 -0.000767971 -0.00108906 -0.000898894 -0.00147837 -9.83328e-05 0.0018324 0.00503371 0.00786885 -5.71438e-05 0.00434483 0.00050107 0.000851764
internal_weight=6682 5002 1680 474 143 331 143 97 1206 52 99 69 4977 188 1154 1124 4544 274 4270 2941 2709 1571 1138 178 88 60 1329 57 933 849
internal_count=6682 5002 1680 474 143 331 143 97 1206 52 99 69 4977 188 1154 1124 4544 274 4270 2941 2709 1571 1138 178 88 60 1329 57 933 849
is_linear=0
shrinkage=0.04


Tree=148
num_leaves=31
num_cat=0
split_feature=13 2 4 7 14 1 4 7 16 0 0 13 2 7 14 20 8 5 13 9 11 10 18 5 13 8 4 9 18 8
split_gain=0.511933 0.70009 0.517799 1.39634 1.29469 0.996987 0.739112 0.423676 1.44437 0.963378 0.936439 1.05504 0.925566 0.897682 0.713265 0.609518 1.69064 1.5302 1.15266 0.782529 0.879326 1.71766 0.598059 0.592685 1.01662 1.59199 0.796096 0.789859 0.986716 1.181
threshold=15.550000000000002 0.45000000000000007 1.0500000000000003 2.3145833333333337 183.50000000000003 6.8500000000000005 1.6500000000000001 6.7104166666666671 2107.5000000000005 8.1500000000000004 5.1500000000000012 9.3500000000000032 10.550000000000002 6.1062500000000011 32.500000000000007 0.81174490092936691 3.9500000000000006 1.7500000000000002 4.7500000000000009 70.500000000000014 5.8500000000000005 9.9500000000000011 0.98296291314453421 7.4500000000000011 1.0500000000000003 6.0500000000000007 3.9500000000000006 73.500000000000014 0.25881904510252057 5.1500000000000012
decision_type=2 2 2 2 2 2 2 2 2 2 2 2 2 2 2 2 2 2 2 2 2 2 2 2 2 2 2 2 2 2
left_child=1 -1 3 4 -3 -5 -4 8 12 22 11 -10 14 -14 -8 23 17 -17 -19 20 21 -18 -9 -16 25 -25 -26 28 29 -28
right_child=-2 2 6 5 -6 -7 7 9 10 -11 -12 -13 13 -15 15 16 19 18 -20 -21 -22 -23 -24 24 26 -27 27 -29 -30 -31
leaf_value=0.0055750552884900866 -0.030536191157622589 -0.015413638305485098 -0.025449882682501902 -0.046779843151066765 0.014603622296837176 0.031000135636978995 -0.065717206090646116 -0.01659331576685534 -0.052388217815690571 -0.00083840012971021728 0.010402371537928624 0.13472441501135082 -0.0017094686159358219 0.026009219831473127 -0.0029270211370916398 -0.03877005434441852 0.033867513528978835 0.0037005948912842783 0.014182947878804733 -0.048988429835487776 -0.026143839052747513 -0.010818523125754412 0.006324014431572815 -0.0074184215604429773 -0.0031493503778445252 0.091997562096740287 -0.039860967064122774 -0.010343379583692854 0.1905907452206598 0.03669180096130726
leaf_weight=41 179 27 299 108 45 43 179 968 41 1750 26 30 38 29 2043 37 28 44 43 81 33 36 59 26 214 25 52 76 31 51
leaf_count=41 179 27 299 108 45 43 179 968 41 1750 26 30 38 29 2043 37 28 44 43 81 33 36 59 26 214 25 52 76 31 51
internal_value=-0.000539878 -0.000481551 -0.000514932 0.001375 0.00591781 -0.00081579 -0.000582693 -0.000484768 -0.000168143 -0.000845213 0.00461224 0.00216667 -0.000320836 0.00429412 -0.000425334 -0.000269409 0.00142574 0.004992 0.00786364 -0.00107263 0.00134694 0.00406154 -0.00181712 -0.000473205 0.000798318 0.00607692 0.000150587 0.00189573 0.00373333 0.00180769
internal_weight=6682 6503 6462 223 72 151 6239 5940 3163 2777 97 71 3066 67 2999 2820 302 124 87 178 97 64 1027 2518 475 51 424 210 134 103
internal_count=6682 6503 6462 223 72 151 6239 5940 3163 2777 97 71 3066 67 2999 2820 302 124 87 178 97 64 1027 2518 475 51 424 210 134 103
is_linear=0
shrinkage=0.04


Tree=149
num_leaves=31
num_cat=0
split_feature=7 17 9 13 1 13 14 11 5 8 14 8 8 11 11 16 9 14 17 0 15 8 3 7 7 9 11 12 10 10
split_gain=0.550097 1.87601 2.28922 0.47066 0.671969 0.605564 1.60469 0.962611 0.87624 0.767861 0.621488 0.474285 1.20051 0.944238 0.852771 1.84679 0.830366 0.522428 0.60894 1.08105 0.889265 0.783045 0.74928 1.02022 0.620794 0.559927 0.715064 0.49976 0.484425 0.5151
threshold=1.6270833333333334 0.25881904510252091 79.500000000000014 9.6500000000000004 0.55000000000000016 8.1500000000000004 200.50000000000003 18.950000000000003 3.6500000000000008 4.6500000000000012 127.50000000000001 7.3500000000000005 7.6500000000000012 30.350000000000005 2.3500000000000001 52.500000000000007 122.50000000000001 179.50000000000003 0.37940952255126054 11.850000000000003 1.0000000180025095e-35 9.7500000000000018 10.850000000000003 17.375000000000004 5.4854166666666675 55.500000000000007 14.950000000000001 90.500000000000014 18.150000000000002 11.15
decision_type=2 2 2 2 2 2 2 2 2 2 2 2 2 2 2 2 2 2 2 2 2 2 2 2 2 2 2 2 2 2
left_child=1 -1 -3 4 -2 11 8 9 10 -8 -7 -6 14 17 -13 -16 -15 27 19 20 24 28 -21 25 -19 26 -24 -14 29 -20
right_child=3 2 -4 -5 5 6 7 -9 -10 -11 -12 12 13 16 15 -17 -18 18 21 22 -22 -23 23 -25 -26 -27 -28 -29 -30 -31
leaf_value=-0.053516525673792066 0.0082871807152380458 -0.0055450391306743653 0.021593361933993461 -0.0092679174479314771 -0.0037236119315892753 0.041470117266083441 0.01386617580156356 0.0049621916177269897 -0.037478259639601483 0.054878102792457389 -0.054328317889008639 -0.004521624022638537 -0.0038022187728066498 0.11255582064837093 0.1165905798986947 -0.0016769527787883225 -0.020202458434139769 0.0018981877742832315 0.0039349542820293869 0.066664842187383083 0.018245202683063611 -0.0074471202648212003 0.020265622958411372 0.25377480938442443 -0.016104550935519928 -0.016448977279031534 -0.053423645169874162 -0.088423665399406451 0.035990013953646448 -0.007261519512356234
leaf_weight=59 29 25 25 839 2784 42 32 51 114 34 26 42 1130 30 39 46 38 43 69 48 26 466 25 32 269 93 26 93 32 75
leaf_count=59 29 25 25 839 2784 42 32 51 114 34 26 42 1130 30 39 46 38 43 69 48 26 466 25 32 269 93 26 93 32 75
internal_value=-0.000587761 0.00221818 0.00784314 -0.000634622 -0.00050497 -0.000536279 0.00121333 0.00484746 -0.00113661 0.008 0.00243478 -0.000633254 -0.000247046 -0.000440706 0.00353125 0.00581395 0.00417391 -0.000571665 1.99161e-05 0.000980461 -0.000448379 -0.000821152 0.00312889 0.0018983 -0.00104792 0.000441378 0.00376923 -0.0011536 0.00144633 0.000441378
internal_weight=6682 109 50 6573 5734 5705 299 117 182 66 68 5406 2622 2495 127 85 68 2427 1204 562 338 642 224 176 312 144 51 1223 176 144
internal_count=6682 109 50 6573 5734 5705 299 117 182 66 68 5406 2622 2495 127 85 68 2427 1204 562 338 642 224 176 312 144 51 1223 176 144
is_linear=0
shrinkage=0.04


Tree=150
num_leaves=31
num_cat=0
split_feature=4 5 9 3 2 12 13 2 14 6 13 0 4 3 5 19 7 10 12 11 5 19 0 5 11 10 12 13 13 15
split_gain=0.562959 0.513538 0.691595 0.603098 1.41168 1.11273 1.1697 1.52567 1.11629 0.512942 1.25857 0.917864 0.738796 0.728496 0.762848 0.969588 0.687713 0.467659 0.664314 0.464019 1.51952 1.49815 1.18583 1.16556 0.456614 0.435532 0.427663 1.01132 0.968215 0.933857
threshold=0.35000000000000003 2.4500000000000006 40.500000000000007 2.6500000000000008 1.8500000000000003 81.500000000000014 5.7500000000000009 2.2500000000000004 176.50000000000003 1.7333333333333301 9.6500000000000004 2.2500000000000004 1.6500000000000001 0.95000000000000007 3.0500000000000003 -0.60785761079279388 2.2354166666666671 8.5500000000000025 77.500000000000014 -2.4499999999999997 11.65 -0.8783796973249266 11.550000000000002 3.4500000000000006 8.5500000000000025 3.8500000000000001 49.500000000000007 16.950000000000003 9.1500000000000004 1.0000000180025095e-35
decision_type=2 2 2 2 2 2 2 2 2 2 2 2 2 2 2 2 2 2 2 2 2 2 2 2 2 2 2 2 2 2
left_child=-1 3 -3 4 24 6 -6 -8 -7 10 11 13 25 -4 -15 -16 -14 -5 -19 20 21 -18 -22 -23 -2 -11 27 29 -28 -21
right_child=1 2 9 17 5 8 7 -9 -10 12 -12 -13 16 14 15 -17 19 18 -20 26 22 23 -24 -25 -26 -27 28 -29 -30 -31
leaf_value=0.013299118959692916 -0.066115853467186847 -0.0075591627112279935 -0.097267800078224775 -0.015794725515009166 -0.029314017138677172 0.027197716232834356 0.016012874160807839 -0.0066995187700312495 0.0025190439221467664 0.024801888682512613 -0.036893081334988871 0.0082728675776629988 0.0065884311729843903 -0.04756762385600851 0.001461341624292346 0.0062213295864071297 0.017917835812136698 0.0022282207305190671 -0.018264375667896827 -0.00045005425750731243 0.013387321734509062 0.003438634100524007 0.00041717152972486215 -0.013803751426575559 0.0022774826796940319 -0.031778233717797227 -0.0021789109333027255 0.16741291254858412 -0.039634286724874512 0.062102347552763976
leaf_weight=32 132 199 26 637 84 33 29 41 32 34 84 28 28 26 40 40 39 44 67 1468 28 32 25 227 55 266 2601 27 228 40
leaf_count=32 132 199 26 637 84 33 29 41 32 34 84 28 28 26 40 40 39 44 67 1468 28 32 25 227 55 266 2601 27 228 40
internal_value=-0.000606625 -0.000632436 -0.000470932 -0.00139914 -0.000157249 0.00201818 0.000154838 0.00394366 0.00636364 -0.000383511 0.00140408 0.00347826 -0.000470263 0.00204511 0.00351402 0.0054321 -0.00034823 -0.0020721 0.000321428 -0.000385921 0.00101136 -0.000107024 0.00718518 -0.00121539 -0.00270213 -0.00239203 -0.000498512 3.90615e-05 -0.000790107 -0.00010073
internal_weight=6672 6640 5486 1154 406 219 154 70 65 5287 244 160 5043 132 106 80 4743 748 111 4715 351 298 53 259 187 300 4364 1535 2829 1508
internal_count=6672 6640 5486 1154 406 219 154 70 65 5287 244 160 5043 132 106 80 4743 748 111 4715 351 298 53 259 187 300 4364 1535 2829 1508
is_linear=0
shrinkage=0.04


Tree=151
num_leaves=31
num_cat=0
split_feature=4 5 9 4 8 3 3 20 4 5 6 10 14 14 11 12 16 19 17 16 17 12 5 14 4 11 6 5 11 11
split_gain=0.556525 0.462433 0.70477 0.528019 0.720314 0.882922 1.26676 1.65312 1.02263 0.857959 1.32765 0.481894 0.481458 1.17831 0.471588 0.660507 0.824837 0.786641 0.839771 0.632636 1.10694 1.76659 2.01562 1.26447 0.974413 1.08215 1.51956 1.31777 0.945781 0.741164
threshold=0.35000000000000003 2.4500000000000006 40.500000000000007 8.0500000000000025 2.1500000000000008 2.6500000000000008 1.7500000000000002 0.81174490092936691 1.9500000000000002 0.8500000000000002 3.3833333333333329 3.2500000000000004 195.50000000000003 224.50000000000003 4.9500000000000011 49.500000000000007 27.500000000000004 1.0000000180025095e-35 0.12940952255126045 57.500000000000007 0.37940952255126054 81.500000000000014 9.9500000000000011 142.50000000000003 3.6500000000000008 2.3500000000000001 4.8749999999999991 3.6500000000000008 3.1500000000000008 1.2500000000000002
decision_type=2 2 2 2 2 2 2 2 2 2 2 2 2 2 2 2 2 2 2 2 2 2 2 2 2 2 2 2 2 2
left_child=-1 3 -3 4 -2 6 -6 8 -8 10 -7 -10 -11 -14 19 -16 17 -17 -19 29 24 28 23 -23 -21 26 -26 -28 -22 -4
right_child=1 2 14 -5 5 9 7 -9 11 12 -12 -13 13 -15 15 16 -18 18 -20 20 21 22 -24 -25 25 -27 27 -29 -30 -31
leaf_value=0.012767154201305173 -0.052405428079620731 -0.0072567962027788677 -0.0039139501930185077 -0.027024081379017233 -0.017263173684813077 -0.05952186307024155 0.016333588529528983 0.022634168697651776 0.036383250973707135 -0.025878462453794659 0.019740384807390602 -0.042427709485130499 0.0092616269849493532 -0.0037768333411270917 -0.00017549621840238193 -0.0028213606920459754 -0.0084728861678388615 -0.0066873244505542134 0.076538159793791846 -0.06794213260795523 -0.0014788329581968732 0.0090345418572091666 -0.008923906993235739 0.2379376401419992 -0.0081082181143059887 -0.025436956338363337 0.018053337826930412 0.0045804585006496137 0.05533872519263526 0.0022834884263098951
leaf_weight=32 276 199 670 180 93 28 34 28 26 262 25 48 28 126 1584 100 1569 26 42 86 133 52 26 25 89 144 26 65 34 616
leaf_count=32 276 199 670 180 93 28 34 28 26 262 25 48 28 126 1584 100 1569 26 42 86 133 52 26 25 89 144 26 65 34 616
internal_value=-0.000576653 -0.00060232 -0.000449062 -0.00132987 -0.000960001 -0.000274679 0.00175652 0.00420438 0.00190826 -0.00126809 0.00348148 -0.000746668 -0.0018801 -0.000103227 -0.000360818 -0.000651416 -0.00118987 0.00146745 0.00475362 0.000130146 0.001116 0.00309963 0.00719231 0.0104103 -0.000194648 0.000812307 0.00287293 0.00647826 0.000547618 -0.000391609
internal_weight=6672 6640 5486 1154 974 698 229 136 108 469 53 74 416 154 5287 3321 1737 168 68 1966 680 270 103 77 410 324 180 91 167 1286
internal_count=6672 6640 5486 1154 974 698 229 136 108 469 53 74 416 154 5287 3321 1737 168 68 1966 680 270 103 77 410 324 180 91 167 1286
is_linear=0
shrinkage=0.04


Tree=152
num_leaves=31
num_cat=0
split_feature=4 9 7 7 12 11 19 8 6 19 7 14 8 9 8 0 7 8 20 11 7 14 16 19 9 4 16 9 10 16
split_gain=0.556525 0.441854 0.773126 0.839525 0.581629 0.727091 1.3908 3.50233 0.884013 1.05386 1.78288 0.816407 0.945463 2.0106 0.913037 0.801081 0.631763 0.627885 0.622812 0.623332 1.69731 0.784258 0.558752 0.488824 1.01687 1.00732 0.64502 0.733228 0.76948 0.598276
threshold=0.35000000000000003 103.50000000000001 15.193750000000003 19.902083333333334 49.500000000000007 11.950000000000001 1.0000000180025095e-35 5.4500000000000011 4.9749999999999988 0.87837969732492682 5.3104166666666677 300.50000000000006 6.4500000000000011 89.500000000000014 7.5500000000000007 4.7500000000000009 2.4354166666666672 4.3500000000000005 0.81174490092936691 19.650000000000002 10.304166666666669 21.500000000000004 2127.5000000000005 0.87837969732492682 47.500000000000007 4.4500000000000011 477.50000000000006 44.500000000000007 22.450000000000003 142.50000000000003
decision_type=2 2 2 2 2 2 2 2 2 2 2 2 2 2 2 2 2 2 2 2 2 2 2 2 2 2 2 2 2 2
left_child=-1 4 -3 -4 5 6 7 -2 9 16 -11 12 13 15 -14 17 -7 -10 19 20 -16 -21 -13 26 25 -25 27 -6 -29 -26
right_child=1 2 3 -5 23 8 -8 -9 11 10 -12 22 14 -15 18 -17 -18 -19 -20 21 -22 -23 -24 24 29 -27 -28 28 -30 -31
leaf_value=0.012256468033252997 0.060634430464200195 -0.030423253834532 0.24210284109455565 -0.045282017826228066 -0.0069285165256363045 0.024735601854297361 -0.0015439192967176313 -0.019457637288354125 0.062068542537599067 -0.0049684647566161479 0.10853151336766281 -0.017674690409301381 -0.0662162081999116 -0.085823817404676039 -0.004396172481120438 0.024837457514829117 -0.035675900387972401 -0.0059527756175477573 -0.0084360929180536323 0.0096958364394777122 0.072391368793944907 0.00019081635275128097 0.001543054552012667 0.057010828182446467 -0.025955140397640415 -0.010327676970688473 -0.0099271338632271455 -0.00086523661938367794 0.018384409448913445 -0.0011042458369604259
leaf_weight=32 47 389 34 61 331 26 120 56 26 34 26 171 66 51 34 47 369 25 83 28 41 264 34 40 400 41 443 3179 26 148
leaf_count=32 47 389 34 61 331 26 120 56 26 34 26 171 66 51 34 47 369 25 83 28 41 264 34 40 400 41 443 3179 26 148
internal_value=-0.000576653 -0.00060232 -0.00176495 0.00145833 -0.000510639 0.000160102 0.00226786 0.00565385 -0.000196079 -0.00162281 0.00327869 0.00055109 0.00123123 0.00402667 0.000417794 0.00735353 -0.00237374 0.00376923 0.0010643 0.00177174 0.005 0.000928327 -0.00165049 -0.000735952 -0.00177143 0.00239024 -0.00057186 -0.000391293 -0.000205865 -0.0023898
internal_weight=6672 6640 484 95 6156 1548 223 103 1325 455 60 870 665 149 516 98 395 51 450 367 75 292 205 4608 629 81 3979 3536 3205 548
internal_count=6672 6640 484 95 6156 1548 223 103 1325 455 60 870 665 149 516 98 395 51 450 367 75 292 205 4608 629 81 3979 3536 3205 548
is_linear=0
shrinkage=0.04


Tree=153
num_leaves=31
num_cat=0
split_feature=5 9 4 17 10 5 9 3 6 4 17 16 11 11 12 10 13 10 12 9 4 16 4 8 12 20 14 8 4 5
split_gain=0.546344 0.645312 0.579865 1.58969 0.574188 0.565668 0.496889 0.641845 0.488944 0.909187 2.04387 0.510382 0.441752 0.409926 0.793759 1.03259 0.746245 0.730479 0.94922 1.18527 1.38392 0.837278 1.03973 1.92027 0.962374 2.43482 1.77714 0.886083 0.87701 0.80508
threshold=2.4500000000000006 40.500000000000007 1.2500000000000002 0.60355339059327384 22.450000000000003 7.3500000000000005 49.500000000000007 7.6500000000000012 1.6416666666666633 2.5500000000000003 -1.0000000180025095e-35 12.500000000000002 12.65 4.9500000000000011 70.500000000000014 13.350000000000003 3.2500000000000004 10.950000000000001 88.500000000000014 74.500000000000014 12.550000000000002 142.50000000000003 3.5500000000000003 4.9500000000000011 83.500000000000014 1.0000000180025095e-35 145.50000000000003 7.4500000000000011 2.9500000000000006 10.15
decision_type=2 2 2 2 2 2 2 2 2 2 2 2 2 2 2 2 2 2 2 2 2 2 2 2 2 2 2 2 2 2
left_child=2 5 3 -1 8 12 7 -4 9 10 -3 -10 -2 17 -15 -16 -17 18 19 21 -21 24 -23 -24 -13 27 -27 -26 -28 -19
right_child=1 4 6 -5 -6 -7 -8 -9 11 -11 -12 13 -14 14 15 16 -18 29 -20 20 -22 22 23 -25 25 26 28 -29 -30 -31
leaf_value=-0.016626427006063121 -0.019070791875447749 -0.073169193047449871 0.018852552880200216 0.0050536662315352407 0.015063552855583482 -0.035362095605975911 -0.013411519027587153 -0.044925572330278066 -0.035025394433773588 -0.0057805399953326118 0.0099336208896880149 0.0004375319520372508 0.0088114734296884586 -0.00090304967317953605 -0.016339861738798402 0.024983175346863548 -0.0096950221231684158 -0.0087858609690340157 -0.043424047722338092 -0.0053894354137325028 0.0062981343154627561 -0.030049509370252584 0.016277679910971399 0.0032140552356626872 -0.05191851086682861 0.013787587932015247 0.11940383497975102 0.015586310514438224 0.20044375620280586 0.00081106508166426273
leaf_weight=65 31 40 26 35 43 140 1012 25 102 138 47 303 29 2441 682 25 27 453 181 408 25 28 43 34 73 36 25 63 31 61
leaf_count=65 31 40 26 35 43 140 1012 25 102 138 47 303 29 2441 682 25 27 453 181 408 25 28 43 34 73 36 25 63 31 61
internal_value=-0.000528699 -0.000362251 -0.00131615 0.00158416 -0.000277967 -0.00258707 -0.00159023 0.00223077 -0.00031593 0.00150442 0.00468182 -0.000397462 0.000655737 -0.000339272 -0.000610832 -0.00176327 0.00362264 0.000149574 0.000671462 0.00112523 -0.00048848 0.00222292 0.0054717 0.00784615 0.00157143 0.00352838 0.00851613 0.000116787 0.0129123 -0.00111845
internal_weight=6672 5509 1163 100 5309 200 1063 51 5266 225 87 5041 60 4939 3175 734 52 1764 1250 1069 433 636 105 77 531 228 92 136 56 514
internal_count=6672 5509 1163 100 5309 200 1063 51 5266 225 87 5041 60 4939 3175 734 52 1764 1250 1069 433 636 105 77 531 228 92 136 56 514
is_linear=0
shrinkage=0.04


Tree=154
num_leaves=31
num_cat=0
split_feature=7 12 5 8 3 12 2 16 5 2 14 14 2 7 7 0 2 6 7 11 12 3 12 20 14 10 5 17 5 11
split_gain=0.355578 1.52388 0.381729 0.583844 0.929798 1.45485 1.2014 0.908531 0.733311 2.01064 0.531285 1.1732 0.491888 0.454999 0.941059 0.475558 0.416592 0.565718 0.449393 0.371881 0.846145 0.877108 0.822844 0.788654 0.875264 0.709018 1.28142 0.892748 1.49959 1.56739
threshold=1.4020833333333338 66.500000000000014 2.4500000000000006 2.1500000000000008 2.6500000000000008 81.500000000000014 1.9500000000000002 472.50000000000006 0.8500000000000002 4.4500000000000011 195.50000000000003 224.50000000000003 2.2500000000000004 2.2354166666666671 1.9000000000000001 2.2500000000000004 0.65000000000000002 1.1499999999999979 2.6187500000000008 4.9500000000000011 55.500000000000007 13.350000000000003 90.500000000000014 -0.56174490092936669 133.50000000000003 10.750000000000002 10.15 0.60355339059327384 10.350000000000003 -0.34999999999999992
decision_type=2 2 2 2 2 2 2 2 2 2 2 2 2 2 2 2 2 2 2 2 2 2 2 2 2 2 2 2 2 2
left_child=1 -1 3 -2 5 7 -7 -5 9 -6 -10 -12 -9 14 -4 -16 17 -15 -18 22 -21 -22 25 -23 -25 27 -27 -20 29 -29
right_child=2 -3 13 4 8 6 -8 12 10 -11 11 -13 -14 16 15 -17 18 -19 19 20 21 23 -24 24 -26 26 -28 28 -30 -31
leaf_value=0.0078214372141164664 -0.049153545821743028 -0.016252367822407819 -0.012242966134471647 -0.03604499001653156 -0.079012637774066627 -0.024575653005882162 0.023417766385016931 0.019131932777033605 -0.034642035787192993 0.01791703327454371 0.0073916530267533797 -0.0067709380537547357 -0.018302636935835927 0.015492151877179073 0.00084222565575001261 0.01135222255472163 -0.037675204356793411 -0.022463144917646078 0.00055545358283654706 -0.00028043617348405591 -0.0077208415509679319 -0.062198698266437265 -0.038222759403400815 -0.067713028648814066 0.0055523560516616676 -0.0091064102038645699 0.0043773690527949315 -0.031095130888048682 -0.012520679966074975 0.028083558067608476
leaf_weight=26 288 27 44 94 42 26 49 29 354 26 28 164 25 35 32 26 132 30 810 1804 1246 50 199 60 185 465 90 40 53 193
leaf_count=26 288 27 44 94 42 26 49 29 354 26 28 164 25 35 32 26 132 30 810 1804 1246 50 199 60 185 465 90 40 53 193
internal_value=-0.000492733 0.00274074 -0.000519034 -0.00119005 -0.000653939 0.00155357 0.00605263 -0.000751679 -0.00145691 0.00243478 -0.00194516 -0.000248706 0.00334545 -0.000381439 0.00225243 0.00555932 -0.000431672 0.00272727 -0.000470722 -0.000411856 -0.00066348 -0.00135149 4.32189e-05 0.000608107 0.00154471 0.000336561 -0.000827339 0.000926161 0.0028432 0.00422222
internal_weight=6672 53 6619 1125 837 223 75 148 614 68 546 192 54 5494 102 58 5392 65 5327 5195 3345 1541 1850 295 245 1651 555 1096 286 233
internal_count=6672 53 6619 1125 837 223 75 148 614 68 546 192 54 5494 102 58 5392 65 5327 5195 3345 1541 1850 295 245 1651 555 1096 286 233
is_linear=0
shrinkage=0.04


Tree=155
num_leaves=31
num_cat=0
split_feature=10 7 14 4 14 2 4 8 0 13 13 19 5 4 7 8 9 13 15 13 9 20 0 5 19 4 13 11 9 11
split_gain=0.837073 0.511144 0.422093 0.508628 0.415493 0.82915 0.801635 0.799073 0.768377 1.00816 1.01195 1.13707 1.11754 1.06157 0.787264 1.31397 1.75317 0.746976 0.732115 1.09327 1.23335 1.15198 0.887975 0.746015 0.719678 0.686232 0.675202 0.660336 0.643863 0.59992
threshold=22.450000000000003 7.2791666666666677 346.50000000000006 14.350000000000003 178.50000000000003 41.600000000000001 1.6500000000000001 20.150000000000002 12.15 1.0500000000000003 9.9500000000000011 1.0000000180025095e-35 5.2500000000000009 10.15 2.3479166666666673 2.4500000000000006 79.500000000000014 2.6500000000000008 1.0000000180025095e-35 4.1500000000000012 59.500000000000007 -0.22252093395631442 6.7500000000000009 6.7500000000000009 0.6078576107927941 1.7500000000000002 3.0500000000000003 -6.8499999999999988 45.500000000000007 18.650000000000002
decision_type=2 2 2 2 2 2 2 2 2 2 2 2 2 2 2 2 2 2 2 2 2 2 2 2 2 2 2 2 2 2
left_child=2 -2 4 -4 6 7 -1 8 14 -10 11 12 -11 -13 15 24 17 -17 23 22 -21 -22 -20 27 -6 -8 -25 -16 -14 -30
right_child=1 -3 3 -5 5 -7 25 -9 9 10 -12 13 28 -15 18 16 -18 -19 19 20 21 -23 -24 26 -26 -27 -28 -29 29 -31
leaf_value=-0.025864800007393215 -0.026543721437033013 0.011033314154457265 -0.017409508747560962 0.38201310649086523 -0.042209110633662741 0.049601860799959381 0.026128582141526968 -0.040617084688048533 -0.049720041404541497 0.043665605165843141 -0.061890064422311458 0.25022868981520868 -0.036210205379822211 0.14441693091244312 0.0012936924987064845 0.028928797135628601 0.0093271614171394537 -0.0050895287847254264 -0.038429047025824746 -0.063073400571850416 0.0025254386175188825 0.053397555205897528 0.015719251722854335 -0.00032411310991483061 0.0019022034863518812 -0.0026815241744962909 -0.018854028882815243 -0.00081741413855492917 0.0041439605594205476 -0.014431471913272929
leaf_weight=248 28 30 168 32 87 25 36 127 44 31 34 38 40 29 47 25 41 58 82 35 44 29 49 291 29 3005 569 1179 73 49
leaf_count=248 28 30 168 32 87 25 36 127 44 31 34 38 40 29 47 25 41 58 82 35 44 29 49 291 29 3005 569 1179 73 49
internal_value=-0.000540361 0.00420339 -0.000583041 -0.00238806 -0.000525769 -0.000189792 -0.000837691 -0.000250743 -0.000114326 0.00167552 0.00252203 0.00337165 0.00179381 0.00782353 -0.000350741 0.00182573 0.004672 0.00128571 -0.000576097 0.00151667 0.00447706 0.0074054 -0.000939395 -0.000816484 -0.00123077 -0.000658778 -0.00171893 -0.00018256 0.000441717 0.00188618
internal_weight=6602 58 6544 200 6344 3055 3289 3030 2903 338 294 260 193 67 2565 240 124 83 2325 239 108 73 131 2086 116 3041 860 1226 162 122
internal_count=6602 58 6544 200 6344 3055 3289 3030 2903 338 294 260 193 67 2565 240 124 83 2325 239 108 73 131 2086 116 3041 860 1226 162 122
is_linear=0
shrinkage=0.04


Tree=156
num_leaves=31
num_cat=0
split_feature=10 20 12 13 16 9 11 4 11 0 5 16 10 13 11 5 9 5 20 0 20 11 4 5 4 3 3 19 9 12
split_gain=0.429889 0.815226 0.447063 0.711299 0.747028 1.18004 0.656671 0.871475 0.706178 0.590955 0.91839 0.996857 0.962603 1.54368 0.648827 0.914172 0.896107 1.56441 0.648992 1.10191 0.611011 1.57883 1.63239 0.568693 0.93507 0.857159 2.37745 0.830908 1.50707 1.09616
threshold=22.450000000000003 -0.22252093395631442 70.500000000000014 1.3500000000000003 22.500000000000004 64.500000000000014 5.9500000000000011 7.7500000000000009 12.65 13.050000000000002 10.950000000000001 752.50000000000011 6.2500000000000009 3.9500000000000006 12.350000000000003 0.75000000000000011 70.500000000000014 2.1500000000000008 1.0000000180025095e-35 4.6500000000000012 -0.56174490092936669 8.3500000000000032 3.1500000000000008 2.4500000000000006 2.0500000000000003 2.7500000000000004 2.9500000000000006 -0.60785761079279388 74.500000000000014 76.500000000000014
decision_type=2 2 2 2 2 2 2 2 2 2 2 2 2 2 2 2 2 2 2 2 2 2 2 2 2 2 2 2 2 2
left_child=2 -2 3 -1 5 -5 7 23 -8 14 11 12 -11 -14 15 -6 17 -17 19 -19 21 -18 -23 -4 -25 -26 -27 29 -29 -28
right_child=1 -3 6 4 9 -7 8 -9 -10 10 -12 -13 13 -15 -16 16 20 18 -20 -21 -22 22 -24 24 25 26 27 28 -30 -31
leaf_value=-0.013002615110717913 0.009111844376305453 -0.0023691455218517754 -0.013450031087764904 0.037338706958314545 0.0089081693955470852 -0.006006060680178873 -0.050310894581121882 -0.016794646575181305 -0.001495248197285688 -0.027416153109633429 -0.00045752426849810863 0.07859532159868507 -0.022390089029416419 0.025735479046587306 -0.0034677825580561746 0.0088521096817484289 -0.0056918920648003583 0.036836843719775733 -0.00070194738725908609 0.00073980848223047669 -0.008047859786904003 0.037801381235808805 0.010394960518856522 -0.0097099889185502958 -0.0060904959863774481 0.24635060067816819 0.0266831504598363 0.018628340921013578 -0.041774094450044839 -0.021949765584310978
leaf_weight=370 32 26 452 32 49 31 441 381 367 53 285 48 36 27 1703 29 140 28 110 69 508 26 39 313 237 28 39 395 111 197
leaf_count=370 32 26 452 32 49 31 441 381 367 53 285 48 36 27 1703 29 140 28 110 69 508 26 39 313 237 28 39 395 111 197
internal_value=-0.000552477 0.00284746 -0.000583041 -0.000282367 -9.08535e-05 0.0041875 -0.000946659 -0.000581245 -0.00191842 -0.000177722 0.00116444 0.00353939 0.00150427 0.0048125 -0.000401185 0.000408407 0.000130525 0.0022616 0.00101923 0.00338775 -0.000577032 0.00126213 0.00636364 -0.000207559 0.00021196 0.000805555 0.00145266 0.00101211 0.00192505 -0.000945149
internal_weight=6602 58 6544 3583 3213 63 2961 2153 808 3150 449 164 116 63 2701 998 949 236 207 97 713 205 65 1772 1320 1007 770 742 506 236
internal_count=6602 58 6544 3583 3213 63 2961 2153 808 3150 449 164 116 63 2701 998 949 236 207 97 713 205 65 1772 1320 1007 770 742 506 236
is_linear=0
shrinkage=0.04


Tree=157
num_leaves=31
num_cat=0
split_feature=10 20 10 11 14 12 11 14 0 5 7 4 19 18 12 0 6 10 7 3 6 17 10 12 9 19 12 4 16 9
split_gain=0.428362 0.815226 0.462808 0.743938 1.09847 0.396782 0.911682 0.37513 0.51912 0.402475 1.32605 0.940611 0.399227 0.388402 0.995863 0.693934 0.746254 0.467354 0.852368 0.79031 1.5892 1.09184 0.797069 1.02288 0.872068 0.766127 1.20444 1.97741 1.73618 1.01106
threshold=22.450000000000003 -0.22252093395631442 15.15 19.250000000000004 187.50000000000003 85.500000000000014 3.3500000000000001 346.50000000000006 5.5500000000000007 0.75000000000000011 3.339583333333334 1.3500000000000003 1.0000000180025095e-35 0.98296291314453421 20.500000000000004 3.2500000000000004 1.9999999999999964 6.6500000000000012 2.0187500000000007 4.5500000000000007 4.008333333333332 -0.37940952255126065 7.5500000000000007 86.500000000000014 55.500000000000007 -1.0000000180025095e-35 26.500000000000004 2.9500000000000006 427.50000000000006 105.50000000000001
decision_type=2 2 2 2 2 2 2 2 2 2 2 2 2 2 2 2 2 2 2 2 2 2 2 2 2 2 2 2 2 2
left_child=2 -2 7 5 -5 -4 -7 9 -9 10 11 -1 -10 17 -15 16 -16 25 -19 -20 21 -21 23 24 -22 29 27 -27 -29 -11
right_child=1 -3 3 4 -6 6 -8 8 12 13 -12 -13 -14 14 15 -17 -18 18 19 20 22 -23 -24 -25 -26 26 -28 28 -30 -31
leaf_value=0.0051570699687903737 0.0087473706012532633 -0.0022743797009776878 -0.026079010249420897 0.24399351489067225 -0.076827039547485404 -0.033018320476851798 0.034339271086939883 -0.042548211663029183 -0.020861617983650434 0.00071281514537764297 0.0097930302899894867 -0.058023624016511066 0.0948473770526784 0.099851520214319173 -0.031289636742641624 -0.010008539647293358 0.012615230108792999 0.0086864141764958387 -0.0051681259362260827 -0.0013313021702605638 0.022009500655200593 0.10170239030824457 -0.00087794730378562016 -0.06192660524603167 0.0023866460284300813 0.012456204799330024 -0.013719632907785367 0.079326077131374351 -0.0079991979199672616 -0.080818307720160354
leaf_weight=26 32 26 258 25 31 71 29 113 48 1175 46 60 39 35 27 153 29 30 835 36 45 46 1285 47 142 25 1525 31 213 119
leaf_count=26 32 26 258 25 31 71 29 113 48 1175 46 60 39 35 27 153 29 30 835 36 45 46 1285 47 142 25 1525 31 213 119
internal_value=-0.000546419 0.00284746 -0.00057693 -0.00186988 0.00238596 -0.00254039 -0.000396041 -0.000489318 -0.00218906 -0.000431631 0.00174436 -0.0011954 0.000136363 -0.000481463 0.00107755 1.90467e-05 0.00378947 -0.000550136 -0.000139442 -0.000223226 0.000297128 0.00568675 2.63063e-06 0.00214468 0.00346808 -0.000877955 -0.00141281 0.00105185 -6.53071e-05 -0.000135908
internal_weight=6602 58 6544 414 56 358 100 6130 200 5930 132 86 87 5798 244 209 56 5554 2466 2436 1601 82 1519 234 187 3088 1794 269 244 1294
internal_count=6602 58 6544 414 56 358 100 6130 200 5930 132 86 87 5798 244 209 56 5554 2466 2436 1601 82 1519 234 187 3088 1794 269 244 1294
is_linear=0
shrinkage=0.04


Tree=158
num_leaves=31
num_cat=0
split_feature=2 5 2 9 10 10 9 7 3 16 7 5 16 12 19 13 10 6 19 16 12 11 19 9 14 7 14 13 4 7
split_gain=0.536309 0.58761 2.31505 0.490398 0.4316 0.505804 0.435496 0.667914 1.1795 0.634422 0.975857 1.43778 0.891718 0.563058 0.555161 1.98063 1.61172 0.937388 1.08036 2.07288 0.882012 0.869395 1.58084 1.98936 2.35458 1.66577 0.899071 1.05591 0.874124 1.11432
threshold=1.1500000000000001 0.8500000000000002 3.9500000000000006 84.500000000000014 22.450000000000003 15.15 105.50000000000001 15.193750000000003 18.750000000000004 2007.5000000000002 6.7479166666666677 2.3500000000000001 2382.5000000000005 17.500000000000004 1.0000000180025095e-35 16.650000000000002 6.0500000000000007 2.6999999999999971 -0.60785761079279388 472.50000000000006 85.500000000000014 0.75000000000000011 0.87837969732492682 69.500000000000014 183.50000000000003 4.5520833333333339 193.50000000000003 1.3500000000000003 10.65 4.6979166666666679
decision_type=2 2 2 2 2 2 2 2 2 2 2 2 2 2 2 2 2 2 2 2 2 2 2 2 2 2 2 2 2 2
left_child=-1 2 3 -2 5 6 9 -8 -9 13 11 -11 -13 -3 15 17 -16 18 -15 20 -20 22 23 24 25 -18 -23 -28 29 -29
right_child=1 4 -4 -5 -6 -7 7 8 -10 10 -12 12 -14 14 16 -17 21 -19 19 -21 -22 26 -24 -25 -26 -27 27 28 -30 -31
leaf_value=-0.019645153330742363 -0.060897417853581701 0.018534990595829325 0.01198445010197598 0.0047113419180154293 0.0047612581183958573 -0.0095865979897332195 -0.028113242352188435 0.22630215874110488 -0.14477808665688444 -0.012160075893392741 -0.0033832366636062225 0.019416769816268581 0.11095225187443218 -0.0012653264617281058 -0.015702412889871582 0.16237051232116503 0.12135902063016486 -0.0018081096942087404 -0.0020767737575656821 0.049109783835221625 0.0065689516185651236 -0.0053813730608602527 -0.034648290382782825 -0.0060999185161085415 0.0017092263718913592 0.0095671576205409638 -0.02448754169959096 0.0049497017638885036 0.15680323695770315 -0.0018810399581626158
leaf_weight=281 70 25 34 34 58 410 301 25 56 27 125 29 27 150 994 27 31 2575 114 40 31 594 86 68 62 36 94 53 30 115
leaf_count=281 70 25 34 34 58 410 301 25 56 27 125 29 27 150 994 27 31 2575 114 40 31 594 86 68 62 36 94 53 30 115
internal_value=-0.000576709 -0.000500475 0.00207194 -0.000914287 -0.000558216 -0.000590925 -0.000493353 -0.00179635 0.00141463 -0.000399701 0.00176076 0.00509524 0.00870175 -0.000487711 -0.000517547 -0.000159293 -0.0010037 -0.00026108 0.00172619 0.00376344 0.00150685 3.41785e-06 0.00192958 0.00389899 0.0068 0.0119412 -0.000613304 0.00120136 0.00285427 0.00170414
internal_weight=6602 6321 138 104 6183 6125 5715 382 81 5333 208 83 56 5125 5100 2937 2163 2910 335 185 145 1169 283 197 129 67 886 292 198 168
internal_count=6602 6321 138 104 6183 6125 5715 382 81 5333 208 83 56 5125 5100 2937 2163 2910 335 185 145 1169 283 197 129 67 886 292 198 168
is_linear=0
shrinkage=0.04


Tree=159
num_leaves=31
num_cat=0
split_feature=14 4 7 0 3 3 11 11 19 19 11 7 4 5 3 2 5 2 9 13 14 11 4 11 16 19 19 11 2 11
split_gain=0.424947 0.508628 0.48898 0.697939 1.03312 1.72242 0.683585 1.09779 1.65883 0.809723 0.561319 0.788694 0.510837 1.24906 0.528018 0.560857 0.49104 1.88173 0.574139 0.766618 0.552046 0.525824 0.904173 0.814633 1.31302 0.686352 1.60139 1.6503 1.93911 1.70086
threshold=346.50000000000006 14.350000000000003 8.5687500000000032 13.350000000000003 8.4500000000000011 6.0500000000000007 10.550000000000002 14.750000000000002 -0.60785761079279388 0.6078576107927941 -0.74999999999999989 11.41666666666667 10.950000000000001 5.8500000000000005 12.850000000000003 12.750000000000002 0.75000000000000011 3.9500000000000006 81.500000000000014 10.550000000000002 25.500000000000004 23.450000000000003 2.7500000000000004 26.350000000000005 1952.5000000000002 1.0000000180025095e-35 -0.60785761079279388 1.9500000000000002 4.8500000000000005 12.65
decision_type=2 2 2 2 2 2 2 2 2 2 2 2 2 2 2 2 2 2 2 2 2 2 2 2 2 2 2 2 2 2
left_child=2 -2 3 12 5 -5 10 8 -8 -10 11 -4 14 -14 15 16 17 18 -1 -20 -18 25 -23 24 -24 26 -22 -28 29 -29
right_child=1 -3 6 4 -6 -7 7 -9 9 -11 -12 -13 13 -15 -16 -17 20 -19 19 -21 21 22 23 -25 -26 -27 27 28 -30 -31
leaf_value=-0.068932179467296892 -0.016296454650288221 0.35779418924044165 -0.015338931574658227 -0.0012521965646145089 -0.007989359770638178 0.32190159981010913 0.0054656800810043765 -0.003870821685709036 -0.069968936871277018 0.052424665348651346 -0.039150163197003672 0.0053758008141867901 -0.0032559054566368801 0.12237058907549017 0.069037888377195183 0.18967588775284344 -0.043912397843951949 0.018112969969402985 0.0066896509571102367 -0.054731802213864603 -0.0074019946571951311 0.023651134686550255 0.00036148441177575404 -0.0057398671338470186 0.11003597805463015 -0.0057714130936441033 -0.0058145083819592007 0.036951650448972771 -0.00053552297811730923 -0.0052101693682591269
leaf_weight=44 168 32 60 30 55 26 46 1189 59 46 416 27 58 25 32 25 187 25 30 29 1033 36 96 184 27 1598 303 310 322 84
leaf_count=44 168 32 60 30 55 26 46 1189 59 46 416 27 58 25 32 25 187 25 30 29 1033 36 96 184 27 1598 303 310 322 84
internal_value=-0.000576709 -0.00238806 -0.000519757 -0.000297369 0.00282143 0.00659649 -0.00106942 -0.000596571 0.00260526 -0.00018868 -0.0023254 0.000590908 -0.000375816 0.00271428 -0.000435182 -0.000473467 -0.000508704 0.00192248 -0.000500001 0.00206667 -0.000583593 -0.000483727 0.00101163 0.0002987 0.00280645 -0.000624487 -0.000140283 0.000984313 0.00203068 0.00390886
internal_weight=6602 200 6402 4559 111 56 1843 1340 151 105 503 87 4448 83 4365 4333 4308 128 103 59 4180 3993 343 307 123 3650 2052 1019 716 394
internal_count=6602 200 6402 4559 111 56 1843 1340 151 105 503 87 4448 83 4365 4333 4308 128 103 59 4180 3993 343 307 123 3650 2052 1019 716 394
is_linear=0
shrinkage=0.04


Tree=160
num_leaves=31
num_cat=0
split_feature=4 4 4 7 0 4 3 7 0 13 20 9 8 5 13 3 11 8 17 11 4 9 20 11 4 4 2 7 6 7
split_gain=0.722025 0.400639 0.413948 0.788796 0.470826 0.416794 0.679031 0.521705 1.07178 0.874452 2.079 1.23993 1.43576 0.811189 1.87716 1.41942 0.874795 0.777327 1.4874 1.46877 0.785067 0.774601 1.00309 2.16038 0.894331 0.745378 1.33567 0.713337 0.60031 2.17457
threshold=0.35000000000000003 0.65000000000000002 1.0500000000000003 2.3145833333333337 6.3500000000000005 1.6500000000000001 1.2500000000000002 4.4229166666666675 1.6500000000000001 6.5500000000000007 0.81174490092936691 78.500000000000014 4.7500000000000009 6.0500000000000007 1.6500000000000001 2.6500000000000008 3.2500000000000004 5.1500000000000012 -1.0000000180025095e-35 4.6500000000000012 1.9500000000000002 62.500000000000007 1.0000000180025095e-35 2.7500000000000004 2.3500000000000001 3.9500000000000006 3.4500000000000006 2.8770833333333337 1.7333333333333301 5.9104166666666673
decision_type=2 2 2 2 2 2 2 2 2 2 2 2 2 2 2 2 2 2 2 2 2 2 2 2 2 2 2 2 2 2
left_child=-1 -2 3 -3 -5 6 -4 8 -7 13 11 -11 27 17 -15 16 -16 21 19 -19 -20 22 24 -24 -10 -23 -27 -13 29 -9
right_child=1 2 5 4 -6 7 -8 28 9 10 -12 12 -14 14 15 -17 -18 18 20 -21 -22 25 23 -25 -26 26 -28 -29 -30 -31
leaf_value=0.018803953961280755 -0.028458416020288421 0.010783780697588341 0.0027494474969936128 -0.054511718325314165 0.0061985692194155484 -0.037129233098323659 -0.032674760855518854 0.0058456449694303881 0.0066285023799453622 -0.010698870660126052 0.011484876988202792 0.035912479252914617 -0.0053758862142850652 0.15784692164531328 -0.0056499070692495809 -0.017717151668975362 0.019395519498808945 0.11149849864119504 0.019391943107676075 0.0026988410462499514 -0.0072504330589054757 -0.045266699922939503 0.18297692383513234 -0.00039305398986143629 -0.056803825652788929 -0.010646357801573704 0.0055719167746350233 0.010140300552272403 -0.0031479783514125597 -0.060610591145821478
leaf_weight=28 75 49 51 59 25 300 264 33 27 103 39 25 60 30 25 57 33 26 27 31 189 266 27 55 87 93 37 42 4487 35
leaf_count=28 75 49 51 59 25 300 264 33 27 103 39 25 60 30 25 57 33 26 27 31 189 266 27 55 87 93 37 42 4487 35
internal_value=-0.000505535 -0.000532894 -0.000499469 0.00170149 -0.000658824 -0.000545117 -0.00196203 -0.000472047 0.000154429 0.000659374 0.00268148 0.00121212 0.00384375 0.000118693 0.00287671 0.00051724 0.00488135 -0.000346421 0.00141606 0.00710345 -0.0001106 -0.0011602 0.0008934 0.00424096 -0.00153044 -0.00217632 0.000305343 0.00782353 -0.000689202 0.00301449
internal_weight=6685 6657 6582 133 84 6449 315 6134 1579 1279 269 230 127 1010 145 115 58 865 273 57 216 592 196 82 114 396 130 67 4555 68
internal_count=6685 6657 6582 133 84 6449 315 6134 1579 1279 269 230 127 1010 145 115 58 865 273 57 216 592 196 82 114 396 130 67 4555 68
is_linear=0
shrinkage=0.04


Tree=161
num_leaves=31
num_cat=0
split_feature=6 17 12 10 4 7 7 20 18 16 12 13 13 7 7 20 4 14 4 6 14 18 9 11 16 7 7 14 14 9
split_gain=0.449028 1.10909 1.73709 0.859302 0.965905 0.735237 0.974753 0.706882 0.506137 0.913091 0.507421 0.873335 1.20307 0.689569 1.00157 0.855213 1.35523 0.985591 0.812815 0.534704 0.920463 0.684323 0.51469 0.577428 0.537697 0.631704 0.812906 1.35868 0.499679 0.499034
threshold=1.6416666666666633 1.0000000180025095e-35 81.500000000000014 4.3500000000000005 3.6500000000000008 2.4770833333333337 2.8104166666666672 1.0000000180025095e-35 -0.70710678118654757 712.50000000000011 15.500000000000002 7.6500000000000012 5.3500000000000005 3.6270833333333341 4.1104166666666675 1.0000000180025095e-35 2.8500000000000001 119.50000000000001 4.1500000000000012 2.4833333333333321 311.50000000000006 -0.5 64.500000000000014 5.6500000000000012 47.500000000000007 5.3104166666666677 6.7104166666666671 143.50000000000003 175.50000000000003 90.500000000000014
decision_type=2 2 2 2 2 2 2 2 2 2 2 2 2 2 2 2 2 2 2 2 2 2 2 2 2 2 2 2 2 2
left_child=1 5 3 -3 -5 -1 -7 -8 9 -2 11 12 -10 19 15 17 -17 -15 -18 20 21 -12 23 24 -16 -26 27 -27 -9 -24
right_child=8 2 -4 4 -6 6 7 28 10 -11 13 -13 -14 14 22 16 18 -19 -20 -21 -22 -23 29 -25 25 26 -28 -29 -30 -31
leaf_value=-0.054566094882802701 -0.00032007593109093971 -0.0091606295821523229 0.011781997281952422 0.010647852742647358 -0.092950969935838124 0.087776769154726292 -0.045080038529638912 -0.035611940000432551 -0.027861084066177388 0.027271057413667261 0.028316904105932995 -0.062181803971307667 0.044403890569814218 0.012575722082557441 -0.0052463196423313931 0.11178610410621431 -0.0064478645568607487 -0.0070875489756570967 0.11333987692006092 -0.02588184591632461 0.0059608035892081178 -0.0090734348797693529 -0.00035925466837256908 -0.015609514972468349 -0.0053463302030145208 0.014259708430345672 -0.012142762413845187 0.037140834562701848 0.028613154605127887 -0.011356349536881973
leaf_weight=107 1572 49 25 28 25 26 62 26 31 34 27 35 25 37 299 38 37 126 27 556 26 247 1702 578 38 33 49 25 25 770
leaf_count=107 1572 49 25 28 25 26 62 26 31 34 27 35 25 37 299 38 37 126 27 556 26 247 1702 578 38 33 49 25 25 770
internal_value=-0.000523483 0.000823528 0.00384375 0.00147573 0.00496296 -0.00074494 0.00117143 -0.000456141 -0.000603201 9.95549e-06 -0.000812408 0.00213043 0.00519298 -0.000870885 -0.000637235 0.00172932 0.00458252 -7.31717e-05 0.000984614 -0.00189498 -0.000531562 -0.00122182 -0.000817168 -0.00157185 -0.000485394 0.00150685 0.00307407 0.00623729 0.003 -0.000504651
internal_weight=6685 373 127 102 53 246 139 113 6312 1606 4706 91 56 4615 3759 265 102 163 64 856 300 274 3494 1022 444 145 107 58 51 2472
internal_count=6685 373 127 102 53 246 139 113 6312 1606 4706 91 56 4615 3759 265 102 163 64 856 300 274 3494 1022 444 145 107 58 51 2472
is_linear=0
shrinkage=0.04


Tree=162
num_leaves=31
num_cat=0
split_feature=5 6 0 5 7 13 9 10 5 7 7 11 11 13 14 20 11 1 5 10 8 5 9 20 13 12 18 14 16 12
split_gain=0.449116 0.747231 1.28937 2.18689 3.36949 0.939295 0.444864 0.826484 1.33452 1.30703 0.566899 0.542917 0.429202 0.550889 0.397313 0.390524 0.716502 0.761226 0.383277 0.371659 0.554754 0.670464 0.414807 1.34663 0.538783 0.407345 0.485648 0.591977 1.46194 0.588456
threshold=2.1500000000000008 1.6416666666666633 1.3500000000000003 3.0500000000000003 2.777083333333334 4.6500000000000012 76.500000000000014 1.1500000000000001 0.95000000000000007 2.277083333333334 1.6270833333333334 20.050000000000004 8.5500000000000025 4.5500000000000007 264.50000000000006 -0.56174490092936669 1.8500000000000003 2.2500000000000004 1.6500000000000001 15.15 15.550000000000002 7.0500000000000007 49.500000000000007 -0.56174490092936669 2.1500000000000008 92.500000000000014 -0.12940952255126037 314.50000000000006 427.50000000000006 49.500000000000007
decision_type=2 2 2 2 2 2 2 2 2 2 2 2 2 2 2 2 2 2 2 2 2 2 2 2 2 2 2 2 2 2
left_child=6 2 14 -4 -5 -6 12 18 9 -9 -10 -12 15 -14 -2 16 17 -1 -8 25 21 -21 -23 -24 -25 26 27 29 -29 -3
right_child=1 19 3 4 5 -7 7 8 10 -11 11 -13 13 -15 -16 -17 -18 -19 -20 20 -22 22 23 24 -26 -27 -28 28 -30 -31
leaf_value=-0.019047049541354399 -0.029793307884554331 0.0034824688497767033 -0.044717445066948018 0.032126094380543563 0.0057451057751787427 -0.02896373454310237 -0.055950961595207759 0.0026258158657117133 0.0041461643461052312 0.069208651939679136 -0.0092413106717915 0.0023864766649457441 0.0030511232562372126 -0.019308572431703301 0.0045537769064598506 -0.061366267597461902 -0.078078509641906685 0.020562671549839671 -0.0065989217636790113 -0.024022422430974945 -0.023777452369624134 -0.0051952004388816312 0.076177880818042526 0.013463401303998691 -0.030355549645859427 -0.066828091816739585 -0.0026010441227816128 0.13826331528858052 -0.02798823559004935 -0.0006542092353678862
leaf_weight=29 105 290 33 26 25 34 105 32 27 25 133 25 25 53 27 313 56 35 45 165 137 75 28 48 34 105 2638 51 36 1925
leaf_count=29 105 290 33 26 25 34 105 32 27 25 133 25 25 53 27 313 56 35 45 165 137 75 28 48 34 105 2638 51 36 1925
internal_value=-0.000511518 -0.00038181 0.00175299 0.00477311 0.00813953 0.00273333 -0.00134071 -0.000325701 0.00111934 0.00641379 -0.000537635 -0.00145912 -0.00211719 0.000607594 -0.000962407 -0.0026083 -0.000661158 0.00221538 -0.00264901 -0.000478584 -0.00153279 -0.000683762 0.000967741 0.00252252 -9.63865e-05 -0.000376537 -0.000323822 0.000100737 0.00331818 -2.70768e-05
internal_weight=6685 5782 250 118 85 59 903 392 242 57 185 158 511 78 132 433 120 64 150 5532 487 350 185 110 82 5045 4940 2302 87 2215
internal_count=6685 5782 250 118 85 59 903 392 242 57 185 158 511 78 132 433 120 64 150 5532 487 350 185 110 82 5045 4940 2302 87 2215
is_linear=0
shrinkage=0.04


Tree=163
num_leaves=31
num_cat=0
split_feature=18 14 3 14 12 5 4 4 13 13 0 12 7 8 5 5 9 7 0 0 5 6 3 7 3 13 4 10 10 9
split_gain=0.449091 0.898376 2.16901 0.63284 0.462403 1.26113 1.21568 1.00509 0.440809 1.08657 0.898405 0.631872 0.449506 0.623283 0.426032 0.499951 0.383815 1.16238 0.885783 0.541457 0.478622 0.685765 0.533043 1.02178 0.442111 0.595908 1.49495 0.391314 0.368882 0.375421
threshold=-0.70710678118654757 95.500000000000014 5.3500000000000005 133.50000000000003 64.500000000000014 2.4500000000000006 3.4500000000000006 3.9500000000000006 4.1500000000000012 9.5500000000000025 10.350000000000003 55.500000000000007 7.7395833333333348 17.850000000000005 17.550000000000004 15.65 50.500000000000007 3.9770833333333337 12.750000000000002 15.65 3.4500000000000006 2.3333333333333299 11.950000000000001 8.8479166666666682 9.9500000000000011 1.6500000000000001 3.7500000000000004 10.050000000000002 14.350000000000003 58.500000000000007
decision_type=2 2 2 2 2 2 2 2 2 2 2 2 2 2 2 2 2 2 2 2 2 2 2 2 2 2 2 2 2 2
left_child=1 2 -1 -3 5 -5 -7 -8 11 10 -10 12 -9 -14 15 16 17 -6 27 -20 -18 -22 23 24 25 26 -23 -19 -2 -30
right_child=28 3 -4 4 14 6 7 8 9 -11 -12 -13 13 -15 -16 -17 20 18 19 -21 21 22 -24 -25 -26 -27 -28 -29 29 -31
leaf_value=0.071281769117714375 -0.0021672240957840185 -0.061284760423410266 -0.023527982511597864 0.022713839815943861 0.015464670821224829 -0.03247255278709086 0.31227787984113975 -0.036518420241591902 0.067146604999592296 -0.012639701531115132 0.00043111822142749128 -0.041957262038163148 0.05549970523689074 -0.0011802701635060596 -0.022512144536399444 0.022529100773239715 -0.0075210365990282012 0.00086808567357264329 0.053542855734488248 -0.001743856175103713 0.1526714954825639 0.13694722767761724 -0.033127817476744953 0.025445743993474497 0.008022820126624421 -0.014143082477122867 -0.14066291653358129 -0.015177445684973876 -0.0021012480246313178 -0.017968711230379672
leaf_weight=28 4620 133 30 30 43 109 26 26 27 30 28 46 25 30 85 25 268 67 30 29 27 26 73 32 43 224 26 100 226 173
leaf_count=28 4620 133 30 30 43 109 26 26 27 30 28 46 25 30 85 25 268 67 30 29 27 26 73 32 43 224 26 100 226 173
internal_value=-0.000535448 3.35923e-05 0.00488135 -0.00014419 9.485e-05 0.00130159 0.000609194 0.0022092 0.00127699 0.00348837 0.00678571 -0.000218751 0.00190244 0.00392857 -0.000320292 -9.07307e-05 -0.000234581 0.00105185 -0.000105728 0.00406667 -0.000716668 7.96451e-05 -0.000320001 0.000329545 -0.000362501 -0.00095307 0.00286792 -0.00159524 -0.000724304 -0.00189
internal_weight=6685 1666 58 1608 1475 377 347 238 212 85 55 127 81 55 1098 1013 988 269 226 59 719 451 424 351 319 276 52 167 5019 399
internal_count=6685 1666 58 1608 1475 377 347 238 212 85 55 127 81 55 1098 1013 988 269 226 59 719 451 424 351 319 276 52 167 5019 399
is_linear=0
shrinkage=0.04


Tree=164
num_leaves=31
num_cat=0
split_feature=4 4 5 4 8 13 2 13 2 4 2 0 7 18 10 7 19 13 3 19 11 11 10 8 3 7 3 19 10 2
split_gain=0.455427 0.379202 0.336427 1.03175 0.515133 0.532075 0.807513 1.13496 0.433341 0.435854 0.575484 0.532487 0.446946 0.849829 0.728062 0.831101 0.915412 0.884825 2.21257 0.667632 1.45227 1.74286 0.905614 1.09101 0.582046 0.499693 0.487819 0.764164 1.22053 1.45003
threshold=0.35000000000000003 0.65000000000000002 2.1500000000000008 1.0500000000000003 2.1500000000000008 7.0500000000000007 3.0500000000000003 10.15 0.45000000000000007 1.5500000000000003 1.5500000000000003 7.0500000000000007 4.4229166666666675 -0.60355339059327384 0.55000000000000016 4.3520833333333346 1.0000000180025095e-35 6.5500000000000007 2.8500000000000001 0.6078576107927941 14.050000000000002 -1.0000000180025095e-35 7.2500000000000009 5.2500000000000009 0.8500000000000002 3.589583333333334 5.8500000000000005 -0.8783796973249266 4.6500000000000012 3.3500000000000001
decision_type=2 2 2 2 2 2 2 2 2 2 2 2 2 2 2 2 2 2 2 2 2 2 2 2 2 2 2 2 2 2
left_child=-1 -2 3 -3 -5 -6 7 -7 -4 10 -10 -12 13 19 -15 16 17 24 -19 22 21 -21 23 25 -16 -11 27 28 29 -14
right_child=1 2 8 4 5 6 -8 -9 9 12 11 -13 26 14 15 -17 -18 18 -20 20 -22 -23 -24 -25 -26 -27 -28 -29 -30 -31
leaf_value=0.01849703017948379 -0.026875222894842201 0.012866250345119694 0.010580926623131353 -0.054473664779228444 -0.0057038993438089805 0.018511607817573116 -0.003373310475020245 -0.00025580294360987276 0.0045711105517272548 0.0064062301680893616 -0.031090699221473818 0.0026854627986883533 0.00012733487053073425 0.0036257538043616773 0.01201782377269188 0.010687084479676034 -0.012690338417636202 -0.0085958631583404332 0.045348899121328799 0.17927033142244342 0.018131192529816011 -0.038843698938795718 -0.023390343710772418 0.15213532531050017 -0.0039284302588746649 -0.049350140254852466 -0.0014206303433545676 -0.0062243996692194683 -0.0070371749318990338 0.11490422453020611
leaf_weight=28 75 33 42 239 446 27 85 47 26 46 199 59 49 40 26 33 372 55 35 26 25 36 67 33 265 27 2937 1104 177 26
leaf_count=28 75 33 42 239 446 27 85 47 26 46 199 59 49 40 26 33 372 55 35 26 25 36 67 33 265 27 2937 1104 177 26
internal_value=-0.000589292 -0.000610995 -0.000578461 -0.00130752 -0.00158107 -0.000957097 0.001025 0.00405333 -0.000466177 -0.00049647 -0.00202105 -0.0025946 -0.000415614 0.000309107 -0.000319227 -0.000589582 -0.000864722 0.000513088 0.00395604 0.00229885 0.00513636 0.00177778 0.000850574 0.00314019 -0.000561645 0.000378377 -0.000598976 -0.00122624 0.000758892 0.005
internal_weight=6685 6657 6582 877 844 605 159 74 5705 5663 284 258 5379 1086 826 786 753 381 90 260 87 62 173 106 291 73 4293 1356 252 75
internal_count=6685 6657 6582 877 844 605 159 74 5705 5663 284 258 5379 1086 826 786 753 381 90 260 87 62 173 106 291 73 4293 1356 252 75
is_linear=0
shrinkage=0.04


Tree=165
num_leaves=31
num_cat=0
split_feature=12 2 0 5 15 0 13 12 14 10 13 17 11 16 16 19 14 12 5 16 11 0 2 2 13 7 13 0 5 14
split_gain=0.488457 0.753599 1.65891 0.50949 0.676554 1.09927 0.771465 0.768549 0.739155 0.6829 0.759146 1.11715 0.69022 0.636585 0.814004 0.657705 0.670767 0.510055 0.499964 0.438888 0.970474 0.462348 0.403812 0.907987 0.609859 0.538387 0.911368 0.682754 0.780058 0.822039
threshold=89.500000000000014 2.8500000000000001 2.8500000000000001 7.8500000000000005 1.0000000180025095e-35 2.9500000000000006 10.550000000000002 84.500000000000014 187.50000000000003 14.750000000000002 0.75000000000000011 1.0000000180025095e-35 -4.7499999999999991 2212.5000000000005 2370.6250000000005 0.87837969732492682 259.50000000000006 83.500000000000014 9.9500000000000011 2167.5000000000005 32.050000000000004 1.7500000000000002 13.15 15.950000000000001 4.5500000000000007 6.8312500000000007 15.750000000000002 8.0500000000000025 5.5500000000000007 207.50000000000003
decision_type=2 2 2 2 2 2 2 2 2 2 2 2 2 2 2 2 2 2 2 2 2 2 2 2 2 2 2 2 2 2
left_child=3 2 -2 13 6 -6 7 9 -7 10 11 -5 -11 22 -15 16 -16 19 -10 20 21 -12 25 24 -24 -1 27 -27 -29 -30
right_child=1 -3 -4 4 5 8 -8 -9 18 12 17 -13 -14 14 15 -17 -18 -19 -20 -21 -22 -23 23 -25 -26 26 -28 28 29 -31
leaf_value=-0.0021916094138286816 -0.032075697700066311 -0.043252079876895159 0.086263975886460648 -0.019738767365634263 0.10490366941619478 -0.008793888713327494 -0.034835492051765907 -0.014308567487488899 0.029649169396358498 0.017032533235088698 0.0053279011925743518 0.066337102139529924 -0.025703067874307352 0.011777583566779531 -0.067674995199988569 0.01128847615652521 0.0015628265310678147 0.10614127026516522 -0.0011601321125820907 -0.080532906297576257 0.31814298358951421 0.00032373319228213703 0.0041777409350146196 -0.017682453799249091 0.12424277391212185 -0.032520639035095202 0.15715157955949899 -0.019550309035524169 0.01124931655956519 -0.014755630769136536
leaf_weight=3066 40 379 25 26 29 71 209 149 25 30 30 30 196 47 65 31 26 40 26 53 26 1243 55 92 37 374 25 107 80 64
leaf_count=3066 40 379 25 26 29 71 209 149 25 30 30 30 196 47 65 31 26 40 26 53 26 1243 55 92 37 374 25 107 80 64
internal_value=-0.000553084 -0.00183371 0.00212121 -0.000461859 3.11346e-05 0.00260526 -0.000161339 0.000103069 0.000910568 0.000348656 0.000668046 0.00519298 -0.00169163 -0.000726291 0.00167059 -6.50416e-05 -0.00178261 0.000482411 0.00453846 0.000348853 0.000495384 0.000335949 -0.000830557 0.000994594 0.00378495 -0.000921174 -0.00196621 -0.00226837 -0.000650795 0.00126896
internal_weight=6696 444 65 6252 2183 151 2032 1823 122 1674 1448 56 226 4069 169 122 91 1392 51 1352 1299 1273 3900 184 92 3716 650 625 251 144
internal_count=6696 444 65 6252 2183 151 2032 1823 122 1674 1448 56 226 4069 169 122 91 1392 51 1352 1299 1273 3900 184 92 3716 650 625 251 144
is_linear=0
shrinkage=0.04


Tree=166
num_leaves=31
num_cat=0
split_feature=12 3 2 10 7 16 5 5 3 14 11 5 18 14 9 11 10 3 3 1 3 4 9 19 3 14 17 1 8 8
split_gain=0.465945 0.661974 0.610215 0.570038 0.974031 0.453185 0.461882 0.601739 0.54741 0.607606 0.599865 0.563947 0.863453 0.944683 0.868498 1.09136 2.36322 0.755543 0.717514 0.702143 0.466679 0.518046 0.571247 0.73374 0.82168 1.08996 2.47675 0.711703 1.12033 0.601542
threshold=74.500000000000014 1.5500000000000003 0.65000000000000002 22.450000000000003 7.3312500000000007 12.500000000000002 17.550000000000004 16.350000000000005 11.450000000000001 75.500000000000014 5.4500000000000011 6.7500000000000009 -0.3794095225512602 239.50000000000003 55.500000000000007 2.6500000000000008 12.350000000000003 9.4500000000000011 0.95000000000000007 5.1500000000000012 1.6500000000000001 5.8500000000000005 74.500000000000014 -0.60785761079279388 7.3500000000000005 172.50000000000003 -0.25881904510252113 3.3500000000000001 7.5500000000000007 10.750000000000002
decision_type=2 2 2 2 2 2 2 2 2 2 2 2 2 2 2 2 2 2 2 2 2 2 2 2 2 2 2 2 2 2
left_child=1 -1 -2 5 -5 -4 7 8 9 -7 11 18 17 14 -14 16 19 -13 -11 -16 -20 22 23 29 25 26 -25 -28 -29 -22
right_child=2 -3 3 4 -6 6 -8 -9 -10 10 -12 12 13 -15 15 -17 -18 -19 20 -21 21 -23 -24 24 -26 -27 27 28 -30 -31
leaf_value=-0.0066463180158640054 0.01477172299478558 -0.00029172295694537663 -0.030557664841554425 -0.0083700475676874442 0.016351231905685156 -0.032446738684480309 -0.073617092437758797 0.041394656453470423 -0.012922692099193354 0.0059755247014139402 -0.015886713812436424 -0.0053435960121049212 0.022866296149506686 0.087875129026658338 0.028316971873899439 -0.011984373923460263 -0.030402655861473799 0.022089159348944433 -0.021578592771441665 0.018937996698184897 -0.049742421051270941 -0.019959843451897781 -0.028050600120321276 0.1718861572643299 -0.0039650316762830018 -0.0012092112144358167 -0.01985980787733059 0.028313307597904548 -0.010932268986022771 0.019929694543429199
leaf_weight=283 33 3742 87 28 30 153 129 26 217 43 437 199 35 34 25 81 40 38 98 27 159 205 91 47 57 198 51 49 29 25
leaf_count=283 33 3742 87 28 30 153 129 26 217 43 437 199 35 34 25 81 40 38 98 27 159 205 91 47 57 198 51 49 29 25
internal_value=-0.00056503 -0.000293096 -0.000974552 -0.00104282 0.00284746 -0.00113135 -0.00103128 -0.000903172 -0.000971356 -0.000774742 -0.00058507 -0.000211489 0.000924999 0.00260082 0.00156938 0.000390804 0.00335484 -0.000789917 -0.000729346 0.00890566 -0.000946536 -0.000662282 -0.000147101 0.000292207 0.00119444 0.00187733 0.00415819 0.00126154 0.00364557 -0.00181622
internal_weight=6696 4025 2671 2638 58 2580 2493 2364 2338 2121 1968 1531 479 242 208 173 92 237 1052 52 1009 911 706 615 431 374 176 129 78 184
internal_count=6696 4025 2671 2638 58 2580 2493 2364 2338 2121 1968 1531 479 242 208 173 92 237 1052 52 1009 911 706 615 431 374 176 129 78 184
is_linear=0
shrinkage=0.04


Tree=167
num_leaves=31
num_cat=0
split_feature=12 11 0 5 10 6 5 0 7 19 9 3 7 10 18 3 5 4 17 12 10 10 0 12 19 9 12 9 6 7
split_gain=0.377817 0.542186 1.14105 0.652785 0.497527 0.69132 1.0039 0.557803 1.5305 1.10411 0.455729 0.542001 0.520514 0.51048 0.454265 0.686318 0.619715 1.22488 0.602298 0.68339 0.658476 0.85032 1.35623 0.825844 0.66177 0.841986 0.839931 0.596025 0.51236 0.697299
threshold=87.500000000000014 7.9500000000000011 5.4500000000000011 7.8500000000000005 6.7500000000000009 3.324999999999998 3.7500000000000004 6.2500000000000009 5.3645833333333348 0.6078576107927941 45.500000000000007 1.5500000000000003 1.1729166666666668 21.350000000000005 0.1294095225512602 2.1500000000000008 2.2500000000000004 3.5500000000000003 0.37940952255126054 38.500000000000007 11.950000000000001 9.7500000000000018 10.65 80.500000000000014 0.6078576107927941 71.500000000000014 69.500000000000014 70.500000000000014 9.1916666666666682 6.8312500000000007
decision_type=2 2 2 2 2 2 2 2 2 2 2 2 2 2 2 2 2 2 2 2 2 2 2 2 2 2 2 2 2 2
left_child=10 4 -3 -4 -2 6 -6 -7 9 -9 -1 12 -12 14 15 16 -13 -18 -17 27 21 24 23 -23 25 -21 -27 -20 29 -16
right_child=1 2 3 -5 5 7 -8 8 -10 -11 11 13 -14 -15 28 18 17 -19 19 20 -22 22 -24 -25 -26 26 -28 -29 -30 -31
leaf_value=-0.0047593300791776948 -0.065405241929607977 0.020025603707073857 0.0046584845592157354 -0.075058019178532748 -0.013396830557451918 -0.053228631716513375 0.05590238570892242 -0.00014172282633597818 -0.0090121999371774696 0.055948333353538104 0.0083032394935679751 0.016446794988748584 -0.014341968384515487 0.016214605321880442 -0.0014443480026275991 0.0014947205641114352 -0.010175688722961752 0.042411968020242857 -0.00060450195863241869 -0.0067718523826628321 -0.018926235398574437 -0.01772876311356256 0.0052290155714115908 0.067254733765168939 -0.043052581065749926 -0.0040547505473569959 0.085941807562912392 0.10010118078534207 0.000568812603183631 -0.012899144337441116
leaf_weight=292 208 30 25 51 27 135 29 37 161 26 25 34 420 25 1375 1576 61 30 33 200 295 82 47 43 109 44 50 27 545 654
leaf_count=292 208 30 25 51 27 135 29 37 161 26 25 34 420 25 1375 1576 61 30 33 200 295 82 47 43 109 44 50 27 545 654
internal_value=-0.000505302 -0.00136438 0.00127103 -0.00135065 -0.0018141 -0.00100962 0.00308772 -0.00165556 -0.000426668 0.0048125 -0.000400135 -0.000320649 -0.00165919 -0.000206462 -0.000234346 0.000135257 0.00301587 0.00126087 -9.57415e-06 -0.000816327 -0.00110218 -0.000312501 0.00203468 -0.000158731 -0.00131683 -0.000325425 0.00277895 0.00327869 -0.00061204 -0.000904434
internal_weight=6696 729 106 76 623 415 56 359 224 63 5967 5675 445 5230 5205 2631 125 91 2506 930 870 575 172 125 403 294 94 60 2574 2029
internal_count=6696 729 106 76 623 415 56 359 224 63 5967 5675 445 5230 5205 2631 125 91 2506 930 870 575 172 125 403 294 94 60 2574 2029
is_linear=0
shrinkage=0.04


Tree=168
num_leaves=31
num_cat=0
split_feature=12 17 2 13 2 16 14 17 2 9 13 16 19 19 11 11 3 3 12 1 19 13 11 16 4 19 14 8 12 13
split_gain=0.438674 0.612327 0.864057 1.58843 1.9425 1.07948 1.50918 1.68341 0.940836 0.580927 0.518967 1.37702 1.32418 0.921642 1.98959 0.5093 0.433644 0.449686 1.09189 2.15296 1.5743 1.68403 1.63493 0.494256 0.711379 1.06029 0.487294 0.915918 1.24545 0.548578
threshold=74.500000000000014 -0.70710678118654735 2.8500000000000001 1.0500000000000003 2.1500000000000008 37.500000000000007 179.50000000000003 0.60355339059327384 1.6500000000000001 68.500000000000014 1.4500000000000002 22.500000000000004 0.6078576107927941 -0.8783796973249266 15.65 1.0500000000000003 1.5500000000000003 2.5500000000000003 52.500000000000007 3.5500000000000003 0.6078576107927941 8.1500000000000004 12.350000000000003 532.50000000000011 3.6500000000000008 1.0000000180025095e-35 301.50000000000006 11.050000000000002 49.500000000000007 3.4500000000000006
decision_type=2 2 2 2 2 2 2 2 2 2 2 2 2 2 2 2 2 2 2 2 2 2 2 2 2 2 2 2 2 2
left_child=10 -2 3 4 8 -5 15 9 -3 -8 13 12 -12 14 -1 -7 -13 18 19 20 22 -22 -18 24 25 -20 29 -28 -29 -19
right_child=1 2 -4 5 -6 6 7 -9 -10 -11 11 16 -14 -15 -16 -17 17 26 23 -21 21 -23 -24 -25 -26 -27 27 28 -30 -31
leaf_value=0.026655659576506716 -0.039249546699475404 0.021273234992593402 -0.0036439291987449308 -0.016115960866493879 0.042167358019654835 0.0013591799330245266 0.010068462667552217 0.21849870993032738 -0.0094871271452248943 -0.016774839550825909 -0.00010034584042638703 -0.0067284980463223048 0.026785501781178389 -0.023937519342448556 -0.047548375286441652 -0.019276251516879579 0.065185964209497113 -0.0033518539128443341 0.15411007798574461 -0.026285647117408585 0.013852135417954714 0.0066807838939088558 -0.073696644401696182 -0.028860336031154083 -0.031533743878058879 -0.084856631993781226 -0.011413124318919691 -0.0096302161849107469 0.099182144060407346 0.00066571883551977732
leaf_weight=25 452 26 1736 159 31 32 39 26 28 27 44 252 34 412 37 115 29 574 37 61 28 25 39 58 50 37 304 114 33 1832
leaf_count=25 452 26 1736 159 31 32 39 26 28 27 44 252 34 412 37 115 29 574 37 61 28 25 39 58 50 37 304 114 33 1832
internal_value=-0.000487383 -0.000884731 -0.000610812 0.000884297 0.00581395 -0.000180452 0.00151667 0.00550538 0.00116364 0.00202985 -0.000223548 -5.74334e-05 0.00516456 -0.00146526 0.00304762 -0.001 -0.000176167 -5.0901e-05 0.00127123 0.00345355 0.00652459 0.0116296 0.00243478 -0.000918034 0.000511999 0.00298667 -0.000219735 -0.00142478 0.00116216 6.64633e-06
internal_weight=6696 2671 2219 483 85 398 239 92 54 66 4025 3551 78 474 62 147 3473 3221 364 182 121 53 68 182 124 74 2857 451 147 2406
internal_count=6696 2671 2219 483 85 398 239 92 54 66 4025 3551 78 474 62 147 3473 3221 364 182 121 53 68 182 124 74 2857 451 147 2406
is_linear=0
shrinkage=0.04


Tree=169
num_leaves=31
num_cat=0
split_feature=12 2 13 19 11 13 7 19 12 4 17 4 4 9 13 3 0 11 3 7 4 6 10 12 2 13 7 11 7 11
split_gain=0.458767 0.593265 0.477744 0.787503 1.48161 0.461626 0.6083 0.552338 1.19906 1.52919 0.875476 0.66315 0.653769 0.760192 0.709036 0.539447 0.509169 1.88388 0.563192 0.496127 1.98234 1.24251 0.81757 1.13927 1.36228 0.785073 0.735881 1.52279 0.611144 1.17719
threshold=74.500000000000014 0.65000000000000002 1.3500000000000003 -0.8783796973249266 15.65 15.550000000000002 1.6270833333333334 0.87837969732492682 29.500000000000004 8.9500000000000011 0.12940952255126045 8.1500000000000004 5.1500000000000012 70.500000000000014 3.5500000000000003 5.9500000000000011 1.0500000000000003 13.65 1.5500000000000003 4.4645833333333345 5.5500000000000007 4.9166666666666643 2.7500000000000004 56.500000000000007 2.1500000000000008 13.850000000000003 5.0354166666666682 15.65 10.76041666666667 15.15
decision_type=2 2 2 2 2 2 2 2 2 2 2 2 2 2 2 2 2 2 2 2 2 2 2 2 2 2 2 2 2 2
left_child=2 -2 3 4 -1 6 -4 16 9 10 -9 12 14 -14 -10 -15 17 -8 -18 20 22 -21 23 24 -20 26 27 -23 -28 -30
right_child=1 -3 5 -5 -6 -7 7 8 11 -11 -12 -13 13 15 -16 -17 18 -19 19 21 -22 25 -24 -25 -26 -27 28 -29 29 -31
leaf_value=0.025589433193446434 0.01334164643423599 -0.0044368646751694876 0.0095537101972567769 -0.025394511973425495 -0.055177778338391388 -0.015949015543448828 0.045028332969031554 -0.0048518759695954919 0.0027297639470901303 0.085891950445723467 0.0059043632623435108 -0.036003964860264741 -0.00036451443114390934 0.0089351695469882149 -0.0094336472241396668 0.0047621512868619752 -0.041695532136955961 -0.035730809561724128 0.010614840039844142 -0.024431331975401684 0.042265808710367038 -0.028401470244551325 -0.0020162476103582467 0.076731467018513869 -0.0042193807092977256 0.011644248538103421 -0.0027498690366061346 0.11483907665945578 0.020977244509320779 4.1830597600062871e-06
leaf_weight=25 33 2638 40 384 33 183 39 46 33 43 30 109 50 25 98 30 137 42 33 440 33 32 319 38 126 25 931 25 89 587
leaf_count=25 33 2638 40 384 33 183 39 46 33 43 30 109 50 25 98 30 137 42 33 440 33 32 319 38 126 25 931 25 89 587
internal_value=-0.000493356 -0.000899702 -0.000223548 -0.00146275 0.00284746 -7.03135e-05 3.52828e-05 -2.38034e-05 0.00125591 0.0047 0.00124675 5.78025e-05 0.00124894 0.0035849 -0.000636365 0.00678571 -0.000229204 0.00287805 -0.000319603 -0.000191117 0.000879999 -0.000467607 0.000263055 0.00228283 0.000774999 2.60345e-05 -8.16826e-05 0.00434483 -0.000241294 0.000673559
internal_weight=6696 2671 4025 442 58 3583 3400 3360 464 119 76 345 236 105 131 55 2896 81 2815 2678 549 2129 516 197 159 1689 1664 57 1607 676
internal_count=6696 2671 4025 442 58 3583 3400 3360 464 119 76 345 236 105 131 55 2896 81 2815 2678 549 2129 516 197 159 1689 1664 57 1607 676
is_linear=0
shrinkage=0.04


Tree=170
num_leaves=31
num_cat=0
split_feature=4 8 0 12 14 9 19 19 19 14 16 12 12 3 10 7 10 12 7 18 10 9 16 7 18 14 7 4 7 2
split_gain=0.419885 0.464895 0.994224 0.844981 0.899676 0.548331 0.573027 0.537078 0.983122 1.63508 2.26953 0.528824 0.395229 1.61685 0.480675 0.375693 0.556605 0.623413 0.753205 0.969313 0.497826 0.488751 0.776809 0.566926 1.40718 1.18715 1.57032 0.637889 0.945851 0.556427
threshold=0.35000000000000003 2.0500000000000003 2.0500000000000003 47.500000000000007 191.50000000000003 68.500000000000014 1.0000000180025095e-35 -1.0000000180025095e-35 -0.60785761079279388 190.50000000000003 212.50000000000003 36.500000000000007 17.500000000000004 3.3500000000000001 1.0500000000000003 3.1895833333333337 5.3500000000000005 89.500000000000014 2.3479166666666673 -0.5 7.6500000000000012 67.500000000000014 347.50000000000006 4.4645833333333345 1.0000000180025095e-35 160.50000000000003 4.0187500000000007 2.8500000000000001 3.6270833333333341 7.3500000000000005
decision_type=2 2 2 2 2 2 2 2 2 2 2 2 2 2 2 2 2 2 2 2 2 2 2 2 2 2 2 2 2 2
left_child=-1 7 3 4 -3 -5 -7 8 -2 10 -10 -9 13 -4 -14 16 -16 18 19 -18 -21 22 -17 24 25 -23 -27 28 -26 -25
right_child=1 2 12 5 -6 6 -8 11 9 -11 -12 -13 14 -15 15 21 17 -19 -20 20 -22 23 -24 29 27 26 -28 -29 -30 -31
leaf_value=0.012082617603065188 -0.033710434206605161 0.001810683070991613 0.015147443876854219 0.0038002613434372852 0.038206973276440563 0.0045565164495266312 -0.054758986837179599 0.0027780248223790403 -0.012532307949497487 -0.037555599497835622 0.090525544922450532 -0.062769431560133482 -0.0076196233278483785 -0.0039780783829954994 -0.028487332362782433 -0.0020683353189920321 0.032904245838356501 0.0098189272686615911 -0.015252110196068714 0.0024768009632980389 -0.0090702541721093318 0.083037300665310065 -0.026562507597921888 -0.0030009727621944917 -0.018705479627424561 -0.012325460361592636 0.037570935852649159 -0.023648890530648843 0.041591951261478577 0.0013781193116276594
leaf_weight=36 216 32 28 25 36 36 51 46 30 36 33 279 580 109 197 2142 30 25 310 49 50 54 178 822 29 61 30 124 31 975
leaf_count=36 216 32 28 25 36 36 51 46 30 36 33 279 580 109 197 2142 30 25 310 49 50 54 178 822 29 61 30 124 31 975
internal_value=-0.000574765 -0.000598346 -0.000488927 0.00243094 0.00591304 0.000283185 -0.00122727 -0.00162247 -0.000443039 0.00284 0.0066875 -0.00276074 -0.000579572 0.00153623 -0.000630803 -0.000506657 -0.00139577 -0.00063656 -0.00099091 0.00156923 -0.000360001 -0.000374186 -0.000775529 6.39389e-05 0.00158788 0.00452055 0.00169565 -0.000735136 0.00262295 -0.000215796
internal_weight=6680 6644 6004 180 68 112 87 640 315 99 63 325 5824 137 5687 5107 661 464 439 129 99 4446 2320 2126 329 145 91 184 60 1797
internal_count=6680 6644 6004 180 68 112 87 640 315 99 63 325 5824 137 5687 5107 661 464 439 129 99 4446 2320 2126 329 145 91 184 60 1797
is_linear=0
shrinkage=0.04


Tree=171
num_leaves=31
num_cat=0
split_feature=4 8 0 12 11 5 1 5 13 17 4 16 4 16 12 5 1 17 10 12 5 16 5 9 13 2 6 4 11 12
split_gain=0.426988 0.432647 1.0216 0.844981 1.142 0.770244 1.02764 0.737992 0.62892 0.772326 1.03938 0.603256 0.734136 0.549944 0.891415 0.37985 1.19275 0.631523 0.623582 0.369987 2.07054 0.465406 0.37591 0.734402 1.03805 1.13919 0.722442 0.689613 0.529444 1.34681
threshold=0.35000000000000003 2.0500000000000003 2.0500000000000003 47.500000000000007 11.450000000000001 2.9500000000000006 1.8500000000000003 3.1500000000000008 8.6500000000000004 -1.0000000180025095e-35 3.3500000000000001 167.50000000000003 4.0500000000000007 842.50000000000011 45.500000000000007 1.1500000000000001 3.9500000000000006 -0.37940952255126065 5.3500000000000005 17.500000000000004 2.8500000000000001 2475.0000000000005 3.4500000000000006 50.500000000000007 2.8500000000000001 8.2500000000000018 1.6416666666666633 2.3500000000000001 14.950000000000001 63.500000000000007
decision_type=2 2 2 2 2 2 2 2 2 2 2 2 2 2 2 2 2 2 2 2 2 2 2 2 2 2 2 2 2 2
left_child=-1 7 3 4 -3 -5 -7 13 9 11 -11 -9 -13 -2 -15 16 18 -18 -4 20 -17 22 23 24 -21 -26 -24 28 -28 -30
right_child=1 2 15 5 -6 6 -8 8 -10 10 -12 12 -14 14 -16 19 17 -19 -20 21 -22 -23 26 -25 25 -27 27 -29 29 -31
leaf_value=0.011599312898942586 -0.044531203388185447 0.012507217333602863 -0.063466768926405695 -0.027737584841235115 0.0065653779804769755 0.029038782734021971 -0.013449584192210647 -0.081687124638919986 -0.053576733015986346 0.037418740026382666 0.0014242840524594134 -0.045511129087847157 0.10653726791023221 -0.048484388905087203 0.04593625855993979 0.023719890500154054 0.040603293323870498 0.00012550377324179252 0.0068837991796206633 -0.015659078582123908 -0.0067772344555081234 -0.056798330369439383 0.0034063756024581503 -0.0046947460613153153 0.030387834979939563 -0.024420853657641128 -0.018344703393510183 -0.001128613880904863 -0.026824997527423369 0.038460893055661041
leaf_weight=36 254 30 71 53 38 27 32 52 109 31 45 27 25 60 37 25 28 34 25 53 108 70 28 1162 38 28 380 3693 56 25
leaf_count=36 254 30 71 53 38 27 32 52 109 31 45 27 25 60 37 25 28 34 25 53 108 70 28 1162 38 28 380 3693 56 25
internal_value=-0.000610688 -0.000634463 -0.000528894 0.00243094 0.00591304 0.000283185 0.0034 -0.00162247 -0.000124139 0.00132597 0.00436364 -0.000914287 0.00211321 -0.00285227 -0.000285715 -0.000620773 0.00130818 0.0055873 -0.00148454 -0.000674785 0.00140298 -0.000724974 -0.000683017 -0.00128237 0.0017 0.00501492 -0.000499164 -0.000542961 -0.002 0.000926828
internal_weight=6680 6644 6004 180 68 112 59 640 289 180 76 104 52 351 97 5824 158 62 96 5666 133 5533 5463 1281 119 66 4182 4154 461 81
internal_count=6680 6644 6004 180 68 112 59 640 289 180 76 104 52 351 97 5824 158 62 96 5666 133 5533 5463 1281 119 66 4182 4154 461 81
is_linear=0
shrinkage=0.04


Tree=172
num_leaves=31
num_cat=0
split_feature=14 12 4 3 7 7 3 8 7 4 3 5 7 4 12 3 5 14 6 9 12 19 9 20 1 18 4 2 6 20
split_gain=0.426384 0.385881 0.4888 0.471665 0.513667 1.1515 2.06208 2.36376 1.07966 1.32356 0.778303 0.776531 0.727521 0.946686 2.18448 2.35125 0.668279 0.598798 1.20269 2.87466 1.03377 1.39386 1.26708 0.748276 0.639403 0.548208 0.64269 0.542019 1.26927 0.499483
threshold=359.50000000000006 74.500000000000014 0.45000000000000007 1.1500000000000001 6.7479166666666677 5.8729166666666677 4.9500000000000011 3.8500000000000001 6.0812500000000007 7.0500000000000007 8.5500000000000025 11.950000000000001 4.9354166666666677 5.5500000000000007 57.500000000000007 3.7500000000000004 4.1500000000000012 233.50000000000003 2.5166666666666653 70.500000000000014 66.500000000000014 1.0000000180025095e-35 77.500000000000014 1.0000000180025095e-35 3.6500000000000008 -0.5 3.0500000000000003 5.9500000000000011 6.4083333333333306 -0.56174490092936669
decision_type=2 2 2 2 2 2 2 2 2 2 2 2 2 2 2 2 2 2 2 2 2 2 2 2 2 2 2 2 2 2
left_child=1 2 -1 -4 5 11 -7 -8 -9 -10 -11 12 13 17 15 -15 -6 20 19 -19 27 22 -22 -21 -23 26 -20 29 -29 -5
right_child=-2 -3 3 4 16 6 7 8 9 10 -12 -13 -14 14 -16 -17 -18 18 25 23 21 24 -24 -25 -26 -27 -28 28 -30 -31
leaf_value=0.019938852150691508 -0.078542074710643547 -0.0032044468187435978 -0.022591532830602029 -0.00031986362091105893 -0.020014681689020129 -0.010415811916774619 0.084817361006954223 0.021865029601028221 -0.0028056565414703604 0.01752815266987125 0.028278134440625831 0.07080470494718219 -0.007868159682225366 0.011226347874950542 -0.005752628523862941 0.069511970451018423 -0.0010230365311294839 0.0044898747098485814 -0.013346440988075567 -0.041750529388595831 0.0028261198958553315 -0.054175850199798412 0.062108015879182972 0.0092807518019682386 0.00096225238611656811 -0.0029008619013345892 0.011176499265092107 0.0057389624536024701 -0.020853952904968241 -0.053757156217355322
leaf_weight=26 60 2612 160 120 244 122 31 32 79 29 26 32 406 39 45 25 1733 28 30 33 60 65 26 26 27 195 33 26 30 280
leaf_count=26 60 2612 160 120 244 122 31 32 79 29 26 32 406 39 45 25 1733 28 30 33 60 65 26 26 27 195 33 26 30 280
internal_value=-0.000604701 -0.000573932 -0.000327265 -0.000363546 -0.000274131 0.00020585 0.0023875 0.00490909 0.00297006 0.00136296 0.00607143 -0.000251474 -0.000385285 0.000154269 0.00367273 0.00836923 -0.000721942 -0.000240817 0.00109826 0.00513636 -0.00097008 0.00160894 0.00524138 6.66657e-05 -0.00180645 -0.000277993 0.0029375 -0.00197812 0.00168421 -0.00249377
internal_weight=6680 6620 4008 3982 3822 1845 319 197 166 134 55 1526 1494 1088 109 64 1977 979 345 87 634 178 86 59 92 258 63 456 56 400
internal_count=6680 6620 4008 3982 3822 1845 319 197 166 134 55 1526 1494 1088 109 64 1977 979 345 87 634 178 86 59 92 258 63 456 56 400
is_linear=0
shrinkage=0.04


Tree=173
num_leaves=31
num_cat=0
split_feature=7 3 14 13 6 7 2 2 13 9 12 10 5 12 1 12 9 10 9 18 6 3 2 6 13 6 2 9 17 17
split_gain=0.859465 0.357828 0.461974 0.58208 0.807513 1.48342 0.424574 0.469551 0.341402 0.330412 0.47655 0.69709 0.430651 1.03867 1.59906 0.526395 0.468463 0.447687 0.35314 0.543057 0.486252 0.690289 0.341814 0.928961 0.812663 0.52863 0.864285 1.09056 1.19356 0.516327
threshold=1.1729166666666668 1.6500000000000001 153.50000000000003 9.9500000000000011 1.5833333333333297 2.1854166666666672 3.0500000000000003 3.8500000000000001 5.5500000000000007 48.500000000000007 90.500000000000014 10.850000000000003 7.4500000000000011 87.500000000000014 12.450000000000001 62.500000000000007 40.500000000000007 10.550000000000002 105.50000000000001 0.98296291314453421 12.608333333333333 19.650000000000002 20.450000000000003 26.375000000000004 4.0500000000000007 15.050000000000001 13.450000000000001 55.500000000000007 0.37940952255126054 -1.0000000180025095e-35
decision_type=2 2 2 2 2 2 2 2 2 2 2 2 2 2 2 2 2 2 2 2 2 2 2 2 2 2 2 2 2 2
left_child=-1 2 -2 4 5 -4 8 -8 -6 12 18 -12 13 15 17 -3 -17 -15 22 20 -20 -22 25 24 -24 26 -11 -28 -29 -27
right_child=1 9 3 -5 6 -7 7 -9 -10 10 11 -13 -14 14 -16 16 -18 -19 19 -21 21 -23 23 -25 -26 29 27 28 -30 -31
leaf_value=0.0032176433858749354 -0.024371801740707438 0.0051643903856691551 -0.010671852921622108 -0.030703555305682237 -0.016512938565880226 0.039415845172901032 0.0048714814711594895 -0.0089364434440556383 0.00017917303020592207 -0.00092763002209002646 -0.062419734267667497 0.0071211453776653449 -0.012209465309985429 0.0096285842520879936 0.012593618701442837 0.0041325193152369835 -0.049243833077171083 -0.0028325331200929997 -0.027121428033960157 0.013067340532370075 0.045122475152628481 -0.17733684496965882 -0.0056521046954771193 -0.012782082531022965 0.037707960480507001 -0.0033591301329226929 0.03204122304962944 -0.006450935745947366 0.019818587005118019 -0.023011789362982298
leaf_weight=26 155 49 27 112 97 30 30 44 30 4358 150 48 298 32 25 28 137 39 249 50 45 59 29 85 36 118 29 102 40 123
leaf_count=26 155 49 27 112 97 30 30 44 30 4358 150 48 298 32 25 28 137 39 249 50 45 59 29 85 36 118 29 102 40 123
internal_value=-0.000604701 -0.00063351 -0.00163498 -0.000862535 0.000185327 0.00434483 -0.0010099 0.00138667 -0.00240625 -0.000547472 -0.000449838 -0.00237186 -0.00143186 -0.000385853 0.00305155 -0.00193488 -0.00301205 -5.55565e-05 -0.000377912 -0.00151485 -0.0020678 0.00022857 -0.000284496 0.0015894 0.00515151 -0.000343744 -0.000246359 0.00253488 0.00106294 -0.00216529
internal_weight=6680 6654 525 370 258 57 201 74 127 6129 5521 198 608 310 96 214 165 71 5323 403 353 104 4920 150 65 4770 4529 171 142 241
internal_count=6680 6654 525 370 258 57 201 74 127 6129 5521 198 608 310 96 214 165 71 5323 403 353 104 4920 150 65 4770 4529 171 142 241
is_linear=0
shrinkage=0.04


Tree=174
num_leaves=31
num_cat=0
split_feature=4 8 0 12 11 5 1 5 3 2 11 2 0 5 10 5 10 4 1 13 16 4 3 18 8 6 4 16 12 1
split_gain=0.416355 0.481452 1.13587 0.740919 1.142 0.606494 1.02764 0.585641 0.501529 0.49352 0.609487 0.90568 0.521175 0.559459 0.391252 0.762339 0.672328 0.595442 0.804446 0.493121 0.555802 0.463274 0.461265 0.388079 0.372912 0.38335 0.8173 0.358724 0.328415 0.900685
threshold=0.35000000000000003 2.0500000000000003 2.0500000000000003 47.500000000000007 11.450000000000001 2.9500000000000006 1.8500000000000003 2.3500000000000001 1.1500000000000001 2.7500000000000004 9.5500000000000025 1.4500000000000002 1.3500000000000003 3.3500000000000001 1.1500000000000001 1.1500000000000001 1.2500000000000002 1.4500000000000002 3.8500000000000001 5.3500000000000005 827.50000000000011 11.65 10.250000000000002 -0.5 2.3500000000000001 1.7333333333333301 2.8500000000000001 12.500000000000002 19.500000000000004 3.7500000000000004
decision_type=2 2 2 2 2 2 2 2 2 2 2 2 2 2 2 2 2 2 2 2 2 2 2 2 2 2 2 2 2 2
left_child=-1 7 3 4 -3 -5 -7 -2 -9 10 12 -12 -10 -14 19 17 -17 -16 -19 -4 22 28 -21 -11 -18 26 -26 -27 29 -22
right_child=1 2 14 5 -6 6 -8 8 9 23 11 -13 13 -15 15 16 24 18 -20 20 21 -23 -24 -25 25 27 -28 -29 -30 -31
leaf_value=0.0094851153175363589 -0.036964474699725546 0.013701246992362493 -0.025989205311045059 -0.02615098372439369 0.0044295701464126267 0.027037674476644468 -0.011835086825662609 -0.070039776262583772 -0.027661481279135786 0.0085874718028370496 -0.017108229383059594 0.025757653482742202 -0.054304921379515862 0.075368468617924192 0.0099043583391858325 0.018298711841742556 -0.036363577404091955 -0.044939047331011873 0.018534905256611413 -0.032738777870982637 0.027881530316942644 -0.041932209723864217 0.057825309847477364 -0.058494107784387114 0.0018854424512426886 -0.023940596524098811 -0.010249483805896346 -0.0015685722320339893 -0.0021441349895999755 -0.019784308538388026
leaf_weight=36 262 30 232 53 38 27 32 60 70 40 30 44 26 39 26 42 72 40 45 32 27 120 25 69 27 123 25 4705 245 38
leaf_count=36 262 30 232 53 38 27 32 60 70 40 30 44 26 39 26 42 72 40 45 32 27 120 25 69 27 123 25 4705 245 38
internal_value=-0.000556804 -0.000580287 -0.000468944 0.00265193 0.00591304 0.000637167 0.0034 -0.00162247 -0.000612138 2.50774e-05 0.0011619 0.00405333 -0.000441177 0.00212121 -0.000565838 -0.000442617 -0.000515717 0.00282143 0.00116279 -0.00143889 -0.000713116 -0.0012065 0.00296552 -0.00214546 -0.000558854 -0.000516289 0.00286792 -0.000553325 -0.000385853 0.00212121
internal_weight=6680 6644 6004 180 68 112 59 640 378 318 209 74 135 65 5824 5105 4994 111 85 719 487 430 57 109 4952 4880 52 4828 310 65
internal_count=6680 6644 6004 180 68 112 59 640 378 318 209 74 135 65 5824 5105 4994 111 85 719 487 430 57 109 4952 4880 52 4828 310 65
is_linear=0
shrinkage=0.04


Tree=175
num_leaves=31
num_cat=0
split_feature=7 8 11 7 14 19 19 3 17 20 19 11 7 4 0 9 9 14 3 19 11 16 9 1 11 0 1 2 6 0
split_gain=0.452758 0.381763 0.847542 0.760464 1.03919 0.86405 0.971933 1.44854 1.5957 0.719201 1.70172 0.9046 0.714319 1.46233 0.541327 0.791697 0.764988 0.570662 0.620528 0.478067 0.877925 0.779848 1.26653 1.29928 2.01164 1.63779 2.04759 0.63143 0.755852 0.53735
threshold=1.1729166666666668 2.0500000000000003 6.2500000000000009 2.4354166666666672 275.50000000000006 0.6078576107927941 -0.60785761079279388 1.8500000000000003 0.37940952255126054 -0.56174490092936669 1.0000000180025095e-35 13.250000000000002 5.2187500000000009 9.9500000000000011 2.0500000000000003 70.500000000000014 93.500000000000014 6.5000000000000009 10.550000000000002 -0.8783796973249266 -5.4499999999999993 102.50000000000001 86.500000000000014 10.850000000000003 13.450000000000001 3.8500000000000001 6.9500000000000011 20.450000000000003 21.775000000000002 15.15
decision_type=2 2 2 2 2 2 2 2 2 2 2 2 2 2 2 2 2 2 2 2 2 2 2 2 2 2 2 2 2 2
left_child=-1 2 -2 4 5 6 -3 -8 -9 10 11 -4 -11 -14 15 -5 -17 18 -16 20 -19 -22 23 24 -23 -26 -27 29 -29 -21
right_child=1 3 9 14 -6 -7 7 8 -10 12 -12 -13 13 -15 17 16 -18 19 -20 27 21 22 -24 -25 25 26 -28 28 -30 -31
leaf_value=0.0023190466655889875 -0.034990518694797357 -0.0050425438028699277 0.080369600714785924 0.0042679339962744022 0.0092221689431761494 -0.082266058401583228 -0.00063396512881590858 0.058789546000389922 0.0028708774231283379 -0.041969218467325951 -0.096749656356979907 0.0076814228385225858 0.10467191799238362 -0.10323010775499579 -0.024355758809767748 -0.009886537350722157 0.011069360611210881 0.027099538520259921 0.024498700548959307 -0.0023953536422925588 -0.0099531280495989329 -0.0019444348659502495 -0.0068278085945057444 -0.011283614402412927 -0.0047066919781336277 0.10362540495585582 0.0054177196719563522 0.22514347069881757 3.1724608945718282e-05 -0.019085379788158302
leaf_weight=28 335 67 25 31 32 63 47 28 27 170 42 25 32 30 34 71 42 34 27 4131 400 76 132 53 33 43 28 38 155 342
leaf_count=28 335 67 25 31 32 63 47 28 27 170 42 25 32 30 34 71 42 34 27 4131 400 76 132 53 33 43 28 38 155 342
internal_value=-0.00057445 -0.000596301 -0.00150909 -0.000494693 0.0016 0.00065236 0.00214118 0.00458252 0.00892857 -4.92317e-05 0.00292473 0.00784314 -0.00123605 0.0024127 -0.000592489 0.00182069 0.000245613 -0.000655691 0.00316129 -0.000698867 0.000204999 -7.83299e-05 0.00125683 0.00302564 0.00464088 0.00822857 0.0116111 -0.000853654 0.00138144 -0.000950381
internal_weight=6621 6593 659 5934 264 232 169 102 55 324 92 50 232 62 5670 144 113 5526 61 5465 799 765 365 233 180 104 71 4666 193 4473
internal_count=6621 6593 659 5934 264 232 169 102 55 324 92 50 232 62 5670 144 113 5526 61 5465 799 765 365 233 180 104 71 4666 193 4473
is_linear=0
shrinkage=0.04


Tree=176
num_leaves=31
num_cat=0
split_feature=4 8 0 19 8 5 4 2 6 11 10 9 8 8 4 18 8 0 6 4 19 10 4 3 9 9 14 16 11 12
split_gain=0.475084 0.46661 0.401089 1.04912 0.403243 0.573981 0.577287 0.702372 0.459708 0.352389 0.92148 0.310206 0.300508 0.918042 1.1397 0.772995 0.626994 0.470043 0.616931 0.456153 0.612223 0.474065 0.413387 0.39466 0.877995 1.89307 0.392699 1.08846 1.15926 0.759073
threshold=0.35000000000000003 1.3500000000000003 1.3500000000000003 -1.0000000180025095e-35 2.0500000000000003 3.1500000000000008 5.0500000000000007 2.5500000000000003 1.3666666666666625 9.5500000000000025 2.5500000000000003 34.500000000000007 7.2500000000000009 7.8500000000000005 4.5500000000000007 -0.70710678118654757 7.5500000000000007 6.9500000000000011 7.6166666666666663 11.550000000000002 -0.8783796973249266 14.450000000000001 1.0500000000000003 10.350000000000003 78.500000000000014 63.500000000000007 53.500000000000007 407.50000000000006 21.950000000000003 58.500000000000007
decision_type=2 2 2 2 2 2 2 2 2 2 2 2 2 2 2 2 2 2 2 2 2 2 2 2 2 2 2 2 2 2
left_child=-1 9 3 -3 5 -4 7 -7 -6 -2 -11 -10 19 14 15 -14 -17 -16 -19 21 -21 23 -15 -13 25 -25 27 28 29 -24
right_child=1 2 4 -5 8 6 -8 -9 11 10 -12 12 13 22 17 16 -18 18 -20 20 -22 -23 26 24 -26 -27 -28 -29 -30 -31
leaf_value=0.010016759116461436 -0.052170933288593666 0.024791107362083894 -0.045487938138798749 -0.011754072025790827 0.0022095792948644724 0.10364968008699167 -0.044089382830760027 -0.027956983686656715 -0.057092913928987687 -0.027779814789701485 0.072211353477548479 -0.001822802427973262 0.089602130945007893 0.017358045977180461 -0.040954335402124918 -0.012537176170157448 0.017392045362217341 0.0083069270078226232 -0.015944822787470784 0.0015258328853736023 -0.052766877289742019 -0.015435838794434291 -0.03325824647585731 -0.0056938365431633501 -0.059426170909990556 0.071040695449210725 -0.0020631038616730031 -0.0038108288823861637 0.32518024492880437 0.032496254665694141
leaf_weight=35 165 35 160 42 28 34 64 25 66 106 29 2487 33 29 76 31 34 43 37 53 194 113 33 29 27 30 2383 143 25 32
leaf_count=35 165 35 160 42 28 34 64 25 66 106 29 2487 33 29 76 31 34 43 37 53 194 113 33 29 27 30 2383 143 25 32
internal_value=-0.000695259 -0.000720207 -0.000646414 0.00220513 -0.000682127 -0.00215493 -9.67751e-05 0.00273333 -0.00061144 -0.00225914 -0.000735295 -0.000636041 -0.000604836 -0.000315863 0.00197647 0.00533333 0.00272727 -0.000152867 0.00197531 -0.000890253 -0.00253226 -0.000738371 -0.00053666 -0.000626264 0.00202299 0.00473333 -0.000589989 0.000974358 0.0043956 0.00151515
internal_weight=6621 6586 6286 77 6209 283 123 59 5926 300 135 5898 5832 2899 254 98 65 156 80 2933 247 2686 2645 2573 86 59 2616 233 90 65
internal_count=6621 6586 6286 77 6209 283 123 59 5926 300 135 5898 5832 2899 254 98 65 156 80 2933 247 2686 2645 2573 86 59 2616 233 90 65
is_linear=0
shrinkage=0.04


Tree=177
num_leaves=31
num_cat=0
split_feature=8 7 9 13 0 16 13 0 9 19 16 11 12 8 0 18 11 12 9 6 2 1 7 3 13 13 4 11 19 4
split_gain=0.323177 0.561648 1.39162 2.22864 1.36416 0.505016 0.457817 0.535676 0.920025 0.530117 0.505889 1.85934 0.885247 0.738769 1.22432 0.655869 0.501864 0.703146 0.507125 0.827535 1.64232 0.863635 0.825647 0.715491 1.62069 0.64283 0.527271 0.52509 0.519191 0.756783
threshold=2.0500000000000003 2.4354166666666672 78.500000000000014 0.8500000000000002 2.5500000000000003 107.50000000000001 1.0500000000000003 2.0500000000000003 70.500000000000014 1.0000000180025095e-35 27.500000000000004 1.2500000000000002 62.500000000000007 6.5500000000000007 7.5500000000000007 -0.5 -4.3499999999999988 76.500000000000014 71.500000000000014 9.3333333333333339 9.7500000000000018 11.750000000000002 9.0437500000000011 8.7500000000000018 3.9500000000000006 9.7500000000000018 11.15 1.8500000000000003 0.6078576107927941 18.750000000000004
decision_type=2 2 2 2 2 2 2 2 2 2 2 2 2 2 2 2 2 2 2 2 2 2 2 2 2 2 2 2 2 2
left_child=5 2 3 -2 -4 -1 -3 8 -8 -10 11 -9 15 -14 -15 -13 17 -12 -18 22 21 -21 23 26 -25 -26 -20 -22 -29 -30
right_child=1 6 4 -5 -6 -7 7 10 9 -11 16 12 13 14 -16 -17 18 -19 19 20 27 -23 -24 24 25 -27 -28 28 29 -31
leaf_value=-0.041395729944789496 0.050265288149688107 -0.0061812700372941669 0.00042171062244886838 -0.012195694410464544 0.0095117155748751497 -0.0028674628246873049 0.0046808680702240032 -0.021978500512121631 0.012835692677905351 -0.022404887827087282 -0.00053929772493628027 0.13463134991652639 -0.010886963435307855 0.083516340002120035 0.0027527408674131188 0.00097348414733668641 -0.0040664581386414388 0.018221622312473432 -0.002565986490542127 0.039059712682399897 0.0048690569823033811 -0.00089516163954796309 -0.031640815774035574 0.018275366310349834 -0.02243596897174727 0.060534923398505892 0.015594305355414185 -0.011955428014086342 0.00013805474592640176 0.35024952398072773
leaf_weight=238 29 678 46 171 32 435 29 177 50 55 107 32 66 31 152 26 2138 45 1023 46 30 26 246 30 69 26 42 421 99 26
leaf_count=238 29 678 46 171 32 435 29 177 50 55 107 32 66 31 152 26 2138 45 1023 46 30 26 246 30 69 26 42 421 99 26
internal_value=-0.000671097 -0.000576905 0.00117563 -0.000597016 0.00567089 -0.00150148 -0.000663023 -0.000530343 0.00195555 0.000188678 -0.000599301 0.000626803 0.00250649 0.001456 0.00276087 0.00691525 -0.000735087 0.00151634 -0.000816482 -0.000372183 0.000813558 0.00646575 -0.000907447 -0.000470194 0.00238095 -0.000208334 -0.000806755 9.70528e-05 -0.000190129 0.00206349
internal_weight=6621 5948 278 200 78 673 5670 4992 134 105 4858 484 307 249 183 58 4374 152 4222 2084 648 72 1436 1190 125 95 1065 576 546 125
internal_count=6621 5948 278 200 78 673 5670 4992 134 105 4858 484 307 249 183 58 4374 152 4222 2084 648 72 1436 1190 125 95 1065 576 546 125
is_linear=0
shrinkage=0.04


Tree=178
num_leaves=31
num_cat=0
split_feature=14 3 10 4 12 0 19 11 14 14 16 6 11 4 13 13 19 11 2 19 4 4 9 10 14 14 12 11 6 9
split_gain=0.322458 0.890623 0.333629 0.874011 0.423876 0.572771 0.883996 1.32147 0.985519 0.753768 0.791927 0.925454 1.23847 0.843921 0.623487 3.06294 0.447652 1.23038 0.936845 1.0176 1.27024 2.06709 1.32326 1.07656 1.01294 1.50872 1.21445 0.923473 0.80534 1.03114
threshold=6.5000000000000009 10.550000000000002 0.55000000000000016 3.0500000000000003 37.500000000000007 2.8500000000000001 0.6078576107927941 19.850000000000005 202.50000000000003 317.50000000000006 1822.5000000000002 5.6666666666666643 29.150000000000002 4.8500000000000005 5.6500000000000012 7.8500000000000005 1.0000000180025095e-35 0.25000000000000006 4.8500000000000005 -0.60785761079279388 1.6500000000000001 4.4500000000000011 82.500000000000014 7.2500000000000009 93.500000000000014 281.50000000000006 66.500000000000014 2.4500000000000006 9.4916666666666654 46.500000000000007
decision_type=2 2 2 2 2 2 2 2 2 2 2 2 2 2 2 2 2 2 2 2 2 2 2 2 2 2 2 2 2 2
left_child=1 -1 3 -2 5 6 7 -4 -8 10 11 12 -7 -13 -15 -16 17 -6 19 -19 -21 22 23 24 -22 26 -26 -18 -29 -30
right_child=2 -3 4 -5 16 9 8 -9 -10 -11 -12 13 -14 14 15 -17 27 18 -20 20 21 -23 -24 -25 25 -27 -28 28 29 -31
leaf_value=-0.032156163624057682 0.0060486346350279952 0.022293331403851206 0.037057312425497951 -0.026767840867470336 -0.0067417058391959009 -0.065351554625386041 0.0010488848634442592 -0.1093529452186169 0.043148112892445863 -0.021836236481035762 -0.015442013942028283 0.0041622898039287157 0.04273828432738392 0.0006672868905771087 0.083923607778846623 -0.003090957917237902 -0.00036746847790100032 -0.0011864664718934821 -0.0016087901977223469 -0.0073070651811967769 0.0046093005338907105 6.2960547376675487e-05 -0.015806311555050925 0.00044797761048007335 0.02582382166947772 0.0023326175508811492 0.19408446866813037 -0.012798336493170111 0.042835198415549086 -0.0090037627018309026
leaf_weight=47 44 27 34 274 567 140 42 78 28 117 159 27 26 183 29 55 731 498 1556 78 27 192 26 38 30 26 53 1167 28 294
leaf_count=47 44 27 34 274 567 140 42 78 28 117 159 27 26 183 29 55 731 498 1556 78 27 192 26 38 30 26 53 1167 28 294
internal_value=-0.000689219 0.00192 -0.000718999 -0.00198119 -0.000654255 0.000139281 0.00214208 -7.07974e-05 0.0056338 -0.00035821 0.000199999 0.00104121 -0.00134132 0.00238644 0.00168657 0.00451765 -0.000791417 -0.000479949 -0.000101387 0.000875128 0.00220807 0.00313486 0.00597015 0.00722286 0.00887591 0.0105818 0.0131905 -0.00122467 -0.00179597 -2.47688e-05
internal_weight=6621 74 6547 318 6229 918 182 112 70 736 619 460 166 294 267 84 5311 3091 2524 968 470 392 200 174 136 109 83 2220 1489 322
internal_count=6621 74 6547 318 6229 918 182 112 70 736 619 460 166 294 267 84 5311 3091 2524 968 470 392 200 174 136 109 83 2220 1489 322
is_linear=0
shrinkage=0.04


Tree=179
num_leaves=31
num_cat=0
split_feature=7 8 7 9 5 16 11 3 6 12 7 5 6 8 7 6 14 4 12 20 10 17 14 14 6 7 4 10 11 1
split_gain=0.488376 0.541764 1.04528 1.22881 0.68678 0.878401 0.770137 0.644939 0.541289 0.9598 0.5968 0.497225 0.471219 0.469466 1.01056 0.88933 0.553183 0.456637 0.451133 0.436183 0.619955 0.516897 0.434533 0.473515 0.898474 1.2828 0.652837 0.402961 0.393632 0.551522
threshold=1.1729166666666668 3.9500000000000006 2.4354166666666672 78.500000000000014 2.4500000000000006 2065.0000000000005 26.350000000000005 2.1500000000000008 3.4499999999999971 76.500000000000014 6.1895833333333341 0.8500000000000002 6.5166666666666657 7.3500000000000005 3.9062500000000004 5.9499999999999984 296.50000000000006 3.9500000000000006 37.500000000000007 0.81174490092936691 8.8500000000000032 -0.70710678118654735 25.500000000000004 86.500000000000014 6.8166666666666655 6.1479166666666671 4.8500000000000005 4.7500000000000009 12.15 5.1500000000000012
decision_type=2 2 2 2 2 2 2 2 2 2 2 2 2 2 2 2 2 2 2 2 2 2 2 2 2 2 2 2 2 2
left_child=-1 4 3 -3 -2 12 -7 -4 9 10 18 -10 19 16 15 -15 22 -11 -9 -6 21 -21 -13 24 25 26 -24 -23 -25 -30
right_child=1 2 7 -5 5 6 -8 8 11 17 -12 13 -14 14 -16 -17 -18 -19 -20 20 -22 27 23 28 -26 -27 -28 -29 29 -31
leaf_value=0.0022242106889618679 -0.014130790781606126 -0.0016664704458768068 -0.032535191937070128 0.012460134789259097 -0.0051131389090950333 0.072625051341951199 -0.018850817601218397 0.036340968704862052 0.0013119507192340815 0.0030583069786455481 0.10596855550969302 -0.066002579001643108 0.027904598224778705 0.10953548058085724 -0.001157273645326623 -0.022097750133870352 -0.031984512315607914 0.11488324097105115 -0.0093343296180287746 0.008177712156728887 -0.0049102899207609484 -0.0033750510123221034 0.018612407231414767 -0.0033803455498411521 -0.12251134452314612 0.026099495629952969 -0.043358391054538627 0.013072307275844595 0.0089281457315804318 -0.0036578086505328301
leaf_weight=28 687 47 319 26 1051 33 35 38 27 25 25 73 38 38 2704 27 136 25 81 28 29 30 25 566 34 26 37 30 152 201
leaf_count=28 687 47 319 26 1051 33 35 38 27 25 25 73 38 38 2704 27 136 25 81 28 29 30 25 566 34 26 37 30 152 201
internal_value=-0.000767745 -0.000790416 -0.000554285 0.00416216 -0.00134761 -0.000796864 0.0035942 -0.000630703 -0.000499883 0.00155897 -0.000110346 -0.000598963 -0.00104723 -0.000635822 -0.000345127 0.00454545 -0.00127898 0.00627451 -0.0013 -0.00119076 0.00111864 0.00278652 -0.000982961 -0.000771594 0.00156097 0.00368539 0.000507936 0.000655737 -0.00108261 -3.38993e-05
internal_weight=6621 6593 4632 73 1961 1274 68 4559 4240 194 144 4046 1206 4019 2769 65 1250 50 119 1168 117 88 1114 1041 122 88 62 60 919 353
internal_count=6621 6593 4632 73 1961 1274 68 4559 4240 194 144 4046 1206 4019 2769 65 1250 50 119 1168 117 88 1114 1041 122 88 62 60 919 353
is_linear=0
shrinkage=0.04


Tree=180
num_leaves=31
num_cat=0
split_feature=10 7 10 0 8 10 4 12 15 19 7 7 2 11 8 7 8 3 8 7 0 7 14 14 20 14 7 18 14 4
split_gain=0.554371 0.704976 0.696636 0.664082 0.677216 0.710211 0.548379 0.504427 1.21105 1.40454 1.20189 0.705947 0.692943 0.576667 0.714696 0.781361 0.966272 0.659494 0.554711 0.760334 1.0269 0.777403 0.77794 1.76602 0.501944 0.865224 0.985566 1.08645 1.29858 1.40154
threshold=22.450000000000003 7.2791666666666677 14.950000000000001 6.8500000000000005 7.6500000000000012 7.6500000000000012 13.050000000000002 70.500000000000014 1.0000000180025095e-35 -0.60785761079279388 1.5145833333333336 5.0645833333333341 0.65000000000000002 5.4500000000000011 7.3500000000000005 6.5979166666666673 3.8500000000000001 0.8500000000000002 4.0500000000000007 4.4229166666666675 4.2500000000000009 4.0187500000000007 168.50000000000003 144.50000000000003 1.0000000180025095e-35 164.50000000000003 3.1895833333333337 0.60355339059327384 37.500000000000007 6.0500000000000007
decision_type=2 2 2 2 2 2 2 2 2 2 2 2 2 2 2 2 2 2 2 2 2 2 2 2 2 2 2 2 2 2
left_child=2 -2 3 6 5 -5 7 8 10 -10 -1 -11 -9 14 15 17 -17 -14 -19 21 -21 22 23 -20 25 26 -12 28 -28 -30
right_child=1 -3 -4 4 -6 -7 -8 12 9 11 24 -13 13 -15 -16 16 -18 18 19 20 -22 -23 -24 -25 -26 -27 27 -29 29 -31
leaf_value=0.010413130191944455 -0.0067956858329478089 0.010416527523754352 -0.0086179410050903644 -0.0016998211997807486 -0.00020990126547083964 0.02167174248959319 -0.038886656975647423 0.0057675194359449291 0.042330695402061129 -0.024553124775019142 -0.043834374180459927 0.034471340370083384 0.0083666905534888862 -0.018273773495230846 0.076237623791061512 0.11255198081054264 -0.0014430944658698297 -0.010833172950272186 -0.013059214788256975 0.024824249832824229 -0.015007163132141623 0.057611011525392518 -0.01545315558898093 0.032731947973169771 -0.0024695757673547638 -0.0035074148076363961 -0.0037762966320697674 0.00074825088335408931 0.00096644361438163963 0.11229328213575757
leaf_weight=37 29 31 455 40 2276 65 219 32 27 26 69 25 42 397 30 39 97 707 57 34 157 32 81 29 715 610 42 163 55 56
leaf_count=37 29 31 455 40 2276 65 219 32 27 26 69 25 42 397 30 39 97 707 57 34 157 32 81 29 715 610 42 163 55 56
internal_value=-0.000517754 0.00327869 -0.000552684 -0.00044091 8.22828e-05 0.00320755 -0.000770575 -0.000650563 -0.0001862 0.00465823 -0.000405035 0.000692307 -0.00113891 -0.00124956 -0.000842267 -0.000987462 0.00186861 -0.00132983 -0.00151913 -0.000306906 -0.00210417 0.00142 0.000309523 0.00294253 -0.000561076 2.00794e-05 0.00150259 0.00244795 0.00485714 0.00710714
internal_weight=6674 60 6614 6159 2381 105 3778 3559 1825 78 1747 51 1734 1702 1305 1275 136 1139 1097 390 191 199 167 86 1710 995 385 316 153 111
internal_count=6674 60 6614 6159 2381 105 3778 3559 1825 78 1747 51 1734 1702 1305 1275 136 1139 1097 390 191 199 167 86 1710 995 385 316 153 111
is_linear=0
shrinkage=0.04


Tree=181
num_leaves=31
num_cat=0
split_feature=10 7 12 7 5 20 14 5 16 10 6 1 11 5 11 9 11 6 6 3 12 19 8 6 6 3 16 14 3 7
split_gain=0.550884 0.704976 0.510502 0.605223 0.507068 0.494083 0.688577 1.45605 0.821596 0.694877 1.20628 2.49977 1.61654 1.46116 1.25232 1.63625 0.744171 0.92824 0.54829 0.471982 0.886747 0.621035 0.493835 0.657459 1.14266 1.07724 1.25894 0.466927 0.560861 1.45656
threshold=22.450000000000003 7.2791666666666677 74.500000000000014 1.5145833333333336 1.9500000000000002 1.0000000180025095e-35 284.50000000000006 2.7500000000000004 367.50000000000006 11.950000000000001 9.8583333333333325 14.850000000000003 20.150000000000002 11.050000000000002 4.8500000000000005 65.500000000000014 0.25000000000000006 4.008333333333332 2.4499999999999962 1.2500000000000002 87.500000000000014 -0.60785761079279388 3.3500000000000001 3.174999999999998 2.6333333333333298 2.0500000000000003 37.500000000000007 187.50000000000003 8.0500000000000025 6.4666666666666677
decision_type=2 2 2 2 2 2 2 2 2 2 2 2 2 2 2 2 2 2 2 2 2 2 2 2 2 2 2 2 2 2
left_child=2 -2 3 -1 -5 27 8 -8 9 10 14 12 13 -12 15 -7 -17 -18 -16 20 21 -4 -21 24 -24 -26 -27 28 29 -6
right_child=1 -3 19 4 5 6 7 -9 -10 -11 11 -13 -14 -15 18 16 17 -19 -20 22 -22 -23 23 -25 25 26 -28 -29 -30 -31
leaf_value=0.0069328370391345488 -0.0065238583996298852 0.009999866422804201 0.0053937770375914055 -0.0038655463342618097 0.00055763657694470861 0.011614242146100209 0.007770250905231155 0.00016975163438312117 -0.035057218198233986 -0.016725779079130393 0.0056171238848880733 -0.029005867464330998 0.00013059450657315372 0.052866449656432314 0.0029702799879068611 -0.017365534631550068 -0.0023124403349378728 0.024603940237816996 -0.030975237746436669 -0.015216114026869678 0.01076654830292424 -0.015366143627001406 -0.018107704283222701 -0.0026827906440381284 -0.020934244115250987 0.0049832758922683865 0.19911573436705465 -0.00080871875609887843 -0.00092073413900541036 0.011895793675992828
leaf_weight=42 29 31 36 446 424 25 34 278 492 205 25 49 27 25 28 51 27 39 237 639 32 67 55 1721 29 26 25 917 427 186
leaf_count=42 29 31 36 446 424 25 34 278 492 205 25 49 27 25 28 51 27 39 237 639 32 67 55 1721 29 26 25 917 427 186
internal_value=-0.000505769 0.00327869 -0.000540591 -0.000254957 -0.000306367 -0.000144124 -0.000679197 0.000996804 -0.00110479 -0.000259812 0.000501872 0.00390551 0.00835897 0.012549 -0.000558824 0.00246154 0.000440677 0.00322388 -0.00218045 -0.000973015 0.00132353 -0.000500001 -0.00109776 -0.000766829 0.00191176 0.00493827 0.00838461 0.00027826 0.000859344 0.00163666
internal_weight=6674 60 6614 3984 3942 3496 1542 312 1230 738 533 126 77 50 407 142 117 66 265 2630 135 103 2495 1856 135 80 51 1954 1037 610
internal_count=6674 60 6614 3984 3942 3496 1542 312 1230 738 533 126 77 50 407 142 117 66 265 2630 135 103 2495 1856 135 80 51 1954 1037 610
is_linear=0
shrinkage=0.04


Tree=182
num_leaves=31
num_cat=0
split_feature=10 7 10 12 4 17 1 14 6 9 12 17 7 20 14 4 7 14 6 11 16 0 7 16 7 4 17 4 4 14
split_gain=0.75024 0.593063 0.580889 0.457242 0.744953 0.805913 0.585239 0.581451 0.554528 1.32693 1.02713 0.921968 0.833824 0.638894 0.942757 0.692472 1.00054 0.9901 0.562414 1.20175 1.43041 1.86075 0.60495 0.777299 1.20739 0.859068 0.557955 0.644488 0.691033 1.27312
threshold=22.450000000000003 7.2354166666666684 15.15 70.500000000000014 1.0500000000000003 -1.0000000180025095e-35 1.5500000000000003 207.50000000000003 2.5499999999999989 69.500000000000014 50.500000000000007 -0.37940952255126065 3.589583333333334 1.0000000180025095e-35 300.50000000000006 4.7500000000000009 4.3104166666666677 266.50000000000006 8.3583333333333325 14.950000000000001 247.50000000000003 12.950000000000001 7.8604166666666675 902.50000000000011 5.2812500000000009 4.4500000000000011 0.98296291314453421 6.4500000000000011 7.4500000000000011 173.50000000000003
decision_type=2 2 2 2 2 2 2 2 2 2 2 2 2 2 2 2 2 2 2 2 2 2 2 2 2 2 2 2 2 2
left_child=2 -2 3 4 5 -1 -6 -7 9 10 -8 12 -11 14 15 17 -17 -10 22 20 21 -20 23 -15 25 -25 27 -18 29 -29
right_child=1 -3 -4 -5 6 7 8 -9 13 11 -12 -13 -14 18 -16 16 26 -19 19 -21 -22 -23 -24 24 -26 -27 -28 28 -30 -31
leaf_value=-0.050813864855459398 -0.023384582032294626 0.0084630236083891829 -0.008253595936276335 -0.0027269427453855918 -0.023792670351521942 0.013939536204312507 0.0025803885909840485 0.010148468458388189 -0.003401149697307434 -0.0016122923835754862 0.00096878853124053273 -0.047354124589786446 0.023040808203326844 -0.0041783765223555938 -0.009229010092236558 0.039956680110779519 -0.0022449331538021661 0.0037992003025405507 0.050686211344235885 -0.0032786376632464817 -0.18578841876006547 -0.00077454155559410643 -0.040646023189504742 0.0036212249271697357 -0.019158869786858726 0.044909031273651416 0.01720828553685157 0.067445669350265233 0.0011480068621559317 -0.024449855841049681
leaf_weight=33 25 35 429 2745 277 31 25 27 302 40 27 98 27 373 241 28 190 61 36 407 33 30 190 29 79 25 36 69 690 36
leaf_count=33 25 35 429 2745 277 31 25 27 302 40 27 98 27 373 241 28 190 61 36 407 33 30 190 29 79 25 36 69 690 36
internal_value=-0.000481799 0.00393443 -0.00052245 -0.000423538 -0.000116246 0.00343478 -0.000213732 0.00623729 -5.46707e-05 0.00188991 0.00739623 0.000120481 0.00370588 -0.000203082 0.000307133 0.000702051 0.00122286 -0.000802199 -0.000904407 0.000110453 0.00404 0.00740298 -0.00164132 -0.000915188 0.00170149 0.00625454 0.0010137 0.000831642 0.00133166 0.00433962
internal_weight=6674 60 6614 6185 3440 91 3349 58 3072 217 52 165 67 2855 1653 1412 1049 363 1202 506 99 66 696 506 133 54 1021 985 795 105
internal_count=6674 60 6614 6185 3440 91 3349 58 3072 217 52 165 67 2855 1653 1412 1049 363 1202 506 99 66 696 506 133 54 1021 985 795 105
is_linear=0
shrinkage=0.04


Tree=183
num_leaves=31
num_cat=0
split_feature=5 7 10 11 16 12 12 16 16 8 0 16 3 3 5 12 9 3 9 20 11 7 9 10 7 17 4 6 4 10
split_gain=0.451809 0.761137 1.53288 0.856438 0.572479 0.47895 0.759461 1.07536 0.579218 0.530102 0.54429 1.34344 0.794706 0.660007 0.912705 1.066 0.551107 0.794208 1.2477 0.545882 0.753033 1.73019 0.915105 1.54681 1.56297 1.2843 1.10743 0.730518 0.756893 0.879027
threshold=2.1500000000000008 1.8437500000000002 3.1500000000000008 2.0500000000000003 87.500000000000014 37.500000000000007 32.500000000000007 1987.5000000000002 1207.5000000000002 18.850000000000005 11.250000000000002 672.50000000000011 9.3500000000000032 6.0500000000000007 7.3500000000000005 66.500000000000014 55.500000000000007 13.15 41.500000000000007 -0.22252093395631442 5.2500000000000009 11.058333333333335 62.500000000000007 12.750000000000002 3.8770833333333337 -0.5 2.2500000000000004 9.7083333333333339 1.4500000000000002 4.7500000000000009
decision_type=2 2 2 2 2 2 2 2 2 2 2 2 2 2 2 2 2 2 2 2 2 2 2 2 2 2 2 2 2 2
left_child=1 2 -1 -4 -3 6 -2 -8 9 10 19 12 13 -12 -15 -16 17 -14 -19 27 21 22 23 24 26 -26 -21 28 -7 -30
right_child=5 4 3 -5 -6 8 7 -9 -10 -11 11 -13 16 14 15 -17 -18 18 -20 20 -22 -23 -24 -25 25 -27 -28 -29 29 -31
leaf_value=-0.032561678811229594 -0.00052080671824360875 -0.030461567133011389 0.016597845813237998 0.0056426311737255239 -0.0024216595914148811 -0.026431206661669752 0.0021102226229673384 0.030013721653783219 -0.028291942409087875 -0.017417813732205099 -0.0045012671536731998 0.054137407207629835 -0.016285335268368579 -0.0037387450688013621 0.19234380069276669 0.0036383978326410787 -0.0022686029447910954 -0.052892300434865654 0.012527298160691867 0.023016497733048192 -0.011186744268716809 0.0067694770527959381 -0.0023702228927317609 -0.013394606949018655 0.030806743943861497 -0.010145968825798437 0.13132553540384456 -0.022128070013331742 0.0061241745337966644 -0.00014060314531488
leaf_weight=41 772 326 25 34 525 125 236 25 154 309 83 56 90 46 28 51 211 30 47 46 862 30 747 112 26 95 42 135 343 1022
leaf_count=41 772 326 25 34 525 125 236 25 154 309 83 56 90 46 28 51 211 30 47 46 862 30 747 112 26 95 42 135 343 1022
internal_value=-0.000499776 -0.00130672 0.0019802 0.00606667 -0.00169484 -0.00036548 0.000413926 0.00227481 -0.0005372 -0.000454927 -0.000337749 0.000734058 0.000163542 0.00214354 0.00396825 0.00655 -0.000928761 0.000785713 0.00374359 -0.000529839 -0.000979093 -0.000283895 -0.00055379 0.00122981 0.00325714 0.000295081 0.0072809 1.22992e-05 0.000268275 0.000541727
internal_weight=6674 951 100 59 851 5723 1033 261 4690 4536 4227 642 586 208 125 79 378 167 77 3585 1960 1098 1068 321 209 121 88 1625 1490 1365
internal_count=6674 951 100 59 851 5723 1033 261 4690 4536 4227 642 586 208 125 79 378 167 77 3585 1960 1098 1068 321 209 121 88 1625 1490 1365
is_linear=0
shrinkage=0.04


Tree=184
num_leaves=31
num_cat=0
split_feature=10 5 5 11 15 10 19 16 19 14 7 16 18 9 16 17 4 12 13 5 12 10 13 0 3 7 3 11 1 0
split_gain=0.559623 0.488495 0.731729 0.833295 0.69634 0.927547 1.54218 1.6279 0.806376 1.34236 0.808286 0.627049 0.664686 0.955628 1.03764 0.678377 1.08673 1.52047 1.46587 0.706186 1.22133 1.19072 0.731834 0.690253 0.929201 1.32935 1.8743 0.7838 0.661765 0.658616
threshold=22.450000000000003 13.850000000000003 10.350000000000003 -2.0499999999999994 0.25000000000000006 9.2500000000000018 1.0000000180025095e-35 32.500000000000007 -0.8783796973249266 173.50000000000003 15.193750000000003 147.50000000000003 -0.12940952255126037 87.500000000000014 167.50000000000003 -1.0000000180025095e-35 2.2500000000000004 72.500000000000014 9.1500000000000004 6.0500000000000007 62.500000000000007 0.8500000000000002 10.65 7.9500000000000011 16.650000000000002 10.664583333333335 13.950000000000001 -3.3499999999999992 4.3500000000000005 5.5500000000000007
decision_type=2 2 2 2 2 2 2 2 2 2 2 2 2 2 2 2 2 2 2 2 2 2 2 2 2 2 2 2 2 2
left_child=1 2 11 -4 5 8 -7 -8 9 -5 -10 -1 13 14 -13 23 17 18 -17 21 22 -18 -21 27 25 -25 -27 -14 -22 -24
right_child=-2 -3 3 4 -6 6 7 -9 10 -11 -12 12 15 -15 -16 16 19 -19 -20 20 28 -23 29 24 -26 26 -28 -29 -30 -31
leaf_value=-0.0030085335981832433 0.0062884749084077549 -0.0036110037643794363 0.01262218147453485 0.13514401357466144 0.0045480372747061662 -0.00057311337714409296 0.048752593911021692 0.0019186203813662784 -0.030257323322672423 -0.018928706860304369 0.24419772633742765 0.0021776390974814733 0.0034574212777425811 0.030871733331341869 -0.0004018527134437693 0.012537934930949818 0.0072578756900739351 -0.0086127507782558024 0.00061683613457251107 -0.002950446886100641 0.14128444286703976 -0.023012331940304036 -0.037753002887095884 -0.0058123042038149345 -0.19418289161557989 0.068124333847477112 -0.024797054807179697 -0.008009945103466462 0.00090209720517802716 0.0075372269239312832
leaf_weight=2891 60 760 27 29 25 110 27 44 323 29 33 31 25 78 449 33 55 31 29 93 25 247 26 82 43 34 26 958 25 26
leaf_count=2891 60 760 27 29 25 110 27 44 323 29 33 31 25 78 449 33 55 31 29 93 25 247 26 82 43 34 26 958 25 26
internal_value=-0.000535731 -0.000570825 -0.000446799 0.000820987 0.000515297 0.000234898 0.00261538 0.00716667 -0.00080964 0.00352542 -0.00152381 -0.000604456 -0.000113941 0.00108766 0.000415799 -0.000495737 0.000609136 0.00455319 0.00812698 -0.000136547 0.00173469 -0.00134654 -0.000136987 -0.00105389 0.00118279 0.00274126 0.00721311 -0.00147561 0.00705882 0.00362264
internal_weight=6674 6614 5854 647 620 595 181 71 414 58 356 5207 2316 558 480 1758 590 93 62 497 195 302 145 1168 185 142 60 983 50 52
internal_count=6674 6614 5854 647 620 595 181 71 414 58 356 5207 2316 558 480 1758 590 93 62 497 195 302 145 1168 185 142 60 983 50 52
is_linear=0
shrinkage=0.04


Tree=185
num_leaves=31
num_cat=0
split_feature=7 10 19 20 14 7 3 14 8 0 8 4 5 5 14 0 10 9 5 12 10 15 8 5 12 14 10 8 7 10
split_gain=0.737962 0.579418 0.631627 0.452743 0.897726 1.61295 0.82291 1.78674 0.830099 0.760232 0.723178 0.708823 0.706075 0.829145 1.46552 1.34836 0.87859 0.894995 1.44376 0.85651 0.95078 1.11383 0.765682 0.744835 0.903496 0.670661 0.811183 0.803188 0.62885 1.06218
threshold=1.1729166666666668 22.450000000000003 1.0000000180025095e-35 -0.22252093395631442 284.50000000000006 2.5104166666666674 9.2500000000000018 301.50000000000006 2.3500000000000001 10.850000000000003 3.6500000000000008 14.250000000000002 14.15 10.450000000000001 86.500000000000014 5.0500000000000007 0.95000000000000007 69.500000000000014 1.1500000000000001 73.500000000000014 6.4500000000000011 1.0000000180025095e-35 9.5500000000000025 4.7500000000000009 52.500000000000007 294.50000000000006 1.7500000000000002 7.8500000000000005 4.7770833333333345 17.450000000000003
decision_type=2 2 2 2 2 2 2 2 2 2 2 2 2 2 2 2 2 2 2 2 2 2 2 2 2 2 2 2 2 2
left_child=-1 3 -3 10 -5 -6 8 -8 -7 -9 -2 -11 13 16 -15 -16 -12 28 -19 23 21 -21 -22 -20 25 26 -25 -28 -18 -30
right_child=1 2 -4 4 5 6 7 9 -10 11 12 -13 -14 14 15 -17 17 18 19 20 22 -23 -24 24 -26 -27 27 -29 29 -31
leaf_value=0.010868495510188569 -0.0072634491314164168 0.013702757948150892 -0.013909141137027892 -0.0031603893990605142 0.0090558769941601822 0.0026040857432104154 0.035149770018028242 -0.041132092476768634 -0.0074230092871915235 -0.0015208780011433157 -0.025940990107897403 0.36004996351265189 -0.010067464313324132 0.26649733021786554 0.053649174614947705 0.00058365778920819761 -0.020983134670279065 0.0059907293244661599 -0.0082347578012801834 0.22331237290111272 -0.021573216882550081 0.0055966874659882119 0.010840452200159292 0.088072694381037792 -0.00059336870483636629 -0.0046932306074693618 0.0050459023471452714 -0.0017403064388743358 -0.00058311236327696504 0.03723822018244935
leaf_weight=28 760 32 28 3214 33 38 32 56 272 37 203 31 196 25 25 187 268 27 188 30 48 32 33 26 102 25 42 59 537 31
leaf_count=28 760 32 28 3214 33 38 32 56 272 37 203 31 196 25 25 187 268 27 188 30 48 32 33 26 102 25 42 59 537 31
internal_value=-0.000574783 -0.0006026 0.00327869 -0.00063861 -0.000929457 0.000647999 3.42603e-05 0.0023949 -0.00115756 0.000191999 -0.0002587 0.00301449 0.000126618 0.000364213 0.00257143 0.00146479 4.60039e-05 0.000391994 0.00155302 0.00112628 0.00380555 0.00749206 0.000926828 0.000252821 0.00166274 0.00360784 0.00478125 0.00309804 -0.000458782 0.000295254
internal_weight=6645 6617 60 6557 3713 499 466 156 310 124 2844 68 2084 1888 237 212 1651 1448 612 585 143 62 81 442 254 152 127 101 836 568
internal_count=6645 6617 60 6557 3713 499 466 156 310 124 2844 68 2084 1888 237 212 1651 1448 612 585 143 62 81 442 254 152 127 101 836 568
is_linear=0
shrinkage=0.04


Tree=186
num_leaves=31
num_cat=0
split_feature=20 17 5 14 14 3 9 5 7 7 16 12 16 12 18 14 14 15 9 16 12 5 8 7 8 12 14 5 11 7
split_gain=0.43056 0.819928 1.18414 1.7322 1.18554 0.775319 0.849071 0.717675 0.922572 1.07881 1.29933 0.7727 0.795083 0.939202 0.814381 0.81411 1.32205 0.730432 0.707174 0.913556 1.7862 1.01861 2.21128 0.685225 1.17435 0.764905 0.682891 1.50848 2.92089 0.810219
threshold=-0.22252093395631442 -0.25881904510252113 1.1500000000000001 185.50000000000003 53.500000000000007 4.5500000000000007 100.50000000000001 11.450000000000001 6.3875000000000011 6.7104166666666671 67.500000000000014 89.500000000000014 582.50000000000011 33.500000000000007 -0.70710678118654757 187.50000000000003 168.50000000000003 1.0000000180025095e-35 54.500000000000007 272.50000000000006 54.500000000000007 4.4500000000000011 4.7500000000000009 6.0333333333333341 6.1500000000000012 42.500000000000007 197.50000000000003 6.0500000000000007 5.2500000000000009 2.9354166666666672
decision_type=2 2 2 2 2 2 2 2 2 2 2 2 2 2 2 2 2 2 2 2 2 2 2 2 2 2 2 2 2 2
left_child=1 5 3 -3 -4 -1 18 8 26 10 -10 12 14 -14 15 16 -11 -16 -7 20 -20 22 -22 -21 25 -25 29 -28 -29 -6
right_child=-2 2 4 -5 7 6 -8 -9 9 11 -12 -13 13 -15 17 -17 -18 -19 19 23 21 -23 -24 24 -26 -27 27 28 -30 -31
leaf_value=-0.029862011511532897 -0.0022428949648447848 -0.031879416800676283 0.053612393407897446 0.0068594389724485902 0.0015123953836728291 -0.072962853295386265 -0.04065365725943007 -0.011914023768680582 0.070315566446530905 -0.0039528314575707855 -0.0069913671176242134 0.010530567479117634 -0.0082587145196496795 0.033672021555356271 -0.0099133617480291879 -0.03525255121070061 0.17188960284050403 0.0018151327994060241 0.18734136931625692 -0.025407289804597302 -0.0068920182387244679 -0.010880637411868123 0.068509881245945106 0.18068313623820845 -0.0085442577680253911 -0.00086065957696043456 -0.001289912144472328 0.26665897485069573 -0.044994737642676259 -0.020211603107807341
leaf_weight=399 3761 25 57 36 123 88 142 249 44 25 26 50 26 29 194 46 27 30 42 106 46 104 48 27 180 25 179 38 39 434
leaf_count=399 3761 25 57 36 123 88 142 249 44 25 26 50 26 29 194 46 27 30 42 106 46 104 48 27 180 25 179 38 39 434
internal_value=-0.000622932 -0.000255114 0.000317043 0.00574193 0.000108843 -0.00104967 -0.000336219 -0.000100001 0.000274599 0.00163052 0.00619718 0.000869158 0.000243385 0.00464286 -0.000520125 0.00250505 0.00588679 -0.00184889 0.000263867 0.000773747 0.0026556 0.00104523 0.0040421 -0.000566373 0.00065236 0.00588679 -0.000555284 0.00115175 0.00579487 -0.0013405
internal_weight=6645 2884 1677 61 1616 1207 808 1559 1310 497 70 427 377 55 322 98 52 224 666 578 240 198 94 338 232 52 813 256 77 557
internal_count=6645 2884 1677 61 1616 1207 808 1559 1310 497 70 427 377 55 322 98 52 224 666 578 240 198 94 338 232 52 813 256 77 557
is_linear=0
shrinkage=0.04


Tree=187
num_leaves=31
num_cat=0
split_feature=7 17 12 7 7 14 0 0 7 7 4 12 11 19 1 7 7 11 17 5 2 5 4 12 16 13 0 8 19 11
split_gain=0.403115 1.58448 0.886931 0.407907 0.653264 0.647007 0.380692 0.761286 0.377343 0.879291 0.361539 0.672966 0.921846 0.949807 1.57946 1.01413 0.853887 1.07678 0.850367 0.981583 0.807059 0.715689 0.682881 0.625931 1.17895 0.453378 0.404093 0.467142 0.403215 1.53329
threshold=1.7562500000000003 -1.0000000180025095e-35 69.500000000000014 2.1229166666666672 2.2354166666666671 179.50000000000003 47.20000000000001 39.250000000000007 19.902083333333334 17.375000000000004 13.550000000000002 37.500000000000007 10.550000000000002 0.6078576107927941 3.4500000000000006 10.135416666666668 6.4312500000000012 29.750000000000004 0.25881904510252091 5.1500000000000012 3.3500000000000001 0.75000000000000011 4.6500000000000012 30.500000000000004 1337.5000000000002 3.9500000000000006 7.1500000000000012 8.5500000000000025 1.0000000180025095e-35 2.4500000000000006
decision_type=2 2 2 2 2 2 2 2 2 2 2 2 2 2 2 2 2 2 2 2 2 2 2 2 2 2 2 2 2 2
left_child=1 -1 -3 -2 5 -5 7 8 9 10 11 12 -6 20 16 18 17 -15 -16 -20 -14 22 -13 -22 25 -25 -12 -28 -23 -30
right_child=3 2 -4 4 6 -7 -8 -9 -10 -11 26 21 13 14 15 -17 -18 -19 19 -21 23 28 -24 24 -26 -27 27 -29 29 -31
leaf_value=-0.031152271042069534 -0.012167412699993952 0.012022305493069419 0.003449840250956457 -0.0039769409477466442 0.024923283952759778 0.0093072918384296127 -0.15643969647929382 0.10027356824367674 -0.033052888442850058 0.37297189997068436 -0.031424203584002719 -0.0017108823814279874 -0.083309393904524576 0.034539815338626545 -0.019400812537021743 0.069083969814796725 6.9022124876832556e-06 0.0048904272077512165 0.0059321999935643731 -0.02623459485479995 -0.0033275399236426017 -0.0013575159530431397 0.0089175771243892241 0.0032076759059622394 0.020600414330067252 -0.044863932652638536 0.0040123254273970324 -0.0035200487338861376 0.00055879365062829931 -0.011134434371547054
leaf_weight=51 158 34 45 27 49 31 57 28 152 38 211 25 194 33 106 48 27 28 26 29 222 2521 25 47 44 56 46 307 673 1307
leaf_count=51 158 34 45 27 49 31 57 28 152 38 211 25 194 33 106 48 27 28 26 29 222 2521 25 47 44 56 46 307 673 1307
internal_value=-0.000671081 0.00152672 0.00505 -0.000715164 -0.00066499 0.00352542 -0.000704128 -0.000674036 -0.000704104 -0.000654462 -0.000693113 -0.000593299 0.000399999 9.29143e-05 0.00191946 1.90467e-05 0.00638202 0.00896774 -0.00150617 0.0025 -0.000872341 -0.000791741 0.00392157 0.000227026 0.00224324 -0.000115386 -0.00165664 -0.00082486 -0.000844959 -0.00127209
internal_weight=6645 130 79 6515 6357 58 6299 6242 6214 6062 6024 5460 909 860 297 209 88 61 161 55 563 4551 50 369 147 103 564 353 4501 1980
internal_count=6645 130 79 6515 6357 58 6299 6242 6214 6062 6024 5460 909 860 297 209 88 61 161 55 563 4551 50 369 147 103 564 353 4501 1980
is_linear=0
shrinkage=0.04


Tree=188
num_leaves=31
num_cat=0
split_feature=7 5 11 11 17 11 3 12 14 7 0 17 8 2 5 19 19 4 17 6 11 7 2 10 10 7 3 12 7 4
split_gain=0.471502 0.302439 1.70965 1.27585 0.637827 0.715889 1.58788 1.68592 0.722266 0.608834 0.61855 0.580362 0.8198 0.569984 0.562525 0.621858 0.870832 1.51931 0.607108 0.528886 0.510993 0.706985 0.653147 0.478061 0.873217 0.859419 0.948589 0.713347 0.686648 1.1058
threshold=1.1729166666666668 9.4500000000000011 -2.0499999999999994 -5.8499999999999988 1.0000000180025095e-35 14.250000000000002 7.5500000000000007 46.500000000000007 346.50000000000006 8.1979166666666696 10.15 0.60355339059327384 8.9500000000000011 13.850000000000003 12.850000000000003 -0.60785761079279388 -0.8783796973249266 9.1500000000000004 0.98296291314453421 3.1999999999999971 17.850000000000005 8.5250000000000021 16.850000000000005 3.0500000000000003 2.9500000000000006 1.7562500000000003 4.5500000000000007 40.500000000000007 2.1229166666666672 2.3500000000000001
decision_type=2 2 2 2 2 2 2 2 2 2 2 2 2 2 2 2 2 2 2 2 2 2 2 2 2 2 2 2 2 2
left_child=-1 9 3 -3 5 -4 7 -7 20 13 11 -11 -13 23 18 16 -16 -18 19 -6 22 -22 -8 24 28 -25 -27 -28 -2 -30
right_child=1 2 4 -5 14 6 8 -9 -10 10 -12 12 -14 -15 15 -17 17 -19 -20 -21 21 -23 -24 25 -26 26 27 -29 29 -31
leaf_value=0.0099975158811656112 -0.028337178097697119 -0.0015434879196394133 -0.015201674278395146 0.013238915449859872 0.019741218544693989 0.0031624945716621907 -0.0010011810669129668 0.15355669331541916 0.37620917869580878 -0.023902284261672842 -0.0014924644583025513 0.0033221951326899515 -0.0051417329679689632 0.072753217143312385 -0.054760978771556036 -0.032385878277898995 -0.10565611424543406 0.0068003851694950603 0.026831161390494036 -0.0017952959917511286 0.047218626378704956 -0.030606641453822813 0.030447799049314685 0.005526983493437037 0.026414794495802477 -0.0064081011515311126 0.0029793391860330372 -0.00079042303199207886 0.0043096474853890569 -0.00061474290455832846
leaf_weight=28 69 34 178 46 34 46 43 35 26 418 377 28 41 39 69 375 25 37 36 377 32 282 27 62 29 1656 81 1263 65 787
leaf_count=28 69 34 178 46 34 46 43 35 26 418 377 28 41 39 69 375 25 37 36 377 32 282 27 62 29 1656 81 1263 65 787
internal_value=-0.0006771 -0.000699306 -0.000239578 0.0054321 -0.00052249 0.00042388 0.00121138 0.00629268 0.000194646 -0.000858422 -0.00182197 -0.0027623 0.00062857 -0.000652518 -0.00118658 -0.00209862 0.000272726 0.00368254 -0.000151787 -0.000592234 -0.000249352 -0.000939683 0.0028169 -0.000699727 8.4121e-05 -0.000942867 -0.00103965 -0.000249815 -0.000134491 0.000178194
internal_weight=6645 6617 1702 80 1622 669 491 81 410 4915 864 487 69 4051 953 506 131 62 447 411 384 314 70 4012 950 3062 3000 1344 921 852
internal_count=6645 6617 1702 80 1622 669 491 81 410 4915 864 487 69 4051 953 506 131 62 447 411 384 314 70 4012 950 3062 3000 1344 921 852
is_linear=0
shrinkage=0.04


Tree=189
num_leaves=31
num_cat=0
split_feature=7 9 4 4 4 9 10 7 19 7 7 7 11 7 4 11 0 3 8 4 4 12 13 5 9 20 13 10 13 17
split_gain=0.482669 0.320596 0.292997 0.616464 0.339771 0.528506 0.953165 1.15822 1.64594 1.14501 0.992618 1.82114 0.775704 0.950215 2.91382 0.732215 1.34236 0.724995 0.724264 0.781835 1.10785 0.711441 0.861926 0.612906 0.690054 0.817417 0.590994 0.735801 0.529595 0.506065
threshold=1.1729166666666668 34.500000000000007 50.45000000000001 39.250000000000007 13.050000000000002 105.50000000000001 3.3500000000000001 10.664583333333335 1.0000000180025095e-35 1.7562500000000003 2.1229166666666672 2.5104166666666674 11.450000000000001 4.4645833333333345 5.4500000000000011 25.950000000000003 5.5500000000000007 4.5500000000000007 2.0500000000000003 3.4500000000000006 2.8500000000000001 80.500000000000014 3.2500000000000004 9.3500000000000032 81.500000000000014 1.0000000180025095e-35 0.65000000000000002 19.250000000000004 17.050000000000004 -0.25881904510252113
decision_type=2 2 2 2 2 2 2 2 2 2 2 2 2 2 2 2 2 2 2 2 2 2 2 2 2 2 2 2 2 2
left_child=-1 -2 3 4 5 6 7 10 -9 -8 -3 -12 13 14 18 17 -17 21 -13 20 -20 -11 29 28 -25 -26 27 -19 -14 -23
right_child=1 2 -4 -5 -6 -7 9 8 -10 15 11 12 23 -15 -16 16 -18 26 19 -21 -22 22 -24 24 25 -27 -28 -29 -30 -31
leaf_value=0.0095976152459189886 -0.045843845486333211 -0.027320854794508322 -0.099398091877497582 0.067812200917385393 -0.0042592317776158342 -0.014313130698150415 0.008718149612563288 0.036809531086365165 -0.0036985068181636959 -0.0083640117874272685 0.023309530814021845 -0.066339902058157679 -0.0033618665332762971 -0.0011893938458489451 0.044311048038613257 -0.013081599502342261 0.033513060790203414 -0.028313733029168914 -0.00054044214547006473 -0.00084873016930304328 0.24851596027426873 -0.018641717501345221 -0.013362665605271421 -0.0050302368985590661 0.12865968050692123 -0.01114096452054038 -0.00058747897260039226 0.013049529881290005 0.11451852907287685 0.0047970156588970081
leaf_weight=28 72 85 45 38 803 269 53 28 27 1062 40 40 542 159 25 29 29 189 32 47 30 129 297 39 33 30 2092 25 37 291
leaf_count=28 72 85 45 38 803 269 53 28 27 1062 40 40 542 159 25 29 29 189 32 47 30 129 297 39 33 30 2092 25 37 291
internal_value=-0.000737287 -0.000759747 -0.000730218 -0.000707584 -0.000737739 -0.00062827 -0.000541644 0.000455229 0.00607143 -0.000825352 0.000178946 0.000515639 0.00018128 0.00176048 0.00379428 -0.00090058 0.00352542 -0.000964269 0.00162667 0.00330909 0.00622222 -0.00157079 -0.000596101 -0.000592376 0.00225243 0.0048125 -0.000495883 -0.00249302 -0.00109655 0.00057007
internal_weight=6645 6617 6545 6500 6462 5659 5390 1194 55 4196 1139 1054 1014 333 174 4143 58 4085 149 109 62 1779 717 681 102 63 2306 214 579 420
internal_count=6645 6617 6545 6500 6462 5659 5390 1194 55 4196 1139 1054 1014 333 174 4143 58 4085 149 109 62 1779 717 681 102 63 2306 214 579 420
is_linear=0
shrinkage=0.04


Tree=190
num_leaves=31
num_cat=0
split_feature=18 17 12 19 13 2 0 8 14 14 4 7 0 14 11 19 14 5 13 13 11 12 17 7 8 17 3 9 11 4
split_gain=0.422679 1.25995 1.02108 2.51801 3.08364 0.863958 1.04161 0.782565 0.673861 0.999443 0.661743 0.953147 0.76124 1.04134 0.747532 0.650698 0.702614 0.779951 1.24915 0.977736 0.912698 0.798662 0.730232 0.620587 1.03862 1.38039 0.831246 0.609668 2.37207 0.889964
threshold=-0.12940952255126037 -1.0000000180025095e-35 40.500000000000007 0.6078576107927941 2.9500000000000006 26.100000000000005 15.350000000000003 17.050000000000004 62.500000000000007 37.500000000000007 1.7500000000000002 2.6937500000000005 2.9500000000000006 172.50000000000003 6.2500000000000009 -0.60785761079279388 238.50000000000003 5.1500000000000012 3.4500000000000006 3.7500000000000004 4.2500000000000009 66.500000000000014 0.25881904510252091 3.9770833333333337 3.3500000000000001 1.0000000180025095e-35 2.7500000000000004 58.500000000000007 1.0000000180025095e-35 4.2500000000000009
decision_type=2 2 2 2 2 2 2 2 2 2 2 2 2 2 2 2 2 2 2 2 2 2 2 2 2 2 2 2 2 2
left_child=2 -2 3 -1 -5 6 7 10 9 -4 11 12 13 -3 -13 -10 23 19 21 22 -21 -19 -18 24 27 -26 -27 28 -17 -29
right_child=1 5 8 4 -6 -7 -8 -9 15 -11 -12 14 -14 -15 -16 16 17 18 -20 20 -22 -23 -24 -25 25 26 -28 29 -30 -31
leaf_value=-0.0088930152403596668 -0.0098802485830581342 0.0033924636392522489 -0.0017772210696660583 -0.0011404983218502387 0.029308847202128594 0.059097667520871693 -0.033510946618596042 0.0041125997547968628 -0.0063727473097793565 0.0089504266843345032 -0.00086711652587762955 -0.028451161044420359 0.0025938629881541433 0.0090833348282931253 0.032138167764930968 0.085258895059597592 0.0055617917933267844 -0.0022239550574535642 -0.012471732826462441 0.012810234488368266 0.00098504496057875632 0.14477346457680793 -0.025290174621770922 -0.0022142893731489275 0.074578204634606432 0.017171235754414361 -0.0032611593707363436 -0.058978305286123911 -0.019431445495862572 0.054943584824294768
leaf_weight=119 1678 26 54 45 40 36 137 31 809 31 1568 53 48 27 30 28 32 35 155 35 27 29 31 1176 49 25 76 180 37 42
leaf_count=119 1678 26 54 45 40 36 137 31 809 31 1568 53 48 27 30 28 32 35 155 35 27 29 31 1176 49 25 76 180 37 42
internal_value=-0.000615248 -0.000906741 -0.000268326 0.00245854 0.00767442 -0.000216659 -0.000333161 -7.3992e-05 -0.000464237 0.00302325 -0.000187109 0.00207567 0.00466667 0.00792592 -0.00109524 -0.000572462 -0.000177733 0.00146087 1.81809e-05 0.00396825 0.00749206 0.00467692 0.000437499 -0.000527882 0.00075799 0.00344371 0.000745097 -0.000652779 0.00272727 -0.00165023
internal_weight=6689 3634 3055 204 85 1956 1920 1783 2851 85 1752 184 101 53 83 2766 1957 344 219 125 62 64 63 1613 437 150 101 287 65 222
internal_count=6689 3634 3055 204 85 1956 1920 1783 2851 85 1752 184 101 53 83 2766 1957 344 219 125 62 64 63 1613 437 150 101 287 65 222
is_linear=0
shrinkage=0.04


Tree=191
num_leaves=31
num_cat=0
split_feature=4 10 4 13 1 5 1 4 5 13 13 8 10 4 17 4 4 6 10 7 3 6 8 9 20 13 7 9 20 12
split_gain=0.368203 0.316109 0.743424 0.276855 0.708677 0.431029 2.01301 0.793831 0.544713 0.524861 0.512525 0.938984 1.15727 0.481008 0.556965 0.473945 0.394291 0.494587 0.570451 0.465228 0.532125 0.52413 1.39515 0.700508 1.32262 1.58248 1.58016 0.685846 0.696375 0.761516
threshold=0.35000000000000003 21.050000000000004 4.6500000000000012 15.550000000000002 0.55000000000000016 0.8500000000000002 3.9500000000000006 4.0500000000000007 2.2500000000000004 14.350000000000003 8.2500000000000018 3.0500000000000003 0.95000000000000007 1.5500000000000003 1.0000000180025095e-35 10.65 2.0500000000000003 1.5833333333333297 2.8500000000000001 4.4229166666666675 2.0500000000000003 4.8333333333333313 6.7500000000000009 66.500000000000014 -0.22252093395631442 3.1500000000000008 3.1395833333333334 95.500000000000014 -0.22252093395631442 56.500000000000007
decision_type=2 2 2 2 2 2 2 2 2 2 2 2 2 2 2 2 2 2 2 2 2 2 2 2 2 2 2 2 2 2
left_child=-1 3 -3 4 -2 6 7 -6 10 16 13 -12 -13 14 -7 -15 17 -10 -19 21 -21 22 23 24 -18 26 -26 28 29 -25
right_child=1 2 -4 -5 5 8 -8 -9 9 -11 11 12 -14 15 -16 -17 19 18 -20 20 -22 -23 -24 27 25 -27 -28 -29 -30 -31
leaf_value=0.006454524393511271 0.026729413219069579 -0.011091333142645026 0.017084385003175526 -0.012507084275328293 -0.026230861723079583 -0.076089989536486602 0.018952333118529098 0.0032210238798219344 0.0048372737519187907 0.01718471936568083 -0.02591206196388416 -0.031111709346259217 0.022674840112156751 -0.027343868200203101 0.01128840082008793 0.00069482749167462394 -0.0043339158982959817 0.026161838808040877 -0.014747926051680389 -0.03829880788763497 -0.0012954261163700667 -0.017054571590330175 0.15379544724080657 -0.041870583821482024 0.00071455146725420333 0.00059247548715767246 0.13700423713990481 0.011070526021331104 -0.027180036586897157 0.012876670386262728
leaf_weight=31 49 48 35 183 90 26 25 32 34 40 84 29 44 543 49 33 113 25 502 140 3796 182 44 36 31 90 47 47 182 79
leaf_count=31 49 48 35 183 90 26 25 32 34 40 84 29 44 543 49 33 113 25 502 140 3796 182 44 36 31 90 47 47 182 79
internal_value=-0.000657101 -0.00067758 0.0017619 -0.000708638 -0.000664478 -0.000701766 0.00143243 -0.000715448 -0.000752623 -0.000607164 -0.00172064 0.000329113 0.00362162 -0.00221472 0.000789473 -0.00260659 -0.000641616 -0.00164413 -0.00194697 -0.00052381 -0.000707138 0.000323943 0.00084179 0.000351437 0.00182979 0.004071 0.00820253 -0.000857972 -0.00157047 0.000862068
internal_weight=6689 6658 83 6575 6392 6343 147 122 6196 5388 808 157 73 651 75 576 5348 561 527 4787 3936 851 669 625 281 168 78 344 297 115
internal_count=6689 6658 83 6575 6392 6343 147 122 6196 5388 808 157 73 651 75 576 5348 561 527 4787 3936 851 669 625 281 168 78 344 297 115
is_linear=0
shrinkage=0.04


Tree=192
num_leaves=31
num_cat=0
split_feature=13 1 7 17 7 5 9 9 20 3 7 1 16 7 7 7 0 13 18 7 1 11 5 16 9 9 1 3 4 5
split_gain=0.322512 0.616126 0.356414 1.34853 0.408754 1.04244 0.64796 0.56426 0.492825 0.81936 0.980415 1.186 0.445084 0.426459 1.19525 0.420304 0.611987 1.17511 0.79476 0.610025 1.44814 0.609561 1.15958 0.956151 0.58251 0.73786 0.65595 0.607352 0.707804 0.568728
threshold=15.550000000000002 0.55000000000000016 1.7562500000000003 0.37940952255126054 3.1395833333333334 0.8500000000000002 50.500000000000007 81.500000000000014 -0.56174490092936669 2.1500000000000008 2.839583333333334 2.2500000000000004 1247.5000000000002 2.2354166666666671 2.1229166666666672 4.4645833333333345 6.9500000000000011 14.350000000000003 0.98296291314453421 4.3104166666666677 3.3500000000000001 -1.6499999999999997 12.050000000000002 62.500000000000007 78.500000000000014 67.500000000000014 1.7500000000000002 9.4500000000000011 10.550000000000002 2.9500000000000006
decision_type=2 2 2 2 2 2 2 2 2 2 2 2 2 2 2 2 2 2 2 2 2 2 2 2 2 2 2 2 2 2
left_child=1 -1 3 -3 6 7 -4 -6 9 -8 11 -11 13 14 -10 19 17 18 24 -7 -21 22 23 -18 25 -17 -27 -28 -29 -23
right_child=-2 2 4 -5 5 15 8 -9 12 10 -12 -13 -14 -15 -16 16 21 -19 -20 20 -22 29 -24 -25 -26 26 27 28 -30 -31
leaf_value=0.025407572686673863 -0.012051354351853338 -0.024967028807385251 0.006815529966789303 0.0087536194792793461 -0.00030931910086707545 -0.00050940091744816564 -0.01506361203961345 0.0068031682262909236 -0.034559548743702366 -0.00077622899776799139 -0.0043837543294419487 0.028774731354832363 0.0029608862671281454 -0.048978258886112284 0.0066911500636879818 -0.0073241788299402257 -0.013050121482085888 0.057050210477484313 0.0056294301412661077 0.021373385571218512 -0.0001406606866559586 0.0026052288611083845 0.014103799206398076 0.022366925353994066 -0.023308100686206333 0.0032021845107762328 -0.0019850757538560906 0.076584260992165018 -0.00075207621270153527 -0.0012869007858615697
leaf_weight=51 185 56 52 49 27 846 100 32 98 30 49 46 42 440 46 715 93 30 89 30 78 158 45 45 602 33 368 25 33 2196
leaf_count=51 185 56 52 49 27 846 100 32 98 30 49 46 42 440 46 715 93 30 89 30 78 158 45 45 602 33 368 25 33 2196
internal_value=-0.000615248 -0.000568179 -0.000603038 0.00169811 -0.000641362 -0.000510467 -0.0014292 0.00473333 -0.00169484 -8.84965e-05 0.00206349 0.00488312 -0.00227113 -0.00255727 -0.00066207 -0.000568778 -0.000732688 -0.00127637 -0.00140407 0.000192669 0.00300917 -0.000326242 0.0018913 5.7553e-05 -0.0015892 -0.00106894 0.000182608 -0.000243561 0.00352542 -0.000499364
internal_weight=6689 6504 6453 105 6348 5445 903 59 851 225 125 76 626 584 144 5386 4432 1895 1865 954 108 2537 183 138 1776 1174 459 426 58 2354
internal_count=6689 6504 6453 105 6348 5445 903 59 851 225 125 76 626 584 144 5386 4432 1895 1865 954 108 2537 183 138 1776 1174 459 426 58 2354
is_linear=0
shrinkage=0.04


Tree=193
num_leaves=31
num_cat=0
split_feature=4 16 11 14 14 4 2 4 12 14 17 4 12 11 17 3 12 4 3 5 5 12 18 5 11 7 0 8 5 10
split_gain=0.343271 0.558303 1.00686 0.503734 0.567409 1.00192 0.576692 0.547252 1.19308 1.01241 1.50142 1.1767 0.767407 0.662132 1.06989 0.754051 0.71853 0.675841 0.814615 0.619303 0.583215 1.3669 0.53311 1.48116 1.70436 1.10489 0.96619 1.46757 0.760457 0.653031
threshold=13.050000000000002 1152.5000000000002 29.450000000000003 343.50000000000006 233.50000000000003 1.0500000000000003 2.5500000000000003 8.5500000000000025 44.500000000000007 176.50000000000003 -0.25881904510252113 8.9500000000000011 34.500000000000007 16.950000000000003 -1.0000000180025095e-35 6.8500000000000005 77.500000000000014 10.750000000000002 8.8500000000000032 11.350000000000003 8.5500000000000025 78.500000000000014 -0.12940952255126037 8.7500000000000018 5.2500000000000009 10.225000000000001 2.5500000000000003 2.3500000000000001 2.8500000000000001 8.7500000000000018
decision_type=2 2 2 2 2 2 2 2 2 2 2 2 2 2 2 2 2 2 2 2 2 2 2 2 2 2 2 2 2 2
left_child=3 2 -2 4 7 6 -6 -1 9 11 -11 -9 -12 14 20 16 -16 18 -17 -13 -10 -22 26 -24 -25 -26 27 -7 -28 -30
right_child=1 -3 -4 -5 5 22 -8 8 13 10 12 19 -14 -15 15 17 -18 -19 -20 -21 21 -23 23 24 25 -27 28 -29 29 -31
leaf_value=-0.0024528678509713169 -0.0020416937183802648 -0.041629491769504534 0.27276634665752725 -0.0088806462087139531 0.014542663990968279 0.0012633834857946561 0.00045414759385488444 0.10008047166897348 -0.048170300333248102 0.13575585771986329 -0.048375538375065162 -0.010135951943927008 0.077011504321993537 -0.017582761563060705 -0.014445614761402497 0.0055072739715676675 0.043763603373568265 0.040824717829204243 -0.026851512731644753 0.029700533438182141 0.0094808459723022837 -0.039766300579794946 -0.0036422898811334366 0.20564226101877531 -0.032382151093908976 0.022904841453055508 0.0029990430805634984 0.020870418362556018 0.0016094390697324612 -0.012066507216857474
leaf_weight=3631 627 219 37 189 25 49 28 29 190 26 27 134 29 105 48 31 45 29 50 26 37 40 515 30 40 26 55 29 232 111
leaf_count=3631 627 219 37 189 25 49 28 29 190 26 27 134 29 105 48 31 45 29 50 26 37 40 515 30 40 26 55 29 232 111
internal_value=-0.000591331 -0.00132579 -0.000745866 -0.000479422 -0.000410823 0.000385626 0.0057037 -0.000613668 0.000302242 0.00248529 0.00616867 0.000863157 0.00238596 -0.000729168 -8.49266e-05 0.00209804 -0.000553192 0.00432432 0.00239024 -0.000496895 -0.00174627 0.00117949 0.000121323 -0.000660132 0.00387629 0.000238805 0.00112369 0.00516456 0.000320801 -0.000383722
internal_weight=6689 883 664 5806 5617 1140 53 4477 846 271 82 189 56 575 470 203 93 110 81 160 267 77 1087 611 96 66 476 78 398 343
internal_count=6689 883 664 5806 5617 1140 53 4477 846 271 82 189 56 575 470 203 93 110 81 160 267 77 1087 611 96 66 476 78 398 343
is_linear=0
shrinkage=0.04


Tree=194
num_leaves=31
num_cat=0
split_feature=2 9 6 16 2 7 10 2 0 5 3 14 14 19 9 18 5 10 9 11 11 19 12 8 11 12 12 12 9 7
split_gain=0.322444 1.3718 1.09613 0.41797 0.383027 0.538902 0.960528 0.384687 0.35883 0.878513 0.894646 1.57262 0.88236 1.11826 1.33076 0.539095 0.7881 0.673831 0.5958 0.667217 0.496001 0.800619 1.03929 1.82427 0.883761 0.844568 1.3392 0.623903 0.844614 1.68584
threshold=0.65000000000000002 83.500000000000014 1.1499999999999979 12.500000000000002 1.1500000000000001 1.6270833333333334 3.5500000000000003 1.3500000000000003 6.9500000000000011 2.9500000000000006 15.15 93.500000000000014 186.50000000000003 1.0000000180025095e-35 65.500000000000014 0.98296291314453421 5.5500000000000007 0.95000000000000007 105.50000000000001 30.950000000000003 -1.4499999999999997 1.0000000180025095e-35 28.500000000000004 4.7500000000000009 0.75000000000000011 80.500000000000014 87.500000000000014 32.500000000000007 75.500000000000014 4.4979166666666677
decision_type=2 2 2 2 2 2 2 2 2 2 2 2 2 2 2 2 2 2 2 2 2 2 2 2 2 2 2 2 2 2
left_child=1 2 -1 -2 -5 6 -6 -7 15 10 11 -10 -13 14 -14 18 -17 -18 19 20 -9 27 23 -23 25 -24 -27 -22 -29 -30
right_child=3 -3 -4 4 5 7 -8 8 9 -11 -12 12 13 -15 -16 16 17 -19 -20 -21 21 22 24 -25 -26 26 -28 28 29 -31
leaf_value=0.025703546302288584 -0.019324019060393792 -0.047856618095779714 -0.01249360651957286 -0.015250266101891721 -0.026692314288056369 0.0028317382280610461 0.0047425932771577133 -0.0077862528959772035 0.10980703925564572 -0.00099469697205931021 -0.022505590042765099 -0.0092578789291139375 0.02693423175419694 -0.0014926154131181682 0.00035929855942234973 -0.00073270653218460201 -0.016680206811204617 0.03813707665638378 -0.034071854366696311 0.006157570688667611 -0.055876037942986762 0.052066670443056004 -0.0022656420259058552 -0.060788703840517232 -0.012787379138112145 0.13705408387479578 -0.023669272895548016 -0.0018124523605352585 0.016303647371425953 -0.0013813807273879287
leaf_weight=33 138 41 25 179 27 77 34 345 27 2412 34 87 25 38 27 105 25 25 172 45 132 45 82 55 976 45 38 991 184 220
leaf_count=33 138 41 25 179 27 77 34 345 27 2412 34 87 25 38 27 105 25 25 172 45 132 45 82 55 976 45 38 991 184 220
internal_value=-0.000615248 0.00164 0.00555932 -0.000649371 -0.000602511 -0.000550208 0.00316129 -0.000587157 -0.000622556 -0.000271597 0.00204184 0.0030439 0.00164045 0.0043956 0.00815094 -0.000889272 0.00141026 0.0054902 -0.000996699 -0.000871163 -0.000941555 -0.000762731 -0.00151691 0.00237624 -0.0018599 0.000843373 0.00366667 -0.000149216 0.000100286 0.00163951
internal_weight=6689 99 58 6590 6452 6273 61 6212 6135 2650 238 204 177 90 52 3485 155 50 3330 3158 3113 2768 1241 100 1141 165 83 1527 1395 404
internal_count=6689 99 58 6590 6452 6273 61 6212 6135 2650 238 204 177 90 52 3485 155 50 3330 3158 3113 2768 1241 100 1141 165 83 1527 1395 404
is_linear=0
shrinkage=0.04


Tree=195
num_leaves=31
num_cat=0
split_feature=4 12 13 18 13 11 12 17 12 13 16 7 13 12 8 7 11 5 5 9 16 6 2 7 9 9 6 4 11 12
split_gain=0.492104 0.477819 0.513836 0.489723 0.782255 0.568376 0.538329 0.696348 0.4973 0.57687 0.866653 0.504367 0.553328 0.593484 0.475493 0.664119 0.45601 1.13977 0.683392 0.609897 0.727092 1.39059 0.605799 1.1232 0.624315 0.522762 1.57676 0.445231 0.436157 0.788835
threshold=9.8500000000000032 75.500000000000014 9.8500000000000032 -0.5 4.7500000000000009 13.050000000000002 20.500000000000004 -1.0000000180025095e-35 71.500000000000014 7.3500000000000005 1592.5000000000002 12.852083333333335 4.7500000000000009 51.500000000000007 18.750000000000004 12.458333333333336 -0.24999999999999997 13.550000000000002 12.950000000000001 71.500000000000014 62.500000000000007 4.9749999999999988 12.850000000000003 8.5687500000000032 74.500000000000014 60.500000000000007 2.8666666666666636 18.050000000000004 4.7500000000000009 80.500000000000014
decision_type=2 2 2 2 2 2 2 2 2 2 2 2 2 2 2 2 2 2 2 2 2 2 2 2 2 2 2 2 2 2
left_child=14 2 3 4 5 -2 7 -5 9 11 -11 -8 13 -13 15 16 17 19 22 20 25 -22 28 -24 -25 26 -1 -7 29 -18
right_child=1 -3 -4 6 -6 27 8 -9 -10 10 -12 12 -14 -15 -16 -17 18 -19 -20 -21 21 -23 23 24 -26 -27 -28 -29 -30 -31
leaf_value=0.14596609597838986 0.045735379414828352 -0.01914975404437207 -0.020295429977205664 -0.0041157448157565632 0.012451505024153034 -0.016338060675921449 -0.01250702507113959 0.0915521895813175 0.0041132354859915446 -0.019917455489032371 0.034231892602527431 -0.017634309610374641 -0.026915447014073751 0.01792820508567354 -0.037353554215304993 0.0098052280428769217 -0.0023884756649793504 0.013250721217097972 -0.016506144990601511 -0.015795813354179979 -0.0068522070929910375 0.012958440785380214 0.19868508642165916 -0.036041564526187703 0.11575942079691272 -0.026238310851750192 -0.00095471005054935073 0.035996108884295983 -0.0014121545327966181 0.0020473613503107892
leaf_weight=28 25 345 232 34 38 89 328 34 31 73 34 157 81 41 136 35 573 25 285 293 54 57 34 61 25 198 152 36 2339 782
leaf_count=28 25 345 232 34 38 89 328 34 31 73 34 157 81 41 136 35 573 25 285 293 54 57 34 61 25 198 152 36 2339 782
internal_value=-0.000670073 -0.00128689 -0.000917343 -0.000522955 0.00131217 -9.47359e-10 -0.000948404 0.00243478 -0.00126005 -0.00147692 0.00122222 -0.00195395 -0.000700001 0.00044221 -0.000478142 -0.000413599 -0.000453231 -0.00132178 -0.000281952 -0.00159387 -0.000726532 0.00210714 -0.000140499 0.00264463 0.000183907 -0.00156201 -9.48405e-10 -0.00111111 -0.000231665 0.000339232
internal_weight=6655 1578 1233 1001 188 150 813 68 745 714 107 607 279 198 5077 4941 4906 807 4099 782 489 111 3814 120 86 378 180 125 3694 1355
internal_count=6655 1578 1233 1001 188 150 813 68 745 714 107 607 279 198 5077 4941 4906 807 4099 782 489 111 3814 120 86 378 180 125 3694 1355
is_linear=0
shrinkage=0.04


Tree=196
num_leaves=31
num_cat=0
split_feature=7 20 7 11 7 2 2 12 7 5 11 18 10 6 19 18 16 19 12 14 20 11 14 9 0 10 7 16 14 19
split_gain=0.474642 0.455612 0.802541 1.39128 1.34315 1.29728 1.2676 1.55091 2.16618 1.05439 1.292 1.51198 1.11646 0.853505 0.813241 0.794931 0.784468 1.34236 0.75831 0.835402 1.00759 1.91027 0.995665 1.33301 0.841119 0.69201 0.645209 1.42733 0.629555 1.00865
threshold=1.1729166666666668 -0.22252093395631442 6.7479166666666677 21.750000000000004 4.8062500000000012 10.65 6.7500000000000009 23.500000000000004 5.6229166666666677 6.2500000000000009 1.7500000000000002 -0.60355339059327384 12.65 11.424999999999999 0.6078576107927941 0.60355339059327384 1647.5000000000002 0.6078576107927941 83.500000000000014 188.50000000000003 0.81174490092936691 1.9500000000000002 166.50000000000003 57.500000000000007 4.1500000000000012 14.750000000000002 6.1895833333333341 237.50000000000003 193.50000000000003 0.6078576107927941
decision_type=2 2 2 2 2 2 2 2 2 2 2 2 2 2 2 2 2 2 2 2 2 2 2 2 2 2 2 2 2 2
left_child=-1 -2 3 5 14 16 7 -6 -9 -4 11 -11 -13 -12 -5 -16 18 -18 26 20 22 -22 -20 -24 -23 -15 28 -28 -3 -30
right_child=1 2 9 4 6 -7 -8 8 -10 10 13 12 -14 25 15 -17 17 -19 19 -21 21 24 23 -25 -26 -27 27 -29 29 -31
leaf_value=0.010189736778573176 -0.00065217099179551115 -0.017032527655246328 -0.027204555117333072 -0.090651480463633555 -0.0014583774164548919 0.067613628801360778 -0.038866384455448308 0.02772981072029582 0.042874887148292108 -0.0061198216727332616 -0.01525997023159934 0.0036238817196637034 0.00034162259025746127 0.00054540246167127191 0.0079509523056480545 -0.0065761871873107206 0.05105955377497496 -0.026525012412535322 -0.012133157524709186 -0.0083947825555474465 -0.11446242210697941 0.051079521163751571 0.14102622679125865 -0.0024035126654113172 0.0021253278882390012 -0.050979969378118488 -0.0076923900656477627 0.0075157510139065376 -0.010791980091571285 0.00078913980551923227
leaf_weight=28 2860 789 414 59 34 38 26 34 25 54 619 44 34 413 39 29 29 29 178 121 25 28 40 59 25 69 62 32 219 200
leaf_count=28 2860 789 414 59 34 38 26 34 25 54 619 44 34 413 39 29 29 29 178 121 25 28 40 59 25 69 62 32 219 200
internal_value=-0.000694112 -0.000716356 -0.00100531 -0.000490336 0.00233198 -0.000861868 0.00536667 0.00753191 0.0114 -0.00166748 -0.00107942 0.00264662 0.00617721 -0.00152813 -0.000531251 0.00243478 -0.0010147 0.00352542 -0.0011647 0.000201257 0.00117977 0.00516456 4.31645e-05 0.00324 0.00940741 -0.000265011 -0.00166385 0.00151579 -0.00191233 -0.000657144
internal_weight=6655 6627 3767 2120 246 1874 119 93 59 1647 1233 132 78 1101 127 68 1836 58 1778 476 355 78 277 99 53 482 1302 94 1208 419
internal_count=6655 6627 3767 2120 246 1874 119 93 59 1647 1233 132 78 1101 127 68 1836 58 1778 476 355 78 277 99 53 482 1302 94 1208 419
is_linear=0
shrinkage=0.04


Tree=197
num_leaves=31
num_cat=0
split_feature=7 14 4 20 7 7 11 4 11 7 12 16 9 14 10 0 6 19 3 12 12 6 1 10 7 7 7 13 10 10
split_gain=0.463584 0.393501 0.768241 0.48601 0.777664 1.11771 1.43643 2.88306 0.940189 1.79386 0.909606 0.840194 0.834306 0.7049 1.19818 0.629423 1.08562 0.626805 1.82334 1.19661 0.823904 0.582 1.30816 1.80945 0.564731 0.759653 0.626015 0.525434 0.523011 0.508684
threshold=1.1729166666666668 300.50000000000006 19.450000000000003 -0.22252093395631442 3.1645833333333337 6.7479166666666677 23.450000000000003 7.0500000000000007 1.7500000000000002 10.502083333333337 31.500000000000004 1647.5000000000002 50.500000000000007 149.50000000000003 7.7500000000000009 8.1500000000000004 8.3083333333333336 0.87837969732492682 4.5500000000000007 64.500000000000014 55.500000000000007 2.7333333333333303 1.9500000000000002 5.5500000000000007 10.502083333333337 11.058333333333335 10.76041666666667 3.0500000000000003 7.0500000000000007 0.55000000000000016
decision_type=2 2 2 2 2 2 2 2 2 2 2 2 2 2 2 2 2 2 2 2 2 2 2 2 2 2 2 2 2 2
left_child=-1 3 -3 29 12 6 11 10 9 13 -8 15 -5 14 -7 16 17 19 27 -6 -20 22 -21 -24 -10 26 -26 -19 -22 -2
right_child=1 2 -4 4 5 8 7 -9 24 -11 -12 -13 -14 -15 -16 -17 -18 18 20 21 28 -23 23 -25 25 -27 -28 -29 -30 -31
leaf_value=0.0097821473074302633 -0.069637253309205963 -0.004911206656696949 0.28756259702989356 0.0080703852388277972 -0.028980957942012782 -0.020927213136083003 -0.0071530939012388051 0.10962619492335861 -0.014666249041492371 0.010162264174747256 0.01468124193919826 0.038339043181315501 -0.029344962786557165 -0.005009270583651259 0.0082736066351655375 -0.011297207742118716 0.3096941527457952 0.0008683999299608458 0.0052696177579830139 -0.011206043049517053 0.0046857029725559645 -0.0012624407264533377 0.045156651990449388 0.00089810833966175033 -0.02974119643971922 -0.011885460918516416 0.058956968079639849 -0.016187616729932824 -0.0012080153545628079 -0.0001781216715772491
leaf_weight=28 90 636 26 46 212 29 72 25 600 31 28 25 518 104 27 228 26 45 31 58 33 405 25 50 30 576 38 90 33 2490
leaf_count=28 90 636 26 46 212 29 72 25 600 31 28 25 518 104 27 228 26 45 31 58 33 405 25 50 30 576 38 90 33 2490
internal_value=-0.000634015 -0.000656006 -0.00158069 -0.000553135 -0.000868282 -0.000596741 0.000213409 0.00428571 -0.00137883 0.00122917 0.00118812 -0.000193345 -0.00222301 -0.000496895 0.00308772 -0.000342766 8.72141e-05 -0.000130215 0.0016824 -0.000692411 0.00583673 0.000311687 0.00259701 0.00605263 -0.00177992 -0.00095504 0.00301449 -0.00132353 0.00322388 -0.000139482
internal_weight=6655 6627 662 5965 3385 2821 1386 125 1435 191 100 1261 564 160 56 1236 1008 982 232 750 97 538 133 75 1244 644 68 135 66 2580
internal_count=6655 6627 662 5965 3385 2821 1386 125 1435 191 100 1261 564 160 56 1236 1008 982 232 750 97 538 133 75 1244 644 68 135 66 2580
is_linear=0
shrinkage=0.04


Tree=198
num_leaves=31
num_cat=0
split_feature=8 4 5 5 7 9 17 13 9 9 2 11 3 2 1 2 18 5 16 16 4 17 13 8 13 5 13 11 7 3
split_gain=0.522466 0.649338 0.738096 0.737263 0.601591 1.10613 1.67345 1.14737 0.501331 0.613068 0.530082 0.673831 0.533731 0.456678 0.681076 0.626164 0.966104 0.714824 0.660345 0.517342 0.508211 0.513638 0.67932 0.770725 0.749692 0.521012 0.485871 0.615861 0.707083 0.969195
threshold=2.3500000000000001 1.0500000000000003 3.5500000000000003 3.4500000000000006 2.4770833333333337 79.500000000000014 0.60355339059327384 0.75000000000000011 83.500000000000014 64.500000000000014 1.8500000000000003 6.7500000000000009 4.0500000000000007 3.8500000000000001 4.4500000000000011 4.0500000000000007 0.37940952255126048 0.8500000000000002 107.50000000000001 2247.5000000000005 1.4500000000000002 0.60355339059327384 6.6500000000000012 5.0500000000000007 5.2500000000000009 5.4500000000000011 8.3500000000000032 11.450000000000001 4.4645833333333345 2.5500000000000003
decision_type=2 2 2 2 2 2 2 2 2 2 2 2 2 2 2 2 2 2 2 2 2 2 2 2 2 2 2 2 2 2
left_child=1 2 -1 -3 5 7 -7 -2 9 -5 11 -11 -12 14 20 16 18 -17 -15 -19 -6 26 23 24 25 -23 -22 28 29 -28
right_child=4 3 -4 8 13 6 -8 -9 -10 10 12 -13 -14 15 -16 17 -18 19 -20 -21 21 22 -24 -25 -26 -27 27 -29 -30 -31
leaf_value=0.013460300303042018 0.051639260256351099 -0.027000884031484176 -0.05473968457426448 -0.0039285933553424544 -0.055952877466247025 0.0010285586692901174 0.0072619470605641166 -0.003686816147310736 -0.032600558525841511 0.079443200525674343 -0.0180048624737566 1.2035294514290128e-05 0.017513347921970252 0.0095619571431078947 -0.018450721052878868 0.0056399318407432753 -0.016951404107235842 -0.00090110429189561045 0.015315520106784431 -0.0089671661465131388 -0.0078596258943579179 0.0068581819084648169 -0.0044403896251710949 0.14275176525117686 0.0021183745750185186 -0.0047546480462273191 0.0021902609553755871 -0.015807528079730196 -0.0031467077177275661 0.041359672919885695
leaf_weight=35 28 468 28 84 76 37 27 159 83 25 41 25 50 33 222 28 41 4034 27 160 538 48 48 34 30 68 26 87 40 25
leaf_count=35 28 468 28 84 76 37 27 159 83 25 41 25 50 33 222 28 41 4034 27 160 538 48 48 34 30 68 26 87 40 25
internal_value=-0.000634015 -0.00156667 0.0023125 -0.00188417 -0.000499227 0.0014127 0.00590769 -0.000148937 -0.00036246 0.000619468 0.00222535 0.0054902 0.000391303 -0.0005857 -0.00126147 -0.000391305 0.00270588 -0.00046602 0.00590164 -0.000509179 -0.000822724 -0.000567197 0.00108297 0.00220994 0.000925169 -0.000547009 -0.00109345 0.000715083 0.003 0.00607692
internal_weight=6655 839 63 776 5816 251 64 187 308 225 141 50 91 5565 1242 4323 101 4222 60 4194 1020 944 228 180 146 116 716 178 91 51
internal_count=6655 839 63 776 5816 251 64 187 308 225 141 50 91 5565 1242 4323 101 4222 60 4194 1020 944 228 180 146 116 716 178 91 51
is_linear=0
shrinkage=0.04


Tree=199
num_leaves=31
num_cat=0
split_feature=20 5 17 11 16 14 14 16 20 5 18 16 13 14 5 11 13 7 15 13 8 6 14 7 0 7 19 10 7 11
split_gain=0.478531 0.792163 0.692149 0.946526 0.765415 0.966124 0.743506 1.83333 0.817154 0.679964 0.638191 1.0862 1.62116 0.878587 1.45969 0.872219 0.632032 0.61679 0.60355 0.521395 0.513588 0.68879 0.614305 1.04057 1.15713 1.21807 1.13831 1.13908 1.73087 1.19781
threshold=1.0000000180025095e-35 13.950000000000001 -0.70710678118654735 -6.3499999999999988 142.50000000000003 213.50000000000003 84.500000000000014 127.50000000000001 -0.56174490092936669 7.5500000000000007 0.1294095225512602 562.50000000000011 3.6500000000000008 148.50000000000003 3.8500000000000001 23.050000000000004 7.5500000000000007 1.4020833333333338 0.45000000000000007 9.2500000000000018 1.4500000000000002 1.2999999999999969 246.50000000000003 6.3875000000000011 4.0500000000000007 9.0437500000000011 0.87837969732492682 12.65 7.5437500000000011 4.2500000000000009
decision_type=2 2 2 2 2 2 2 2 2 2 2 2 2 2 2 2 2 2 2 2 2 2 2 2 2 2 2 2 2 2
left_child=1 2 3 -1 -5 10 7 8 -4 16 11 12 -6 -12 -15 -13 -9 -8 20 -2 -19 -22 23 -23 25 -25 27 -26 29 -29
right_child=19 -3 6 4 5 -7 17 9 -10 -11 13 15 -14 14 -16 -17 -18 18 -20 -21 21 22 -24 24 26 -27 -28 28 -30 -31
leaf_value=0.012243141324176579 -0.0019522622691953361 -0.011817865457218791 0.17377294933775331 -0.047790151628395804 -0.0018763563010601538 -0.023333225652411482 0.0063200039221899922 -0.0089534867761290465 0.0013985841779162313 0.038677335427264502 -0.0097633486825409264 -0.049403305410025161 0.14563578931017027 -0.055666027749427222 0.060013469940554121 0.016100060479644924 0.0034893406151859075 -0.027066600864237823 -0.015642191539940082 -0.011902617389429958 0.0030342632685312057 -0.004399414114098138 0.0017383344197067318 0.16059237589661948 2.4262936869692494e-05 -0.021623933858287127 -0.019958663032052175 0.0028152802788854541 0.0011048750202672145 0.24387172474626087
leaf_weight=27 2456 332 28 251 38 232 34 73 49 32 154 48 37 51 33 26 28 114 81 392 26 1068 374 42 343 26 122 29 84 25
leaf_count=27 2456 332 28 251 38 232 34 73 49 32 154 48 37 51 33 26 28 114 81 392 26 1068 374 42 343 26 122 29 84 25
internal_value=-0.000615987 -0.00032248 -0.000143844 -0.00110022 -0.0013318 -0.000574195 0.00018922 0.00246445 0.00733333 -0.000388061 0.000649484 0.00269333 0.00605263 -0.000635984 0.00263529 -0.000746668 -0.002 -1.35088e-05 -9.25063e-05 -0.00100807 3.01676e-05 0.000170093 8.893e-05 -0.000227587 0.00100595 0.00591304 0.000443708 0.0013195 0.0043741 0.00989091
internal_weight=6655 3807 3475 897 870 619 2578 210 77 133 387 149 75 238 84 74 101 2368 2334 2848 2253 2139 2113 1739 671 68 603 481 138 54
internal_count=6655 3807 3475 897 870 619 2578 210 77 133 387 149 75 238 84 74 101 2368 2334 2848 2253 2139 2113 1739 671 68 603 481 138 54
is_linear=0
shrinkage=0.04


end of trees

feature_importances:
temp_c=542
pm2_5_mean24=522
pm2_5_lag24=422
wind_kmh=370
wind_dir=358
rh_pct=354
pm2_5_lag12=352
o3=330
no2=317
dow_sin=286
pm2_5_lag6=270
boundary_layer_m=255
pm2_5=253
pm2_5_lag3=237
pm10=234
dow_cos=197
pm2_5_mean6=188
hour_cos=169
hour_sin=166
pm2_5_lag1=145
precip_mm=33

parameters:
[boosting: gbdt]
[objective: quantile]
[metric: quantile]
[tree_learner: serial]
[device_type: cpu]
[data_sample_strategy: bagging]
[data: ]
[valid: ]
[num_iterations: 200]
[learning_rate: 0.04]
[num_leaves: 31]
[num_threads: 0]
[seed: 7]
[deterministic: 0]
[force_col_wise: 0]
[force_row_wise: 0]
[histogram_pool_size: -1]
[max_depth: -1]
[min_data_in_leaf: 25]
[min_sum_hessian_in_leaf: 0.001]
[bagging_fraction: 0.85]
[pos_bagging_fraction: 1]
[neg_bagging_fraction: 1]
[bagging_freq: 5]
[bagging_seed: 17422]
[bagging_by_query: 0]
[feature_fraction: 0.85]
[feature_fraction_bynode: 1]
[feature_fraction_seed: 7040]
[extra_trees: 0]
[extra_seed: 6516]
[early_stopping_round: 0]
[early_stopping_min_delta: 0]
[first_metric_only: 0]
[max_delta_step: 0]
[lambda_l1: 0]
[lambda_l2: 1]
[linear_lambda: 0]
[min_gain_to_split: 0]
[drop_rate: 0.1]
[max_drop: 50]
[skip_drop: 0.5]
[xgboost_dart_mode: 0]
[uniform_drop: 0]
[drop_seed: 15215]
[top_rate: 0.2]
[other_rate: 0.1]
[min_data_per_group: 100]
[max_cat_threshold: 32]
[cat_l2: 10]
[cat_smooth: 10]
[max_cat_to_onehot: 4]
[top_k: 20]
[monotone_constraints: ]
[monotone_constraints_method: basic]
[monotone_penalty: 0]
[feature_contri: ]
[forcedsplits_filename: ]
[refit_decay_rate: 0.9]
[cegb_tradeoff: 1]
[cegb_penalty_split: 0]
[cegb_penalty_feature_lazy: ]
[cegb_penalty_feature_coupled: ]
[path_smooth: 0]
[interaction_constraints: ]
[verbosity: -1]
[saved_feature_importance_type: 0]
[use_quantized_grad: 0]
[num_grad_quant_bins: 4]
[quant_train_renew_leaf: 0]
[stochastic_rounding: 1]
[linear_tree: 0]
[max_bin: 255]
[max_bin_by_feature: ]
[min_data_in_bin: 3]
[bin_construct_sample_cnt: 200000]
[data_random_seed: 61]
[is_enable_sparse: 1]
[enable_bundle: 1]
[use_missing: 1]
[zero_as_missing: 0]
[feature_pre_filter: 1]
[pre_partition: 0]
[two_round: 0]
[header: 0]
[label_column: ]
[weight_column: ]
[group_column: ]
[ignore_column: ]
[categorical_feature: ]
[forcedbins_filename: ]
[precise_float_parser: 0]
[parser_config_file: ]
[objective_seed: 15521]
[num_class: 1]
[is_unbalance: 0]
[scale_pos_weight: 1]
[sigmoid: 1]
[boost_from_average: 1]
[reg_sqrt: 0]
[alpha: 0.9]
[fair_c: 1]
[poisson_max_delta_step: 0.7]
[tweedie_variance_power: 1.5]
[lambdarank_truncation_level: 30]
[lambdarank_norm: 1]
[label_gain: ]
[lambdarank_position_bias_regularization: 0]
[eval_at: ]
[multi_error_top_k: 1]
[auc_mu_weights: ]
[num_machines: 1]
[local_listen_port: 12400]
[time_out: 120]
[machine_list_filename: ]
[machines: ]
[gpu_platform_id: -1]
[gpu_device_id: -1]
[gpu_use_dp: 0]
[num_gpu: 1]

end of parameters

pandas_categorical:[]
