tree
version=v4
num_class=1
num_tree_per_iteration=1
label_index=0
max_feature_idx=20
objective=quantile
feature_names=pm2_5 pm2_5_lag1 pm2_5_lag3 pm2_5_lag6 pm2_5_lag12 pm2_5_lag24 pm2_5_mean6 pm2_5_mean24 pm10 o3 no2 temp_c rh_pct wind_kmh wind_dir precip_mm boundary_layer_m hour_sin hour_cos dow_sin dow_cos
feature_infos=[0.10000000000000001:85.900000000000006] [0.10000000000000001:85.900000000000006] [0.10000000000000001:85.900000000000006] [0.10000000000000001:85.900000000000006] [0.10000000000000001:85.900000000000006] [0.10000000000000001:85.900000000000006] [0.14999999999999528:83.86666666666666] [0.67499999999999993:66.504166666666677] [0.10000000000000001:87.299999999999997] [21:148] [0:36.799999999999997] [-15:37.5] [9:98] [0:25.699999999999999] [1:360] [0:6.4000000000000004] [10:4085] [-1:1] [-1:1] [-0.97492791218182362:0.97492791218182362] [-0.90096886790241903:1]
tree_sizes=2611 2811 2794 2798 2807 2784 2782 2830 2800 2797 2811 2815 2811 2798 2836 2815 2824 2820 2816 2790 2819 2840 2829 2807 2832 2819 2817 2850 2824 2815 2831 2848 2828 2813 2851 2821 2822 2822 2811 2850 2872 2825 2833 2806 2843 2840 2864 2855 2866 2861 2835 2858 2872 2857 2855 2839 2861 2855 2845 2879 2832 2851 2846 2851 2875 2858 2898 2856 2881 2868 2861 2852 2861 2871 2845 2869 2873 2899 2875 2859 2879 2853 2846 2880 2856 2885 2850 2866 2873 2841 2885 2885 2857 2875 2888 2860 2871 2887 2879 2894 2844 2880 2868 2890 2883 2885 2864 2866 2881 2852 2872 2897 2902 2880 2918 2905 2900 2872 2899 2862 2884 2889 2890 2860 2916 2859 2847 2894 2834 2870 2863 2864 2828 2847 2862 2873 2889 2838 2847 2891 2869 2844 2881 2866 2847 2830 2903 2877 2877 2885 2873 2873 2884 2890 2903 2880 2849 2903 2895 2884 2870 2888 2889 2902 2868 2861 2916 2890 2894 2892 2849 2854 2845 2868 2893 2821 2870 2812 2853 2870 2886 2900 2916 2877 2894 2876 2844 2824 2847 2858 2887 2914 2833 2855 2892 2861 2868 2898 2845 2876

Tree=0
num_leaves=31
num_cat=0
split_feature=8 8 8 18 8 16 6 10 19 16 2 11 8 10 1 1 11 12 14 16 13 16 17 12 8 10 1 18 9 11
split_gain=360.179 20.1737 11.0995 6.48862 5.4398 5.13068 4.17042 2.519 2.50573 2.49077 2.26064 2.23785 1.56975 1.55112 2.46541 1.38209 1.24018 1.18272 2.15313 0.934228 0.704529 0.656253 0.392405 0.283722 0.278954 0.309951 0.270489 0.216945 0.320165 0.8198
threshold=2.0500000000000003 2.3500000000000001 1.7500000000000002 0.91597561503675351 3.0500000000000003 627.50000000000011 1.6833333333333289 5.5500000000000007 0.6078576107927941 452.50000000000006 2.2500000000000004 12.850000000000003 1.4500000000000002 4.3500000000000005 2.0500000000000003 3.6500000000000008 23.450000000000003 63.500000000000007 292.50000000000006 1117.5000000000002 6.4500000000000011 137.50000000000003 -0.9159756150367534 50.500000000000007 4.7500000000000009 0.45000000000000007 1.9500000000000002 1.0000000180025095e-35 67.500000000000014 2.4500000000000006
decision_type=2 2 2 2 2 2 2 2 2 2 2 2 2 2 2 2 2 2 2 2 2 2 2 2 2 2 2 2 2 2
left_child=2 5 3 7 9 8 -4 -1 20 15 -10 21 -9 23 -15 22 17 18 -11 -7 26 -5 -3 -8 25 -6 -2 28 -24 -30
right_child=1 4 6 11 24 19 13 12 10 16 -12 -13 -14 14 -16 -17 -18 -19 -20 -21 -22 -23 27 -25 -26 -27 -28 -29 29 -31
leaf_value=1.7439999544620515 1.8115999509632585 1.7999999523162842 1.7911999552726747 1.7707999550521374 1.8019999530017377 1.7819999529421331 1.7775999547481536 1.763199953842163 1.7959999561309814 1.7867999542176725 1.7711999552726747 1.7363999545633793 1.7815999541521073 1.7903999550104142 1.7711999551534654 1.7827999531447887 1.8039999532699584 1.8027999531447887 1.7999999549984931 1.7739999558031558 1.7919999551773071 1.7563999540269375 1.8079999542236329 1.772799955558777 1.9159999465942383 1.8239999580383301 1.7999999523162842 1.8111999519348136 1.8039999535083771 1.7919999551773071
leaf_weight=325 30 42 49 28 36 26 25 49 35 48 25 32 29 37 29 28 40 28 26 26 26 32 107 33 4302 969 29 129 41 28
leaf_count=325 30 42 49 28 36 26 25 49 35 48 25 32 29 37 29 28 40 28 26 26 26 32 107 33 4302 969 29 129 41 28
internal_value=1.79991 1.803 1.77207 1.76899 1.80343 1.79044 1.78099 1.76676 1.79438 1.79951 1.7882 1.77901 1.77408 1.77709 1.78185 1.80122 1.79502 1.7927 1.79008 1.77977 1.79884 1.77443 1.80192 1.77207 1.80381 1.8032 1.80127 1.80242 1.80149 1.79937
internal_weight=6689 6021 668 495 5824 197 173 403 145 517 60 92 78 124 66 375 142 102 74 52 85 60 347 58 5307 1005 59 305 176 69
internal_count=6689 6021 668 495 5824 197 173 403 145 517 60 92 78 124 66 375 142 102 74 52 85 60 347 58 5307 1005 59 305 176 69
is_linear=0
shrinkage=1


Tree=1
num_leaves=31
num_cat=0
split_feature=0 18 0 0 1 1 0 17 0 0 1 11 16 11 4 1 0 10 2 3 9 18 11 0 1 16 18 18 1 7
split_gain=340.81 15.3202 11.9836 9.81213 8.15236 4.24263 3.60258 3.7752 2.93326 2.50769 1.4908 1.45962 1.07774 0.767294 0.665721 0.66398 1.5994 1.32041 0.588307 0.472688 0.439872 0.337156 0.549143 0.304603 0.507602 0.229083 0.14281 0.134455 0.0854309 0.0626997
threshold=1.8500000000000003 0.91597561503675351 1.5500000000000003 2.0500000000000003 1.7500000000000002 2.0500000000000003 1.3500000000000003 -1.0000000180025095e-35 1.6500000000000001 2.7500000000000004 3.6500000000000008 -1.0499999999999998 207.50000000000003 7.8500000000000005 4.5500000000000007 2.2500000000000004 2.2500000000000004 3.8500000000000001 1.7500000000000002 3.7500000000000004 95.500000000000014 -0.70710678118654757 4.7500000000000009 3.1500000000000008 3.8500000000000001 37.500000000000007 0.91597561503675351 -0.9159756150367534 3.0500000000000003 3.1020833333333337
decision_type=2 2 2 2 2 2 2 2 2 2 2 2 2 2 2 2 2 2 2 2 2 2 2 2 2 2 2 2 2 2
left_child=1 2 11 5 8 14 7 -3 -4 10 15 -1 -8 -7 18 29 17 -17 -2 -6 21 22 -18 24 26 -13 27 -11 -23 -5
right_child=3 6 4 9 19 13 12 -9 -10 23 -12 25 -14 -15 -16 16 20 -19 -20 -21 -22 28 -24 -25 -26 -27 -28 -29 -30 -31
leaf_value=-0.030812798095846181 0.0025408006018638983 -0.029228797718906359 -0.015161599120426172 0.010439999264478235 -0.023196796198034227 -0.021247997562408704 -0.00083199805307402567 -0.057855997509002659 -0.011404798161888129 0.0053600014030933639 -0.015311998931407882 -0.035820798323536011 -0.018767997298717649 -0.02693119727072716 0.0036256009779453515 0.00052799992394446881 0.0076800018310546839 -0.011735998103141791 -0.0098303975383757809 -0.02289919628105164 -0.0013119981508256122 0.0090304015693179283 -0.0076799972534179698 0.075040003585815432 -0.010700797491455003 -0.053759997940063482 0.031039998102188448 0.027040001678466794 0.0035008009666443263 0.011887998074769975
leaf_weight=34 27 34 30 78 50 45 26 40 44 26 31 47 36 27 33 29 41 36 28 39 29 143 29 4955 45 313 41 206 30 117
leaf_count=34 27 34 30 78 50 45 26 40 44 26 31 47 36 27 33 29 41 36 28 39 29 143 29 4955 45 313 41 206 30 117
internal_value=0.000214649 -0.0263228 -0.0292688 0.00328564 -0.0199268 -0.00645963 -0.0141314 -0.0200533 -0.00992 0.00355388 0.00101418 -0.0330734 -0.00685714 -0.013589 -0.000539326 0.00151595 0.00043787 -0.00515151 -0.00321429 -0.0280444 0.00178755 0.00234426 1.46913e-10 0.0038248 0.00260815 -0.0339058 0.00325547 0.00363949 0.00328736 0.00336735
internal_weight=6689 693 557 5996 163 160 136 74 74 5836 563 394 62 72 88 532 337 65 55 89 272 243 70 5273 318 360 273 232 173 195
internal_count=6689 693 557 5996 163 160 136 74 74 5836 563 394 62 72 88 532 337 65 55 89 272 243 70 5273 318 360 273 232 173 195
is_linear=0
shrinkage=0.04


Tree=2
num_leaves=31
num_cat=0
split_feature=1 18 1 16 18 1 19 2 1 2 7 7 4 17 10 19 17 11 16 3 11 9 7 10 7 11 18 7 4 9
split_gain=199.851 23.6795 20.0191 12.1596 5.16965 4.11597 4.10246 3.59346 4.74688 4.16281 4.32228 2.68818 2.32905 2.00141 2.41986 1.75682 1.61564 1.40913 2.52005 1.30692 1.16228 1.77769 1.13889 1.03642 0.979656 1.07527 0.838618 1.89702 2.51486 0.816273
threshold=1.8500000000000003 0.91597561503675351 3.0500000000000003 72.500000000000014 -0.9159756150367534 1.1500000000000001 -0.60785761079279388 4.2500000000000009 2.4500000000000006 2.2500000000000004 4.1104166666666675 2.777083333333334 1.6500000000000001 -0.70710678118654735 4.4500000000000011 0.87837969732492682 -0.9159756150367534 11.65 207.50000000000003 4.9500000000000011 6.4500000000000011 82.500000000000014 5.6604166666666673 4.7500000000000009 4.8479166666666682 11.450000000000001 -0.9159756150367534 2.4354166666666672 2.8500000000000001 76.500000000000014
decision_type=2 2 2 2 2 2 2 2 2 2 2 2 2 2 2 2 2 2 2 2 2 2 2 2 2 2 2 2 2 2
left_child=1 3 7 4 -1 -5 -6 8 9 16 26 12 -3 -7 -15 -8 -2 18 -13 -9 -21 -22 -12 24 25 29 -11 -28 -29 -10
right_child=2 11 -4 5 6 13 15 19 23 10 22 17 -14 14 -16 -17 -18 -19 -20 20 21 -23 -24 -25 -26 -27 27 28 -30 -31
leaf_value=-0.032981631145671847 -0.012102109420753116 -0.0087235180251454582 0.056038399627685545 -0.055609597784042356 -0.029667390271905836 -0.033929598232269521 -0.00064077962828243298 -0.029998078084464974 -0.013926527315038691 -0.025162621258670807 0.00089994490762280402 0.0090524789299678068 -0.032286847036718316 -0.031609599214553835 -0.020409598165512185 -0.021895166125377754 0.0023330313256538409 0.014630679706521219 -0.031599792401584989 -0.0016534691723438864 -0.02784097056432485 -0.0066900453193502506 -0.025289956358025511 0.013169918174440588 0.0082350994138395556 -0.03374198939871955 -0.029425995011905293 0.0031799048459358859 -0.031506326106703869 0.014729987571107913
leaf_weight=43 40 26 5031 158 48 107 48 31 30 26 54 28 41 66 25 25 185 47 25 34 25 28 53 251 52 32 25 29 44 32
leaf_count=43 40 26 5031 158 48 107 48 31 30 26 54 28 41 66 25 25 185 47 25 34 25 28 53 251 52 32 25 29 44 32
internal_value=0.000286398 -0.0201337 0.00262669 -0.0243378 -0.0151758 -0.0285042 -0.0107869 -0.00262963 -0.00171897 -0.00449891 -0.00825862 -0.00697619 -0.0131176 -0.0243618 -0.0195217 -0.0047027 -0.000619469 -0.00277228 -0.00718518 -0.00914286 -0.0065 -0.0101481 -0.00233333 0.00147739 -0.00119728 -0.00362105 -0.013312 -0.0113939 -0.00794595 -0.000507936
internal_weight=6689 687 6002 520 164 356 121 971 853 456 231 167 67 198 91 73 225 100 53 118 87 53 107 397 146 94 124 98 73 62
internal_count=6689 687 6002 520 164 356 121 971 853 456 231 167 67 198 91 73 225 100 53 118 87 53 107 397 146 94 124 98 73 62
is_linear=0
shrinkage=0.04


Tree=3
num_leaves=31
num_cat=0
split_feature=0 18 0 0 1 1 8 13 17 0 8 1 18 0 9 0 1 16 0 9 4 7 6 10 18 10 0 18 17 1
split_gain=318.627 16.6246 12.7042 8.97463 5.45049 5.03668 2.90914 2.7357 2.53616 2.08768 1.4878 3.37206 1.46595 1.35968 1.18039 1.15253 1.05373 0.91365 0.859967 0.703538 0.538595 0.592354 0.483791 0.332579 0.273972 0.547848 0.109612 0.222049 0.825657 0.129756
threshold=1.8500000000000003 0.91597561503675351 1.3500000000000003 2.2500000000000004 1.5500000000000003 2.2500000000000004 1.7500000000000002 3.3500000000000001 -1.0000000180025095e-35 1.5500000000000003 3.2500000000000004 3.9500000000000006 -0.5 2.0500000000000003 76.500000000000014 2.0500000000000003 2.0500000000000003 262.50000000000006 1.7500000000000002 92.500000000000014 4.5500000000000007 2.777083333333334 2.2833333333333301 3.6500000000000008 -0.12940952255126037 4.7500000000000009 3.7500000000000004 0.91597561503675351 -1.0000000180025095e-35 4.9500000000000011
decision_type=2 2 2 2 2 2 2 2 2 2 2 2 2 2 2 2 2 2 2 2 2 2 2 2 2 2 2 2 2 2
left_child=1 2 23 5 7 15 8 -4 -3 -9 11 19 22 -7 -15 16 20 -10 -14 24 21 -2 -6 -1 25 -5 27 29 -29 -12
right_child=3 6 4 10 12 13 -8 9 17 -11 26 -13 18 14 -16 -17 -18 -19 -20 -21 -22 -23 -24 -25 -26 -27 -28 28 -30 -31
leaf_value=-0.049385214111099245 0.00029750508897071365 -0.027452972070397364 -0.0075017915521817767 -0.0035121383011268098 -0.029223550265886328 -0.023325438496843667 -0.007801706459641942 -0.013529215468416256 -0.023538600776149922 -0.0095130223172559744 0.023709509302730889 -0.022608704194072717 -0.020993866724470095 -0.0092571245309892823 0.0010290669453946585 0.0084992930731310774 -0.014417073858588945 -0.05813015990864475 -0.013234244200621904 -0.0025241782851895874 0.0037859203342456823 -0.0095592903184687147 -0.023908469619407808 -0.048792751324490985 0.013076049374562528 0.0061957803495167633 0.094116869822387705 -0.052594694503240343 0.038529078562928691 0.0017968655499267516
leaf_weight=193 30 42 31 48 25 45 44 32 25 26 489 42 73 45 25 102 27 25 33 25 33 25 31 113 214 193 4526 30 71 26
leaf_count=193 30 42 31 48 25 45 44 32 25 26 489 42 73 45 25 102 27 25 33 25 33 25 31 113 214 193 4526 30 71 26
internal_value=0.000316293 -0.0253429 -0.0284086 0.00328564 -0.0215714 -0.0030991 -0.0126715 -0.0133778 -0.0166882 -0.0184407 0.00366037 0.00162142 -0.0259632 -0.00982759 -0.00619718 0.000495413 -0.00224138 -0.0227451 -0.0289346 0.00257796 -8.98875e-05 -0.0025 -0.0199298 -0.0339283 0.0029386 0.002 0.003867 0.00334522 0.00160784 0.00368217
internal_weight=6689 693 557 5996 251 332 136 89 92 58 5664 522 162 115 70 217 115 50 106 480 88 55 56 306 455 241 5142 616 101 515
internal_count=6689 693 557 5996 251 332 136 89 92 58 5664 522 162 115 70 217 115 50 106 480 88 55 56 306 455 241 5142 616 101 515
is_linear=0
shrinkage=0.04


Tree=4
num_leaves=31
num_cat=0
split_feature=8 8 18 8 16 16 8 2 2 1 18 9 14 13 7 6 10 13 18 14 8 8 5 8 7 9 4 5 18 3
split_gain=287.481 17.972 12.2582 9.79274 5.18574 4.55895 4.2944 3.05643 2.88189 2.31124 2.22307 2.16731 1.86259 1.6039 1.61988 1.09908 1.02096 0.910272 0.911111 0.712857 0.509323 0.310999 0.317937 0.309645 0.504523 0.401994 0.394452 0.285597 0.275064 0.246445
threshold=1.9500000000000002 2.3500000000000001 0.91597561503675351 1.5500000000000003 97.500000000000014 682.50000000000011 3.0500000000000003 1.8500000000000003 1.7500000000000002 3.9500000000000006 0.98296291314453421 93.500000000000014 164.50000000000003 2.3500000000000001 3.0520833333333344 2.3999999999999964 3.6500000000000008 9.7500000000000018 0.60355339059327384 191.50000000000003 1.1500000000000001 3.7500000000000004 8.3500000000000032 2.5500000000000003 4.5270833333333345 60.500000000000007 2.9500000000000006 2.9500000000000006 -0.12940952255126037 5.3500000000000005
decision_type=2 2 2 2 2 2 2 2 2 2 2 2 2 2 2 2 2 2 2 2 2 2 2 2 2 2 2 2 2 2
left_child=2 5 3 16 15 7 9 -2 -6 11 12 17 -4 -9 -15 -5 -1 23 -19 -7 -18 22 -8 24 25 -3 -27 -16 -24 -25
right_child=1 6 10 4 8 19 21 13 -10 -11 -12 -13 -14 14 27 -17 20 18 -20 -21 -22 -23 28 29 -26 26 -28 -29 -30 -31
leaf_value=-0.047409805546655276 0.0017440485611209709 0.0068202532098335759 -0.031597046001920738 -0.01540697804965796 -0.021585805015458624 -0.014970686507655302 0.012435789619072865 -0.02041488816983366 -0.027551301523283837 -0.02194426540763356 -0.043499991637370047 -0.0066597589524610267 -0.023218400756298468 -0.019793953147727666 0.0031203016094050861 -0.015508270376062045 -0.052265503739592378 -0.015711344181623281 0.00567794192490654 -0.029723788407282563 -0.023097620504442324 0.070352195029492193 -0.0086566663581701883 0.010763497843196036 0.0069316023711954175 0.0023946293975082348 -0.0088868396252375324 -0.0028774307465000266 0.014858902233505746 0.0012982807049285558
leaf_weight=186 67 28 28 49 37 44 406 41 67 29 39 38 42 26 27 32 60 35 27 25 68 4839 30 202 44 29 25 27 32 60
leaf_count=186 67 28 28 49 37 44 406 41 67 29 39 38 42 26 27 32 60 35 27 25 68 4839 30 202 44 29 25 27 32 60
internal_value=0.000376084 0.00299967 -0.0258259 -0.028488 -0.0209677 -0.00733333 0.00345682 -0.00406349 -0.0268952 -2.31659e-05 -0.0134909 0.000638037 -0.00901408 -0.00783607 -0.00444444 -0.013122 -0.0328381 0.00141907 -0.00304762 -0.0160571 -0.0292093 0.00379578 0.00279744 0.00213882 0.000503937 -0.0013494 -0.00334545 -0.000436363 0.000126984 0.00292015
internal_weight=6689 6081 608 499 185 257 5824 188 104 517 109 488 70 121 80 81 314 450 62 69 128 5307 468 388 126 82 54 54 62 262
internal_count=6689 6081 608 499 185 257 5824 188 104 517 109 488 70 121 80 81 314 450 62 69 128 5307 468 388 126 82 54 54 62 262
is_linear=0
shrinkage=0.04


Tree=5
num_leaves=31
num_cat=0
split_feature=0 0 18 0 17 18 16 1 0 1 17 14 1 7 10 0 7 14 10 1 17 10 0 0 1 6 7 3 4 3
split_gain=286.135 18.3967 9.39489 8.30843 8.14877 5.07912 4.90899 4.01122 2.74373 2.72504 2.60519 2.11246 1.97698 1.56688 1.05021 0.779268 0.766528 1.22788 0.737444 1.05886 0.94552 1.1424 0.665949 0.604684 0.663539 0.40335 0.225082 0.376768 0.209716 0.173077
threshold=1.8500000000000003 1.3500000000000003 0.91597561503675351 2.0500000000000003 -0.5 0.25881904510252057 247.50000000000003 1.5500000000000003 3.1500000000000008 1.7500000000000002 -1.0000000180025095e-35 150.50000000000003 4.7500000000000009 3.2625000000000006 3.8500000000000001 1.7500000000000002 3.0770833333333338 207.50000000000003 5.0500000000000007 2.7500000000000004 -0.25881904510252113 3.9500000000000006 2.4500000000000006 2.2500000000000004 2.1500000000000008 3.3999999999999968 3.0770833333333338 3.1500000000000008 7.4500000000000011 2.5500000000000003
decision_type=2 2 2 2 2 2 2 2 2 2 2 2 2 2 2 2 2 2 2 2 2 2 2 2 2 2 2 2 2 2
left_child=1 2 -1 9 7 6 13 -3 12 -2 -4 -11 18 -6 -7 -9 -13 -18 19 26 21 22 -21 24 -20 -24 27 -5 -27 -16
right_child=3 4 10 8 5 14 -8 15 -10 11 -12 16 -14 -15 29 -17 17 -19 23 20 -22 -23 25 -25 -26 28 -28 -29 -30 -31
leaf_value=-0.045513413324789066 0.0044360061323521008 -0.011253919602319352 -0.029871772577124672 0.0083730823945667721 -0.01253442234076373 -0.020497660014669152 -0.016521467957082082 -0.021986193947419186 0.066034399283986467 -0.0027095602822970522 -0.048796282112772343 -0.016884301811684089 -0.029277474164648432 -0.02380083330516275 0.0045317987108698596 -0.011595185728135402 -0.021299758813767094 -0.0082096475220387651 0.013499088880492852 -0.0067859226890593718 0.017164622367006478 -0.013715796536363168 -0.0054142746021683744 0.012485896075463725 -0.0035171214522335117 0.008095893085072442 0.0086523007346628739 -0.013103810232502393 7.2170861463087749e-05 -0.00055064445231318472
leaf_weight=282 36 47 32 57 27 29 29 82 4949 44 36 29 27 28 25 27 26 25 26 25 50 31 25 374 32 38 163 28 25 25
leaf_count=282 36 47 32 57 27 29 29 82 4949 44 36 29 27 28 25 27 26 25 26 25 50 31 25 374 32 38 163 28 25 25
internal_value=0.000490419 -0.0243045 -0.0306553 0.00325403 -0.0172625 -0.0109024 -0.0176941 -0.0237962 0.00350026 -0.00571429 -0.0169275 -0.008512 0.00146785 -0.0103571 -0.00355 -0.0280364 -0.0123457 -0.0153077 0.00180114 0.000650113 -0.00155897 -0.0032 -0.00129825 0.0029746 -0.000813559 0.000359551 0.00237751 0.000697675 0.0020625 1.4609e-10
internal_weight=6679 669 350 6010 319 163 84 156 5850 160 68 124 901 55 79 109 80 51 874 442 194 144 113 432 58 88 248 85 63 50
internal_count=6679 669 350 6010 319 163 84 156 5850 160 68 124 901 55 79 109 80 51 874 442 194 144 113 432 58 88 248 85 63 50
is_linear=0
shrinkage=0.04


Tree=6
num_leaves=31
num_cat=0
split_feature=0 0 18 0 18 1 0 18 1 1 0 1 11 5 20 0 1 3 16 13 1 4 0 14 14 16 0 18 18 14
split_gain=272.121 19.6093 9.59618 7.97374 7.07248 5.76883 3.29386 2.99616 2.93904 2.92667 1.83231 1.88847 1.93362 1.56599 1.29704 1.1538 1.64301 1.05278 1.04178 0.712785 0.632891 0.839187 0.919573 0.614017 0.578844 0.490639 0.453822 0.425091 0.281978 0.588516
threshold=1.8500000000000003 1.3500000000000003 0.91597561503675351 2.4500000000000006 0.91597561503675351 1.6500000000000001 1.5500000000000003 -0.5 2.7500000000000004 1.3500000000000003 2.0500000000000003 1.7500000000000002 10.15 2.3500000000000001 -0.56174490092936669 3.4500000000000006 4.7500000000000009 2.7500000000000004 507.50000000000006 3.7500000000000004 2.1500000000000008 3.3500000000000001 2.2500000000000004 167.50000000000003 292.50000000000006 187.50000000000003 1.1500000000000001 0.78656609248549303 -0.9159756150367534 185.50000000000003
decision_type=2 2 2 2 2 2 2 2 2 2 2 2 2 2 2 2 2 2 2 2 2 2 2 2 2 2 2 2 2 2
left_child=1 2 26 8 5 6 9 -7 10 -3 11 -2 14 -4 -13 16 24 -9 -6 -16 -12 22 -22 -10 28 -8 -1 -26 29 -5
right_child=3 4 13 15 18 7 25 17 23 -11 20 12 -14 -15 19 -17 -18 -19 -20 -21 21 -23 -24 -25 27 -27 -28 -29 -30 -31
leaf_value=-0.045145034025740279 0.0042585658870580179 -0.0071549736398640873 -0.028203783635508604 -0.0041185316257706956 0.0010487226141589945 -0.022715921447158775 -0.0006832348132990671 -0.024025735468644466 -0.01220326853203212 -0.01454522817427985 0.010167661552141612 0.0036309601257516065 -0.022149234090048472 -0.047775801211897131 -0.021158663202199352 0.072896723627558516 -0.019986207652853791 -0.017344592486542399 -0.016131490566316586 -0.00081423473896670071 -0.01335294198427959 0.0029481887060557872 0.0021801136448586183 -0.015451559606212716 0.0054821689441127124 -0.0081913924549703483 -0.022195272527122455 -0.029587245566704987 0.014478348158152314 0.022206810652005297
leaf_weight=218 36 27 32 33 35 46 28 47 26 31 107 27 31 36 25 4723 35 50 25 26 27 97 36 47 79 30 64 29 585 41
leaf_count=218 36 27 32 33 35 46 28 47 26 31 107 27 31 36 25 4723 35 50 25 26 27 97 36 47 79 30 64 29 585 41
internal_value=0.000532335 -0.0236478 -0.0301994 0.00322742 -0.0163875 -0.0192462 -0.0124444 -0.0246389 -0.00168724 -0.0191186 -0.000368039 -0.0039726 -0.00658182 -0.0163478 -0.00313924 0.00365907 0.00225156 -0.0286939 -0.00393443 -0.00684615 0.00159702 1.48086e-10 -0.0035625 -0.00902703 0.00264063 -0.00555932 -0.03347 -7.33943e-05 0.00308485 0.000746667
internal_weight=6679 669 350 6010 319 259 116 143 485 58 412 145 109 68 78 5525 802 97 60 51 267 160 63 73 767 58 282 108 659 74
internal_count=6679 669 350 6010 319 259 116 143 485 58 412 145 109 68 78 5525 802 97 60 51 267 160 63 73 767 58 282 108 659 74
is_linear=0
shrinkage=0.04


Tree=7
num_leaves=31
num_cat=0
split_feature=0 18 0 0 1 1 8 8 17 8 1 1 18 17 17 17 0 1 10 18 0 6 4 4 7 0 1 10 18 10
split_gain=257.092 17.6471 12.5216 12.1703 5.96756 4.33036 3.37874 3.03526 2.71554 2.0858 2.26016 2.04949 1.79805 1.57968 0.861625 0.858125 1.1513 0.865702 0.84668 0.725454 0.690476 0.575065 0.729054 0.553617 0.540315 0.366454 0.666617 0.30696 0.282099 0.278607
threshold=1.7500000000000002 0.91597561503675351 1.3500000000000003 2.0500000000000003 1.3500000000000003 2.0500000000000003 1.4500000000000002 3.3500000000000001 -1.0000000180025095e-35 1.6500000000000001 1.6500000000000001 4.6500000000000012 -0.60355339059327384 -0.60355339059327362 -1.0000000180025095e-35 -0.9159756150367534 2.4500000000000006 2.5500000000000003 3.8500000000000001 0.25881904510252057 1.8500000000000003 2.9333333333333296 2.5500000000000003 1.8500000000000003 4.4104166666666673 4.0500000000000007 4.7500000000000009 3.0500000000000003 -0.9159756150367534 0.8500000000000002
decision_type=2 2 2 2 2 2 2 2 2 2 2 2 2 2 2 2 2 2 2 2 2 2 2 2 2 2 2 2 2 2
left_child=1 2 18 5 -4 19 8 11 -3 -6 -11 15 -12 -7 -8 16 17 -5 -1 20 -2 28 23 -23 -15 26 29 -21 -17 -9
right_child=3 6 4 7 9 13 14 25 -10 10 12 -13 -14 24 -16 21 -18 -19 -20 27 -22 22 -24 -25 -26 -27 -28 -29 -30 -31
leaf_value=-0.041887075430767896 -0.014528365710219164 -0.028785636987091107 -0.0038484549612598186 -0.00068772427756105326 -0.022496412074597318 -0.01813858187429556 -0.031273129624853124 0.0053465964809471193 -0.048094601537571106 -0.011766259722727195 -0.014595909600663806 -0.023860279816007003 -0.016791700701715116 -0.016320523282543554 0.00041295925791176282 9.5021508770903889e-05 0.007394032569520593 -0.003933722432384195 -0.037996097553348512 -0.00085836359348637605 0.00018034384348427702 0.0023580269625512193 0.0033675937431053879 -0.01959474721206754 -0.0060470068756321264 0.093980850867758911 -0.0023391400532616125 0.0047222919480469205 0.0099877563694772773 0.023182135849310198
leaf_weight=187 27 28 42 31 42 45 25 106 33 41 25 25 53 25 31 40 63 26 95 29 35 36 208 34 27 4343 51 39 294 593
leaf_count=187 27 28 42 31 42 45 25 106 33 41 25 25 53 25 31 40 63 26 95 29 35 36 208 34 27 4343 51 39 294 593
internal_value=0.00058024 -0.0243317 -0.0276955 0.00305166 -0.0199412 -0.00601754 -0.0102712 0.00340455 -0.0167097 -0.0234321 -0.0203667 0.00103958 -0.0244051 -0.0123673 -0.00308772 0.00142974 -0.00165289 -0.00572414 -0.0331873 -0.00122137 -0.00431746 0.00203589 0.000688172 -0.0028169 -0.00739623 0.00375579 0.00292943 0.00162319 0.00315224 0.00325143
internal_weight=6679 602 485 6077 203 227 117 5850 61 161 119 757 78 97 56 732 120 57 282 130 62 612 278 70 52 5093 750 68 334 699
internal_count=6679 602 485 6077 203 227 117 5850 61 161 119 757 78 97 56 732 120 57 282 130 62 612 278 70 52 5093 750 68 334 699
is_linear=0
shrinkage=0.04


Tree=8
num_leaves=31
num_cat=0
split_feature=0 0 0 18 18 1 1 0 13 0 1 1 7 5 14 2 8 13 5 10 11 13 10 1 13 14 0 0 1 3
split_gain=239.711 18.0687 11.2124 9.60046 7.89345 6.05479 4.91759 3.20958 2.37674 2.07056 3.75897 2.02406 1.7539 0.995714 0.933853 0.806184 0.747903 0.705619 0.847348 0.463676 0.358874 0.544942 0.358371 0.612426 0.760921 1.09031 0.6894 0.308056 0.518126 0.284307
threshold=1.7500000000000002 1.2500000000000002 2.0500000000000003 0.91597561503675351 0.91597561503675351 1.3500000000000003 1.9500000000000002 3.2500000000000004 8.9500000000000011 1.5500000000000003 1.7500000000000002 4.7500000000000009 2.6937500000000005 4.2500000000000009 171.50000000000003 4.7500000000000009 2.7500000000000004 4.8500000000000005 2.0500000000000003 3.9500000000000006 13.850000000000003 3.5500000000000003 5.0500000000000007 2.2500000000000004 3.1500000000000008 164.50000000000003 2.2500000000000004 2.4500000000000006 2.3500000000000001 2.7500000000000004
decision_type=2 2 2 2 2 2 2 2 2 2 2 2 2 2 2 2 2 2 2 2 2 2 2 2 2 2 2 2 2 2
left_child=1 3 6 -1 5 14 13 11 17 29 -11 15 -5 -2 -3 22 -17 18 -8 -6 21 -18 23 -4 25 -25 -26 28 -24 -7
right_child=2 4 7 12 19 9 8 -9 -10 10 -12 -13 -14 -15 -16 16 20 -19 -20 -21 -22 -23 27 24 26 -27 -28 -29 -30 -31
leaf_value=-0.040211592413537181 0.001576118394573698 -0.0060787799603876959 0.0092686370352732701 -0.031716131789159857 -0.018751817279599937 -0.021957418777693135 -0.012341567160542999 0.061766998452612826 -0.0123297152201228 -0.0089412233668231221 -0.016894979903061241 -0.025215361614319396 -0.046903157978154301 -0.0044011763716894203 -0.0076894099063104749 -0.0052955511688326344 0.0055411154965188105 -0.0052526617252525607 -0.022162112599850705 0.00042231379521468621 0.0088873014262520842 -0.0075406936107881798 0.006971493139399809 0.0080029972710984488 -0.0034965848123202133 -0.007817985442470466 0.0068279163923937606 0.017789505489704469 -0.00016527863676341653 -0.018128024081729848
leaf_weight=246 72 26 117 25 27 44 27 4882 30 42 49 31 37 30 31 47 29 34 34 28 37 25 66 32 28 30 182 299 45 47
leaf_count=246 72 26 117 25 27 44 27 4882 30 42 49 31 37 30 31 47 29 34 34 28 37 25 66 32 28 30 182 299 45 47
internal_value=0.000652096 -0.023403 0.0030385 -0.0301877 -0.0162169 -0.01935 -0.00566667 0.0033772 -0.0109524 -0.0229071 -0.0182174 0.00127141 -0.015746 0.000854369 -0.0077931 0.00160768 -0.00120863 -0.00770833 -0.0102581 -0.0025 0.000913044 -0.00116364 0.002095 0.00122051 0.000175824 -0.00368254 0.00132701 0.00291971 0.00110714 -0.0273478
internal_weight=6679 602 6077 308 294 239 227 5850 125 182 91 968 62 102 57 937 138 95 61 55 91 54 799 389 272 62 210 410 111 91
internal_count=6679 602 6077 308 294 239 227 5850 125 182 91 968 62 102 57 937 138 95 61 55 91 54 799 389 272 62 210 410 111 91
is_linear=0
shrinkage=0.04


Tree=9
num_leaves=31
num_cat=0
split_feature=0 0 0 17 1 2 0 17 17 5 0 1 11 11 8 5 8 17 17 17 0 1 10 10 14 19 1 2 0 9
split_gain=222.708 18.6823 10.6985 5.9842 4.10003 3.16258 3.14307 2.85755 5.69834 2.68038 2.26614 2.19035 2.06605 1.88538 1.81881 1.25314 1.15718 0.882535 0.802096 0.708935 0.727828 1.64338 0.568573 0.602754 1.44648 0.504816 0.344886 0.297056 0.278685 0.293581
threshold=1.7500000000000002 1.1500000000000001 2.0500000000000003 -0.5 1.9500000000000002 1.8500000000000003 3.4500000000000006 -0.5 -0.25881904510252113 6.9500000000000011 1.8500000000000003 4.7500000000000009 10.350000000000003 2.9500000000000006 1.6500000000000001 4.0500000000000007 1.5500000000000003 -0.37940952255126065 0.37940952255126054 0.25881904510252091 2.2500000000000004 2.4500000000000006 5.2500000000000009 3.7500000000000004 156.50000000000003 1.0000000180025095e-35 2.1500000000000008 4.8500000000000005 1.4500000000000002 78.500000000000014
decision_type=2 2 2 2 2 2 2 2 2 2 2 2 2 2 2 2 2 2 2 2 2 2 2 2 2 2 2 2 2 2
left_child=1 7 4 5 15 14 11 -1 -9 13 -6 18 17 16 -3 -2 -5 -12 19 20 21 26 23 -22 -25 -15 -4 -20 -7 -30
right_child=2 3 6 9 10 28 -8 8 -10 -11 12 -13 -14 25 -16 -17 -18 -19 27 -21 22 -23 -24 24 -26 -27 -28 -29 29 -31
leaf_value=-0.042203127781202818 0.0018231537218414515 -0.015111461242372183 0.0089906993538659292 -0.014474995035204863 -0.010750109487544259 -0.027262328431972963 0.065571934647465593 -0.026449652947713363 -0.042210431295223796 -0.017231853485975609 0.00037082136268294392 -0.024206747063711301 -0.0247967936030178 -0.0053690145359039688 -0.0069845573939300775 -0.0038540910146875268 -0.006837681298765619 -0.015965792379948683 0.013537127758861289 -0.0057293298486277254 0.0032039092252277445 -0.0048051557126058651 0.013028898477775946 0.0098405966041151972 -0.011317979206347493 0.00017192882947557686 -0.0021224994554058965 0.00088894807890553594 -0.015114599495429978 -0.01447503534327821
leaf_weight=122 71 38 48 27 27 27 4723 40 112 44 37 41 29 38 31 31 31 32 290 39 261 39 236 66 42 33 39 26 34 25
leaf_count=122 71 38 48 27 27 27 4723 40 112 44 37 41 29 38 31 31 31 32 290 39 261 39 236 66 42 33 39 26 34 25
internal_value=0.000711976 -0.0224743 0.00301218 -0.0159514 -0.00549123 -0.0216667 0.00334302 -0.0301964 -0.0260915 -0.0107356 -0.0103175 0.00144326 -0.00735354 -0.00772308 -0.0149143 0.00046602 -0.0130169 -0.00348571 0.00178841 0.00108949 0.00137158 -0.00138583 0.00194719 0.000962162 -0.00154128 -0.00327778 0.00168182 0.00348265 -0.0268506 -0.0240667
internal_weight=6679 602 6077 328 227 155 5850 274 152 173 125 1127 98 129 69 102 58 69 1086 770 731 126 605 369 108 71 87 316 86 59
internal_count=6679 602 6077 328 227 155 5850 274 152 173 125 1127 98 129 69 102 58 69 1086 770 731 126 605 369 108 71 87 316 86 59
is_linear=0
shrinkage=0.04


Tree=10
num_leaves=31
num_cat=0
split_feature=0 18 0 0 1 0 1 8 8 1 0 13 9 16 4 8 1 2 6 4 8 8 10 10 1 0 11 6 4 3
split_gain=220.326 17.3816 15.8375 8.70554 5.14791 3.78771 3.63591 3.08328 2.80566 2.32754 2.10572 1.88485 1.49044 1.22198 1.82605 1.04713 1.01575 0.766608 0.797209 0.666875 0.60157 0.598904 0.56601 0.543707 0.453375 0.69145 0.439466 0.382962 0.360923 0.345167
threshold=1.6500000000000001 0.91597561503675351 2.0500000000000003 1.1500000000000001 2.0500000000000003 1.8500000000000003 1.3500000000000003 3.3500000000000001 1.4500000000000002 3.6500000000000008 1.5500000000000003 3.5500000000000003 86.500000000000014 187.50000000000003 5.1500000000000012 2.9500000000000006 2.3500000000000001 4.7500000000000009 4.8333333333333313 2.8500000000000001 5.7500000000000009 1.6500000000000001 4.7500000000000009 6.2500000000000009 2.3500000000000001 2.2500000000000004 11.450000000000001 3.1999999999999971 3.4500000000000006 3.0500000000000003
decision_type=2 2 2 2 2 2 2 2 2 2 2 2 2 2 2 2 2 2 2 2 2 2 2 2 2 2 2 2 2 2
left_child=1 3 4 22 13 -6 11 9 12 17 21 -5 -3 28 19 -11 -7 23 -19 -15 29 -8 -1 24 -4 -26 -27 -28 -2 -9
right_child=2 8 7 6 5 16 10 20 -10 15 -12 -13 -14 14 -16 -17 -18 18 -20 -21 -22 -23 -24 -25 25 26 27 -29 -30 -31
leaf_value=-0.040837565234580535 0.0019427316191973432 -0.017553629354414436 0.0082171946432390182 -0.0034358985433242499 -0.01943806351007981 -0.0085505583669621948 -0.020542770251050571 0.032826607239869375 -0.0073193849366684494 -0.018840009695970474 -0.011581330572457083 -0.01044592999223674 -0.044713742881379408 -0.0064762611359568357 0.00064002555272197801 -0.011064391832859661 -0.021722672699084299 -0.0058400250208811054 0.0033607112852271294 -0.026903440554784951 0.11525313029610992 -0.014548613163531716 -0.038522507814226295 0.0093181610652035927 -0.0071113559354955081 0.0066247203123423202 0.012073249138761772 -0.020027155799625187 -0.0037107964889965062 0.016776582183343155
leaf_weight=195 60 48 142 25 35 35 69 414 43 26 44 35 25 25 33 34 33 39 39 27 3743 32 33 249 28 142 29 30 46 902
leaf_count=195 60 48 142 25 35 35 69 414 43 26 44 35 25 25 33 34 33 39 39 27 3743 32 33 249 28 142 29 30 46 902
internal_value=0.000678577 -0.0235709 0.0028606 -0.0272535 -0.00618305 -0.0133462 -0.021068 0.00331867 -0.0097094 0.000938077 -0.0245205 -0.012459 -0.0144324 -0.00227083 -0.00581395 -0.00655738 -0.00765217 0.00159084 -0.00212658 -0.0104151 0.0036751 -0.0278039 -0.0326987 0.00206119 0.00108602 -1.73912e-05 0.000811881 -0.00206667 0.000598131 0.00293394
internal_weight=6660 549 6111 433 294 103 205 5817 116 758 145 60 73 191 85 60 68 698 78 52 5059 101 228 620 371 229 201 59 106 1316
internal_count=6660 549 6111 433 294 103 205 5817 116 758 145 60 73 191 85 60 68 698 78 52 5059 101 228 620 371 229 201 59 106 1316
is_linear=0
shrinkage=0.04


Tree=11
num_leaves=31
num_cat=0
split_feature=0 18 0 0 1 0 0 17 0 1 0 1 0 1 17 17 2 18 8 13 18 17 4 12 3 11 17 1 7 8
split_gain=209.017 16.6104 13.8867 9.42714 5.67593 3.40831 3.08454 3.36119 2.64494 2.62321 2.5881 2.74982 2.1679 2.01171 1.67357 1.35936 1.23384 1.0402 1.03543 0.907179 1.9267 0.872699 0.778046 0.726081 0.695212 0.663676 0.531441 0.484827 0.436188 0.428337
threshold=1.6500000000000001 0.91597561503675351 2.0500000000000003 1.0500000000000003 2.1500000000000008 3.4500000000000006 1.1500000000000001 -1.0000000180025095e-35 1.8500000000000003 1.3500000000000003 1.4500000000000002 1.6500000000000001 1.3500000000000003 4.8500000000000005 -0.60355339059327362 -0.70710678118654735 4.7500000000000009 0.37940952255126048 2.7500000000000004 4.8500000000000005 0.1294095225512602 0.37940952255126054 3.4500000000000006 57.500000000000007 2.4500000000000006 3.2500000000000004 0.25881904510252091 3.6500000000000008 5.3937500000000007 2.7500000000000004
decision_type=2 2 2 2 2 2 2 2 2 2 2 2 2 2 2 2 2 2 2 2 2 2 2 2 2 2 2 2 2 2
left_child=1 3 4 28 19 13 7 -3 -6 12 -11 -12 15 16 -10 -5 21 18 -18 22 -21 26 -2 -20 -22 -24 27 29 -1 -4
right_child=2 6 5 9 8 -7 -8 -9 14 10 11 -13 -14 -15 -16 -17 17 -19 23 20 24 -23 25 -25 -26 -27 -28 -29 -30 -31
leaf_value=-0.039281500757945793 0.0020068814313162061 -0.023104987185701191 0.00079627870531186553 -0.017281501324189971 -0.018866885800049655 0.060457000036408956 -0.005538493112792418 -0.042589613662228167 -0.023000063708202793 -0.024653999836488985 -0.0089054662278916282 -0.015095839313959547 -0.005064688598144026 -0.027885349931009291 -0.0045275178156846726 -0.01394363181622693 -0.006455364559820021 0.0028434292916140066 0.0084170935521828555 -0.022648628893833189 -0.0058620387025018292 0.013045307174934732 -0.006350259885092616 -0.01486554175339079 0.00042300733104273721 0.0017791719723289333 -0.0082228439506854527 -0.0023695579508655434 -0.034881237849340288 0.010051752396391268
leaf_weight=138 61 33 189 26 29 4706 49 34 25 78 28 51 32 31 27 38 30 56 25 29 27 304 27 41 41 28 30 25 42 380
leaf_count=138 61 33 189 26 29 4706 49 34 25 78 28 51 32 31 27 38 30 56 25 29 27 304 27 41 41 28 30 25 42 380
internal_value=0.000702597 -0.0229164 0.00282788 -0.0265161 -0.00564068 0.00325679 -0.00936752 -0.0148824 -0.0145854 -0.0213701 -0.0246329 -0.01905 -0.0158351 0.00126259 -0.00890566 -0.0200615 0.00155412 -0.00177778 -0.00428866 -0.00218692 -0.00502041 0.00210118 0.000205128 -0.00143284 -0.00127536 -0.00321429 0.0012416 0.00150588 -0.0335912 0.00174737
internal_weight=6660 549 6111 433 294 5817 116 67 81 253 157 79 96 1111 52 64 1080 152 96 213 97 928 116 66 68 55 624 594 180 569
internal_count=6660 549 6111 433 294 5817 116 67 81 253 157 79 96 1111 52 64 1080 152 96 213 97 928 116 66 68 55 624 594 180 569
is_linear=0
shrinkage=0.04


Tree=12
num_leaves=31
num_cat=0
split_feature=0 18 0 0 1 0 0 11 8 1 6 8 6 17 17 11 20 16 18 17 5 8 11 1 7 0 1 5 13 9
split_gain=199.884 16.8861 13.0527 10.3809 5.40469 3.0564 2.9356 2.84322 2.755 2.5202 1.92423 3.52277 1.79252 1.33076 1.25723 1.23779 1.01238 0.928769 2.03114 0.856166 0.802346 0.764998 1.04484 2.23408 0.726099 0.709275 1.06039 0.578805 0.461919 0.32333
threshold=1.6500000000000001 0.91597561503675351 2.0500000000000003 1.0500000000000003 2.1500000000000008 3.9500000000000006 1.8500000000000003 1.4500000000000002 0.95000000000000007 4.8500000000000005 2.2166666666666655 1.6500000000000001 1.7833333333333299 -0.60355339059327362 0.37940952255126054 7.8500000000000005 1.0000000180025095e-35 142.50000000000003 0.25881904510252057 0.25881904510252091 2.2500000000000004 2.8500000000000001 9.3500000000000032 2.7500000000000004 5.1354166666666679 2.2500000000000004 2.1500000000000008 3.7500000000000004 2.2500000000000004 79.500000000000014
decision_type=2 2 2 2 2 2 2 2 2 2 2 2 2 2 2 2 2 2 2 2 2 2 2 2 2 2 2 2 2 2
left_child=1 3 4 28 17 9 -6 12 -3 14 11 15 -5 -8 19 -9 -10 27 -19 21 -20 22 25 -24 -11 26 -4 -2 -1 -12
right_child=2 8 5 7 6 -7 13 10 16 24 29 -13 -14 -15 -16 -17 -18 18 20 -21 -22 -23 23 -25 -26 -27 -28 -29 -30 -31
leaf_value=-0.032457104503067769 0.0017154908959691635 -0.040662309479811816 0.01015945984164208 -0.0088085427430635715 -0.018112210368047669 0.076039592721222543 -0.022080061159874678 -0.015649422263449377 9.0475885413359388e-05 -0.030380631908304898 -0.020585624497767345 -0.0099977074070482057 -0.013679444312271079 -0.0043464171030572832 0.012579476379098042 -0.017288547045346388 -0.018678481690125794 -0.0090510592004772062 -0.022465532285150264 -0.017230203645932807 0.00092788484928739813 0.0097047642846101421 0.0071187727929130943 -0.014785546427851229 -0.0023547381804632085 0.0076753364508639465 -0.0089449421762131838 -0.005667890565989521 -0.037710240727627957 -0.020465075370477117
leaf_weight=25 69 36 27 34 29 4387 25 55 45 25 37 42 31 27 423 25 35 29 25 43 52 642 46 31 31 124 38 38 155 29
leaf_count=25 69 36 27 34 29 4387 25 55 45 25 37 42 31 27 423 25 35 29 25 43 52 642 46 31 31 124 38 38 155 29
internal_value=0.000762648 -0.0223345 0.00284097 -0.0259631 -0.00536949 0.00325679 -0.0140976 -0.0205827 -0.00868376 0.0016492 -0.0231111 -0.0197724 -0.0130303 -0.00815094 0.00198982 -0.0246914 -0.00444444 -0.002 -0.00463551 0.00118067 -0.00117949 0.00144334 -0.00035955 -0.00425641 -0.00659649 0.00124211 -0.00212121 0.00062963 -0.0333702 -0.0288955
internal_weight=6660 549 6111 433 294 5817 81 253 116 1430 188 122 65 52 1374 80 80 213 106 951 77 908 266 77 56 189 65 107 180 66
internal_count=6660 549 6111 433 294 5817 81 253 116 1430 188 122 65 52 1374 80 80 213 106 951 77 908 266 77 56 189 65 107 180 66
is_linear=0
shrinkage=0.04


Tree=13
num_leaves=31
num_cat=0
split_feature=0 17 0 8 1 0 12 0 0 14 6 1 5 17 17 17 10 0 17 13 6 6 17 8 2 8 1 8 4 20
split_gain=194.88 13.6068 12.124 8.79431 5.74677 5.32054 3.13777 3.0123 2.9356 2.87791 2.38457 2.21726 1.93175 2.203 1.45963 1.33076 1.21335 1.16706 1.07043 1.00705 1.42797 0.961218 0.697342 0.592215 0.979221 0.53586 0.782281 0.514388 0.473345 0.49106
threshold=1.6500000000000001 -0.5 2.0500000000000003 0.95000000000000007 2.1500000000000008 1.2500000000000002 50.500000000000007 3.7500000000000004 1.8500000000000003 152.50000000000003 1.9999999999999964 4.8500000000000005 6.9500000000000011 0.25881904510252091 1.0000000180025095e-35 -0.60355339059327362 4.6500000000000012 1.4500000000000002 0.37940952255126054 4.8500000000000005 2.0333333333333328 1.5833333333333297 0.25881904510252091 2.7500000000000004 4.0500000000000007 5.8500000000000005 6.0500000000000007 5.3500000000000005 3.4500000000000006 -0.22252093395631442
decision_type=2 2 2 2 2 2 2 2 2 2 2 2 2 2 2 2 2 2 2 2 2 2 2 2 2 2 2 2 2 2
left_child=1 5 4 14 19 -1 -5 11 -6 16 17 18 13 -11 -3 -10 -8 -7 22 28 21 -21 23 24 -4 26 -9 -28 -2 -30
right_child=2 3 7 6 8 10 9 25 15 12 -12 -13 -14 -15 -16 -17 -18 -19 -20 20 -22 -23 -24 -25 -26 -27 27 -29 29 -31
leaf_value=-0.032411956785923825 0.0018579865382247968 -0.033901937740882626 0.0017876371476313959 -0.0058181700642049488 -0.01738772195332576 -0.011945820053736551 -0.013929143527337854 0.034612739170106606 -0.021196858713479694 -0.011399503441131043 -0.01882070339705498 -0.022762840930504746 -0.018134842508046724 -0.01916330838212469 -0.038647531046304404 -0.0041725604189349879 -0.0027603620123960938 -0.0065541408168104057 0.0118218203404026 -0.0033651067263519253 0.00045657762924718247 -0.021961629890538022 -0.020907209456497426 0.0076424762028054743 -0.0055275320597938105 0.10705807821629028 0.0069971439554982239 -0.0053967696961272453 0.00040311821396549598 -0.008111427867935412
leaf_weight=148 61 41 180 42 29 30 32 749 25 49 49 47 29 27 50 27 27 25 391 26 46 25 39 608 45 3691 37 30 25 30
leaf_count=148 61 41 180 42 29 30 32 749 25 49 49 47 29 27 50 27 27 25 391 26 46 25 39 608 45 3691 37 30 25 30
internal_value=0.000762648 -0.0220436 0.00281479 -0.0161477 -0.0050983 -0.0289012 -0.0114783 0.00321554 -0.0140976 -0.0139636 -0.0215619 0.00152555 -0.0179245 -0.0142338 -0.0264783 -0.00815094 -0.00673333 -0.0153571 0.00184494 -0.00162617 -0.00461224 -0.00915385 0.001063 0.00130935 -0.000442478 0.0037063 0.00277111 -0.00135294 0.000888889 -0.00178571
internal_weight=6660 549 6111 297 294 252 206 5817 81 164 104 1310 105 76 91 52 59 55 1263 213 97 51 872 833 225 4507 816 67 116 55
internal_count=6660 549 6111 297 294 252 206 5817 81 164 104 1310 105 76 91 52 59 55 1263 213 97 51 872 833 225 4507 816 67 116 55
is_linear=0
shrinkage=0.04


Tree=14
num_leaves=31
num_cat=0
split_feature=0 18 0 8 17 17 13 8 10 6 0 13 0 6 0 7 19 1 13 2 0 18 17 14 17 17 17 14 9 0
split_gain=181.239 15.7315 12.4886 11.3335 4.16225 3.50848 2.59938 2.51985 1.97732 1.95671 2.00081 1.75987 2.53495 1.76929 1.69197 1.12216 0.931444 0.914527 0.76892 1.24749 0.736438 0.727031 1.51131 1.02482 0.71301 0.701845 1.14734 0.778359 0.700755 0.635458
threshold=1.6500000000000001 0.91597561503675351 0.95000000000000007 2.7500000000000004 -0.78656609248549292 -0.9159756150367534 5.6500000000000012 0.95000000000000007 4.9500000000000011 2.1833333333333322 1.3500000000000003 11.350000000000003 1.9500000000000002 2.8666666666666636 5.6500000000000012 2.3937500000000003 1.0000000180025095e-35 7.4500000000000011 2.5500000000000003 1.7500000000000002 1.7500000000000002 -0.9159756150367534 0.25881904510252091 182.50000000000003 0.25881904510252091 -1.0000000180025095e-35 -0.37940952255126065 99.500000000000014 65.500000000000014 2.7500000000000004
decision_type=2 2 2 2 2 2 2 2 2 2 2 2 2 2 2 2 2 2 2 2 2 2 2 2 2 2 2 2 2 2
left_child=1 2 -1 5 -4 8 18 -3 -2 10 -8 13 -13 20 17 -9 -10 21 19 -6 -7 22 -5 -24 28 26 29 -28 -15 -23
right_child=3 7 4 14 6 11 9 15 16 -11 -12 12 -14 24 -16 -17 -18 -19 -20 -21 -22 25 23 -25 -26 -27 27 -29 -30 -31
leaf_value=-0.034905352827085886 -0.014645743662582427 -0.037584827714975531 -0.02088226796450568 0.02391191778097437 -0.0042833964255023097 -0.0025878790494867393 -0.016144926688986233 -0.02157767151541487 -0.011170254736580404 -0.019176007168985244 -0.0084965102036195957 -0.0082247626151388531 0.0031080731450214994 0.011665941209998129 0.12677575127294141 -0.00025365789652559813 0.00022029251148950686 -0.0047869928860512093 -0.010578462658360833 -0.014293306267149686 0.0026420090470514889 4.1931104895468615e-05 -0.037975439084124596 0.004310495900490441 -0.016903479501463516 0.025554218715193235 0.016986821185642677 -0.043442613784022525 -0.0057337840244478869 0.016248671106227713
leaf_weight=148 48 36 93 127 27 44 29 27 26 27 30 27 27 33 3392 53 34 27 42 37 266 128 37 43 42 929 35 65 61 720
leaf_count=148 48 36 93 127 27 44 29 27 26 27 30 27 27 33 3392 53 34 27 42 37 266 128 37 43 42 929 35 65 61 720
internal_value=0.000822699 -0.0211709 -0.0246728 0.0028017 -0.0196503 -0.00237767 -0.0161244 -0.008 -0.00888073 -0.0213333 -0.0167333 -0.000958084 -0.00770909 -0.000125279 0.00337427 -0.00395062 -0.00393443 0.00248295 -0.0117383 -0.0145231 0.00154341 0.00257842 0.000326923 -0.00395062 -0.00391241 0.00282641 0.0020569 -0.0019802 -0.00193684 0.00253475
internal_weight=6660 549 433 6111 285 608 192 116 108 86 59 500 54 446 5503 80 60 2111 106 64 310 2084 207 80 136 1877 948 100 94 848
internal_count=6660 549 433 6111 285 608 192 116 108 86 59 500 54 446 5503 80 60 2111 106 64 310 2084 207 80 136 1877 948 100 94 848
is_linear=0
shrinkage=0.04


Tree=15
num_leaves=31
num_cat=0
split_feature=8 8 18 8 10 16 18 6 8 10 8 8 1 10 12 16 3 5 6 8 5 4 12 8 10 18 10 13 13 14
split_gain=158.693 15.1235 10.9495 9.5643 6.63888 3.90893 3.87614 3.30738 2.87744 2.65785 2.55141 1.95671 1.70184 1.7012 1.53745 1.45052 1.37661 1.30699 1.01449 1.00125 0.869765 0.801522 0.833333 0.719246 0.568783 0.654227 0.4423 0.413947 0.403926 0.932823
threshold=1.9500000000000002 1.4500000000000002 0.91597561503675351 2.7500000000000004 3.0500000000000003 682.50000000000011 0.91597561503675351 1.8166666666666635 0.95000000000000007 4.1500000000000012 1.6500000000000001 5.8500000000000005 3.2500000000000004 2.1500000000000008 79.500000000000014 1257.5000000000002 2.1500000000000008 5.7500000000000009 6.5499999999999998 0.8500000000000002 2.7500000000000004 6.8500000000000005 81.500000000000014 2.0500000000000003 5.3500000000000005 -0.9159756150367534 0.35000000000000003 9.4500000000000011 2.1500000000000008 288.50000000000006
decision_type=2 2 2 2 2 2 2 2 2 2 2 2 2 2 2 2 2 2 2 2 2 2 2 2 2 2 2 2 2 2
left_child=1 2 4 5 -1 12 7 10 -6 20 -3 18 23 15 -11 -7 -10 -17 24 -4 -9 22 -20 -2 25 -5 -13 -25 29 -27
right_child=3 6 19 11 8 13 -8 9 16 14 -12 26 -14 -15 -16 17 -18 -19 21 -21 -22 -23 -24 27 -26 28 -28 -29 -30 -31
leaf_value=-0.029698251812356496 -0.01328006797248751 -0.0085517878549711285 -0.03534637779701208 -0.0059381728954871708 -0.035931038186395751 0.0016329692008170916 -0.00081700053762251499 -0.023739644120632182 -0.013705200896574303 -0.019230974923364733 -0.0038017279749010592 -0.0070526542418231034 -0.015461210137559071 -0.014820140897319849 -0.01674270743481468 -0.016169668872903067 -0.012464392956696237 -0.0062096186282713751 0.0013786446989600579 -0.012757658342315618 -0.012069275175900424 0.0066028814496834343 -0.02471759707722183 0.0017031210277830844 0.019853915451354846 0.0097258017561901357 0.10124497486944441 -0.0017265838957834601 0.0072932657611350787 -0.0086273340036045736
leaf_weight=142 42 36 32 46 39 39 40 34 39 27 54 34 29 42 41 29 46 25 29 40 31 90 25 324 889 63 3669 25 609 25
leaf_count=142 42 36 32 46 39 39 40 34 39 27 54 34 29 42 41 29 46 25 29 40 31 90 25 324 889 63 3669 25 609 25
internal_value=0.000852924 -0.0187309 -0.0243304 0.0028063 -0.0280749 -0.00219424 -0.0114697 -0.0135179 -0.020992 -0.0175224 -0.00747253 0.00331314 -0.000285035 -0.00808823 -0.0117101 -0.00497872 -0.0165116 -0.00916364 0.00221947 -0.0103014 -0.0233333 -0.000993103 -0.0048 0.000418367 0.00250337 0.0016828 0.00383693 0.00101714 0.00198854 -0.000539326
internal_weight=6635 601 338 6034 266 555 263 223 124 133 90 5479 420 135 68 93 85 54 1776 72 65 144 54 391 1632 743 3703 349 697 88
internal_count=6635 601 338 6034 266 555 263 223 124 133 90 5479 420 135 68 93 85 54 1776 72 65 144 54 391 1632 743 3703 349 697 88
is_linear=0
shrinkage=0.04


Tree=16
num_leaves=31
num_cat=0
split_feature=0 0 0 18 1 18 1 0 10 1 0 1 0 8 4 17 3 18 4 16 12 12 14 17 17 14 14 14 10 0
split_gain=155.532 14.8184 11.1904 10.7093 5.49473 5.05078 4.57788 3.34545 3.22465 2.30965 2.30058 2.22531 2.15357 1.79368 1.28396 1.26078 1.00861 1.07201 0.781713 0.958798 1.1712 1.08413 0.841119 0.769553 0.709442 0.728129 0.708812 1.25097 0.901824 0.648627
threshold=1.6500000000000001 1.1500000000000001 2.0500000000000003 0.91597561503675351 1.3500000000000003 0.91597561503675351 2.1500000000000008 3.4500000000000006 3.2500000000000004 3.6500000000000008 1.4500000000000002 1.6500000000000001 1.8500000000000003 0.95000000000000007 5.3500000000000005 -1.0000000180025095e-35 1.2500000000000002 -0.60355339059327384 7.2500000000000009 187.50000000000003 45.500000000000007 85.500000000000014 152.50000000000003 -0.60355339059327362 0.37940952255126054 114.50000000000001 176.50000000000003 164.50000000000003 5.0500000000000007 5.6500000000000012
decision_type=2 2 2 2 2 2 2 2 2 2 2 2 2 2 2 2 2 2 2 2 2 2 2 2 2 2 2 2 2 2
left_child=1 3 6 8 16 10 18 9 -1 24 23 -12 -8 -10 -11 -5 -3 -18 19 21 -21 -2 -22 -6 25 -4 27 28 -27 -9
right_child=2 4 7 15 5 -7 12 29 13 14 11 -13 -14 -15 -16 -17 17 -19 -20 20 22 -23 -24 -25 -26 26 -28 -29 -30 -31
leaf_value=-0.029004653114242128 0.0011318738293182909 -0.006310369345609349 0.0092484112236636412 -0.018301550338682512 -0.020330302152019399 -0.0059885451845895464 -0.015666642186109987 0.023387431161429679 -0.033249194316779078 -0.016622178684545543 -0.0060219434748084279 -0.015556061019387545 -0.014692990917979565 -0.01344114282522442 2.4688837523807647e-06 -0.034013368579002334 -0.013549891463105396 0.0022766761953401178 0.0011404244935204484 0.00073595312808783029 -0.0036601146119309121 -0.0070575767886869468 -0.020140661426179748 -0.016228106100099639 0.010722263142394191 -0.0047217278932522285 0.0048911323660550008 -0.0075303904880279502 0.0075269138554255538 0.11765492222724597
leaf_weight=144 68 26 174 35 37 32 27 1294 34 58 33 52 56 36 67 31 27 36 33 32 25 31 28 27 291 43 360 34 59 3405
leaf_count=144 68 26 174 35 37 32 27 1294 34 58 33 52 56 36 67 31 27 36 33 32 25 31 28 27 291 43 360 34 59 3405
internal_value=0.000895118 -0.0194555 0.00273743 -0.0259075 -0.0126937 -0.0166813 -0.00478405 0.00312824 -0.0302512 0.00112604 -0.01976 -0.0151163 -0.0127143 -0.0225352 -0.00396825 -0.0115821 -0.00448889 -0.0016875 -0.00170642 -0.00272432 -0.00581395 -3.99999e-05 -0.00940741 -0.0256 0.0017921 0.00107303 0.000289739 -0.00216058 7.767e-05 0.00359064
internal_weight=6635 550 6085 280 270 181 300 5785 214 1086 149 85 83 70 125 66 89 63 217 184 85 99 53 64 961 670 496 136 102 4699
internal_count=6635 550 6085 280 270 181 300 5785 214 1086 149 85 83 70 125 66 89 63 217 184 85 99 53 64 961 670 496 136 102 4699
is_linear=0
shrinkage=0.04


Tree=17
num_leaves=31
num_cat=0
split_feature=0 0 18 0 1 18 10 1 0 0 0 1 1 13 13 18 4 0 14 16 4 0 10 12 17 17 0 1 18 0
split_gain=148.852 14.5435 9.85803 9.37107 4.91284 4.59953 4.2628 3.25772 3.08129 2.47484 2.4067 2.09353 1.74326 1.37834 1.26078 1.21127 1.07782 1.00134 0.950879 0.834943 1.78985 1.6435 0.736442 0.688168 0.673939 0.634104 0.601793 1.36194 0.754874 0.597068
threshold=1.6500000000000001 1.1500000000000001 0.91597561503675351 2.0500000000000003 1.3500000000000003 0.91597561503675351 3.2500000000000004 2.1500000000000008 3.4500000000000006 1.4500000000000002 1.8500000000000003 3.6500000000000008 1.6500000000000001 9.1500000000000004 4.7500000000000009 -0.60355339059327384 5.3500000000000005 0.95000000000000007 173.50000000000003 187.50000000000003 4.9500000000000011 1.8500000000000003 0.35000000000000003 85.500000000000014 0.37940952255126054 0.25881904510252091 5.7500000000000009 6.4500000000000011 -0.12940952255126037 3.0500000000000003
decision_type=2 2 2 2 2 2 2 2 2 2 2 2 2 2 2 2 2 2 2 2 2 2 2 2 2 2 2 2 2 2
left_child=1 2 6 7 13 9 -1 19 11 -6 -9 24 -11 15 -4 -3 29 -8 -12 23 21 -21 -10 -2 25 -5 27 -24 -29 -13
right_child=3 4 14 8 5 -7 17 10 22 12 18 16 -14 -15 -16 -17 -18 -19 -20 20 -22 -23 26 -25 -26 -27 -28 28 -30 -31
leaf_value=-0.027844466989672446 0.001293927083332137 -0.0078801248881709331 -0.03225132134999311 0.0042666952948718371 -0.017666049338126207 -0.0057490033772059634 -0.031777118606563126 -0.015039976498665586 -0.0037677617422982018 -0.0057810657358160948 -0.017800585421432365 -0.023361266441712884 -0.014933818578612047 -0.0083494642695941344 -0.023059523012466686 0.0032135033100681894 2.3701284022841405e-06 -0.013187647076728537 -0.0020380185243652287 -0.015180401838592457 0.00095434395696743701 -0.0040467971685717637 0.027022640399691863 -0.0053351060576270464 0.010293372616698422 -0.0140802052656282 0.11694872152345885 -0.010538907912678475 0.0097001083433403638 -0.0070069931554478191
leaf_weight=144 78 28 31 636 64 32 37 27 42 33 25 27 52 27 35 34 67 33 31 25 43 35 1261 36 291 34 3320 39 37 31
leaf_count=144 78 28 31 636 64 32 37 27 42 33 25 27 52 27 35 34 67 33 31 25 43 35 1261 36 291 34 3320 39 37 31
internal_value=0.000961423 -0.0189474 -0.0253381 0.00276372 -0.0122509 -0.016022 -0.029507 -0.0041196 0.00312133 -0.01896 -0.0108095 0.00119963 -0.014186 -0.00448889 -0.0115821 -0.00114286 -0.00365079 -0.0208451 -0.00589474 -0.00152294 -0.00411538 -0.00852459 0.00356511 0.000834783 0.00183368 0.00113264 0.00361271 0.00289088 -0.00228571 -0.00759322
internal_weight=6635 550 280 6085 270 181 214 300 5785 149 83 1086 85 89 66 62 125 70 56 217 103 60 4699 114 961 670 4657 1337 76 58
internal_count=6635 550 280 6085 270 181 214 300 5785 149 83 1086 85 89 66 62 125 70 56 217 103 60 4699 114 961 670 4657 1337 76 58
is_linear=0
shrinkage=0.04


Tree=18
num_leaves=31
num_cat=0
split_feature=0 0 18 0 1 17 16 6 17 0 14 11 17 0 1 1 3 6 0 0 7 18 1 18 6 17 18 17 12 14
split_gain=139.151 13.9713 8.64669 8.61133 4.343 2.96441 2.74797 2.18427 1.96319 1.76898 1.55709 2.20489 1.26078 1.22097 1.22797 1.11583 1.11213 1.01899 0.983784 0.926986 0.977641 0.925701 0.832422 0.822224 0.755674 0.678916 0.557996 1.16789 1.19205 0.544942
threshold=1.6500000000000001 1.1500000000000001 0.91597561503675351 2.7500000000000004 1.5500000000000003 -0.9159756150367534 57.500000000000007 1.8166666666666635 -0.5 1.8500000000000003 297.50000000000006 7.4500000000000011 -1.0000000180025095e-35 5.6500000000000012 6.3500000000000005 1.6500000000000001 1.8500000000000003 2.2833333333333301 1.9500000000000002 0.8500000000000002 3.589583333333334 -0.78656609248549325 1.3500000000000003 0.1294095225512602 2.2833333333333301 -0.60355339059327362 -0.9159756150367534 0.25881904510252091 76.500000000000014 133.50000000000003
decision_type=2 2 2 2 2 2 2 2 2 2 2 2 2 2 2 2 2 2 2 2 2 2 2 2 2 2 2 2 2 2
left_child=1 2 6 5 16 10 -1 -6 -9 15 11 18 -4 14 26 -7 25 -11 -2 -8 -21 -18 -23 -16 -17 -3 27 -5 -29 -20
right_child=3 4 12 13 7 9 19 8 -10 17 -12 -13 -14 -15 23 24 21 -19 29 20 -22 22 -24 -25 -26 -27 -28 28 -30 -31
leaf_value=-0.012842003983992717 -0.0088996406592909381 -0.0068622315599954735 -0.01627943547113549 0.022514619162025348 -0.0066823255612692631 0.00045976438277540597 -0.030154968916062456 -0.019015124167493219 -0.012497973644713029 0.0053309416738390918 0.0075435039846958934 -0.014658285048333565 -0.031730452898907358 0.10827077647721776 -0.0082347361478158736 -0.021547670027896586 -0.018861331807408236 -0.00069554863848036313 0.0015675705588273658 -0.018298325902663708 -0.012926626544480114 0.0018531527546160932 -0.0068313989885460712 0.016198186675657835 -0.0084605116778309324 -0.0082906032160654751 0.019072340020884097 0.014005554826561281 -0.030345240508283817 -0.0017219590368584895
leaf_weight=42 27 25 35 100 26 45 107 56 42 193 27 37 31 3405 51 25 28 392 29 39 26 35 26 33 43 32 1592 27 34 25
leaf_count=42 27 25 35 100 26 45 107 56 42 193 27 37 31 3405 51 25 28 392 29 39 26 35 26 33 43 32 1592 27 34 25
internal_value=0.00102773 -0.0182214 -0.024484 0.00277029 -0.0116605 -0.000981042 -0.0283907 -0.017152 -0.0198788 0.000103004 -0.00616438 -0.00813445 -0.0115821 0.00337364 0.00253972 -0.00445614 -0.00691156 0.000989761 -0.00434146 -0.0307052 -0.0257576 -0.00404444 -0.00122581 -0.00216471 -0.00765217 -0.0112414 0.00276625 0.000518519 -0.00380645 -0.00116364
internal_weight=6635 550 280 6085 270 843 214 124 98 698 145 118 66 5242 1837 113 146 585 81 172 65 89 61 84 68 57 1753 161 61 54
internal_count=6635 550 280 6085 270 843 214 124 98 698 145 118 66 5242 1837 113 146 585 81 172 65 89 61 84 68 57 1753 161 61 54
is_linear=0
shrinkage=0.04


Tree=19
num_leaves=31
num_cat=0
split_feature=0 0 18 0 17 8 0 1 1 1 18 13 8 18 5 8 2 18 14 17 0 5 17 4 6 0 6 16 4 17
split_gain=132.665 13.1036 7.69947 7.08354 6.73103 3.28554 2.40181 2.45795 2.43901 1.73604 2.06777 2.40486 1.85304 1.17289 1.09554 0.950306 1.01135 0.992108 1.12838 0.940291 1.08237 0.851356 0.709799 1.20037 0.691086 1.13969 0.688914 0.666878 0.571899 0.516702
threshold=1.6500000000000001 0.95000000000000007 0.91597561503675351 3.0500000000000003 -0.70710678118654735 1.5500000000000003 1.9500000000000002 1.9500000000000002 3.7500000000000004 1.0500000000000003 0.91597561503675351 9.5500000000000025 1.5500000000000003 0.25881904510252057 2.9500000000000006 6.8500000000000005 8.7500000000000018 0.1294095225512602 175.50000000000003 -0.5 0.65000000000000002 5.7500000000000009 -0.5 4.7500000000000009 3.9499999999999988 2.2500000000000004 1.2249999999999979 112.50000000000001 5.3500000000000005 0.37940952255126054
decision_type=2 2 2 2 2 2 2 2 2 2 2 2 2 2 2 2 2 2 2 2 2 2 2 2 2 2 2 2 2 2
left_child=1 2 19 6 5 21 7 22 24 26 11 12 -11 27 -7 16 -5 18 -18 -1 -21 -3 23 -2 29 -26 -6 -9 -10 -8
right_child=3 4 -4 15 9 14 8 13 28 10 -12 -13 -14 -15 -16 -17 17 -19 -20 20 -22 -23 -24 -25 25 -27 -28 -29 -30 -31
leaf_value=-0.028841045080709105 -0.0042001671651183048 -0.018642427340941133 -0.029755556238813093 0.022349703653844481 -0.005606622550764352 -0.0069550303700688376 0.0018145725969640337 -0.022997329629014747 -0.025156122741483249 -0.012080190732349311 -0.011093328193507493 -0.012175548533286645 -0.002788856471291342 -0.0043445897834318787 -0.015526671391369521 0.11193995686222084 0.0060517338123565415 0.016104580248347742 -0.012699560665479549 -0.032000040750462692 -0.012835126541174849 -0.016229102913260407 0.0013289508672643072 0.00096377928226833024 -0.0044151246036622125 0.0017740383558940856 0.0030053802041122984 -0.017868319014528202 -0.0024640408864787054 0.0067056693863068641
leaf_weight=84 35 42 47 1680 25 37 482 27 25 53 44 40 43 34 28 3199 43 41 28 31 26 25 72 29 29 99 25 28 32 202
leaf_count=84 35 42 47 1680 25 37 482 27 25 53 44 40 43 34 28 3199 43 41 28 31 26 25 72 29 29 99 25 28 32 202
internal_value=0.00108198 -0.0177132 -0.0262857 0.00278344 -0.0132011 -0.020391 -0.000131507 -0.00380531 0.000822989 -0.00900433 -0.0108287 -0.0132555 -0.00964948 -0.00893333 -0.0136364 0.00342228 0.00268154 -0.00099115 -0.00383333 -0.0309577 -0.0257241 -0.0266471 -0.000408759 -0.00344615 0.00138745 -0.00130233 -0.00235294 -0.0125 -0.00710345 0.00189197
internal_weight=6635 550 188 6085 362 132 1094 225 869 230 180 136 96 89 65 4991 1792 112 71 141 57 67 136 64 812 128 50 55 57 684
internal_count=6635 550 188 6085 362 132 1094 225 869 230 180 136 96 89 65 4991 1792 112 71 141 57 67 136 64 812 128 50 55 57 684
is_linear=0
shrinkage=0.04


Tree=20
num_leaves=31
num_cat=0
split_feature=0 0 0 17 18 0 1 17 10 10 6 1 5 18 0 11 5 17 10 3 6 3 16 11 10 17 17 14 13 13
split_gain=128.697 12.195 10.5212 5.46982 4.29989 3.51885 3.42701 2.21916 2.0614 1.9376 1.93665 1.69109 1.43236 1.40774 1.13786 1.1223 2.36312 1.23049 0.988498 0.974576 1.19825 0.93097 0.930608 0.807633 0.738003 0.66912 1.06284 0.463151 0.400997 0.513236
threshold=1.5500000000000003 1.9500000000000002 0.8500000000000002 -0.5 0.91597561503675351 3.5500000000000003 2.4500000000000006 0.25881904510252091 3.6500000000000008 3.2500000000000004 3.7499999999999969 1.3500000000000003 1.8500000000000003 0.60355339059327384 1.3500000000000003 20.250000000000004 8.3500000000000032 -0.78656609248549292 10.850000000000003 2.4500000000000006 1.5833333333333297 3.2500000000000004 752.50000000000011 11.050000000000002 0.35000000000000003 0.37940952255126054 0.25881904510252091 350.50000000000006 3.4500000000000006 7.4500000000000011
decision_type=2 2 2 2 2 2 2 2 2 2 2 2 2 2 2 2 2 2 2 2 2 2 2 2 2 2 2 2 2 2
left_child=2 6 4 8 9 10 13 12 14 -1 25 -9 -5 19 -4 16 17 22 -19 20 -2 -14 -12 -15 -7 26 27 -3 -21 -30
right_child=1 5 3 7 -6 24 -8 11 -10 -11 15 -13 21 23 -16 -17 -18 18 -20 28 -22 -23 -24 -25 -26 -27 -28 -29 29 -31
leaf_value=-0.027687403277480743 -0.0046291192608910797 0.0050936206890782321 -0.015987550035062376 -0.011589986993336269 -0.029459162525042985 -0.0032039875928213443 -0.021571548083481096 -0.0091165652090147136 -0.0097167531612358995 -0.029785371934963823 -0.0020613649714516734 -0.018047906163993838 -0.010683548440430384 0.00088341327195106528 -0.011770479132728448 0.0034630945360455629 -0.016121465864112255 0.004626534467313999 -0.0085799124701709771 -0.016172708232579734 -0.0093835647109607803 0.0011213190396905531 -0.01203330809550957 -0.0039354596440519867 0.051462354773034742 0.0094378746067123494 -0.0074911293327294707 -0.0093985000167599673 0.0010973904699141624 -0.0036520206672593105
leaf_weight=83 26 560 75 47 39 42 30 27 49 36 41 25 33 68 28 74 37 126 28 32 35 41 25 34 4623 318 33 27 27 25
leaf_count=83 26 560 75 47 39 42 30 27 49 36 41 25 33 68 28 74 37 126 28 32 35 41 25 34 4623 318 33 27 27 25
internal_value=0.00113159 0.00267933 -0.0187355 -0.0145399 -0.0272201 0.00306251 -0.00551079 -0.00958621 -0.0200784 -0.0310333 0.0011937 -0.0164528 -0.00652459 -0.00391935 -0.0233462 -0.00143373 -0.00268217 -0.00108597 0.000877419 -0.00643836 -0.0102581 -0.00298667 -0.00561194 -0.000310679 0.00357051 0.00212141 0.00135266 0.0017483 -0.00357647 -0.00135849
internal_weight=6694 6211 483 325 158 5934 277 173 152 119 1269 52 121 247 103 331 257 220 154 145 61 74 66 102 4665 938 620 587 84 52
internal_count=6694 6211 483 325 158 5934 277 173 152 119 1269 52 121 247 103 331 257 220 154 145 61 74 66 102 4665 938 620 587 84 52
is_linear=0
shrinkage=0.04


Tree=21
num_leaves=31
num_cat=0
split_feature=8 8 8 10 18 18 18 11 8 10 10 8 1 1 10 17 8 18 12 10 1 8 13 10 17 13 13 14 1 2
split_gain=118.463 14.2394 6.78108 6.465 3.71268 3.27903 3.25781 3.05604 2.43326 2.14846 1.9673 1.94527 1.79554 1.47643 1.64409 1.44647 1.19958 1.14336 1.08799 1.03693 1.07593 0.937146 1.61358 0.790031 0.774698 0.728997 0.699415 0.648163 0.731791 1.06982
threshold=1.8500000000000003 0.95000000000000007 2.4500000000000006 4.1500000000000012 0.91597561503675351 0.91597561503675351 0.25881904510252057 1.7500000000000002 6.8500000000000005 6.0500000000000007 3.2500000000000004 1.6500000000000001 1.3500000000000003 2.4500000000000006 2.7500000000000004 -0.78656609248549292 2.1500000000000008 1.0000000180025095e-35 62.500000000000007 5.0500000000000007 6.5500000000000007 3.9500000000000006 9.7500000000000018 0.35000000000000003 -1.0000000180025095e-35 2.9500000000000006 4.0500000000000007 99.500000000000014 4.8500000000000005 6.3500000000000005
decision_type=2 2 2 2 2 2 2 2 2 2 2 2 2 2 2 2 2 2 2 2 2 2 2 2 2 2 2 2 2 2
left_child=1 4 13 5 10 11 7 9 17 -5 -1 12 18 14 16 -15 -2 19 -3 20 21 22 25 -10 27 -4 -9 -19 29 -29
right_child=2 3 8 6 -6 -7 -8 26 23 -11 -12 -13 -14 15 -16 -17 -18 24 -20 -21 -22 -23 -24 -25 -26 -27 -28 28 -30 -31
leaf_value=-0.026736115754397518 -0.0071088614288350527 -0.010711466559198331 -0.0029336709195907089 0.0018962731328806609 -0.028657096014321978 -0.020285838741690577 0.00012189908381709826 -0.016357718392252467 -0.024048926795245153 -0.011571257397819024 -0.028526951168121373 -0.007037687177654196 -0.018252395739351033 -0.015465498986124156 0.00028012554422691976 -0.0020875801608517732 -0.0024979911699558759 0.01208173093693575 -0.0061324989697557619 0.010628856758002389 -0.0070645062256249214 0.0078756809678941012 -0.016597264960832889 0.10540386439681061 0.02526650755992535 0.0031042094659836793 -0.011303059569209286 0.0019906242511608056 0.014896596249523688 -0.0024434906912974039
leaf_weight=77 35 43 29 26 35 47 64 26 30 40 39 38 51 27 234 45 37 243 36 836 30 158 30 3175 765 89 28 263 91 27
leaf_count=77 35 43 29 26 35 47 64 26 30 40 39 38 51 27 234 45 37 243 36 836 30 158 30 3175 765 89 28 263 91 27
internal_value=0.00114354 -0.0166243 0.00273653 -0.01261 -0.0270789 -0.0173148 -0.00704865 -0.0109091 0.00307682 -0.00501493 -0.0305641 -0.019929 -0.0222901 -0.00244855 -0.00122476 -0.00756164 -0.00646575 0.00215613 -0.01805 0.00123444 -0.000640949 7.8176e-05 -0.00220134 0.0038116 0.00293237 -6.72267e-05 -0.0178909 0.0018816 0.000848168 -0.000137457
internal_weight=6694 550 6144 399 151 215 184 120 5766 66 116 168 130 378 306 72 72 2561 79 1172 336 306 148 3205 1389 118 54 624 381 290
internal_count=6694 550 6144 399 151 215 184 120 5766 66 116 168 130 378 306 72 72 2561 79 1172 336 306 148 3205 1389 118 54 624 381 290
is_linear=0
shrinkage=0.04


Tree=22
num_leaves=31
num_cat=0
split_feature=0 8 0 10 18 18 1 8 1 8 0 1 10 1 0 5 1 6 19 18 6 10 10 7 14 8 1 13 8 8
split_gain=112.352 12.8339 10.4059 4.40994 4.27427 3.71268 2.73984 3.00069 2.72981 2.21053 2.0924 3.51181 1.9673 1.78732 1.64066 1.35328 1.14222 0.918555 0.895938 0.851848 0.798359 0.680258 0.678612 0.582155 0.580575 0.649768 0.617797 0.524052 0.479261 0.441752
threshold=1.5500000000000003 0.95000000000000007 2.3500000000000001 4.1500000000000012 0.91597561503675351 0.91597561503675351 2.4500000000000006 2.2500000000000004 1.3500000000000003 1.6500000000000001 4.2500000000000009 5.4500000000000011 3.2500000000000004 1.0500000000000003 1.8500000000000003 2.5500000000000003 1.7500000000000002 5.9416666666666655 -0.60785761079279388 -0.9159756150367534 2.1833333333333322 0.35000000000000003 2.6500000000000008 8.5437500000000011 288.50000000000006 3.1500000000000008 4.4500000000000011 12.350000000000003 3.9500000000000006 1.3500000000000003
decision_type=2 2 2 2 2 2 2 2 2 2 2 2 2 2 2 2 2 2 2 2 2 2 2 2 2 2 2 2 2 2
left_child=1 5 6 4 9 12 14 -8 29 13 11 17 -1 -3 16 -10 -2 24 -15 -16 -18 -12 -9 -19 26 -26 -4 -21 -28 -5
right_child=2 3 10 8 -6 -7 7 22 15 -11 21 -13 -14 18 19 -17 20 23 -20 27 -22 -23 -24 -25 25 -27 28 -29 -30 -31
leaf_value=-0.025666671124221618 -0.0013005574542668333 -0.0075054264722965716 0.012866319499998859 -0.0044713404168262296 -0.014699211583891295 -0.027510812173749098 -0.016839313559584852 0.00065621393705307825 -0.0066101788491002749 -0.006668644930888386 -0.0022180292953924586 -0.010400652731771938 -0.027385873121396512 -0.010004398374552533 -0.014890030037513869 -0.019216826694123765 -0.012781325061500435 -0.004123500340290809 -0.018304360198710925 0.0023321160524880408 -0.004895202768039203 0.065187706006240922 -0.0046976054385677391 0.0030367702375965859 -0.0043213259078383236 0.010909802728674103 -0.0071732557995502367 -0.0066453900708455119 0.0079320248310237994 0.0014347024865335528
leaf_weight=77 90 39 1039 29 46 35 40 37 30 38 32 40 39 40 35 29 31 59 50 238 57 4192 45 31 38 132 25 25 25 31
leaf_count=77 90 39 1039 29 46 35 40 37 30 38 32 40 39 40 35 29 31 59 50 238 57 4192 45 31 38 132 25 25 25 31
internal_value=0.00114951 -0.0174132 0.00259562 -0.0129489 -0.0163925 -0.0270789 -0.00241736 -0.00773984 -0.0067 -0.0193571 0.00313003 0.0017813 -0.0305641 -0.0218769 -0.00103983 -0.0127333 -0.00406704 0.00213037 -0.0250549 0.00077592 -0.0072809 0.00357302 -0.00327711 -0.00175824 0.00240952 0.000233918 0.00274862 0.00156061 -0.00156863 -0.000655738
internal_weight=6694 483 6211 332 213 151 598 122 119 167 5613 1389 116 129 476 59 178 1349 90 298 88 4224 82 90 1259 170 1089 263 50 60
internal_count=6694 483 6211 332 213 151 598 122 119 167 5613 1389 116 129 476 59 178 1349 90 298 88 4224 82 90 1259 170 1089 263 50 60
is_linear=0
shrinkage=0.04


Tree=23
num_leaves=31
num_cat=0
split_feature=0 0 0 18 1 10 0 1 14 0 1 10 13 18 18 7 1 13 7 0 3 18 16 5 2 18 2 10 4 0
split_gain=101.789 11.6151 11.3948 6.05996 4.43922 4.50428 2.71062 2.73818 2.1615 1.98151 1.77951 1.76189 1.50457 1.36828 1.29106 1.17987 1.17334 1.12591 1.54403 1.02322 1.01109 1.45902 0.928841 0.789964 0.707192 0.654172 0.750295 0.553505 0.544434 0.507573
threshold=1.4500000000000002 2.4500000000000006 0.8500000000000002 0.91597561503675351 1.0500000000000003 4.1500000000000012 1.8500000000000003 1.9500000000000002 225.50000000000003 6.1500000000000012 2.2500000000000004 3.2500000000000004 11.65 0.60355339059327384 0.1294095225512602 3.7229166666666673 6.4500000000000011 1.8500000000000003 2.5854166666666671 4.7500000000000009 2.4500000000000006 0.60355339059327384 242.50000000000003 4.3500000000000005 2.4500000000000006 -0.9159756150367534 6.9500000000000011 2.5500000000000003 4.4500000000000011 2.7500000000000004
decision_type=2 2 2 2 2 2 2 2 2 2 2 2 2 2 2 2 2 2 2 2 2 2 2 2 2 2 2 2 2 2
left_child=2 6 3 11 15 8 7 12 22 16 24 -1 20 17 -7 27 25 -12 -19 -18 21 -2 -6 -9 -8 26 -3 -4 -26 -27
right_child=1 9 4 -5 5 14 10 23 -10 -11 13 -13 -14 -15 -16 -17 19 18 -20 -21 -22 -23 -24 -25 28 29 -28 -29 -30 -31
leaf_value=-0.024796212928003342 -0.009705525251885708 0.014187293637414557 -0.010402359545147552 -0.026034079696518428 -0.013843055003698484 -0.010409280007804429 0.0027937603169231624 -0.01494739748376105 -0.0098045904383965952 0.11058019013659676 0.0011448497870251307 -0.02635744408598455 -0.0047808411503160574 0.0011669438648237497 -0.0049572879486140141 0.00083802602847835451 -0.0098770732180774798 -0.014642142783545252 -0.0052276900305986583 0.007029902964754817 0.0012739757315196013 0.00088621817507574527 -0.016696152080938418 -0.014906544562813696 -0.013963500659806914 0.0032765428341078929 -0.016116772777217906 -0.001113182967334727 0.0012365961131067659 0.018490712993593877
leaf_weight=83 35 195 27 39 25 46 185 44 25 3137 32 36 28 68 29 26 30 26 94 104 84 37 63 27 28 218 29 26 44 1824
leaf_count=83 35 195 27 39 25 46 185 44 25 3137 32 36 28 68 29 26 30 26 94 104 84 37 63 27 28 218 29 26 44 1824
internal_value=0.00122121 0.00250654 -0.0176995 -0.0262138 -0.0125821 -0.0159153 -0.00222647 -0.00554687 -0.0209474 0.00313254 -0.000443514 -0.0307 -0.00294054 -0.00307692 -0.00815789 -0.00455 0.00226572 -0.00517647 -0.00694215 -0.00136296 -0.0013758 -0.00482192 -0.0239101 -0.0121667 0.00181395 0.00248081 0.000426667 -0.00792593 -0.00153425 0.00270582
internal_weight=6694 6269 425 158 267 188 732 255 113 5537 477 119 184 220 75 79 2400 152 120 134 156 72 88 71 257 2266 224 53 72 2042
internal_count=6694 6269 425 158 267 188 732 255 113 5537 477 119 184 220 75 79 2400 152 120 134 156 72 88 71 257 2266 224 53 72 2042
is_linear=0
shrinkage=0.04


Tree=24
num_leaves=31
num_cat=0
split_feature=8 0 0 18 10 18 18 8 11 20 3 17 10 13 17 0 2 14 10 4 12 2 18 14 10 0 10 17 17 2
split_gain=94.3958 16.2371 6.13725 4.76489 4.41427 2.85919 2.74144 2.49128 2.4319 1.80176 2.6508 1.72152 1.65065 1.5637 1.5426 1.39324 1.3621 1.26243 1.20019 1.65041 1.00249 0.880664 0.870178 0.822742 0.783924 0.728812 0.66901 0.52954 0.989807 0.730985
threshold=1.8500000000000003 0.75000000000000011 2.2500000000000004 0.91597561503675351 4.1500000000000012 0.25881904510252057 0.91597561503675351 6.8500000000000005 4.3500000000000005 1.0000000180025095e-35 1.3500000000000003 -0.78656609248549292 2.4500000000000006 10.65 -0.78656609248549292 2.0500000000000003 8.6500000000000004 204.50000000000003 5.4500000000000011 3.1500000000000008 86.500000000000014 2.1500000000000008 1.0000000180025095e-35 176.50000000000003 0.35000000000000003 4.2500000000000009 6.7500000000000009 -1.0000000180025095e-35 -0.37940952255126065 3.2500000000000004
decision_type=2 2 2 2 2 2 2 2 2 2 2 2 2 2 2 2 2 2 2 2 2 2 2 2 2 2 2 2 2 2
left_child=1 3 13 23 6 8 9 16 18 10 -3 -11 -12 14 17 -15 22 21 -6 -20 25 -2 -4 -1 -9 -18 -16 28 -24 -30
right_child=2 4 7 -5 5 -7 -8 24 -10 11 12 -13 -14 15 26 -17 20 -19 19 -21 -22 -23 27 -25 -26 -27 -28 -29 29 -31
leaf_value=-0.026237813616028699 -0.001568583014506618 -0.0068910452011695135 0.0066886740483747343 -0.025651241491648928 -0.00099678072070958669 0.0006057613140847103 -0.012828281150008272 -0.027421456157083527 -0.022001095363480234 -0.01517529970537751 -0.015406950454909868 -0.0037111322813793758 -0.013678748890762987 -0.010296959945300173 0.0013019972889632594 0.0015398888629512104 -0.0028578416019511797 0.00084846694889013647 -0.012725169475791344 -0.0038386096300054352 -0.021168235815494877 -0.0085976300628962735 0.0085588775404045123 -0.025158261128720816 0.094156993975224687 0.010799579539019144 -0.0063869966314108089 0.025661811570202437 0.031944064244580149 -0.022676636859289653
leaf_weight=34 30 26 1095 32 38 67 48 30 25 31 49 30 44 51 223 25 31 40 27 37 28 40 435 62 3175 59 49 731 38 64
leaf_count=34 30 26 1095 32 38 67 48 30 25 31 49 30 44 51 223 25 31 40 27 37 28 40 435 62 3175 59 49 731 38 64
internal_value=0.00126901 -0.0145917 0.00269097 -0.0270388 -0.0107612 -0.00627692 -0.0145328 0.00304976 -0.00978125 -0.0167956 -0.0197 -0.0109032 -0.0228511 -0.00176035 -0.000710183 -0.00696104 0.0020967 -0.00468468 -0.00691262 -0.0102154 -0.00208403 -0.00788732 0.00230626 -0.0315052 0.00378665 1.47374e-10 0.000908425 0.0030197 0.00205948 -0.00147573
internal_weight=6694 550 6144 128 422 194 228 5686 127 180 119 61 93 458 382 76 2481 110 102 64 118 70 2363 96 3205 90 272 1268 537 102
internal_count=6694 550 6144 128 422 194 228 5686 127 180 119 61 93 458 382 76 2481 110 102 64 118 70 2363 96 3205 90 272 1268 537 102
is_linear=0
shrinkage=0.04


Tree=25
num_leaves=31
num_cat=0
split_feature=0 8 0 18 17 1 8 7 6 17 11 10 8 1 13 0 0 1 0 11 11 1 3 10 20 7 10 11 19 17
split_gain=86.0585 17.472 6.81542 5.68616 4.69918 3.08171 2.71845 2.91482 1.74917 1.67804 1.59402 1.46098 2.45716 1.34732 1.26645 1.2467 1.17868 1.70205 1.21296 0.938321 0.974123 0.927536 0.873715 0.769842 0.717468 0.667808 0.663343 0.623536 0.763527 0.689162
threshold=1.6500000000000001 0.8500000000000002 3.3500000000000001 0.91597561503675351 -0.70710678118654735 4.3500000000000005 1.3500000000000003 3.2625000000000006 2.7999999999999967 -0.25881904510252113 7.1500000000000012 2.1500000000000008 2.8500000000000001 2.4500000000000006 4.2500000000000009 1.4500000000000002 6.1500000000000012 6.2500000000000009 4.7500000000000009 -1.4499999999999997 -2.7499999999999996 1.1500000000000001 3.0500000000000003 4.1500000000000012 -0.56174490092936669 3.2854166666666673 6.3500000000000005 10.350000000000003 -0.8783796973249266 -0.5
decision_type=2 2 2 2 2 2 2 2 2 2 2 2 2 2 2 2 2 2 2 2 2 2 2 2 2 2 2 2 2 2
left_child=1 3 5 14 6 9 25 -8 15 10 26 27 13 -13 -1 21 17 -4 -19 20 -11 23 -23 -6 -20 -3 -2 -12 -29 -30
right_child=2 4 16 -5 8 -7 7 -9 -10 19 11 12 -14 -15 -16 -17 -18 18 24 -21 -22 22 -24 -25 -26 -27 -28 28 29 -31
leaf_value=-0.023498347592792401 -0.00021314897843257999 -0.017042781431772711 0.021009652416138804 -0.024625191831982973 -0.0052398537926699037 -0.01842953871220479 -0.0043767821815712624 -0.016380641937656332 -0.01618260229478129 0.0032494573929686154 0.0018403984306665522 -0.021966043289257251 7.7213623485996346e-05 -0.013469439069216429 -0.025188301071387552 -0.00017015978386090223 0.10239070277212392 -0.010016031352601531 -0.02174173863583213 0.0050936238242398069 -0.014387603204869363 -0.017343425079660749 -0.0040630176928166152 0.00029925256933915851 0.016914303181281402 -0.011931134696753646 0.005417020997366591 0.0037669802967177507 -0.00096159845481754531 -0.048054899570594868
leaf_weight=25 286 25 1508 32 64 54 49 36 43 40 34 30 48 25 70 61 3155 27 37 503 31 43 30 33 98 27 122 29 113 32
leaf_count=25 286 25 1508 32 64 54 49 36 43 40 34 30 48 25 70 61 3155 27 37 503 31 43 30 33 98 27 122 29 113 32
internal_value=0.00128744 -0.0140408 0.00262563 -0.0269687 -0.00999029 0.000109792 -0.016029 -0.0113953 -0.00692364 0.000503864 -0.000783333 -0.0029359 -0.00680769 -0.0125 -0.031875 -0.0055 0.00332781 0.00246559 -0.00142331 0.00211478 -0.00216667 -0.00725146 -0.0106486 -0.00461224 0.000147059 -0.0232453 0.000860636 -0.000995215 -0.00196571 -0.00315068
internal_weight=6710 538 6172 127 411 1347 137 85 274 1293 719 311 103 55 95 231 4825 1670 162 574 71 170 73 97 135 52 408 208 174 145
internal_count=6710 538 6172 127 411 1347 137 85 274 1293 719 311 103 55 95 231 4825 1670 162 574 71 170 73 97 135 52 408 208 174 145
is_linear=0
shrinkage=0.04


Tree=26
num_leaves=31
num_cat=0
split_feature=8 8 8 18 2 17 8 5 10 8 2 19 16 2 13 13 17 18 7 8 4 12 16 16 3 18 13 4 4 19
split_gain=80.9113 18.9988 5.75311 5.68616 4.28566 2.84446 2.84362 2.05987 1.55346 1.5508 1.3947 1.34247 1.3192 1.29745 1.61505 1.26645 1.0661 1.02683 0.963063 0.940836 0.815064 0.745294 1.15926 0.805923 0.653289 0.597973 0.55023 0.542068 0.825727 0.979589
threshold=1.8500000000000003 0.8500000000000002 3.2500000000000004 0.91597561503675351 2.8500000000000001 -0.78656609248549292 1.3500000000000003 9.5500000000000025 4.3500000000000005 6.7500000000000009 8.6500000000000004 0.6078576107927941 492.50000000000006 3.7500000000000004 10.65 4.2500000000000009 -0.9159756150367534 0.25881904510252057 3.1895833333333337 2.4500000000000006 3.4500000000000006 70.500000000000014 1687.5000000000002 877.50000000000011 3.8500000000000001 -0.12940952255126037 2.8500000000000001 6.9500000000000011 4.6500000000000012 -0.60785761079279388
decision_type=2 2 2 2 2 2 2 2 2 2 2 2 2 2 2 2 2 2 2 2 2 2 2 2 2 2 2 2 2 2
left_child=1 3 13 15 5 6 -3 8 21 10 24 25 -6 14 27 -1 -15 -16 -18 -19 -8 22 23 -7 -4 -12 -20 28 -2 -30
right_child=2 4 9 -5 12 7 20 -9 -10 -11 11 -13 -14 16 17 -17 18 19 26 -21 -22 -23 -24 -25 -26 -27 -28 -29 29 -31
leaf_value=-0.022558413689080705 0.0020984642693459331 -0.014124985528653359 0.019201016875600843 -0.023640184158703656 -0.017127495354958357 -0.015763933614273855 -0.0018626327473834033 -0.0075846152871488709 0.0001664645454164887 0.086295086105330765 -0.019641246430350839 0.02312347120511243 -0.018065858658120489 -0.010969519692947275 -0.0093056820647028412 -0.02418076902853205 -0.0086088635396663303 -0.007335128877439763 -0.0053123264291120688 0.0048030593767389249 -0.0047780915441902371 -0.003134012941512871 -0.014442284021981638 0.0012362056605613953 0.0083163427258872123 -0.00070779681764802048 0.0019730278193759157 0.0044673934416726742 0.0012519587224208881 -0.0075237789778870258
leaf_weight=25 440 30 827 32 50 39 25 29 90 3277 32 36 36 50 30 70 25 26 53 28 26 36 25 26 981 34 110 105 31 86
leaf_count=25 440 30 827 32 50 39 25 29 90 3277 32 36 36 50 30 70 25 26 53 28 26 36 25 26 981 34 110 105 31 86
internal_value=0.00135896 -0.0134889 0.00265781 -0.0269687 -0.00927845 -0.00714373 -0.0136098 -0.00495935 -0.00357604 0.00318967 0.00228153 -0.00225243 -0.0171954 -0.000146193 0.000674699 -0.031875 -0.0027113 -0.00451765 -0.00131217 -0.00116364 -0.00761538 -0.0064252 -0.0043956 -0.00151515 0.00253842 -0.00561194 -0.000170732 0.00133937 0.00083871 -0.00213559
internal_weight=6710 539 6171 127 412 326 81 245 216 5187 1910 102 86 984 746 95 238 84 188 54 51 126 90 65 1808 66 163 662 557 117
internal_count=6710 539 6171 127 412 326 81 245 216 5187 1910 102 86 984 746 95 238 84 188 54 51 126 90 65 1808 66 163 662 557 117
is_linear=0
shrinkage=0.04


Tree=27
num_leaves=31
num_cat=0
split_feature=0 0 0 18 6 1 8 1 5 17 5 20 10 0 1 12 13 10 5 19 8 18 10 1 0 10 12 2 12 10
split_gain=74.4694 17.9817 6.645 5.41166 4.29323 2.00026 1.77556 2.78946 1.65931 1.48942 1.77109 1.55875 1.29649 1.2166 1.62509 0.901 0.879969 0.789708 0.787307 0.82285 0.752598 0.627908 0.636222 0.616009 1.00654 1.30544 0.593815 0.586933 0.492512 0.467967
threshold=1.5500000000000003 0.75000000000000011 2.7500000000000004 0.91597561503675351 2.7666666666666635 3.2500000000000004 8.3500000000000032 9.1500000000000004 4.4500000000000011 -0.78656609248549292 9.5500000000000025 1.0000000180025095e-35 4.1500000000000012 2.0500000000000003 1.9500000000000002 70.500000000000014 7.5500000000000007 1.1500000000000001 3.5500000000000003 -1.0000000180025095e-35 0.65000000000000002 1.0000000180025095e-35 0.35000000000000003 2.1500000000000008 2.2500000000000004 3.9500000000000006 59.500000000000007 1.6500000000000001 82.500000000000014 5.0500000000000007
decision_type=2 2 2 2 2 2 2 2 2 2 2 2 2 2 2 2 2 2 2 2 2 2 2 2 2 2 2 2 2 2
left_child=1 3 5 20 9 13 7 21 -7 11 12 -3 15 14 18 26 -16 -18 -2 -20 -1 29 -23 -15 25 -25 27 -11 -14 -4
right_child=2 4 6 -5 -6 8 -8 -9 -10 10 -12 -13 28 23 16 -17 17 -19 19 -21 -22 22 -24 24 -26 -27 -28 -29 -30 -31
leaf_value=-0.024039719279120342 0.0010512388316366765 -0.012582967261790508 0.00083919634685334266 -0.0223182768020748 -0.017077172062992856 -0.00011979019401134859 0.13884326740232847 -0.020779630924376895 -0.013104649741393921 -0.015231504461535516 -0.0079891133441794375 -0.0026118548673044169 -0.0059115206015540565 0.0065720410673974 -0.010533138929485472 -0.0029354290420188752 -0.0025482803470161502 -0.012968683471341344 -0.0030139985876720577 0.0001794286247744338 -0.013221876744643882 -0.0052796995594802786 0.021642425718330558 0.0024200131834870744 0.0025590237968009738 -0.010320540588848704 0.0011554921264782241 -0.0073536393924174019 0.00069786456962110817 0.018434844342718963
leaf_weight=56 129 36 298 36 50 30 2530 28 38 30 27 33 49 146 101 31 25 26 25 53 44 30 1424 45 289 41 25 26 31 978
leaf_count=56 129 36 298 36 50 30 2530 28 38 30 27 33 49 146 101 31 25 26 25 53 44 30 1424 45 289 41 25 26 31 978
internal_value=0.00140665 -0.0138611 0.00256918 -0.0261022 -0.00887316 -0.000514225 0.00312195 0.00241827 -0.00707246 -0.0069481 -0.00529091 -0.0120571 -0.00389637 1.48842e-10 -0.00178889 -0.00665487 -0.00491503 -0.00915385 0.000519231 -0.00263291 -0.0308911 0.00254852 0.00311753 0.00123372 0.000372341 -0.0034023 -0.00434146 -0.00659649 1.47172e-10 0.0018982
internal_weight=6710 474 6236 136 338 948 5288 2758 68 288 219 69 192 880 359 112 152 51 207 78 100 2730 1454 521 375 86 81 56 80 1276
internal_count=6710 474 6236 136 338 948 5288 2758 68 288 219 69 192 880 359 112 152 51 207 78 100 2730 1454 521 375 86 81 56 80 1276
is_linear=0
shrinkage=0.04


Tree=28
num_leaves=31
num_cat=0
split_feature=0 0 0 18 0 8 5 1 1 1 18 18 12 13 1 14 18 18 6 6 2 0 1 9 19 4 4 14 14 8
split_gain=71.2043 11.0087 10.9048 4.94318 2.73379 2.33749 2.63605 2.0582 1.63922 1.63631 1.60178 1.30517 1.28901 1.28278 1.12643 1.05318 1.01261 1.09296 0.789677 0.736349 0.707803 0.648585 2.54845 1.35908 0.567091 0.528008 0.481743 0.775743 0.869413 0.664415
threshold=1.2500000000000002 2.2500000000000004 0.75000000000000011 0.91597561503675351 5.8500000000000005 1.8500000000000003 7.2500000000000009 1.0500000000000003 6.3500000000000005 2.2500000000000004 0.37940952255126048 -0.12940952255126037 70.500000000000014 11.65 1.8500000000000003 176.50000000000003 0.1294095225512602 -0.60355339059327384 2.7999999999999967 1.6833333333333289 3.3500000000000001 3.9500000000000006 4.3500000000000005 60.500000000000007 -0.60785761079279388 3.9500000000000006 4.8500000000000005 143.50000000000003 174.50000000000003 3.2500000000000004
decision_type=2 2 2 2 2 2 2 2 2 2 2 2 2 2 2 2 2 2 2 2 2 2 2 2 2 2 2 2 2 2
left_child=2 5 3 15 8 6 14 12 21 18 11 -11 24 19 25 -1 17 -10 -7 -9 -20 22 26 -24 -4 -2 -3 -28 29 -29
right_child=1 4 7 -5 -6 9 -8 13 16 10 -12 -13 -14 -15 -16 -17 -18 -19 20 -21 -22 -23 23 -25 -26 -27 27 28 -30 -31
leaf_value=-0.022251949496225953 3.9869576964002883e-06 0.010200942249791865 -0.0050285394297257093 -0.021425545729991811 0.084979220674278336 0.00069105983052245533 -0.0073708429360905738 -0.0066636874944709388 0.006453286150479345 -0.0063467861483743259 0.00037646192738788087 -0.014219606347373428 -0.0040027037433382562 -0.019419771902274473 -0.013863671735221399 -0.020930638510840111 0.015172315206393974 -0.020644415773452 -0.010471668106474716 -0.0082865291578707364 0.00064021797820826482 0.025262874095837762 -0.022209261463611251 -0.0030108682838318472 0.0013384437533919681 -0.0030264281950411814 0.0076342441799973904 -0.0085269425925175741 0.00086151284896382105 0.0041363795679486091
leaf_weight=36 89 672 26 36 3306 280 39 28 30 49 58 29 25 29 45 64 42 39 25 45 33 1014 30 66 31 47 187 27 255 28
leaf_count=36 89 672 26 36 3306 280 39 28 30 49 58 29 25 29 45 64 42 39 25 45 33 1014 30 66 31 47 187 27 255 28
internal_value=0.00143645 0.00235957 -0.016947 -0.0255182 0.00293909 -0.00239424 -0.00579185 -0.0105081 0.00190715 -0.000808421 -0.00449635 -0.00820253 -0.00568675 -0.0142913 -0.00371429 -0.030099 -0.00282143 -0.00577143 0.000684366 -0.0111892 -0.00352542 0.0021386 0.00153239 -0.00470103 -0.00227586 -0.00186861 0.00204786 0.0011004 -0.000128617 -0.00464286
internal_weight=6710 6390 320 136 5696 694 220 184 2390 474 136 78 82 102 181 100 111 69 338 73 58 2279 1265 96 57 136 1169 497 310 55
internal_count=6710 6390 320 136 5696 694 220 184 2390 474 136 78 82 102 181 100 111 69 338 73 58 2279 1265 96 57 136 1169 497 310 55
is_linear=0
shrinkage=0.04


Tree=29
num_leaves=31
num_cat=0
split_feature=0 0 0 18 8 0 1 17 16 7 2 0 3 1 6 7 7 0 1 17 17 1 1 5 10 14 3 5 8 9
split_gain=65.5301 10.3904 9.8607 4.91511 2.46052 2.43551 2.3024 2.26874 1.6922 1.52984 1.40049 1.33569 1.28487 1.19149 0.939848 0.927675 1.1603 0.801438 1.78278 1.31282 1.08156 0.868649 0.793175 0.741992 0.710035 0.690275 0.682575 0.616365 1.59248 0.608315
threshold=1.2500000000000002 2.4500000000000006 0.75000000000000011 0.91597561503675351 1.8500000000000003 6.8500000000000005 1.7500000000000002 -0.70710678118654735 367.50000000000006 3.3687500000000008 1.2500000000000002 0.55000000000000016 3.7500000000000004 1.9500000000000002 1.8166666666666635 3.2625000000000006 1.9000000000000001 4.6500000000000012 4.7500000000000009 0.12940952255126045 -0.5 8.3500000000000032 2.8500000000000001 7.2500000000000009 0.8500000000000002 146.50000000000003 6.8500000000000005 7.5500000000000007 3.2500000000000004 74.500000000000014
decision_type=2 2 2 2 2 2 2 2 2 2 2 2 2 2 2 2 2 2 2 2 2 2 2 2 2 2 2 2 2 2
left_child=2 4 3 11 6 12 23 9 -8 -4 -9 -1 -3 -6 -12 16 -15 18 25 20 26 -19 24 -2 -17 -14 -20 -27 -29 -18
right_child=1 5 7 -5 13 -7 8 10 -10 -11 14 -13 17 15 -16 22 29 21 19 -21 -22 -23 -24 -25 -26 27 -28 28 -30 -31
leaf_value=-0.022364306116987184 -0.0012049646859836291 0.016320532807777607 -0.011693505813042663 -0.020568523900792141 0.00077824549972925223 0.1145784015466241 -0.0092681682639041332 -0.00096807947155044751 -0.015979327645845073 -0.0067136592279647194 -0.013532185589929501 -0.014094108617007916 0.011182841384195509 0.0012324931108525109 -0.018542322660523636 -0.0021925942047551004 -0.013297333807028808 0.032800971940631529 0.0034177265736590814 -0.023151439031155435 0.028959958113588744 -0.0047985160072499325 -0.011290109917705793 -0.0035509519978906131 0.0021142876582813299 0.0056921259509631252 -0.0057325404119224731 -0.0080589008701245479 0.00644083470065586 -0.0035379490093404289
leaf_weight=52 118 1137 37 36 222 2834 46 46 27 28 30 48 194 31 43 56 79 785 27 41 42 27 43 29 152 305 47 32 71 45
leaf_count=52 118 1137 37 36 222 2834 46 46 27 28 30 48 194 31 43 56 79 785 27 41 42 27 43 29 152 305 47 32 71 45
internal_value=0.00143645 0.00232202 -0.0161994 -0.0243504 -0.00179976 0.00295291 -0.00542986 -0.0100757 -0.0111892 -0.0160606 -0.0067 -0.0289109 0.00209376 -0.000521462 -0.0101081 -0.00180835 -0.00423077 0.00135115 0.00041579 -0.00336709 -0.00116239 0.00222386 -0.000301587 -0.00251351 0.000727273 0.0014063 -0.00405333 0.000469438 -0.00219231 -0.005952
internal_weight=6710 6390 320 136 848 5542 220 184 73 65 119 100 2708 628 73 406 155 1571 759 157 116 812 251 147 208 602 74 408 103 124
internal_count=6710 6390 320 136 848 5542 220 184 73 65 119 100 2708 628 73 406 155 1571 759 157 116 812 251 147 208 602 74 408 103 124
is_linear=0
shrinkage=0.04


Tree=30
num_leaves=31
num_cat=0
split_feature=8 0 18 0 10 0 1 0 1 1 13 0 3 17 17 13 12 6 6 18 7 4 14 1 13 17 14 17 18 2
split_gain=62.15 16.9719 7.0427 4.47719 3.44085 3.38544 2.45797 1.95433 3.21197 2.07033 1.5251 1.46493 1.3367 1.01676 1.61554 0.812694 0.808988 1.4617 0.787961 0.796367 0.787798 0.935717 1.09232 0.897492 0.757007 0.716335 0.688543 0.57862 1.19214 1.16575
threshold=1.0500000000000003 2.0500000000000003 0.91597561503675351 0.55000000000000016 3.2500000000000004 5.2500000000000009 6.0500000000000007 1.5500000000000003 1.8500000000000003 1.7500000000000002 1.1500000000000001 1.7500000000000002 7.6500000000000012 0.37940952255126054 0.25881904510252091 5.1500000000000012 82.500000000000014 4.6333333333333302 2.8333333333333299 0.25881904510252057 2.3479166666666673 6.3500000000000005 158.50000000000003 1.2500000000000002 8.0500000000000025 -0.37940952255126065 185.50000000000003 -1.0000000180025095e-35 0.91597561503675351 3.0500000000000003
decision_type=2 2 2 2 2 2 2 2 2 2 2 2 2 2 2 2 2 2 2 2 2 2 2 2 2 2 2 2 2 2
left_child=2 7 3 -1 -5 6 13 8 10 -9 -2 15 -8 14 27 -11 -15 -18 -13 -20 24 22 -22 -24 -12 -23 -16 28 -3 -30
right_child=1 5 -4 4 -6 -7 12 9 -10 11 20 18 -14 16 26 -17 17 -19 19 -21 21 25 23 -25 -26 -27 -28 -29 29 -31
leaf_value=-0.021633093555740737 -0.0066925808607555919 0.0033545571275621685 -0.016941909210449916 -0.013440018165698267 -0.012830695641236518 0.072692771656685848 -0.015692092360634076 0.00060680906255950362 -0.014790932938780504 -0.0035384885694177033 0.00054851675176921153 0.00014398180082793042 -0.0035558250441220839 0.013910567727223627 -0.025785006439711641 -0.0082445855920227473 0.0057231673800532202 -0.0045375235368164835 -0.017154941921011403 -0.0016926546712519048 -0.0031516914402644762 -0.0028485176327582603 -0.012331755828545968 -0.012870004623039033 -0.010172154153125508 0.0036957811789221531 -0.0032737844983880822 0.017018764806477221 0.028516920496044516 -0.048972458747518245
leaf_weight=55 26 974 41 54 35 3555 25 134 34 34 43 92 43 513 34 27 176 47 34 37 47 30 32 32 30 25 40 249 44 66
leaf_count=55 26 974 41 54 35 3555 25 134 34 34 43 92 43 513 34 27 176 47 34 37 47 30 32 32 30 25 40 249 44 66
internal_value=0.00139688 0.00205666 -0.0213978 -0.0255448 -0.0196 0.00275082 0.0015208 -0.00403039 -0.00641333 -0.00202785 -0.00488722 -0.00437333 -0.00591304 0.00175933 0.00112784 -0.0096129 0.00296337 0.000946429 -0.00236585 -0.0055 -0.00385 -0.00536527 -0.00746429 -0.0108308 -0.000378378 -0.00107143 -0.00458667 0.00144828 0.001047 -0.00288288
internal_weight=6608 6423 185 144 89 5766 2211 657 299 358 265 224 68 2143 1407 61 736 223 163 71 239 166 111 64 73 55 74 1333 1084 110
internal_count=6608 6423 185 144 89 5766 2211 657 299 358 265 224 68 2143 1407 61 736 223 163 71 239 166 111 64 73 55 74 1333 1084 110
is_linear=0
shrinkage=0.04


Tree=31
num_leaves=31
num_cat=0
split_feature=8 0 18 0 0 17 0 1 17 1 1 14 17 17 0 11 10 3 1 0 12 3 11 11 5 5 14 11 17 10
split_gain=57.6747 15.6428 7.16183 5.59577 3.2343 2.78655 2.13965 2.74697 1.75339 1.75057 1.74059 1.65482 1.08088 1.58366 0.922043 0.823624 0.851989 0.963652 1.16678 1.02143 0.808988 1.09962 1.05099 0.727067 0.665239 0.760704 0.565031 0.852872 1.24303 1.80341
threshold=1.0500000000000003 2.0500000000000003 0.91597561503675351 0.65000000000000002 5.2500000000000009 -0.70710678118654735 1.5500000000000003 1.3500000000000003 -0.78656609248549292 6.0500000000000007 2.5500000000000003 179.50000000000003 0.37940952255126054 0.25881904510252091 1.4500000000000002 2.7500000000000004 5.7500000000000009 3.9500000000000006 1.5500000000000003 1.8500000000000003 82.500000000000014 3.7500000000000004 3.1500000000000008 1.5500000000000003 8.0500000000000025 1.1500000000000001 138.50000000000003 6.8500000000000005 -0.25881904510252113 3.4500000000000006
decision_type=2 2 2 2 2 2 2 2 2 2 2 2 2 2 2 2 2 2 2 2 2 2 2 2 2 2 2 2 2 2
left_child=2 6 3 -1 9 -5 7 24 -9 12 15 -11 13 26 -10 -8 17 18 -17 -20 -14 -22 -23 -15 25 -2 -3 -28 29 -29
right_child=1 4 -4 5 -6 -7 10 8 14 11 -12 -13 20 23 -16 16 -18 -19 19 -21 21 22 -24 -25 -26 -27 27 28 -30 -31
leaf_value=-0.019819410058875803 -0.0080222536371614434 0.0066458857535285579 -0.01626423284203192 -0.012763205115557192 0.069785060790418407 -0.0063670682671492541 0.00089065781540596366 -0.014045614491738981 -0.010195735499246319 0.00042168308016607496 -0.0140708179830582 -0.019804205717738218 0.013354145018134684 -0.021602400695731602 -0.0021584505122402065 0.00072522993240331588 0.0054192605616084797 5.4894027865534336e-05 -0.013400815190582232 -0.010840692308008944 0.0069046691545490858 -0.0086245540027438429 0.0016566646209118237 -0.0028884519056745855 -0.0070593381594689321 4.4351271906298607e-05 0.0063994629582780375 -1.237031649414926e-05 0.014951317676728179 -0.0097532031991233482
leaf_weight=78 28 478 41 26 3555 40 117 43 65 38 37 30 513 25 34 35 30 61 37 41 159 26 38 49 25 104 488 211 98 58
leaf_count=78 28 478 41 26 3555 40 117 43 65 38 37 30 513 25 34 35 30 61 37 41 159 26 38 49 25 104 488 211 98 58
internal_value=0.00142109 0.00205666 -0.0205376 -0.0247172 0.00272308 -0.0157612 -0.00378723 -0.00628 -0.0102937 0.0015208 -0.00169359 -0.00475362 0.00172202 0.00107102 -0.00724 -0.000732919 -0.00226341 -0.00333714 -0.00550877 -0.00820253 0.00296337 0.000946429 -0.00344615 -0.00458667 -0.00260759 -0.00144361 0.00138831 0.000771028 -0.000684782 -0.00208889
internal_weight=6608 6423 185 144 5766 66 657 299 142 2211 358 68 2143 1407 99 321 204 174 113 78 736 223 64 74 157 132 1333 855 367 269
internal_count=6608 6423 185 144 5766 66 657 299 142 2211 358 68 2143 1407 99 321 204 174 113 78 736 223 64 74 157 132 1333 855 367 269
is_linear=0
shrinkage=0.04


Tree=32
num_leaves=31
num_cat=0
split_feature=0 0 0 18 0 1 11 1 1 5 9 10 12 17 17 4 3 4 18 12 11 10 14 2 8 3 8 1 11 14
split_gain=49.8852 9.84629 9.73562 6.18459 3.25709 2.73352 1.90413 2.75005 1.44725 1.28262 1.13086 1.23734 1.10246 1.06494 1.18769 0.956147 1.42694 1.08916 1.14186 1.02003 0.87385 0.818264 0.65026 0.629153 0.902196 0.601015 0.582366 1.14105 0.555969 0.718864
threshold=1.1500000000000001 0.65000000000000002 2.0500000000000003 0.91597561503675351 5.2500000000000009 1.0500000000000003 2.7500000000000004 2.5500000000000003 5.5500000000000007 6.4500000000000011 96.500000000000014 5.7500000000000009 63.500000000000007 0.37940952255126054 0.25881904510252091 3.4500000000000006 2.8500000000000001 2.1500000000000008 0.60355339059327384 36.500000000000007 13.65 3.2500000000000004 182.50000000000003 5.1500000000000012 3.9500000000000006 2.1500000000000008 8.9500000000000011 9.4500000000000011 -3.0499999999999994 138.50000000000003
decision_type=2 2 2 2 2 2 2 2 2 2 2 2 2 2 2 2 2 2 2 2 2 2 2 2 2 2 2 2 2 2
left_child=1 3 6 -1 8 21 25 10 13 -10 11 15 -7 14 28 17 -17 18 -8 -18 -11 -3 -16 -15 -25 -2 27 -6 -4 -30
right_child=2 5 4 -5 26 12 7 -9 9 20 -12 -13 -14 23 22 16 19 -19 -20 -21 -22 -23 -24 24 -26 -27 -28 -29 29 -31
leaf_value=-0.018954155451251186 0.00084059229616124346 -0.0052420780175857096 0.019545987000051685 -0.019108515439518532 0.045864075952916451 -0.012461495422134941 -0.014032689711178128 -0.01595161793655556 0.00089229337768131217 -0.024304189344401234 0.00041410376928742367 0.0035370738224923632 -0.0076463268329543099 0.010186460777897614 -0.023673471491229905 -0.01352345323627558 -0.0086236691734476387 0.0017485983012962515 -0.0020991412219632118 -0.0015314793674550845 -0.0050889647946692007 0.0021309303354546776 -0.0023789789007125379 -0.0020965640257711387 0.015202584068081327 -0.0014003880478685408 0.13560814140769864 -0.022006957441185512 0.006340454429472204 0.0010296977748886977
leaf_weight=79 69 66 119 25 1283 43 26 29 74 26 47 41 44 636 28 45 29 51 36 62 26 29 42 27 58 121 2231 41 444 731
leaf_count=79 69 66 119 25 1283 43 26 29 74 26 47 41 44 636 28 45 29 51 36 62 26 29 42 27 58 121 2231 41 444 731
internal_value=0.00148162 -0.0148293 0.00222173 -0.0246095 0.00270921 -0.00913661 -0.00282944 -0.00451226 0.00150271 -0.00264567 -0.00346746 -0.00439863 -0.0142273 0.00175455 0.00109597 -0.005456 -0.00770803 -0.00270175 -0.00622222 -0.00473913 -0.00739623 -0.004375 -0.00394366 0.00299723 -0.000232558 0.000418848 0.00345894 0.00278943 0.00137143 0.00110544
internal_weight=6608 286 6322 104 5766 182 556 366 2211 126 337 290 87 2085 1364 249 136 113 62 91 52 95 70 721 85 190 3555 1324 1294 1175
internal_count=6608 286 6322 104 5766 182 556 366 2211 126 337 290 87 2085 1364 249 136 113 62 91 52 95 70 721 85 190 3555 1324 1294 1175
is_linear=0
shrinkage=0.04


Tree=33
num_leaves=31
num_cat=0
split_feature=8 0 17 17 0 8 1 1 16 17 17 17 5 11 11 17 0 3 3 10 5 7 4 17 17 8 1 1 14 0
split_gain=48.1584 12.8585 6.16882 5.29107 4.44849 2.48881 2.19269 1.81332 1.98005 1.72628 1.20834 1.38019 1.17634 1.3108 1.14428 1.05064 0.962395 1.13827 0.9437 0.936242 1.72655 1.96416 0.87605 0.850913 1.11037 0.837023 1.39883 0.745035 0.841071 0.664074
threshold=1.0500000000000003 1.8500000000000003 -0.5 0.12940952255126045 4.6500000000000012 0.65000000000000002 4.7500000000000009 1.8500000000000003 1117.5000000000002 -0.25881904510252113 0.37940952255126054 0.25881904510252091 6.9500000000000011 6.8500000000000005 8.3500000000000032 -1.0000000180025095e-35 1.5500000000000003 1.6500000000000001 3.7500000000000004 2.1500000000000008 3.8500000000000001 3.6562500000000004 2.9500000000000006 0.25881904510252091 -0.5 8.9500000000000011 9.4500000000000011 1.4500000000000002 213.50000000000003 4.1500000000000012
decision_type=2 2 2 2 2 2 2 2 2 2 2 2 2 2 2 2 2 2 2 2 2 2 2 2 2 2 2 2 2 2
left_child=2 7 5 9 6 -1 10 12 22 -4 11 14 15 -14 -3 16 17 -2 -13 -16 21 -21 -9 24 29 26 -6 28 -19 -8
right_child=1 4 3 -5 25 -7 23 8 -10 -11 -12 18 13 -15 19 -17 -18 27 -20 20 -22 -23 -24 -25 -26 -27 -28 -29 -30 -31
leaf_value=-0.019353184069223785 -0.015174827780178739 0.0054295431001964278 0.00094879345580723209 -0.017891261797965966 0.037580232935929644 -0.011243851318513033 -0.01831628598073071 -0.0097310055950438189 -0.013588098189061173 -0.017877738318285274 0.007418407729816009 0.00028826717165037012 -0.0076623662862204036 -0.0030891164204080346 0.0010133385989826347 0.0011932584211417768 0.00020385075495655861 0.00058982689945870879 -0.021035149359766071 -0.015316658410394606 0.0038609115055115535 -0.0036687897915182416 -0.0034803257384414788 -0.011514697475795074 0.017899300378328438 0.13018381575139071 -0.020326679894556641 -0.0022666846619435388 -0.0087923183450217754 -0.00026564074648887981
leaf_weight=36 26 738 28 40 1644 43 34 33 29 38 593 30 42 36 287 93 64 55 31 34 87 38 48 42 48 2234 42 45 25 45
leaf_count=36 26 738 28 40 1644 43 34 33 29 38 593 30 42 36 287 93 64 55 31 34 87 38 48 42 48 2234 42 45 25 45
internal_value=0.00146346 0.00204421 -0.0186021 -0.0121121 0.00256208 -0.02705 0.00102988 -0.00413682 -0.00864865 -0.00501493 0.00143121 0.000722312 -0.00283204 -0.00718987 0.00102616 -0.00170874 -0.00324074 -0.00497368 -0.00509677 -0.000572707 -0.003025 -0.00756164 -0.00531707 -0.00331765 -0.00165625 0.00334609 0.00266983 -0.00333333 -0.000987654 -0.00455
internal_weight=6608 6423 185 106 5927 79 2007 496 110 66 1838 1245 386 78 1184 308 215 151 61 446 159 72 81 169 127 3920 1686 125 80 79
internal_count=6608 6423 185 106 5927 79 2007 496 110 66 1838 1245 386 78 1184 308 215 151 61 446 159 72 81 169 127 3920 1686 125 80 79
is_linear=0
shrinkage=0.04


Tree=34
num_leaves=31
num_cat=0
split_feature=0 0 18 0 2 1 20 16 0 12 18 1 10 9 10 2 13 8 1 1 12 11 3 16 18 13 16 12 11 10
split_gain=43.5209 14.2535 6.25142 5.47367 2.97847 2.29986 2.02991 3.04491 1.53443 1.41456 1.30121 1.97155 1.72083 1.9378 1.0651 0.975701 1.19895 0.879725 1.3804 0.681323 0.943266 0.846075 0.619697 0.601038 0.568288 0.562496 0.476353 0.581384 0.647863 0.454919
threshold=1.5500000000000003 0.65000000000000002 0.91597561503675351 4.6500000000000012 4.3500000000000005 4.9500000000000011 -0.56174490092936669 282.50000000000006 2.4500000000000006 83.500000000000014 0.60355339059327384 2.4500000000000006 7.1500000000000012 75.500000000000014 8.1500000000000004 5.9500000000000011 2.0500000000000003 8.9500000000000011 9.4500000000000011 1.3500000000000003 80.500000000000014 6.6500000000000012 6.5500000000000007 762.50000000000011 0.60355339059327384 6.2500000000000009 912.50000000000011 61.500000000000007 4.0500000000000007 0.45000000000000007
decision_type=2 2 2 2 2 2 2 2 2 2 2 2 2 2 2 2 2 2 2 2 2 2 2 2 2 2 2 2 2 2
left_child=1 2 -1 5 6 8 7 -3 10 22 11 14 13 -13 23 -10 -17 18 29 26 21 -21 -7 -2 -9 -18 27 -8 -29 -5
right_child=3 4 -4 17 -6 9 19 24 15 -11 -12 12 -14 -15 -16 16 25 -19 -20 20 -22 -23 -24 -25 -26 -27 -28 28 -30 -31
leaf_value=-0.017595859827439022 0.00050477190520860371 -0.0024397904497419098 -0.017629065289206377 -0.012849685512403803 -0.013331407685340387 0.0033611159101344175 -0.0057867256241993697 -0.013411684043394951 0.0099023009241537927 -0.017338831813824677 0.001616229141053187 -0.011491000645914842 0.0011492801391046422 -0.0013007111033147894 -0.0065977480062232672 -0.0081445616309850175 0.0072858743001753736 0.12497646312133508 -0.019513612698774382 0.00059883088676054288 -0.0063301299432294159 -0.0056518113631742048 -0.0021512699554088193 -0.0018817778489525971 -0.011396794915367024 -0.00010881434822167382 0.0013100000640784699 -0.0025958509992272429 0.0015846387723612663 0.036643217837239166
leaf_weight=79 235 33 25 35 27 34 29 31 1271 41 258 47 27 38 27 33 47 2234 42 31 29 42 54 48 26 44 47 52 33 1609
leaf_count=79 235 33 25 35 27 34 29 31 1271 41 258 47 27 38 27 33 47 2234 42 31 29 42 54 48 26 44 47 52 33 1609
internal_value=0.00150583 -0.0100289 -0.0230857 0.00241894 -0.0064042 0.000823583 -0.00538983 -0.0105495 0.00114644 -0.00433846 -0.00041116 -0.00177778 -0.00630088 -0.00906977 -0.000128617 0.00190544 -0.001472 0.00331548 0.00262241 -0.00359091 -0.00613592 -0.00362162 -0.0014382 0.000605634 -0.016069 0.000913044 -0.00195062 -0.00333913 -0.00162791 0.00280608
internal_weight=6608 484 104 6124 380 2204 353 90 2075 129 680 422 112 85 310 1395 124 3920 1686 263 102 73 88 283 57 91 161 114 85 1644
internal_count=6608 484 104 6124 380 2204 353 90 2075 129 680 422 112 85 310 1395 124 3920 1686 263 102 73 88 283 57 91 161 114 85 1644
is_linear=0
shrinkage=0.04


Tree=35
num_leaves=31
num_cat=0
split_feature=0 0 18 0 2 20 17 1 0 1 0 14 5 5 1 3 2 9 0 1 10 5 0 1 2 10 1 13 7 18
split_gain=43.7582 11.7166 6.96322 5.7357 4.07379 3.17961 4.20842 1.75984 1.67048 2.5755 1.01555 1.1304 0.959086 0.9524 0.971407 0.944596 0.897028 1.02533 0.892703 1.34922 0.861744 0.802311 0.757993 0.937662 0.75761 0.715064 0.664229 0.919823 0.918175 0.65736
threshold=1.5500000000000003 0.65000000000000002 0.91597561503675351 4.6500000000000012 4.3500000000000005 -0.56174490092936669 -0.5 4.7500000000000009 2.8500000000000001 3.1500000000000008 4.0500000000000007 202.50000000000003 4.7500000000000009 3.1500000000000008 1.3500000000000003 1.8500000000000003 6.0500000000000007 71.500000000000014 1.9500000000000002 2.4500000000000006 0.35000000000000003 5.9500000000000011 8.1500000000000004 9.5500000000000025 7.4500000000000011 4.1500000000000012 1.5500000000000003 8.0500000000000025 4.5979166666666673 0.1294095225512602
decision_type=2 2 2 2 2 2 2 2 2 2 2 2 2 2 2 2 2 2 2 2 2 2 2 2 2 2 2 2 2 2
left_child=1 2 -1 7 5 6 -3 8 9 18 11 12 -9 -7 15 -15 -10 -18 19 26 -5 25 23 -22 -12 -11 -2 29 -29 -28
right_child=3 4 -4 20 -6 13 -8 10 16 21 24 -13 -14 14 -16 -17 17 -19 -20 -21 22 -23 -24 -25 -26 -27 27 28 -30 -31
leaf_value=-0.017480055762204714 0.0016995351734019394 -0.011370777771589954 -0.016044395862205865 -0.038985022953541733 -0.013371237639133303 -0.00067080180033964498 -0.0050266904047374869 -0.015803480001514752 0.013295363673877288 -0.006132323819703453 0.0084254777620867104 0.0011749217178620662 -0.021925901596277352 -0.01035332734892962 -0.0082432749628077676 0.0014831639158802746 -0.010798586844311911 0.004335827200919227 0.0019257917408647979 -0.012854904237061775 0.035181822364636454 -0.0062477671186284157 0.13480461745047162 -0.018733073436031838 -0.006737208586915424 0.0001280842304569032 -0.0087154200332259599 -0.0058669175369386378 -0.00061956240336972265 0.0010554879549811904
leaf_weight=77 71 40 28 34 30 149 56 29 970 25 67 25 27 37 43 41 37 46 614 25 1751 29 2210 28 35 26 62 25 25 78
leaf_count=77 71 40 28 34 30 149 56 29 970 25 67 25 27 37 43 41 37 46 614 25 1751 29 2210 28 35 26 62 25 25 78
internal_value=0.00148939 -0.00987251 -0.0216981 0.00240321 -0.00669018 -0.00549319 -0.0117113 0.000768606 0.00110718 -8.15493e-05 -0.00297826 -0.00629268 -0.00940351 -0.00324723 -0.00586885 -0.00313924 0.00221252 -0.0017619 0.000532742 -0.0013101 0.00330318 -0.00691358 0.00335739 0.00273933 -0.000310679 -0.00376923 -0.000442748 -0.00167539 -0.00627451 1.47955e-10
internal_weight=6740 501 105 6239 396 366 96 2216 2033 980 183 81 56 270 121 78 1053 83 900 286 4023 80 3989 1779 102 51 261 190 50 140
internal_count=6740 501 105 6239 396 366 96 2216 2033 980 183 81 56 270 121 78 1053 83 900 286 4023 80 3989 1779 102 51 261 190 50 140
is_linear=0
shrinkage=0.04


Tree=36
num_leaves=31
num_cat=0
split_feature=0 8 0 17 6 20 17 13 1 8 1 5 16 5 8 1 1 0 17 6 17 14 1 14 17 3 1 17 17 12
split_gain=41.8915 12.7751 5.55712 5.14139 4.85559 2.41783 3.71811 2.00906 1.75984 1.90528 1.46421 1.40915 1.40076 1.23183 0.971569 1.66229 0.964706 0.953871 1.03626 0.764328 0.758551 0.717608 0.710581 0.661765 0.627659 0.682881 0.60589 0.515382 0.789383 1.39725
threshold=1.5500000000000003 0.65000000000000002 4.6500000000000012 -0.5 3.574999999999998 -0.56174490092936669 -0.78656609248549292 10.65 4.7500000000000009 2.3500000000000001 1.7500000000000002 3.2500000000000004 952.50000000000011 8.3500000000000032 8.9500000000000011 9.5500000000000025 1.0500000000000003 1.7500000000000002 0.25881904510252091 4.7583333333333337 0.37940952255126054 140.50000000000003 2.0500000000000003 162.50000000000003 0.25881904510252091 3.9500000000000006 6.0500000000000007 0.37940952255126054 0.25881904510252091 80.500000000000014
decision_type=2 2 2 2 2 2 2 2 2 2 2 2 2 2 2 2 2 2 2 2 2 2 2 2 2 2 2 2 2 2
left_child=1 3 8 -1 5 6 -3 -8 9 10 -2 -7 16 19 15 27 -13 -12 22 -10 21 -11 -19 -18 -23 -26 -21 28 -4 -30
right_child=2 4 14 -5 -6 11 7 -9 13 20 17 12 -14 -15 -16 -17 23 18 -20 26 -22 24 -24 -25 25 -27 -28 -29 29 -31
leaf_value=-0.017166416628835206 0.0016315537328704317 -0.0096404639456634141 0.02466845423035819 -0.016355661219988372 -0.011876664839347054 -0.00052161557789823329 -0.0011288868239216876 -0.013957379135556674 -0.014971099111331548 0.0049306498445796437 -0.0080561832472171788 0.001372749269782739 -0.012481734434320381 -0.016541949764679938 0.11857013170189622 -0.040383745026883952 -0.0062839338053648046 0.0027056215707040652 -0.01931211254703798 0.0053110079014287194 0.0085676095890479791 0.00082483033928962583 -0.0044449838424013149 -0.0031047856357241071 0.00089431710423916639 -0.030489533555062072 -0.0065203862756575701 0.04862562068843454 0.020490607191638054 -0.058125096309155827
leaf_weight=37 131 25 861 43 32 153 48 36 29 376 52 34 43 43 2287 29 25 54 41 84 547 698 84 25 25 25 27 771 42 33
leaf_count=37 131 25 861 43 32 153 48 36 29 376 52 34 43 43 2287 29 25 54 41 84 547 698 84 25 25 25 27 771 42 33
internal_value=0.00148346 -0.00963347 0.00237756 -0.0241975 -0.00681517 -0.00554872 -0.0105818 -0.0064 0.000768606 0.00110718 -0.00152066 -0.00355872 -0.00665625 -0.00297826 0.00326342 0.00254692 -0.00357647 -0.00343103 -0.00202222 -0.00113475 0.00167703 0.00108089 -0.000345324 -0.00705882 0.000363151 -0.00392157 0.000392857 0.0027096 0.00207471 -0.00184211
internal_weight=6740 501 6239 80 421 389 109 84 2216 2033 362 280 127 183 4023 1736 84 231 179 140 1671 1124 138 50 748 50 111 1707 936 75
internal_count=6740 501 6239 80 421 389 109 84 2216 2033 362 280 127 183 4023 1736 84 231 179 140 1671 1124 138 50 748 50 111 1707 936 75
is_linear=0
shrinkage=0.04


Tree=37
num_leaves=31
num_cat=0
split_feature=0 8 8 17 6 13 1 0 0 17 1 20 17 9 6 3 17 11 17 11 19 7 17 17 11 18 16 16 0 6
split_gain=38.4112 9.5967 8.2818 5.64801 3.18175 2.9064 2.20291 2.04053 1.99027 1.66983 1.43766 1.32288 1.30609 1.20663 1.13293 1.13077 1.09927 1.20764 0.781333 0.844722 0.753378 1.75566 0.724588 1.34111 0.987724 0.881047 0.997773 1.28206 0.69139 0.60241
threshold=1.2500000000000002 0.65000000000000002 3.2500000000000004 -0.5 3.0333333333333297 11.15 3.3500000000000001 1.9500000000000002 8.3500000000000032 -0.25881904510252113 2.5500000000000003 -0.56174490092936669 0.37940952255126054 58.500000000000007 1.1499999999999979 2.8500000000000001 0.25881904510252091 6.1500000000000012 0.25881904510252091 5.4500000000000011 0.87837969732492682 3.1395833333333334 -0.25881904510252113 -0.37940952255126065 28.050000000000004 0.1294095225512602 712.50000000000011 1032.5000000000002 2.8500000000000001 2.3999999999999964
decision_type=2 2 2 2 2 2 2 2 2 2 2 2 2 2 2 2 2 2 2 2 2 2 2 2 2 2 2 2 2 2
left_child=1 3 6 -1 5 9 7 10 12 14 13 -7 18 -2 -3 -16 17 -8 22 -20 -15 -22 23 25 -25 26 -4 -28 -27 -9
right_child=2 4 8 -5 -6 11 16 29 -10 -11 -12 -13 -14 20 15 -17 -18 -19 19 -21 21 -23 -24 24 -26 28 27 -29 -30 -31
leaf_value=-0.016479759963681798 -0.0086506929325691623 0.0011511800060340428 0.0063483623903266605 -0.015701434771188839 -0.01100363157125283 -0.014273843603297099 0.0013961809469553281 0.0050755710654633007 0.12984241463038693 0.0012277632909179182 -0.012791606143464142 -0.013417213266708512 0.025521689154808208 -0.00049005743502965359 -0.0098523629460418143 -0.00070394423303383081 -0.017794741294882122 -0.010805357616896931 -0.022040618896145024 0.019997293890992189 0.00031684417692712431 -0.0042283300984450592 0.023603210266160145 -0.010545185904722473 -0.054608420186390408 -0.00072378920316017398 -0.017672802223098655 0.0014061447644192569 0.012359325014664658 0.00012724219722821118
leaf_weight=37 33 31 495 43 29 33 34 244 2157 56 25 44 1227 331 35 28 27 37 64 48 29 25 496 99 26 38 47 48 467 407
leaf_count=37 33 31 495 43 29 33 34 244 2157 56 25 44 1227 331 35 28 27 37 64 48 29 25 496 99 26 38 47 48 467 407
internal_value=0.00148346 -0.0116795 0.0021758 -0.0237037 -0.00784436 -0.00619298 -0.000831517 -0.000314155 0.00286361 -0.00291391 -0.00240541 -0.0124615 0.0022055 -0.00183294 -0.00614737 -0.0091875 -0.00654545 -0.00383333 0.00152652 -0.00169911 -0.00119171 -0.00552727 0.00173792 0.00121212 -0.00269841 0.00166058 0.000609137 -0.003125 0.00288538 0.00111043
internal_weight=6740 336 6404 80 256 227 1192 1094 5212 150 443 77 3055 418 94 63 98 71 1828 112 385 54 1716 1220 125 1095 590 95 505 651
internal_count=6740 336 6404 80 256 227 1192 1094 5212 150 443 77 3055 418 94 63 98 71 1828 112 385 54 1716 1220 125 1095 590 95 505 651
is_linear=0
shrinkage=0.04


Tree=38
num_leaves=31
num_cat=0
split_feature=0 0 8 17 13 0 17 3 12 0 2 11 5 4 2 5 2 17 17 12 16 18 3 13 7 8 10 17 17 11
split_gain=34.7286 8.46151 6.66417 4.52471 3.07513 2.74149 1.91915 1.87406 1.84884 1.37905 1.32839 1.91847 2.35944 1.12433 1.0778 1.00243 0.967628 0.901931 0.952841 1.06745 0.867048 1.29782 0.854713 0.811852 0.770504 0.865574 0.723854 0.606979 2.20438 0.63935
threshold=1.1500000000000001 3.7500000000000004 0.65000000000000002 -0.5 11.15 1.7500000000000002 -0.5 7.5500000000000007 41.500000000000007 8.3500000000000032 4.8500000000000005 13.850000000000003 7.5500000000000007 6.4500000000000011 1.6500000000000001 10.950000000000001 1.6500000000000001 0.37940952255126054 0.25881904510252091 79.500000000000014 547.50000000000011 0.60355339059327384 2.2500000000000004 3.3500000000000001 2.4354166666666672 2.5500000000000003 0.35000000000000003 0.37940952255126054 0.25881904510252091 8.5500000000000025
decision_type=2 2 2 2 2 2 2 2 2 2 2 2 2 2 2 2 2 2 2 2 2 2 2 2 2 2 2 2 2 2
left_child=2 5 3 -1 6 7 14 15 -6 17 22 12 13 23 -4 16 -2 18 26 -20 -18 -22 -7 -12 25 -24 -3 28 29 -26
right_child=1 9 4 -5 8 10 -8 -9 -10 -11 11 -13 -14 -15 -16 -17 20 -19 19 -21 21 -23 24 -25 27 -27 -28 -29 -30 -31
leaf_value=-0.015820569565134526 0.0011005760525372706 -0.049894336846890604 -0.0030062408192180873 -0.015073377380341287 -0.0046791761488079739 0.0042351318221680876 -0.0018697924677275831 -0.0088675998744435144 -0.014006880039658361 0.12464871804517146 -0.01394497425292268 0.0018150197814581542 -0.015224956427346083 0.0034898285204767784 -0.0083486678960933147 -0.0038317188512393967 -0.00097233009237060399 0.036664644272923846 0.0076169339291138494 -0.032822289525626831 -0.012207366148357499 -0.0044890045883863028 -0.0060006100582808298 0.00012449633812800838 0.0039183622653663937 0.00061262130479280562 0.016081058930614477 0.0062597061095629528 -0.016349274304146139 -0.001578151881149868
leaf_weight=37 104 29 31 43 30 408 80 27 47 2157 47 89 29 50 25 25 118 1026 54 45 26 42 37 35 361 53 1244 178 26 237
leaf_count=37 104 29 31 43 30 408 80 27 47 2157 47 89 29 50 25 25 118 1026 54 45 26 42 37 35 361 53 1244 178 26 237
internal_value=0.00151313 0.00212593 -0.011932 -0.0217284 -0.00816822 -0.000122557 -0.00449635 -0.0033586 -0.0145128 0.0030597 0.000593166 -0.00207171 -0.00466667 -0.00234586 -0.0101053 -0.00246835 -0.00178694 0.00239767 0.00172469 -0.00204 -0.00350802 -0.00707246 0.00110684 -0.00520482 0.000412094 -0.00307692 0.00201884 0.000806974 0.0002176 0.000721202
internal_weight=6740 6447 293 80 213 1892 136 342 77 4555 1550 250 161 132 56 315 290 2398 1372 99 186 68 1300 82 892 90 1273 802 624 598
internal_count=6740 6447 293 80 213 1892 136 342 77 4555 1550 250 161 132 56 315 290 2398 1372 99 186 68 1300 82 892 90 1273 802 624 598
is_linear=0
shrinkage=0.04


Tree=39
num_leaves=31
num_cat=0
split_feature=0 8 0 2 17 20 17 1 8 1 13 5 8 1 5 14 4 1 8 2 0 10 17 1 7 13 10 0 14 14
split_gain=32.6979 10.1114 5.62147 5.08807 4.03036 2.46578 4.30575 2.36673 1.36214 1.25994 1.17336 0.97022 0.914848 0.905971 0.871463 0.851863 0.833149 0.786347 0.767407 0.714079 0.721067 0.685871 1.06206 0.670889 1.23725 0.881025 0.773271 0.600465 0.570737 0.792747
threshold=1.5500000000000003 0.65000000000000002 4.6500000000000012 4.3500000000000005 -0.5 -0.56174490092936669 -0.78656609248549292 4.7500000000000009 2.8500000000000001 2.8500000000000001 11.350000000000003 8.3500000000000032 9.5500000000000025 9.5500000000000025 3.7500000000000004 285.50000000000006 5.9500000000000011 3.7500000000000004 8.9500000000000011 1.4500000000000002 2.2500000000000004 0.55000000000000016 -0.60355339059327362 2.1500000000000008 3.4729166666666669 11.550000000000002 4.8500000000000005 1.9500000000000002 259.50000000000006 180.50000000000003
decision_type=2 2 2 2 2 2 2 2 2 2 2 2 2 2 2 2 2 2 2 2 2 2 2 2 2 2 2 2 2 2
left_child=1 4 7 5 -1 6 -3 8 9 19 -8 -9 13 21 -7 -10 -11 -17 -15 -2 23 22 -4 25 26 -21 -25 -26 29 -16
right_child=2 3 12 -5 -6 14 10 11 15 16 -12 -13 -14 18 28 17 -18 -19 -20 20 -22 -23 -24 24 27 -27 -28 -29 -30 -31
leaf_value=-0.015187746782529144 0.0030014937991325475 -0.0083703703822233071 0.045430224027713066 -0.011356192751685592 -0.014470442285127633 -0.00027904172107598576 -0.00031345389889927169 -0.0025992667449459442 0.0076587023661126054 -0.00019530734533880205 -0.01270868484996049 -0.015565178328278828 0.1196627693233646 -0.039983627309149068 -0.0028374899459252139 0.0025003172519191146 -0.0075108095267477073 -0.0072726295240309316 0.022062748116031834 0.00033388688319640222 0.0047995715589125385 0.033061566678905502 -0.016576494710827262 -0.0042436053760220695 -0.0022940224568666081 -0.0014188414316919648 -0.010927561352171503 0.0018943448011954044 0.0010664087736505156 -0.0099500892553885424
leaf_weight=37 111 25 34 31 43 170 48 140 1098 51 35 43 2085 29 55 144 35 49 27 206 182 1812 36 29 28 25 32 43 28 29
leaf_count=37 111 25 34 31 43 170 48 140 1098 51 35 43 2085 29 55 144 35 49 27 206 182 1812 36 29 28 25 32 43 28 29
internal_value=0.0015428 -0.00827888 0.00233269 -0.00577251 -0.0212346 -0.00450128 -0.00961468 0.000714479 0.00110718 -0.000258412 -0.00509524 -0.00363043 0.00322366 0.00259515 -0.0025159 0.00189164 -0.00478161 -0.000556701 -0.00238596 0.000340944 -0.00025641 0.00274456 -0.00112676 -0.00128571 -0.00354887 1.72415e-05 -0.00767742 5.55557e-05 -0.00523894 -0.00687059
internal_weight=6740 501 6239 421 80 390 108 2216 2033 742 83 183 4023 1938 282 1291 86 193 56 656 545 1882 70 363 132 231 61 71 112 84
internal_count=6740 501 6239 421 80 390 108 2216 2033 742 83 183 4023 1938 282 1291 86 193 56 656 545 1882 70 363 132 231 61 71 112 84
is_linear=0
shrinkage=0.04


Tree=40
num_leaves=31
num_cat=0
split_feature=8 8 17 13 8 8 13 18 13 8 2 17 10 12 9 11 4 9 11 17 17 8 11 12 18 3 19 14 3 7
split_gain=30.7563 10.2025 6.13513 3.62402 2.80913 2.76166 2.10483 1.29427 1.26969 1.21137 2.08052 1.13219 1.11443 1.58535 1.08841 2.03145 1.02399 1.48226 2.47884 0.940374 1.07119 0.921366 0.830082 2.28922 0.811889 0.802739 0.775843 0.772648 0.70825 0.752626
threshold=1.0500000000000003 2.8500000000000001 -0.70710678118654735 2.7500000000000004 8.8500000000000032 0.65000000000000002 17.250000000000004 0.1294095225512602 9.4500000000000011 1.8500000000000003 2.8500000000000001 -0.9159756150367534 6.0500000000000007 83.500000000000014 51.500000000000007 1.5500000000000003 4.8500000000000005 73.500000000000014 18.450000000000003 -1.0000000180025095e-35 -0.37940952255126065 7.2500000000000009 6.0500000000000007 42.500000000000007 1.0000000180025095e-35 5.2500000000000009 1.0000000180025095e-35 183.50000000000003 2.1500000000000008 3.1395833333333334
decision_type=2 2 2 2 2 2 2 2 2 2 2 2 2 2 2 2 2 2 2 2 2 2 2 2 2 2 2 2 2 2
left_child=2 6 8 -4 7 -5 9 12 -1 10 24 22 16 -14 15 -15 -3 -18 25 20 -9 -22 -11 -24 27 -19 -17 -2 -13 -30
right_child=1 4 3 5 -6 -7 -8 19 -10 11 -12 28 13 14 -16 26 17 18 -20 -21 21 -23 23 -25 -26 -27 -28 -29 29 -31
leaf_value=-0.010073053567029736 -0.0023214608710457919 0.0043292972954079483 0.0013808769726642268 -0.014316816919217655 0.096589373614246979 -0.0046328575611474998 -0.008904892642018207 0.0054739420451462503 -0.014541823100816571 -0.00056131134032600739 -0.0094940091407636189 0.0026993659575260658 0.017668425186107499 -0.032663322617084385 0.0099469174329229366 0.048234185103365378 0.0016885616527976166 -0.012146999930236702 0.01245619390214628 0.025855736994083375 0.0056942640052516985 -0.042066120320948315 0.00043474289986596094 -0.01376871517508548 0.00031726720800421648 -0.019950139167513453 -0.017792403903033098 -0.00075283801302871085 -0.0047650599564661427 0.0005756151177904764
leaf_weight=25 74 254 29 47 2287 43 29 541 32 64 67 137 666 40 239 42 160 27 41 878 108 25 25 25 149 42 34 54 131 307
leaf_count=25 74 254 29 47 2287 43 29 541 32 64 67 137 666 40 239 42 160 27 41 878 108 25 25 25 149 42 34 54 131 307
internal_value=0.00144466 0.00189608 -0.0150056 -0.0097 0.00260279 -0.0136264 -0.00168579 0.00181666 -0.0257241 -0.00138104 -0.00331594 -0.000411594 0.000996119 0.00176517 -0.000393258 -0.00355556 -0.000502857 -0.00221402 -0.00576577 0.00263232 0.00150519 -0.00170149 -0.00403478 -0.00784314 -0.00176978 -0.0103429 0.000311688 -0.00409302 0.0003125 -0.000473804
internal_weight=6622 6446 176 119 5384 90 1062 3097 57 1033 344 689 1545 1021 355 116 524 270 110 1552 674 133 114 50 277 69 76 128 575 438
internal_count=6622 6446 176 119 5384 90 1062 3097 57 1033 344 689 1545 1021 355 116 524 270 110 1552 674 133 114 50 277 69 76 128 575 438
is_linear=0
shrinkage=0.04


Tree=41
num_leaves=31
num_cat=0
split_feature=0 0 17 0 1 5 13 10 0 7 4 7 1 10 17 12 9 14 12 13 2 17 0 9 12 10 11 14 10 11
split_gain=29.2985 12.0464 4.76959 3.49324 3.51469 2.54563 2.46988 1.98725 1.22883 2.00685 1.77849 1.58718 1.3177 1.30232 1.01477 1.01708 1.56353 1.00615 1.18987 1.27926 1.18815 1.31598 2.42265 0.95455 1.47328 0.914374 0.909981 1.05583 1.65539 0.624652
threshold=0.75000000000000011 2.4500000000000006 -0.70710678118654735 6.6500000000000012 8.3500000000000032 7.1500000000000012 17.250000000000004 2.1500000000000008 1.5500000000000003 3.510416666666667 6.5500000000000007 4.5687500000000014 2.6500000000000008 3.3500000000000001 -0.78656609248549292 47.500000000000007 82.500000000000014 350.50000000000006 81.500000000000014 15.65 4.7500000000000009 0.25881904510252091 3.7500000000000004 69.500000000000014 82.500000000000014 6.2500000000000009 5.7500000000000009 116.50000000000001 3.7500000000000004 6.6500000000000012
decision_type=2 2 2 2 2 2 2 2 2 2 2 2 2 2 2 2 2 2 2 2 2 2 2 2 2 2 2 2 2 2
left_child=2 6 -1 4 14 7 8 -4 9 23 11 -11 -10 -14 15 -3 26 18 19 -16 -20 -22 -23 24 -2 -15 -17 -28 -29 -25
right_child=1 3 5 -5 -6 -7 -8 -9 12 10 -12 -13 13 25 17 16 -18 -19 20 -21 21 22 -24 29 -26 -27 27 28 -30 -31
leaf_value=-0.013960150149398682 -0.010148792422875084 0.0053953703872900152 -0.0135774914940097 0.078608181873714461 -0.0095428145261296365 -0.013682551864733361 -0.0077906161869687168 0.0003855027607274523 -0.00011948050671159423 -0.010293415592673209 -0.00106429287036953 -0.0025203574719940068 0.00037787449217128273 -0.0099322502179366983 0.016468271311339953 0.0061927751437871352 -0.0085247029008083657 -0.021735577763493268 0.010674417607600907 -0.014589211781799075 0.013505463696032116 -0.024529191477294671 -0.0038901937593801184 0.0010528228506325869 0.0032387610273551916 -0.00077675951474845254 0.007993684839361935 0.0044206260894463422 -0.020054868749908444 -0.0027490765418866588
leaf_weight=41 38 179 30 2855 29 29 36 31 570 33 54 29 42 28 1319 214 47 38 346 38 107 28 129 75 30 26 53 32 47 69
leaf_count=41 38 179 30 2855 29 29 36 31 570 33 54 29 42 28 1319 214 47 38 346 38 107 28 129 75 30 26 53 32 47 69
internal_value=0.00141446 0.00179359 -0.0172424 0.00254193 0.00148216 -0.0118681 -0.00217265 -0.00703226 -0.00179296 -0.00379331 -0.008 -0.0125714 -0.000803598 -0.0051134 0.00164003 0.000153578 -0.000984771 0.00206381 0.00218902 0.00284831 0.000720131 -0.00129811 -0.00362025 -0.00146479 -0.00533333 -0.00916364 -4.61094e-05 -0.00264662 -0.00555 0.000386207
internal_weight=6622 6491 131 5461 2606 90 1030 61 994 328 116 62 666 96 2577 572 393 2005 1967 1357 610 264 157 212 68 54 346 132 79 144
internal_count=6622 6491 131 5461 2606 90 1030 61 994 328 116 62 666 96 2577 572 393 2005 1967 1357 610 264 157 212 68 54 346 132 79 144
is_linear=0
shrinkage=0.04


Tree=42
num_leaves=31
num_cat=0
split_feature=0 0 17 5 0 1 13 18 8 5 19 11 17 9 9 7 1 0 1 16 11 9 5 13 14 17 8 18 17 12
split_gain=28.5038 10.6886 4.23634 4.18034 3.98417 3.45101 2.12956 1.75456 1.59696 1.49086 1.15656 1.13757 2.21975 2.43097 1.04707 1.0411 0.838604 1.10415 1.47084 0.949928 0.869451 0.790655 0.759804 0.707 0.688925 0.632935 0.818679 0.579468 1.2135 0.574416
threshold=0.75000000000000011 2.0500000000000003 -0.5 3.0500000000000003 6.6500000000000012 8.3500000000000032 17.050000000000004 0.25881904510252057 0.55000000000000016 9.0500000000000025 0.6078576107927941 8.3500000000000032 -1.0000000180025095e-35 82.500000000000014 58.500000000000007 3.0520833333333344 6.7500000000000009 3.5500000000000003 3.6500000000000008 37.500000000000007 5.3500000000000005 60.500000000000007 7.8500000000000005 10.750000000000002 175.50000000000003 0.12940952255126045 7.8500000000000005 -0.78656609248549325 0.25881904510252091 85.500000000000014
decision_type=2 2 2 2 2 2 2 2 2 2 2 2 2 2 2 2 2 2 2 2 2 2 2 2 2 2 2 2 2 2
left_child=2 6 8 -4 5 7 9 16 -1 11 -11 14 13 15 -2 -13 17 18 21 -20 -21 -3 -5 -15 -18 26 -9 28 -16 -19
right_child=1 4 3 22 -6 -7 -8 25 -10 10 -12 12 -14 23 27 -17 24 29 19 20 -22 -23 -24 -25 -26 -27 -28 -29 -30 -31
leaf_value=-0.015854741837735605 -0.011481691958484868 0.0050170766677524814 0.0019033815203280012 -0.013449116661508944 0.075463854598765895 -0.0091611019450844444 -0.0076342821879517965 0.0050006203323380996 -0.0066250232076447606 -0.0056274137319462444 -0.0026860666568099627 -0.0087991790669622455 0.0048311006895706381 0.00076953654249653329 0.00062645704831424775 -0.018687682058633224 -0.00099633672716880261 0.011640125855342798 -0.014596202592750827 0.0031222768619639163 -0.0046592170853611966 -0.00046608487971405255 -0.012835199356320387 -0.0041309576085356639 -0.030794204213954388 0.017922285097830108 -0.011999349680246813 0.00035154149243547573 -0.013462516584311399 -0.00042549320148869822
leaf_weight=25 48 163 26 25 2855 29 33 648 30 42 38 32 42 49 69 42 55 651 33 25 47 386 25 26 34 660 33 257 26 168
leaf_count=25 48 163 26 25 2855 29 33 648 30 42 38 32 42 49 69 42 55 651 33 25 47 386 25 26 34 660 33 257 26 168
internal_value=0.00146278 0.00183672 -0.0169394 -0.0105974 0.0024029 0.00136652 -0.00281418 0.00150551 -0.0253571 -0.00231548 -0.00740741 -0.00161486 -0.00414583 -0.00642667 -0.000399002 -0.01152 0.00059373 0.000822253 -0.000403053 -0.00471698 -0.00208219 0.000429091 -0.0172549 -0.00131579 -0.00315556 0.00256632 0.00170674 0.000362606 -0.00229167 0.0018
internal_weight=6622 6491 131 76 5787 2932 704 2903 55 671 80 591 191 149 400 74 1562 1473 654 105 72 549 50 75 89 1341 681 352 95 819
internal_count=6622 6491 131 76 5787 2932 704 2903 55 671 80 591 191 149 400 74 1562 1473 654 105 72 549 50 75 89 1341 681 352 95 819
is_linear=0
shrinkage=0.04


Tree=43
num_leaves=31
num_cat=0
split_feature=0 0 17 5 0 2 7 5 2 11 11 8 13 16 12 18 4 3 4 6 13 18 8 0 5 8 8 11 2 5
split_gain=28.5412 10.5238 4.23634 4.18034 2.51877 1.84305 1.82428 1.72582 1.91379 2.49637 1.93747 1.59696 1.54567 1.08415 2.12027 1.22446 0.95327 1.24657 1.4001 1.0538 0.929237 0.907506 0.838213 0.786445 0.759804 0.747293 0.732672 0.700666 0.686573 1.30695
threshold=0.75000000000000011 2.8500000000000001 -0.5 3.0500000000000003 8.1500000000000004 8.9500000000000011 6.4937500000000012 7.2500000000000009 3.8500000000000001 13.65 9.7500000000000018 0.55000000000000016 9.2500000000000018 672.50000000000011 51.500000000000007 0.25881904510252057 6.6500000000000012 4.9500000000000011 5.4500000000000011 3.2999999999999967 16.650000000000002 0.1294095225512602 5.6500000000000012 6.6500000000000012 7.8500000000000005 1.8500000000000003 2.1500000000000008 9.3500000000000032 3.4500000000000006 2.3500000000000001
decision_type=2 2 2 2 2 2 2 2 2 2 2 2 2 2 2 2 2 2 2 2 2 2 2 2 2 2 2 2 2 2
left_child=2 7 11 -4 5 20 23 13 10 -10 12 -1 25 16 27 -16 17 18 -2 -19 21 22 -3 -7 -5 -9 -17 -15 29 -29
right_child=1 4 3 24 -6 6 -8 8 9 -11 -12 -13 -14 14 15 26 -18 19 -20 -21 -22 -23 -24 -25 -26 -27 -28 28 -30 -31
leaf_value=-0.01522055216422618 0.0003715980884547914 0.00147847023101255 0.0018272462595148816 -0.012911151995048586 0.10084978688817184 -0.013298935878662479 0.0041106556098806524 -0.0033933933172707906 -0.023074190791265051 -0.00013678253188722432 0.0047095406999924953 -0.0063600222793389685 -0.002620151074160566 0.0038463124818031943 -0.0099304518875665757 -0.0063025762138799544 0.0044665606829399568 -0.0080048769425164062 -0.0049033610672701636 -0.0013309152369360899 -0.020365015089972158 0.018514953884155839 0.028026927261288873 -0.030626630081618648 -0.012321791382067571 0.0019647264472456129 0.00046511054178823599 0.00018129708060936667 0.0012687295765469162 -0.0053065472131468864
leaf_weight=25 542 648 26 25 2192 33 207 33 32 32 56 30 34 47 40 34 111 33 46 65 33 1317 669 26 25 52 28 71 51 59
leaf_count=25 542 648 26 25 2192 33 207 33 32 32 56 30 34 47 40 34 111 33 46 65 33 1317 669 26 25 52 28 71 51 59
internal_value=0.00147486 0.00184905 -0.0169394 -0.0105974 0.00268045 0.00191275 -0.00125843 -0.00126993 -0.00435 -0.0102154 -0.00215909 -0.0253571 -0.00503333 -0.000613475 -0.00253776 -0.00730097 0.000185464 -0.000372634 0.000325976 -0.00452525 0.00222939 0.00231347 0.00156904 -0.0074 -0.0172549 -0.00209302 -0.00368254 -0.000384279 -0.00151648 -0.00305343
internal_weight=6622 6491 131 76 5125 2933 266 1366 239 64 175 55 119 1127 330 102 797 686 588 98 2667 2634 1317 59 50 85 62 228 181 130
internal_count=6622 6491 131 76 5125 2933 266 1366 239 64 175 55 119 1127 330 102 797 686 588 98 2667 2634 1317 59 50 85 62 228 181 130
is_linear=0
shrinkage=0.04


Tree=44
num_leaves=31
num_cat=0
split_feature=0 0 17 0 5 16 2 7 16 10 14 17 17 0 3 11 11 19 4 17 15 4 3 8 19 4 5 13 4 6
split_gain=27.5911 9.67021 4.48111 2.82527 2.79257 2.66931 2.1818 2.6246 1.60951 3.20584 1.96077 2.60973 1.29941 0.918685 0.977257 1.09544 0.883062 1.4189 1.11102 1.08585 0.83368 1.34916 0.856935 0.849552 1.57543 0.891113 0.881809 0.829963 0.65794 0.656295
threshold=0.75000000000000011 2.7500000000000004 -0.70710678118654735 8.6500000000000004 7.1500000000000012 1182.5000000000002 8.7500000000000018 6.5812500000000007 672.50000000000011 1.9500000000000002 156.50000000000003 0.12940952255126045 -0.5 5.7500000000000009 3.8500000000000001 17.150000000000002 -0.34999999999999992 0.6078576107927941 3.5500000000000003 -0.78656609248549292 0.15000000000000005 5.0500000000000007 2.1500000000000008 1.8500000000000003 0.6078576107927941 3.7500000000000004 1.0500000000000003 2.0500000000000003 8.0500000000000025 2.4999999999999996
decision_type=2 2 2 2 2 2 2 2 2 2 2 2 2 2 2 2 2 2 2 2 2 2 2 2 2 2 2 2 2 2
left_child=2 8 -1 6 5 -4 13 12 20 -10 -11 -12 -8 14 -3 16 -16 19 -19 27 22 -22 -2 24 25 -24 -25 -18 -20 -28
right_child=1 3 4 -5 -6 -7 7 -9 9 10 11 -13 -14 -15 15 -17 17 18 28 -21 21 -23 23 26 -26 -27 29 -29 -30 -31
leaf_value=-0.012158732410729494 0.00070735044015122453 0.013403955428315968 0.00011243261363527685 0.11281578015385592 -0.01212897016060851 -0.01156006108696378 -0.032901083800198849 0.0073226911564138212 -0.00041920001498210106 6.6833873647943388e-06 -0.0095315353541123842 -0.0014132446169264781 -0.0099079956131771525 0.039102995738129337 0.011617584959756103 0.010617423814516953 -0.018537717042603149 -0.024330475070638249 0.0031590443708674888 0.0085533675973062592 -2.2969887293658601e-05 -0.013673296247907758 -0.0050054865844255617 -0.0089777700356942474 0.0017308416078045709 -0.0019964491298893349 0.0039466360259945259 -0.0009778334247134866 -0.018774411862174569 -0.00029247804732731165
leaf_weight=41 248 855 36 1973 29 25 38 291 275 35 51 40 48 1047 179 257 31 27 46 310 64 33 51 25 50 45 126 80 28 238
leaf_count=41 248 855 36 1973 29 25 38 291 275 35 51 40 48 1047 179 257 31 27 46 310 64 33 51 25 50 45 126 80 28 238
internal_value=0.00146882 0.00183672 -0.0166364 0.00260219 -0.0114286 -0.0063871 0.001874 -0.000984127 -0.00127613 -0.00337313 -0.00862992 -0.0116957 -0.00708046 0.00225096 0.00170452 0.00082586 5.69815e-06 -0.000826004 -0.00505882 0.000199052 -0.000317821 -0.00379592 0.000117347 -0.000783582 -0.00337415 -0.00635052 0.000194872 -0.00317857 -0.00245333 0.00070137
internal_weight=6622 6491 131 5210 90 61 3237 377 1281 401 126 91 86 2860 1813 958 701 522 101 421 880 97 783 535 146 96 389 111 74 364
internal_count=6622 6491 131 5210 90 61 3237 377 1281 401 126 91 86 2860 1813 958 701 522 101 421 880 97 783 535 146 96 389 111 74 364
is_linear=0
shrinkage=0.04


Tree=45
num_leaves=31
num_cat=0
split_feature=0 8 0 1 6 17 0 1 1 20 17 17 3 8 12 9 13 20 18 3 4 5 13 3 14 6 6 5 0 1
split_gain=24.1374 10.1681 5.66236 3.31895 2.73101 2.53914 1.72673 1.50533 1.42891 1.64178 1.25264 1.29124 0.979409 0.9597 0.939791 0.816068 0.735808 1.41111 1.40479 0.826844 1.08348 0.744163 0.73279 0.792429 1.56097 0.721986 0.783653 0.686798 0.676957 1.50771
threshold=1.5500000000000003 0.65000000000000002 6.6500000000000012 8.0500000000000025 3.9166666666666639 -0.5 2.7500000000000004 2.8500000000000001 1.2500000000000002 -0.56174490092936669 0.37940952255126054 0.25881904510252091 2.8500000000000001 7.8500000000000005 83.500000000000014 59.500000000000007 7.5500000000000007 -0.56174490092936669 0.60355339059327384 4.9500000000000011 4.1500000000000012 3.6500000000000008 12.350000000000003 3.0500000000000003 161.50000000000003 3.9499999999999988 4.7583333333333337 9.0500000000000025 9.0500000000000025 9.3500000000000032
decision_type=2 2 2 2 2 2 2 2 2 2 2 2 2 2 2 2 2 2 2 2 2 2 2 2 2 2 2 2 2 2
left_child=1 5 3 6 8 -1 7 16 27 -10 11 13 -9 -8 -12 -13 19 18 -18 -2 -21 -22 23 24 -11 -14 -27 -3 29 -4
right_child=2 4 28 -5 -6 -7 10 12 9 22 14 15 25 -15 -16 -17 17 -19 -20 20 21 -23 -24 -25 -26 26 -28 -29 -30 -31
leaf_value=-0.011710796924711721 0.0017885572305175845 -0.00016967680569757304 0.044810030890228447 -0.0064078871103688062 -0.010722538837076041 -0.011228623576596836 0.0071879150264978677 -0.00775903730861817 -0.0099196595534689468 -0.0055036737579381122 0.019132934768424516 -0.0031501615391640574 0.00353584180593063 -0.004811400657016838 0.00073258409443712261 -0.020788998209263051 -0.0076324369657164437 0.00034313202816337436 -0.00053866748782457278 -0.0062757286939149615 0.0065569601259338256 -0.0020932100099808337 0.0021535841883755149 -0.00041386518958191491 -0.0090871569314547214 -0.0090148588613633267 -0.00050602124892317986 -0.0027632542980649873 0.12403518972490873 -0.022799774070858085
leaf_weight=37 446 170 934 42 29 44 1274 30 48 36 695 53 48 56 207 35 27 150 37 28 45 43 25 46 26 28 44 29 1836 98
leaf_count=37 446 170 934 42 29 44 1274 30 48 36 695 53 48 56 207 35 27 150 37 28 45 43 25 46 26 28 44 29 1836 98
internal_value=0.00144787 -0.00708758 0.00212831 0.000994831 -0.00449756 -0.0199512 0.00114075 -0.000319309 -0.00356955 -0.00613187 0.0017234 0.000980973 -0.00397351 0.00129226 0.00288815 -0.00368539 0.000391249 -0.0016 -0.00652308 0.00115098 -0.00184615 0.000359551 -0.00379104 -0.00521101 -0.00812698 -0.00231405 -0.00482192 -0.00122 0.00342698 0.00260213
internal_weight=6646 490 6156 3288 409 81 3246 926 380 181 2320 1418 150 1330 902 88 776 214 64 562 116 88 133 108 62 120 72 199 2868 1032
internal_count=6646 490 6156 3288 409 81 3246 926 380 181 2320 1418 150 1330 902 88 776 214 64 562 116 88 133 108 62 120 72 199 2868 1032
is_linear=0
shrinkage=0.04


Tree=46
num_leaves=31
num_cat=0
split_feature=0 0 0 1 2 8 17 17 12 13 5 1 20 14 14 12 0 10 10 17 8 13 3 14 18 0 1 7 13 12
split_gain=22.0182 9.13901 5.71917 3.31166 2.17545 1.73559 1.6341 1.71948 1.39728 1.28936 1.24492 1.05847 1.00119 1.09632 1.06512 0.966019 1.01171 1.11757 1.70626 1.63797 1.03487 0.862747 0.810047 0.968549 0.686896 0.643351 0.920352 1.30732 0.634873 0.725491
threshold=1.5500000000000003 0.35000000000000003 6.6500000000000012 8.0500000000000025 4.4500000000000011 0.65000000000000002 0.37940952255126054 0.25881904510252091 82.500000000000014 3.2500000000000004 2.5500000000000003 0.8500000000000002 -0.56174490092936669 259.50000000000006 178.50000000000003 68.500000000000014 4.2500000000000009 3.4500000000000006 4.9500000000000011 -0.9159756150367534 8.1500000000000004 1.7500000000000002 2.1500000000000008 179.50000000000003 0.25881904510252057 9.4500000000000011 9.4500000000000011 6.6687500000000011 11.950000000000001 50.500000000000007
decision_type=2 2 2 2 2 2 2 2 2 2 2 2 2 2 2 2 2 2 2 2 2 2 2 2 2 2 2 2 2 2
left_child=1 -1 3 6 5 -3 7 15 28 21 22 -12 -13 14 -14 16 17 -2 19 -19 -18 -9 -7 -24 -10 26 -4 -28 -8 -30
right_child=2 4 25 -5 -6 10 8 9 24 -11 11 12 13 -15 -16 -17 20 18 -20 -21 -22 -23 23 -25 -26 -27 27 -29 29 -31
leaf_value=-0.013982216375267956 7.5310212726346137e-08 -0.0046150440389968869 0.04366008716713296 -0.0061515716259540618 -0.0092027408870194016 0.00058047153026252903 0.011828564278100764 -0.0070712989199347822 -0.0010883556188407478 0.0020236808932445919 3.6240506461945589e-05 -0.010875498928969326 -0.0025582011287119039 0.001292783360725649 -0.0069335084935332391 0.0032289037108961006 0.017175215377341905 -0.010075353902057535 0.00025562272399524104 -0.0083331693325140316 -0.0022982459821295062 -0.021994642866415649 -6.6553830665653107e-06 -0.0070808150941433839 0.0078663632107890333 0.13134177187628346 -0.049559428880312534 0.0094455790148907631 0.016700021913129894 -0.0018156549104701026
leaf_weight=33 504 45 1036 42 33 79 745 32 205 54 46 37 55 35 25 960 331 28 86 61 36 30 59 43 115 1695 25 112 28 31
leaf_count=33 504 45 1036 42 33 79 745 32 205 54 46 37 55 35 25 960 331 28 86 61 36 30 59 43 115 1695 25 112 28 31
internal_value=0.00147194 -0.00668024 0.00212181 0.00098267 -0.00517904 -0.00438588 0.00112843 0.0004748 0.00236089 -0.00423932 -0.00348421 -0.00566834 -0.00726797 -0.00534483 -0.00790123 0.000749377 -9.16904e-05 -0.00100588 -0.00375 -0.0076 0.00159783 -0.00812698 -0.00107692 -0.00341748 0.000124611 0.00342698 0.00270187 -0.000376811 0.00324969 -0.000733333
internal_weight=6646 490 6156 3288 457 424 3246 2122 1124 116 379 198 152 115 80 2006 1046 679 175 89 367 62 181 102 320 2868 1173 137 804 59
internal_count=6646 490 6156 3288 457 424 3246 2122 1124 116 379 198 152 115 80 2006 1046 679 175 89 367 62 181 102 320 2868 1173 137 804 59
is_linear=0
shrinkage=0.04


Tree=47
num_leaves=31
num_cat=0
split_feature=0 0 0 0 1 16 16 12 18 0 2 8 2 1 1 11 12 8 5 1 0 14 4 9 12 14 4 18 14 10
split_gain=20.6593 9.18511 4.53678 3.44892 2.42211 2.12218 1.21154 2.53855 1.26866 1.18483 1.7997 1.17004 1.60257 1.11543 1.08559 1.2757 1.63204 1.05176 1.24423 0.968924 0.899057 0.819065 0.893062 0.79369 0.71911 0.684736 0.652112 0.539458 0.513038 0.938992
threshold=0.75000000000000011 2.4500000000000006 0.35000000000000003 8.6500000000000004 9.3500000000000032 1067.5000000000002 742.50000000000011 55.500000000000007 1.0000000180025095e-35 1.5500000000000003 4.2500000000000009 7.2500000000000009 7.4500000000000011 2.1500000000000008 1.1500000000000001 7.1500000000000012 48.500000000000007 8.5500000000000025 5.5500000000000007 0.65000000000000002 1.9500000000000002 209.50000000000003 6.4500000000000011 75.500000000000014 84.500000000000014 320.50000000000006 7.9500000000000011 0.60355339059327384 181.50000000000003 13.050000000000002
decision_type=2 2 2 2 2 2 2 2 2 2 2 2 2 2 2 2 2 2 2 2 2 2 2 2 2 2 2 2 2 2
left_child=2 9 -1 4 6 19 8 17 11 10 14 12 25 -11 -2 24 -17 -8 -19 -4 23 22 -14 -15 -16 28 -6 -22 29 -3
right_child=1 3 5 -5 26 -7 7 -9 -10 13 -12 -13 21 20 15 16 -18 18 -20 -21 27 -23 -24 -25 -26 -27 -28 -29 -30 -31
leaf_value=-0.013422927720257237 0.00018058217328635398 0.0019773920179130917 0.00064480480464540479 0.10208808574244305 -0.03648193545265016 -0.0058358046311006049 0.0056716962948004223 -0.0076281212361906268 0.016744158963813306 0.00023208951325368038 -0.010743237229567968 0.029727901998464784 -0.032492139590534722 -0.0073800376975224572 5.7039779645120735e-05 -0.0033633270897640349 -0.0099982787283867912 -0.017070275672743721 0.021086457257997012 -0.0071803253310323938 -0.0020368705742268107 0.0038188027529306983 -0.0027613002392682705 -8.9462339339239835e-06 -0.0074855300869128448 -0.015216311108682193 -0.00088180119825229184 0.00089863630761953029 0.0091551336967763478 -0.026069754667359151
leaf_weight=33 133 427 28 1970 31 48 521 47 1301 373 27 410 48 43 83 42 42 38 37 26 163 27 45 25 28 26 39 78 482 25
leaf_count=33 133 427 28 1970 31 48 521 47 1301 373 27 410 48 43 83 42 42 38 37 26 163 27 45 25 28 26 39 78 482 25
internal_value=0.00145991 0.00178194 -0.0139706 0.0024358 0.00168217 -0.00963107 0.0018329 0.000267081 0.00219341 -0.00166859 -0.00353933 0.00139504 0.000703053 -0.000691069 -0.00269909 -0.00459184 -0.00828235 0.000978225 -0.00342105 -0.00407273 -0.00246452 -0.00363636 -0.00540426 -0.00649275 -0.00175 0.0012487 -0.0056338 -0.00130578 0.00142888 0.000459161
internal_weight=6646 6511 135 5474 3504 102 3434 643 2791 1037 355 1490 1080 682 328 195 84 596 75 54 309 120 93 68 111 960 70 241 934 452
internal_count=6646 6511 135 5474 3504 102 3434 643 2791 1037 355 1490 1080 682 328 195 84 596 75 54 309 120 93 68 111 960 70 241 934 452
is_linear=0
shrinkage=0.04


Tree=48
num_leaves=31
num_cat=0
split_feature=8 8 0 0 6 0 2 5 1 9 1 20 0 1 1 8 3 3 5 6 17 17 0 0 17 12 18 1 2 3
split_gain=20.6707 9.93883 3.29264 2.3535 1.99605 1.50592 2.14512 1.71636 1.06457 1.14987 1.04656 1.38037 0.93958 1.84927 1.23423 1.57436 1.31392 1.23309 0.899957 0.85312 0.966899 0.748403 0.741336 0.688811 0.648881 0.911745 0.638354 0.637269 0.653686 0.90511
threshold=0.65000000000000002 5.1500000000000012 1.5500000000000003 0.35000000000000003 3.9166666666666639 9.0500000000000025 9.9500000000000011 2.3500000000000001 5.5500000000000007 65.500000000000014 1.1500000000000001 -0.56174490092936669 2.7500000000000004 2.8500000000000001 3.8500000000000001 3.9500000000000006 4.1500000000000012 2.8500000000000001 4.9500000000000011 3.9499999999999988 -0.78656609248549292 0.37940952255126054 1.2500000000000002 2.4500000000000006 0.25881904510252091 81.500000000000014 -0.9159756150367534 2.0500000000000003 4.3500000000000005 5.4500000000000011
decision_type=2 2 2 2 2 2 2 2 2 2 2 2 2 2 2 2 2 2 2 2 2 2 2 2 2 2 2 2 2 2
left_child=3 2 4 -1 10 6 21 -8 12 -10 -2 22 13 23 26 16 -16 -15 -13 -19 -21 24 -12 27 -3 -26 -14 -4 29 -29
right_child=1 5 8 -5 -6 -7 7 -9 9 -11 11 18 14 17 15 -17 -18 19 -20 20 -22 -23 -24 -25 25 -27 -28 28 -30 -31
leaf_value=-0.012886010611446948 -0.00072935184026212132 0.015548451420529285 0.00026175467288392236 -0.006034178894122502 -0.0097084234422846177 0.11000456994213988 -0.025806511823206556 -2.0524834334678567e-05 -0.0079344744210098645 0.00053500475267648933 -0.010830587483270888 -0.00016967207993474112 -0.0030901389842516135 -0.0075876535945410984 -0.0085024212697117265 0.0023305905060242364 -0.001876424669167648 0.0030974085439527121 -0.0054313361727667602 -0.0053112945884320004 -0.00047199402084615818 0.037683914327400439 -0.005820043527549593 0.0087309087288749525 0.011846742237679743 -0.064732563240624666 0.01047787287767947 -0.00078560172299898048 0.00088940611217703332 -0.0042992104090999687
leaf_weight=33 172 960 312 48 29 1836 26 191 35 36 27 110 55 30 30 318 70 48 45 25 42 935 26 159 45 34 665 206 43 55
leaf_count=33 172 960 312 48 29 1836 26 191 35 36 27 110 55 30 30 318 70 48 45 25 42 935 26 159 45 34 665 206 43 55
internal_value=0.00147194 0.00172099 -0.000239464 -0.0184878 -0.00352195 0.00295631 0.00224635 -0.00152294 0.000392488 -0.00438889 -0.00272966 -0.00463158 0.000559495 -0.000390879 0.00132748 -0.000400954 -0.00475247 -0.00452055 -0.00269231 -0.00258621 -0.00547059 0.00266127 -0.0101481 0.000386598 0.00191923 -0.00155 0.0023301 -0.000220421 -0.00152131 -0.00227481
internal_weight=6646 6565 2538 81 409 4027 2191 217 2129 71 380 208 2058 920 1138 418 100 145 155 115 67 1974 53 775 1039 79 720 616 304 261
internal_count=6646 6565 2538 81 409 4027 2191 217 2129 71 380 208 2058 920 1138 418 100 145 155 115 67 1974 53 775 1039 79 720 616 304 261
is_linear=0
shrinkage=0.04


Tree=49
num_leaves=31
num_cat=0
split_feature=8 0 0 0 6 8 2 2 11 9 14 4 11 0 19 0 8 4 5 5 18 17 17 11 9 14 15 6 2 7
split_gain=20.6334 9.38178 3.01711 2.3535 2.03585 1.79873 1.60775 1.29066 1.23078 1.21658 1.15303 1.19089 1.92592 1.10298 0.927981 0.924231 1.03496 0.769691 0.76965 0.763105 0.685409 0.669457 0.852269 1.50263 0.628508 0.58524 0.74882 0.618094 0.547146 0.57913
threshold=0.65000000000000002 4.2500000000000009 1.5500000000000003 0.35000000000000003 3.9166666666666639 10.450000000000001 9.9500000000000011 5.7500000000000009 6.4500000000000011 96.500000000000014 160.50000000000003 3.5500000000000003 16.950000000000003 6.3500000000000005 -1.0000000180025095e-35 2.6500000000000008 3.5500000000000003 7.2500000000000009 2.7500000000000004 6.3500000000000005 -0.5 0.37940952255126054 0.25881904510252091 1.5500000000000003 96.500000000000014 277.50000000000006 1.0000000180025095e-35 2.9666666666666632 1.4500000000000002 3.3687500000000008
decision_type=2 2 2 2 2 2 2 2 2 2 2 2 2 2 2 2 2 2 2 2 2 2 2 2 2 2 2 2 2 2
left_child=3 2 4 -1 8 6 21 15 19 10 -10 -12 -13 -8 -9 16 24 20 -15 -2 -16 22 -3 -24 28 27 -27 -17 -4 -30
right_child=1 5 7 -5 -6 -7 13 14 9 -11 11 12 -14 18 17 25 -18 -19 -20 -21 -22 -23 23 -25 -26 26 -28 -29 29 -31
leaf_value=-0.012370570186989069 0.00051216497866512231 0.016602569055025884 0.0025656116798150651 -0.0057928117383576018 -0.0093200865045932335 0.10160437188566522 -0.0042471763442384382 0.00018097215081986574 -0.0035630473159289607 0.0013135529569786744 -0.0045576531038325806 -0.0092415319411851514 -0.0028094829228291008 -0.015438462316243327 -0.0044362267206618155 0.011945600325412805 -0.0014422810233912504 -0.0014269885057263763 0.019058223820555054 -0.0028561127821821884 -0.016284594698040503 0.035898907211736088 -0.052240687606366375 0.002978468316071695 0.00124009052837334 0.0043768589864439525 -0.0039124790919290286 0.0027653477191256371 -0.0013725113318311416 9.2542522227108436e-05
leaf_weight=33 141 1020 110 48 29 1761 40 105 49 30 56 33 32 28 26 317 26 61 199 39 28 1040 25 72 75 133 31 480 284 295
leaf_count=33 141 1020 110 48 29 1761 40 105 49 30 56 33 32 28 26 317 26 61 199 39 28 1040 25 72 75 133 31 480 284 295
internal_value=0.00145389 0.00170271 -0.000302394 -0.0184878 -0.00342439 0.00284281 0.00213443 0.000346856 -0.00262467 -0.00477612 -0.00608187 -0.00816393 -0.0118182 -0.000791045 -0.00253394 0.000710046 -0.000303413 -0.005 0.000298246 -0.000220994 -0.00843636 0.00249676 0.00181395 -0.0017551 -3.13724e-05 0.00154262 -0.000630303 0.00198998 -0.000411594 -0.000903448
internal_weight=6646 6565 2380 81 409 4185 2424 1971 380 200 170 121 65 267 220 1751 790 115 227 180 54 2157 1117 97 764 961 164 797 689 579
internal_count=6646 6565 2380 81 409 4185 2424 1971 380 200 170 121 65 267 220 1751 790 115 227 180 54 2157 1117 97 764 961 164 797 689 579
is_linear=0
shrinkage=0.04


Tree=50
num_leaves=31
num_cat=0
split_feature=0 0 0 0 13 2 0 1 1 2 3 0 2 14 1 11 13 12 1 12 12 5 13 6 0 3 4 4 1 18
split_gain=17.0444 7.4417 3.05967 2.15066 1.93183 1.62797 1.62521 2.62277 1.44155 1.40081 1.47278 1.32088 1.72576 1.74856 0.874808 1.37573 0.834699 0.778582 0.750811 0.741848 1.30108 0.705875 0.649959 0.817357 0.628687 0.803256 0.621427 0.970438 0.873761 0.58726
threshold=0.55000000000000016 3.6500000000000008 0.35000000000000003 9.6500000000000004 7.4500000000000011 8.7500000000000018 7.3500000000000005 8.3500000000000032 10.950000000000001 4.8500000000000005 4.8500000000000005 1.5500000000000003 2.1500000000000008 184.50000000000003 3.6500000000000008 16.150000000000002 15.65 77.500000000000014 3.8500000000000001 62.500000000000007 48.500000000000007 8.3500000000000032 3.4500000000000006 5.883333333333332 2.6500000000000008 7.4500000000000011 7.3500000000000005 4.9500000000000011 2.0500000000000003 1.0000000180025095e-35
decision_type=2 2 2 2 2 2 2 2 2 2 2 2 2 2 2 2 2 2 2 2 2 2 2 2 2 2 2 2 2 2
left_child=2 4 -1 5 9 16 7 21 -8 18 -11 12 19 -14 17 -16 29 -13 24 20 -6 -7 23 -12 25 26 27 -2 -29 -3
right_child=1 3 -4 -5 11 6 8 -9 -10 10 22 14 13 -15 15 -17 -18 -19 -20 -21 -22 -23 -24 -25 -26 -27 -28 28 -30 -31
leaf_value=-0.01091797719929719 0.000481824456921965 0.014331834559038066 -0.0052383409358485568 0.12154021226902767 0.00020898682047423066 0.0050409614998219122 0.036003165246921209 -0.014311574059699763 -0.035283186642445799 -0.012361278907464976 -3.6441227503786405e-05 8.9917973022995333e-05 -0.0050819440556187237 -0.010213864048798189 -0.0063913791711144499 0.00077185478202828359 -0.015998799672181575 -0.0020535883090136795 -0.0067688461983234863 0.0031439710635885786 -0.010993938574988742 -0.014684445118904243 0.00068027367959425003 -0.01527633211390491 0.0110083287459145 -0.0037389158952406414 0.0043968120329049166 -0.00013549320573385366 -0.0034650254761616683 0.025374268432069896
leaf_weight=32 510 1090 45 1652 51 96 321 39 29 29 53 342 27 29 27 26 37 25 37 33 41 53 79 31 445 33 85 76 46 1256
leaf_count=32 510 1090 45 1652 51 96 321 39 29 29 53 342 27 29 27 26 37 25 37 33 41 53 79 31 445 33 85 76 46 1256
internal_value=0.00151288 0.00173238 -0.0170769 0.00262615 -0.000286278 0.00197262 -1.48422e-05 -0.00300529 0.00159544 0.000516491 -0.00265285 -0.00218605 -0.00503297 -0.010807 -0.000950119 -0.0057037 0.00242114 -0.00025 0.00101217 -0.00238095 -0.00421505 -0.00056 -0.00114634 -0.00357647 0.00118729 0.000479361 0.000763231 0.000328594 -0.00286179 0.00251555
internal_weight=6675 6598 77 4573 2025 2921 538 188 350 1424 192 601 181 56 420 53 2383 367 1232 125 92 149 163 84 1195 750 717 632 122 2346
internal_count=6675 6598 77 4573 2025 2921 538 188 350 1424 192 601 181 56 420 53 2383 367 1232 125 92 149 163 84 1195 750 717 632 122 2346
is_linear=0
shrinkage=0.04


Tree=51
num_leaves=31
num_cat=0
split_feature=0 0 0 18 1 0 2 2 11 2 12 14 10 0 1 1 0 1 3 10 3 10 20 1 5 7 3 15 17 12
split_gain=16.9289 7.44524 2.38608 2.29907 1.99413 1.89971 1.82486 1.70553 1.49518 1.46684 1.37675 2.15774 1.50906 1.28511 1.29575 1.15322 1.0954 2.10744 1.44513 1.1564 0.729106 0.66826 0.881546 0.665196 1.02983 0.664437 0.814783 0.71605 0.645146 0.644966
threshold=0.45000000000000007 4.1500000000000012 1.5500000000000003 0.78656609248549303 3.8500000000000001 9.6500000000000004 3.4500000000000006 4.2500000000000009 7.0500000000000007 8.8500000000000032 48.500000000000007 160.50000000000003 3.0500000000000003 6.6500000000000012 8.3500000000000032 10.950000000000001 2.8500000000000001 2.8500000000000001 2.5500000000000003 6.1500000000000012 5.6500000000000012 1.8500000000000003 1.0000000180025095e-35 4.4500000000000011 7.0500000000000007 3.3687500000000008 4.4500000000000011 1.0000000180025095e-35 0.37940952255126054 83.500000000000014
decision_type=2 2 2 2 2 2 2 2 2 2 2 2 2 2 2 2 2 2 2 2 2 2 2 2 2 2 2 2 2 2
left_child=3 2 7 -1 16 9 -6 8 -2 28 21 -12 -13 14 -11 -15 17 25 -19 20 -20 22 -10 -8 -25 26 27 -4 -3 -30
right_child=1 5 4 -5 6 -7 23 -9 10 13 11 12 -14 15 -16 -17 -18 18 19 -21 -22 -23 -24 24 -26 -27 -28 -29 29 -31
leaf_value=-0.0086991769654239416 7.1925841846792119e-05 0.014357857950702702 0.00088507635900851025 -0.009730411700074746 -0.010457830762167018 0.11667860377826657 0.00057145353712821981 -0.0079021660116040029 -0.0052023958762430792 -0.0012043930734203265 2.7986259744452193e-05 -0.01076113671251103 -0.0059157876374820954 0.023324334418048043 -0.016098589794631673 -0.033746614255259627 0.010739340905034166 -0.0054059418145508747 -0.001138053388380522 0.0016930926058396198 -0.0030434833537005663 0.00053548959001647133 0.00057252353446490909 -0.0015588302813210951 -0.010345214705364347 0.0015945276003881442 -0.010251862775999739 -0.00098294104452678653 0.035899959543217397 0.028133086152488027
leaf_weight=27 203 1062 339 25 38 1652 152 37 47 83 31 26 27 364 25 31 643 26 52 35 41 27 41 90 41 404 25 49 780 252
leaf_count=27 203 1062 339 25 38 1652 152 37 47 83 31 26 27 364 25 31 643 26 52 35 41 27 41 90 41 404 25 49 780 252
internal_value=0.00153685 0.00171679 -7.74735e-05 -0.0209811 0.00052686 0.00271906 -0.00234783 -0.00273636 -0.00196526 0.00204311 -0.00442 -0.00828235 -0.0131111 0.000103175 -0.00374312 0.00116162 0.00109969 0.000251029 -0.00402581 -0.00223256 -0.00455319 -0.00155172 -0.00323595 -0.00122535 -0.00330303 0.00106112 -6.76327e-05 0.000390746 0.00250883 0.00322168
internal_weight=6675 6623 2374 52 1935 4249 321 439 402 2597 199 84 53 503 108 395 1614 971 154 128 93 115 88 283 131 817 413 388 2094 1032
internal_count=6675 6623 2374 52 1935 4249 321 439 402 2597 199 84 53 503 108 395 1614 971 154 128 93 115 88 283 131 817 413 388 2094 1032
is_linear=0
shrinkage=0.04


Tree=52
num_leaves=31
num_cat=0
split_feature=0 0 17 14 11 17 8 15 0 12 11 10 12 2 17 3 3 8 2 4 16 10 17 7 14 7 8 15 13 8
split_gain=16.9919 6.67454 2.38948 2.40468 2.00887 3.23917 2.26555 1.98449 1.52926 2.39546 1.291 0.985888 0.934668 0.866704 0.841932 0.972845 1.69051 0.758004 0.722514 0.676018 0.678281 0.920062 1.06131 1.71946 1.0893 0.882094 0.858092 0.636116 0.611878 0.89587
threshold=0.45000000000000007 6.9500000000000011 0.37940952255126054 114.50000000000001 8.3500000000000032 0.25881904510252091 7.8500000000000005 0.55000000000000016 1.5500000000000003 48.500000000000007 1.3500000000000003 2.1500000000000008 83.500000000000014 9.2500000000000018 -0.70710678118654735 5.4500000000000011 6.3500000000000005 11.250000000000002 9.9500000000000011 15.550000000000002 32.500000000000007 1.1500000000000001 -0.25881904510252113 3.0520833333333344 270.50000000000006 6.0333333333333341 4.7500000000000009 1.0000000180025095e-35 3.2500000000000004 4.9500000000000011
decision_type=2 2 2 2 2 2 2 2 2 2 2 2 2 2 2 2 2 2 2 2 2 2 2 2 2 2 2 2 2 2
left_child=11 2 3 13 5 14 8 12 9 -6 -7 -1 -4 -2 15 27 -17 18 -3 20 -10 -22 23 -23 25 26 -25 -5 29 -14
right_child=1 17 7 4 6 10 -8 -9 19 -11 -12 -13 28 -15 -16 16 -18 -19 -20 -21 21 22 -24 24 -26 -27 -28 -29 -30 -31
leaf_value=-0.010854352918478432 0.0019084907462379591 0.04969377029081351 0.0074583451849687165 0.0013468597509397762 -0.0025911652408363139 -0.018516151600104599 -0.017676005139209708 -0.0069163039599870729 0.027060337034259044 -0.0094206959178646486 -0.00398924615224025 -0.0075598968373151599 -0.0022880593839290485 -0.0015543558557895465 0.0035020058562958414 -0.028510218043820472 -0.00039309550920555456 0.11116712188714126 0.020042944942817203 0.0054682884313948486 1.1883143737120967e-05 -0.017179777737567962 0.00032861160776080417 -0.010627812624998326 0.0096519383765708861 -0.0031154009851429628 -0.0048809816438908863 -0.0026914255784579091 0.006575939399072671 0.025493925748572933
leaf_weight=25 730 890 915 226 98 50 30 49 36 43 48 27 93 33 634 26 69 1571 281 41 253 25 101 28 55 48 29 33 118 70
leaf_count=25 730 890 915 226 98 50 30 49 36 43 48 27 93 33 634 26 69 1571 281 41 253 25 101 28 55 48 29 33 118 70
internal_value=0.00157879 0.00175906 0.000691396 9.1014e-06 -0.000762006 0.000353266 -0.00229949 0.00213483 -0.0018628 -0.00560563 -0.00654545 -0.0209811 0.00245948 0.00190052 0.00104348 -0.00051831 -0.00395833 0.00326941 0.00249488 -0.000998379 -0.00135417 -0.00171111 -0.00326132 -0.00505376 -0.00347826 -0.00584906 -0.00917241 0.000753846 0.000439716 -0.00114634
internal_weight=6675 6623 3881 2636 1873 1086 787 1245 757 141 98 52 1196 763 988 354 95 2742 1171 616 575 539 286 185 160 105 57 259 281 163
internal_count=6675 6623 3881 2636 1873 1086 787 1245 757 141 98 52 1196 763 988 354 95 2742 1171 616 575 539 286 185 160 105 57 259 281 163
is_linear=0
shrinkage=0.04


Tree=53
num_leaves=31
num_cat=0
split_feature=0 0 0 18 1 6 17 14 13 5 8 17 11 11 8 8 18 8 4 10 10 10 0 1 16 10 18 4 17 11
split_gain=15.7522 7.09499 3.23699 2.7908 2.31325 1.49426 1.32837 1.77387 1.31125 2.01935 1.13122 1.11454 1.9903 1.91802 1.05445 0.984682 1.2137 0.878582 0.829605 0.786513 1.01587 1.51073 1.19422 0.795987 0.785464 1.04178 1.05375 0.835971 0.764747 0.94734
threshold=0.45000000000000007 6.9500000000000011 2.0500000000000003 0.78656609248549303 8.0500000000000025 2.8333333333333299 0.37940952255126054 112.50000000000001 14.65 4.1500000000000012 6.6500000000000012 0.25881904510252091 1.3500000000000003 6.4500000000000011 7.8500000000000005 1.7500000000000002 -0.70710678118654757 11.250000000000002 7.0500000000000007 1.1500000000000001 6.9500000000000011 3.9500000000000006 4.1500000000000012 3.1500000000000008 717.50000000000011 1.1500000000000001 0.25881904510252057 3.4500000000000006 -0.78656609248549292 -0.34999999999999992
decision_type=2 2 2 2 2 2 2 2 2 2 2 2 2 2 2 2 2 2 2 2 2 2 2 2 2 2 2 2 2 2
left_child=3 2 5 -1 6 8 7 -4 18 -10 -6 13 -13 28 19 16 -7 -3 24 -15 21 -21 23 -23 27 -26 -27 -2 29 -9
right_child=1 17 4 -5 10 15 -8 11 9 -11 -12 12 -14 14 -16 -17 -18 -19 -20 20 -22 22 -24 -25 25 26 -28 -29 -30 -31
leaf_value=-0.0079535763987843688 0.0004558865502848296 0.042050583748893013 0.0065619244629829812 -0.0089070211153326178 -0.00035281815489397381 -0.0020914958877468926 0.008468999128483673 0.0054871964634819305 -0.0017692104874661083 -0.0096768831854291311 -0.014792804349767055 -0.019259677219501628 0.00031546722692849221 0.0019549363600695792 -0.014196608247335945 -0.003870922703124655 -0.0075600703547669202 0.10672043701165559 0.0016666883031688652 -0.00090636083266387225 0.017237827025334652 -0.0043275886997929886 -0.0035673761293771285 -0.013351025288560024 0.0006532691788386526 -0.01301287608556348 -0.0032758557651689849 -0.00082308213606228128 0.012538308540084031 -0.0040864341087197345
leaf_weight=27 236 1171 557 25 27 25 1126 76 50 28 33 39 71 233 27 96 35 1571 68 177 74 27 25 27 51 32 39 140 417 145
leaf_count=27 236 1171 557 25 27 25 1126 76 50 28 33 39 71 233 27 96 35 1571 68 177 74 27 25 27 51 32 39 140 417 145
internal_value=0.00149491 0.00166848 0.000567749 -0.0202264 0.00115639 -0.00169788 0.00131171 0.000664557 -0.000843411 -0.00567089 -0.00655738 -0.000125467 -0.00396396 0.000221318 -0.00142132 -0.00519745 -0.00918033 0.00322567 -0.000169312 -0.00104255 -0.00229607 -0.00348638 -0.00805 -0.0113455 -0.000737475 -0.00351219 -0.00661111 0.000169761 0.00174022 -0.000162162
internal_weight=6675 6623 3881 52 3081 800 3021 1895 644 78 60 1338 110 1228 590 156 60 2742 566 563 330 256 79 54 498 122 71 376 638 221
internal_count=6675 6623 3881 52 3081 800 3021 1895 644 78 60 1338 110 1228 590 156 60 2742 566 563 330 256 79 54 498 122 71 376 638 221
is_linear=0
shrinkage=0.04


Tree=54
num_leaves=31
num_cat=0
split_feature=0 0 18 8 1 0 1 17 17 12 1 16 13 0 20 9 1 8 2 17 8 17 8 15 6 1 13 8 12 5
split_gain=14.6765 7.00105 2.36897 1.84671 1.75783 1.6373 2.19909 1.49414 1.62641 2.75774 1.87063 1.34293 1.30123 1.17161 1.02996 1.87972 1.26581 1.11211 1.61292 0.957 1.18514 1.07858 0.910599 0.885596 1.17084 0.990031 0.822511 0.785818 1.22513 0.765779
threshold=0.45000000000000007 4.1500000000000012 0.78656609248549303 11.250000000000002 4.3500000000000005 2.8500000000000001 3.3500000000000001 0.37940952255126054 0.25881904510252091 78.500000000000014 6.9500000000000011 367.50000000000006 12.850000000000003 2.6500000000000008 -0.56174490092936669 76.500000000000014 2.5500000000000003 1.7500000000000002 2.5500000000000003 0.12940952255126045 3.8500000000000001 -0.78656609248549292 6.7500000000000009 1.0000000180025095e-35 2.2499999999999964 1.4500000000000002 3.9500000000000006 4.9500000000000011 83.500000000000014 1.2500000000000002
decision_type=2 2 2 2 2 2 2 2 2 2 2 2 2 2 2 2 2 2 2 2 2 2 2 2 2 2 2 2 2 2
left_child=2 4 -1 7 5 6 11 8 12 -10 -11 23 -3 -8 15 -13 -17 18 -16 21 -21 26 -14 29 25 -25 -6 28 -9 -2
right_child=1 3 -4 -5 19 -7 13 27 9 10 -12 14 22 -15 17 16 -18 -19 -20 20 -22 -23 -24 24 -26 -27 -28 -29 -30 -31
leaf_value=-0.0076354333428329951 -0.0016517986270527735 0.014817665884816178 -0.0085507402707193144 0.099295942012394958 -0.015640534219567865 0.0057849717360466532 -0.00070857246257493461 0.014362184563818686 0.015988214552084261 -0.01454810436017143 -0.074274044328948366 -0.0070144038479893981 0.015119369347906761 -0.004802801339059538 -0.0015991295399633493 -0.00031593656216597095 -0.011853752128916531 0.00046315047062376778 -0.00648214233995675 -0.013532607285166766 -0.001572576372307204 0.0038333129159104301 -0.024622104204822082 -0.00096801300067015663 0.0030542178596272011 -0.0075537613947949155 -0.001953925883194207 0.033878406961174445 -0.019725688192178605 0.001054769695300999
leaf_weight=27 84 1293 25 1579 26 792 29 45 58 29 25 36 34 25 113 106 25 286 30 25 25 57 47 26 54 31 30 1112 27 574
leaf_count=27 84 1293 25 1579 26 792 29 45 58 29 25 36 34 25 113 106 25 286 30 25 25 57 47 26 54 31 30 1112 27 574
internal_value=0.00149491 0.00166244 -0.0194717 0.00263435 -7.74735e-05 0.000218807 -0.000594366 0.00199176 0.00114593 -0.00346903 -0.00989091 -0.000278184 0.00152436 -0.00843636 -0.00170184 -0.00435714 -0.00209091 -0.000660465 -0.00352778 -0.00407317 -0.00862745 -0.002 -0.00336585 0.000825974 -0.00246429 -0.00641379 -0.00589474 0.00305148 -0.000986301 0.00138392
internal_weight=6675 6623 52 4249 2374 2211 1419 2670 1486 112 54 1365 1374 54 596 167 131 429 143 163 50 113 81 769 111 57 56 1184 72 658
internal_count=6675 6623 52 4249 2374 2211 1419 2670 1486 112 54 1365 1374 54 596 167 131 429 143 163 50 113 81 769 111 57 56 1184 72 658
is_linear=0
shrinkage=0.04


Tree=55
num_leaves=31
num_cat=0
split_feature=8 0 1 17 18 17 12 13 0 4 13 18 10 8 13 7 14 7 20 11 2 17 10 11 16 16 14 2 1 3
split_gain=12.347 6.81298 3.00794 2.46724 1.67149 1.6171 1.57939 1.21283 1.02325 1.44277 0.897301 0.903233 0.917939 1.12276 0.892555 1.10547 0.981609 0.844134 1.17896 1.78832 0.993858 0.625251 0.61454 0.892085 1.85865 0.98762 0.67297 0.773943 0.795274 0.773623
threshold=0.65000000000000002 6.9500000000000011 8.3500000000000032 -0.25881904510252113 0.78656609248549303 -0.37940952255126065 81.500000000000014 15.65 1.7500000000000002 3.3500000000000001 7.2500000000000009 0.25881904510252057 12.15 5.2500000000000009 3.7500000000000004 3.6854166666666672 184.50000000000003 9.0770833333333361 1.0000000180025095e-35 7.4500000000000011 3.2500000000000004 -0.60355339059327362 2.5500000000000003 8.3500000000000032 117.50000000000001 617.50000000000011 281.50000000000006 2.0500000000000003 1.9500000000000002 4.7500000000000009
decision_type=2 2 2 2 2 2 2 2 2 2 2 2 2 2 2 2 2 2 2 2 2 2 2 2 2 2 2 2 2 2
left_child=4 2 3 5 -1 8 7 -5 9 -2 11 12 -8 -14 -11 -16 -17 18 20 -20 -7 22 -10 25 -25 26 27 28 -24 -28
right_child=1 -3 -4 6 -6 17 10 -9 21 14 -12 -13 13 -15 15 16 -18 -19 19 -21 -22 -23 23 24 -26 -27 29 -29 -30 -31
leaf_value=-0.0072976922954083546 0.00025563393605553935 0.058605110788724518 -0.012518027846564249 0.0063556055063970097 -0.0073540370407518089 0.0042688844346227949 0.000474755927495345 -0.0020738951981311509 0.0019514200221080972 9.6208601155079558e-05 -0.021493179236144702 0.011732171645439302 -0.025211419514546703 0.019341514392657824 -0.0081508070982189013 0.00013718884744013443 -0.0026934732578314676 0.027491608140403374 -0.0039596425861828707 -0.042564336919265221 -0.050435697550005286 0.0061939779046722016 0.0021541964433786382 -0.014127534888230269 -0.0016336391508899395 -0.0036224729856071535 0.00072667433262703905 0.0031337507751388765 -0.0030448922607159558 -0.018086781051950395
leaf_weight=44 141 2740 43 1250 35 62 375 65 333 47 30 211 39 29 39 26 33 30 31 42 46 268 39 29 120 29 43 365 44 25
leaf_count=44 141 2740 43 1250 35 62 375 65 333 47 30 211 39 29 39 26 33 30 31 42 46 268 39 29 120 29 43 365 44 25
internal_value=0.00157078 0.00176061 0.000671708 0.000792194 -0.01405 -0.000285555 0.001758 0.00256839 0.000154235 -0.00200697 0.00019854 0.000512977 -0.000513513 -0.00475362 -0.00479452 -0.00694949 -0.0034 -0.00356604 -0.00459341 -0.00848649 -0.00190826 0.000632716 0.00018288 -0.000494964 -0.00322667 0.00025641 0.000665377 0.0012294 -0.0022381 -0.00301449
internal_weight=6653 6574 3834 3791 79 1792 1999 1315 1581 286 684 654 443 68 145 98 59 211 181 73 108 1295 1027 694 149 545 516 448 83 68
internal_count=6653 6574 3834 3791 79 1792 1999 1315 1581 286 684 654 443 68 145 98 59 211 181 73 108 1295 1027 694 149 545 516 448 83 68
is_linear=0
shrinkage=0.04


Tree=56
num_leaves=31
num_cat=0
split_feature=8 0 1 0 1 8 18 18 13 20 9 10 17 10 10 8 0 0 11 15 17 11 17 17 1 6 11 2 7 18
split_gain=12.3755 6.26919 2.53805 2.3226 1.71119 1.7108 1.67149 1.18497 1.15009 1.11688 1.66695 0.983651 1.05378 0.933923 1.19236 0.693969 0.651692 0.63839 0.996294 0.626148 0.618892 1.4154 1.52383 1.37803 0.773575 1.34109 1.12005 0.611807 1.24901 0.630584
threshold=0.65000000000000002 6.9500000000000011 8.3500000000000032 2.8500000000000001 2.9500000000000006 3.2500000000000004 0.78656609248549303 1.0000000180025095e-35 6.7500000000000009 -0.56174490092936669 81.500000000000014 0.45000000000000007 -0.37940952255126065 2.6500000000000008 5.3500000000000005 11.250000000000002 2.4500000000000006 1.2500000000000002 8.1500000000000004 0.55000000000000016 -0.5 4.4500000000000011 0.25881904510252091 0.37940952255126054 3.6500000000000008 3.7999999999999967 1.7500000000000002 8.8500000000000032 6.2187500000000009 0.91597561503675351
decision_type=2 2 2 2 2 2 2 2 2 2 2 2 2 2 2 2 2 2 2 2 2 2 2 2 2 2 2 2 2 2
left_child=6 2 3 4 8 13 -1 20 16 10 -10 12 -9 -6 -15 27 -2 18 -11 -13 24 22 -22 -24 -5 -26 -27 -3 -29 -30
right_child=1 15 -4 7 5 -7 -8 11 9 17 -12 19 -14 14 -16 -17 -18 -19 -20 -21 21 -23 23 -25 25 26 -28 28 29 -31
leaf_value=-0.0070057846035920211 0.00018416276881518621 0.045394315797113852 -0.012017306732701681 0.0095828560354824614 0.0017283983621882086 -0.003633634710941077 -0.0070598755591217352 0.014528154798000514 -0.0060912407086768788 0.0019132890278087881 -7.9234589241611471e-05 0.012104045884790067 -0.048200776991339796 -0.0061933667937365171 -0.00043366483762472658 0.096206920483305036 0.0072054759407619087 0.00039423612753490718 -0.0073045318191293923 -0.0037426727808182831 0.017960480550154645 0.018395489231975592 -0.025426276718481113 -0.00179980598939953 -0.011526364552933599 0.01399257413298736 -0.0063399522816766042 -0.026970032579113387 0.030742457632566059 -0.030528611994753988
leaf_weight=44 616 747 43 110 38 27 35 31 67 30 74 1214 30 32 67 1564 180 231 53 37 129 324 48 177 28 59 189 59 336 34
leaf_count=44 616 747 43 110 38 27 35 31 67 30 74 1214 30 32 67 1564 180 231 53 37 129 324 48 177 28 59 189 59 336 34
internal_value=0.00158882 0.00177886 0.00073429 0.000844937 -0.000437853 -0.00426667 -0.01405 0.00160875 6.70928e-05 -0.00153509 -0.00447887 0.0024128 -0.00251613 -0.0024058 -0.00444 0.00323969 0.000983689 -0.000203174 -0.00319048 0.00265495 0.000615963 0.00134315 -0.000405634 -0.00238938 -0.000661499 -0.00179061 -0.000835341 0.00250127 0.00129302 0.00215633
internal_weight=6653 6574 3834 3791 1415 164 79 2376 1251 455 141 1312 61 137 99 2740 796 314 83 1251 1064 678 354 225 386 276 248 1176 429 370
internal_count=6653 6574 3834 3791 1415 164 79 2376 1251 455 141 1312 61 137 99 2740 796 314 83 1251 1064 678 354 225 386 276 248 1176 429 370
is_linear=0
shrinkage=0.04


Tree=57
num_leaves=31
num_cat=0
split_feature=8 8 18 8 17 13 9 1 12 5 17 12 16 12 20 11 9 7 2 3 7 17 6 6 9 11 20 16 8 12
split_gain=11.5783 5.63671 2.02815 1.65908 1.7511 1.18144 1.11559 0.918376 1.2895 0.976956 0.846307 1.68823 0.842812 0.984052 1.24569 1.20795 1.77842 0.790783 1.75262 0.786378 0.698246 1.00623 0.662668 1.20569 0.860655 0.70105 0.909058 0.588693 0.815854 0.588198
threshold=0.65000000000000002 5.1500000000000012 0.78656609248549303 11.450000000000001 -0.25881904510252113 9.3500000000000032 88.500000000000014 5.5500000000000007 85.500000000000014 4.0500000000000007 -0.37940952255126065 29.500000000000004 1952.5000000000002 48.500000000000007 -0.56174490092936669 7.9500000000000011 69.500000000000014 6.4145833333333346 9.2500000000000018 3.1500000000000008 2.5854166666666671 0.25881904510252091 3.7999999999999967 4.0583333333333309 82.500000000000014 6.1500000000000012 -0.22252093395631442 367.50000000000006 2.0500000000000003 77.500000000000014
decision_type=2 2 2 2 2 2 2 2 2 2 2 2 2 2 2 2 2 2 2 2 2 2 2 2 2 2 2 2 2 2
left_child=2 5 -1 4 10 7 12 9 -9 22 17 -12 13 -7 19 -16 -17 18 -3 -15 21 -11 24 -24 27 -25 -27 -2 -29 -6
right_child=1 3 -4 -5 29 6 -8 8 -10 20 11 -13 -14 14 15 16 -18 -19 -20 -21 -22 -23 23 25 -26 26 -28 28 -30 -31
leaf_value=-0.0067255532194483401 0.00045284920559203121 0.0030103518622507969 -0.0067774805367568662 0.093633107101478125 0.032177018835092872 0.0012704458490853784 0.00026364721907925814 0.0022197709963817365 -0.016837120681428171 -0.0087102118802457051 -0.053378544448866923 0.0080029148089898212 -0.0061792445958078314 -0.0044235061641430982 0.0012699809580097826 0.0024679977639702126 -0.0085551038447923555 0.012394859115070808 -0.013031951934328965 -0.0014701882142717612 0.0026163311952358539 0.003559293101920788 -0.0093955120184994866 0.0011138105712517183 0.0022168737140594807 0.00039883957052429356 -0.01315014859759631 -0.0093380690852040132 0.00040248971308083555 0.020245470806933192
leaf_weight=44 640 278 35 1519 943 100 154 31 27 26 29 54 26 48 79 34 40 502 28 26 782 30 44 134 162 43 31 28 56 680
leaf_count=44 640 278 35 1519 943 100 154 31 27 26 29 54 26 48 79 34 40 502 28 26 782 30 44 134 162 43 31 28 56 680
internal_value=0.0015768 0.00176061 -0.01355 0.00269013 0.00205805 0.000284815 -0.00144094 0.000715479 -0.00420339 0.000861912 0.000632287 -0.00319048 -0.00267797 -0.00210976 -0.0035614 -0.00148052 -0.00512 0.00102843 -0.00057329 -0.00778667 0.0018975 -0.00238596 9.8332e-05 -0.00170751 0.000613303 -0.000421052 -0.00352 2.20691e-05 -0.00310588 0.0028399
internal_weight=6653 6574 79 4033 2514 2541 507 2034 58 1976 891 83 353 327 227 153 74 808 306 74 838 56 1138 252 886 208 74 724 84 1623
internal_count=6653 6574 79 4033 2514 2541 507 2034 58 1976 891 83 353 327 227 153 74 808 306 74 838 56 1138 252 886 208 74 724 84 1623
is_linear=0
shrinkage=0.04


Tree=58
num_leaves=31
num_cat=0
split_feature=0 0 0 6 0 2 1 5 3 11 9 17 19 4 17 12 9 3 4 8 9 17 17 18 16 3 1 0 8 16
split_gain=9.61949 6.46598 1.70034 1.78321 1.59406 1.96251 1.32427 1.27545 1.12917 0.896349 1.29952 1.3641 1.19668 1.13845 0.77446 0.901418 1.20631 1.07211 0.660608 0.642478 0.589901 0.586436 0.694882 0.733565 0.621402 0.657898 0.846032 0.586034 1.22576 0.568688
threshold=0.35000000000000003 4.6500000000000012 1.5500000000000003 3.7999999999999967 9.6500000000000004 8.8500000000000032 5.5500000000000007 3.5500000000000003 9.3500000000000032 8.1500000000000004 96.500000000000014 -0.37940952255126065 -0.60785761079279388 3.5500000000000003 -0.78656609248549292 50.500000000000007 82.500000000000014 8.4500000000000011 2.9500000000000006 4.1500000000000012 68.500000000000014 -0.25881904510252113 -0.37940952255126065 0.1294095225512602 197.50000000000003 7.6500000000000012 6.3500000000000005 7.3500000000000005 7.7500000000000009 2557.5000000000005
decision_type=2 2 2 2 2 2 2 2 2 2 2 2 2 2 2 2 2 2 2 2 2 2 2 2 2 2 2 2 2 2
left_child=-1 2 3 9 5 21 14 8 -7 -2 11 12 -11 -14 15 17 19 -4 -9 -17 -8 22 23 24 -3 26 -26 28 -20 -16
right_child=1 4 6 -5 -6 7 20 18 -10 10 -12 -13 13 -15 29 16 -18 -19 27 -21 -22 -23 -24 -25 25 -27 -28 -29 -30 -31
leaf_value=-0.0079868213202892776 0.00023304011012930355 0.023305580975645227 0.0019466126207745322 -0.0061423731237756031 0.093386291167564292 -0.022247401644492647 -0.016272640224823852 -0.02233030755091877 -0.0021158180505593252 -0.00099869633041079061 0.0017275381305008922 7.8879857905484718e-05 -0.0042769892853433524 -0.0070728726641566689 0.0016564060619844137 -0.001366405710467918 -0.0046758814243815349 -0.001518143907656738 0.001141914932112539 0.0090234659934246338 -0.0010232409071052949 0.029363579098151293 -0.032738490964779716 0.021039284908981232 0.014455686914103313 0.0095233256521716093 -0.036269322001642561 0.026218539409916967 -0.014894225406139494 -0.0057427433973164374
leaf_weight=33 241 200 126 27 1645 33 26 25 62 38 31 58 29 30 1553 284 34 33 77 52 41 1331 52 179 27 32 35 254 29 36
leaf_count=33 241 200 126 27 1645 33 26 25 62 38 31 58 29 30 1553 284 34 33 77 52 41 1331 52 179 27 32 35 254 29 36
internal_value=0.0015768 0.00168555 0.00015 -0.00207473 0.00270316 0.00202995 0.000612992 -0.00024948 -0.004375 -0.00142991 -0.00350802 -0.005 -0.00787755 -0.0114 0.000789052 -0.000535849 -0.00161725 0.001975 0.000777202 -0.000878338 -0.00488235 0.00261928 0.00148289 0.00196624 0.000732204 -0.00193684 -0.00431746 0.00121884 -0.00127103 0.00123019
internal_weight=6653 6620 2639 454 3981 2336 2185 480 95 427 186 155 97 59 2118 529 370 159 385 336 67 1856 525 473 294 94 62 360 106 1589
internal_count=6653 6620 2639 454 3981 2336 2185 480 95 427 186 155 97 59 2118 529 370 159 385 336 67 1856 525 473 294 94 62 360 106 1589
is_linear=0
shrinkage=0.04


Tree=59
num_leaves=31
num_cat=0
split_feature=0 0 8 0 2 1 2 7 16 9 17 11 12 12 13 9 8 17 9 18 17 17 11 1 0 13 17 17 18 16
split_gain=9.6467 6.21229 1.68427 1.48109 1.68514 1.47565 0.882825 0.803371 0.782825 0.721344 0.710165 1.28975 2.51545 1.15422 0.982371 0.859131 0.607346 0.68542 0.571398 0.979437 0.81323 1.3228 0.84471 0.668982 1.09306 0.562495 0.557129 0.759058 0.699303 0.552711
threshold=0.35000000000000003 4.6500000000000012 1.8500000000000003 9.6500000000000004 8.7500000000000018 5.3500000000000005 8.6500000000000004 5.3645833333333348 2557.5000000000005 70.500000000000014 -0.70710678118654735 7.9500000000000011 49.500000000000007 79.500000000000014 14.65 58.500000000000007 1.2500000000000002 -1.0000000180025095e-35 56.500000000000007 0.25881904510252057 -1.0000000180025095e-35 -0.37940952255126065 10.350000000000003 4.4500000000000011 4.0500000000000007 12.850000000000003 -0.25881904510252113 -0.37940952255126065 0.1294095225512602 197.50000000000003
decision_type=2 2 2 2 2 2 2 2 2 2 2 2 2 2 2 2 2 2 2 2 2 2 2 2 2 2 2 2 2 2
left_child=-1 2 10 4 26 6 8 -6 18 -7 11 13 25 -2 15 -12 -17 -18 -4 23 21 -21 -23 -20 -25 -13 27 28 29 -3
right_child=1 3 5 -5 7 9 -8 -9 -10 -11 14 12 -14 -15 -16 16 17 -19 19 20 -22 22 -24 24 -26 -27 -28 -29 -30 -31
leaf_value=-0.0076673484674777076 0.00045531228384155338 0.022614472927247543 0.0062951348640461046 0.089650839520861711 -0.026587661301681182 -0.018391453673390637 -0.0065383662244892816 0.00085102478785031063 -0.0080627083816529506 -0.00080296776838526278 -0.0069342302279242155 -0.0019334005603689616 -0.0051961901697622969 -0.0050898009968923007 -0.0057586742813987048 0.001609566205545638 -0.0032119746900223177 0.0015761843076083971 6.3053045871919728e-05 0.00089719324496678678 0.0095527768095266374 0.00052476030719655735 -0.041617628090778562 -0.004977115012877645 0.003383943693239059 0.00016615123150072624 0.028444759145410007 -0.034202537544066602 0.020054971379090021 -0.015495611623131785
leaf_weight=33 54 197 254 1645 31 33 27 470 36 45 38 29 37 30 53 95 88 62 742 343 458 65 45 33 45 27 1322 50 177 89
leaf_count=33 54 197 254 1645 31 33 27 470 36 45 38 29 37 30 53 95 88 62 742 343 458 65 45 33 45 27 1322 50 177 89
internal_value=0.00160685 0.00171575 0.000210606 0.00271321 0.00206418 0.000707099 0.000913617 7.96828e-06 0.00101088 -0.00465823 -0.00184436 -0.00388764 -0.00710638 -0.000282353 -0.000759644 0.000183099 0.00105691 -0.000529801 0.00111782 0.000856813 0.00175877 0.000555066 -0.00324324 -0.000146163 -0.00364557 -0.00168421 0.00262527 0.00150195 0.00200862 0.000780488
internal_weight=6653 6620 2639 3981 2336 2126 2048 501 2021 78 513 177 93 84 336 283 245 150 1985 1731 911 453 110 820 78 56 1835 513 463 286
internal_count=6653 6620 2639 3981 2336 2126 2048 501 2021 78 513 177 93 84 336 283 245 150 1985 1731 911 453 110 820 78 56 1835 513 463 286
is_linear=0
shrinkage=0.04


Tree=60
num_leaves=31
num_cat=0
split_feature=0 0 0 1 0 1 17 13 17 17 12 3 13 14 14 17 17 12 12 4 13 11 1 10 4 0 17 20 14 11
split_gain=11.2995 6.77833 2.59166 1.83258 1.54433 3.03754 1.58716 1.05562 1.02819 1.00958 1.43912 0.914531 0.911045 0.901814 1.48048 0.801482 0.837285 1.08748 0.745486 0.661858 1.35232 1.34206 0.639473 0.622966 0.591277 1.71903 0.54657 0.609097 0.78426 0.584765
threshold=0.35000000000000003 5.0500000000000007 1.1500000000000001 0.95000000000000007 10.15 11.250000000000002 0.37940952255126054 10.15 -0.60355339059327362 0.25881904510252091 78.500000000000014 2.2500000000000004 13.65 187.50000000000003 155.50000000000003 -0.25881904510252113 -0.37940952255126065 34.500000000000007 48.500000000000007 2.5500000000000003 3.1500000000000008 -1.1499999999999997 5.1500000000000012 0.95000000000000007 1.7500000000000002 3.4500000000000006 -0.60355339059327362 -0.22252093395631442 242.50000000000003 10.550000000000002
decision_type=2 2 2 2 2 2 2 2 2 2 2 2 2 2 2 2 2 2 2 2 2 2 2 2 2 2 2 2 2 2
left_child=-1 2 3 13 5 6 9 11 18 12 -11 -4 15 14 -2 16 23 -18 -5 20 21 -13 -9 -3 -23 -26 27 28 29 -25
right_child=1 4 7 8 -6 -7 -8 22 -10 10 -12 19 -14 -15 -16 -17 17 -19 -20 -21 -22 24 -24 26 25 -27 -28 -29 -30 -31
leaf_value=-0.0083457752745680087 0.0030437991165738775 0.024066545372512547 0.0022353583645805301 -0.002360011527658001 0.10606480594002726 -0.03952843910256456 0.033940659680511132 -0.0012270165157646274 -0.004909710346744478 0.021716770301300176 -0.062475404862772123 -0.012845461646112468 -0.018174711369715015 0.00037946395410585359 -0.0089488301440558277 0.036926796158745313 -0.029755478180969321 0.013335382280304698 -0.0056394968055495679 0.0005629951609095724 0.0015856707585585673 0.0020076822002431625 -0.010180941183738091 0.027083436861727234 -0.0095014345091723653 0.0090447928299087106 0.025773678460483975 0.010432904452219423 -0.028945663797054592 -0.0084194634498957061
leaf_weight=34 29 152 555 28 1436 40 1023 368 63 47 48 48 37 67 31 337 37 29 33 1336 162 78 28 61 41 33 113 256 47 50
leaf_count=34 29 152 555 28 1436 40 1023 368 63 47 48 48 37 67 31 337 37 29 33 1336 162 78 28 61 41 33 113 256 47 50
internal_value=0.00141215 0.0015319 8.27302e-05 -0.00379365 0.00266344 0.00201405 0.0022109 0.000451321 -0.007232 0.00123128 -0.00270833 0.000786158 0.00156786 -0.00040625 -0.00393443 0.00178024 0.00104558 -0.00322388 -0.0109032 0.000324897 -0.00119008 -0.00338308 -0.00145088 0.00146471 -0.00151634 -0.00405333 0.000810606 0.00013494 -0.00181132 3.57144e-05
internal_weight=6647 6613 2900 251 3713 2277 2237 2649 124 1214 95 2253 1119 127 60 1082 745 66 61 1698 362 200 396 679 152 74 527 414 158 111
internal_count=6647 6613 2900 251 3713 2277 2237 2649 124 1214 95 2253 1119 127 60 1082 745 66 61 1698 362 200 396 679 152 74 527 414 158 111
is_linear=0
shrinkage=0.04


Tree=61
num_leaves=31
num_cat=0
split_feature=0 0 0 2 0 1 3 17 14 2 17 12 13 13 17 2 0 10 17 12 7 5 11 14 2 4 6 1 9 6
split_gain=11.2577 6.51396 2.36611 1.95062 1.65728 2.98853 1.55444 1.40938 1.19488 1.84001 0.992825 1.43912 0.955583 0.900456 0.838632 0.823873 1.11276 0.894625 0.816458 1.08748 0.814042 0.764609 0.858062 0.725588 0.712785 0.699152 0.946505 0.829552 0.699239 0.654229
threshold=0.35000000000000003 5.0500000000000007 1.1500000000000001 1.2500000000000002 10.15 11.250000000000002 2.0500000000000003 0.37940952255126054 160.50000000000003 2.0500000000000003 0.25881904510252091 78.500000000000014 10.050000000000002 13.65 -0.25881904510252113 2.5500000000000003 2.3500000000000001 7.4500000000000011 -0.37940952255126065 34.500000000000007 7.2020833333333343 2.6500000000000008 6.1500000000000012 66.500000000000014 3.8500000000000001 2.7500000000000004 4.9166666666666643 5.0500000000000007 62.500000000000007 6.0833333333333313
decision_type=2 2 2 2 2 2 2 2 2 2 2 2 2 2 2 2 2 2 2 2 2 2 2 2 2 2 2 2 2 2
left_child=-1 2 3 -2 5 7 -5 10 -8 -10 13 -12 15 14 18 -4 17 21 20 -20 23 -17 -23 -3 -19 26 -18 -27 -28 -29
right_child=1 4 12 6 -6 -7 8 -9 9 -11 11 -13 -14 -15 -16 16 25 24 19 -21 -22 22 -24 -25 -26 27 28 29 -30 -31
leaf_value=-0.0080119442635852873 0.00010736597651019878 -0.0070326839559108328 0.0019028449432502933 -0.0090462144085185735 0.10182221370242615 -0.037947301538461965 0.001047703440947199 0.032583033293290674 -8.9221610829490265e-05 -0.0052322290305167728 0.020848099489248151 -0.05997638866826125 -0.0014136658728569936 -0.017447722914926404 0.035449724312395493 0.0012719498344990214 6.7096407591012966e-05 -0.010193522190355969 -0.028565259053730554 0.012801966989092504 0.019068883103352176 0.00060545970991948543 -0.0051291563437438617 0.0061489958714815874 -0.00081435815938080212 0.0038093272851412114 -0.015026632612153057 -0.014261305518636653 0.00047431863812764089 0.0004201779483914134
leaf_weight=34 110 45 754 26 1436 40 45 1023 29 41 47 48 411 37 337 91 276 25 37 29 381 52 73 253 26 762 28 46 25 80
leaf_count=34 110 45 754 26 1436 40 45 1023 29 41 47 48 411 37 337 91 276 25 37 29 381 52 73 253 26 762 28 46 25 80
internal_value=0.00137004 0.00148957 6.89419e-05 -0.00363492 0.00259882 0.00192625 -0.00673239 0.00212154 -0.00465517 -0.00788732 0.00119835 -0.00270833 0.000421132 0.00153214 0.00174331 0.000746762 0.000199327 -0.00213433 0.000991957 -0.00322388 0.00140588 -0.000995392 -0.00301587 -0.000160535 -0.00684615 0.000712644 -0.000860606 0.00129584 -0.0057037 -0.00170079
internal_weight=6647 6613 2900 251 3713 2277 141 2237 115 70 1214 95 2649 1119 1082 2238 1484 267 745 66 679 216 125 298 51 1217 329 888 53 126
internal_count=6647 6613 2900 251 3713 2277 141 2237 115 70 1214 95 2649 1119 1082 2238 1484 267 745 66 679 216 125 298 51 1217 329 888 53 126
is_linear=0
shrinkage=0.04


Tree=62
num_leaves=31
num_cat=0
split_feature=0 0 0 2 2 13 18 0 2 10 14 0 2 10 6 2 3 7 14 13 14 5 8 8 14 15 5 3 14 18
split_gain=11.2457 5.96995 2.32618 1.43417 1.4242 1.03838 1.07141 1.76451 1.45022 1.21324 1.0026 0.912211 1.40441 1.03249 0.849662 0.762699 1.10152 1.05607 1.5257 0.892462 0.762509 0.74341 0.737424 0.726055 1.42683 0.711748 0.699117 0.941882 0.977029 0.975511
threshold=0.35000000000000003 6.9500000000000011 1.4500000000000002 4.4500000000000011 9.9500000000000011 10.15 1.0000000180025095e-35 3.0500000000000003 3.6500000000000008 2.2500000000000004 350.50000000000006 10.750000000000002 12.850000000000003 2.6500000000000008 9.5916666666666686 1.2500000000000002 2.9500000000000006 2.5437500000000006 184.50000000000003 9.3500000000000032 80.500000000000014 3.9500000000000006 3.5500000000000003 6.7500000000000009 182.50000000000003 0.55000000000000016 2.7500000000000004 2.6500000000000008 261.50000000000006 -0.5
decision_type=2 2 2 2 2 2 2 2 2 2 2 2 2 2 2 2 2 2 2 2 2 2 2 2 2 2 2 2 2 2
left_child=-1 2 3 15 5 6 26 8 22 -10 25 12 20 -14 -6 -2 17 -17 -19 -18 21 -3 -8 -7 -25 -9 27 -4 29 -29
right_child=1 11 4 -5 14 23 7 10 9 -11 -12 -13 13 -15 -16 16 19 18 -20 -21 -22 -23 -24 24 -26 -27 -28 28 -30 -31
leaf_value=-0.0076914664930418739 0.000119549814474611 -0.011290378678734168 0.0022224435234969786 -0.0079262448616006752 -0.0087600297683404754 -8.6182854781463773e-05 0.0015321859841658204 0.01504328357379732 0.00012786403977523827 -0.0058821643540439353 -0.016379278780864599 0.11774932515432912 0.028690781351652643 -0.012732452171276278 -0.00084094577823236804 -0.0034631969447153832 0.001055397219191224 -0.0082434830703313495 -0.0028358509710595553 -0.0049970110441403016 0.037775772517144514 0.028388313288328627 -0.0030280071564478582 0.0054206662632342714 -0.022959461677961836 -0.0026182035919931866 0.0010612610920165703 2.1783862385971534e-05 -0.014701299862062651 -0.0064913704262314518
leaf_weight=34 146 27 106 25 37 396 381 937 43 66 37 1288 45 56 50 48 77 32 25 37 1208 101 25 29 28 28 1071 179 30 55
leaf_count=34 146 27 106 25 37 396 381 937 43 66 37 1288 45 56 50 48 77 32 25 37 1208 101 25 29 28 28 1071 179 30 55
internal_value=0.001358 0.00147747 0.000471072 -0.00245524 0.000797942 0.000927315 0.00120041 0.00194203 3.87598e-05 -0.00403636 0.00291924 0.00291269 0.00221697 -0.00231373 -0.00422727 -0.00180328 -0.00329091 -0.00622641 -0.00986207 -0.000556522 0.00256096 -0.000372093 0.00114005 -0.000854625 -0.00503448 0.0031677 0.000418863 -0.00107817 -0.00235472 -0.00146383
internal_weight=6647 6613 3888 390 3498 3411 2958 1517 515 109 1002 2725 1437 101 87 365 219 105 57 114 1336 128 406 453 57 965 1441 370 264 234
internal_count=6647 6613 3888 390 3498 3411 2958 1517 515 109 1002 2725 1437 101 87 365 219 105 57 114 1336 128 406 453 57 965 1441 370 264 234
is_linear=0
shrinkage=0.04


Tree=63
num_leaves=31
num_cat=0
split_feature=0 0 0 1 0 17 15 5 1 1 5 14 5 17 12 2 13 11 14 0 7 10 17 17 12 2 12 13 7 7
split_gain=11.2397 6.04746 1.69706 2.3181 1.65891 1.56881 1.27429 1.296 1.56022 1.2299 1.80575 1.38749 1.62146 1.13209 1.48464 1.3974 1.2289 1.1244 0.863718 0.823292 0.85367 1.91906 0.817353 0.830132 1.2525 0.813778 0.799726 0.99786 0.894053 1.15133
threshold=0.35000000000000003 4.8500000000000005 10.750000000000002 11.250000000000002 2.3500000000000001 0.37940952255126054 1.0000000180025095e-35 1.9500000000000002 1.6500000000000001 3.7500000000000004 2.7500000000000004 159.50000000000003 2.2500000000000004 0.25881904510252091 78.500000000000014 8.0500000000000025 12.950000000000001 19.350000000000005 224.50000000000003 4.1500000000000012 4.6687500000000011 7.2500000000000009 -0.25881904510252113 -0.37940952255126065 34.500000000000007 3.6500000000000008 64.500000000000014 5.9500000000000011 5.2562500000000014 2.277083333333334
decision_type=2 2 2 2 2 2 2 2 2 2 2 2 2 2 2 2 2 2 2 2 2 2 2 2 2 2 2 2 2 2
left_child=-1 4 3 5 6 13 18 -8 -9 -6 11 -11 -13 16 -15 -16 22 -5 26 20 21 -12 23 -3 -25 -20 27 -2 29 -29
right_child=1 2 -4 17 9 -7 7 8 -10 10 19 12 -14 14 15 -17 -18 -19 25 -21 -22 -23 -24 24 -26 -27 -28 28 -30 -31
leaf_value=-0.0073838078333201993 0.00065424183023378175 0.011502931076806699 0.11303935214815596 -0.035798195968225276 0.003996009835252186 0.031065938699846495 0.00037777538610528463 -0.0033735557589712911 -0.0099698201606786153 -0.00011503175665482512 -0.0090894286265776267 -0.0051338562412758682 -0.014832977349395626 0.017285825909993401 0.0061271427082029133 -0.066793436979090959 -0.017620627349571941 0.016261894331296212 0.0015984661041293933 0.0082466931824559265 0.00016459175406660249 0.0018683035539400266 0.034289604318925838 -0.027133923559263265 0.013473795410765051 -0.0049817989856034226 -3.451532253960191e-05 -0.0033764381330685495 -5.9743733020817751e-05 -0.0053587372851931899
leaf_weight=34 88 736 1288 41 1027 1119 47 48 41 74 41 46 34 55 25 26 59 27 177 290 173 39 374 41 34 27 407 58 77 94
leaf_count=34 88 736 1288 41 1027 1119 47 48 41 74 41 46 34 55 25 26 59 27 177 290 173 39 374 41 34 27 407 58 77 94
internal_value=0.00135199 0.00147142 0.00250392 0.00190229 5.45e-05 0.00210364 -0.00118685 -0.00478832 -0.0076 0.00082087 -0.000475645 -0.00428387 -0.00790123 0.00118431 -0.00276635 -0.00761538 0.00152289 -0.00533333 -0.000654467 0.000610294 -0.00105512 -0.00444444 0.00180438 0.00108867 -0.00289474 0.00163902 -0.00130207 -0.00280503 -0.0041913 -0.00596078
internal_weight=6647 6613 3825 2537 2788 2469 1064 136 89 1724 697 154 80 1350 106 51 1244 68 928 543 253 80 1185 811 75 204 724 317 229 152
internal_count=6647 6613 3825 2537 2788 2469 1064 136 89 1724 697 154 80 1350 106 51 1244 68 928 543 253 80 1185 811 75 204 724 317 229 152
is_linear=0
shrinkage=0.04


Tree=64
num_leaves=31
num_cat=0
split_feature=0 0 0 2 12 8 0 2 3 18 8 13 14 17 0 17 2 2 19 10 10 3 19 9 6 11 17 6 11 7
split_gain=10.1207 5.92715 2.19353 1.82777 1.5637 1.77199 1.35511 1.21733 1.43422 1.06189 1.02008 0.995269 0.9116 0.855415 1.28709 1.49388 0.826353 0.764624 0.75732 0.715118 1.20499 1.60358 0.840503 0.695031 0.734291 0.681687 1.82494 1.10615 0.909343 0.639767
threshold=0.35000000000000003 6.9500000000000011 1.1500000000000001 9.1500000000000004 86.500000000000014 7.4500000000000011 2.8500000000000001 1.2500000000000002 2.0500000000000003 1.0000000180025095e-35 3.5500000000000003 10.15 350.50000000000006 -0.25881904510252113 10.750000000000002 -0.37940952255126065 14.050000000000002 2.6500000000000008 -0.60785761079279388 5.6500000000000012 4.4500000000000011 5.5500000000000007 0.6078576107927941 96.500000000000014 2.2833333333333301 0.55000000000000016 1.0000000180025095e-35 5.6999999999999984 -0.54999999999999993 5.1020833333333346
decision_type=2 2 2 2 2 2 2 2 2 2 2 2 2 2 2 2 2 2 2 2 2 2 2 2 2 2 2 2 2 2
left_child=-1 2 7 6 5 -5 10 -2 -9 19 23 12 -11 14 15 16 -3 -10 -13 20 -8 22 -22 24 -4 26 -21 28 -28 -12
right_child=1 13 3 4 -6 -7 9 8 17 11 29 18 -14 -15 -16 -17 -18 -19 -20 25 21 -23 -24 -25 -26 -27 27 -29 -30 -31
leaf_value=-0.0070884555199873913 9.3138042675039895e-05 0.01587694787200241 0.00041542454182916076 0.0019241425869954319 -0.011813712548821017 -0.013640900680031771 0.0005478538018311715 -0.0080877589811423796 -0.0008331256753042846 0.012035910430294979 0.00033680243374121545 -0.0060936713424025743 -0.014805073130540676 0.055024501878011986 0.080517785691624225 -0.06403238048596907 -0.0084529095886143237 -0.0045174778713490508 0.003796465564955321 0.013870309360561944 0.0063683747417726004 -0.02096346384145794 -0.021469428473267257 0.00095326250613394549 -0.00089673882700172817 0.0092571556657333205 -0.012105380744269971 0.0056782900980706296 -0.031587849250361649 -0.003791189346103719
leaf_weight=34 110 419 468 85 26 27 188 26 76 1009 25 59 38 1821 415 40 30 39 158 98 66 45 25 102 584 501 38 39 27 29
leaf_count=34 110 419 468 85 26 27 188 26 76 1009 25 59 38 1821 415 40 30 39 158 98 66 45 25 102 584 501 38 39 27 29
internal_value=0.00133995 0.00145328 0.000450502 0.000700385 -0.00379856 -0.00169911 0.000878857 -0.00315873 -0.00560563 0.00145026 -0.000205128 0.00222609 0.00273664 0.00288335 0.00187403 0.000481633 0.00114667 -0.00362069 -0.000238532 0.000494164 -0.00105846 -0.00391241 -0.000826087 4.8485e-05 -0.000258309 0.00121023 -0.000748768 -0.00441905 -0.00757576 -0.00552727
internal_weight=6647 6613 3888 3637 138 112 3499 251 141 2291 1208 1264 1047 2725 904 489 449 115 217 1027 324 136 91 1154 1052 703 202 104 65 54
internal_count=6647 6613 3888 3637 138 112 3499 251 141 2291 1208 1264 1047 2725 904 489 449 115 217 1027 324 136 91 1154 1052 703 202 104 65 54
is_linear=0
shrinkage=0.04


Tree=65
num_leaves=31
num_cat=0
split_feature=0 0 0 17 12 11 1 0 3 1 0 18 1 0 5 0 17 3 17 18 9 0 4 13 4 0 17 14 16 14
split_gain=7.95093 5.25423 2.23784 2.49579 1.46074 0.978131 0.954872 1.50892 1.3604 0.911974 1.02231 1.68301 0.908803 2.6954 1.19566 2.07218 0.85081 1.53392 0.856633 0.828756 0.81054 0.754172 0.708997 1.23365 0.787189 1.00255 1.37632 1.35926 1.7489 0.843746
threshold=3.0500000000000003 0.35000000000000003 10.65 -0.25881904510252113 79.500000000000014 0.75000000000000011 2.8500000000000001 2.4500000000000006 2.5500000000000003 3.8500000000000001 4.2500000000000009 0.1294095225512602 8.0500000000000025 7.3500000000000005 3.7500000000000004 8.5500000000000025 0.25881904510252091 4.6500000000000012 -0.25881904510252113 0.37940952255126048 96.500000000000014 3.8500000000000001 7.1500000000000012 14.250000000000002 3.4500000000000006 1.7500000000000002 -0.37940952255126065 224.50000000000003 317.50000000000006 158.50000000000003
decision_type=2 2 2 2 2 2 2 2 2 2 2 2 2 2 2 2 2 2 2 2 2 2 2 2 2 2 2 2 2 2
left_child=1 -1 3 5 -5 -2 7 20 -8 -7 11 21 -12 -14 15 -15 18 -18 -10 -6 22 -11 24 -24 -3 26 27 28 -26 -27
right_child=2 6 -4 4 19 9 8 -9 16 10 12 -13 13 14 -16 -17 17 -19 -20 -21 -22 -23 23 -25 25 29 -28 -29 -30 -31
leaf_value=-0.0059703038124445593 0.013386510006242308 -0.00031552103313623619 0.10529706663456473 0.020160996822780254 0.0023856662862200388 0.009914325407166736 -0.0038460584207223258 0.0072696465170521479 -0.0013790620310514233 -0.006006883795632331 0.0048877617922683646 0.00021877203083387671 -0.014682855010556757 -0.025670525554301077 0.012284856076497288 0.01952261278510313 0.00014908863476355427 -0.019830389395380205 0.011060890031954941 0.027100363203450974 0.00065187219142250855 -0.013618158642000255 0.0017369313621692409 -0.0020746741627882784 -0.0022158085454646336 -0.0052684277983979944 -0.0012310901703016129 -0.0027725001015927592 -0.0065616886777888194 0.0010344159449654552
leaf_weight=32 214 505 1350 1407 625 173 46 246 152 25 503 79 42 31 242 35 39 29 57 252 120 29 128 33 37 67 54 30 29 86
leaf_count=32 214 505 1350 1407 625 173 46 246 152 25 503 79 42 31 242 35 39 29 57 252 120 29 128 33 37 67 54 30 29 86
internal_value=0.00144939 -0.000922531 0.00225 0.00173537 0.0025453 0.000387191 -0.000607595 -0.00013473 -0.00255556 -7.24136e-05 -0.00054306 -0.00379104 -3.27867e-05 -0.00159544 -0.000284789 -0.00501493 -0.00148201 -0.00533333 -0.000209524 0.00126196 -0.000774312 -0.00916364 -0.00115876 0.00125926 -0.00164153 -0.00325 -0.00556291 -0.00841237 -0.0115821 -0.000961039
internal_weight=6697 1690 5007 3657 2284 1373 1658 1335 323 1159 986 133 853 350 308 66 277 68 209 877 1089 54 969 161 808 303 150 96 66 153
internal_count=6697 1690 5007 3657 2284 1373 1658 1335 323 1159 986 133 853 350 308 66 277 68 209 877 1089 54 969 161 808 303 150 96 66 153
is_linear=0
shrinkage=0.04


Tree=66
num_leaves=31
num_cat=0
split_feature=0 0 0 17 1 2 0 11 9 15 6 16 4 4 16 3 11 20 1 7 2 18 17 0 11 3 9 18 0 1
split_gain=6.81689 4.78314 1.9929 2.29024 1.35284 1.75197 1.68783 1.19127 0.77073 0.804709 1.33221 0.730816 0.719647 0.721679 0.756618 0.862035 0.828528 1.44694 0.785049 0.816263 0.643856 0.994011 0.630573 1.64707 1.355 0.992572 1.42589 0.855063 0.943421 2.12571
threshold=3.6500000000000008 0.35000000000000003 11.450000000000001 -0.25881904510252113 3.7500000000000004 3.5500000000000003 2.4500000000000006 0.75000000000000011 96.500000000000014 1.0000000180025095e-35 3.0333333333333297 52.500000000000007 7.1500000000000012 6.5500000000000007 702.50000000000011 4.5500000000000007 11.250000000000002 1.0000000180025095e-35 1.9500000000000002 3.1395833333333334 1.2500000000000002 0.37940952255126048 -0.37940952255126065 7.4500000000000011 22.050000000000004 13.950000000000001 78.500000000000014 0.37940952255126048 8.4500000000000011 8.9500000000000011
decision_type=2 2 2 2 2 2 2 2 2 2 2 2 2 2 2 2 2 2 2 2 2 2 2 2 2 2 2 2 2 2
left_child=1 -1 3 7 6 -6 8 -2 9 12 11 -11 13 14 18 16 20 -18 -3 -20 -16 -22 24 -24 25 27 -27 28 29 -9
right_child=2 4 -4 -5 5 -7 -8 22 -10 10 -12 -13 -14 -15 15 -17 17 -19 19 -21 21 -23 23 -25 -26 26 -28 -29 -30 -31
leaf_value=-0.0057314916599467769 0.021276273740287805 0.00033951670315339862 0.13010494583930474 0.020954962377766916 -0.011460570491220541 -0.0010546019966938384 0.0031612154961397636 -0.0024664491059709472 0.00056578436979319211 -0.0076097862299180528 -0.0071763056433035389 -7.8573336782331303e-06 0.00055929347341948221 -0.0018690213553531503 0.00072530084949918108 0.00108837160506479 -0.0064987429027965849 -0.0026329694945870221 -0.0051303216854989044 0.00051034096423215177 -0.0081424134851373897 0.0010919812620496928 0.0021970949950769745 -0.06259249693150705 0.011875879427361792 0.00056420011694810241 -0.0086644549155091895 0.011731784107852913 0.02264605064452414 -0.029677035051111723
leaf_weight=32 173 294 1170 2175 25 157 778 331 127 27 27 79 146 27 39 33 27 32 108 111 32 33 69 33 283 31 26 137 110 25
leaf_count=32 173 294 1170 2175 25 157 778 331 127 27 27 79 146 27 39 33 27 32 108 111 32 33 69 33 283 31 26 137 110 25
internal_value=0.00146133 -0.000404684 0.00233392 0.00184207 -0.00016738 -0.00345355 0.000145758 0.00045283 -0.000832896 -0.00120079 -0.00408955 -0.00201869 -0.000761042 -0.00127001 -0.00101972 -0.0031269 -0.00431707 -0.00806667 -0.000210117 -0.00201818 -0.00213333 -0.00454545 -5.73612e-05 -0.00302913 0.000266949 -0.000726172 -0.00572414 -0.000245033 -0.0010621 -0.00206162
internal_weight=6697 2134 4563 3393 2102 182 1920 1218 1142 1015 133 106 882 736 709 196 163 59 513 219 104 65 1045 102 943 660 57 603 466 356
internal_count=6697 2134 4563 3393 2102 182 1920 1218 1142 1015 133 106 882 736 709 196 163 59 513 219 104 65 1045 102 943 660 57 603 466 356
is_linear=0
shrinkage=0.04


Tree=67
num_leaves=31
num_cat=0
split_feature=0 8 0 1 2 13 5 17 6 0 20 1 3 0 10 10 12 18 18 13 8 4 13 4 13 0 13 11 16 3
split_gain=6.22936 3.24563 2.5502 3.678 1.52924 1.34727 1.25542 1.02221 0.983788 1.37198 0.982097 0.920066 1.51804 1.19831 0.977716 1.27007 0.772555 0.751036 1.09131 0.749288 0.844892 0.646403 0.980919 0.893619 0.642408 0.608169 0.56249 0.534691 0.646429 0.48091
threshold=3.0500000000000003 0.65000000000000002 8.5500000000000025 9.3500000000000032 8.6500000000000004 15.65 7.7500000000000009 -0.78656609248549292 8.6250000000000018 5.5500000000000007 -0.56174490092936669 2.8500000000000001 2.5500000000000003 2.4500000000000006 6.1500000000000012 3.4500000000000006 90.500000000000014 -0.70710678118654757 0.37940952255126048 5.1500000000000012 8.5500000000000025 7.1500000000000012 14.250000000000002 6.5500000000000007 3.5500000000000003 0.35000000000000003 7.7500000000000009 20.750000000000004 777.50000000000011 5.7500000000000009
decision_type=2 2 2 2 2 2 2 2 2 2 2 2 2 2 2 2 2 2 2 2 2 2 2 2 2 2 2 2 2 2
left_child=1 10 3 4 5 7 -5 27 9 -6 -1 13 -13 21 15 -14 -9 -17 -19 -10 26 23 -23 -3 -18 -12 -21 28 29 -2
right_child=2 11 -4 6 8 -7 -8 16 19 -11 25 12 14 -15 -16 17 24 18 -20 20 -22 22 -24 -25 -26 -27 -28 -29 -30 -31
leaf_value=-0.00053890239267985051 0.0026869770212707349 -0.00053085055860582655 0.059340702655412934 -0.033249207177689956 -0.010097758494397127 -0.016527501951553735 -0.0081263210306370751 0.013097330149457813 0.0088605315183354749 -0.0011576408751368718 -0.0068838336394801015 -0.0035925921544321749 3.8929252385816117e-05 0.0068524120365244722 0.00055541982511150443 0.0016259192115485677 0.008670637735740231 -0.0068390627291776375 -0.0051466581195618553 -0.0028512850648234676 -0.025213587450851307 0.001099911641103191 -0.0019133422806323589 -0.00125565639114526 -0.0067953260580525358 -0.0039596880180115621 0.0063292408618362758 0.0059586922767412192 -0.0067422019082265328 -0.0023942689304693033
leaf_weight=26 196 811 2036 38 39 37 29 1987 126 55 25 46 104 246 93 25 78 27 27 31 25 159 32 41 27 28 31 90 45 137
leaf_count=26 196 811 2036 38 39 37 29 1987 126 55 25 46 104 246 93 25 78 27 27 31 25 159 32 41 27 28 31 90 45 137
internal_value=0.00141356 -0.000685984 0.0021222 0.00137416 0.00158898 0.00190454 -0.00782353 0.00201484 -0.00107792 -0.00446316 -0.00855 -0.000295285 -0.00220433 0.000182946 -0.00106859 -0.00276087 0.00239274 -0.00655 -0.00916364 0.000429907 -0.00240909 -0.000409962 0.0016875 -0.000881594 -0.000943396 -0.0116296 0.000126984 0.000324094 -0.000337731 0.000275449
internal_weight=6697 1690 5007 2971 2904 2597 67 2560 307 94 79 1611 322 1289 276 183 2092 79 54 213 87 1043 191 852 105 53 62 468 378 333
internal_count=6697 1690 5007 2971 2904 2597 67 2560 307 94 79 1611 322 1289 276 183 2092 79 54 213 87 1043 191 852 105 53 62 468 378 333
is_linear=0
shrinkage=0.04


Tree=68
num_leaves=31
num_cat=0
split_feature=0 8 0 17 12 11 13 9 20 6 18 13 0 14 11 17 3 8 12 17 12 10 20 8 2 17 13 11 19 0
split_gain=6.23836 3.51016 2.02018 1.9332 1.54241 1.14079 1.03529 1.07952 0.982097 0.916934 0.736459 1.00892 1.72389 0.88068 0.797221 0.851392 1.33553 0.851406 0.686254 1.08446 1.20067 1.36849 1.21941 0.718911 0.699766 0.819405 0.704416 0.799247 0.683182 1.41706
threshold=3.6500000000000008 0.65000000000000002 11.450000000000001 -0.25881904510252113 77.500000000000014 0.75000000000000011 14.250000000000002 88.500000000000014 -0.56174490092936669 2.066666666666666 0.37940952255126048 5.1500000000000012 5.7500000000000009 147.50000000000003 2.1500000000000008 0.25881904510252091 6.8500000000000005 5.6500000000000012 44.500000000000007 -0.78656609248549292 72.500000000000014 3.4500000000000006 1.0000000180025095e-35 4.7500000000000009 5.7500000000000009 0.25881904510252091 7.2500000000000009 11.450000000000001 -1.0000000180025095e-35 2.4500000000000006
decision_type=2 2 2 2 2 2 2 2 2 2 2 2 2 2 2 2 2 2 2 2 2 2 2 2 2 2 2 2 2 2
left_child=1 8 3 5 -5 -2 18 9 -1 -8 11 13 -13 -6 15 -15 17 -17 23 20 21 -20 -23 -3 26 -26 -21 -28 29 -22
right_child=2 6 -4 4 10 -7 7 -9 -10 -11 -12 12 -14 14 -16 16 -18 -19 19 24 28 22 -24 -25 25 -27 27 -29 -30 -31
leaf_value=-0.00051734629697265688 0.020234460778073046 0.001232096649501931 0.12252711989951599 0.023698139350459141 0.024975300943612534 3.0723081445484373e-05 -0.0016152575980161704 0.00056562342330761196 -0.0040900041269907716 -0.0099087586994535647 0.029287177813588233 -0.026711373312883025 0.011090576471257949 0.020763991778348881 0.012698607651622876 -0.014997938138556759 -0.044351393935215436 0.010090556064572584 -0.0015450170182456783 0.0010081680302602136 -0.0054432458809228678 -0.0081306223036205477 -0.0019036306680339182 -0.00087802093036228838 7.4550141638117585e-05 -0.014720948826889711 -7.6697588482989445e-05 -0.0093595567518206385 0.0013198166004298861 0.0063898230030114021
leaf_weight=26 173 385 1170 1253 135 1045 48 41 53 46 260 32 53 39 220 30 44 109 89 831 44 49 37 28 42 28 187 32 121 47
leaf_count=26 173 385 1170 1253 135 1045 48 41 53 46 260 32 53 39 220 30 44 109 89 831 44 49 37 28 42 28 187 32 121 47
internal_value=0.00145536 -0.000329742 0.0022901 0.00179493 0.00250919 0.000518458 -9.72748e-06 -0.00338235 -0.00855 -0.00572632 0.00126544 0.000555053 -0.00348837 0.00115571 0.000288939 -0.0013991 -0.00254348 -0.0006 0.000229048 -0.000167109 -0.00198969 -0.00443182 -0.008 0.0016715 0.000463872 -0.00338028 0.000723121 -0.00129091 3.75588e-05 -0.00256522
internal_weight=6697 2134 4563 3393 2175 1218 2055 135 79 94 922 662 85 577 442 222 183 139 1920 1507 387 175 86 413 1120 70 1050 219 212 91
internal_count=6697 2134 4563 3393 2175 1218 2055 135 79 94 922 662 85 577 442 222 183 139 1920 1507 387 175 86 413 1120 70 1050 219 212 91
is_linear=0
shrinkage=0.04


Tree=69
num_leaves=31
num_cat=0
split_feature=0 8 0 17 12 1 2 11 0 1 3 16 12 0 4 1 4 4 9 13 17 0 10 0 1 2 11 11 0 8
split_gain=5.88645 3.15653 1.83193 2.00529 1.31888 1.17939 1.91598 1.14079 1.10599 1.14037 1.93354 1.02303 1.39846 0.911613 0.718941 0.700542 0.680965 0.938459 0.7229 0.691336 0.663417 1.64707 1.3877 0.704602 2.47459 0.745873 2.31484 1.17696 0.61849 0.721818
threshold=3.6500000000000008 0.65000000000000002 11.450000000000001 -0.25881904510252113 77.500000000000014 3.7500000000000004 3.5500000000000003 0.75000000000000011 2.8500000000000001 2.8500000000000001 2.5500000000000003 1412.5000000000002 70.500000000000014 2.4500000000000006 2.7500000000000004 2.2500000000000004 7.1500000000000012 6.5500000000000007 96.500000000000014 14.250000000000002 -0.37940952255126065 7.4500000000000011 0.8500000000000002 4.2500000000000009 4.7500000000000009 11.250000000000002 18.950000000000003 10.550000000000002 2.1500000000000008 3.1500000000000008
decision_type=2 2 2 2 2 2 2 2 2 2 2 2 2 2 2 2 2 2 2 2 2 2 2 2 2 2 2 2 2 2
left_child=1 11 3 7 15 8 -7 -2 9 13 -11 12 -1 16 -8 -5 17 18 -3 -18 22 -22 -9 24 -24 -25 27 -27 -12 -30
right_child=2 5 -4 4 -6 6 14 20 -10 10 28 -13 -14 -15 -16 -17 19 -19 -20 -21 21 -23 23 25 -26 26 -28 -29 29 -31
leaf_value=0.00053495759100623502 0.019425082346950128 -0.00070897261354059776 0.11762603510353536 -0.0029479488513097442 0.010722998074434855 -0.010811458787876592 -0.012359576211016113 0.013963958069724171 0.0052458025695393574 -0.0049246014582792312 -0.0066154381096994556 -0.0065839343028108186 -0.0032374371148578139 0.0064315101342065032 5.624682697150621e-05 0.024324331587411083 0.0011017209088200102 -0.0012457568506225945 0.0011314831254447516 -0.0015549661076871973 0.0015840890660377633 -0.06209370701547122 0.00052964594085506674 0.0013958648682498508 -0.012854338014859995 -0.0087525329166935218 0.01576295221966667 -0.014309394749811823 0.00085633392288843226 -0.002136329882943328
leaf_weight=29 173 740 1170 30 922 25 34 209 468 28 25 25 25 192 123 1223 159 41 71 32 69 33 67 533 26 26 51 31 88 29
leaf_count=29 173 740 1170 30 922 25 34 209 468 28 25 25 25 192 123 1223 159 41 71 32 69 33 67 533 26 26 51 31 88 29
internal_value=0.00147925 -0.000254801 0.0022901 0.0018185 0.00254596 4.86383e-05 -0.00301639 0.000518458 0.000347919 -0.000213371 -0.00327485 -0.00805 -0.0048 0.000210356 -0.00134177 0.00339075 -0.000256705 -0.000740914 -0.000438423 0.00189583 1.91206e-05 -0.00302913 0.000351695 -0.000468027 -0.00370213 6.23068e-06 -0.00300917 -0.00848276 -0.00134266 -0.000101695
internal_weight=6697 2134 4563 3393 2175 2055 182 1218 1873 1405 170 79 54 1235 157 1253 1043 852 811 191 1045 102 943 734 93 641 108 57 142 117
internal_count=6697 2134 4563 3393 2175 2055 182 1218 1873 1405 170 79 54 1235 157 1253 1043 852 811 191 1045 102 943 734 93 641 108 57 142 117
is_linear=0
shrinkage=0.04


Tree=70
num_leaves=31
num_cat=0
split_feature=0 0 15 16 10 0 1 3 4 13 2 6 3 1 13 17 17 7 10 7 1 9 7 7 6 6 17 6 17 17
split_gain=5.38146 3.18126 1.75545 1.53723 1.37698 1.15315 2.92277 1.02389 1.96045 1.5811 0.981273 0.925834 1.04366 0.894101 0.790542 0.73149 1.15992 1.03999 0.993524 0.702066 0.869986 1.0698 1.40482 0.672506 1.41003 0.635784 0.628056 0.697586 0.642695 0.564795
threshold=5.0500000000000007 0.35000000000000003 0.55000000000000016 712.50000000000011 4.3500000000000005 12.450000000000001 13.050000000000002 5.4500000000000011 3.4500000000000006 3.9500000000000006 3.5500000000000003 6.5166666666666657 3.8500000000000001 2.3500000000000001 3.7500000000000004 0.37940952255126054 0.25881904510252091 7.5020833333333341 10.850000000000003 3.2625000000000006 1.1500000000000001 96.500000000000014 5.0729166666666679 2.2354166666666671 2.9666666666666632 2.7666666666666635 0.37940952255126054 4.7833333333333323 0.25881904510252091 -0.25881904510252113
decision_type=2 2 2 2 2 2 2 2 2 2 2 2 2 2 2 2 2 2 2 2 2 2 2 2 2 2 2 2 2 2
left_child=1 -1 3 7 -4 6 13 23 9 -9 -6 12 19 -2 -8 16 29 18 -18 25 -21 22 -22 24 -3 -5 28 -28 -25 -15
right_child=5 2 4 11 10 -7 14 8 -10 -11 -12 -13 -14 15 -16 -17 17 -19 -20 20 21 -23 -24 26 -26 -27 27 -29 -30 -31
leaf_value=-0.006212478652702187 -0.013590837720759308 0.00034172045782506161 0.0014288799418326577 -0.0015894036800280982 -0.0057217656238960045 0.14892097844060487 -0.003678118410798896 -0.015536057675596774 0.00019930189392846105 0.0016487314556563758 -0.014682713828080091 -0.0079491676555698502 0.00029494290351559407 0.0098912374918704131 -0.034121081701040848 0.028030961161073679 -0.058414953040615447 0.044861590655565199 0.018023913204685049 0.00065450906114958751 -0.006014290584058838 0.00054996993237602413 -0.00085325969544549078 0.0010214253658614816 -0.0051899608819553538 0.0099414245702967152 0.0054258598070271082 -0.0071406783021021958 -0.0070384023086154978 0.033744359694970479
leaf_weight=31 26 207 39 143 34 986 26 48 383 28 25 50 362 872 27 1242 43 41 33 32 50 37 29 830 38 38 462 28 50 416
leaf_count=31 26 207 39 143 34 986 26 48 383 28 25 50 362 872 27 1242 43 41 33 32 50 37 29 830 38 38 462 28 50 416
internal_value=0.0014457 0.000168421 0.000306109 0.000490057 -0.00492929 0.00245839 0.002033 0.00104867 -0.000617391 -0.00644156 -0.00873333 -0.00107278 -0.000687861 0.0022184 -0.00718518 0.00229154 0.0016643 -0.00213559 -0.00488312 -0.00231515 -0.00434899 -0.00594872 -0.00855 0.00152228 -0.000406504 -0.000637362 0.00186725 0.00301426 0.00122588 0.00201086
internal_weight=6656 2944 2913 2815 98 3712 2726 2074 459 76 59 741 691 2673 53 2647 1405 117 76 329 148 116 79 1615 245 181 1370 490 880 1288
internal_count=6656 2944 2913 2815 98 3712 2726 2074 459 76 59 741 691 2673 53 2647 1405 117 76 329 148 116 79 1615 245 181 1370 490 880 1288
is_linear=0
shrinkage=0.04


Tree=71
num_leaves=31
num_cat=0
split_feature=0 8 20 2 0 8 12 9 17 13 3 7 4 4 2 12 8 2 11 4 15 6 10 11 16 4 14 10 8 14
split_gain=5.27857 3.48507 1.67395 1.67154 1.41651 1.3781 1.30004 1.18812 1.15018 1.00497 0.888408 0.757742 0.826203 1.10398 0.746245 0.722129 0.711417 1.12247 1.40911 0.70631 0.691861 0.651622 0.553473 0.656496 0.942738 1.36774 1.51864 0.920581 0.608873 0.583461
threshold=7.1500000000000012 0.65000000000000002 1.0000000180025095e-35 8.6500000000000004 2.6500000000000008 3.5500000000000003 86.500000000000014 77.500000000000014 -0.78656609248549292 15.65 3.8500000000000001 3.6562500000000004 3.0500000000000003 1.2500000000000002 1.3500000000000003 77.500000000000014 13.550000000000002 14.050000000000002 14.950000000000001 7.2500000000000009 0.75000000000000011 4.1916666666666655 0.45000000000000007 20.850000000000005 242.50000000000003 8.8500000000000032 95.500000000000014 3.7500000000000004 6.3500000000000005 135.50000000000003
decision_type=2 2 2 2 2 2 2 2 2 2 2 2 2 2 2 2 2 2 2 2 2 2 2 2 2 2 2 2 2 2
left_child=1 2 14 4 5 19 7 -5 -9 10 -6 12 13 -12 -1 -15 17 -2 -19 20 -3 -21 -13 24 29 28 -27 -28 -26 -24
right_child=16 3 -4 6 9 -7 -8 8 -10 -11 11 22 -14 15 -16 -17 -18 18 -20 21 -22 -23 23 -25 25 26 27 -29 -30 -31
leaf_value=0.00054115063307160838 0.033249108559653358 -0.00015668320004381345 -0.006711269297618002 0.0061833565761775016 0.0078946394480694411 -0.0023011671120875049 -0.021006699148314958 -0.010532313253425383 0.0011153543818978012 -0.0070901947297520064 0.0046473982891018844 -0.013740758242478569 0.0023977482000521835 -0.00020248950546563404 -0.0033504573247763003 -0.029145243623706005 0.10350814003436579 -0.043863801205990309 0.0092741445335565165 0.0013355236807861468 -0.0059845001033035127 -0.0029832224344527925 0.013926453769351291 0.011408482484432592 0.002627340555994681 0.012592125540344367 -0.0014740014201046776 -0.01668409707816057 -0.0138613528733307 0.0031880055093737522
leaf_weight=27 1483 956 25 75 1095 27 38 42 42 48 27 44 37 26 25 34 1072 36 69 178 25 44 204 244 130 27 33 25 36 482
leaf_count=27 1483 956 25 75 1095 27 38 42 42 48 27 44 37 26 25 34 1072 36 69 178 25 44 204 244 130 27 33 25 36 482
internal_value=0.0014457 0.000526395 -0.00784615 0.000692857 0.000883159 -0.000227457 -0.00288889 -0.001275 -0.00451765 0.00143121 0.00154438 0.000856296 -0.002112 -0.00422727 -0.00362264 -0.00721311 0.00282601 0.00228571 -0.00169811 -2.32557e-05 -0.000484725 0.00200897 0.00115824 0.00132318 0.000840085 -0.00125397 -0.00534884 -0.00894915 0.000862276 0.00160699
internal_weight=6656 3996 77 3919 3722 1230 197 159 84 2492 2444 1349 124 87 52 60 2660 1588 105 1203 981 222 1225 1181 937 251 85 58 166 686
internal_count=6656 3996 77 3919 3722 1230 197 159 84 2492 2444 1349 124 87 52 60 2660 1588 105 1203 981 222 1225 1181 937 251 85 58 166 686
is_linear=0
shrinkage=0.04


Tree=72
num_leaves=31
num_cat=0
split_feature=0 8 20 0 2 11 17 17 17 12 6 8 15 6 2 12 7 5 17 12 11 7 16 4 4 9 4 7 2 17
split_gain=4.97832 3.13799 1.67395 1.5291 1.42513 1.33418 2.3916 1.30262 1.39777 2.43861 1.09131 0.941457 0.937408 0.861421 0.746245 0.721608 0.823892 1.37915 0.690205 1.14286 1.94023 1.29148 1.432 0.657883 1.14337 0.813224 1.01875 0.628648 0.726836 0.67752
threshold=4.5500000000000007 0.65000000000000002 1.0000000180025095e-35 11.450000000000001 12.850000000000003 15.950000000000001 -0.60355339059327362 0.37940952255126054 0.25881904510252091 77.500000000000014 7.7249999999999979 5.7500000000000009 0.75000000000000011 3.4666666666666646 1.3500000000000003 81.500000000000014 4.7895833333333346 6.9500000000000011 -0.78656609248549292 46.500000000000007 7.8500000000000005 3.1645833333333337 897.50000000000011 10.250000000000002 15.65 101.50000000000001 11.850000000000003 2.4354166666666672 2.5500000000000003 0.37940952255126054
decision_type=2 2 2 2 2 2 2 2 2 2 2 2 2 2 2 2 2 2 2 2 2 2 2 2 2 2 2 2 2 2
left_child=1 2 14 4 7 6 -6 8 23 -10 -11 12 18 -14 -1 -9 17 -17 19 -3 -21 -22 -23 -2 25 -25 -27 28 -20 -29
right_child=3 11 -4 -5 5 -7 -8 15 9 10 -12 -13 13 -15 -16 16 -18 -19 27 20 21 22 -24 24 -26 26 -28 29 -30 -31
leaf_value=0.00051950460774874494 0.012207461548939416 0.00084292178509829763 -0.0064428185257132823 0.10573612121472378 -0.032631801117985949 0.0095516995359644485 0.005702303401054599 0.026609703756127687 0.032784034933375734 -0.015492109900768715 -0.078936054206832196 -0.007508916113677119 -5.654505262026508e-05 -0.012384637688641412 -0.0032164390317852487 0.0081076399955249383 0.023167686061713155 -0.057546448556087135 0.00082108896421639508 -4.1580650480301403e-05 -0.0093459416270276208 -2.4850571557213488e-05 -0.0038426145742774314 -0.0015953740932063449 0.02683041605270118 0.0058719812784019535 -0.015961332661862244 0.00050454354798401058 -0.0048961702760109017 0.0027742404493812773
leaf_weight=27 996 174 25 1167 26 79 40 844 67 27 27 47 36 25 25 136 271 28 246 352 26 57 25 179 100 27 25 981 102 469
leaf_count=27 996 174 25 1167 26 79 40 844 67 27 27 47 36 25 25 136 271 28 246 352 26 57 25 179 100 27 25 981 102 469
internal_value=0.00141565 5.65319e-05 -0.00784615 0.00229604 0.00179882 -0.00205479 -0.00620895 0.0020044 0.0011815 -0.00291803 -0.00916364 0.000299095 0.000405774 -0.00445161 -0.00362264 0.00293438 0.0016055 -0.000630303 0.000529388 -0.000604724 -0.00164859 -0.00631193 -0.00375904 0.00155723 1.20483e-05 -0.00153448 -0.00588679 0.000929405 -0.000595988 0.00129566
internal_weight=6656 2617 77 4039 2872 145 66 2727 1448 121 54 2540 2493 61 52 1279 435 164 2432 634 460 108 82 1327 331 231 52 1798 348 1450
internal_count=6656 2617 77 4039 2872 145 66 2727 1448 121 54 2540 2493 61 52 1279 435 164 2432 634 460 108 82 1327 331 231 52 1798 348 1450
is_linear=0
shrinkage=0.04


Tree=73
num_leaves=31
num_cat=0
split_feature=0 0 17 17 11 8 11 15 1 17 13 11 14 14 17 12 10 7 5 14 5 10 4 4 13 13 5 7 4 10
split_gain=4.70365 2.74925 1.76796 2.71385 1.92968 1.84229 1.90149 1.81012 1.36416 0.958307 0.89899 0.810048 0.84472 1.34792 0.829287 1.10455 1.4974 0.791479 0.770043 1.10482 0.700299 0.687999 0.687714 0.671961 0.852271 0.60681 0.553471 0.542983 0.524771 0.518229
threshold=7.2500000000000009 0.35000000000000003 0.37940952255126054 0.25881904510252091 1.3500000000000003 7.8500000000000005 11.950000000000001 0.15000000000000005 7.1500000000000012 -0.25881904510252113 15.050000000000002 0.25000000000000006 142.50000000000003 189.50000000000003 -0.78656609248549292 54.500000000000007 5.5500000000000007 2.2354166666666671 4.0500000000000007 62.500000000000007 2.9500000000000006 7.3500000000000005 1.7500000000000002 2.6500000000000008 5.3500000000000005 5.2500000000000009 7.2500000000000009 2.2354166666666671 2.5500000000000003 5.2500000000000009
decision_type=2 2 2 2 2 2 2 2 2 2 2 2 2 2 2 2 2 2 2 2 2 2 2 2 2 2 2 2 2 2
left_child=1 -1 3 5 21 9 -7 8 17 11 -11 -3 28 14 15 -14 -17 20 19 -2 29 -5 -20 -9 -25 -6 -16 -15 -13 -4
right_child=18 2 7 4 25 6 -8 23 -10 10 -12 12 13 27 26 16 -18 -19 22 -21 -22 -23 -24 24 -26 -27 -28 -29 -30 -31
leaf_value=-0.0057013036523316371 -0.0037523192719686412 0.0024172088499234035 0.0015519717762135898 -0.011545338060165489 0.0017776419938209823 0.0021285379729183264 -0.012567425145345326 -0.008010683436563179 -0.019630764379285761 0.0037668740596000462 -0.0074821558712881864 0.002555304289064168 -0.00043150062373912559 -0.0020882409127431891 0.00060411674653096891 -0.016250657433407308 -0.0033892266180298655 0.0054879180412186288 -0.01232326997277821 0.028949678273018503 0.0032333504643563822 -0.017660250700923072 0.044471662898445112 0.003738892592814555 -0.0053908580368699334 -0.013282633442703204 -0.0051667334225348254 0.00016182636764287562 0.00048923643106665198 -0.0040360679834131157
leaf_weight=31 46 275 42 26 65 48 49 44 40 608 25 77 70 37 119 33 42 1052 63 399 36 25 2109 35 36 25 56 558 551 34
leaf_count=31 46 275 42 26 65 48 49 44 40 608 25 77 70 37 119 33 42 1052 63 399 36 25 2109 35 36 25 56 558 551 34
internal_value=0.00140964 0.000553465 0.000646545 5.79927e-05 -0.00532394 0.000357788 -0.00502041 0.00184545 0.00230373 0.000572594 0.00191167 0.000105553 -0.000251295 -0.0010262 -0.00311526 -0.00534247 -0.00868421 0.00255451 0.00273033 0.00121076 -0.000637168 -0.0114615 0.00304096 -0.00293103 -0.0005 -0.00175824 -0.00125 0.000100671 0.000877584 -0.00280519
internal_weight=6656 4039 4008 2689 141 2548 97 1319 1204 2451 633 1818 1543 915 320 145 75 1164 2617 445 112 51 2172 115 71 90 175 595 628 76
internal_count=6656 4039 4008 2689 141 2548 97 1319 1204 2451 633 1818 1543 915 320 145 75 1164 2617 445 112 51 2172 115 71 90 175 595 628 76
is_linear=0
shrinkage=0.04


Tree=74
num_leaves=31
num_cat=0
split_feature=0 0 0 1 1 17 17 12 13 10 14 18 1 9 4 17 17 12 10 12 7 5 1 0 5 4 0 1 14 13
split_gain=4.31043 2.56614 1.53877 3.26608 1.49144 1.43841 1.31545 1.98036 1.25876 1.16746 1.15727 1.11605 1.64928 1.04684 0.940577 0.919125 0.991211 1.3712 0.847058 0.664208 0.686374 0.985377 0.662696 1.27199 0.599507 0.767371 0.559961 1.39969 0.999503 1.0335
threshold=4.5500000000000007 0.35000000000000003 12.450000000000001 13.15 4.6500000000000012 0.37940952255126054 0.25881904510252091 77.500000000000014 12.850000000000003 7.0500000000000007 230.50000000000003 -0.9159756150367534 2.6500000000000008 58.500000000000007 12.950000000000001 -0.25881904510252113 -0.37940952255126065 33.500000000000007 0.95000000000000007 83.500000000000014 4.7895833333333346 6.9500000000000011 6.1500000000000012 6.6500000000000012 4.8500000000000005 7.7500000000000009 1.2500000000000002 1.0500000000000003 183.50000000000003 4.0500000000000007
decision_type=2 2 2 2 2 2 2 2 2 2 2 2 2 2 2 2 2 2 2 2 2 2 2 2 2 2 2 2 2 2
left_child=1 -1 3 5 9 6 8 -8 15 14 -10 12 -11 -9 26 16 18 -18 -2 -7 21 -21 -20 24 25 -24 27 -3 29 -29
right_child=2 4 -4 -5 -6 19 7 13 10 11 -12 -13 -14 -15 -16 -17 17 -19 22 20 -22 -23 23 -25 -26 -27 -28 28 -30 -31
leaf_value=-0.0054732515062383726 0.022315340849442693 0.00023407754184344383 0.13312594294089242 -0.031762230426266878 -0.0028565844190933682 0.025724770530295614 0.031865211411363531 -0.018312282693859483 -0.017619791316427585 -0.014201441311908803 0.026909961774256357 0.004173794455163856 0.008830948292018987 -0.067938144630711503 0.0023487364644401601 0.027806067030322807 -0.057078286631526184 0.011312670048979212 0.017406444349190184 0.0083952898204645576 0.021055014088629385 -0.052146903764785146 -0.025094077681413057 0.0075160507586683068 -0.00097827039448648932 -0.0017111581711491272 3.7936530665492008e-05 -0.0050112281074826352 -0.0068268068672983143 0.00078331655979642107
leaf_weight=31 190 154 986 47 168 1020 72 33 44 28 29 497 46 26 92 458 37 39 194 103 223 27 28 412 44 27 1489 30 42 40
leaf_count=31 190 154 986 47 168 1020 72 33 44 28 29 497 46 26 92 458 37 39 194 103 223 27 28 412 44 27 1489 30 42 40
internal_value=0.00139763 0.000132926 0.00221683 0.0017721 0.00027213 0.00193681 0.00113342 -0.00269697 0.00146906 0.000525837 -0.00362162 0.0021049 -0.00245333 -0.00806667 3.67967e-05 0.00173147 0.00103292 -0.00332468 0.00140625 0.00289083 0.00138983 -0.00091603 0.000764873 7.81265e-06 -0.00404 -0.00678571 -0.000170843 -0.00185768 -0.00523894 -0.00225352
internal_weight=6656 2617 4039 3053 2586 3006 1633 131 1502 2418 73 571 74 59 1847 1429 971 76 895 1373 353 130 705 511 99 55 1755 266 112 70
internal_count=6656 2617 4039 3053 2586 3006 1633 131 1502 2418 73 571 74 59 1847 1429 971 76 895 1373 353 130 705 511 99 55 1755 266 112 70
is_linear=0
shrinkage=0.04


Tree=75
num_leaves=31
num_cat=0
split_feature=0 0 18 16 15 18 13 13 17 17 0 17 0 1 11 6 6 11 13 16 1 5 5 20 7 9 17 11 13 9
split_gain=5.01587 3.20935 1.37406 1.30345 1.14839 2.62337 0.905803 0.935094 0.808418 1.00753 0.947115 0.783342 0.938161 1.09686 2.15053 0.714653 0.683318 0.913404 0.805447 0.679398 0.732944 0.670829 0.999776 0.650826 0.653235 0.943973 0.562059 0.817491 0.532015 0.648753
threshold=7.3500000000000005 0.35000000000000003 0.1294095225512602 1257.5000000000002 0.45000000000000007 -0.60355339059327384 11.050000000000002 12.65 -1.0000000180025095e-35 -0.37940952255126065 1.0500000000000003 0.37940952255126054 12.850000000000003 13.050000000000002 18.150000000000002 8.4250000000000007 6.7499999999999991 13.450000000000001 1.9500000000000002 1547.5000000000002 0.8500000000000002 8.3500000000000032 10.350000000000003 0.81174490092936691 8.0812500000000025 95.500000000000014 -0.25881904510252113 20.550000000000004 6.5500000000000007 83.500000000000014
decision_type=2 2 2 2 2 2 2 2 2 2 2 2 2 2 2 2 2 2 2 2 2 2 2 2 2 2 2 2 2 2
left_child=1 -1 4 8 6 -6 16 -8 9 10 -4 12 13 -2 -15 -12 17 -3 -18 28 -21 -20 -23 24 -22 -26 27 -19 -5 -30
right_child=11 2 3 19 5 -7 7 -9 -10 -11 15 -13 -14 14 -16 -17 18 26 21 20 23 22 -24 -25 25 -27 -28 -29 29 -31
leaf_value=-0.0051565919861793277 0.018006944668849112 7.6754088490821987e-05 -0.0016728194672054168 -0.012732739195815425 0.0009088311735635557 -0.018349541022108184 -0.010733565145383525 -0.0021001350519454232 0.0083091673773152859 -0.0082091750360036558 0.0017962635799039521 0.053080025721272614 0.12247071800811 -0.035755515562984778 0.035488251838232364 -0.0051523906219432267 0.0075314890211791658 -0.0059209924420224038 -0.0058785416509458755 -0.0058854406678485217 0.0015009782908322628 -0.03128125748514525 -0.0033991279900047102 -0.0059943847819307417 0.0035527386559187787 -0.0057950298244776903 0.015595258266762673 0.0033380014373505414 -0.0022785543410721899 0.0024914584414996001
leaf_weight=32 857 1180 30 30 43 39 43 78 913 144 501 1153 488 27 27 30 66 56 106 28 224 27 50 40 44 33 205 49 33 40
leaf_count=32 857 1180 30 30 43 39 43 78 913 144 501 1153 488 27 27 30 66 56 106 28 224 27 50 40 44 33 205 49 33 40
internal_value=0.00141817 0.000545142 0.000646665 0.0013582 -0.000119403 -0.00472289 8.59754e-05 -0.0032459 0.00189747 0.000878187 0.00164413 0.00280768 0.00216857 0.00140789 -0.00407273 0.00203759 0.00031954 0.000643863 -0.001616 -0.000490486 0.000313514 -0.00297826 -0.00579487 0.000830409 0.0014702 -0.00169231 0.00257235 0.000188679 -0.00334615 -0.00145946
internal_weight=6616 4064 4032 2090 1942 82 1860 121 1618 705 561 2552 1399 911 54 531 1739 1490 249 472 369 183 77 341 301 77 310 105 103 73
internal_count=6616 4064 4032 2090 1942 82 1860 121 1618 705 561 2552 1399 911 54 531 1739 1490 249 472 369 183 77 341 301 77 310 105 103 73
is_linear=0
shrinkage=0.04


Tree=76
num_leaves=31
num_cat=0
split_feature=8 8 8 17 17 11 15 5 18 18 13 11 11 16 8 13 1 7 6 8 10 2 1 6 14 14 16 11 16 18
split_gain=4.59448 2.57925 2.16271 1.61174 1.82756 1.61742 1.15023 1.45585 0.864358 0.940483 0.844626 0.839757 1.04067 1.62821 0.807154 0.798657 0.719556 0.65616 1.38431 0.762919 0.63783 0.634517 0.609302 1.05584 0.59565 0.587951 0.576896 0.558202 0.663122 0.79906
threshold=2.7500000000000004 0.45000000000000007 12.950000000000001 0.37940952255126054 0.25881904510252091 5.8500000000000005 0.25000000000000006 3.7500000000000004 -0.78656609248549325 -0.12940952255126037 12.750000000000002 9.9500000000000011 7.4500000000000011 242.50000000000003 6.9500000000000011 0.75000000000000011 2.6500000000000008 3.6562500000000004 4.9166666666666643 7.1500000000000012 7.7500000000000009 8.4500000000000011 3.7500000000000004 4.8333333333333313 294.50000000000006 185.50000000000003 62.500000000000007 18.450000000000003 662.50000000000011 1.0000000180025095e-35
decision_type=2 2 2 2 2 2 2 2 2 2 2 2 2 2 2 2 2 2 2 2 2 2 2 2 2 2 2 2 2 2
left_child=1 -1 3 4 8 21 24 -8 16 15 -11 12 17 -14 -12 -10 -2 18 20 -20 -5 -6 -17 25 27 -24 -7 28 -3 -30
right_child=2 6 -4 11 5 26 7 -9 9 10 14 -13 13 -15 -16 22 -18 -19 19 -21 -22 -23 23 -25 -26 -27 -28 -29 29 -31
leaf_value=-0.0041684926282560698 -0.0059369221807889705 -8.0098707666259012e-05 0.081428645553954779 -0.00015676953751937115 -0.010171679915368697 0.027795411038318542 0.00016286199787544892 -0.0082255432322711451 0.018163674842400775 0.0032420749469547557 0.0017727189069514987 0.018961750649563198 0.0020256745963031521 -0.010495277214679523 -0.01149383416526697 0.0013207364538627021 0.017481727666973198 0.013324390764475887 -0.024323810827165029 -0.0030062639913615292 0.0093299254044974852 -0.052816904387559468 -0.00820800118446878 -0.0046474263177904507 0.0010726233956466428 -0.037031866768786961 -0.010960748900347176 0.00043449484168096397 -0.0074541142107917612 -0.0015115573343631858
leaf_weight=40 25 607 1174 92 68 48 43 29 53 1250 71 675 59 27 42 118 451 684 29 28 150 31 28 305 99 25 27 134 59 145
leaf_count=40 25 607 1174 92 68 48 43 29 53 1250 71 675 59 27 42 118 451 684 29 28 150 31 28 305 99 25 27 134 59 145
internal_value=0.00141212 -0.000878133 0.00189709 0.00147982 0.000836807 -0.00310857 -0.000515667 -0.00536986 0.0011279 0.000743793 0.00129912 0.00241605 0.00171589 -0.00248276 -0.002 -0.000686792 0.0026499 0.00208537 0.00052 -0.00503448 0.00184362 -0.00644 -0.00120755 -0.00202785 -0.000176076 -0.00718518 0.00131579 -0.000486258 -0.000881773 -0.00284878
internal_weight=6616 1156 5460 4286 2542 174 1116 72 2368 1892 1363 1744 1069 86 113 529 476 983 299 57 242 99 476 358 1044 53 75 945 811 204
internal_count=6616 1156 5460 4286 2542 174 1116 72 2368 1892 1363 1744 1069 86 113 529 476 983 299 57 242 99 476 358 1044 53 75 945 811 204
is_linear=0
shrinkage=0.04


Tree=77
num_leaves=31
num_cat=0
split_feature=0 0 0 1 1 8 12 0 10 15 17 13 14 17 11 11 15 13 11 17 8 12 1 7 17 7 18 0 14 14
split_gain=4.98879 2.65498 2.23735 2.13234 2.108 1.52463 1.40533 1.24929 1.15535 1.01882 0.984147 0.925313 0.844369 0.833014 1.1101 0.924565 0.828792 0.827187 0.686839 0.652532 0.83293 0.623001 0.603867 1.00456 0.753263 1.09506 0.566815 0.635823 0.760762 0.819839
threshold=2.8500000000000001 0.35000000000000003 8.4500000000000011 2.8500000000000001 9.0500000000000025 3.3500000000000001 65.500000000000014 2.4500000000000006 2.5500000000000003 1.7500000000000002 0.37940952255126054 5.3500000000000005 266.50000000000006 0.25881904510252091 5.8500000000000005 2.2500000000000004 0.15000000000000005 2.9500000000000006 2.5500000000000003 1.0000000180025095e-35 9.8500000000000032 75.500000000000014 1.7500000000000002 5.1020833333333346 0.25881904510252091 3.1395833333333334 0.25881904510252057 5.8500000000000005 161.50000000000003 185.50000000000003
decision_type=2 2 2 2 2 2 2 2 2 2 2 2 2 2 2 2 2 2 2 2 2 2 2 2 2 2 2 2 2 2
left_child=1 -1 4 7 9 8 -6 12 -5 10 13 17 22 15 -15 -2 21 18 -10 20 -17 -12 -3 24 -24 -26 27 28 -23 -30
right_child=2 3 -4 5 6 -7 -8 -9 11 -11 16 -13 -14 14 -16 19 -18 -19 -20 -21 -22 26 23 -25 25 -27 -28 -29 29 -31
leaf_value=-0.0047835886016019116 0.009871380955410786 8.5418824926546439e-05 0.046657317071234251 0.0028016801485621508 -0.012649397460919152 -0.0037535292877992716 0.0015886591439100944 0.0069138446032872107 -0.0001247487620146565 -0.0027405380297603151 0.015004563308839258 -0.0049468118781631557 0.00093725550470182776 -0.015546048612258851 0.0053053954294299144 0.00066677432471719136 -0.00027821249912676435 0.0005438513611587195 -0.0074018921466804466 0.018745896581628809 -0.010236283768864827 0.0050377974952632819 0.00025121498478226776 -0.0035570958103598531 -0.0077241352049194877 0.0010831643021067732 0.014520305134838469 0.0083250101841488341 -0.014487867772720318 0.0011586908323136795
leaf_weight=32 386 462 2064 50 42 28 36 194 27 27 642 25 201 65 47 1026 79 49 26 177 37 56 211 90 50 40 207 135 46 59
leaf_count=32 386 462 2064 50 42 28 36 194 27 27 642 25 201 65 47 1026 79 49 26 177 37 56 211 90 50 40 207 135 46 59
internal_value=0.0013819 -0.000659488 0.00197272 -0.000404401 0.00128683 -0.00417476 -0.00516456 0.000217774 -0.00276404 0.00145686 0.00152818 -0.00478125 -0.000326066 0.000915469 -0.00240708 0.00114567 0.00239673 -0.00302913 -0.00644444 0.000612409 0.000236842 0.00267016 -0.000875878 -0.00203061 -0.000913907 -0.00395604 0.00161111 0.000484849 -0.00120988 -0.00320755
internal_weight=6616 1485 5131 1453 3067 205 78 1248 177 2989 2962 127 1054 1738 112 1626 1224 102 53 1240 1063 1145 853 391 301 90 503 296 161 105
internal_count=6616 1485 5131 1453 3067 205 78 1248 177 2989 2962 127 1054 1738 112 1626 1224 102 53 1240 1063 1145 853 391 301 90 503 296 161 105
is_linear=0
shrinkage=0.04


Tree=78
num_leaves=31
num_cat=0
split_feature=0 0 15 0 1 0 13 1 2 3 14 3 13 5 13 7 14 0 1 18 6 16 0 1 11 4 16 11 11 14
split_gain=5.0695 3.17896 1.33218 1.88453 1.08865 1.423 1.15305 1.13026 1.00553 1.21859 0.998577 0.895635 0.953293 0.829913 0.813866 0.711614 0.682473 0.808969 0.651285 0.679905 0.598656 0.595369 0.579324 2.00969 1.22744 0.482042 0.475558 0.913922 1.05182 0.526641
threshold=7.3500000000000005 0.35000000000000003 0.55000000000000016 1.9500000000000002 7.1500000000000012 2.8500000000000001 15.750000000000002 2.8500000000000001 9.0500000000000025 10.350000000000003 263.50000000000006 2.8500000000000001 5.6500000000000012 2.7500000000000004 10.850000000000003 3.3687500000000008 266.50000000000006 2.4500000000000006 2.2500000000000004 0.1294095225512602 6.5499999999999998 37.500000000000007 12.850000000000003 13.050000000000002 17.850000000000005 2.1500000000000008 102.50000000000001 14.550000000000002 9.5500000000000025 174.50000000000003
decision_type=2 2 2 2 2 2 2 2 2 2 2 2 2 2 2 2 2 2 2 2 2 2 2 2 2 2 2 2 2 2
left_child=1 -1 4 -4 5 7 8 16 13 -10 -5 -9 21 20 -14 -2 17 -3 -15 -20 25 -13 23 26 -25 -7 -17 28 29 -28
right_child=15 2 3 10 -6 6 -8 11 9 -11 -12 12 14 18 -16 22 -18 -19 19 -21 -22 -23 -24 24 -26 -27 27 -29 -30 -31
leaf_value=-0.0045922450575378347 -0.014031640508770135 -0.00040122224043178919 -0.011504198710812574 0.0035170971253545573 -0.0062346405697039165 -0.00049165003362390482 -0.0040823815964831879 -0.0060590531811314302 -0.009626357073727913 0.0027879017402542201 -0.0036827182976999894 -0.00021342190724046213 -0.0031764708084640065 -0.0087373347222095363 -0.0020312859832584081 0.039207115399215238 0.0010241150671034596 0.0050744519077115333 0.0044668781289943825 0.011279154649419714 -0.0083054991015156995 0.0010596102523536552 0.13665241368268136 -0.033939016853127987 0.031415091844005143 0.0040073244357357483 0.015097848341885597 0.024278543056033063 -0.0085810116142981813 -0.031236411230383114
leaf_weight=32 25 830 25 69 219 106 38 38 25 41 28 32 31 41 27 940 232 145 871 794 37 60 903 35 31 343 89 461 43 25
leaf_count=32 25 830 25 69 219 106 38 38 25 41 28 32 31 41 27 940 232 145 871 794 37 60 903 35 31 343 89 461 43 25
internal_value=0.00136376 0.000486101 0.000587156 -0.00351219 0.00071593 0.000878657 0.00149064 -0.00012894 0.00160779 -0.00322388 -0.000938775 -0.00300529 -0.0015894 0.00175467 -0.00555932 0.00276067 0.000321192 -0.000143442 0.00216989 0.00229292 0.000295688 0.000946237 0.00282753 0.00237292 -0.00441791 0.000702222 0.00266325 0.00179645 -0.000835443 0.00118261
internal_weight=6616 4064 4032 122 3910 3691 2296 1395 2258 66 97 188 150 2192 58 2552 1207 975 1706 1665 486 92 2527 1624 66 449 1558 618 157 114
internal_count=6616 4064 4032 122 3910 3691 2296 1395 2258 66 97 188 150 2192 58 2552 1207 975 1706 1665 486 92 2527 1624 66 449 1558 618 157 114
is_linear=0
shrinkage=0.04


Tree=79
num_leaves=31
num_cat=0
split_feature=0 0 1 12 0 13 15 11 18 17 8 0 17 11 17 15 17 9 2 5 0 2 5 9 11 10 5 10 11 7
split_gain=4.95126 3.2299 2.05861 2.00699 1.5838 1.36857 1.15077 1.04038 0.946564 0.790633 0.767673 1.2788 0.730525 0.714579 1.38547 0.797028 0.715294 0.642026 0.738439 0.563016 0.694757 0.925662 1.14354 0.583556 0.857362 1.11712 1.41515 0.77893 0.551405 0.596552
threshold=8.4500000000000011 0.35000000000000003 8.9500000000000011 65.500000000000014 2.4500000000000006 15.65 0.45000000000000007 18.950000000000003 0.1294095225512602 0.12940952255126045 7.8500000000000005 6.2500000000000009 -0.37940952255126065 9.9500000000000011 -0.25881904510252113 0.55000000000000016 -0.9159756150367534 54.500000000000007 6.6500000000000012 8.1500000000000004 7.4500000000000011 7.0500000000000007 10.350000000000003 68.500000000000014 1.4500000000000002 3.1500000000000008 3.1500000000000008 9.1500000000000004 1.5500000000000003 3.7562500000000005
decision_type=2 2 2 2 2 2 2 2 2 2 2 2 2 2 2 2 2 2 2 2 2 2 2 2 2 2 2 2 2 2
left_child=1 -1 4 -4 6 8 -3 -7 13 10 -10 -12 -13 15 16 19 -15 -18 -19 23 21 -21 -23 28 27 -26 -27 -25 29 -6
right_child=-2 2 3 -5 5 7 -8 -9 9 -11 11 12 -14 14 -16 -17 17 18 -20 20 -22 22 -24 24 25 26 -28 -29 -30 -31
leaf_value=-0.0044085552552363214 0.043830320438554102 -0.0001222854555639866 -0.011630614720314618 0.0023987014586998295 -0.0048614619711715825 -0.017606477482330837 -0.0059428128065711853 0.0046627082163637756 0.0035845728332068844 0.013961481776982488 -0.017364183569054756 0.025603488966529211 -0.019199250550470882 0.0007812335694311666 0.013909961920811252 -0.0058942270431313858 0.0064700033967462793 -0.020872076307401569 -0.0015340399709707895 -0.00032589570540062472 0.026910771625020022 -0.021751840795729362 -0.0029214239175881195 0.0073467404493528822 0.010983544857370502 -0.023526130773744595 -0.00042645391750548319 -0.0028757659992372348 0.0072999112553110189 0.0093173614188042705
leaf_weight=32 2064 1088 48 42 101 27 44 25 654 796 26 56 34 115 330 37 33 36 33 119 54 25 29 123 28 48 53 27 349 140
leaf_count=32 2064 1088 48 42 101 27 44 25 654 796 26 56 34 115 330 37 33 36 33 119 54 25 29 123 28 48 53 27 349 140
internal_value=0.00132749 0.00059038 0.000681265 -0.00527473 0.000803431 0.00124644 -0.000487202 -0.00513208 0.00135017 0.00205743 0.00114137 -0.00184615 0.000439561 0.000690066 0.00187591 0.000116402 -0.000605504 -0.00302913 -0.0052 0.000313583 -0.00145614 -0.00268965 -0.00698182 0.000777012 -0.000728571 -0.00310769 -0.00505882 0.0013245 0.001489 1.65291e-05
internal_weight=6616 4552 4520 90 4430 3298 1132 52 3246 1566 770 116 90 1680 547 1133 217 102 69 1096 227 173 54 869 279 129 101 150 590 241
internal_count=6616 4552 4520 90 4430 3298 1132 52 3246 1566 770 116 90 1680 547 1133 217 102 69 1096 227 173 54 869 279 129 101 150 590 241
is_linear=0
shrinkage=0.04


Tree=80
num_leaves=31
num_cat=0
split_feature=0 0 0 1 17 12 17 10 1 13 11 12 0 1 5 5 1 17 17 8 13 0 18 10 15 9 2 18 15 10
split_gain=4.41272 2.5106 1.60582 3.05777 1.39527 1.58011 1.36922 1.45462 1.17809 1.29386 1.10302 1.02953 0.87808 1.22726 1.28206 0.749615 0.73921 0.91445 1.30231 0.826289 0.844252 0.726045 0.70711 1.21229 0.699275 0.923933 1.08745 0.685866 0.751073 1.04571
threshold=4.1500000000000012 0.35000000000000003 12.850000000000003 13.050000000000002 0.37940952255126054 85.500000000000014 0.25881904510252091 11.350000000000003 3.9500000000000006 1.2500000000000002 15.750000000000002 79.500000000000014 2.8500000000000001 2.8500000000000001 8.9500000000000011 1.9500000000000002 2.7500000000000004 -0.25881904510252113 -0.37940952255126065 8.2500000000000018 5.7500000000000009 2.4500000000000006 0.78656609248549303 0.95000000000000007 1.0000000180025095e-35 63.500000000000007 2.1500000000000008 0.37940952255126048 0.15000000000000005 12.950000000000001
decision_type=2 2 2 2 2 2 2 2 2 2 2 2 2 2 2 2 2 2 2 2 2 2 2 2 2 2 2 2 2 2
left_child=1 -1 3 4 6 -6 16 11 12 -10 -5 -8 13 21 -15 -14 -2 18 -18 20 -20 24 -11 -24 -3 -26 -27 28 29 -7
right_child=2 8 -4 10 5 27 7 -9 9 22 -12 -13 15 14 -16 -17 17 -19 19 -21 -22 -23 23 -25 25 26 -28 -29 -30 -31
leaf_value=-0.0025848654617698515 -0.011526227928039564 0.00011039242328028987 0.12984099686492784 -0.042498011957408224 0.021660129062837857 0.013938635269179739 -0.0063421496176572622 0.03288430278151519 -0.011505833182497559 -0.00028986310341986936 -0.0087511853509589701 -0.045059232829419503 -0.00068271082340949174 -0.0008121279763863298 -0.0097198774280911494 0.0055002353426133925 0.0063499226427156741 0.020111892751900777 0.020303515794357834 -0.064132093644784685 -0.02611716321777911 0.0053495965747044037 0.0045667105728659698 -0.0078532197007744262 -0.0054613299848944152 0.00083732582193128127 -0.0028628846597147472 0.026005013810722205 -0.011325217147171997 -0.031505894252881812
leaf_weight=35 40 935 907 28 1182 109 51 47 35 191 38 46 121 143 25 572 1034 482 31 35 29 206 25 25 35 59 40 86 28 62
leaf_count=35 40 935 907 28 1182 109 51 47 35 191 38 46 121 143 25 572 1034 482 31 35 29 206 25 25 35 59 40 86 28 62
internal_value=0.00128206 -7.02613e-05 0.00206327 0.00165575 0.00182899 0.00274387 0.00108018 -0.00264828 8.61999e-05 -0.00236823 -0.00680597 -0.00542857 0.000404305 -0.000157895 -0.00336095 0.00157349 0.00140678 0.00154094 0.000916814 -0.00354167 -0.000655738 0.000266458 -0.00130578 -0.0054902 -0.000153271 -0.00284444 -0.00084 6.99302e-05 -0.00122 -0.000209302
internal_weight=6682 2447 4235 3328 3262 1467 1795 144 2412 276 66 97 2136 1443 168 693 1651 1611 1129 95 60 1275 241 50 1069 134 99 285 199 171
internal_count=6682 2447 4235 3328 3262 1467 1795 144 2412 276 66 97 2136 1443 168 693 1651 1611 1129 95 60 1275 241 50 1069 134 99 285 199 171
is_linear=0
shrinkage=0.04


Tree=81
num_leaves=31
num_cat=0
split_feature=0 0 1 0 2 20 18 0 1 15 0 10 18 12 5 13 5 0 1 0 6 4 19 5 5 12 13 0 8 4
split_gain=3.94418 2.65263 1.95355 1.37652 2.09418 1.28153 1.3469 1.09326 1.05947 0.836165 0.967154 0.817268 0.887713 0.700469 0.960196 0.699989 0.689304 0.679304 1.48198 0.767977 1.22365 1.46192 0.684905 0.674127 0.575706 0.569172 0.761097 0.563079 1.14819 0.525249
threshold=5.0500000000000007 0.35000000000000003 5.1500000000000012 14.15 17.650000000000002 -0.56174490092936669 -0.70710678118654757 4.0500000000000007 4.4500000000000011 0.55000000000000016 2.1500000000000008 9.4500000000000011 1.0000000180025095e-35 89.500000000000014 9.3500000000000032 12.15 3.6500000000000008 8.4500000000000011 9.1500000000000004 7.3500000000000005 6.7499999999999991 5.8500000000000005 -0.8783796973249266 2.0500000000000003 2.4500000000000006 48.500000000000007 4.2500000000000009 2.8500000000000001 3.6500000000000008 1.4500000000000002
decision_type=2 2 2 2 2 2 2 2 2 2 2 2 2 2 2 2 2 2 2 2 2 2 2 2 2 2 2 2 2 2
left_child=1 -1 7 4 11 -4 -7 8 9 23 -11 12 17 -13 -15 -14 -8 18 19 20 -2 -22 -19 -3 -25 -23 -27 28 -26 -9
right_child=3 2 5 -5 -6 6 16 29 -10 10 -12 13 15 14 -16 -17 -18 22 -20 -21 21 25 -24 24 27 26 -28 -29 -30 -31
leaf_value=-0.0024814708432990573 0.0077527811329631182 -0.00048153703803283451 0.00064212128770768087 0.17583086821674407 -0.020481351513162657 0.0060134215874127154 -0.020060257584106754 -0.0034198200403212499 -0.0036875358047196278 -0.0053250868236040094 -0.0011460352232542461 0.027778912205774674 0.019800147797280811 0.012213960551372362 -0.021968895348759069 -0.0034186116596442023 -0.0065300275313605093 -0.012191644152930028 -0.028402484425030693 0.013169962765688728 -0.039028209044096721 0.010169739485105271 0.022165215118215811 0.0014395607088471957 0.00013752568432387916 0.0027260858201791595 -0.029104728626774889 0.0042837836436532559 -0.0016386780737521415 0.010407952030891428
leaf_weight=35 170 591 51 713 44 36 26 29 63 25 46 989 916 91 25 95 63 47 30 123 38 25 322 181 811 37 30 542 31 457
leaf_count=35 170 591 51 713 44 36 26 29 63 25 46 989 916 91 25 95 63 47 30 123 38 25 322 181 811 37 30 542 31 457
internal_value=0.00131797 0.000236948 0.000368439 0.00219156 0.00181294 -0.00370621 -0.00587302 0.000628016 0.000261895 0.000407541 -0.00383333 0.00194352 0.00142421 0.00280289 -0.000136752 0.00221739 -0.00848889 0.000447145 -0.000590308 2.8302e-05 -0.00106312 -0.00396947 0.00171892 0.000548911 0.000983397 -0.0012043 -0.00311765 0.000704693 5.69396e-05 0.00234908
internal_weight=6682 2987 2952 3695 2982 176 125 2776 2290 2227 71 2938 1833 1105 116 1011 89 822 453 423 300 130 369 2156 1565 92 67 1384 842 486
internal_count=6682 2987 2952 3695 2982 176 125 2776 2290 2227 71 2938 1833 1105 116 1011 89 822 453 423 300 130 369 2156 1565 92 67 1384 842 486
is_linear=0
shrinkage=0.04


Tree=82
num_leaves=31
num_cat=0
split_feature=0 0 0 2 17 12 17 11 15 10 11 8 16 12 16 3 7 7 18 3 5 9 7 16 17 11 11 18 12 5
split_gain=3.94216 2.55775 1.59699 2.03194 1.5418 1.5583 1.37271 1.13269 1.05263 1.30751 1.47702 1.03656 0.991599 0.746361 0.663945 1.00703 0.851958 1.57961 0.660659 1.16386 1.0378 1.14376 0.60658 0.706172 0.529763 0.818411 0.764 1.01387 1.13975 0.652143
threshold=4.1500000000000012 0.35000000000000003 14.15 17.650000000000002 0.37940952255126054 85.500000000000014 0.25881904510252091 4.5500000000000007 0.55000000000000016 4.3500000000000005 4.2500000000000009 5.7500000000000009 142.50000000000003 78.500000000000014 372.50000000000006 4.8500000000000005 7.2020833333333343 5.7166666666666677 0.37940952255126048 7.0500000000000007 6.5500000000000007 59.500000000000007 8.8854166666666696 242.50000000000003 -0.25881904510252113 14.750000000000002 7.4500000000000011 -0.60355339059327384 49.500000000000007 4.1500000000000012
decision_type=2 2 2 2 2 2 2 2 2 2 2 2 2 2 2 2 2 2 2 2 2 2 2 2 2 2 2 2 2 2
left_child=1 -1 3 4 6 -6 12 13 11 -10 -11 24 -2 -8 15 -14 17 -17 19 20 -7 -22 -18 -24 26 -26 -3 -28 -29 -30
right_child=2 8 -4 -5 5 18 7 -9 9 10 -12 -13 14 -15 -16 16 22 -19 -20 -21 21 -23 23 -25 25 -27 27 28 29 -31
leaf_value=-0.0023822120095670948 0.015727547088172786 0.0003464262402513512 0.16879763348807431 -0.019662097452636154 0.021106205199679037 0.0044929307536005084 -0.0029075897995017893 0.00095081067680293158 0.00086901037427117897 -0.0013695312460318507 -0.016989707794802748 -0.015960561015235623 0.019373747211753233 -0.036909068199225951 0.0028151238481194866 0.0031682321630364615 0.015058459897102399 -0.030307598607224331 0.024551775775779092 0.011665924642619596 -0.050648326843784369 0.0052755533238929373 0.011562040336683852 -0.020617524876546632 0.00044415412091987941 0.0066689047423790625 -0.0062350225179100636 0.00014343493467941742 -0.0065230198063896431 -0.0018838062562690414
leaf_weight=35 753 697 713 44 1254 72 25 82 29 25 28 28 47 44 776 39 47 38 88 76 39 27 39 32 824 202 33 360 101 85
leaf_count=35 753 697 713 44 1254 72 25 82 29 25 28 28 47 44 776 39 47 38 88 76 39 27 39 32 824 202 33 360 101 85
internal_value=0.001306 2.77779e-05 0.00204438 0.00169401 0.00180282 0.0027386 0.0010442 -0.00260526 0.000185661 -0.00424096 -0.00792593 0.0003432 0.00135666 -0.00634286 0.000541708 -0.00128395 -0.00255102 -0.00579487 0.000158416 -0.00104186 -0.00322302 -0.00680597 -0.000403361 -0.00272222 0.00043769 0.00111392 -0.000106499 -0.00117931 -0.000760512 -0.00329412
internal_weight=6682 2447 4235 3522 3478 1556 1922 151 2412 82 53 2330 1771 69 1018 242 195 77 302 214 138 66 118 71 2302 1026 1276 579 546 186
internal_count=6682 2447 4235 3522 3478 1556 1922 151 2412 82 53 2330 1771 69 1018 242 195 77 302 214 138 66 118 71 2302 1026 1276 579 546 186
is_linear=0
shrinkage=0.04


Tree=83
num_leaves=31
num_cat=0
split_feature=0 0 17 17 1 15 10 10 17 17 14 12 13 20 0 1 7 2 0 10 0 6 13 13 17 18 14 17 12 16
split_gain=4.14051 2.76818 1.1849 1.73078 1.06225 0.969648 1.47661 1.84529 1.20024 2.00248 1.01328 0.948833 0.863566 0.846167 0.835569 3.3659 0.72732 0.693107 1.08807 2.02753 1.00189 1.10493 0.690883 0.676722 0.743411 0.929347 0.918354 0.766618 0.853431 0.7189
threshold=7.3500000000000005 0.35000000000000003 -0.25881904510252113 -0.37940952255126065 7.9500000000000011 0.55000000000000016 4.2500000000000009 7.1500000000000012 0.37940952255126054 0.25881904510252091 179.50000000000003 53.500000000000007 5.5500000000000007 1.0000000180025095e-35 12.350000000000003 12.850000000000003 3.3687500000000008 4.8500000000000005 6.3500000000000005 11.050000000000002 2.4500000000000006 2.616666666666664 10.15 10.050000000000002 -1.0000000180025095e-35 0.91597561503675351 333.50000000000006 -0.78656609248549292 47.500000000000007 817.50000000000011
decision_type=2 2 2 2 2 2 2 2 2 2 2 2 2 2 2 2 2 2 2 2 2 2 2 2 2 2 2 2 2 2
left_child=1 -1 3 14 5 8 -7 -8 9 23 13 -10 -6 -11 15 -2 -4 20 19 -19 21 -13 -22 24 25 27 -27 28 -3 -30
right_child=2 4 16 -5 12 6 7 -9 11 10 -12 17 -14 -15 -16 -17 -18 18 -20 -21 22 -23 -24 -25 -26 26 -28 -29 29 -31
leaf_value=-0.00228692352918441 0.0087186250095241998 0.0018109830506630106 -0.017998938756376693 -0.060105100153589178 1.8948755521629653e-05 0.0030322343172097606 -0.0096171845638517613 0.00063182799998546624 0.010385030557437377 -0.017864398662464285 -0.0053791030474261946 0.00067935645764551685 -0.021956103524096545 -0.00018884189865964814 0.071036297342613963 -0.02108562732256157 0.041979455738647538 0.00015896750463125487 0.012064996289449577 -0.01912351181541706 0.0086844904785185056 -0.0021756998261346404 -0.0012242782367079934 -0.00098534977015911221 0.0043052924893449271 -0.0059324016836022541 -0.043810592795679691 0.0019238314942095845 -0.00043494830668128036 -0.01178537479013813
leaf_weight=35 457 199 27 47 46 44 43 36 357 37 76 94 34 25 291 33 1692 159 92 43 465 35 26 465 388 128 27 713 523 45
leaf_count=35 457 199 27 47 46 44 43 36 357 37 76 94 34 25 291 33 1692 159 92 43 465 35 26 465 388 128 27 713 523 45
internal_value=0.00127009 0.000488395 0.00253846 0.00129312 0.000585223 0.000676449 -0.00280645 -0.00605 0.00078707 0.000298439 -0.0043741 0.0017956 -0.00395062 -0.00812698 0.00174425 0.000733198 0.00313721 0.00111038 -0.000488135 -0.00212808 0.00186796 -0.00126154 0.00269106 0.000559261 0.000875494 0.000501223 -0.0024359 0.000810263 -6.77082e-05 -0.000857645
internal_weight=6682 4135 2547 828 4100 4020 123 79 3897 2626 138 1271 80 62 781 490 1719 914 294 202 620 129 491 2488 2023 1635 155 1480 767 568
internal_count=6682 4135 2547 828 4100 4020 123 79 3897 2626 138 1271 80 62 781 490 1719 914 294 202 620 129 491 2488 2023 1635 155 1480 767 568
is_linear=0
shrinkage=0.04


Tree=84
num_leaves=31
num_cat=0
split_feature=0 0 0 2 17 17 12 11 15 10 11 8 12 13 7 5 5 8 13 17 5 13 9 9 19 10 12 11 17 4
split_gain=3.95925 2.03477 1.64997 2.01565 1.48665 1.56124 1.34408 1.1841 1.02913 1.30751 1.47702 1.02243 0.78958 0.681714 0.677402 1.58229 0.589082 0.690565 0.583127 0.5444 0.533529 0.620335 0.585142 0.519359 0.55768 0.69686 1.50866 1.77266 0.911409 0.629973
threshold=4.1500000000000012 0.35000000000000003 14.15 17.650000000000002 0.37940952255126054 0.25881904510252091 85.500000000000014 5.8500000000000005 0.55000000000000016 4.3500000000000005 4.2500000000000009 5.7500000000000009 77.500000000000014 2.3500000000000001 4.7895833333333346 6.6500000000000012 16.450000000000003 11.250000000000002 2.6500000000000008 -0.98296291314453399 2.0500000000000003 19.250000000000004 42.500000000000007 103.50000000000001 1.0000000180025095e-35 4.1500000000000012 51.500000000000007 6.0500000000000007 -0.60355339059327362 2.3500000000000001
decision_type=2 2 2 2 2 2 2 2 2 2 2 2 2 2 2 2 2 2 2 2 2 2 2 2 2 2 2 2 2 2
left_child=1 -1 3 4 5 13 -6 12 11 -10 -11 20 -7 19 15 18 -15 -18 -8 -2 23 22 -22 24 25 26 28 -28 -3 -27
right_child=2 8 -4 -5 6 7 14 -9 9 10 -12 -13 -14 16 -16 -17 17 -19 -20 -21 21 -23 -24 -25 -26 29 27 -29 -30 -31
leaf_value=-0.0021954465880170337 -0.0014487601752376229 0.0023332985110724319 0.16036654991900542 -0.019051881584762197 0.019981328366474458 0.0035516360606164693 0.032269843671424936 0.026125073165985925 0.00071296058661194587 -0.0010940468293192233 -0.016048420234728619 -0.015333045996173579 -0.036936596464902376 0.00467091641172372 0.011285988875283613 -0.053688388396364209 -0.039961028803978976 0.047908090829536905 -0.010694629661608224 0.015967794455099132 -0.0047069593287707477 -0.0053348448342423601 0.00058712713295052386 0.00290407281513123 0.00039523141550149341 -0.00059576970976033764 -0.0019339569767522432 -0.013154281858292642 -0.00540327384332404 0.0011081821006930948
leaf_weight=35 31 40 713 44 1254 26 41 74 29 25 28 28 51 1257 193 27 27 29 41 427 33 25 1640 37 233 78 40 27 36 113
leaf_count=35 31 40 713 44 1254 26 41 74 29 25 28 28 51 1257 193 27 27 29 41 427 33 25 1640 37 233 78 40 27 36 113
internal_value=0.00127607 -4.90181e-06 0.00201605 0.00165995 0.00176832 0.0010234 0.00268722 -0.00286842 0.000135931 -0.00424096 -0.00792593 0.00029172 -0.00630769 0.00135666 0.000290429 -0.00221818 0.000891933 -0.00308772 0.000578313 0.0026841 0.000385584 0.000748676 0.000843489 -0.000634711 -0.00093662 -0.00198209 -0.00408333 -0.00841176 -0.000207792 -0.000395833
internal_weight=6682 2447 4235 3522 3478 1922 1556 151 2412 82 53 2330 77 1771 302 109 1313 56 82 458 2302 1698 1673 604 567 334 143 67 76 191
internal_count=6682 2447 4235 3522 3478 1922 1556 151 2412 82 53 2330 77 1771 302 109 1313 56 82 458 2302 1698 1673 604 567 334 143 67 76 191
is_linear=0
shrinkage=0.04


Tree=85
num_leaves=31
num_cat=0
split_feature=0 0 1 2 0 17 17 11 11 15 11 6 5 11 19 5 8 4 3 15 4 12 1 5 14 6 3 5 10 10
split_gain=4.51024 2.08654 1.71813 1.31529 1.11303 0.93262 1.86647 1.43296 1.31644 1.00877 0.947513 2.4055 0.926957 0.885142 0.835577 0.935558 1.07123 0.78611 0.782939 0.756908 0.833117 0.664693 0.646016 0.768076 1.03082 0.647826 0.69911 0.618773 0.588002 0.553306
threshold=9.6500000000000004 1.4500000000000002 10.950000000000001 4.5500000000000007 0.35000000000000003 0.37940952255126054 0.25881904510252091 10.750000000000002 1.2500000000000002 0.65000000000000002 8.1500000000000004 5.7999999999999972 4.1500000000000012 2.2500000000000004 1.0000000180025095e-35 1.9500000000000002 10.950000000000001 6.3500000000000005 2.3500000000000001 0.25000000000000006 7.6500000000000012 85.500000000000014 0.55000000000000016 2.5500000000000003 219.50000000000003 1.1499999999999979 3.1500000000000008 1.8500000000000003 2.2500000000000004 5.4500000000000011
decision_type=2 2 2 2 2 2 2 2 2 2 2 2 2 2 2 2 2 2 2 2 2 2 2 2 2 2 2 2 2 2
left_child=1 3 5 4 -1 6 13 9 12 10 21 -12 -8 -3 15 18 19 22 -15 -17 -21 -7 -6 27 25 -25 -27 -24 -9 -10
right_child=-2 2 -4 -5 17 7 8 28 29 -11 11 -13 -14 14 -16 16 -18 -19 -20 20 -22 -23 23 24 -26 26 -28 -29 -30 -31
leaf_value=-0.0038527057675628814 0.050195203618127071 0.0035480190525458105 -0.042432070235264262 -0.0032648120694812907 0.0024092000963083795 0.0030425621712238246 -0.017651107920867264 -0.0021683845817407617 -0.031437512797539396 -0.014253211510502215 0.0019764212973128231 -0.010527229904338027 -0.011119010839486125 -0.0059054958014591223 0.0010830569886816016 0.00054181504477021267 -0.013781036492021892 0.00056478718096892287 -0.0014244140952450466 -0.017467611808574916 0.0043955503161513436 -0.00016459073579622261 -0.00098802182534579817 -0.00065787272285649286 0.00043782307311162954 -0.0063967290249009184 -0.0010844089296152028 0.0025704472152819728 0.013929136117043737 0.0021147832507641875
leaf_weight=31 1614 620 32 27 28 669 26 49 28 37 74 29 31 31 949 855 27 84 166 32 28 301 113 35 31 25 26 37 522 83
leaf_count=31 1614 620 32 27 28 669 26 49 28 37 74 29 31 31 949 855 27 84 166 32 28 301 113 35 31 25 26 37 522 83
internal_value=0.00119259 0.000601552 0.000853159 -0.00203653 -0.00145985 0.000918824 0.000481057 0.00166706 -0.00359763 0.000828083 0.001054 -0.00257692 -0.00848276 0.000735327 0.000340833 -0.000389474 0.000135737 -0.000852631 -0.00288889 0.000371179 -0.00393443 0.00144181 -0.00182432 -0.00243284 -0.00484746 -0.00708046 -0.00992308 -0.000529801 0.00329371 -0.00103571
internal_weight=6640 5026 4589 437 410 4557 2876 1681 168 1110 1073 103 57 2708 2088 1139 942 379 197 915 60 970 295 267 117 86 51 150 571 111
internal_count=6640 5026 4589 437 410 4557 2876 1681 168 1110 1073 103 57 2708 2088 1139 942 379 197 915 60 970 295 267 117 86 51 150 571 111
is_linear=0
shrinkage=0.04


Tree=86
num_leaves=31
num_cat=0
split_feature=0 8 0 14 0 2 12 0 2 10 16 4 8 13 1 14 9 4 14 7 15 13 1 14 5 0 1 1 0 3
split_gain=4.51884 2.91926 2.05903 1.22499 1.15344 1.12296 1.16451 0.941179 1.22416 1.00664 1.02953 0.995624 0.858046 0.823353 0.729364 0.820002 0.767887 1.33192 0.824051 0.65442 0.566825 0.898649 0.907933 0.54798 0.51608 0.45667 0.77085 0.516011 0.899336 0.781175
threshold=7.7500000000000009 9.5500000000000025 2.4500000000000006 161.50000000000003 0.35000000000000003 8.7500000000000018 86.500000000000014 14.15 13.850000000000003 2.6500000000000008 187.50000000000003 7.4500000000000011 8.1500000000000004 16.650000000000002 2.7500000000000004 191.50000000000003 62.500000000000007 7.1500000000000012 162.50000000000003 3.510416666666667 0.15000000000000005 8.1500000000000004 6.0500000000000007 185.50000000000003 7.5500000000000007 5.0500000000000007 3.6500000000000008 6.2500000000000009 6.2500000000000009 8.0500000000000025
decision_type=2 2 2 2 2 2 2 2 2 2 2 2 2 2 2 2 2 2 2 2 2 2 2 2 2 2 2 2 2 2
left_child=1 2 4 -3 -1 13 12 8 19 -10 11 -11 24 20 15 16 17 18 -6 -2 25 22 -22 -18 -7 -4 -27 -28 29 -29
right_child=7 3 5 -5 14 6 -8 -9 9 10 -12 -13 -14 -15 -16 -17 23 -19 -20 -21 21 -23 -24 -25 -26 26 27 28 -30 -31
leaf_value=-0.003600868077050855 -0.019376689406375699 -0.0040925697753531939 0.001258813418389636 -0.0099242119768890476 -0.004407405107046361 0.0031401931278210223 -0.019763746638652026 0.152556274847436 0.025173863342384421 -0.072662551438806858 -0.034195669434118704 0.034596814283382786 -0.0088810806038599113 -0.0078602527813519327 -0.0025441274182222621 0.00024028244239460012 -0.00010717230531457844 0.0035216543211774838 -0.00099172640272318321 0.02744049044548369 0.0058665287310867243 -0.0078090812011171332 -0.012598190623043935 -0.0032525633134849602 -0.0034466960918727446 -0.011680021726037763 0.019593230049807491 -0.013577415018138828 0.012474976239697224 0.007944133760642071
leaf_weight=32 25 31 1525 31 48 91 46 706 69 26 42 47 37 30 88 357 555 25 39 1434 142 28 27 39 74 29 580 50 357 30
leaf_count=32 25 31 1525 31 48 91 46 706 69 26 42 47 37 30 88 357 555 25 39 1434 142 28 27 39 74 29 580 50 357 30
internal_value=0.00119259 0.000420317 0.000547518 -0.00812698 -0.000868243 0.00109747 -0.00147791 0.00260255 0.00207543 -0.000994594 -0.00327586 -0.000378378 -0.000157635 0.00132619 -0.00065625 -0.000364661 -0.00115417 -0.00417699 -0.0065 0.00246301 0.00139834 -0.000666667 0.000447059 -0.000578151 0.00108434 0.00155677 0.00220057 0.00238507 0.00134247 -0.00246914
internal_weight=6640 4291 4229 62 1183 3046 248 2349 1643 184 115 73 202 2798 1151 1063 706 112 87 1459 2768 197 169 594 165 2571 1046 1017 437 80
internal_count=6640 4291 4229 62 1183 3046 248 2349 1643 184 115 73 202 2798 1151 1063 706 112 87 1459 2768 197 169 594 165 2571 1046 1017 437 80
is_linear=0
shrinkage=0.04


Tree=87
num_leaves=31
num_cat=0
split_feature=0 0 1 13 11 5 0 7 11 17 12 17 13 18 11 7 1 14 10 1 4 9 10 9 4 14 8 3 4 14
split_gain=4.62922 1.90798 1.60819 1.29682 1.53564 2.3247 1.16407 1.13657 1.085 0.953894 1.48751 1.15592 1.12259 1.10791 1.08258 0.914128 0.744015 0.781001 0.660933 1.39084 0.682015 0.646682 0.631263 0.624181 1.21829 0.660136 0.58414 0.581678 0.897169 0.54798
threshold=9.6500000000000004 2.4500000000000006 9.6500000000000004 10.850000000000003 20.050000000000004 8.6500000000000004 0.35000000000000003 6.9666666666666677 7.9500000000000011 -0.25881904510252113 77.500000000000014 -0.37940952255126065 7.0500000000000007 1.0000000180025095e-35 4.6500000000000012 4.2770833333333345 2.7500000000000004 191.50000000000003 9.1500000000000004 5.4500000000000011 5.4500000000000011 56.500000000000007 1.0500000000000003 62.500000000000007 7.1500000000000012 162.50000000000003 10.65 9.6500000000000004 4.7500000000000009 185.50000000000003
decision_type=2 2 2 2 2 2 2 2 2 2 2 2 2 2 2 2 2 2 2 2 2 2 2 2 2 2 2 2 2 2
left_child=1 6 3 9 5 8 -1 -4 -5 11 -11 22 13 14 18 -10 17 23 -12 21 -21 -20 -3 24 25 -8 -9 28 -13 -25
right_child=-2 2 7 4 -6 -7 16 26 15 10 12 27 -14 -15 -16 -17 -18 -19 19 20 -22 -23 -24 29 -26 -27 -28 -29 -30 -31
leaf_value=-0.0034568333539688211 0.047005402291457651 0.0074960669917013088 -0.033728490678579012 0.01051366868864345 0.0035735626324861648 -0.047420882546885749 -0.0042311089027645054 0.0067141689404543285 -0.0067650786967441813 0.010958021951027739 0.0003435773847518065 0.0063880846414459888 -0.0088945275864785855 0.011853324126326168 0.0072847250217429665 -0.00018842623888280094 -0.0024423623214933706 0.00023067114469881605 -0.023142391358711715 0.0027513115463831117 -0.029165154636777629 -0.016381378965533926 0.00050461789468368788 -0.00010288541310199684 0.0033807881483303845 -0.00095205734661425246 -0.019236502614505022 0.024934171654825317 -0.053948967796395519 -0.0031224607809455622
leaf_weight=32 1614 197 27 57 152 31 48 85 31 1112 196 27 41 424 139 47 88 357 25 106 26 25 981 555 25 39 26 31 57 39
leaf_count=32 1614 197 27 57 152 31 48 85 31 1112 196 27 41 424 139 47 88 357 25 106 26 25 981 555 25 39 26 31 57 39
internal_value=0.0011685 0.000569724 0.00100208 0.00116028 -0.001279 -0.00392814 -0.000834459 -0.00322302 -0.00161765 0.00138961 0.00191695 0.000534776 0.000781282 0.00106582 -0.000177606 -0.00465823 -0.000621528 -0.000327068 -0.0012876 -0.00301639 -0.000842105 -0.00862745 0.000909245 -0.0010976 -0.00382301 -0.00604545 -0.00139286 -0.00327586 -0.00498824 -0.000578151
internal_weight=6640 5026 3843 3705 318 166 1183 138 135 3387 2094 1293 982 941 517 78 1151 1063 378 182 132 50 1178 706 112 87 111 115 84 594
internal_count=6640 5026 3843 3705 318 166 1183 138 135 3387 2094 1293 982 941 517 78 1151 1063 378 182 132 50 1178 706 112 87 111 115 84 594
is_linear=0
shrinkage=0.04


Tree=88
num_leaves=31
num_cat=0
split_feature=0 8 0 0 17 17 8 9 20 0 13 8 11 18 9 16 0 2 19 4 8 19 5 4 8 0 11 13 17 9
split_gain=4.43349 1.71259 1.77442 1.73429 0.959838 1.98303 1.19079 0.9942 0.883831 1.33999 0.841195 1.26716 1.24094 1.19426 0.920035 0.815333 0.802254 1.43152 0.933036 1.20153 0.718856 0.701345 0.670334 0.664447 0.937091 0.642667 0.639102 0.596907 1.07371 1.1516
threshold=8.4500000000000011 9.9500000000000011 1.2500000000000002 7.4500000000000011 -0.25881904510252113 -0.37940952255126065 7.6500000000000012 85.500000000000014 1.0000000180025095e-35 0.65000000000000002 11.050000000000002 6.8500000000000005 10.750000000000002 0.37940952255126048 44.500000000000007 122.50000000000001 14.15 13.850000000000003 -1.0000000180025095e-35 11.250000000000002 1.1500000000000001 -0.60785761079279388 3.7500000000000004 2.1500000000000008 10.350000000000003 6.9500000000000011 25.750000000000004 1.5500000000000003 -0.70710678118654735 59.500000000000007
decision_type=2 2 2 2 2 2 2 2 2 2 2 2 2 2 2 2 2 2 2 2 2 2 2 2 2 2 2 2 2 2
left_child=1 2 8 -3 5 27 7 15 21 -10 12 -12 13 14 -6 -7 17 23 19 -19 -11 -1 -17 24 -2 -16 -9 28 29 -4
right_child=16 3 4 -5 10 6 -8 26 9 20 11 -13 -14 -15 25 22 -18 18 -20 -21 -22 -23 -24 -25 -26 -27 -28 -29 -30 -31
leaf_value=-0.0017729645266489316 -0.073079730694038392 -0.0095692142690356995 -0.016809256979488544 0.00039292550899512358 -0.018684252099780366 -0.0013270524432802094 -0.053308669676278432 0.027617188285288138 -0.0036972773106489732 0.0009799034688861123 0.0010299538858140212 -0.011571057247992286 0.010558197169564356 0.010382979070018264 -1.8293633215654498e-05 -0.047277742987324969 0.14457380776188028 -0.05617384789461044 0.021847176148706505 -0.0020513010021630702 -0.0038966762806679311 5.5870687800488464e-05 -0.017293323794386049 0.028827514795929893 0.031457119193540287 0.015943666174253336 -0.0040818466521829987 0.00045644698667293964 0.0053617883296383992 -0.00039627651081936748
leaf_weight=55 31 43 39 52 53 44 25 48 32 30 147 48 649 512 713 40 706 25 103 49 47 172 25 1071 67 158 25 1414 102 115
leaf_count=55 31 43 39 52 53 44 25 48 32 30 147 48 649 512 713 40 706 25 103 49 47 172 25 1071 67 158 25 1414 102 115
internal_value=0.00118657 0.000495097 0.000607922 -0.00479167 0.000834055 0.000164004 -0.00351923 -0.00236066 -0.00218398 -0.00512727 0.00138536 -0.00112245 0.00162033 0.000963118 0.000103784 -0.00476364 0.00273161 0.0021559 -0.00119101 -0.00458667 -0.00220513 -0.000754386 -0.00757576 0.00266325 -0.000484848 0.000417431 0.00124324 0.000622382 -0.00115175 -0.00325161
internal_weight=6640 4588 4493 95 4157 1877 207 182 336 109 2280 195 2085 1436 924 109 2052 1346 177 74 77 227 65 1169 98 871 73 1670 256 154
internal_count=6640 4588 4493 95 4157 1877 207 182 336 109 2280 195 2085 1436 924 109 2052 1346 177 74 77 227 65 1169 98 871 73 1670 256 154
is_linear=0
shrinkage=0.04


Tree=89
num_leaves=31
num_cat=0
split_feature=0 0 1 7 0 2 1 13 5 3 13 0 2 19 5 3 11 6 0 9 14 15 6 5 14 1 7 19 2 9
split_gain=3.9785 1.61258 1.62405 1.13657 0.805592 1.19107 0.859552 0.683937 0.611886 0.984943 1.0454 0.578548 0.860546 0.849127 1.75452 0.571511 1.04595 0.569756 0.608568 0.543505 0.672153 1.01882 0.625284 0.557634 0.835595 0.619229 0.508942 0.567442 0.539271 0.506349
threshold=9.6500000000000004 2.4500000000000006 9.6500000000000004 6.9666666666666677 7.5500000000000007 8.7500000000000018 8.0500000000000025 16.650000000000002 3.4500000000000006 7.4500000000000011 3.9500000000000006 14.15 13.850000000000003 -1.0000000180025095e-35 11.550000000000002 11.850000000000003 3.8500000000000001 10.558333333333332 8.8500000000000032 51.500000000000007 191.50000000000003 0.35000000000000003 4.1499999999999995 1.0500000000000003 160.50000000000003 0.65000000000000002 4.0187500000000007 -1.0000000180025095e-35 1.7500000000000002 80.500000000000014
decision_type=2 2 2 2 2 2 2 2 2 2 2 2 2 2 2 2 2 2 2 2 2 2 2 2 2 2 2 2 2 2
left_child=1 19 4 -4 5 7 15 -3 9 -6 -11 12 -2 14 -14 16 -7 -5 -19 -1 21 23 26 24 -21 -25 27 28 29 -22
right_child=11 2 3 17 8 6 -8 -9 -10 10 -12 -13 13 -15 -16 -17 -18 18 -20 20 22 -23 -24 25 -26 -27 -28 -29 -30 -31
leaf_value=-0.0012016694802175498 0.03405199340795536 0.002299657174389712 -0.032515337130735879 0.022274179636736221 0.041087252375475822 -0.018285946875309374 -0.010486326586871706 -0.0097053803172339938 0.025368427805158335 -0.032769479116159135 0.0079079787105852169 0.13879085545140507 -0.066107368211590883 0.027164290085134761 0.015342906129560118 0.0046594364254707171 0.00012698367758387315 0.0034588819271483 -0.036604797044576295 6.0146179064155346e-05 0.00081376635834420408 -0.0075773309480008403 -0.0025777371918259328 0.00085121529449358371 -0.0039649595695981001 -0.00042682007776995796 0.001139695125402178 0.00077942744588598814 -0.0044317179829026733 -0.0013061028050950602
leaf_weight=44 758 2748 27 35 58 27 54 32 591 25 28 706 28 85 37 70 72 35 41 45 35 28 26 46 34 593 125 125 55 27
leaf_count=44 758 2748 27 35 58 27 54 32 591 25 28 706 28 85 37 70 72 35 41 45 35 28 26 46 34 593 125 125 55 27
internal_value=0.00118055 0.000625423 0.00102289 -0.00322302 0.00118187 0.000896139 -0.00191071 0.0011219 0.00240114 -0.000321428 -0.00422222 0.00290774 0.00223542 -0.000529801 -0.00393939 -0.000494117 -0.00244 -0.00139286 -0.00332468 -0.00066554 -0.000494737 -0.00119946 0.00084264 -0.000901252 -0.00405 -0.00050625 0.00127174 0.000197531 -0.00179661 0.000761905
internal_weight=6640 5026 3843 138 3705 3003 223 2780 702 111 53 1614 908 150 65 169 99 111 76 1183 1139 746 393 718 79 639 367 242 117 62
internal_count=6640 5026 3843 138 3705 3003 223 2780 702 111 53 1614 908 150 65 169 99 111 76 1183 1139 746 393 718 79 639 367 242 117 62
is_linear=0
shrinkage=0.04


Tree=90
num_leaves=31
num_cat=0
split_feature=0 1 7 8 15 8 0 18 11 12 18 16 16 7 7 13 13 12 0 1 13 6 7 3 17 0 11 16 3 0
split_gain=3.89986 2.07106 1.84526 1.40778 1.10245 0.998281 2.15844 0.832012 0.77994 1.47724 1.10771 0.973286 0.942685 0.77665 0.975343 0.694139 0.729554 0.679638 0.643257 1.26494 1.51091 0.670064 0.806611 0.608137 0.60365 0.775909 0.732463 1.44365 0.560565 0.54409
threshold=8.5500000000000025 9.1500000000000004 7.0479166666666684 2.0500000000000003 0.25000000000000006 9.8500000000000032 7.4500000000000011 1.0000000180025095e-35 2.1500000000000008 82.500000000000014 1.0000000180025095e-35 37.500000000000007 22.500000000000004 7.2020833333333343 7.0104166666666679 10.050000000000002 11.750000000000002 53.500000000000007 3.6500000000000008 2.9500000000000006 1.8500000000000003 5.1166666666666663 3.9062500000000004 9.7500000000000018 -0.25881904510252113 12.350000000000003 19.550000000000004 452.50000000000006 1.9500000000000002 5.2500000000000009
decision_type=2 2 2 2 2 2 2 2 2 2 2 2 2 2 2 2 2 2 2 2 2 2 2 2 2 2 2 2 2 2
left_child=1 3 -3 4 -1 7 -7 13 9 -2 11 12 -11 14 15 28 -17 -4 19 -9 -21 -20 -23 -15 25 26 27 -10 -5 -24
right_child=8 2 17 5 -6 6 -8 18 24 10 -12 -13 -14 23 -16 16 -18 -19 21 20 -22 22 29 -25 -26 -27 -28 -29 -30 -31
leaf_value=-0.00029389490403108703 0.031349174570745056 -0.026305283790120489 -0.013105976049809143 0.0040380989660698504 -0.0043028537269013999 -0.0093945511553998589 0.0095586847473882169 0.0014083926135468369 0.0031126607334931956 -0.0050866188215430456 0.062808232339152129 0.012369691178092232 -0.077491304025621599 0.010605035851736553 -0.003020604752071927 -0.0047372204003396472 0.00042156345561310298 0.012877235220917839 0.016512858377813789 -0.011163236521312587 -0.00031893596932077377 -0.0057016444852247038 -0.00037056599339740302 0.00022254566696971556 0.048936834694090145 0.056597386661067769 0.018441787384967587 -0.05171182166007985 0.00010395569576751443 0.015873975618358072
leaf_weight=631 196 25 27 119 47 43 68 520 103 33 40 28 27 173 33 38 35 29 629 41 244 45 127 108 1105 308 177 29 1221 455
leaf_count=631 196 25 27 119 47 43 68 520 103 33 40 28 27 173 33 38 35 29 629 41 244 45 127 108 1105 308 177 29 1221 455
internal_value=0.00113587 0.000496244 -0.00580488 0.000609 -0.00107216 0.000901539 -0.00282143 0.00101135 0.00259111 0.000787692 -0.00254264 -0.00503371 -0.00786885 0.000363426 -1.10572e-05 0.000149929 -0.00362162 -0.00168421 0.00155383 0.000669975 -0.00146853 0.00211933 0.00119108 0.00228369 0.00292977 0.00192233 0.000503226 -0.00174436 0.000357942 0.00159177
internal_weight=6704 4658 81 4577 678 3899 111 3788 2046 324 128 88 60 1727 1446 1413 73 56 2061 805 285 1256 627 281 1722 617 309 132 1340 582
internal_count=6704 4658 81 4577 678 3899 111 3788 2046 324 128 88 60 1727 1446 1413 73 56 2061 805 285 1256 627 281 1722 617 309 132 1340 582
is_linear=0
shrinkage=0.04


Tree=91
num_leaves=31
num_cat=0
split_feature=0 1 7 0 17 17 8 3 12 18 13 1 14 4 1 7 8 18 12 11 12 18 0 13 1 14 1 12 6 3
split_gain=3.74159 2.09934 1.84526 1.45974 0.811849 1.14207 0.932432 1.1557 0.921266 1.14147 1.72812 0.85795 0.796275 0.752583 0.703683 0.775888 0.682667 0.723965 0.679638 0.676494 1.3154 0.98664 0.608149 0.730347 0.704747 0.649714 0.752209 0.715705 0.667452 0.811987
threshold=8.5500000000000025 9.1500000000000004 7.0479166666666684 2.4500000000000006 -0.25881904510252113 -0.37940952255126065 7.8500000000000005 7.2500000000000009 75.500000000000014 0.37940952255126048 6.2500000000000009 1.8500000000000003 99.500000000000014 9.7500000000000018 2.7500000000000004 6.0333333333333341 9.9500000000000011 0.60355339059327384 53.500000000000007 2.1500000000000008 82.500000000000014 1.0000000180025095e-35 1.2500000000000002 19.250000000000004 0.65000000000000002 204.50000000000003 1.9500000000000002 87.500000000000014 3.324999999999998 4.7500000000000009
decision_type=2 2 2 2 2 2 2 2 2 2 2 2 2 2 2 2 2 2 2 2 2 2 2 2 2 2 2 2 2 2
left_child=1 3 -3 14 5 16 7 12 11 10 -10 -6 -7 -11 22 -16 17 -5 -4 20 -2 -22 23 24 -1 26 27 -24 29 -28
right_child=19 2 18 4 8 6 -8 -9 9 13 -12 -13 -14 -15 15 -17 -18 -19 -20 -21 21 -23 25 -25 -26 -27 28 -29 -30 -31
leaf_value=0.00024174112298155543 0.030095207587915236 -0.025253072438515684 -0.012581737007816769 0.00018417446212656019 -0.0052867216226694744 0.0037727408962877811 -0.029443200458495973 0.015679000887922651 0.0002384097996879641 0.016886561230852592 -0.022268742090568529 0.0082468793050842811 -0.051609319125014701 -0.010162623267097584 -0.0017160513279306962 -0.0034159074016760246 -0.0080929818964885422 0.0068243180949456271 0.012362145812081123 0.033254627385016618 -0.059915734196405279 0.060295903045586026 0.00097799987745680146 -0.0042403954128934817 -0.0014924130439300063 0.00099895530397870846 -0.00081198749777467837 -0.0026357841579671311 0.00017805741874475837 -0.0043545574894422977
leaf_weight=82 196 25 27 915 28 26 25 39 632 284 38 1041 43 25 67 30 30 255 29 1722 88 40 286 26 222 195 173 32 57 26
leaf_count=82 196 25 27 915 28 26 25 39 632 284 38 1041 43 25 67 30 30 255 29 1722 88 40 286 26 222 195 173 32 57 26
internal_value=0.0011657 0.000539172 -0.00580488 0.000652687 0.00107747 0.000308846 -0.00319403 -0.00154128 0.00157735 0.000689796 -0.00023845 0.00238879 -0.00462857 0.00269677 -0.000548037 -0.00379592 0.000699417 0.000853971 -0.00168421 0.00259111 0.000910769 -0.00223256 -0.000258182 -0.00169184 -0.00112787 0.000358442 -0.00032 0.000978057 -0.00192996 -0.00302
internal_weight=6704 4658 81 4577 3381 1333 133 108 2048 979 670 1069 69 309 1196 97 1200 1170 56 2046 324 128 1099 330 304 769 574 318 256 199
internal_count=6704 4658 81 4577 3381 1333 133 108 2048 979 670 1069 69 309 1196 97 1200 1170 56 2046 324 128 1099 330 304 769 574 318 256 199
is_linear=0
shrinkage=0.04


Tree=92
num_leaves=31
num_cat=0
split_feature=0 1 0 14 2 15 0 8 10 18 4 17 17 11 18 8 16 12 8 1 0 17 1 1 4 4 13 11 10 18
split_gain=3.62272 1.7732 1.22272 1.10817 0.933816 0.956204 0.861749 1.35097 1.35715 1.43861 0.767262 0.744332 1.1473 1.54432 0.69234 0.63369 0.631845 1.09996 0.677035 1.23743 0.62189 0.74551 0.870996 0.563553 0.601449 0.802161 0.736167 0.601211 2.00092 0.561975
threshold=8.5500000000000025 9.1500000000000004 2.4500000000000006 190.50000000000003 6.4500000000000011 1.3500000000000003 6.9500000000000011 8.1500000000000004 9.3500000000000032 -0.5 7.6500000000000012 0.37940952255126054 0.25881904510252091 2.2500000000000004 0.1294095225512602 8.9500000000000011 727.50000000000011 50.500000000000007 6.9500000000000011 5.5500000000000007 12.850000000000003 -0.25881904510252113 13.050000000000002 2.7500000000000004 7.1500000000000012 6.5500000000000007 14.450000000000001 3.2500000000000004 3.4500000000000006 0.91597561503675351
decision_type=2 2 2 2 2 2 2 2 2 2 2 2 2 2 2 2 2 2 2 2 2 2 2 2 2 2 2 2 2 2
left_child=1 2 23 10 5 14 7 8 -6 -10 -3 12 20 -14 15 -4 -16 18 -18 -20 21 22 -2 24 25 -1 -26 -25 -29 -8
right_child=11 3 4 -5 6 -7 29 -9 9 -11 -12 -13 13 -15 16 -17 17 -19 19 -21 -22 -23 -24 27 26 -27 -28 28 -30 -31
leaf_value=-0.00014303969625735984 0.0076768642673077196 -0.023940367741933415 0.001239561686397418 0.005399363097574137 0.00031217196749067419 -0.0036713641047969115 0.013821736184732787 -0.0088269893635407794 -0.0025498407805940155 -0.012462574722211772 -0.0044890842296873594 0.044323942977325656 -0.075363898992317491 0.016269595249521852 0.0098819091645212312 -0.0015874840297178017 0.0039506404909493359 -0.0036069603545043839 -0.0093992175771828411 0.017544982856761489 0.07866105330251745 0.024748319773289201 -0.010937706015743329 0.00051202302467413861 0.0011286320192675078 -0.00098474167435819182 -0.00073452680903532592 8.4916953453496085e-05 -0.0073848309460485166 -0.010962009272704498
leaf_weight=857 332 27 1084 28 423 28 393 34 65 29 26 913 28 86 925 25 236 36 29 36 453 196 38 30 159 44 39 41 26 38
leaf_count=857 332 27 1084 28 423 28 393 34 65 29 26 913 28 86 925 25 236 36 29 36 453 196 38 30 159 44 39 41 26 38
internal_value=0.0011299 0.000513415 0.000617737 -0.00531707 0.00100651 0.00143167 -3.25533e-05 -0.00107971 -0.000563706 -0.00488421 -0.00866667 0.00253249 0.0018448 -0.00194783 0.00151939 0.000789189 0.00215994 0.000674556 0.0014702 -0.00212121 0.00227059 0.00138272 0.00032345 -0.000481203 -0.000221818 -0.000660754 0.00176884 -0.00338775 -0.00547059 0.00130556
internal_weight=6704 4658 4577 81 3381 2399 982 551 517 94 53 2046 1133 114 2371 1109 1262 337 301 65 1019 566 370 1196 1099 901 198 97 67 431
internal_count=6704 4658 4577 81 3381 2399 982 551 517 94 53 2046 1133 114 2371 1109 1262 337 301 65 1019 566 370 1196 1099 901 198 97 67 431
is_linear=0
shrinkage=0.04


Tree=93
num_leaves=31
num_cat=0
split_feature=0 1 0 8 1 20 7 17 17 12 4 0 0 17 17 10 16 1 1 12 8 2 14 8 6 7 8 8 2 1
split_gain=4.03072 2.66887 1.39245 1.5551 1.59275 1.72524 1.37656 0.991985 1.18989 1.53059 1.7613 0.985581 0.861707 0.982108 1.74926 0.926816 1.63663 0.838614 1.1037 0.799009 1.35055 1.21667 0.882014 0.795148 0.762102 1.15657 0.741336 0.638225 1.10052 0.605576
threshold=7.8500000000000005 8.0500000000000025 5.0500000000000007 7.2500000000000009 5.5500000000000007 -0.22252093395631442 7.2020833333333343 0.37940952255126054 0.25881904510252091 77.500000000000014 5.6500000000000012 2.3500000000000001 12.350000000000003 -0.25881904510252113 -0.37940952255126065 2.5500000000000003 452.50000000000006 5.9500000000000011 2.7500000000000004 75.500000000000014 6.6500000000000012 8.0500000000000025 160.50000000000003 8.0500000000000025 2.9666666666666632 2.2354166666666671 7.7500000000000009 4.1500000000000012 2.6500000000000008 2.4500000000000006
decision_type=2 2 2 2 2 2 2 2 2 2 2 2 2 2 2 2 2 2 2 2 2 2 2 2 2 2 2 2 2 2
left_child=1 2 3 4 11 -6 26 8 12 -10 -11 29 13 14 15 -2 -17 18 -4 -19 22 -22 -21 -8 -13 -26 -3 28 -27 -1
right_child=7 6 17 -5 5 -7 23 -9 9 10 -12 24 -14 -15 -16 16 -18 19 -20 20 21 -23 -24 -25 25 27 -28 -29 -30 -31
leaf_value=-8.9565154649214333e-05 0.018474411534677132 -0.0056717463657078131 -0.0091228121854576519 -0.0088241628880985998 0.0018016657687355254 -0.0053047438399761154 0.0042653410291161251 0.037592981221152726 0.037037291351754299 -0.071838177196216768 0.015962943644819153 0.0049553990814365642 0.072422522404211695 0.022209783087469352 -0.063066658545823356 0.00082458803078850967 -0.030636097370999999 0.0082007804699156042 0.020100785611151219 0.0012741877736323413 0.010968778404004915 -0.010655695708182773 -0.029063237101985405 -0.0099633910203702335 -0.0048806780086312713 -0.004427037319366051 -0.024820626199329312 0.00319987657119999 -1.6697892292711191e-05 -0.0020072281779310837
leaf_weight=965 179 26 26 26 40 47 41 1053 67 29 31 546 500 229 25 211 33 463 506 33 187 42 37 35 32 25 27 587 507 149
leaf_count=965 179 26 26 26 40 47 41 1053 67 29 31 546 500 229 25 211 33 463 506 33 187 42 37 35 32 25 27 587 507 149
internal_value=0.00110604 0.000383625 0.000557478 7.38463e-05 0.000162815 -0.00513636 -0.00526154 0.00243766 0.00169808 -0.00196875 -0.00655738 0.000328592 0.00209508 0.00116224 7.12696e-05 0.000688679 -0.000914286 0.00164942 0.00286679 0.000796855 -0.000813333 0.000678261 -0.0056338 -0.00176623 0.000935218 0.000350695 -0.0101481 0.000567857 -0.000435272 -0.000595516
internal_weight=6704 4347 4218 2924 2898 87 129 2357 1304 127 60 2811 1177 677 448 423 244 1294 532 762 299 229 70 76 1697 1151 53 1119 532 1114
internal_count=6704 4347 4218 2924 2898 87 129 2357 1304 127 60 2811 1177 677 448 423 244 1294 532 762 299 229 70 76 1697 1151 53 1119 532 1114
is_linear=0
shrinkage=0.04


Tree=94
num_leaves=31
num_cat=0
split_feature=0 1 17 0 17 12 17 17 0 11 2 18 16 10 16 18 17 16 14 11 2 0 6 15 1 9 11 12 12 7
split_gain=3.59618 2.10998 1.05831 1.13946 1.17181 1.37565 1.02563 1.0418 0.984573 0.949296 1.56519 0.865775 0.789872 0.816215 1.09698 0.64773 0.889578 0.863979 0.862544 0.697655 0.632459 0.76904 1.51311 0.79572 0.564635 0.685235 0.822279 0.559641 0.547661 1.27917
threshold=7.8500000000000005 8.9500000000000011 0.37940952255126054 13.550000000000002 0.25881904510252091 77.500000000000014 -0.25881904510252113 -0.37940952255126065 1.8500000000000003 23.050000000000004 16.450000000000003 1.0000000180025095e-35 107.50000000000001 7.4500000000000011 247.50000000000003 0.91597561503675351 -1.0000000180025095e-35 377.50000000000006 182.50000000000003 28.650000000000002 9.8500000000000032 4.8500000000000005 6.5166666666666657 1.0000000180025095e-35 7.3500000000000005 75.500000000000014 1.2500000000000002 27.500000000000004 89.500000000000014 7.3854166666666679
decision_type=2 2 2 2 2 2 2 2 2 2 2 2 2 2 2 2 2 2 2 2 2 2 2 2 2 2 2 2 2 2
left_child=1 8 3 4 6 -6 7 9 -1 10 -2 24 -13 15 -15 20 17 -17 -18 -19 21 22 23 -14 -10 26 -26 -20 -4 -30
right_child=2 -3 28 -5 5 -7 -8 -9 11 -11 -12 12 13 14 -16 16 18 19 27 -21 -22 -23 -24 -25 25 -27 -28 -29 29 -31
leaf_value=-0.00050939960813662613 0.00064720678122748136 -0.010437898408266883 0.038361182607160003 0.090031977494538257 0.027190610452679891 -0.053606295280084586 0.023351850773887677 -0.054289920253437603 0.00019921425959239301 0.020357943624505867 -0.014374587379974463 0.0079280098571854439 0.001565646771757744 0.00022848155091465382 -0.0081171078205667362 -0.035229530387487475 0.012095215204733936 0.0041704985500813961 0.002375648255289377 -0.014869316335179421 -0.0036466655953777539 0.014959905035545956 -0.0026625997126094821 -0.0024473036276103548 -0.019812885881148837 -0.0047360183990268392 0.00094000027273169722 -0.002933637223697428 -0.015387547213343776 0.048271023175050727
leaf_weight=701 307 46 948 439 43 39 268 28 1459 155 25 775 434 44 25 26 106 73 39 30 37 246 25 66 42 31 90 52 39 66
leaf_count=701 307 46 948 439 43 39 268 28 1459 155 25 775 434 44 25 26 106 73 39 30 37 246 25 66 42 31 90 52 39 66
internal_value=0.00111201 0.000429623 0.00236981 0.00160613 0.000762125 -0.00375904 0.0012398 0.000193799 0.000521618 0.000631148 -0.000576576 0.00078867 0.00135018 0.000707641 -0.00348571 0.000965639 -0.000538226 -0.00310769 0.00115152 -0.00142308 0.00157231 0.00181865 0.00095057 0.00143713 0.000103512 -0.00212195 -0.000842105 -0.00169565 0.00331309 0.000566038
internal_weight=6704 4347 2357 1304 865 82 783 515 4301 487 332 3600 1978 1203 69 1134 326 129 197 103 808 771 525 500 1622 163 132 91 1053 105
internal_count=6704 4347 2357 1304 865 82 783 515 4301 487 332 3600 1978 1203 69 1134 326 129 197 103 808 771 525 500 1622 163 132 91 1053 105
is_linear=0
shrinkage=0.04


Tree=95
num_leaves=31
num_cat=0
split_feature=0 8 4 0 1 17 8 1 0 17 12 17 17 11 9 0 12 8 13 15 6 2 3 5 0 12 13 2 4 12
split_gain=4.6056 1.83643 2.37115 1.24338 1.21429 1.16918 1.04857 1.03997 0.953433 0.820317 1.19621 0.800183 0.773536 0.712066 0.81299 1.00495 0.68093 1.13253 0.642414 0.657969 1.05246 0.633514 0.592672 0.54283 0.877955 0.66136 1.5314 0.837571 0.626241 0.510533
threshold=7.8500000000000005 9.8500000000000032 8.7500000000000018 4.1500000000000012 7.1500000000000012 0.37940952255126054 5.7500000000000009 2.8500000000000001 16.650000000000002 0.25881904510252091 82.500000000000014 -0.25881904510252113 -0.37940952255126065 2.7500000000000004 65.500000000000014 7.1500000000000012 65.500000000000014 8.4500000000000011 19.250000000000004 0.55000000000000016 3.574999999999998 4.6500000000000012 7.2500000000000009 2.6500000000000008 4.9500000000000011 75.500000000000014 5.1500000000000012 6.1500000000000012 6.2500000000000009 14.500000000000002
decision_type=2 2 2 2 2 2 2 2 2 2 2 2 2 2 2 2 2 2 2 2 2 2 2 2 2 2 2 2 2 2
left_child=1 3 -3 6 7 8 18 -5 9 11 -11 12 -2 14 15 -6 17 22 19 29 -21 -9 -15 24 -23 -25 -27 -28 -26 -1
right_child=5 2 -4 4 13 -7 -8 21 -10 10 -12 -13 -14 16 -16 -17 -18 -19 -20 20 -22 23 -24 25 28 26 27 -29 -30 -31
leaf_value=-0.0021590412771743178 0.0043223169606866757 -0.0076724120334771672 0.00035766554717425633 -0.014541460496626767 -0.026983205637301288 0.038334266708922475 -0.015335038815976816 0.016508857758685314 0.20243068313596765 0.011226648389991975 -0.088783082904081226 0.029140103991201396 -0.067678650787892633 -0.015871760761599737 0.0015504225778186628 -0.019985806029832933 0.0074512933437632456 -0.008615425382336301 -0.0039535313357961597 -0.00014764097612769071 -0.0092441895977580582 -0.0050865482589125752 0.001920959971353506 0.010138121136373355 0.0081276689909897445 0.005140607893578274 0.0006610737030245911 -0.019597958197856979 -0.0036135357558510261 8.1582624911269195e-05
leaf_weight=31 582 26 34 28 30 1069 26 538 240 68 26 328 35 34 39 35 101 28 39 57 29 39 84 475 51 265 25 26 42 2250
leaf_count=31 582 26 34 28 30 1069 26 538 240 68 26 328 35 34 39 35 101 28 39 57 29 39 84 475 51 265 25 26 42 2250
internal_value=0.00110762 0.00033418 -0.00655738 0.000432483 0.00121673 0.00253384 -0.000161118 0.00171544 0.00171563 0.00118846 -0.00235789 0.00154334 0.000692557 -0.000897727 -0.00365714 -0.00636364 0.000274194 -0.00146939 -7.31199e-05 1.18245e-05 -0.0034023 0.0018632 0.000268908 0.00122511 -0.00114286 0.00162121 0.000201893 -0.00607692 0.000978724 0.000141981
internal_weight=6680 4332 60 4272 1840 2348 2432 1489 1279 1039 94 945 617 351 104 65 247 146 2406 2367 86 1461 118 923 132 791 316 51 93 2281
internal_count=6680 4332 60 4272 1840 2348 2432 1489 1279 1039 94 945 617 351 104 65 247 146 2406 2367 86 1461 118 923 132 791 316 51 93 2281
is_linear=0
shrinkage=0.04


Tree=96
num_leaves=31
num_cat=0
split_feature=0 17 8 4 8 1 1 6 0 17 14 0 9 2 7 10 17 17 0 1 2 4 1 13 2 6 10 12 18 18
split_gain=4.61163 1.21044 1.19601 1.73661 1.15965 1.309 1.00829 1.5414 0.914793 0.951528 1.39416 0.901953 0.857523 0.811578 1.02372 1.59241 0.788801 0.783055 0.719556 0.876466 0.720163 0.714541 0.641721 0.627337 0.615953 0.605776 0.862627 0.529423 0.861376 0.673584
threshold=7.8500000000000005 0.37940952255126054 9.8500000000000032 8.6500000000000004 5.2500000000000009 9.0500000000000025 5.0500000000000007 5.5333333333333341 16.950000000000003 0.25881904510252091 164.50000000000003 3.8500000000000001 56.500000000000007 5.1500000000000012 3.9062500000000004 8.7500000000000018 -0.25881904510252113 -0.37940952255126065 1.2500000000000002 1.0500000000000003 1.3500000000000003 10.550000000000002 3.7500000000000004 15.15 3.0500000000000003 2.1499999999999972 3.5500000000000003 51.500000000000007 -0.70710678118654757 0.91597561503675351
decision_type=2 2 2 2 2 2 2 2 2 2 2 2 2 2 2 2 2 2 2 2 2 2 2 2 2 2 2 2 2 2
left_child=2 8 4 -4 6 11 12 -8 9 16 -11 -6 -1 22 15 -15 17 -2 19 23 -20 -9 -13 -14 25 26 -21 28 -22 -30
right_child=1 -3 3 -5 5 -7 7 21 -10 10 -12 13 18 14 -16 -17 -18 -19 20 24 27 -23 -24 -25 -26 -27 -28 -29 29 -31
leaf_value=0.0025251424093429694 0.0044207071357330258 0.036800896040565585 -0.007417053042639731 8.3961918490806352e-05 -0.0071091657850439575 -0.017439909526831516 -0.021839557460195981 0.00027769573899574416 0.20878634963440462 -0.064055392155428131 0.01127055429938292 -0.0090039957566535826 0.00033189229164746933 0.012440015441326419 0.0030093134869302635 -0.0075691935197153568 0.028172186346896781 -0.064971504756376947 0.0023570679532623515 -0.002533239354487969 -0.0090745340733715003 -0.015585027750649951 0.013718964156819818 -0.0034371681423436187 -0.0027914074475095204 0.0013969303431567231 -0.0066520524278292619 -0.00029510036205212316 0.00068061589176851599 -0.0012451755005395977
leaf_weight=321 589 1069 25 35 29 28 31 84 227 28 69 50 131 33 887 39 331 35 169 51 28 25 521 43 25 25 31 1231 369 121
leaf_count=321 589 1069 25 35 29 28 31 84 227 28 69 50 131 33 887 39 331 35 169 51 28 25 521 43 25 25 31 1231 369 121
internal_value=0.00108966 0.00251682 0.000315717 -0.0052459 0.000395039 0.00125189 -0.00011169 -0.00340426 0.00168438 0.00118519 -0.00257143 0.00140769 7.06993e-05 0.00154148 0.000829167 -0.00372603 0.00156904 0.0007296 -0.000208539 -0.00200651 7.92081e-05 -0.00112727 0.00273427 -0.000137143 -0.00445113 -0.00307407 -0.00472289 -0.000162286 0.000909441 0.00130346
internal_weight=6680 2348 4332 60 4272 1587 2685 140 1279 1052 97 1559 2545 1530 959 72 955 624 2224 306 1918 109 571 174 132 107 82 1749 518 490
internal_count=6680 2348 4332 60 4272 1587 2685 140 1279 1052 97 1559 2545 1530 959 72 955 624 2224 306 1918 109 571 174 132 107 82 1749 518 490
is_linear=0
shrinkage=0.04


Tree=97
num_leaves=31
num_cat=0
split_feature=0 13 17 8 17 12 16 17 14 0 17 10 11 14 20 3 0 17 7 6 2 4 14 11 6 14 9 14 11 12
split_gain=4.47002 1.19421 1.12695 1.08617 1.01639 1.37248 1.38801 1.1882 0.95426 0.857118 0.742598 0.84981 0.867162 1.0185 1.35651 0.911134 0.816139 0.738892 0.726829 0.943321 0.830599 0.707058 0.871343 0.677917 0.906887 0.672213 0.667871 0.708929 0.96702 1.63035
threshold=7.8500000000000005 10.15 -0.25881904510252113 9.9500000000000011 -0.25881904510252113 76.500000000000014 292.50000000000006 -0.37940952255126065 328.50000000000006 16.650000000000002 -0.60355339059327362 3.4500000000000006 0.25000000000000006 121.50000000000001 -0.56174490092936669 5.9500000000000011 1.7500000000000002 -0.37940952255126065 2.2354166666666671 2.7083333333333308 7.9500000000000011 2.6500000000000008 187.50000000000003 3.5500000000000003 8.3250000000000011 164.50000000000003 59.500000000000007 168.50000000000003 7.1500000000000012 55.500000000000007
decision_type=2 2 2 2 2 2 2 2 2 2 2 2 2 2 2 2 2 2 2 2 2 2 2 2 2 2 2 2 2 2
left_child=1 3 9 4 7 -6 18 10 -9 17 11 -1 -13 16 15 -15 -14 -2 19 -7 -20 -16 25 24 -22 -23 -3 -28 -29 -30
right_child=2 26 -4 -5 5 6 -8 8 -10 -11 -12 12 13 14 21 -17 -18 -19 20 -21 23 22 -24 -25 -26 -27 27 28 29 -31
leaf_value=0.00035012472465712868 0.0039725959968299144 0.0045106022605766955 0.032412612414140271 -0.0042393437263348564 0.004572359325018832 0.0011945050937888419 -0.0056322241736671422 -0.011089245161859225 -0.044945389975708662 0.17958202404575127 0.0033104300338950114 0.0019144507908322537 -0.0008760713066453702 -0.0023427022885749993 -0.0053487653829722747 -0.017306310428218643 0.00040041643530942523 -0.06237264456612187 0.0013400904454958186 -0.0053322041271878064 -0.024560293611308921 -0.00038304371606005984 0.0029410185453791157 0.0029438641694510661 -0.0023900313378965631 -0.0091369748467347717 0.00037563876783885931 0.0010445458729081058 -0.0021277144084687139 -0.015864974187880739
leaf_weight=410 582 37 1586 46 943 62 34 129 28 145 319 164 26 50 32 36 239 35 852 32 27 64 80 27 34 44 159 106 297 55
leaf_count=410 582 37 1586 46 943 62 34 129 28 145 319 164 26 50 32 36 239 35 852 32 27 64 80 27 34 44 159 106 297 55
internal_value=0.00107768 0.000315717 0.00248276 0.000595814 0.000673823 0.00127435 0.000291862 -7.15165e-05 -0.00336709 0.00121625 0.000283959 -0.000191972 -0.00100543 -0.00174126 -0.00330945 -0.00754023 7.51881e-05 0.000563107 0.000556522 -0.00277895 0.000892668 -0.00162896 -0.000677249 -0.00278652 -0.00509677 -0.00300917 -0.00125802 -0.00157282 -0.00237037 -0.00337677
internal_weight=6680 4332 2348 3678 3632 2011 1068 1621 157 762 1464 1145 735 571 306 86 265 617 1034 94 940 220 188 88 61 108 654 617 458 352
internal_count=6680 4332 2348 3678 3632 2011 1068 1621 157 762 1464 1145 735 571 306 86 265 617 1034 94 940 220 188 88 61 108 654 617 458 352
is_linear=0
shrinkage=0.04


Tree=98
num_leaves=31
num_cat=0
split_feature=0 17 1 0 8 0 1 5 1 1 0 8 0 1 14 17 1 4 13 13 13 11 2 7 6 7 0 1 13 6
split_gain=3.89785 1.23609 1.02201 1.09453 1.13106 1.00161 2.14076 0.966191 0.883846 1.03973 0.936053 0.852265 0.663681 0.74157 0.643037 0.633016 0.591237 0.73739 0.644421 0.665866 0.723863 0.556699 0.552875 0.584058 1.30468 0.549054 0.515503 0.610411 0.570247 0.66552
threshold=7.8500000000000005 0.37940952255126054 9.0500000000000025 4.8500000000000005 11.050000000000002 13.050000000000002 13.050000000000002 8.9500000000000011 3.7500000000000004 5.9500000000000011 5.8500000000000005 6.7500000000000009 1.2500000000000002 5.5500000000000007 156.50000000000003 0.25881904510252091 1.5500000000000003 7.7500000000000009 14.750000000000002 4.0500000000000007 2.4500000000000006 2.3500000000000001 1.3500000000000003 2.0187500000000007 2.7083333333333308 3.510416666666667 11.050000000000002 9.6500000000000004 3.5500000000000003 11.324999999999999
decision_type=2 2 2 2 2 2 2 2 2 2 2 2 2 2 2 2 2 2 2 2 2 2 2 2 2 2 2 2 2 2
left_child=2 5 3 11 8 6 26 -8 -5 -10 15 12 16 22 -15 -11 17 18 19 20 -1 -7 -14 24 -24 -12 27 -2 -29 -30
right_child=1 -3 -4 4 -6 21 7 -9 9 10 25 -13 13 14 -16 -17 -18 -19 -20 -21 -22 -23 23 -25 -26 -27 -28 28 29 -31
leaf_value=3.8951429650401635e-05 0.010523112155485086 0.034032355702377337 -0.01426959267129352 -0.013729698376750716 -0.0069507971718807526 -0.040307661282116485 -0.00023082157543020357 -0.02470253942608959 0.014879376941263267 -0.00091310675230459873 -0.004522091296675231 -0.0029432620412224724 0.0020702299298282962 -0.0047930325947453554 -0.0020887375697362857 -0.017410529283679449 -0.0025343968361366664 0.00067791159115840522 -0.0036272941438646078 0.00036124528067958054 -0.0017227953733402715 0.072315719469106268 5.7097879662014175e-05 0.0001972154538011981 -0.0031491450900844285 0.005413714133432254 0.041910912362201527 0.0033713256879073666 -0.025126355327875178 0.0019450054318102101
leaf_weight=49 345 1069 34 37 25 34 32 35 579 84 46 35 189 34 46 31 44 42 48 107 38 436 108 2060 33 663 150 101 70 76
leaf_count=49 345 1069 34 37 25 34 32 35 579 84 46 35 189 34 46 31 44 42 48 107 38 436 108 2060 33 663 150 101 70 76
internal_value=0.00111959 0.00243167 0.000408032 0.000463364 0.00135061 0.00159063 0.000735803 -0.00605882 0.00149896 0.00166097 0.000746667 4.23445e-06 8.28869e-05 0.000307568 -0.00345679 -0.00258621 -0.00160486 -0.000926316 -0.00177778 -0.000738461 -0.00331818 0.00305732 0.000434965 0.000256131 -0.00222535 0.00129014 0.00135666 0.000822934 -0.000693548 -0.00228571
internal_weight=6680 2348 4332 4298 1465 1279 809 67 1440 1403 824 2833 2798 2470 80 115 328 284 242 194 87 470 2390 2201 141 709 742 592 247 146
internal_count=6680 2348 4332 4298 1465 1279 809 67 1440 1403 824 2833 2798 2470 80 115 328 284 242 194 87 470 2390 2201 141 709 742 592 247 146
is_linear=0
shrinkage=0.04


Tree=99
num_leaves=31
num_cat=0
split_feature=0 1 0 17 0 1 4 19 1 1 0 10 18 12 14 17 1 14 0 10 1 7 16 2 17 5 14 13 19 14
split_gain=3.96373 1.26764 1.31251 1.19439 1.03764 1.93362 0.883402 0.813885 0.776208 1.04653 0.977091 0.671484 0.797897 0.679939 0.631358 1.08532 0.675499 1.34181 0.608222 0.596211 0.602646 1.34757 0.647829 1.16159 0.640595 0.596525 0.585052 0.582828 0.569209 0.848983
threshold=7.8500000000000005 8.1500000000000004 4.8500000000000005 0.37940952255126054 12.950000000000001 13.050000000000002 5.8500000000000005 -1.0000000180025095e-35 3.7500000000000004 5.9500000000000011 5.8500000000000005 7.0500000000000007 0.60355339059327384 87.500000000000014 345.50000000000006 -0.60355339059327362 5.4500000000000011 155.50000000000003 1.2500000000000002 5.1500000000000012 3.8500000000000001 3.6270833333333341 287.50000000000006 2.8500000000000001 -0.78656609248549292 6.7500000000000009 175.50000000000003 4.3500000000000005 0.6078576107927941 173.50000000000003
decision_type=2 2 2 2 2 2 2 2 2 2 2 2 2 2 2 2 2 2 2 2 2 2 2 2 2 2 2 2 2 2
left_child=1 2 11 4 5 28 -3 -7 -4 -10 -11 14 13 -13 16 -16 18 -18 -1 -20 22 -22 24 -24 -21 -23 -26 -8 -2 -30
right_child=3 6 8 -5 -6 7 27 -9 9 10 -12 12 -14 -15 15 -17 17 -19 19 20 21 25 23 -25 26 -27 -28 -29 29 -31
leaf_value=-0.00089803431163625383 0.01034119661396086 -0.012358233024883217 -0.01204047486628464 0.032671061474282233 0.063207651889797406 -0.026729543774798747 0.0016797654508577482 -0.015510448735321446 0.014242986566872329 -0.0048020436362201059 0.0036529147276527282 0.00085626515771614769 0.014047597188125647 -0.0026299153441721734 0.00024734171215641917 -0.022679610606279293 -0.0079470351013198222 0.00054418866594125237 0.00026422417346130584 -0.0007320916541043135 -0.0056707113065437324 -0.0049651107159044122 0.00040444892144965655 -0.0024300205474411325 -3.319721669922819e-05 0.010215817147708472 0.0053701880641940751 -0.0071366783651907444 -0.021923968827568335 0.015067584655369797
leaf_weight=300 534 37 40 1069 483 25 33 33 583 113 655 486 146 104 45 37 26 30 1150 96 25 47 40 33 138 26 99 43 101 103
leaf_count=300 534 37 40 1069 483 25 33 33 583 113 655 486 146 104 45 37 26 30 1150 96 25 47 40 33 138 26 99 43 101 103
internal_value=0.00112558 0.000408032 0.000520379 0.0024487 0.00162188 0.000732748 -0.00375439 -0.00623729 0.00152586 0.00168935 0.000717815 2.54508e-05 0.00106377 0.000406092 -0.000340181 -0.00375904 -0.000198906 -0.00449123 -7.36571e-05 0.00022719 -0.000918812 -0.00371717 -0.000235872 -0.00362162 0.00051497 -0.000918919 0.00163025 -0.00124675 0.00128823 -0.000507317
internal_weight=6680 4332 4219 2348 1279 796 113 58 1391 1351 768 2828 736 590 2092 82 2010 56 1954 1654 504 98 406 73 333 73 237 76 738 204
internal_count=6680 4332 4219 2348 1279 796 113 58 1391 1351 768 2828 736 590 2092 82 2010 56 1954 1654 504 98 406 73 333 73 237 76 738 204
is_linear=0
shrinkage=0.04


Tree=100
num_leaves=31
num_cat=0
split_feature=0 1 0 1 3 17 18 10 8 0 0 1 17 11 1 6 17 17 12 9 12 17 0 7 7 10 10 10 0 10
split_gain=3.00315 2.23561 1.24441 1.18246 1.81017 0.893307 0.891352 0.692937 0.81546 1.79935 0.750646 1.7643 0.65624 1.55861 1.01623 1.09922 1.00651 1.04416 0.924075 0.920868 0.837893 0.856555 0.764347 0.759925 1.79525 1.47425 1.0592 0.899882 0.868401 0.740954
threshold=10.65 11.350000000000003 2.8500000000000001 2.8500000000000001 2.8500000000000001 0.25881904510252091 1.0000000180025095e-35 1.7500000000000002 6.9500000000000011 6.0500000000000007 3.1500000000000008 3.0500000000000003 -0.5 4.8500000000000005 3.6500000000000008 3.7499999999999969 0.25881904510252091 0.37940952255126054 79.500000000000014 75.500000000000014 85.500000000000014 0.78656609248549325 7.6500000000000012 5.0729166666666679 6.1479166666666671 5.8500000000000005 7.9500000000000011 10.250000000000002 5.4500000000000011 10.350000000000003
decision_type=2 2 2 2 2 2 2 2 2 2 2 2 2 2 2 2 2 2 2 2 2 2 2 2 2 2 2 2 2 2
left_child=1 2 3 -1 -5 -6 12 8 -8 -10 11 -9 14 16 -4 -16 -14 18 -18 -15 22 -22 29 -17 25 28 -26 -28 -25 -19
right_child=-2 -3 6 4 5 -7 7 10 9 -11 -12 -13 13 19 15 23 17 20 -20 -21 21 -23 -24 24 26 -27 27 -29 -30 -31
leaf_value=9.6881446492707793e-05 0.045050321983856889 -0.028827948053008919 0.007062866164729723 -0.0059505288010743554 3.5333642204486023e-05 -0.0083453638003126249 0.0032444867776166139 0.012047449787525685 -0.01155885587163325 0.001834821973319441 0.0098770970038709136 -0.0022042975699930628 0.0092121500107843219 0.009110936069772365 -0.0046797443133593606 0.0025089531544513349 0.0041358997511981776 0.0011716846444039656 -0.031184158346554535 -0.0076394698846122492 0.0069121946167566908 -0.027714462894599327 0.013077990107514814 -0.006790731160902598 0.0032731853884675477 -0.00096762443087619935 -0.017632611335715007 0.00096311068650797621 -0.034647231905454053 -0.025294214564944528
leaf_weight=1289 1354 57 112 41 140 32 283 61 40 210 1308 42 226 551 27 107 30 90 49 37 61 55 84 25 196 57 34 27 25 50
leaf_count=1289 1354 57 112 41 140 32 283 61 40 210 1308 42 226 551 27 107 30 90 49 37 61 55 84 25 196 57 34 27 25 50
internal_value=0.00113416 0.000707687 0.000793195 -0.000180971 -0.00293458 -0.00110983 0.00117951 0.00177686 0.000546817 -0.00111554 0.00224079 -0.00103846 0.000548807 0.00107942 -0.000523731 -0.0012986 -0.000278638 -0.0014381 -0.00555 0.00256706 -0.000469208 -0.00321367 0.00096 -0.000838983 -0.00170959 -0.00603704 0.000108527 -0.00445161 -0.0109804 -0.000851064
internal_weight=6700 5346 5289 1502 213 172 3787 1944 533 250 1411 103 1843 1233 610 498 645 419 79 588 340 116 224 471 364 107 257 61 50 140
internal_count=6700 5346 5289 1502 213 172 3787 1944 533 250 1411 103 1843 1233 610 498 645 419 79 588 340 116 224 471 364 107 257 61 50 140
is_linear=0
shrinkage=0.04


Tree=101
num_leaves=31
num_cat=0
split_feature=0 1 17 12 17 11 0 8 11 14 20 17 11 18 17 4 9 3 5 10 20 16 3 14 16 9 18 2 5 8
split_gain=2.62328 1.82396 1.4817 1.96412 1.55142 1.19522 1.00574 1.29886 0.990187 0.927609 1.06799 0.863686 0.80949 0.698667 0.638584 1.15542 1.3075 0.672187 0.618243 0.668773 0.812805 1.2105 1.3646 1.75272 1.0429 0.812592 0.785835 0.677036 0.604556 1.03914
threshold=13.550000000000002 13.750000000000002 0.37940952255126054 85.500000000000014 0.25881904510252091 -1.6499999999999997 7.5500000000000007 8.9500000000000011 -3.3499999999999992 170.50000000000003 1.0000000180025095e-35 1.0000000180025095e-35 13.050000000000002 -0.5 0.91597561503675362 2.7500000000000004 70.500000000000014 4.4500000000000011 18.950000000000003 6.2500000000000009 1.0000000180025095e-35 377.50000000000006 4.9500000000000011 69.500000000000014 197.50000000000003 64.500000000000014 0.91597561503675351 6.1500000000000012 6.5500000000000007 4.0500000000000007
decision_type=2 2 2 2 2 2 2 2 2 2 2 2 2 2 2 2 2 2 2 2 2 2 2 2 2 2 2 2 2 2
left_child=1 2 4 6 8 -6 7 12 -1 10 -7 18 14 -3 -4 16 -16 -17 19 20 -10 22 24 -24 25 -22 -23 -25 -5 -30
right_child=-2 13 3 28 5 9 -8 -9 11 -11 -12 -13 -14 -15 15 17 -18 -19 -20 -21 21 26 23 27 -26 -27 -28 -29 29 -31
leaf_value=0.0081736755584779757 0.097522263664271996 -0.060280321405334354 0.0015100057250927133 0.00076783821198564666 -0.013621250072247675 -0.024296169142471281 0.024539962301062177 -0.0018482524410979931 0.00021801371599731927 0.001506760403686922 0.0033784848591074937 0.0038096617999425074 0.0081906176684012309 -0.005880331401069131 0.00015085175391555845 0.0047824134942305004 -0.0030280477740327366 -0.0016658982019849072 -0.0081232663129589509 0.0016774869804008874 -0.0051115077911541452 0.00042922816111865952 -0.0098090846394147807 -0.015246844914508093 0.00089013502305647298 -0.00061733250683221688 -0.014680842542439143 -3.8250460772910693e-05 -0.0085986259721060471 -0.006648685012709191
leaf_weight=198 810 35 492 209 35 42 603 30 1217 127 27 459 353 36 57 93 37 34 48 721 26 401 29 38 81 93 127 47 39 156
leaf_count=198 810 35 492 209 35 42 603 30 1217 127 27 459 353 36 57 93 37 34 48 721 26 401 29 38 81 93 127 47 39 156
internal_value=0.00112222 0.000828382 0.000906529 0.00175475 0.00042615 -0.00274138 0.00235059 0.00162625 0.000636833 -0.00150254 -0.0052 0.000470803 0.00185942 -0.0055 0.00108123 -0.000702703 -0.00404211 0.00178125 0.000209261 0.000287666 -7.96115e-05 -0.0010344 -0.00299683 -0.00646956 -0.000995025 -0.00336667 0.000136106 -0.00348837 -0.000750617 -0.00234694
internal_weight=6700 5890 5819 2103 3716 231 1699 1096 3485 196 69 3287 1066 71 713 221 94 127 2828 2780 2059 842 314 114 200 119 528 85 404 195
internal_count=6700 5890 5819 2103 3716 231 1699 1096 3485 196 69 3287 1066 71 713 221 94 127 2828 2780 2059 842 314 114 200 119 528 85 404 195
is_linear=0
shrinkage=0.04


Tree=102
num_leaves=31
num_cat=0
split_feature=0 1 0 17 12 13 1 0 2 4 5 1 1 10 14 9 17 9 0 1 16 17 17 3 16 3 8 0 2 14
split_gain=2.66888 2.00299 1.36378 0.912499 1.19516 0.898405 0.848711 1.48627 0.951968 0.770047 0.797017 0.760901 0.658575 0.597059 0.576598 1.22774 0.572267 0.577447 0.569583 1.0799 0.567962 0.763518 0.678045 0.598971 0.541868 0.559372 0.536948 1.74724 1.04206 0.754216
threshold=10.950000000000001 11.65 3.6500000000000008 0.37940952255126054 85.500000000000014 3.6500000000000008 3.0500000000000003 2.5500000000000003 2.2500000000000004 1.9500000000000002 16.150000000000002 7.3500000000000005 2.8500000000000001 7.7500000000000009 159.50000000000003 59.500000000000007 0.78656609248549325 69.500000000000014 16.950000000000003 17.550000000000004 62.500000000000007 0.25881904510252091 -0.9159756150367534 5.7500000000000009 22.500000000000004 4.4500000000000011 7.1500000000000012 5.9500000000000011 5.3500000000000005 63.500000000000007
decision_type=2 2 2 2 2 2 2 2 2 2 2 2 2 2 2 2 2 2 2 2 2 2 2 2 2 2 2 2 2 2
left_child=1 2 6 9 -5 -3 7 12 -8 11 20 14 -1 -10 -4 -16 -6 24 19 -2 22 26 23 -11 -18 -26 -22 28 -28 -29
right_child=18 5 3 4 16 -7 8 -9 13 10 -12 -13 -14 -15 15 -17 17 -19 -20 -21 21 -23 -24 -25 25 -27 27 29 -30 -31
leaf_value=-3.483671612585208e-06 0.037061754491711965 -0.0041513535306235668 0.023218685592465756 0.0099980517372050704 0.010393469564389954 -0.048755174325796943 -0.0050133155293352128 0.0068678622821144878 -0.0013368603267907124 0.0081038488332096856 -0.020083379265642992 -0.050431481571721344 -0.0018815261065304554 0.00029464023103176792 0.016909024739343886 -0.0097275790954537388 0.0012226421513313714 0.016932343848512998 0.20756690220205787 -0.03347066945501067 0.0031178191604106691 -0.022447942358842413 0.015125324250175974 -0.021226681453870626 -0.015000191568997418 -0.018813426897846625 -0.00056097467939927046 -0.0043365310695047789 -0.022650641783241592 0.0037227630343020742
leaf_weight=1156 829 28 29 1138 120 27 38 400 376 25 57 25 38 107 30 27 41 31 416 30 551 28 481 27 37 28 29 116 26 409
leaf_count=1156 829 28 29 1138 120 27 38 400 376 25 57 25 38 107 30 27 41 31 416 30 551 28 481 27 37 28 29 116 26 409
internal_value=0.00112819 0.000740877 0.000819214 0.00133292 0.00210602 -0.00678571 2.83555e-05 0.000486521 -0.00137165 0.000752284 0.000957714 -0.00246429 -0.00022092 -0.000884297 -0.000643678 -0.00296552 -0.000356589 -0.00211594 0.00277429 0.0021814 0.00111518 0.000617242 0.00219476 -0.00211321 -0.00351402 -0.00575758 0.000780919 -6.88467e-05 -0.00678571 0.000646388
internal_weight=6700 5425 5370 3255 1395 55 2115 1594 521 1860 1749 111 1194 483 86 57 257 137 1275 859 1692 1159 533 52 106 65 1131 580 55 525
internal_count=6700 5425 5370 3255 1395 55 2115 1594 521 1860 1749 111 1194 483 86 57 257 137 1275 859 1692 1159 533 52 106 65 1131 580 55 525
is_linear=0
shrinkage=0.04


Tree=103
num_leaves=31
num_cat=0
split_feature=0 8 14 17 4 8 12 4 0 15 18 1 11 17 16 11 4 4 1 0 0 17 16 1 6 7 9 8 9 17
split_gain=2.66413 3.34986 1.208 1.09753 1.29542 1.034 1.02101 1.46416 1.01191 1.11721 0.872121 0.847842 0.95574 1.57615 0.704133 0.639678 0.789796 0.736565 0.571262 1.24879 0.55484 0.533315 0.686918 0.532217 0.90861 0.589057 0.963574 0.635055 0.742959 0.56242
threshold=7.4500000000000011 9.1500000000000004 161.50000000000003 0.37940952255126054 1.9500000000000002 18.250000000000004 89.500000000000014 3.8500000000000001 2.8500000000000001 1.3500000000000003 0.37940952255126048 2.8500000000000001 0.25000000000000006 0.25881904510252091 252.50000000000003 27.750000000000004 13.450000000000001 15.950000000000001 9.1500000000000004 8.5500000000000025 2.4500000000000006 -0.37940952255126065 277.50000000000006 7.1500000000000012 6.9666666666666641 3.6562500000000004 56.500000000000007 6.1500000000000012 61.500000000000007 -0.25881904510252113
decision_type=2 2 2 2 2 2 2 2 2 2 2 2 2 2 2 2 2 2 2 2 2 2 2 2 2 2 2 2 2 2
left_child=1 8 -3 4 -2 18 -5 -8 11 10 23 20 -13 21 -12 16 -16 -18 -6 -20 -1 22 -14 25 -25 26 -10 28 -28 -30
right_child=3 2 -4 6 5 -7 7 -9 9 -11 14 12 13 -15 15 -17 17 -19 19 -21 -22 -23 -24 24 -26 -27 27 -29 29 -31
leaf_value=-2.4366678187601787e-05 -0.041491749573499721 -0.00078001234252008127 -0.0084015602691011309 0.028257500275688834 0.011182830266384612 0.14159544537937685 -0.024789363366773121 0.020505872647987512 0.0096944428435168303 -0.0035105537879724846 0.012184449168934948 0.0013332718662289655 -0.0026230868148974695 -0.0090653666233302937 0.0027147107239436428 0.0096141984051745684 -0.0066467583987404738 0.0029453590252303597 -0.024361343062120337 0.0071931933975480332 0.0034137203174009131 0.0062323211346482707 -0.0004446047612125964 -0.034204228438802144 -0.0016897981185457784 0.0031791613135400149 -0.006590706029098543 -0.0049164761449225648 0.0056001056727006619 -0.00073922821821992963
leaf_weight=1094 35 27 26 1029 369 236 29 86 125 30 512 31 42 33 347 139 28 32 43 724 195 41 67 30 135 957 46 42 73 97
leaf_count=1094 35 27 26 1029 369 236 29 86 125 30 512 31 42 33 347 139 28 32 43 724 195 41 67 30 135 957 46 42 73 97
internal_value=0.00111625 0.000490603 -0.00940741 0.00213323 0.00138352 0.00157902 0.00305328 -0.000517241 0.000620942 0.00109946 0.00119033 -0.000204787 -0.00253023 -0.00363043 0.00206988 0.00106764 0.000264706 -0.00393443 0.00107652 0.000453125 0.000182946 -0.0018543 -0.00330909 0.000571049 -0.00156626 0.000835198 -0.000489583 -0.00188417 -0.000995392 0.000233918
internal_weight=6700 4149 53 2551 1407 1372 1144 115 4096 2593 2563 1503 214 183 1058 546 407 60 1136 767 1289 150 109 1505 165 1340 383 258 216 170
internal_count=6700 4149 53 2551 1407 1372 1144 115 4096 2593 2563 1503 214 183 1058 546 407 60 1136 767 1289 150 109 1505 165 1340 383 258 216 170
is_linear=0
shrinkage=0.04


Tree=104
num_leaves=31
num_cat=0
split_feature=0 1 17 12 17 11 0 8 13 11 17 11 13 8 3 4 14 5 20 16 17 6 4 14 0 2 11 19 7 16
split_gain=2.80767 1.43684 1.26507 2.00484 1.00441 1.24052 0.934195 1.28723 0.87453 0.850445 0.824929 0.888442 0.793105 0.790369 1.09814 0.717837 0.773485 0.756576 0.883295 0.710828 0.674009 1.2149 1.32033 0.646682 0.626896 1.39434 0.775394 0.609946 1.13875 0.612351
threshold=10.750000000000002 10.850000000000003 0.37940952255126054 85.500000000000014 0.25881904510252091 1.0500000000000003 7.5500000000000007 8.9500000000000011 19.150000000000002 10.15 1.0000000180025095e-35 2.1500000000000008 0.8500000000000002 11.450000000000001 9.9500000000000011 1.1500000000000001 173.50000000000003 6.9500000000000011 1.0000000180025095e-35 142.50000000000003 0.91597561503675362 5.841666666666665 2.5500000000000003 214.50000000000003 16.950000000000003 17.250000000000004 19.650000000000002 1.0000000180025095e-35 11.145833333333336 32.500000000000007
decision_type=2 2 2 2 2 2 2 2 2 2 2 2 2 2 2 2 2 2 2 2 2 2 2 2 2 2 2 2 2 2
left_child=1 2 4 6 8 -6 7 9 10 20 11 -1 -5 14 -3 -14 -17 18 -18 -7 -4 22 -22 -19 25 -2 -27 28 29 -13
right_child=24 13 3 12 5 19 -8 -9 -10 -11 -12 27 15 -15 -16 16 17 23 -20 -21 21 -23 -24 -25 -26 26 -28 -29 -30 -31
leaf_value=0.0014066829943196692 0.033818818960590934 -0.047107920406448733 0.0011912614043858088 0.011775435167308867 -0.013166165904442551 0.0014522899766354071 0.020280485683279989 -0.0029595508553824463 -0.0047238207963940107 0.006974855296432954 0.0036331333884657524 0.0050474461859399411 0.0066919181729002018 -0.0072177310176998665 0.0096080153057730225 -0.00048858337667737289 0.0043187466444706618 -0.033059291650164579 -0.0057252545291031397 -0.01320553592146285 -0.00090014933408660261 -0.023784306460526622 0.0040190421190104348 -0.0048938043604167996 0.197851554936843 -0.024596899472316455 0.014180283605512253 0.00032466568412456523 0.0058691915868419563 -0.00099905814333780315
leaf_weight=592 821 25 438 56 60 118 424 30 31 418 432 85 30 29 51 148 39 25 37 27 78 28 104 25 416 47 44 951 119 972
leaf_count=592 821 25 438 56 60 118 424 30 31 418 432 85 30 29 51 148 39 25 37 27 78 28 104 25 416 47 44 951 119 972
internal_value=0.00105656 0.000649172 0.000741838 0.00157363 0.000279811 -0.00242718 0.00220907 0.00158979 0.000454917 0.00182193 0.000521574 0.000263235 -0.00110803 -0.00396226 -0.00176623 -0.00191475 -0.00256 -0.00485039 -0.00228571 -0.000410959 0.000912173 -0.000947867 0.000262295 -0.00862745 0.00270278 0.00211172 -0.00256522 -0.000118421 -0.000727273 -0.00114556
internal_weight=6700 5372 5267 1880 3387 205 1520 1096 3182 1066 3151 2719 360 105 76 304 274 126 76 145 648 210 182 50 1328 912 91 2127 1176 1057
internal_count=6700 5372 5267 1880 3387 205 1520 1096 3182 1066 3151 2719 360 105 76 304 274 126 76 145 648 210 182 50 1328 912 91 2127 1176 1057
is_linear=0
shrinkage=0.04


Tree=105
num_leaves=31
num_cat=0
split_feature=0 17 12 16 10 13 17 8 14 20 19 14 17 17 20 17 13 4 20 18 7 4 2 12 10 3 2 13 9 1
split_gain=2.86807 1.07531 1.43213 1.96496 1.59834 1.32878 0.877846 0.893077 1.51686 0.861678 0.982593 0.769809 0.752781 0.988211 0.80942 0.781665 0.829576 0.872675 0.876185 0.933022 0.737723 0.691591 0.91836 0.62471 0.816818 0.609413 0.847415 0.595362 1.38859 0.557448
threshold=10.750000000000002 0.37940952255126054 72.500000000000014 292.50000000000006 5.6500000000000012 19.150000000000002 0.25881904510252091 12.15 101.50000000000001 1.0000000180025095e-35 -1.0000000180025095e-35 173.50000000000003 -0.25881904510252113 -0.37940952255126065 0.81174490092936691 -0.60355339059327362 1.2500000000000002 2.7500000000000004 1.0000000180025095e-35 -0.12940952255126037 4.4895833333333348 4.2500000000000009 6.9500000000000011 83.500000000000014 9.4500000000000011 9.6500000000000004 2.2500000000000004 6.9500000000000011 75.500000000000014 2.6500000000000008
decision_type=2 2 2 2 2 2 2 2 2 2 2 2 2 2 2 2 2 2 2 2 2 2 2 2 2 2 2 2 2 2
left_child=1 5 -3 9 -5 6 7 12 -9 -4 20 -12 13 15 25 16 17 -1 19 -19 -11 22 29 -13 -25 26 -15 28 -28 -8
right_child=-2 2 3 4 -6 -7 21 8 -10 10 11 23 -14 14 -16 -17 -18 18 -20 -21 -22 -23 -24 24 -26 -27 27 -29 -30 -31
leaf_value=-0.003937171041648738 0.042397637782957326 0.0053077079461865649 0.0017751181284517959 0.00065995144997753091 -0.0064661845112002495 -0.0060366861695760445 -0.0089197149975404396 -0.005293372261371789 0.0022502012984159927 -0.0055084940766025126 0.0065177907104017763 0.0015993741420866616 0.0028115540231482602 0.0031579459195407067 -0.02843880218026091 0.0028034922780900712 0.00014456231611708394 -0.0015058427294840112 0.0019839246821604533 -0.011185276984618804 -0.00096815113580358712 0.0028550053611932826 -0.027251230383699473 0.003792398570588198 -0.013455497714310259 0.023832042052733114 0.0068842597779364802 -0.0022878975845269252 -0.047583599490525368 0.00056948534883872494
leaf_weight=27 1299 938 573 28 26 29 37 29 48 58 107 67 839 66 33 454 1414 62 48 34 54 61 40 31 47 31 31 51 42 68
leaf_count=27 1299 938 573 28 26 29 37 29 48 58 107 67 839 66 33 454 1414 62 48 34 54 61 40 31 47 31 31 51 42 68
internal_value=0.00108017 0.000672125 0.00142798 0.000366936 -0.00698182 0.000248476 0.000322014 0.000484735 -0.00374359 0.000797441 -0.000723288 0.000664032 0.00058985 0.000214473 -0.00213333 0.000507843 8.82725e-05 -0.00253488 -0.00126897 -0.00346392 -0.00382301 -0.0022029 -0.00369863 -0.00123288 -0.00364557 -0.00124324 -0.00209424 -0.004032 -0.00632432 -0.00169811
internal_weight=6672 5373 1929 991 54 3444 3415 3209 77 937 364 252 3132 2293 254 2039 1585 171 144 96 112 206 145 145 78 221 190 124 73 105
internal_count=6672 5373 1929 991 54 3444 3415 3209 77 937 364 252 3132 2293 254 2039 1585 171 144 96 112 206 145 145 78 221 190 124 73 105
is_linear=0
shrinkage=0.04


Tree=106
num_leaves=31
num_cat=0
split_feature=0 8 14 17 17 11 12 7 13 11 0 1 0 2 1 7 1 0 10 11 1 1 9 9 2 0 1 11 11 12
split_gain=2.9982 2.33341 1.9727 1.01944 1.01845 1.73236 0.985007 1.30483 1.61209 0.84086 0.756864 1.86281 1.11943 1.0925 1.06324 0.820715 0.776359 1.43893 1.46795 1.15354 0.804558 0.772667 0.733523 1.05319 0.701399 0.689303 1.36364 0.676425 1.45801 0.666041
threshold=7.5500000000000007 9.1500000000000004 179.50000000000003 0.37940952255126054 0.25881904510252091 2.5500000000000003 87.500000000000014 8.3604166666666675 1.4500000000000002 -5.8499999999999988 4.1500000000000012 3.7500000000000004 3.4500000000000006 2.8500000000000001 3.0500000000000003 2.3145833333333337 5.6500000000000012 5.8500000000000005 4.4500000000000011 7.2500000000000009 2.8500000000000001 7.5500000000000007 57.500000000000007 61.500000000000007 7.1500000000000012 11.550000000000002 10.250000000000002 19.350000000000005 8.5500000000000025 35.500000000000007
decision_type=2 2 2 2 2 2 2 2 2 2 2 2 2 2 2 2 2 2 2 2 2 2 2 2 2 2 2 2 2 2
left_child=1 9 -3 4 25 -6 -5 8 -8 -1 11 12 14 -13 -11 -16 20 18 -18 24 -12 -19 -15 -24 -20 26 -2 28 -28 -25
right_child=3 2 -4 6 5 -7 7 -9 -10 10 16 13 -14 22 15 -17 17 21 19 -21 -22 -23 23 29 -26 -27 27 -29 -30 -31
leaf_value=0.0070008485378913864 0.0077540120999892541 -0.00039267836713907076 -0.0064027207975594384 0.026221113520458399 -0.060018410759773204 0.01454660520157432 0.017114073667984172 0.0393201091233965 -0.044584063232743353 0.00020635895507057083 -0.011673907640261102 -0.01169319663177262 0.0094348888787404162 0.0025634079387785477 -0.0026785263556722851 -0.00048037040306175193 0.00159105257393538 0.0098827356910197502 0.00029407182834986166 -0.013907856376042662 0.0096571784702731318 -0.0039687212796359764 -0.0043157139096141319 0.00088620967730208714 -0.011686487511579807 0.043308110606790191 0.0044087708458426548 0.0082198828525263425 -0.018271358842507125 -0.0019169327741757997
leaf_weight=149 489 38 26 967 35 91 37 81 33 1527 27 31 203 67 28 257 107 508 42 31 757 138 27 53 30 542 48 100 48 155
leaf_count=149 489 38 26 967 35 91 37 81 33 1527 27 31 203 67 28 257 107 508 42 31 757 138 27 53 30 542 48 100 48 155
internal_value=0.00103222 0.000381723 -0.00713846 0.00213754 0.00139734 -0.00201575 0.00303128 2.63159e-05 -0.00394366 0.000499758 0.00038907 -7.15196e-05 0.000386905 -0.00283832 7.06014e-05 -0.00216783 0.00104814 0.000214703 -0.00265403 -0.00603846 0.00195669 0.00114992 -0.00208581 -0.00313559 -0.00317808 0.00174919 0.00090379 -0.00190863 -0.00428866 -0.00214354
internal_weight=6672 4201 64 2471 1353 126 1118 151 70 4137 3988 2348 2015 333 1812 285 1640 856 210 103 784 646 302 235 72 1227 685 196 96 208
internal_count=6672 4201 64 2471 1353 126 1118 151 70 4137 3988 2348 2015 333 1812 285 1640 856 210 103 784 646 302 235 72 1227 685 196 96 208
is_linear=0
shrinkage=0.04


Tree=107
num_leaves=31
num_cat=0
split_feature=0 8 18 17 12 4 17 11 0 1 0 1 19 6 14 12 13 13 14 2 1 0 13 10 14 1 17 1 0 11
split_gain=2.90142 2.11943 1.3974 0.939373 1.01636 1.12683 0.854926 1.38083 0.822694 1.62041 1.10156 1.04132 0.971351 1.71144 1.22453 1.04068 1.03087 0.778932 1.66779 0.750693 0.709295 1.17444 0.803213 1.60399 0.780893 0.73758 0.658977 0.63173 0.625423 0.60308
threshold=7.5500000000000007 9.5500000000000025 0.60355339059327384 0.37940952255126054 89.500000000000014 3.8500000000000001 0.25881904510252091 2.5500000000000003 4.1500000000000012 3.7500000000000004 3.4500000000000006 3.0500000000000003 -1.0000000180025095e-35 4.5833333333333313 179.50000000000003 74.500000000000014 2.8500000000000001 10.550000000000002 177.50000000000003 6.0500000000000007 5.9500000000000011 6.3500000000000005 5.3500000000000005 4.4500000000000011 221.50000000000003 2.8500000000000001 0.91597561503675362 7.9500000000000011 2.7500000000000004 4.3500000000000005
decision_type=2 2 2 2 2 2 2 2 2 2 2 2 2 2 2 2 2 2 2 2 2 2 2 2 2 2 2 2 2 2
left_child=1 8 -3 6 -5 -6 17 -8 9 10 11 28 13 14 -11 16 -14 -2 -19 -18 25 22 -22 24 -24 -10 -13 29 -1 -23
right_child=3 2 -4 4 5 -7 7 -9 20 12 -12 26 15 -15 -16 -17 19 18 -20 -21 21 27 23 -25 -26 -27 -28 -29 -30 -31
leaf_value=8.8568491216486239e-05 0.01386341824591393 -0.0063949017299066539 -0.0019282629563263244 0.025305862341943916 -0.014287129432780401 0.01277083272066681 -0.0576176743293823 0.013964740993511382 -0.01078007331894683 -0.0034541147014193821 0.0094059550352072405 -0.00072279809117103467 -0.0089360235462380873 -9.8900104502411924e-05 -0.011333701620978369 0.0044905358833829132 0.0014169214700913144 -0.041841976421031608 0.010038331485686169 -0.0042565865344055499 -3.7007910633949811e-05 0.00089378579177421414 -0.0051919965034858337 -0.0164420945598675 0.0082568991798740287 0.0080802763382855844 -0.0013936299034743469 -0.003516628026159947 0.007192800602402431 0.016376270890030568
leaf_weight=1320 1128 26 25 1005 27 86 35 91 28 37 208 265 25 92 30 79 63 34 65 26 160 151 48 36 30 955 26 64 250 257
leaf_count=1320 1128 26 25 1005 27 86 35 91 28 37 208 265 25 92 30 79 63 34 65 26 160 151 48 36 30 955 26 64 250 257
internal_value=0.0010502 0.000410281 -0.00761538 0.00213754 0.00299553 -0.000596491 0.00142688 -0.00170079 0.00051072 3.46822e-05 0.000461836 0.000152524 -0.00247025 -0.004775 -0.00958823 -0.000556701 -0.0029913 0.00174919 -0.00164 -0.000933333 0.00117688 0.000246319 -0.00183273 -0.00438261 -0.00111392 0.00188211 -0.0020411 0.00145455 0.000560153 0.00203423
internal_weight=6672 4201 51 2471 1118 113 1353 126 4150 2421 2069 1861 352 159 67 193 114 1227 99 89 1729 746 274 114 78 983 291 472 1570 408
internal_count=6672 4201 51 2471 1118 113 1353 126 4150 2421 2069 1861 352 159 67 193 114 1227 99 89 1729 746 274 114 78 983 291 472 1570 408
is_linear=0
shrinkage=0.04


Tree=108
num_leaves=31
num_cat=0
split_feature=0 1 13 18 16 7 11 7 7 18 11 10 1 7 7 14 0 11 4 13 7 7 2 17 10 6 1 17 11 10
split_gain=2.72404 1.81074 1.23648 1.25951 1.31018 0.911524 0.649668 0.85379 1.33784 1.11132 0.612667 0.685999 0.820198 1.01286 1.75375 0.972224 0.762721 0.70221 0.626047 0.657904 0.574544 0.622392 0.919596 0.595499 1.27437 0.555155 0.911901 0.554421 0.547352 0.726274
threshold=10.950000000000001 11.850000000000003 19.150000000000002 1.0000000180025095e-35 107.50000000000001 7.5020833333333341 -3.7499999999999996 6.9270833333333348 7.2020833333333343 -0.70710678118654757 -0.94999999999999984 5.9500000000000011 2.2500000000000004 3.2625000000000006 3.0520833333333344 80.500000000000014 2.4500000000000006 3.7500000000000004 2.5500000000000003 3.3500000000000001 4.5687500000000014 5.1354166666666679 7.3500000000000005 -0.25881904510252113 7.3500000000000005 5.883333333333332 5.9500000000000011 -0.5 0.95000000000000007 8.6500000000000004
decision_type=2 2 2 2 2 2 2 2 2 2 2 2 2 2 2 2 2 2 2 2 2 2 2 2 2 2 2 2 2 2
left_child=1 2 3 5 -5 6 -1 10 9 -9 18 12 -12 14 16 -15 -14 20 19 -8 23 22 -22 -13 -25 26 27 -19 -23 -30
right_child=-2 -3 -4 4 -6 -7 7 8 -10 -11 11 17 13 15 -16 -17 -18 25 -20 -21 21 28 -24 24 -26 -27 -28 -29 29 -31
leaf_value=0.0054774091060805011 0.043816960194806319 -0.018766322340349532 -0.0052025515702539852 0.0058893110113625068 0.00062705880002721375 0.0032453203918381274 -0.0066233579295556164 -0.0010075862653811248 0.0055232870070868788 -0.0068361547566691177 0.00035080499778968662 0.0045123701444162237 -0.0063937695451009614 -0.0034291535167656553 -0.0076852148715845269 0.00013210736438311091 0.0012859329383400836 -0.0069987094549948748 -7.842655978043671e-05 0.0015807879417801605 -0.002703174686230323 0.011653066817519375 -0.034117968883023167 -0.0032639132451255971 0.00059476567270485951 0.010189807649927289 -0.010838847233570518 0.0037746547797465188 0.0020492342713531999 -0.020378924396355774
leaf_weight=171 1244 46 44 1058 1760 499 66 26 57 29 199 74 27 53 29 281 57 51 112 25 53 50 31 25 108 183 27 202 39 46
leaf_count=171 1244 46 44 1058 1760 499 66 26 57 29 199 74 27 53 29 281 57 51 112 25 53 50 31 25 108 183 27 202 39 46
internal_value=0.0010562 0.000669 0.000737136 0.000792658 0.00137354 0.000142801 -0.00023541 -0.000453809 -0.00382301 -0.00821429 -0.000234617 3.90626e-05 -0.000952086 -0.00190179 -0.00515789 -0.00078806 -0.00216471 0.000759551 -0.00229412 -0.00473913 -0.000412178 -0.00183636 -0.00451765 0.00109615 -0.000507463 0.00183621 0.000711744 0.00146457 -0.000147059 -0.00209302
internal_weight=6672 5428 5382 5338 2818 2520 2021 1850 112 55 1738 1535 646 447 113 334 84 889 203 91 426 219 84 207 133 463 280 253 135 85
internal_count=6672 5428 5382 5338 2818 2520 2021 1850 112 55 1738 1535 646 447 113 334 84 889 203 91 426 219 84 207 133 463 280 253 135 85
is_linear=0
shrinkage=0.04


Tree=109
num_leaves=31
num_cat=0
split_feature=0 8 14 17 12 7 17 12 4 0 1 5 0 1 17 1 12 16 8 14 3 4 0 1 12 12 18 9 4 7
split_gain=2.83469 1.32832 1.47963 0.967746 0.996259 1.37434 0.822999 1.2917 2.11028 0.678375 1.30778 0.673831 0.658956 1.12519 1.11446 0.798089 0.902384 1.43611 0.651639 0.573302 0.595919 1.31055 0.554485 1.61213 0.895708 0.960066 0.789948 0.773096 1.12625 0.709383
threshold=7.5500000000000007 9.1500000000000004 167.50000000000003 0.37940952255126054 89.500000000000014 8.5020833333333368 0.25881904510252091 77.500000000000014 5.6500000000000012 11.550000000000002 10.250000000000002 6.1500000000000012 5.0500000000000007 5.2500000000000009 0.37940952255126054 7.5500000000000007 66.500000000000014 237.50000000000003 5.0500000000000007 179.50000000000003 11.15 12.050000000000002 3.6500000000000008 3.7500000000000004 80.500000000000014 42.500000000000007 1.0000000180025095e-35 56.500000000000007 4.4500000000000011 4.6687500000000011
decision_type=2 2 2 2 2 2 2 2 2 2 2 2 2 2 2 2 2 2 2 2 2 2 2 2 2 2 2 2 2 2
left_child=1 12 -3 6 -5 11 9 -8 -9 10 -2 -6 13 22 18 16 -14 -18 -15 20 -12 -22 23 -1 25 -25 27 -24 -29 -27
right_child=3 2 -4 4 5 -7 7 8 -10 -11 19 -13 15 14 -16 -17 17 -19 -20 -21 21 -23 26 24 -26 29 -28 28 -30 -31
leaf_value=0.00011537455852218089 0.0069994224842148383 0.00037077162514548702 -0.0067281968180063689 0.024163815032592632 0.011564452556685983 0.028032923169253255 0.022307874923601142 -0.078302750904417198 0.011653473535710265 0.039268571044889747 -0.049991429166382093 -0.021271628437335825 0.011834308482850987 0.0003662815313036077 -0.011892845529090935 -0.0036119632069174989 0.0064390741376510541 -0.0073777862312522993 -0.0046457755851074985 0.0017232958519080189 0.021004672798721476 -0.0072895611227253281 0.0072155882634546377 -2.8602285489899402e-05 0.0018806735685572512 -0.0091458299404529476 0.0066236266810112913 -0.0030017757115143591 0.001186102927330922 -0.00092570090888301334
leaf_weight=1937 489 34 30 1005 25 63 66 29 31 542 36 25 502 68 27 155 494 47 54 90 34 36 106 29 46 32 410 94 100 36
leaf_count=1937 489 34 30 1005 25 63 66 29 31 542 36 25 502 68 27 155 494 47 54 90 34 36 106 29 46 32 410 94 100 36
internal_value=0.00101424 0.000381723 -0.00529231 0.002089 0.00295979 -0.000596491 0.0013678 -0.00170079 -0.00590164 0.00168404 0.000845481 -0.0054902 0.000470759 0.000148299 -0.00322667 0.00126105 0.001659 0.000523985 -0.00156098 -0.00190863 -0.00388785 -0.00169014 0.000329631 1.4894e-10 -0.00408333 -0.0062449 0.00129395 -0.000265781 -0.0017641 -0.00881159
internal_weight=6672 4201 64 2471 1118 113 1353 126 60 1227 685 50 4137 2939 149 1198 1043 541 122 196 106 70 2790 2080 143 97 710 300 194 68
internal_count=6672 4201 64 2471 1118 113 1353 126 60 1227 685 50 4137 2939 149 1198 1043 541 122 196 106 70 2790 2080 143 97 710 300 194 68
is_linear=0
shrinkage=0.04


Tree=110
num_leaves=31
num_cat=0
split_feature=0 17 11 10 1 17 11 11 10 20 9 18 13 11 11 11 12 14 9 11 12 19 0 4 11 17 11 14 9 14
split_gain=2.87749 2.20314 1.61384 1.64108 1.41642 1.25619 1.72672 1.23396 0.985714 0.967925 1.42797 0.917795 1.67169 0.892507 1.27397 0.777994 0.761194 0.870302 0.838002 1.05935 0.994115 0.755511 0.71981 0.718909 1.04797 1.31497 1.04197 1.13388 0.841106 0.871694
threshold=13.450000000000001 -0.25881904510252113 12.250000000000002 1.4500000000000002 13.15 -0.37940952255126065 30.350000000000005 22.750000000000004 2.6500000000000008 1.0000000180025095e-35 85.500000000000014 0.25881904510252057 10.750000000000002 24.150000000000002 0.95000000000000007 7.9500000000000011 75.500000000000014 285.50000000000006 44.500000000000007 3.6500000000000008 89.500000000000014 1.0000000180025095e-35 3.5500000000000003 13.65 13.250000000000002 -0.78656609248549292 2.8500000000000001 39.500000000000007 54.500000000000007 306.50000000000006
decision_type=2 2 2 2 2 2 2 2 2 2 2 2 2 2 2 2 2 2 2 2 2 2 2 2 2 2 2 2 2 2
left_child=1 4 11 7 5 13 9 -4 -6 -7 -11 16 -13 14 -1 -14 -3 18 19 20 -18 23 -9 24 25 26 -16 -28 -26 -30
right_child=-2 2 3 -5 8 6 -8 22 -10 10 -12 12 15 -15 21 -17 17 -19 -20 -21 -22 -23 -24 -25 28 -27 27 -29 29 -31
leaf_value=0.0022020305839593464 0.079895526819224238 0.00087853710987843316 -0.0099804230932936631 0.010244054914418052 0.00010628603871438024 0.001375221632785335 -0.046489997517372636 -0.0014666522069665159 -0.030201806528279206 -0.02501813615217513 0.0028871514428871758 0.0068135173627983997 0.0025037698024378751 0.0028851674507519975 -0.012823907256969802 -0.0054006595545728229 -0.021729975492028136 -0.0041420947617822387 -3.0251379900998496e-05 0.014322972873198937 -0.038634216158464553 0.00018851584668109648 0.016043092553822753 0.0010182982061860443 0.005645284845022339 0.0016811395678899327 -0.0041793156301194456 -0.00012480290994297541 -0.0059259154360025356 7.6871734196582413e-06
leaf_weight=345 823 417 38 929 27 140 30 34 35 51 46 804 36 320 50 46 31 32 806 26 25 640 90 94 27 240 31 227 152 47
leaf_count=345 823 417 38 929 27 140 30 34 35 51 46 804 36 320 50 46 31 32 806 26 25 640 90 94 27 240 31 227 152 47
internal_value=0.000909036 0.000595496 0.00127179 0.00253114 -0.000300439 -0.00014748 -0.00273134 -0.00117791 -0.00622222 -0.00156303 -0.00461224 0.000652878 0.00165051 0.000171113 -0.000166127 -0.00375904 -8.96846e-06 -0.000651466 -0.000413948 -0.00424096 -0.00729825 -0.000667992 0.000768 -0.00143613 -0.00183742 -0.000888889 -0.00261489 -0.00157529 -0.00412335 -0.00502
internal_weight=6639 5816 3314 1091 2502 2440 267 162 62 237 97 2223 886 2173 1853 82 1337 920 888 82 56 1508 124 868 774 548 308 258 226 199
internal_count=6639 5816 3314 1091 2502 2440 267 162 62 237 97 2223 886 2173 1853 82 1337 920 888 82 56 1508 124 868 774 548 308 258 226 199
is_linear=0
shrinkage=0.04


Tree=111
num_leaves=31
num_cat=0
split_feature=0 17 11 10 1 5 11 11 18 13 0 17 20 4 5 12 11 13 10 7 11 16 13 17 13 11 1 10 14 16
split_gain=2.63129 1.8184 1.61384 1.43047 1.19621 1.16912 0.974758 0.951655 0.917795 1.38672 0.820125 0.686631 1.06119 0.792834 0.669306 0.890847 1.16392 1.43487 1.35367 0.627448 0.626696 0.870827 0.990535 0.757078 0.699225 0.617728 0.596096 1.03888 0.832215 0.580901
threshold=13.450000000000001 -0.25881904510252113 12.250000000000002 1.4500000000000002 12.850000000000003 8.4500000000000011 -3.7499999999999996 26.150000000000002 0.25881904510252057 10.750000000000002 7.5500000000000007 -0.37940952255126065 0.81174490092936691 17.150000000000002 6.4500000000000011 83.500000000000014 3.7500000000000004 1.6500000000000001 9.1500000000000004 1.8437500000000002 24.150000000000002 2017.5000000000002 11.050000000000002 -0.60355339059327362 13.550000000000002 7.9500000000000011 3.3500000000000001 7.4500000000000011 139.50000000000003 27.500000000000004
decision_type=2 2 2 2 2 2 2 2 2 2 2 2 2 2 2 2 2 2 2 2 2 2 2 2 2 2 2 2 2 2
left_child=1 4 8 7 6 -6 -1 10 14 19 -4 13 -13 20 26 -16 17 -17 -19 -10 23 -22 -23 -8 -25 -11 27 28 -3 -29
right_child=-2 2 3 -5 5 -7 11 -9 9 25 -12 12 -14 -15 15 16 -18 18 -20 -21 21 22 -24 24 -26 -27 -28 29 -30 -31
leaf_value=0.0096291831114668474 0.076699705746455293 -0.0058253360335599261 -0.0066768105916470326 0.0098342927178413295 0.0011648939820485095 -0.030026213809176739 -0.00049301268965953556 0.0078211717457513635 -0.0012096856531571608 0.0024036190103403597 0.0006799918211409827 -0.007115068821336252 -0.027057500456512864 0.011418537212568922 0.00039143931534349518 0.00046273469698805605 0.0010347416377288344 -0.0078898490913661221 -0.028722581066010559 0.0081598995804093005 0.0036931189021073437 0.0025439957875231351 -0.0032983764084563495 0.0018248054172778755 -0.0038056313272229452 -0.005184633172389915 0.002165813621538855 -0.0047465709416835405 0.00066380554438267853 -0.009224559234146586
leaf_weight=113 823 29 39 929 35 45 1296 83 33 36 40 223 39 80 332 52 58 63 56 771 194 68 26 357 26 46 519 31 163 34
leaf_count=113 823 29 39 929 35 45 1296 83 33 36 40 223 39 80 332 52 58 63 56 771 194 68 26 357 26 46 519 31 163 34
internal_value=0.000957229 0.000657384 0.00127179 0.00253114 -0.000156612 -0.00493827 3.30184e-06 -0.000932515 0.000652878 0.00165051 -0.00405 -0.000174892 -0.00209886 7.22658e-05 -8.96846e-06 -0.0010605 -0.00297391 -0.00462791 -0.00703333 0.00215652 -8.73982e-05 0.00163322 -0.00151579 -0.000383333 0.00117708 -0.00327711 0.000751609 -0.000821705 0.000663213 -0.00515151
internal_weight=6639 5816 3314 1091 2502 80 2422 162 2223 886 79 2309 262 2047 1337 561 229 171 119 804 1967 288 94 1679 383 82 776 257 192 65
internal_count=6639 5816 3314 1091 2502 80 2422 162 2223 886 79 2309 262 2047 1337 561 229 171 119 804 1967 288 94 1679 383 82 776 257 192 65
is_linear=0
shrinkage=0.04


Tree=112
num_leaves=31
num_cat=0
split_feature=8 1 17 11 10 11 11 15 1 17 16 7 18 11 14 17 5 14 17 20 11 14 11 13 17 18 7 13 14 14
split_gain=2.45026 1.54096 1.2405 1.17525 1.42913 1.04523 0.802902 0.779806 0.847471 0.950421 0.805454 0.80101 0.868058 0.883607 0.704692 0.701781 0.625593 0.679258 0.620438 1.17222 0.801689 0.822135 0.714283 0.82948 0.806635 0.692237 1.66952 1.04362 1.49352 0.614085
threshold=13.15 13.050000000000002 -0.25881904510252113 12.250000000000002 1.4500000000000002 26.150000000000002 -3.7499999999999996 0.15000000000000005 8.2500000000000018 0.91597561503675362 317.50000000000006 2.0187500000000007 1.0000000180025095e-35 11.450000000000001 285.50000000000006 -0.25881904510252113 15.350000000000003 62.500000000000007 -0.37940952255126065 0.81174490092936691 20.850000000000005 293.50000000000006 7.8500000000000005 0.8500000000000002 -0.9159756150367534 -0.12940952255126037 3.589583333333334 2.2500000000000004 143.50000000000003 213.50000000000003
decision_type=2 2 2 2 2 2 2 2 2 2 2 2 2 2 2 2 2 2 2 2 2 2 2 2 2 2 2 2 2 2
left_child=1 2 6 7 5 -5 -1 11 9 10 -9 29 14 -14 -13 16 17 -2 20 -20 22 -22 23 24 -8 26 -24 -28 -29 -4
right_child=15 -3 3 4 -6 -7 18 8 -10 -11 -12 12 13 -15 -16 -17 -18 -19 19 -21 21 -23 25 -25 -26 -27 27 28 -30 -31
leaf_value=0.0092440157870081769 -0.006189382348622945 -0.027477490211226158 -0.0026493426337046563 -0.005652293964331645 0.0083726853572057783 0.0065933483704379379 -0.0084201951401381998 0.0014748760731657241 -0.0056155446294965375 -0.01014768871517167 -0.0041401446586241579 0.00037189202829274474 0.0060331708591863757 -0.0106118021807344 -0.0038808370064256342 0.049545897506009934 0.035051888847057004 0.0078586291494852009 -0.0076787166412987454 -0.026023544277675004 0.00015245210304406644 0.011157740149568914 -0.0093311957176775949 0.00041828846803895482 -0.00012567575083661633 -0.00023134993054655959 0.0016997377221833635 -0.014857807321553611 -0.015332833348343008 0.0017786992080173949
leaf_weight=113 49 44 99 66 849 75 32 106 25 39 25 910 793 26 34 779 117 208 221 38 307 148 33 842 69 379 50 35 96 32
leaf_count=113 49 44 99 66 849 75 32 106 25 39 25 910 793 26 34 779 117 208 221 38 307 148 33 842 69 379 50 35 96 32
internal_value=0.000969277 0.000616731 0.000677568 0.00120649 0.00234107 -0.00138028 -1.18442e-05 0.000667943 -0.00173469 -0.000701754 0.000939394 0.000916095 0.00114059 0.00209268 0.000313228 0.00264471 0.001216 0.000108527 -0.000177699 -0.00201538 6.22491e-05 0.00153509 -0.000374756 0.000309322 -0.00309804 -0.00146128 -0.00327442 -0.00173626 -0.00360606 -0.00209091
internal_weight=6639 5486 5442 3079 990 141 2363 2089 195 170 131 1894 1763 819 944 1153 374 257 2250 259 1991 455 1536 943 101 593 214 181 131 131
internal_count=6639 5486 5442 3079 990 141 2363 2089 195 170 131 1894 1763 819 944 1153 374 257 2250 259 1991 455 1536 943 101 593 214 181 131 131
is_linear=0
shrinkage=0.04


Tree=113
num_leaves=31
num_cat=0
split_feature=0 17 11 10 1 10 11 9 18 11 15 11 10 13 1 14 12 16 2 4 3 0 6 8 1 3 13 17 14 8
split_gain=2.5865 1.63003 1.28753 1.31215 1.22841 1.07128 0.951655 0.85142 0.836169 1.00602 0.829103 0.762664 0.65966 1.17783 0.95187 0.650806 0.775199 0.998295 0.811717 0.79469 0.741101 0.626609 0.544942 0.475636 0.463452 0.443303 0.439998 0.465642 0.659803 0.521917
threshold=13.450000000000001 -0.25881904510252113 12.250000000000002 1.4500000000000002 12.850000000000003 2.6500000000000008 26.150000000000002 91.500000000000014 0.60355339059327384 10.550000000000002 0.8500000000000002 -3.7499999999999996 5.0500000000000007 10.750000000000002 2.0500000000000003 145.50000000000003 75.500000000000014 77.500000000000014 10.050000000000002 3.4500000000000006 11.050000000000002 11.050000000000002 3.7499999999999969 4.5500000000000007 9.1500000000000004 1.0500000000000003 18.950000000000003 -0.37940952255126065 321.50000000000006 11.15
decision_type=2 2 2 2 2 2 2 2 2 2 2 2 2 2 2 2 2 2 2 2 2 2 2 2 2 2 2 2 2 2
left_child=1 4 8 6 11 -6 7 22 10 24 12 -1 -3 14 -14 23 -17 18 -18 -19 -20 26 -4 -16 25 -10 27 29 -29 -13
right_child=-2 2 3 -5 5 -7 -8 -9 9 -11 -12 21 13 -15 15 16 17 19 20 -21 -22 -23 -24 -25 -26 -27 -28 28 -30 -31
leaf_value=0.0088742551555278468 0.071765834395762576 0.00072457971393558485 -0.0044603027050713244 0.0091060135948394533 0.0031678161527638094 -0.027708963452754455 0.0072445909411037977 -0.010110263027151924 -0.00099387988207904222 -0.017268848655033687 -0.0071956612994159641 9.0158236690522135e-05 -0.0083223729694869193 -0.0082442885775095339 -0.00023028317854416802 0.0037336644484454928 0.0002143755296626871 3.6511217210848053e-05 -0.01783786269883705 -0.0029536261413621347 0.003997493290742153 0.01148552874264133 0.0063949793144330649 0.015414388771302648 -0.0076989171959657215 0.0096613168840061197 -0.002533669684496686 -0.0033446138587091812 -0.030712095298658686 -0.0048982206895172662
leaf_weight=113 823 334 25 929 34 46 83 25 36 31 31 1865 46 25 35 306 576 33 40 35 39 77 29 154 32 470 25 212 37 93
leaf_count=113 823 334 25 929 34 46 83 25 36 31 31 1865 46 25 35 306 576 33 40 35 39 77 29 154 32 470 25 212 37 93
internal_value=0.000975301 0.000678013 0.00125973 0.00238462 -9.26886e-05 -0.00493827 -0.000932515 -0.00405 0.000706835 0.00202807 0.00025136 6.93357e-05 0.000376847 -3.41084e-05 0.000139131 0.000354389 -4.27183e-05 -0.000756906 -0.00027439 -0.00533333 -0.00405 -8.83115e-05 -0.00116364 0.00250526 0.00243414 0.00272978 -0.000211375 -0.000150362 -0.001776 5.71722e-05
internal_weight=6639 5816 3314 1091 2502 80 162 79 2223 569 1654 2422 1623 1289 1264 1218 1029 723 655 68 79 2309 54 189 538 506 2232 2207 249 1958
internal_count=6639 5816 3314 1091 2502 80 162 79 2223 569 1654 2422 1623 1289 1264 1218 1029 723 655 68 79 2309 54 189 538 506 2232 2207 249 1958
is_linear=0
shrinkage=0.04


Tree=114
num_leaves=31
num_cat=0
split_feature=0 17 11 16 16 11 1 5 18 11 15 17 4 5 15 7 4 11 11 18 10 19 11 1 5 16 14 16 16 7
split_gain=2.55686 1.62059 1.34439 1.17879 0.921201 0.898187 1.03084 1.33153 0.836169 1.00602 0.875944 0.831093 0.69006 0.649275 0.930608 0.624184 0.956151 0.595149 0.689792 0.729511 0.892802 0.700609 0.883882 0.880953 1.2948 0.592423 0.700126 0.701102 0.560683 0.539262
threshold=13.450000000000001 -0.25881904510252113 12.250000000000002 1107.5000000000002 1412.5000000000002 -3.7499999999999996 12.750000000000002 8.4500000000000011 0.60355339059327384 10.550000000000002 0.15000000000000005 0.12940952255126045 9.0500000000000025 5.0500000000000007 0.55000000000000016 7.2020833333333343 10.950000000000001 26.350000000000005 16.150000000000002 -0.60355339059327384 3.6500000000000008 1.0000000180025095e-35 23.850000000000005 3.8500000000000001 4.0500000000000007 47.500000000000007 242.50000000000003 37.500000000000007 62.500000000000007 1.8437500000000002
decision_type=2 2 2 2 2 2 2 2 2 2 2 2 2 2 2 2 2 2 2 2 2 2 2 2 2 2 2 2 2 2
left_child=1 5 8 -4 -5 -1 15 -8 10 29 -3 12 -6 -12 -15 16 17 18 19 20 -7 23 -23 -20 -25 26 27 -21 -27 -10
right_child=-2 2 3 4 11 6 7 -9 9 -11 13 -13 -14 14 -16 -17 -18 -19 21 25 -22 22 -24 24 -26 28 -28 -29 -30 -31
leaf_value=0.010096907319531228 0.068895201019932073 0.00036319597201860929 0.0087135638477108899 -0.0040521014810612089 0.0023698480457425117 -0.0025081616233555864 0.0027536423248619765 -0.026617707110250494 -0.0013400498923756066 -0.016578094708832331 -0.00010577602746425701 0.0082921697248131421 -0.0057534585827073706 -0.00084264663329707684 -0.025317337558512593 0.0010473164143487434 -0.010997374244534102 0.0025226001583672562 -0.00041662066514871554 -8.8738303169011369e-05 0.0068240082904963053 0.0016455135680032646 -0.0051730083273767583 -0.0093473537694266414 -0.0045750475891752828 0.0013071173510694207 -0.025472218165911553 -0.0048515274704514699 -0.00017608106622495699 0.0089143538415972466
leaf_weight=119 823 1512 917 34 31 25 32 45 29 31 76 81 28 41 25 719 26 119 70 107 232 89 26 25 48 47 28 33 712 509
leaf_count=119 823 1512 917 34 31 25 32 45 29 31 76 81 28 41 25 719 26 119 70 107 232 89 26 25 48 47 28 33 712 509
internal_value=0.00098735 0.000691766 0.00127179 0.00242125 -0.000594286 -7.67078e-05 -0.000246644 -0.00476923 0.000706835 0.00202807 0.00025136 0.000851064 -0.00273333 -0.00274126 -0.00561194 -9.36279e-05 -0.000536524 -0.00040717 -0.000632016 -0.000222785 0.00165891 -0.00250193 -0.000172414 -0.00436111 -0.00740541 -0.000745689 -0.00288757 -0.00170213 -0.000268421 0.00243414
internal_weight=6639 5816 3314 1091 174 2502 2383 77 2223 569 1654 140 59 142 66 2306 1587 1561 1442 1184 257 258 115 143 73 927 168 140 759 538
internal_count=6639 5816 3314 1091 174 2502 2383 77 2223 569 1654 140 59 142 66 2306 1587 1561 1442 1184 257 258 115 143 73 927 168 140 759 538
is_linear=0
shrinkage=0.04


Tree=115
num_leaves=31
num_cat=0
split_feature=0 8 0 11 7 6 13 11 6 12 17 11 8 17 20 11 18 16 11 9 0 3 9 1 1 7 5 10 5 11
split_gain=3.39973 1.20693 1.0163 0.916641 0.816764 2.1937 0.807306 0.948647 0.785803 0.842342 1.00576 0.704344 0.700989 0.684023 0.909869 0.695014 0.679699 1.07267 1.07124 1.03623 0.862392 0.756781 0.849417 0.718617 0.709141 1.27624 0.659968 0.622624 0.686761 0.979557
threshold=6.9500000000000011 9.1500000000000004 16.950000000000003 -5.4499999999999993 2.2354166666666671 3.0333333333333297 8.0500000000000025 -1.3499999999999999 15.700000000000001 87.500000000000014 0.37940952255126054 3.8500000000000001 17.150000000000002 0.25881904510252091 -0.56174490092936669 4.8500000000000005 0.60355339059327384 107.50000000000001 19.650000000000002 101.50000000000001 1.5500000000000003 5.6500000000000012 101.50000000000001 1.3500000000000003 6.1500000000000012 3.9354166666666672 1.6500000000000001 10.450000000000001 5.5500000000000007 11.450000000000001
decision_type=2 2 2 2 2 2 2 2 2 2 2 2 2 2 2 2 2 2 2 2 2 2 2 2 2 2 2 2 2 2
left_child=1 3 8 -1 5 6 7 -5 9 10 13 -11 -10 -2 -15 -16 18 -18 19 24 23 -20 -23 -19 27 -26 -8 28 29 -6
right_child=2 -3 -4 4 16 -7 26 -9 12 11 -12 -13 -14 14 15 -17 17 20 21 -21 -22 22 -24 -25 25 -27 -28 -29 -30 -31
leaf_value=0.0070595014615380848 0.0072791196434774412 -0.0043553846887833293 0.15828188249482961 -0.0023009254619435894 0.0004126606938287312 -0.0041017140401497093 -0.00053328101150371804 0.00034130432795704803 0.010304216568658289 -0.0039083660749001546 0.018345961729176203 0.0099368075493483973 -0.042875217697654879 0.011729384182905698 -0.086975130297715669 -0.013155071862279041 0.0067884455887636556 -0.00011587167111703035 0.0047365130131431779 -0.0063542581517751539 0.00069835181624120326 0.0020441526888029852 -0.0010762180690163329 -0.0028887611153114328 -0.01644680878566035 -0.0031093994412223253 -0.0020594772174526172 0.0047408648632469279 -0.00073452836512852033 -0.005620551497620343
leaf_weight=158 976 41 426 51 707 33 48 140 91 163 881 86 35 29 26 39 345 85 177 30 704 132 26 55 27 210 52 263 536 89
leaf_count=158 976 41 426 51 707 33 48 140 91 163 881 86 35 29 26 39 345 85 177 30 704 132 26 55 27 210 52 263 536 89
internal_value=0.000931252 0.00017289 0.00200799 0.000246059 0.000118567 -0.00179692 -0.000671233 0.000854167 0.0016777 0.0018537 0.0021332 -0.000336 -0.00138583 0.00130719 -0.00193684 -0.00454545 0.000302333 0.00107227 -0.00011465 -0.000489533 0.000302959 0.00196429 -5.03143e-05 -0.00255319 -0.000366612 -0.00240336 -0.00356436 -6.26565e-05 -0.000414103 0.000331242
internal_weight=6661 3909 2752 3868 3710 324 291 191 2326 2200 1951 249 126 1070 94 65 3386 1189 2197 1862 844 335 158 140 1832 237 100 1595 1332 796
internal_count=6661 3909 2752 3868 3710 324 291 191 2326 2200 1951 249 126 1070 94 65 3386 1189 2197 1862 844 335 158 140 1832 237 100 1595 1332 796
is_linear=0
shrinkage=0.04


Tree=116
num_leaves=31
num_cat=0
split_feature=1 17 11 12 13 10 11 14 1 10 14 14 14 13 18 16 14 19 15 9 15 1 4 4 13 16 1 5 10 16
split_gain=1.93131 1.05962 1.15823 0.849453 0.820526 0.752792 0.689364 0.674767 0.598252 0.61315 0.87522 1.25176 0.597758 0.585796 0.54144 0.72532 0.698594 0.656747 0.865716 0.894024 0.804236 0.645727 0.929157 0.642602 0.645854 1.10158 0.620019 0.762703 0.606777 0.79078
threshold=7.5500000000000007 -0.25881904510252113 3.8500000000000001 89.500000000000014 19.150000000000002 11.550000000000002 -6.8499999999999988 161.50000000000003 16.450000000000003 1.7500000000000002 285.50000000000006 326.50000000000006 235.50000000000003 1.4500000000000002 0.1294095225512602 1192.5000000000002 18.500000000000004 0.87837969732492682 0.15000000000000005 76.500000000000014 0.35000000000000003 4.3500000000000005 5.0500000000000007 14.350000000000003 6.5500000000000007 1547.5000000000002 2.3500000000000001 3.9500000000000006 1.1500000000000001 727.50000000000011
decision_type=2 2 2 2 2 2 2 2 2 2 2 2 2 2 2 2 2 2 2 2 2 2 2 2 2 2 2 2 2 2
left_child=4 8 3 12 5 6 -1 -5 9 -2 -11 -12 -3 -9 28 16 21 18 -18 20 -20 22 -16 24 25 -17 27 -26 -8 -30
right_child=1 2 -4 7 -6 -7 14 13 -10 10 11 -13 -14 -15 15 23 17 -19 19 -21 -22 -23 -24 -25 26 -27 -28 -29 29 -31
leaf_value=0.0097409914238139848 0.0026618951267947757 0.013389435960214278 0.025043411095810281 0.0020366991246484334 -0.0031695431106935415 0.006847671326792793 0.0051624950816317444 -0.00035397741673438328 0.055924165067325518 0.00029336911752465849 -0.035534171136720409 0.0081126631790159713 -0.0031996228141198736 -0.052613479883601384 0.00060720841449295887 -0.010206155380752533 0.0014353790429471581 0.0048322187481237948 -0.0045046345293289257 0.0019345247201204251 -0.0014249009671611216 0.014360602777999861 -0.0049073423892688709 -0.0043805738660865727 0.00020030995215442231 -0.00016291690532831287 0.001770569085543203 -0.0021527266593742542 -0.00022675263588069509 -0.0067617488252244918
leaf_weight=98 242 389 1070 26 44 457 50 25 172 398 47 40 39 30 33 34 1072 202 31 43 38 30 33 48 89 92 183 46 1453 107
leaf_count=98 242 389 1070 26 44 457 50 25 172 398 47 40 39 30 33 34 1072 202 31 43 38 30 33 48 89 92 183 46 1453 107
internal_value=0.000919244 0.00180395 0.00242785 0.000854902 0.000394838 0.00045314 0.000262829 -0.00287805 0.000706667 0.000203297 -0.000617284 -0.00422727 0.00156643 -0.00535714 0.000171827 0.000615696 0.00105732 0.00128623 0.000924895 -0.00240708 -0.0052 -0.0022268 -0.00441791 -0.000713996 -0.000233708 -0.00264567 0.000727273 -0.00132353 -0.000372439 -0.000512492
internal_weight=6661 2478 1579 509 4183 4139 3682 81 899 727 485 87 428 55 3584 1974 1482 1386 1184 112 69 96 66 492 444 126 318 135 1610 1560
internal_count=6661 2478 1579 509 4183 4139 3682 81 899 727 485 87 428 55 3584 1974 1482 1386 1184 112 69 96 66 492 444 126 318 135 1610 1560
is_linear=0
shrinkage=0.04


Tree=117
num_leaves=31
num_cat=0
split_feature=0 8 16 0 18 11 16 5 18 10 11 20 16 16 17 17 13 2 0 11 10 10 8 6 14 7 6 7 6 2
split_gain=2.99685 1.35891 2.16327 1.2883 1.3027 0.926437 0.966374 0.805994 0.944416 0.777884 0.750963 0.869669 1.52915 0.699877 0.679431 0.676158 0.932092 0.80508 0.65978 0.58809 0.578659 0.80078 1.1851 1.1382 1.38748 0.575427 1.14178 0.568011 1.65949 0.689005
threshold=5.4500000000000011 6.8500000000000005 692.50000000000011 17.550000000000004 1.0000000180025095e-35 2.2500000000000004 82.500000000000014 13.250000000000002 -0.3794095225512602 5.7500000000000009 12.450000000000001 1.0000000180025095e-35 127.50000000000001 157.50000000000003 0.25881904510252091 0.12940952255126045 12.950000000000001 14.050000000000002 6.2500000000000009 -6.8499999999999988 8.6500000000000004 10.850000000000003 9.4500000000000011 13.991666666666664 196.50000000000003 3.4729166666666669 4.8749999999999991 2.2354166666666671 3.0333333333333297 4.9500000000000011
decision_type=2 2 2 2 2 2 2 2 2 2 2 2 2 2 2 2 2 2 2 2 2 2 2 2 2 2 2 2 2 2
left_child=1 19 14 4 5 13 -7 10 9 -9 11 12 -8 20 -3 16 17 -6 -12 -1 -2 22 -22 24 -23 26 -17 28 -21 -29
right_child=3 2 -4 -5 15 6 7 8 -10 -11 18 -13 -14 -15 -16 25 -18 -19 -20 27 21 23 -24 -25 -26 -27 -28 29 -30 -31
leaf_value=0.0068708812518748566 0.0076717164093980765 0.0043025111847231701 -0.011472226048498506 0.16377664150548824 0.0083679122619229381 0.011944981601450943 0.0020262523953899561 -0.013527861539231896 0.013538290037292899 -0.023768918200257966 -0.01069969710289562 0.0050695630110674864 -0.050941000974394711 -0.0081252181701648805 -0.0022278066705850004 0.010674799941680061 -0.011762483975745777 -0.010284614371507548 0.0086175341244804169 -0.00021445292743417203 -0.032583273196932432 0.014231800286286685 -0.0052617829034573961 -0.084276936289973889 -0.0065363042584971817 0.019231612699400543 -0.0067723627341736894 0.00033736412033707293 -0.0041429947643569507 -0.00071825476345687637
leaf_weight=82 105 27 25 388 424 701 27 45 34 43 31 56 40 29 26 41 42 60 284 296 28 161 36 26 47 840 31 2067 30 589
leaf_count=82 105 27 25 388 424 701 27 45 34 43 31 56 40 29 26 41 42 60 284 296 28 161 36 26 47 840 31 2067 30 589
internal_value=0.000913239 1.52722e-05 -0.00516456 0.00171477 0.00144444 0.000691854 0.0012393 1.48746e-10 -0.00286179 -0.00503371 0.000801822 -0.00183871 -0.00488235 -0.000905312 -0.000518518 0.0023294 0.00118406 0.00168247 0.00183544 0.000148777 -0.000465346 -0.00136455 -0.00529231 -0.00027234 0.000727273 0.00298795 -0.000438356 5.63193e-05 -0.00151682 0.000249906
internal_weight=6661 3142 78 3519 3131 1693 1261 560 122 88 438 123 67 432 53 1438 526 484 315 3064 403 298 64 234 208 912 72 2982 326 2656
internal_count=6661 3142 78 3519 3131 1693 1261 560 122 88 438 123 67 432 53 1438 526 484 315 3064 403 298 64 234 208 912 72 2982 326 2656
is_linear=0
shrinkage=0.04


Tree=118
num_leaves=31
num_cat=0
split_feature=0 8 0 6 11 18 13 18 0 11 1 7 3 9 16 7 18 11 12 16 9 0 3 17 5 5 16 5 12 13
split_gain=2.89735 1.21059 1.02795 0.858073 0.762297 0.661791 0.666102 0.636017 1.59613 1.22498 0.815113 1.15166 0.76437 0.849417 0.657202 0.616874 0.604148 0.659679 1.11752 0.677552 0.602076 0.599891 1.59211 0.599883 0.585202 0.880006 0.562273 0.67162 0.960945 0.556156
threshold=6.9500000000000011 9.1500000000000004 17.550000000000004 17.375000000000004 -5.4499999999999993 1.0000000180025095e-35 12.250000000000002 0.60355339059327384 1.5500000000000003 19.650000000000002 6.1500000000000012 3.9354166666666672 5.6500000000000012 101.50000000000001 1442.5000000000002 15.877083333333335 -0.98296291314453399 2.2500000000000004 88.500000000000014 72.500000000000014 101.50000000000001 5.9500000000000011 7.6500000000000012 0.12940952255126045 3.8500000000000001 2.6500000000000008 42.500000000000007 13.350000000000003 68.500000000000014 8.5500000000000025
decision_type=2 2 2 2 2 2 2 2 2 2 2 2 2 2 2 2 2 2 2 2 2 2 2 2 2 2 2 2 2 2
left_child=1 4 3 5 -1 16 -7 9 14 10 20 -12 -11 -14 24 -5 -2 18 19 -18 -6 22 -13 -8 25 -9 -19 -28 -29 -10
right_child=2 -3 -4 15 7 6 23 8 29 12 11 21 13 -15 -16 -17 17 26 -20 -21 -22 -23 -24 -25 -26 -27 27 28 -30 -31
leaf_value=0.0063311123608467933 0.030803032412167634 -0.0037157635752185455 0.15722557584526869 -0.050237203523216312 -0.00011983917483361918 0.018038703281737102 -0.050099612653625475 -0.00011595569993713239 0.0031969403457428316 0.0043692294106431962 -0.016071378884932801 -0.014794471980385266 0.0019524005880814784 -0.00068619345121048313 -0.0023408551326109866 0.031642859445214624 0.0057444521877290143 0.020998021990112997 -0.017531912382171611 -0.0023882600522107259 -0.0051105321036510765 -0.0013278272856603213 0.00069592980394196386 0.0086769179196203288 0.002916247056375088 -0.0021736391736896874 0.002123435811911315 0.00037874000471967617 -0.019773885081109034 4.7169978129229429e-05
leaf_weight=158 107 41 388 33 1796 938 28 77 789 180 27 30 132 26 55 29 213 300 45 43 27 141 43 27 42 33 472 95 34 312
leaf_count=158 107 41 388 33 1796 938 28 77 789 180 27 30 132 26 55 29 213 300 45 43 27 141 43 27 42 33 472 95 34 312
internal_value=0.000883218 0.00018312 0.00187722 0.00156279 0.000256397 0.00168823 0.0024668 0.000140124 0.000849504 -0.000246359 -0.000612106 -0.00279339 0.0019823 -5.03143e-05 -0.00236538 -0.00304762 0.00109618 0.000837905 -0.000781457 0.000249027 -0.000322368 -0.00178605 -0.0047027 -0.00178571 -0.000993464 -0.00252252 0.00137916 0.000671096 -0.00187692 0.00145554
internal_weight=6661 3909 2752 2364 3868 2302 993 3710 1308 2402 2064 241 338 158 207 62 1309 1202 301 256 1823 214 73 55 152 110 901 601 129 1101
internal_count=6661 3909 2752 2364 3868 2302 993 3710 1308 2402 2064 241 338 158 207 62 1309 1202 301 256 1823 214 73 55 152 110 901 601 129 1101
is_linear=0
shrinkage=0.04


Tree=119
num_leaves=31
num_cat=0
split_feature=0 8 0 1 19 0 18 11 3 20 0 11 4 6 1 1 0 1 14 1 13 6 0 3 20 4 5 16 20 1
split_gain=2.8188 1.20327 0.978538 2.06463 0.90838 0.644794 0.754757 0.802937 0.87858 0.823281 1.15666 0.789092 0.724632 1.08638 0.832224 1.00778 0.716279 0.840219 0.924518 0.674415 0.833898 0.632476 0.737713 1.69389 1.34418 0.634965 0.519471 0.583571 0.61618 0.509949
threshold=6.9500000000000011 9.1500000000000004 13.050000000000002 13.050000000000002 -1.0000000180025095e-35 1.2500000000000002 0.60355339059327384 19.650000000000002 5.6500000000000012 -0.22252093395631442 4.6500000000000012 -5.4499999999999993 10.250000000000002 6.349999999999997 4.1500000000000012 3.3500000000000001 3.7500000000000004 3.4500000000000006 173.50000000000003 0.95000000000000007 15.15 10.558333333333332 10.250000000000002 12.950000000000001 -0.22252093395631442 10.450000000000001 10.750000000000002 1057.5000000000002 -0.22252093395631442 2.7500000000000004
decision_type=2 2 2 2 2 2 2 2 2 2 2 2 2 2 2 2 2 2 2 2 2 2 2 2 2 2 2 2 2 2
left_child=1 5 3 21 -5 19 7 11 -9 -10 -11 -7 -13 14 15 -14 17 -8 -19 20 -1 -2 23 24 -23 -24 27 28 -21 -18
right_child=2 -3 -4 4 -6 6 16 8 9 10 -12 12 13 -15 -16 -17 29 18 -20 26 -22 22 25 -25 -26 -27 -28 -29 -30 -31
leaf_value=0.00071294186285187874 0.0087569290044463982 -0.0035671330322097957 0.059934968233852172 -0.035730673259027866 -0.007364791343394704 0.0055188193328636927 0.0003733734960773349 0.0055571711486692944 0.0023891582343269135 -0.0014097005239716077 0.004045602377784673 -0.00015459564692713677 0.00058675971873666573 -0.010670510087898415 0.0042815221932649156 -0.005766011105814285 -0.0063170387690923459 0.0011932786934837224 -0.014343800990299584 -0.0020287844908566549 -0.002266902635069758 -0.013473801744003974 0.021364172219898881 0.0062980240071065586 -0.0024863465789841019 -0.000556405629281281 -0.0029846499973531582 -0.0020826472225402991 0.0015580742859974506 0.0078541582469816556
leaf_weight=113 1380 41 893 30 50 127 565 174 48 41 66 1764 27 40 44 25 29 41 46 45 43 26 137 118 29 89 25 43 52 510
leaf_count=113 1380 41 893 30 50 127 565 174 48 41 66 1764 27 40 44 25 29 41 46 45 43 26 137 118 29 89 25 43 52 510
internal_value=0.000853197 0.00016266 0.00183364 0.00130968 -0.00493827 0.00023572 0.000391206 -2.37589e-05 0.00180606 -0.000384615 -0.00233333 -0.000321499 -0.000526039 -0.00332847 -0.000989691 -0.00437736 0.00121141 0.00031853 -0.00331818 -0.00147826 0.000407643 0.00159326 0.00019 -0.00177011 -0.0075 0.00169163 -0.00325301 -0.0022695 -0.000530612 0.00228889
internal_weight=6661 3909 2752 1859 80 3868 3547 2356 329 155 107 2027 1900 136 96 52 1191 652 87 321 156 1779 399 173 55 226 165 140 97 539
internal_count=6661 3909 2752 1859 80 3868 3547 2356 329 155 107 2027 1900 136 96 52 1191 652 87 321 156 1779 399 173 55 226 165 140 97 539
is_linear=0
shrinkage=0.04


Tree=120
num_leaves=31
num_cat=0
split_feature=0 17 8 11 13 0 6 5 13 12 13 2 13 5 17 7 9 11 7 6 9 8 12 7 18 5 16 5 13 11
split_gain=1.98975 1.4197 1.15508 1.13867 1.38326 0.854024 1.65853 1.01337 0.811177 0.592255 0.588349 0.887582 0.868472 0.741609 0.771911 1.18977 0.662507 0.609275 0.597272 0.930873 0.532428 0.527819 0.521373 0.566886 1.25037 0.58565 0.557425 0.625923 0.521429 0.567872
threshold=5.0500000000000007 -0.25881904510252113 6.7500000000000009 19.650000000000002 11.050000000000002 16.650000000000002 15.700000000000001 11.550000000000002 4.5500000000000007 76.500000000000014 7.4500000000000011 3.2500000000000004 7.7500000000000009 10.850000000000003 0.60355339059327384 5.6895833333333341 89.500000000000014 -5.4499999999999993 2.9104166666666673 2.066666666666666 84.500000000000014 4.9500000000000011 76.500000000000014 4.8770833333333341 -0.5 4.0500000000000007 27.500000000000004 3.0500000000000003 4.0500000000000007 2.7500000000000004
decision_type=2 2 2 2 2 2 2 2 2 2 2 2 2 2 2 2 2 2 2 2 2 2 2 2 2 2 2 2 2 2
left_child=2 5 10 4 9 6 -2 -8 -4 -3 11 22 -12 14 -13 -16 17 -14 19 20 -19 -20 -1 25 -25 26 -24 28 29 -28
right_child=1 3 8 -5 -6 -7 7 -9 -10 -11 12 13 16 -15 15 -17 -18 18 21 -21 -22 -23 23 24 -26 -27 27 -29 -30 -31
leaf_value=0.0016296953181504565 0.00086579359248023524 0.012829056622590021 -0.00029815889413334156 0.017706627219648753 -0.023514810275750302 0.10327781820801604 -0.045141494805974229 0.00039344660617686943 -0.0088097545102262132 0.0061142608607091115 -0.0012800281399947266 -1.1627448701153043e-05 0.0039994300818939942 0.0035167616645985682 -0.0004015352663387204 -0.0041346692628745681 0.00035461923331873979 -0.00017099179669859073 -6.2676634723475799e-05 -0.0074774866861718236 -0.0020138588972940584 -0.008664322160269456 0.0023956516650424941 -0.0024331402246025118 0.0015325179860649894 0.0028683210241465282 7.9604441763592997e-05 -0.0032923453475803169 0.0032807315438278194 -0.00039752055916532179
leaf_weight=538 1027 846 26 557 48 152 39 34 27 1005 37 716 34 76 137 39 228 67 335 27 25 33 96 41 62 147 114 43 58 32
leaf_count=538 1027 846 26 557 48 152 39 34 27 1005 37 716 34 76 137 39 228 67 335 27 25 33 96 41 62 147 114 43 58 32
internal_value=0.000870167 0.00148611 9.25486e-05 0.00204477 0.00157684 0.000389465 1.48876e-10 -0.00578378 -0.0057037 0.00175162 0.00020097 0.000550476 -0.000731893 -0.000338493 -0.000662934 -0.00302825 -0.000432 -0.00121839 -0.00158197 -0.00403333 -0.00206452 -0.000780488 0.00131095 0.000491583 -0.00219231 0.00105906 0.000151163 -0.000854839 7.80489e-05 -0.00119728
internal_weight=6646 3708 2938 2456 1899 1252 1100 73 53 1851 2885 2099 786 968 892 176 749 521 487 119 92 368 1131 593 103 490 343 247 204 146
internal_count=6646 3708 2938 2456 1899 1252 1100 73 53 1851 2885 2099 786 968 892 176 749 521 487 119 92 368 1131 593 103 490 343 247 204 146
is_linear=0
shrinkage=0.04


Tree=121
num_leaves=31
num_cat=0
split_feature=0 0 2 13 18 10 3 12 4 11 16 11 11 16 13 4 0 11 3 6 11 2 4 14 4 0 11 14 7 5
split_gain=2.01484 0.911836 1.72243 0.856918 0.878718 1.34922 0.844839 0.781499 1.60439 0.760993 0.749144 0.967004 1.08946 1.54126 1.07219 0.718875 0.714274 0.670253 0.677953 0.660431 0.540358 0.925001 0.695937 0.962568 1.07073 0.573761 0.828674 0.566054 0.563657 0.666917
threshold=7.7500000000000009 17.550000000000004 18.350000000000005 19.150000000000002 0.60355339059327384 6.1500000000000012 1.4500000000000002 87.500000000000014 3.0500000000000003 -5.8499999999999988 72.500000000000014 14.550000000000002 9.5500000000000025 277.50000000000006 2.5500000000000003 17.950000000000003 5.2500000000000009 3.6500000000000008 10.750000000000002 4.6916666666666655 19.850000000000005 9.3500000000000032 10.250000000000002 241.50000000000003 12.750000000000002 2.5500000000000003 24.150000000000002 82.500000000000014 2.2354166666666671 2.5500000000000003
decision_type=2 2 2 2 2 2 2 2 2 2 2 2 2 2 2 2 2 2 2 2 2 2 2 2 2 2 2 2 2 2
left_child=3 2 7 4 6 16 19 10 -9 -8 -2 12 14 -14 -12 -4 -6 18 -10 -1 22 25 28 -24 -25 26 -22 -27 29 -11
right_child=1 -3 15 -5 5 -7 9 8 17 20 11 -13 13 -15 -16 -17 -18 -19 -20 -21 21 -23 23 24 -26 27 -28 -29 -30 -31
leaf_value=0.0013998594766361165 0.016581450288177913 0.15771252331006896 -0.053246229285503689 -0.0020137528591494167 -3.682461855773939e-05 0.008456434134461923 0.0082268164910985937 -0.035790421046204855 0.0025219176044764787 -0.0011670638067854326 -0.032794750609745037 0.011690873011492861 0.00018748611496163488 -0.064516352494774012 0.0047412141979020711 0.0096537636314864769 0.0094777915168712274 0.024349187718697787 -0.055671387365873619 -0.0017432538713829627 -0.00055436844363468689 -0.0040553712195507494 -0.0015871437462128498 -0.010213137927333691 -0.00037475043741408794 -0.00063539953057489189 0.00069134992678244762 0.0049241084777210033 -0.00011825033494147104 -0.0041464791981913
leaf_weight=222 818 381 49 49 833 319 115 35 62 111 31 671 31 25 140 26 251 84 25 25 30 28 127 28 28 41 32 223 1777 29
leaf_count=222 818 381 49 49 833 319 115 35 62 111 31 671 31 25 140 26 251 84 25 25 30 28 127 28 28 41 32 223 1777 29
internal_value=0.000846096 0.0017789 0.00143544 0.000326072 0.000387678 0.00120513 -1.98792e-05 0.00166823 -0.000657005 -0.000235019 0.00194758 0.00114794 -0.00110526 -0.00589474 0.000488372 -0.00447368 0.000530876 0.000953488 -0.0015 0.00220968 -0.000384521 0.00105916 -0.000628272 -0.00297826 -0.00729825 0.00166361 -0.00177778 0.00247547 -0.000402502 -0.00283688
internal_weight=6646 2378 1997 4268 4219 1403 2816 1922 206 2569 1716 898 227 56 171 75 1084 171 87 247 2454 354 2100 183 56 326 62 264 1917 140
internal_count=6646 2378 1997 4268 4219 1403 2816 1922 206 2569 1716 898 227 56 171 75 1084 171 87 247 2454 354 2100 183 56 326 62 264 1917 140
is_linear=0
shrinkage=0.04


Tree=122
num_leaves=31
num_cat=0
split_feature=8 13 1 0 8 6 16 5 5 12 8 4 17 2 17 17 16 5 13 9 13 11 2 2 9 11 12 13 3 3
split_gain=1.92699 1.15367 1.00764 0.884373 0.888077 0.860413 0.792081 0.985671 1.10088 0.704432 0.769575 0.751687 0.735884 0.952368 0.729502 0.684263 0.673831 0.623471 0.59213 0.56759 0.927974 0.786691 0.712736 0.664228 1.09003 1.65972 0.773676 0.649106 0.802865 0.686839
threshold=13.750000000000002 19.150000000000002 13.750000000000002 5.0500000000000007 6.7500000000000009 10.341666666666667 2212.5000000000005 13.850000000000003 22.250000000000004 86.500000000000014 5.7500000000000009 1.3500000000000003 0.78656609248549325 9.0500000000000025 0.12940952255126045 -0.37940952255126065 1427.5000000000002 5.3500000000000005 4.5500000000000007 82.500000000000014 7.4500000000000011 -0.6499999999999998 1.2500000000000002 3.5500000000000003 77.500000000000014 0.8500000000000002 76.500000000000014 5.1500000000000012 6.2500000000000009 4.1500000000000012
decision_type=2 2 2 2 2 2 2 2 2 2 2 2 2 2 2 2 2 2 2 2 2 2 2 2 2 2 2 2 2 2
left_child=1 2 3 4 19 9 7 -7 15 11 -11 -5 13 -12 -13 -9 -3 -2 -6 20 23 -22 -23 26 27 -26 -1 -25 29 -29
right_child=17 16 -4 5 18 6 -8 8 -10 10 12 14 -14 -15 -16 -17 -18 -19 -20 -21 21 22 -24 24 25 -27 -28 28 -30 -31
leaf_value=0.0015990495416272649 0.0018615865047080125 -0.00087771401728670888 -0.031893979310482469 -0.0060851434808867925 -0.00027115954182829098 0.0054613121897478132 -0.0087904915903840395 -0.0026971699950658597 0.034756143822910993 -0.046517826659555263 0.022874279584439612 0.0037054796913017982 -0.0029276206294924483 -0.013371387727115869 0.0094359009859394157 -0.02113707591858853 -0.010904191222407981 0.036102292968817749 -0.008454588533738901 0.00039064441942106499 0.0086822792447207447 0.0017873875708583615 -0.0028469770046276833 0.00017008534107411355 0.0040187189685825303 -0.0084328390249506363 9.2310229280553963e-06 -8.5870213365100303e-05 0.00019770457100074497 -0.01581908574123083
leaf_weight=429 181 25 41 69 26 298 29 30 29 25 138 792 98 43 1044 28 25 855 27 701 34 46 316 521 29 32 634 27 48 26
leaf_count=429 181 25 41 69 26 298 29 30 29 25 138 792 98 43 1044 28 25 855 27 701 34 46 316 521 29 32 634 27 48 26
internal_value=0.000791936 0.00049902 0.000553857 0.000600725 0.000118744 0.00113262 -0.000539759 -5.18133e-05 -0.00377273 0.00144615 -0.000340983 0.00173137 0.000271429 0.00178022 0.00188568 -0.00691525 -0.0054902 0.00237608 -0.00496296 0.00021519 -0.000108259 -0.0018539 -0.0024022 0.000288495 -0.00068421 -0.00574194 0.000913534 -0.000179775 -0.00309804 -0.00644444
internal_weight=6646 5610 5560 5519 2896 2623 414 385 87 2209 304 1905 279 181 1836 58 50 1036 53 2843 2142 396 362 1746 683 61 1063 622 101 53
internal_count=6646 5610 5560 5519 2896 2623 414 385 87 2209 304 1905 279 181 1836 58 50 1036 53 2843 2142 396 362 1746 683 61 1063 622 101 53
is_linear=0
shrinkage=0.04


Tree=123
num_leaves=31
num_cat=0
split_feature=0 17 13 11 17 14 20 17 11 11 6 5 1 11 17 15 5 17 8 18 11 5 13 6 5 18 5 4 8 1
split_gain=1.86164 1.536 1.61467 1.3488 0.925781 1.65765 1.37415 1.19868 1.08396 1.07629 1.12661 1.1767 0.796376 0.680566 0.674533 0.81965 0.636087 1.0621 1.26056 0.85638 0.604867 1.36483 1.60234 3.28771 0.632222 0.631847 1.03276 0.566953 0.56507 1.35876
threshold=16.950000000000003 0.37940952255126054 19.150000000000002 10.750000000000002 0.25881904510252091 174.50000000000003 1.0000000180025095e-35 1.0000000180025095e-35 3.6500000000000008 -3.7499999999999996 15.700000000000001 11.550000000000002 2.6500000000000008 2.5500000000000003 0.60355339059327384 0.65000000000000002 13.350000000000003 -0.70710678118654735 11.250000000000002 -0.78656609248549325 5.8500000000000005 4.6500000000000012 2.9500000000000006 5.7999999999999972 9.1500000000000004 1.0000000180025095e-35 2.7500000000000004 0.75000000000000011 4.1500000000000012 3.0500000000000003
decision_type=2 2 2 2 2 2 2 2 2 2 2 2 2 2 2 2 2 2 2 2 2 2 2 2 2 2 2 2 2 2
left_child=1 2 4 14 7 6 8 9 -6 -1 16 -12 13 -9 -3 20 27 -18 19 -19 25 -22 -23 24 -24 -16 -27 -11 29 -5
right_child=-2 3 -4 28 5 -7 -8 12 -10 10 11 -13 -14 -15 15 -17 17 18 -20 -21 21 22 23 -25 -26 26 -28 -29 -30 -31
leaf_value=0.009304824460246431 0.13979972976403635 0.0026293789426526932 -0.0025194694640177616 0.0027003854693232166 -0.07453397019595584 0.0015164816781897358 0.0019982251400319849 -0.0022159015564846827 -0.013190564675897049 -0.0043525972630368065 -0.040270443123790078 0.0057872771537448861 0.01227951266847122 0.00062237878842001041 -0.00032608841632925843 -0.0050141023468149512 0.00402712109224057 -0.0026932843398383439 0.02017183389597153 -0.021547099701376991 0.0039385307324946101 0.017726675507229749 -0.001514167346180019 -0.027140646305071174 0.0004738616482817859 -0.0021841369168414297 0.006814885912697374 8.9735909200234584e-05 0.012796051098373019 -0.0029448493324468706
leaf_weight=160 421 307 35 91 31 150 39 39 33 36 41 41 410 65 402 31 69 38 41 37 60 31 44 26 29 53 446 2652 755 33
leaf_count=160 421 307 35 91 31 150 39 39 33 36 41 41 410 65 402 31 69 38 41 37 60 31 44 26 29 53 446 2652 755 33
internal_value=0.00075583 0.000581433 9.90303e-05 0.00139974 0.000177183 -0.00215748 -0.00603846 0.000340496 -0.0096 4.49295e-05 -0.000128552 -0.00472289 0.00212816 -0.000990476 0.00064056 0.000185218 4.17551e-06 -0.00225806 -0.0045812 -0.00763158 0.000369964 -0.00167539 -0.00396947 -0.00644 -0.002 0.000802661 0.001752 0.000160655 0.00263182 0.000128
internal_weight=6646 6225 3917 2308 3882 253 103 3629 64 3115 2955 82 514 104 1429 1122 2873 185 116 75 1091 190 130 99 73 901 499 2688 879 124
internal_count=6646 6225 3917 2308 3882 253 103 3629 64 3115 2955 82 514 104 1429 1122 2873 185 116 75 1091 190 130 99 73 901 499 2688 879 124
is_linear=0
shrinkage=0.04


Tree=124
num_leaves=31
num_cat=0
split_feature=8 17 7 18 11 13 9 14 12 11 10 10 14 18 12 11 4 5 20 3 7 17 5 3 12 17 8 18 16 20
split_gain=1.76562 1.33009 0.988764 0.941209 1.30013 1.00996 0.990398 0.855403 0.839189 0.811874 0.824096 1.44952 1.34039 1.04871 1.33947 0.922747 1.40047 1.07727 0.87856 1.34797 1.2729 0.810974 0.772844 0.756327 0.709475 0.700178 1.05494 0.591008 0.683394 0.5554
threshold=18.250000000000004 -0.25881904510252113 2.3145833333333337 1.0000000180025095e-35 6.8500000000000005 11.950000000000001 75.500000000000014 285.50000000000006 30.500000000000004 -3.7499999999999996 3.8500000000000001 6.2500000000000009 135.50000000000003 -0.60355339059327384 64.500000000000014 6.4500000000000011 8.6500000000000004 4.1500000000000012 1.0000000180025095e-35 4.9500000000000011 7.0916666666666677 -0.60355339059327362 7.2500000000000009 10.550000000000002 61.500000000000007 -0.37940952255126065 7.8500000000000005 -0.60355339059327384 72.500000000000014 1.0000000180025095e-35
decision_type=2 2 2 2 2 2 2 2 2 2 2 2 2 2 2 2 2 2 2 2 2 2 2 2 2 2 2 2 2 2
left_child=1 9 -3 4 7 -5 8 24 -6 -1 13 12 18 14 -11 22 17 -17 -12 -20 -21 23 27 29 -4 -15 -27 -14 -29 -13
right_child=-2 2 3 5 6 -7 -8 -9 -10 10 11 21 15 25 -16 16 -18 -19 19 20 -22 -23 -24 -25 -26 26 -28 28 -30 -31
leaf_value=0.011731807890998369 0.10153662125580558 -0.00061644810928173591 0.004696897755395911 0.0061615653539089342 -0.0011854742257180865 -0.00091879502010611233 -0.0084803146212593817 -0.0036525287139992386 0.0084399239966823306 -0.020159446607060778 0.0013298550499969781 -0.0004296134904988024 0.0081479917685974793 0.00033544548776660214 0.0029921432031310541 -0.0097435021441467148 -0.047622499249395121 0.00068110598129874126 0.00018176589649100249 -0.015518247952372445 -0.001670818608641586 0.0069530416252233948 -0.0057342089305314229 -0.0069629315671830248 -0.00028392745170509234 0.0015745387930976237 -0.06918939542240303 -0.0014717717305175336 -0.00035622184929246301 0.0015443877712765152
leaf_weight=127 471 228 63 1535 28 145 38 39 639 34 183 226 50 1056 32 29 45 44 72 26 37 178 29 59 830 150 38 25 46 144
leaf_count=127 471 228 63 1535 28 145 38 39 639 34 183 226 50 1056 32 29 45 44 72 26 37 178 29 59 830 150 38 25 46 144
internal_value=0.000785919 0.00060557 0.00111111 0.00128632 0.000603175 0.00195122 0.00189802 -0.000377277 0.00225749 -7.60166e-05 -0.000234824 -0.000994975 -0.00241227 0.000457666 -0.00441791 -0.00449071 -0.00712605 -0.00362162 -0.000652037 -0.00308824 -0.0073125 0.000375 -0.00238411 -0.000567442 -0.000120805 0.000719679 -0.00152381 -0.00095082 -0.00327778 0.000107817
internal_weight=6646 6175 3545 3317 1637 1680 705 932 667 2630 2503 1193 586 1310 66 268 118 73 318 135 63 607 150 429 893 1244 188 121 71 370
internal_count=6646 6175 3545 3317 1637 1680 705 932 667 2630 2503 1193 586 1310 66 268 118 73 318 135 63 607 150 429 893 1244 188 121 71 370
is_linear=0
shrinkage=0.04


Tree=125
num_leaves=31
num_cat=0
split_feature=0 8 2 17 0 8 13 9 0 0 12 16 9 17 0 2 8 6 7 13 2 19 7 13 4 6 4 6 8 6
split_gain=2.35997 1.43948 0.848221 2.04704 1.11551 1.45207 1.4734 1.60974 1.39724 0.853897 0.783116 0.738524 0.830231 0.733273 0.851133 1.17894 0.710125 0.892756 1.05437 0.629282 0.61224 0.821825 1.12274 0.756218 0.608422 1.15226 0.631444 0.769312 0.590046 0.761151
threshold=10.450000000000001 12.050000000000002 10.550000000000002 0.60355339059327384 6.2500000000000009 6.9500000000000011 3.2500000000000004 84.500000000000014 5.2500000000000009 9.4500000000000011 90.500000000000014 67.500000000000014 94.500000000000014 0.37940952255126054 17.550000000000004 14.250000000000002 5.2500000000000009 5.2166666666666659 3.9354166666666672 10.050000000000002 3.2500000000000004 -0.8783796973249266 2.3145833333333337 0.75000000000000011 21.350000000000005 17.375000000000004 12.950000000000001 15.091666666666667 10.050000000000002 10.65
decision_type=2 2 2 2 2 2 2 2 2 2 2 2 2 2 2 2 2 2 2 2 2 2 2 2 2 2 2 2 2 2
left_child=1 2 4 9 5 16 -7 -8 -9 28 -6 -3 -13 14 15 -2 19 -18 -19 20 -1 -22 -23 -24 25 26 27 -17 29 -4
right_child=13 11 3 -5 10 6 7 8 -10 -11 -12 12 -14 -15 -16 24 17 18 -20 -21 21 22 23 -25 -26 -27 -28 -29 -30 -31
leaf_value=0.00038160294841133534 0.019643477628299617 0.001005292294054173 -0.0041538269884591264 -0.0052955304120259651 0.0081684290276685355 0.0019409233454785895 -0.010147202703529978 -0.010464909037224277 0.0016596901345987544 0.01426737998582526 -0.0027603077011111232 -0.018311320360999285 -0.00199697500144831 0.041765315366351682 0.10656057586562949 -0.059771585520830055 0.0096189175035489727 -0.010030771854899074 0.0029874703754512646 -0.00043546516800106933 0.0030773755807032735 -0.0042082472467878237 -0.0020026761354084068 -0.00012774481536694611 0.028131810027804433 -0.036447077692110072 0.0055423682446187738 7.3914025626683741e-06 -0.0094999826240657007 0.0038617202587927306
leaf_weight=1270 341 48 72 31 1243 60 42 25 57 56 86 38 29 631 233 38 378 28 324 493 137 28 52 690 25 32 51 51 29 90
leaf_count=1270 341 48 72 31 1243 60 42 25 57 56 86 38 29 631 233 38 378 28 324 493 137 28 52 690 25 32 51 51 29 90
internal_value=0.000827545 0.000441681 0.000540062 -0.00160573 0.000661783 0.000294561 -0.00315676 -0.005632 -0.00231325 -0.000370968 0.00165113 -0.00396552 -0.00664706 0.00228653 0.00145596 0.00057885 0.000482211 0.00158687 0.000135977 0.000179708 0.000471993 -0.000321586 -0.000830091 -0.000527591 -0.00187879 -0.00272832 -0.00113475 -0.00315556 -0.00164583 -0.000687116
internal_weight=6708 5306 5191 278 4913 3584 184 124 82 247 1329 115 67 1402 771 538 3400 730 352 2670 2177 907 770 742 197 172 140 89 191 162
internal_count=6708 5306 5191 278 4913 3584 184 124 82 247 1329 115 67 1402 771 538 3400 730 352 2670 2177 907 770 742 197 172 140 89 191 162
is_linear=0
shrinkage=0.04


Tree=126
num_leaves=31
num_cat=0
split_feature=0 1 17 13 7 18 17 17 20 8 0 12 8 13 10 6 5 20 3 0 1 2 0 13 4 8 2 11 7 12
split_gain=2.45742 1.50994 2.10215 0.825957 1.40641 0.865375 1.12759 1.01361 1.06522 0.95175 0.889347 0.7961 0.787721 1.1945 0.914 0.780036 0.765631 0.731644 0.75557 0.7158 2.52491 0.6623 0.729846 0.844599 0.824099 0.758716 0.653023 0.656938 0.605167 0.608139
threshold=10.450000000000001 10.15 0.37940952255126054 11.050000000000002 12.531250000000002 0.1294095225512602 -1.0000000180025095e-35 -0.37940952255126065 1.0000000180025095e-35 12.15 3.3500000000000001 78.500000000000014 3.0500000000000003 3.1500000000000008 1.9500000000000002 2.8333333333333299 8.1500000000000004 0.81174490092936691 8.3500000000000032 17.550000000000004 17.950000000000003 0.65000000000000002 5.2500000000000009 13.450000000000001 4.1500000000000012 2.4500000000000006 13.850000000000003 3.6500000000000008 1.9000000000000001 90.500000000000014
decision_type=2 2 2 2 2 2 2 2 2 2 2 2 2 2 2 2 2 2 2 2 2 2 2 2 2 2 2 2 2 2
left_child=1 3 16 5 21 9 7 10 -9 -1 11 12 14 -14 -7 -13 -3 -12 -19 20 26 -5 23 24 25 -23 -2 -28 -8 -30
right_child=19 2 -4 4 -6 6 28 8 -10 -11 17 15 13 -15 -16 -17 -18 18 -20 -21 -22 22 -24 -25 -26 -27 27 -29 29 -31
leaf_value=0.00018302094399240862 0.027338945228241877 -0.0074712334863009603 -0.016276139442671943 -0.0015719410505382119 -0.032862989431259794 -0.00021759629956383136 -0.00024241544304219394 0.0010078722082541044 -0.017320849541539167 -0.0067099256033540016 0.0059932039981083129 -0.00063963858767445195 -0.006357225267062212 1.1675476022709282e-05 0.0016038030861622483 0.0010076338089431505 0.0082202464584918769 0.010634819526645975 -0.0044726799994596516 0.13503430316461412 -0.067343336733405867 -0.0055774348975841286 0.0043187369904937427 0.00050452964341120017 -3.2436230538309497e-05 -0.0040562653509480899 -0.060573833218189689 0.0054336313941130343 0.0056537994756724261 -0.003005142940276216
leaf_weight=2406 670 67 38 43 25 108 43 119 88 40 333 35 25 63 142 32 57 28 25 408 28 41 120 211 102 28 45 251 1042 45
leaf_count=2406 670 67 38 43 25 108 43 119 88 40 333 35 25 63 142 32 57 28 25 408 28 41 120 211 102 28 45 251 1042 45
internal_value=0.000797735 0.000403995 -0.0033865 0.000524004 -0.000910683 0.000702951 0.00129263 0.000312312 -0.00217308 0.00018962 0.000964647 -0.000344827 0.000448378 -0.00278652 0.00159363 -0.00429412 -0.000832 0.00233592 -0.002 0.00228653 0.00170452 -0.00047619 -6.36181e-05 -0.00091906 -0.003 -0.00634286 0.00205171 0.000484849 0.00215738 0.00234191
internal_weight=6708 5306 162 5144 570 4574 2128 998 207 2446 791 405 338 88 250 67 124 386 53 1402 994 545 502 382 171 69 966 296 1130 1087
internal_count=6708 5306 162 5144 570 4574 2128 998 207 2446 791 405 338 88 250 67 124 386 53 1402 994 545 502 382 171 69 966 296 1130 1087
is_linear=0
shrinkage=0.04


Tree=127
num_leaves=31
num_cat=0
split_feature=0 8 0 16 13 13 0 2 5 7 8 12 4 17 13 11 8 13 17 18 17 4 12 5 7 7 7 4 20 7
split_gain=2.52376 1.47058 1.46752 1.71049 1.85252 0.928722 0.819002 1.75098 0.884835 0.700039 0.64358 0.628769 2.09154 0.654534 0.586481 0.822305 1.33223 0.820254 1.05502 0.531948 0.905111 0.551673 0.628986 1.11157 1.04554 0.982208 0.874202 0.931065 0.598768 0.544606
threshold=9.4500000000000011 10.050000000000002 7.4500000000000011 142.50000000000003 4.6500000000000012 19.150000000000002 18.950000000000003 18.350000000000005 17.550000000000004 2.4354166666666672 17.650000000000002 87.500000000000014 4.7500000000000009 -0.25881904510252113 3.7500000000000004 3.9500000000000006 1.5500000000000003 9.6500000000000004 0.91597561503675362 -0.12940952255126037 0.12940952255126045 3.5500000000000003 28.500000000000004 7.6500000000000012 3.8770833333333337 5.1020833333333346 3.6854166666666672 4.0500000000000007 1.0000000180025095e-35 10.583333333333336
decision_type=2 2 2 2 2 2 2 2 2 2 2 2 2 2 2 2 2 2 2 2 2 2 2 2 2 2 2 2 2 2
left_child=1 5 -3 -4 -5 9 7 11 10 14 -9 13 -13 -2 15 16 -1 18 -16 -11 21 -21 23 25 26 -23 27 -24 -27 -26
right_child=6 2 3 4 -6 -7 -8 8 -10 19 -12 12 -14 -15 17 -17 -18 -19 -20 20 -22 22 24 -25 29 28 -28 -29 -30 -31
leaf_value=-0.0023315547578929259 0.0032819665226465535 -0.0046587309325847471 0.0066963697928207654 -0.018786914704365828 -0.0022743247123475038 -0.0019865604603423832 0.19558950450133303 -0.023661002612138209 0.014070141349602924 9.5057528747639539e-05 -0.059648703042717986 -0.073173713234105472 0.0085120843939073213 0.023950621852951527 0.0017722115924382993 -0.0027226694622727371 0.00033261442214149419 -0.0021142252826866497 -0.00060152165205262179 0.0017153940497755349 0.003787023545665992 9.7348719009624128e-05 -0.0048968152619422679 0.0024126266158798503 0.0006277874195446451 -0.00091726782380885971 -0.0049433984160304331 0.00042591882284095722 -0.022782671926942825 0.0081507612808551025
leaf_weight=36 361 40 88 33 58 48 322 37 27 1780 30 38 104 802 139 46 148 89 25 251 1010 51 33 81 721 65 27 84 44 90
leaf_count=36 361 40 88 33 58 48 322 37 27 1780 30 38 104 802 139 46 148 89 25 251 1010 51 33 81 721 65 27 84 44 90
internal_value=0.000726189 0.000270249 -0.00292727 -0.00135556 -0.00517391 0.000417698 0.00204646 0.00162571 -0.00362105 0.000474476 -0.00605882 0.00200613 -0.000503496 0.00231271 -0.000966942 -0.00242424 -0.00121081 0.000362205 0.00203636 0.000638981 0.00102034 0.000378453 2.00503e-05 -0.00180165 0.000481172 -0.00372671 -0.00264828 -0.00111864 -0.00585455 0.00103941
internal_weight=6708 4987 219 179 91 4768 1721 1399 94 4720 67 1305 142 1163 483 230 184 253 164 4237 2457 1447 1196 241 955 160 144 117 109 811
internal_count=6708 4987 219 179 91 4768 1721 1399 94 4720 67 1305 142 1163 483 230 184 253 164 4237 2457 1447 1196 241 955 160 144 117 109 811
is_linear=0
shrinkage=0.04


Tree=128
num_leaves=31
num_cat=0
split_feature=0 1 13 17 11 4 8 1 8 4 0 1 7 0 1 8 0 1 0 9 5 6 13 7 3 6 13 5 5 14
split_gain=2.55684 1.37586 0.930786 0.733273 0.994957 1.17222 0.688503 1.54397 0.658929 0.938065 0.686118 1.38227 1.16522 0.862828 1.44065 0.718717 0.701507 1.65913 1.15068 0.883109 0.697986 1.20904 1.41017 0.660089 0.652375 0.64945 0.630763 0.538001 0.856247 0.502223
threshold=10.450000000000001 11.450000000000001 19.150000000000002 0.37940952255126054 2.3500000000000001 7.0500000000000007 18.750000000000004 17.950000000000003 12.15 6.4500000000000011 9.4500000000000011 9.6500000000000004 6.9666666666666677 7.7500000000000009 8.0500000000000025 8.9500000000000011 6.2500000000000009 6.0500000000000007 4.8500000000000005 76.500000000000014 8.7500000000000018 7.4833333333333307 2.4500000000000006 6.2562500000000014 9.4500000000000011 6.1166666666666663 4.1500000000000012 7.3500000000000005 10.15 183.50000000000003
decision_type=2 2 2 2 2 2 2 2 2 2 2 2 2 2 2 2 2 2 2 2 2 2 2 2 2 2 2 2 2 2
left_child=1 2 8 4 5 -2 7 -6 10 -10 11 13 -13 14 15 16 17 18 25 20 21 22 -19 -17 -16 -1 -14 29 -29 -27
right_child=3 -3 -4 -5 6 -7 -8 -9 9 -11 -12 12 26 -15 24 23 -18 19 -20 -21 -22 -23 -24 -25 -26 27 -28 28 -30 -31
leaf_value=0.00010254561291197455 -0.071604096800166564 -0.024195808085145799 -0.0019070980419286809 0.03933364765069669 0.0085711305987629088 0.027713059814086918 0.098057880353506155 -0.047351863292867016 -0.0058626884375350546 0.00068621058666893167 0.010785824846888231 -0.029498968925891079 0.006059398692086773 0.0094514280992330155 -0.004268975211191562 0.00028577653749206459 0.011032072448997274 -0.0016890670041281816 0.0078034456655867454 0.0004439752578402293 0.0011596692797559889 0.0025810381806929865 -0.031229003476893735 -0.0030632727936584854 -0.00060855860564051759 -0.0021409913985110905 -0.011690323978954543 -0.0010873433645194254 2.6870992082057986e-05 0.0055562620870891555
leaf_weight=2614 36 45 48 631 430 39 241 25 37 64 237 25 31 534 42 28 543 26 570 83 31 30 44 40 51 61 40 27 27 28
leaf_count=2614 36 45 48 631 430 39 241 25 37 64 237 25 31 534 42 28 543 26 570 83 31 30 44 40 51 61 40 27 27 28
internal_value=0.000767924 0.000366309 0.000426454 0.00228653 0.00145596 -0.00289474 0.00192826 0.00100877 0.000477944 -0.00270588 0.000541365 0.000438884 -0.00428866 0.000534728 0.000343853 0.000454611 0.000522889 0.000317335 0.00053726 -0.00308837 -0.00512121 -0.00673267 -0.00957746 -0.0035942 -0.00455319 0.000198695 -0.00161111 -0.00241667 -0.00552727 -0.000488889
internal_weight=6708 5306 5261 1402 771 75 696 455 5213 101 5112 4875 96 4779 4245 4152 4084 3541 3327 214 131 100 70 68 93 2757 71 143 54 89
internal_count=6708 5306 5261 1402 771 75 696 455 5213 101 5112 4875 96 4779 4245 4152 4084 3541 3327 214 131 100 70 68 93 2757 71 143 54 89
is_linear=0
shrinkage=0.04


Tree=129
num_leaves=31
num_cat=0
split_feature=8 2 8 1 12 16 13 1 12 16 5 18 7 2 16 17 12 2 13 18 9 12 9 13 12 20 17 2 1 4
split_gain=1.97022 1.11223 1.09128 1.54766 1.25053 2.59417 1.16662 1.03514 0.989472 1.30774 0.976966 0.884492 0.89988 1.4181 0.858445 0.919914 0.824065 0.964089 0.932425 0.778185 0.76283 0.729573 0.799763 0.678384 0.645397 0.635939 0.95313 0.852318 1.79417 0.786635
threshold=19.750000000000004 18.350000000000005 4.1500000000000012 3.6500000000000008 76.500000000000014 97.500000000000014 10.050000000000002 2.3500000000000001 88.500000000000014 132.50000000000003 17.150000000000002 0.1294095225512602 3.3687500000000008 4.5500000000000007 372.50000000000006 1.0000000180025095e-35 45.500000000000007 6.0500000000000007 5.8500000000000005 -0.3794095225512602 73.500000000000014 56.500000000000007 75.500000000000014 8.1500000000000004 61.500000000000007 -0.22252093395631442 0.91597561503675362 7.7500000000000009 8.4500000000000011 9.1500000000000004
decision_type=2 2 2 2 2 2 2 2 2 2 2 2 2 2 2 2 2 2 2 2 2 2 2 2 2 2 2 2 2 2
left_child=1 2 3 -1 5 -5 -7 23 9 11 19 12 13 -9 15 16 -11 -18 20 -3 24 -17 -23 -4 -19 27 -27 -10 -29 -30
right_child=-2 10 7 4 -6 6 -8 8 25 14 -12 -13 -14 -15 -16 21 17 18 -20 -21 -22 22 -24 -25 -26 26 -28 28 29 -31
leaf_value=8.4089450582340442e-05 0.13466282950086558 -0.047444037196332618 0.00055697578005426025 -0.0058622822077194969 -0.0001267540305213659 0.00045633745758810317 -0.0036177483776246716 0.0036713173966524833 0.0014462132582147302 -0.011330595695680946 0.015921807138948054 0.013764130266058201 0.0075501123558028302 -0.0046525505239371637 0.0023526387289445733 0.016151345522846642 0.004592298412283465 0.010569408311160329 0.0056289605118011298 -0.00097730778331098006 -0.0046173511313208817 0.0036828439143870503 -0.0038040065242181775 -0.0064173007296214725 -0.020457582789483286 0.015089772321608186 -0.011254644234990632 -0.020818419574894723 -0.0032430838236216014 0.0033830671276299891
leaf_weight=1862 382 40 25 26 116 69 25 69 86 41 28 639 1280 45 1131 116 83 27 48 25 49 104 41 33 42 144 42 26 39 25
leaf_count=1862 382 40 25 26 116 69 25 69 86 41 28 639 1280 45 1131 116 83 27 48 25 49 104 41 33 42 144 42 26 39 25
internal_value=0.00078581 0.000617038 0.000682066 -6.09813e-05 -0.00310549 -0.00595041 -0.00277895 0.00105899 0.00113487 0.00132939 -0.00370213 0.0020118 0.00144516 -0.00194783 0.000503862 -0.000789855 -0.00233677 -0.001456 -0.00320958 -0.00636364 -0.00510924 0.000931298 -0.000958904 -0.00420339 -0.00234286 -0.000859504 0.000770054 -0.00257627 -0.00527473 -0.0016
internal_weight=6708 6326 6233 2098 236 120 94 4135 4077 3715 93 2033 1394 114 1682 551 290 249 166 65 118 261 145 58 69 362 186 176 90 64
internal_count=6708 6326 6233 2098 236 120 94 4135 4077 3715 93 2033 1394 114 1682 551 290 249 166 65 118 261 145 58 69 362 186 176 90 64
is_linear=0
shrinkage=0.04


Tree=130
num_leaves=31
num_cat=0
split_feature=0 1 15 13 0 8 8 16 9 9 16 16 17 11 0 13 1 13 16 2 1 17 16 0 1 7 10 8 1 2
split_gain=2.57782 1.78978 1.04497 0.992641 0.907425 2.50237 0.883339 0.72936 0.999232 1.636 0.875069 2.32442 0.804938 1.13994 0.808581 0.829167 0.691576 0.641845 0.621635 1.31079 0.55923 0.998429 0.979819 0.936157 0.72989 1.15396 1.34869 0.904393 1.18625 1.75522
threshold=13.050000000000002 13.050000000000002 1.0000000180025095e-35 19.150000000000002 6.0500000000000007 7.8500000000000005 13.15 517.50000000000011 73.500000000000014 82.500000000000014 347.50000000000006 277.50000000000006 0.91597561503675362 4.0500000000000007 1.9500000000000002 2.8500000000000001 6.7500000000000009 8.4500000000000011 2457.5000000000005 10.250000000000002 5.9500000000000011 0.12940952255126045 42.500000000000007 5.0500000000000007 4.6500000000000012 4.4895833333333348 4.7500000000000009 4.1500000000000012 3.7500000000000004 3.7500000000000004
decision_type=2 2 2 2 2 2 2 2 2 2 2 2 2 2 2 2 2 2 2 2 2 2 2 2 2 2 2 2 2 2
left_child=1 2 3 4 5 20 -3 10 -9 -10 11 12 14 -14 15 -4 -16 -11 -6 -20 23 -22 -23 24 27 26 -26 28 -1 -30
right_child=-2 6 7 -5 18 -7 -8 8 9 17 -12 -13 13 -15 16 -17 -18 -19 19 -21 21 22 -24 -25 25 -27 -28 -29 29 -31
leaf_value=9.4729002247396151e-05 0.053039543235126101 -0.027105110772973087 -0.0044734418056204383 -0.0014110094720515584 0.0060280914141486244 -0.010877371773204881 -0.0027153952929421317 0.0027402382851875969 -0.0088859971902311447 -0.0057000343161763079 0.0037577135948863934 -0.0035404066281540161 0.00061940493555616937 -0.0072853453148689707 0.0038957955659488339 0.00059588464839400079 -0.0033289233664976115 0.0028818013211792783 0.017492392801404893 -0.007923136594537375 0.00046182715378236146 -0.0011551329818630792 -0.021120491936701558 0.011351911710392194 0.0005146659071450806 0.00013166923340314008 -0.01547252401562987 0.0047037999145320289 -0.0096103065504363223 -0.00081266542319635292
leaf_weight=1600 871 45 27 42 1985 41 40 27 25 26 63 26 35 31 243 26 96 25 33 27 118 26 28 330 32 180 63 475 29 89
leaf_count=1600 871 45 27 42 1985 41 40 27 25 26 63 26 35 31 243 26 96 25 33 27 118 26 28 330 32 180 63 475 29 89
internal_value=0.000682476 0.000379157 0.000464777 0.000657384 0.000708721 0.000266932 -0.00534884 -0.00104455 -0.00411538 -0.00644156 -0.000459854 -0.00103918 -0.000366013 -0.00441791 0.0003257 -0.00422222 0.00104706 -0.00223077 0.00135875 -0.00262295 0.000403905 -0.00180347 -0.00625455 0.000540193 0.000272175 -0.00166667 -0.00520833 0.000515953 8.84236e-05 -0.00376471
internal_weight=6704 5833 5748 5098 5056 3011 85 650 103 76 547 484 458 66 392 53 339 51 2045 60 2970 172 54 2798 2468 275 95 2193 1718 118
internal_count=6704 5833 5748 5098 5056 3011 85 650 103 76 547 484 458 66 392 53 339 51 2045 60 2970 172 54 2798 2468 275 95 2193 1718 118
is_linear=0
shrinkage=0.04


Tree=131
num_leaves=31
num_cat=0
split_feature=0 1 15 17 17 13 11 16 3 10 0 2 12 16 16 11 14 14 7 0 8 20 4 3 10 17 11 2 12 17
split_gain=2.31154 1.297 0.988418 1.04315 1.54383 1.22286 0.988473 1.12188 0.920121 0.862428 0.794917 1.92201 0.764535 0.732425 0.699916 0.911368 1.60473 1.18407 1.06746 0.694334 1.24269 0.659077 0.578495 0.573523 0.616835 0.589882 1.08312 0.556493 0.870202 1.27083
threshold=14.15 13.850000000000003 1.0000000180025095e-35 0.37940952255126054 0.25881904510252091 19.250000000000004 -2.0499999999999994 157.50000000000003 15.550000000000002 12.550000000000002 10.450000000000001 11.15 88.500000000000014 117.50000000000001 617.50000000000011 9.5500000000000025 261.50000000000006 321.50000000000006 5.3354166666666671 7.4500000000000011 8.7500000000000018 1.0000000180025095e-35 5.9500000000000011 1.8500000000000003 5.2500000000000009 0.78656609248549325 4.2500000000000009 4.8500000000000005 67.500000000000014 0.60355339059327384
decision_type=2 2 2 2 2 2 2 2 2 2 2 2 2 2 2 2 2 2 2 2 2 2 2 2 2 2 2 2 2 2
left_child=1 2 3 4 5 9 -6 -8 13 -1 11 12 19 -3 15 16 23 18 -18 20 27 -16 -14 24 -4 -25 -27 -5 -29 -30
right_child=-2 8 14 10 6 -7 7 -9 -10 -11 -12 -13 22 -15 21 -17 17 -19 -20 -21 -22 -23 -24 25 -26 26 -28 28 29 -31
leaf_value=0.00019407528651522188 0.06364664066997007 -0.02953560432211523 -0.0060376131909621053 0.001615460542386628 -0.022095793453999452 -0.0020720719591841314 -0.00082438348127188122 -0.035113978768046991 -0.027450042103160169 0.0198498636897304 0.028557182380725906 -0.0087839186308408378 8.8443739236870062e-05 0.016799528128397204 -0.0020482509238466669 0.0025620004759861225 -0.0038350194961652281 0.00010595843693259115 -0.01228587761013176 0.011327750705512523 -0.0060285245611425946 -0.0029619389277754137 -0.017448191259973649 0.0024994209715251442 0.00063675068919259411 0.0014100796055832965 -0.011203372321716547 0.0038030006047480025 0.0079499867481622639 -0.0034969846244780347
leaf_weight=2983 716 25 31 711 28 26 155 26 45 113 253 26 96 28 50 119 42 34 27 413 28 30 30 227 26 41 34 162 43 136
leaf_count=2983 716 25 31 711 28 26 155 26 45 113 253 26 96 28 50 119 42 34 27 413 28 30 30 227 26 41 34 162 43 136
internal_value=0.00067651 0.000419436 0.000495672 0.000679924 0.000253301 0.000476465 -0.00306667 -0.00195604 -0.00412121 0.00055021 0.00142812 0.00110571 0.00128148 -0.000518518 -0.000960725 -0.000474227 -0.00127862 -0.00565385 -0.00862857 0.00153414 0.000999075 -0.00444444 -0.00170079 -1.1111e-05 -0.00365517 0.000686469 -0.00236842 0.00122317 -0.000105263 -0.00202222
internal_weight=6704 5988 5890 5229 3331 3122 209 181 98 3096 1898 1645 1619 53 661 581 462 103 69 1493 1080 80 126 359 57 302 75 1052 341 179
internal_count=6704 5988 5890 5229 3331 3122 209 181 98 3096 1898 1645 1619 53 661 581 462 103 69 1493 1080 80 126 359 57 302 75 1052 341 179
is_linear=0
shrinkage=0.04


Tree=132
num_leaves=31
num_cat=0
split_feature=0 1 0 1 7 2 0 18 11 5 16 7 3 9 11 5 16 18 9 4 16 11 10 0 5 3 7 6 4 16
split_gain=2.08965 1.0799 0.840138 1.0346 1.02142 1.07108 0.889266 0.856918 1.0657 1.19276 1.57182 1.44504 1.02713 0.859266 0.965142 1.17024 0.858093 0.922336 0.886154 0.737556 1.05505 1.02776 0.70187 0.690525 0.684328 0.646682 0.63427 0.629336 0.738283 0.628468
threshold=14.15 13.850000000000003 3.9500000000000006 3.1500000000000008 2.3145833333333337 2.2500000000000004 2.5500000000000003 1.0000000180025095e-35 12.450000000000001 6.4500000000000011 142.50000000000003 4.7479166666666677 4.0500000000000007 68.500000000000014 1.3500000000000003 3.7500000000000004 97.500000000000014 0.91597561503675351 69.500000000000014 10.15 962.50000000000011 24.750000000000004 0.65000000000000002 11.15 2.6500000000000008 5.7500000000000009 5.2854166666666673 14.149999999999997 12.950000000000001 42.500000000000007
decision_type=2 2 2 2 2 2 2 2 2 2 2 2 2 2 2 2 2 2 2 2 2 2 2 2 2 2 2 2 2 2
left_child=1 2 3 6 -5 -6 -1 8 9 13 11 12 -11 -4 -15 25 -9 -18 -19 -20 -21 -22 -23 26 -10 -16 -13 -3 -29 -28
right_child=-2 27 7 4 5 -7 -8 16 24 10 -12 23 -14 14 15 -17 17 18 19 20 21 22 -24 -25 -26 -27 29 28 -30 -31
leaf_value=-2.9526335468390417e-05 0.06110077504317124 0.0048512506064031062 0.0041146174215173376 -0.0024505408040135859 -0.0045447230718169487 -0.00027501221145302381 0.0038855787250916996 0.013064238026013595 -0.00541317559398115 -0.030028788585742261 -0.030226099599523142 0.0067600970729504882 -0.019503951782147467 0.0014223333411654856 -0.01606691200821787 0.00018145988711955167 0.0047903498125090854 -0.049865679904056506 0.003031949541791589 0.019674061692947786 -0.014301598932784777 -0.030367786894314245 0.017462087055283328 0.030923889647896472 0.0066944430037234916 -0.034370003841278945 -0.00010334690694801793 -0.033947841703785411 -0.00053502966430821934 -0.0043698279913322226
leaf_weight=1211 716 29 459 41 28 549 473 742 35 25 50 35 27 94 25 30 716 26 147 47 28 31 28 66 667 25 171 38 31 114
leaf_count=1211 716 29 459 41 28 549 473 742 35 25 50 35 27 94 25 30 716 26 147 47 28 31 28 66 667 25 171 38 31 114
internal_value=0.000670545 0.000426115 0.000495672 -0.000100738 -0.00149919 -0.00105882 0.000413057 0.000878239 0.000269737 -0.000495544 -0.00197955 -0.00120273 -0.00739623 0.000649842 -0.00173714 -0.00493827 0.00150623 0.000753906 -0.00107792 -0.000411347 -0.00254815 -0.00513636 -0.00206667 -0.000351421 0.00149075 -0.00862745 -0.0011215 -0.00371717 -0.00577143 -0.00174825
internal_weight=6704 5988 5890 2302 618 577 1684 3588 1823 1121 488 438 52 633 174 80 1765 1023 307 281 134 87 59 386 702 50 320 98 69 285
internal_count=6704 5988 5890 2302 618 577 1684 3588 1823 1121 488 438 52 633 174 80 1765 1023 307 281 134 87 59 386 702 50 320 98 69 285
is_linear=0
shrinkage=0.04


Tree=133
num_leaves=31
num_cat=0
split_feature=0 1 0 1 2 11 16 5 18 18 17 11 3 7 12 5 9 14 5 12 11 12 4 9 10 9 1 9 4 11
split_gain=2.09708 0.947849 0.818729 1.16763 1.30084 0.808188 1.44437 2.02574 1.53245 1.03222 0.781007 0.957051 1.72602 1.00271 0.980546 0.953953 1.06956 1.02739 1.02001 1.04164 0.767656 0.755761 0.729994 0.702946 0.701606 0.668396 0.800524 0.797785 0.924119 0.816224
threshold=13.250000000000002 13.850000000000003 4.1500000000000012 3.9500000000000006 3.7500000000000004 23.250000000000004 1152.5000000000002 4.8500000000000005 0.78656609248549303 0.1294095225512602 -0.5 5.2500000000000009 12.15 7.4520833333333343 66.500000000000014 6.4500000000000011 60.500000000000007 161.50000000000003 3.6500000000000008 84.500000000000014 -1.0499999999999998 74.500000000000014 3.2500000000000004 104.50000000000001 17.050000000000004 56.500000000000007 5.9500000000000011 63.500000000000007 6.2500000000000009 18.850000000000005
decision_type=2 2 2 2 2 2 2 2 2 2 2 2 2 2 2 2 2 2 2 2 2 2 2 2 2 2 2 2 2 2
left_child=1 2 3 -1 -5 6 9 -8 -9 10 25 13 -13 14 -12 18 24 -18 19 22 -19 -14 -16 -11 -17 -4 -27 -28 -29 -30
right_child=-2 -3 5 4 -6 -7 7 8 -10 23 11 12 21 -15 15 16 17 20 -20 -21 -22 -23 -24 -25 -26 26 27 28 29 -31
leaf_value=7.4582353768126337e-05 0.051146904022753827 -0.019010657587902262 -0.0072394874081041574 -0.0032457405657640827 -0.00067636549171050636 0.0093223360955127614 0.0024054559709702095 -0.00047565965057679341 -0.041912799790013458 0.0090106363166522086 0.0061773854221701657 0.0076091523861751657 -0.011587166804373817 0.0024900926911767523 -0.0060262963693424113 -0.026945044976385585 0.013493230182406304 -0.0011271990483842761 0.0062471599316567695 0.0059655136882475826 -0.024751700469093665 -0.0013574334964354421 0.0014983102751452164 -0.0029372771437381822 -0.0098256636850621547 0.0097501662950285391 0.011846730213363455 -0.031338983074557625 -0.02016871858055674 0.016655121314664831
leaf_weight=2157 838 54 104 43 240 541 54 27 31 901 79 602 25 158 49 45 36 36 150 64 30 27 26 37 29 83 47 39 105 47
leaf_count=2157 838 54 104 43 240 541 54 27 31 901 79 602 25 158 49 45 36 36 150 64 30 27 26 37 29 83 47 39 105 47
internal_value=0.000694407 0.000426794 0.000476174 -8.19335e-05 -0.00249296 0.000879929 0.000608757 -0.00382301 -0.00894915 0.000792647 0.000226712 0.000695652 0.00179542 -0.000330014 -0.00114495 -0.00184549 -0.00415819 -0.00147573 -0.000427586 -0.00288571 -0.00441791 -0.00513208 -0.00605263 0.00186581 -0.00778667 -0.00126761 -0.000360248 -0.00153975 -0.0026875 -0.0012549
internal_weight=6704 5866 5812 2440 283 3372 2831 112 58 2719 1781 1356 654 702 544 465 176 102 289 139 66 52 75 938 74 425 321 238 191 152
internal_count=6704 5866 5812 2440 283 3372 2831 112 58 2719 1781 1356 654 702 544 465 176 102 289 139 66 52 75 938 74 425 321 238 191 152
is_linear=0
shrinkage=0.04


Tree=134
num_leaves=31
num_cat=0
split_feature=0 1 0 5 10 19 1 19 9 12 12 17 1 0 5 13 11 7 3 6 11 14 13 18 13 8 1 18 9 1
split_gain=1.82915 1.13249 1.10501 1.10195 1.01187 0.865149 0.841577 1.00269 1.8553 1.32427 0.778301 1.31154 0.806845 0.752768 0.662972 0.656721 1.13539 1.00892 0.641656 0.728427 0.635019 0.642127 1.31134 1.11933 0.651178 0.6334 0.856135 0.621003 0.600131 0.917746
threshold=17.950000000000003 17.950000000000003 3.9500000000000006 2.7500000000000004 13.65 -0.60785761079279388 3.7500000000000004 1.0000000180025095e-35 82.500000000000014 74.500000000000014 81.500000000000014 -0.25881904510252113 8.3500000000000032 7.6500000000000012 1.9500000000000002 11.15 19.350000000000005 6.9666666666666677 6.5500000000000007 10.950000000000001 12.450000000000001 149.50000000000003 5.3500000000000005 0.37940952255126048 0.65000000000000002 5.2500000000000009 8.8500000000000032 0.78656609248549303 74.500000000000014 5.7500000000000009
decision_type=2 2 2 2 2 2 2 2 2 2 2 2 2 2 2 2 2 2 2 2 2 2 2 2 2 2 2 2 2 2
left_child=1 2 6 4 5 25 -1 8 9 -8 11 12 -5 -14 -7 -13 17 -17 -15 -20 21 -12 23 24 -23 -4 -27 -21 -16 -30
right_child=-2 -3 3 10 -6 14 7 -9 -10 -11 20 15 13 18 28 16 -18 -19 19 27 -22 22 -24 -25 -26 26 -28 -29 29 -31
leaf_value=5.8258936183560975e-05 0.12834249030041212 -0.030419655987985687 -0.0084536290259142419 0.0032987987202994229 -0.0086205042626026161 0.0085289421265108394 -0.0042772159083329618 0.00014755430428497199 0.0032148546719484028 -0.0015140104929542272 0.0050836441737300174 0.0080052665726634935 -0.0038580582722448232 -0.020936776034375999 0.001712688562577536 0.00027810615198055983 0.0089986556083255474 -0.040242734082347804 0.0021510775099734987 -0.00072777157496440096 0.011050397666462673 0.010116115932330274 -0.017198699556175083 0.023094761379984587 -0.0027553017506533445 0.00068990025558999829 -0.011525060487595204 -0.030967679200929441 0.010997456282868441 -0.0084255176904109823
leaf_weight=2030 373 33 29 475 25 127 40 118 41 73 247 1506 29 27 120 26 71 28 161 260 103 68 26 106 357 81 27 30 25 42
leaf_count=2030 373 33 29 475 25 127 40 118 41 73 247 1506 29 27 120 26 71 28 161 260 103 68 26 106 357 81 27 30 25 42
internal_value=0.000736167 0.00057549 0.000614701 0.00101676 -0.00078826 -0.000345133 -8.33694e-05 -0.0021685 -0.00428387 -0.00691228 0.00126101 0.00161132 0.000455748 -0.000653543 0.000812699 0.00230637 -0.00047619 -0.0048 -0.000267223 9.73453e-05 0.000251101 -0.000129192 -0.00088172 -0.000443609 -0.0013615 -0.00298551 -0.00154128 -0.00109966 -0.000702127 -0.00370588
internal_weight=6704 6331 6298 3996 476 451 2302 272 154 113 3520 2613 982 507 314 1631 125 54 478 451 907 804 557 531 425 137 108 290 187 67
internal_count=6704 6331 6298 3996 476 451 2302 272 154 113 3520 2613 982 507 314 1631 125 54 478 451 907 804 557 531 425 137 108 290 187 67
is_linear=0
shrinkage=0.04


Tree=135
num_leaves=31
num_cat=0
split_feature=0 1 0 18 8 11 10 5 4 8 10 5 11 11 11 16 9 13 8 15 9 10 5 4 20 13 9 12 0 1
split_gain=1.7159 1.88862 1.06473 1.40407 0.621271 0.829167 0.595483 0.761941 1.24121 1.5557 0.871011 0.89373 0.866021 0.775909 1.39331 0.769099 0.749093 0.580204 0.751571 0.57737 0.538906 0.471054 0.497403 1.17132 0.59617 0.825171 0.661425 0.560777 0.463922 1.61712
threshold=18.050000000000004 17.950000000000003 3.6500000000000008 1.0000000180025095e-35 4.6500000000000012 6.0500000000000007 10.850000000000003 6.4500000000000011 4.7500000000000009 7.1500000000000012 6.7500000000000009 10.050000000000002 1.8500000000000003 12.450000000000001 6.8500000000000005 702.50000000000011 87.500000000000014 10.350000000000003 3.6500000000000008 0.15000000000000005 110.50000000000001 22.550000000000004 7.7500000000000009 18.550000000000004 1.0000000180025095e-35 2.2500000000000004 64.500000000000014 83.500000000000014 10.450000000000001 10.15
decision_type=2 2 2 2 2 2 2 2 2 2 2 2 2 2 2 2 2 2 2 2 2 2 2 2 2 2 2 2 2 2
left_child=1 2 4 6 17 -6 7 19 9 12 -11 -12 -9 14 -10 -15 -17 20 -19 -4 -1 22 23 24 -5 -26 27 -27 29 -8
right_child=-2 -3 3 21 5 -7 28 8 13 10 11 -13 -14 15 -16 16 -18 18 -20 -21 -22 -23 -24 -25 25 26 -28 -29 -30 -31
leaf_value=0.00011512207071839032 0.12482414990117528 -0.050289020217575475 0.0011105868906510971 0.0064176336067892706 0.0072006125594075146 -0.0047317302136796824 0.0029065319320298144 -0.019704604653632815 -0.00073808062288018006 -0.007238630813529605 -0.0019412178286747793 -0.012491872197632601 0.0042675994026678829 0.0078613456827087546 -0.036389357904917298 -0.0075486485000201969 0.0070687232596640852 -0.00014912903837279077 -0.0021279861358193238 -0.0011290300874036976 -0.0018253627635446727 -0.0055043026044314762 0.012162537001243401 -0.0066337538132889588 0.011604087432681596 -0.00053508850773164522 0.00032109934882383574 -0.010875710873239606 0.02579498248713295 -0.0089140477067535858
leaf_weight=1627 355 45 614 776 26 27 443 28 202 48 37 26 74 274 28 46 30 357 48 42 32 27 683 25 126 53 285 25 253 28
leaf_count=1627 355 45 614 776 26 27 443 28 202 48 37 26 74 274 28 46 30 357 48 42 32 27 683 25 126 53 285 25 253 28
internal_value=0.000836945 0.000684975 0.00074392 0.00111452 1.32202e-05 -0.00422222 0.000410304 -5.79309e-05 -0.000891687 -0.00349533 -0.00675 -0.0098125 7.767e-05 6.8847e-05 -0.0017316 0.00125356 -0.00228571 0.000123971 -0.00123153 0.000949772 0.000455422 0.00187906 0.00195137 0.00148722 0.00165877 0.000563265 -0.000406593 -0.00364557 0.00134621 0.000601695
internal_weight=6690 6335 6290 4173 2117 53 2173 1449 793 213 111 63 102 580 230 350 76 2064 405 656 1659 2000 1973 1290 1265 489 363 78 724 471
internal_count=6690 6335 6290 4173 2117 53 2173 1449 793 213 111 63 102 580 230 350 76 2064 405 656 1659 2000 1973 1290 1265 489 363 78 724 471
is_linear=0
shrinkage=0.04


Tree=136
num_leaves=31
num_cat=0
split_feature=8 17 17 11 6 13 17 14 5 12 15 7 10 1 18 5 11 11 12 5 5 11 5 12 3 2 13 11 10 17
split_gain=1.42926 1.11093 2.20661 1.91158 1.23818 1.04041 1.1026 0.849183 1.22587 0.936081 0.84546 0.930654 0.765309 0.732672 0.633468 0.577059 1.37036 1.44726 0.775934 0.687903 0.603394 0.570267 1.12175 1.17484 1.29386 0.917581 1.24508 0.565981 0.592803 0.655595
threshold=20.450000000000003 0.37940952255126054 0.25881904510252091 10.750000000000002 14.149999999999997 11.050000000000002 -1.0000000180025095e-35 176.50000000000003 3.6500000000000008 59.500000000000007 0.15000000000000005 6.8312500000000007 7.5500000000000007 3.0500000000000003 0.91597561503675351 3.7500000000000004 18.250000000000004 8.1500000000000004 24.500000000000004 7.9500000000000011 9.7500000000000018 5.8500000000000005 4.8500000000000005 55.500000000000007 5.7500000000000009 3.3500000000000001 4.3500000000000005 0.65000000000000002 0.75000000000000011 -0.60355339059327362
decision_type=2 2 2 2 2 2 2 2 2 2 2 2 2 2 2 2 2 2 2 2 2 2 2 2 2 2 2 2 2 2
left_child=1 2 5 10 7 6 14 8 -4 -9 21 12 13 -12 27 -7 17 -17 20 -19 -18 -3 -23 -24 25 -25 -27 -1 -29 -30
right_child=-2 3 4 -5 -6 15 -8 9 -10 -11 11 -13 -14 -15 -16 16 18 19 -20 -21 -22 22 23 24 -26 26 -28 28 29 -31
leaf_value=0.0018481490368681512 0.13833829665697644 0.001530123462680389 -0.019884370690910674 0.0061603567395920522 -0.074613962984739518 0.0001835471867926158 0.0035557368386295654 -0.016231988412997986 -0.0013486102731475938 0.0013675730938791624 0.00050521808794564565 -0.0053093513472748403 0.003151755373707159 -0.0078186821122560087 -0.013445212068775412 0.00038144776712407909 -0.00099848088924383649 -0.0047959990785413154 0.0032400848700062518 -0.043248476833858129 0.0039283069098867687 0.0033325641013349297 0.0018544916487158276 -0.00039513497791419916 0.00053693887389451083 -0.0038450243246810983 -0.0043337112610869061 0.0023284342936317603 -0.00020863389932150096 0.0021701764327490651
leaf_weight=400 315 1075 26 925 25 208 684 30 69 109 28 27 46 34 212 41 32 43 84 25 27 89 31 28 41 25 29 258 1255 469
leaf_count=400 315 1075 26 925 25 208 684 30 69 109 28 27 46 34 212 41 32 43 84 25 27 89 31 28 41 25 29 258 1255 469
internal_value=0.00085488 0.000724592 0.000317159 0.001409 -0.00324615 0.000564857 0.000814883 -0.00231489 -0.00520833 -0.000314286 0.000503439 -0.0025 -0.000807339 -0.00368254 0.000437765 -0.00121475 -0.00249802 -0.00585455 8.33335e-05 -0.0093913 -0.0034 0.000812737 -0.000934426 -0.00299355 -0.00474194 -0.00761446 -0.0106182 0.000624423 0.000346949 7.88407e-05
internal_weight=6690 6375 3997 2378 259 3738 3278 234 95 139 1453 135 108 62 2594 460 252 109 143 68 59 1318 243 154 123 82 54 2382 1982 1724
internal_count=6690 6375 3997 2378 259 3738 3278 234 95 139 1453 135 108 62 2594 460 252 109 143 68 59 1318 243 154 123 82 54 2382 1982 1724
is_linear=0
shrinkage=0.04


Tree=137
num_leaves=31
num_cat=0
split_feature=0 0 1 18 12 8 11 5 16 12 11 5 18 12 18 5 7 4 14 0 0 1 12 6 14 7 9 1 14 7
split_gain=1.79462 1.2135 1.29207 1.04196 0.840167 0.587713 0.50172 0.962092 1.16134 0.943806 0.931403 0.75328 0.733466 0.716607 0.852973 1.20323 0.747904 0.718074 0.697182 0.642165 0.87451 0.619437 0.558328 0.538797 0.746826 0.705359 0.853824 0.734266 0.511291 0.5674
threshold=3.6500000000000008 18.950000000000003 18.350000000000005 1.0000000180025095e-35 63.500000000000007 4.9500000000000011 12.450000000000001 6.4500000000000011 142.50000000000003 89.500000000000014 3.2500000000000004 7.3500000000000005 -0.70710678118654757 46.500000000000007 -0.5 9.5500000000000025 7.4520833333333343 4.0500000000000007 157.50000000000003 7.4500000000000011 5.1500000000000012 5.7500000000000009 77.500000000000014 8.1250000000000018 225.50000000000003 3.6562500000000004 57.500000000000007 4.0500000000000007 98.500000000000014 4.1895833333333341
decision_type=2 2 2 2 2 2 2 2 2 2 2 2 2 2 2 2 2 2 2 2 2 2 2 2 2 2 2 2 2 2
left_child=5 2 3 6 -4 -1 7 23 9 11 -11 12 -9 14 15 17 21 -8 -10 20 -13 -16 -22 25 -25 26 -2 -27 -15 -30
right_child=1 -3 4 -5 -6 -7 13 8 18 10 -12 19 -14 28 16 -17 -18 -19 -20 -21 22 -23 -24 24 -26 27 -28 -29 29 -31
leaf_value=-6.6532937561580632e-06 0.0077457035827015221 0.1474703948924235 -0.043381371171143018 0.0057247505249668432 -0.0023987760015924094 -0.0022965026169606802 -0.024391225386321734 0.0064945255870003686 -0.0098843610932619532 -0.021099142016294977 0.0041093841167728976 0.0012049090454093843 -0.016271807922633927 -0.0030557534260895526 0.0096449242781427875 -0.020223005394092993 0.007548288645435392 0.011147081024238739 -0.041409970422875857 0.0085191390999228671 -0.011018769151898348 -0.0035174031064763938 -0.0037273829029752653 0.0010898221601101834 -0.0063725393477308111 -0.001828098821174537 -0.0031860611568690594 0.0075290416560611579 -0.0066482127023794494 0.011538287364388729
leaf_weight=2089 62 301 29 2016 30 28 25 25 27 45 34 46 28 46 26 36 96 43 29 233 29 32 59 219 43 26 66 310 27 585
leaf_count=2089 62 301 29 2016 30 28 25 25 27 45 34 46 28 46 26 36 96 43 29 233 29 32 59 219 43 26 66 310 27 585
internal_value=0.000824989 0.00127066 0.00109712 0.00117988 -0.00473333 -0.000137866 0.000576888 6.55228e-05 -0.00118705 -0.000568 -0.00455 0.000190024 -0.00422222 0.00129117 -0.000494208 -0.00327619 0.00139355 -0.000115942 -0.00659649 0.000836957 -0.00136296 -0.00216949 -0.00368539 0.00102338 -0.000425855 0.00184086 -0.00068217 0.00280119 0.0019909 0.0022969
internal_weight=6690 4573 4272 4213 59 2117 2197 1281 555 499 79 420 53 916 258 104 154 68 56 367 134 58 88 726 262 464 128 336 658 612
internal_count=6690 4573 4272 4213 59 2117 2197 1281 555 499 79 420 53 916 258 104 154 68 56 367 134 58 88 726 262 464 128 336 658 612
is_linear=0
shrinkage=0.04


Tree=138
num_leaves=31
num_cat=0
split_feature=0 0 2 4 18 9 8 16 11 20 4 12 14 7 18 5 9 14 18 12 8 9 11 1 4 16 1 16 11 11
split_gain=1.74177 1.11525 1.30031 1.11248 0.761006 0.690561 0.587713 0.526714 0.872669 0.672383 0.736067 0.639436 0.75805 0.706005 0.680183 0.674633 0.862829 0.529711 1.10502 1.30919 2.09812 0.972934 1.10569 0.849784 0.815171 0.620357 0.520008 0.505914 0.599686 1.14488
threshold=18.950000000000003 3.6500000000000008 18.350000000000005 11.850000000000003 0.25881904510252057 67.500000000000014 4.9500000000000011 127.50000000000001 10.550000000000002 -0.56174490092936669 13.750000000000002 78.500000000000014 20.500000000000004 10.927083333333334 -0.5 10.050000000000002 73.500000000000014 164.50000000000003 -0.5 83.500000000000014 6.2500000000000009 50.500000000000007 3.6500000000000008 8.1500000000000004 6.1500000000000012 67.500000000000014 15.950000000000001 32.500000000000007 19.150000000000002 7.1500000000000012
decision_type=2 2 2 2 2 2 2 2 2 2 2 2 2 2 2 2 2 2 2 2 2 2 2 2 2 2 2 2 2 2
left_child=1 6 4 -4 7 -5 -1 8 17 26 11 12 -11 15 -13 -14 -17 21 25 24 -21 22 -3 -22 -20 -19 -9 -6 29 -29
right_child=-2 2 3 5 27 -7 -8 9 -10 10 -12 14 13 -15 -16 16 -18 18 19 20 23 -23 -24 -25 -26 -27 -28 28 -30 -31
leaf_value=-6.3871620059101409e-06 0.14157157909672657 -0.065163937916779269 -0.048554708160112175 0.05295095584683427 0.017561365272770996 -0.018421532763923922 -0.0022046425122822485 0.0046719275889915987 0.009438459642128921 -0.011179978342509366 0.015554280081862697 -0.031705436236181404 0.0013141463364478962 -0.024146099582359432 -0.00020973348281288346 0.0023627959803654715 -0.0069635478057231094 0.0038881262487350222 0.00039870670741708495 -0.020650306415954757 0.006354054633592651 0.0059500299201920397 0.010314431519075644 -0.02130049876521356 -0.0094528282274976561 -0.0036230897900038916 -0.0086374559467479357 0.0055236507717269494 0.0083213118577059372 -0.0013971810227045819
leaf_weight=2089 301 32 32 31 262 46 28 217 588 38 80 28 230 31 30 46 33 393 124 26 38 401 37 42 27 49 25 434 620 332
leaf_count=2089 301 32 32 31 262 46 28 217 588 38 80 28 230 31 30 46 33 393 124 26 38 401 37 42 27 49 25 434 620 332
internal_value=0.000753251 0.000612833 0.000984788 -0.00330909 0.00109798 -0.000666667 -0.000137866 0.000659778 0.00103982 -0.000221344 -0.00103675 -0.00168421 -0.00107652 -0.000469208 -0.00555932 0.000116129 -0.00305 0.000406838 -0.000291428 -0.00237209 -0.00575701 0.00144374 -0.00291429 -0.00246914 2.63159e-05 0.000920993 0.0015144 0.00176592 0.00145926 0.000709257
internal_weight=6690 6389 4272 109 4163 77 2117 2515 1757 758 516 436 378 340 58 309 79 1169 699 257 106 470 69 80 151 442 242 1648 1386 766
internal_count=6690 6389 4272 109 4163 77 2117 2515 1757 758 516 436 378 340 58 309 79 1169 699 257 106 470 69 80 151 442 242 1648 1386 766
is_linear=0
shrinkage=0.04


Tree=139
num_leaves=31
num_cat=0
split_feature=0 17 17 11 0 3 11 17 1 3 13 14 10 9 9 11 5 6 6 9 14 12 11 3 6 7 11 12 3 11
split_gain=1.70684 1.25507 2.10195 1.28817 1.1377 1.0616 1.00687 0.950187 1.3191 0.933929 0.91584 0.835791 0.723382 0.705997 0.921471 0.697137 1.47058 1.19035 1.06342 0.886314 1.31861 0.685505 0.682199 0.696325 1.42539 0.678214 1.00891 0.749556 0.692199 0.640286
threshold=18.950000000000003 0.37940952255126054 0.25881904510252091 12.450000000000001 1.6500000000000001 9.6500000000000004 5.8500000000000005 -0.25881904510252113 17.650000000000002 14.850000000000003 7.2500000000000009 33.500000000000007 0.65000000000000002 76.500000000000014 51.500000000000007 5.8500000000000005 4.6500000000000012 7.7249999999999979 5.7999999999999972 68.500000000000014 216.50000000000003 27.500000000000004 0.65000000000000002 17.150000000000002 15.700000000000001 2.3145833333333337 2.5500000000000003 83.500000000000014 7.4500000000000011 0.95000000000000007
decision_type=2 2 2 2 2 2 2 2 2 2 2 2 2 2 2 2 2 2 2 2 2 2 2 2 2 2 2 2 2 2
left_child=1 2 4 15 11 13 -7 8 22 -5 -9 -1 -12 14 -4 25 -17 18 19 20 -18 -14 -6 24 -24 26 -3 -27 -29 -13
right_child=-2 3 5 9 7 6 -8 10 -10 -11 12 29 21 -15 -16 16 17 -19 -20 -21 -22 -23 23 -25 -26 27 -28 28 -30 -31
leaf_value=-0.0010763440057728355 0.1359087159328575 0.00033364008878760477 -0.015590335280488208 0.0064765460666951378 0.0026399409866072611 -0.049722488850327026 -0.015871134749655864 0.0079161088551745178 -0.025800623145852131 -0.0033113481409493108 -0.00083200922862319154 -0.0020886741405892854 0.0069040884356485121 -0.0052948780857652979 0.0017037512948868377 0.0030438152556518583 -0.0023456952329322547 0.012120721456066344 -0.012913010815019372 0.00024449231333078034 0.00086237798318721524 -0.00078829985766902468 4.3013521711047854e-05 0.015297930759538104 -0.014315012202617836 0.0032698111768267413 -0.0022531484578351803 -0.00062998656928602416 0.0019701206165562285 -3.8527494759930595e-05
leaf_weight=30 301 78 53 816 334 37 32 702 40 46 26 71 62 27 109 108 34 35 48 80 26 151 1843 91 27 625 40 354 98 366
leaf_count=30 301 78 53 816 334 37 32 702 40 46 26 71 62 27 109 108 34 35 48 80 26 151 1843 91 27 625 40 354 98 366
internal_value=0.000783142 0.000644132 0.000210895 0.00136961 0.000451923 -0.00327413 -0.00748571 0.000715289 0.000282534 0.00260487 0.00178769 -0.00139316 -0.00035 -0.00170526 -0.000687116 0.000670596 -0.000951807 -0.00280357 -0.00406349 -0.0022695 -0.00590164 0.000429907 0.000409408 0.000124363 -4.27577e-05 0.0011204 -0.0017479 0.00143599 0.000194261 -0.000940639
internal_weight=6690 6389 4001 2388 3743 258 69 3276 2335 862 941 467 239 189 162 1526 331 223 188 140 60 213 2295 1961 1870 1195 118 1077 452 437
internal_count=6690 6389 4001 2388 3743 258 69 3276 2335 862 941 467 239 189 162 1526 331 223 188 140 60 213 2295 1961 1870 1195 118 1077 452 437
is_linear=0
shrinkage=0.04


Tree=140
num_leaves=31
num_cat=0
split_feature=0 1 0 1 14 0 13 10 5 2 0 1 3 14 13 10 14 6 2 7 9 7 11 2 3 4 3 14 9 18
split_gain=1.99776 1.04347 0.695439 1.00538 1.60911 1.09929 0.561334 0.880305 0.555178 0.561484 0.96435 1.62498 1.68977 1.12586 0.806581 1.20222 1.16048 0.772202 0.678543 0.977706 1.79462 0.634157 0.810928 0.523011 0.488898 0.483725 0.480632 0.709037 0.467156 0.554032
threshold=10.15 10.250000000000002 6.3500000000000005 6.4500000000000011 164.50000000000003 5.8500000000000005 2.7500000000000004 2.5500000000000003 16.850000000000005 1.5500000000000003 2.8500000000000001 3.0500000000000003 3.0500000000000003 170.50000000000003 5.3500000000000005 5.0500000000000007 177.50000000000003 1.8166666666666635 5.8500000000000005 4.7062500000000007 65.500000000000014 2.3145833333333337 2.6500000000000008 1.7500000000000002 2.2500000000000004 2.2500000000000004 3.5500000000000003 56.500000000000007 43.500000000000007 -0.12940952255126037
decision_type=2 2 2 2 2 2 2 2 2 2 2 2 2 2 2 2 2 2 2 2 2 2 2 2 2 2 2 2 2 2
left_child=1 2 3 8 -5 -6 -3 -8 9 -1 11 14 -13 -14 17 -16 -17 23 21 20 25 22 -12 -11 -23 -20 -19 -28 -4 -30
right_child=-2 6 28 4 5 -7 7 -9 -10 10 18 12 13 -15 15 16 -18 26 19 -21 -22 24 -24 -25 -26 -27 27 -29 29 -31
leaf_value=0.00078206494022472865 0.018292532571546831 0.0016523164237310477 0.01724935605094002 0.0013976217738443325 -0.0033192500351198577 -0.028739363967815335 -0.00032240313752252296 -0.020257876040596923 -0.0021468904834386908 0.00036774049175159384 0.001087282011621428 -0.0059592476877791921 -0.0028827243640617765 0.00022656683270701503 -0.00022225062293494561 -0.002135695966929395 -0.0035554658977636224 0.0011403062225187831 -0.0027353942110470977 0.00017288451759667065 0.0047558615820008825 0.0033445241170619588 -0.0016426958855862337 -0.00051881238450923685 0.0014319576312228118 -0.0057768873464752769 -0.0026526606777438921 0.00049539114922419699 0.00015011884134298058 0.007243224150190024
leaf_weight=467 1438 29 93 84 52 34 35 42 51 33 48 26 41 56 356 39 25 267 26 334 33 257 26 33 1163 25 34 184 614 709
leaf_count=467 1438 29 93 84 52 34 35 42 51 33 48 26 41 56 356 39 25 267 26 334 33 257 26 33 1163 25 34 184 614 709
internal_value=0.00075973 0.00039563 0.000477402 0.000188363 -0.00280702 -0.00662069 -0.00351402 -0.00528205 0.000333617 0.000394934 0.000194214 -0.000752511 -0.00506452 -0.00257143 -0.000201646 -0.00152019 -0.00652308 0.000804348 0.000736017 -0.000687351 -0.00451765 0.00113445 -0.00245333 -0.00322388 0.00132301 -0.00915385 0.00135802 -3.65295e-05 0.00123077 0.00103625
internal_weight=6654 5216 5110 3694 170 86 106 77 3524 3473 3006 1094 123 97 971 420 64 551 1912 418 84 1494 74 66 1420 51 485 218 1416 1323
internal_count=6654 5216 5110 3694 170 86 106 77 3524 3473 3006 1094 123 97 971 420 64 551 1912 418 84 1494 74 66 1420 51 485 218 1416 1323
is_linear=0
shrinkage=0.04


Tree=141
num_leaves=31
num_cat=0
split_feature=0 1 8 16 2 1 5 0 1 18 12 0 8 8 14 20 7 17 11 3 18 11 5 16 18 16 0 7 5 1
split_gain=1.686 1.22303 1.00987 0.950886 1.37585 1.06944 0.797922 0.733075 1.43481 0.795675 1.83934 0.667811 1.78874 0.584392 1.001 0.566246 0.924197 3.08591 0.950458 0.716207 0.600588 0.654875 0.591505 0.570272 0.551515 0.606681 0.843592 0.753083 1.03636 0.762687
threshold=14.15 13.950000000000001 14.450000000000001 2422.5000000000005 10.250000000000002 4.4500000000000011 4.5500000000000007 10.950000000000001 10.850000000000003 -0.5 50.500000000000007 6.0500000000000007 7.8500000000000005 6.8500000000000005 259.50000000000006 -0.56174490092936669 8.0812500000000025 -1.0000000180025095e-35 1.1500000000000001 1.4500000000000002 0.60355339059327384 0.45000000000000007 4.4500000000000011 1912.5000000000002 0.25881904510252057 177.50000000000003 8.7500000000000018 6.1479166666666671 7.7500000000000009 7.6500000000000012
decision_type=2 2 2 2 2 2 2 2 2 2 2 2 2 2 2 2 2 2 2 2 2 2 2 2 2 2 2 2 2 2
left_child=1 3 -3 7 5 6 -5 8 11 -10 -11 12 13 15 -15 16 18 -18 19 -1 21 22 -21 -20 25 -13 27 29 -29 -27
right_child=-2 2 -4 4 -6 -7 -8 -9 9 10 -12 24 -14 14 -16 -17 17 -19 23 20 -22 -23 -24 -25 -26 26 -28 28 -30 -31
leaf_value=0.0031353703789198757 0.050830594999291705 0.0011162172940669501 -0.03672413517918717 2.8120612170115128e-05 -0.0058450000355832442 0.015376318658458657 -0.0012743744569525225 0.019192839806002327 0.00018336184988404896 0.0010702158756385751 -0.015573196526570351 0.0022079486078085526 -0.0036988103166103728 7.4443319266520807e-06 -0.00678952486246701 0.00031045421787057113 0.0014411678078100824 -0.0051826255275172822 0.00044632741260319927 -0.002305511778627551 0.0010608416118906613 -0.005401321328602539 0.00048716665057958259 -0.00099700036022071117 0.010108417144255919 -0.0010985093445593584 0.012146079198243788 0.0045886424978741651 -0.012641777885543843 -0.024038593029289783
leaf_weight=27 705 41 40 39 31 60 31 449 50 36 31 828 39 96 32 2355 48 26 586 80 43 29 48 27 661 27 63 43 58 25
leaf_count=27 705 41 40 39 31 60 31 449 50 36 31 828 39 96 32 2355 48 26 586 80 43 29 48 27 661 27 63 43 58 25
internal_value=0.000729677 0.000510252 -0.00434146 0.000577952 -0.00244444 -0.000610687 -0.00394366 0.00066363 0.0005309 -0.00383051 -0.00664706 0.000630883 0.000309572 0.000408476 -0.00223256 0.000512538 -0.00033224 -0.00458667 4.75626e-05 -0.00215789 -0.00298507 -0.00412658 -0.00285271 0.00086645 0.00127784 0.000704306 -0.00117972 -0.00277922 -0.000745098 -0.00664151
internal_weight=6654 5949 81 5868 161 130 70 5707 5258 117 67 5141 3436 3397 128 3269 914 74 840 227 200 157 128 613 1705 1044 216 153 101 52
internal_count=6654 5949 81 5868 161 130 70 5707 5258 117 67 5141 3436 3397 128 3269 914 74 840 227 200 157 128 613 1705 1044 216 153 101 52
is_linear=0
shrinkage=0.04


Tree=142
num_leaves=31
num_cat=0
split_feature=17 11 17 11 2 13 18 4 9 5 4 11 18 5 12 5 13 7 18 3 9 5 13 1 1 16 5 5 10 12
split_gain=1.35087 1.37829 1.111 1.30561 1.10465 0.994223 0.754123 1.11056 0.809411 1.58815 0.896158 0.689733 1.2584 1.27122 1.04731 1.61775 0.682563 0.628633 0.648403 0.752719 0.851058 1.53287 0.602783 0.568564 0.644484 0.56631 1.02444 1.74082 0.590051 0.560785
threshold=0.37940952255126054 12.450000000000001 0.25881904510252091 1.3500000000000003 8.0500000000000025 2.3500000000000001 -0.78656609248549325 5.0500000000000007 55.500000000000007 9.2500000000000018 1.3500000000000003 5.4500000000000011 1.0000000180025095e-35 5.5500000000000007 56.500000000000007 7.0500000000000007 3.3500000000000001 2.2354166666666671 0.37940952255126048 7.4500000000000011 50.500000000000007 4.7500000000000009 19.250000000000004 22.150000000000002 18.350000000000005 2500.0000000000005 7.8500000000000005 4.5500000000000007 0.25000000000000006 89.500000000000014
decision_type=2 2 2 2 2 2 2 2 2 2 2 2 2 2 2 2 2 2 2 2 2 2 2 2 2 2 2 2 2 2
left_child=2 11 6 4 5 -4 7 8 -1 10 -10 16 -13 -14 -15 -16 17 -2 19 20 21 -19 23 24 25 28 27 -27 -8 -20
right_child=1 -3 3 -5 -6 -7 22 -9 9 -11 -12 12 13 14 15 -17 -18 18 29 -21 -22 -23 -24 -25 -26 26 -28 -29 -30 -31
leaf_value=0.010883547469060801 -0.0032517782220009921 0.0067619725528586241 0.0014672694063897155 -0.0008967225500147079 -0.041422741308758636 -0.0058868389892913963 -0.011437669771795082 0.0074992813385661551 -0.0058026773359036643 -0.0044434203741619055 0.0019079176030176235 0.00077825844422592426 0.0002453821571453146 0.00093047967252482945 -0.011864404342804205 -0.0039541983448599227 0.002053814213863255 0.012243647778825651 0.015041318335850771 0.0045407040186973679 -5.2127276073417623e-05 -0.032707740040563579 -0.0010909713755334356 0.086132597782292153 -0.035907625630235432 0.00055526026938505465 0.0035413983588634779 -0.0088545432741448365 0.00014290110696183866 -0.0058855072099110173
leaf_weight=147 43 958 27 200 28 25 30 442 25 41 187 152 79 28 25 63 514 27 150 117 284 26 29 83 34 49 48 35 2725 33
leaf_count=147 43 958 27 200 28 25 30 442 25 41 187 152 79 28 25 63 514 27 150 117 284 26 29 83 34 49 48 35 2725 33
internal_value=0.000735688 0.0014704 0.000293552 -0.00213523 -0.00641975 -0.00286792 0.000469556 0.00152788 1.4864e-10 -0.00137008 3.75588e-05 0.000728924 -0.00083908 -0.00295918 -0.00560684 -0.00773034 0.00118494 0.000352423 0.000670847 -0.000140659 -0.00110059 -0.0057037 0.000175346 0.000231614 0.000138262 0.000203601 -0.00234586 -0.00498824 0.00032656 0.00267391
internal_weight=6654 2499 4155 280 80 52 3875 842 400 253 212 1541 347 195 116 88 1194 680 637 454 337 53 3033 3004 2921 2887 132 84 2755 183
internal_count=6654 2499 4155 280 80 52 3875 842 400 253 212 1541 347 195 116 88 1194 680 637 454 337 53 3033 3004 2921 2887 132 84 2755 183
is_linear=0
shrinkage=0.04


Tree=143
num_leaves=31
num_cat=0
split_feature=0 1 17 8 11 11 5 18 12 1 13 14 0 10 5 18 3 3 5 5 7 5 19 7 11 11 16 12 17 8
split_gain=1.47963 1.09559 0.879512 0.876395 0.816568 0.709678 1.17584 0.947505 0.779104 0.920621 0.633631 0.605042 0.901594 1.39817 0.597766 0.658191 0.731431 0.848483 0.663793 0.987245 0.53207 0.95739 1.21712 0.684867 0.470441 0.506475 0.566169 0.51314 0.595449 0.958886
threshold=14.15 15.450000000000001 0.37940952255126054 15.450000000000001 12.450000000000001 5.8500000000000005 4.8500000000000005 -0.3794095225512602 55.500000000000007 5.8500000000000005 19.250000000000004 241.50000000000003 6.4500000000000011 5.7500000000000009 1.8500000000000003 1.0000000180025095e-35 7.4500000000000011 2.9500000000000006 10.65 9.3500000000000032 3.4354166666666672 6.4500000000000011 1.0000000180025095e-35 2.839583333333334 -3.7499999999999996 -1.1499999999999997 32.500000000000007 87.500000000000014 -0.37940952255126065 5.7500000000000009
decision_type=2 2 2 2 2 2 2 2 2 2 2 2 2 2 2 2 2 2 2 2 2 2 2 2 2 2 2 2 2 2
left_child=1 2 3 10 5 14 -7 -8 -9 -10 24 -6 13 -13 -4 16 17 -16 19 20 23 -22 -23 -19 -1 -26 27 -27 29 -29
right_child=-2 -3 4 -5 11 6 7 8 9 -11 -12 12 -14 -15 15 -17 -18 18 -20 -21 21 22 -24 -25 25 26 -28 28 -30 -31
leaf_value=0.0030675331469862334 0.049393416019720117 -0.030524128629434478 -0.0012424287031341402 -0.004533117252823949 0.005961111456294345 0.0024132912194065356 0.00040537643289904445 0.00095429368953362241 -0.0024402954171967727 -0.015424351645836833 -0.0010473325205120978 0.0065969587261924612 0.015208812127207951 -0.0029083803737279756 0.00077102534961343352 0.0040240213774061749 0.0022368480052977458 9.6177944396200996e-05 0.006054305933920744 -0.027232750890391864 0.0033411221549973116 -0.023733985428520329 0.0039605541344335709 -0.0047857917581523033 -0.0022648894482989747 0.003962008097988026 5.0344065441233884e-05 -0.012924670866023962 0.0019133863126553261 0.010536663113844739
leaf_weight=190 705 28 68 48 557 104 61 29 67 43 29 25 93 39 83 590 106 29 31 26 106 32 32 31 196 357 2815 39 67 28
leaf_count=190 705 28 68 48 557 104 61 29 67 43 29 25 93 39 83 590 106 29 31 26 106 32 32 31 196 357 2815 39 67 28
internal_value=0.000789782 0.000584202 0.000622087 0.000253581 0.00126707 0.000717165 -0.000996721 -0.00278607 -0.0046 -0.00612613 0.000323482 0.00237203 0.000177215 -0.00344615 0.00117709 0.00140956 0.000301887 -0.000539083 -0.00156944 -0.00224124 -0.00138528 -0.000233918 -0.00406154 -0.00459016 0.000370431 0.000264916 0.00038222 0.00163415 -0.000474074 -0.00311765
internal_weight=6654 5949 5921 3769 2152 1438 304 200 139 110 3721 714 157 64 1134 1066 476 370 287 256 230 170 64 60 3692 3502 3306 491 134 67
internal_count=6654 5949 5921 3769 2152 1438 304 200 139 110 3721 714 157 64 1134 1066 476 370 287 256 230 170 64 60 3692 3502 3306 491 134 67
is_linear=0
shrinkage=0.04


Tree=144
num_leaves=31
num_cat=0
split_feature=17 6 8 17 17 14 2 16 6 4 19 9 15 10 1 17 1 12 7 16 19 9 13 2 1 5 13 17 4 12
split_gain=1.33596 1.03351 0.949063 0.958413 0.698095 1.5417 1.67591 0.974606 0.95624 0.882627 0.674594 0.666443 0.636894 1.28426 1.00293 0.677207 0.629498 0.599718 0.873865 0.592648 0.671095 1.45769 0.499018 0.583175 0.732221 1.1257 0.634554 0.446327 0.586809 0.501302
threshold=0.37940952255126054 7.8500000000000005 23.650000000000002 0.25881904510252091 -0.25881904510252113 277.50000000000006 0.65000000000000002 52.500000000000007 19.833333333333332 5.9500000000000011 -1.0000000180025095e-35 95.500000000000014 1.0000000180025095e-35 6.8500000000000005 5.2500000000000009 0.91597561503675362 12.65 89.500000000000014 4.9854166666666675 202.50000000000003 0.6078576107927941 60.500000000000007 7.5500000000000007 1.9500000000000002 8.4500000000000011 8.1500000000000004 9.5500000000000025 0.78656609248549325 13.750000000000002 25.500000000000004
decision_type=2 2 2 2 2 2 2 2 2 2 2 2 2 2 2 2 2 2 2 2 2 2 2 2 2 2 2 2 2 2
left_child=2 12 3 4 8 6 -6 -7 -1 10 -9 -11 17 14 15 -14 19 27 -19 20 -5 -22 -8 -24 25 26 -25 28 -2 -29
right_child=1 -3 -4 16 5 7 22 9 -10 11 -12 -13 13 -15 -16 -17 -18 18 -20 -21 21 -23 23 24 -26 -27 -28 29 -30 -31
leaf_value=4.4828101528734562e-05 0.002417829934516595 0.010638202242766587 0.22829592693788012 0.0004030964624787913 -0.0017835696647238032 0.0077222147528939883 0.0054315918159954955 -0.0058291336545913206 -0.073377337899317704 0.016732707289266967 -0.00076286472213421888 -0.003031646342011128 0.00051430713201180164 0.0025344193255327639 -0.046733405742721605 -0.0049162313786665418 -0.04005382468368273 0.00064712476761519244 -0.017237156691959892 -0.02048653523123008 0.0041600011557281595 -0.029846247035211351 0.0027806624147658147 -0.0029320418342851685 0.026443177845601084 -0.026041081851608666 0.006385844398102687 -0.0010495600104735295 -0.0038173730615899495 0.00065958396345370206
leaf_weight=2667 587 851 111 145 32 28 727 26 28 26 31 26 44 90 26 30 41 60 26 25 33 26 50 25 34 25 49 28 35 722
leaf_count=2667 587 851 111 145 32 28 727 26 28 26 31 26 44 90 26 30 41 60 26 25 33 26 50 25 34 25 49 28 35 722
internal_value=0.000771751 0.0015024 0.00033205 0.000231397 0.000396292 0.00125556 0.00183245 -0.00269565 5.19289e-05 -0.0044 -0.0077931 -0.000603773 0.000916919 -0.00125654 -0.00435644 -0.00192 -0.00206642 0.00120082 -0.00202299 -0.00123478 -0.000507317 -0.00406667 0.00215148 0.000282609 -0.00110448 -0.00284 -0.00032 0.00140422 0.00219583 0.000745673
internal_weight=6654 2499 4155 4044 3774 1079 942 137 2695 109 57 52 1648 190 100 74 270 1458 86 229 204 59 910 183 133 99 74 1372 622 750
internal_count=6654 2499 4155 4044 3774 1079 942 137 2695 109 57 52 1648 190 100 74 270 1458 86 229 204 59 910 183 133 99 74 1372 622 750
is_linear=0
shrinkage=0.04


Tree=145
num_leaves=31
num_cat=0
split_feature=0 2 1 0 1 0 1 13 7 7 7 14 17 17 3 3 10 18 13 0 8 0 14 14 16 16 6 11 10 2
split_gain=1.66908 1.11113 1.03936 0.935787 1.20456 0.855148 0.91926 0.69304 1.45219 0.766452 0.669517 0.749728 0.645748 0.67204 0.59081 0.814396 0.577239 1.12124 0.931083 0.525035 0.673516 1.24481 0.648889 0.516686 0.592671 0.91843 1.31322 0.587661 0.511233 0.503726
threshold=19.650000000000002 18.350000000000005 0.35000000000000003 11.65 11.750000000000002 11.250000000000002 12.250000000000002 11.050000000000002 12.531250000000002 12.531250000000002 16.275000000000002 182.50000000000003 0.37940952255126054 0.25881904510252091 10.15 8.7500000000000018 7.3500000000000005 -0.3794095225512602 4.6500000000000012 10.750000000000002 12.15 8.7500000000000018 149.50000000000003 144.50000000000003 942.50000000000011 712.50000000000011 1.6416666666666633 11.250000000000002 23.550000000000004 3.2500000000000004
decision_type=2 2 2 2 2 2 2 2 2 2 2 2 2 2 2 2 2 2 2 2 2 2 2 2 2 2 2 2 2 2
left_child=1 2 -1 4 7 6 -6 9 14 19 11 -3 13 16 15 23 17 18 -5 20 -4 -22 -23 -9 25 -25 -27 -26 -14 -29
right_child=-2 10 3 12 5 -7 -8 8 -10 -11 -12 -13 28 -15 -16 -17 -18 -19 -20 -21 21 22 -24 24 27 26 -28 29 -30 -31
leaf_value=-0.000885095635815822 0.17603486312292949 -0.042541410347099788 0.00034794339907799198 -0.013331179720497145 -0.031718732993675926 -0.014097093979166135 0.0044402164978420682 0.004531233452761612 -0.027443884026312339 0.0081024653647108254 0.0037884397696479905 -0.014067402766672539 0.051217445555204522 -0.038727115924729411 0.0028666806777580887 -0.0053284169628026864 0.024219843745755282 0.016320188968154643 0.025390141163002526 0.017041451046840378 -0.0073705266561676502 -0.0036552705234770724 0.0026678958485640259 0.00025267521866395375 0.0013729858582050036 0.00090655985941222566 -0.0060401498766034355 -0.00056623100105765184 -0.0035609354318599236 0.00046657435719462309
leaf_weight=29 281 30 4474 45 25 33 37 57 25 176 39 45 354 39 47 33 136 124 32 115 29 25 64 77 73 28 49 102 25 71
leaf_count=29 281 30 4474 45 25 33 37 57 25 176 39 45 354 39 47 33 136 124 32 115 29 25 64 77 73 28 49 102 25 71
internal_value=0.000689881 0.000557851 0.000628617 0.000663914 0.000483667 -0.00395833 -0.00114286 0.00056188 -0.000767318 0.000714988 -0.00333913 -0.00552632 0.00198413 0.000806366 -0.000319702 -0.000733197 0.00138462 1.98021e-05 -0.00374359 0.000617672 0.000550403 -0.00242017 -4.44443e-05 -0.000288209 -0.000798005 -0.00273548 -0.00579487 0.000421053 0.00314737 -0.000850575
internal_weight=6719 6438 6324 6295 5540 95 62 5445 562 4883 114 75 755 376 537 490 337 201 77 4707 4592 118 89 457 400 154 77 246 379 173
internal_count=6719 6438 6324 6295 5540 95 62 5445 562 4883 114 75 755 376 537 490 337 201 77 4707 4592 118 89 457 400 154 77 246 379 173
is_linear=0
shrinkage=0.04


Tree=146
num_leaves=31
num_cat=0
split_feature=0 1 2 5 0 1 1 3 10 12 17 3 12 4 3 12 8 15 5 3 16 0 1 2 13 13 16 14 14 17
split_gain=1.68895 1.01447 0.929795 1.12742 0.936269 0.919326 0.824891 0.976122 0.567389 1.02961 0.732562 0.754623 0.551661 1.01546 0.533432 0.71193 0.527859 0.529974 0.510417 0.669126 0.479209 0.478191 0.964643 0.745422 0.603454 0.608768 1.54978 0.533053 0.657208 0.64013
threshold=19.650000000000002 0.35000000000000003 18.350000000000005 17.150000000000002 13.550000000000002 17.150000000000002 13.550000000000002 14.550000000000002 8.7500000000000018 90.500000000000014 -0.60355339059327362 3.2500000000000004 86.500000000000014 6.9500000000000011 12.450000000000001 82.500000000000014 15.950000000000001 1.2500000000000002 4.3500000000000005 6.6500000000000012 227.50000000000003 3.8500000000000001 3.3500000000000001 2.6500000000000008 1.3500000000000003 5.2500000000000009 537.50000000000011 126.50000000000001 131.50000000000003 0.37940952255126054
decision_type=2 2 2 2 2 2 2 2 2 2 2 2 2 2 2 2 2 2 2 2 2 2 2 2 2 2 2 2 2 2
left_child=1 -1 4 5 6 -4 8 -8 16 10 11 -10 -6 -14 20 -16 17 21 -11 -20 -12 22 -3 -24 -25 -26 -27 -23 -29 -30
right_child=-2 2 3 -5 12 -7 7 -9 9 18 14 -13 13 -15 15 -17 -18 -19 19 -21 -22 27 23 24 25 26 -28 28 29 -31
leaf_value=-0.00084969181038318923 0.16899346859801231 0.00010096802606468706 -0.0031390381762093009 0.0073981572357999835 0.043826031220808512 -0.045534686012302171 0.00094929057052714168 -0.024846764108680953 -0.0040569951801073161 -0.0098051058005802459 0.0043799648121269691 0.00036803444164210146 -0.041994471625142728 0.042119370994433879 -0.013868233260767098 0.0044373311187047579 -0.013751737276975253 -0.0020066692743446026 -0.0076222365004952088 0.0043546635731913927 -0.00099829921122328866 0.0038091543884066887 -0.0030335764126544979 -0.0057957897215741329 0.00066437316657665612 -0.0039728723353210536 3.7985476513802757e-05 -0.0033730199683566198 -6.9128235421484613e-05 0.0025441072561268995
leaf_weight=29 281 1569 34 36 387 44 33 25 29 34 1311 137 31 32 25 26 25 38 51 42 27 723 25 34 147 52 106 35 898 453
leaf_count=29 281 1569 34 36 387 44 33 25 29 34 1311 137 31 32 25 26 25 38 51 42 27 723 25 34 147 52 106 35 898 453
internal_value=0.000672024 0.000539214 0.000573479 -0.0029913 0.000638501 -0.00567089 0.000502908 -0.00420339 0.000550795 0.00116934 0.00145244 -0.00105389 0.00239468 -0.0010625 0.00175252 -0.00223077 0.000297126 0.000333252 -0.00228125 -0.000723404 0.0019059 0.000377937 -7.65252e-05 -0.00192877 -0.00142353 -0.000849673 -0.00256604 0.000794313 0.000334535 0.000476331
internal_weight=6719 6438 6409 114 6295 78 5845 58 5787 1682 1555 166 450 63 1389 51 4105 4080 127 93 1338 4042 1933 364 339 305 158 2109 1386 1351
internal_count=6719 6438 6409 114 6295 78 5845 58 5787 1682 1555 166 450 63 1389 51 4105 4080 127 93 1338 4042 1933 364 339 305 158 2109 1386 1351
is_linear=0
shrinkage=0.04


Tree=147
num_leaves=31
num_cat=0
split_feature=0 1 6 5 0 17 1 9 0 1 0 1 17 1 17 11 19 3 18 5 18 11 11 12 14 14 9 9 5 1
split_gain=1.72902 1.00422 0.86649 1.16419 0.980941 0.84778 0.725287 0.672778 0.655613 0.973093 1.04999 1.12666 1.03349 0.95245 0.931622 1.26968 1.81163 0.829587 0.62554 0.621009 0.583503 0.983104 1.29895 0.563447 0.555135 0.742855 0.552191 0.726808 1.17626 1.16288
threshold=19.650000000000002 0.35000000000000003 18.008333333333333 17.150000000000002 10.750000000000002 -0.60355339059327362 10.15 44.500000000000007 6.9500000000000011 5.9500000000000011 5.0500000000000007 5.0500000000000007 0.12940952255126045 3.8500000000000001 0.78656609248549325 11.950000000000001 -1.0000000180025095e-35 5.5500000000000007 -0.3794095225512602 8.0500000000000025 -0.78656609248549325 21.950000000000003 9.5500000000000025 90.500000000000014 175.50000000000003 184.50000000000003 56.500000000000007 61.500000000000007 1.6500000000000001 3.4500000000000006
decision_type=2 2 2 2 2 2 2 2 2 2 2 2 2 2 2 2 2 2 2 2 2 2 2 2 2 2 2 2 2 2
left_child=1 -1 4 -4 6 18 8 -7 9 10 11 26 17 -12 24 16 -16 -13 19 -6 -8 22 -22 -10 -11 -26 -3 28 -28 -30
right_child=-2 2 3 -5 5 7 20 -9 23 14 13 12 -14 -15 15 -17 -18 -19 -20 -21 21 -23 -24 -25 25 -27 27 -29 29 -31
leaf_value=-0.00081570413796786163 0.16223372985409187 0.0012367570756213378 -0.039717302014142163 0.0063032691940035591 0.002411467091260412 -0.0019099233198086991 0.011940393971017108 0.029827706689944739 0.0041872522385909472 0.00099959033059977636 -0.003595235490735183 -0.015212209915263317 -0.0051055818555698594 0.0084795072869407358 -0.00053973032698870498 0.0025636280908331978 -0.024071964516375111 0.0016112714097573924 0.0013819384606196465 -0.01965555715333964 -0.00087217205324331985 0.0045007721556629644 -0.018733242422974659 -0.002543563732295986 -0.016564383976181481 -0.001198805137578679 -0.0045796801320937873 0.00013132882660316496 0.0015500587757700829 -0.0044640890857253895
leaf_weight=29 281 324 60 33 39 105 44 646 1176 228 33 25 45 482 38 35 38 65 124 53 58 64 43 71 30 168 25 2148 126 83
leaf_count=29 281 324 60 33 39 105 44 646 1176 228 33 25 45 482 38 35 38 65 124 53 58 64 43 71 30 168 25 2148 126 83
internal_value=0.00063631 0.000501941 0.000536038 -0.0032766 0.000592687 0.00176446 0.000380561 0.00239894 0.000474616 0.000218798 0.00047185 0.000170303 -0.00338235 0.00213178 -0.00136059 -0.00460714 -0.00748052 -0.000879121 -0.000442396 -0.00292473 -0.00192381 -0.00301205 -0.00545098 0.00127244 -0.000505855 -0.00205025 0.000348726 0.000137642 -0.00197447 -0.000971428
internal_weight=6719 6438 6409 93 6316 967 5349 751 5140 3893 3356 2841 135 515 537 111 76 90 216 92 209 165 101 1247 426 198 2706 2382 234 209
internal_count=6719 6438 6409 93 6316 967 5349 751 5140 3893 3356 2841 135 515 537 111 76 90 216 92 209 165 101 1247 426 198 2706 2382 234 209
is_linear=0
shrinkage=0.04


Tree=148
num_leaves=31
num_cat=0
split_feature=0 1 2 5 1 0 11 1 11 9 18 4 13 13 7 7 4 16 10 4 14 17 10 10 13 9 5 1 20 14
split_gain=1.71561 1.00763 0.916836 1.12742 0.919326 0.90002 0.630867 0.724306 1.01518 0.679626 0.897633 0.759973 0.713027 0.678094 0.861861 0.810085 0.758941 0.656271 0.840981 0.805535 0.606082 0.557066 0.690883 0.593707 1.55433 0.545604 1.03989 0.766787 1.16741 0.497926
threshold=19.650000000000002 0.35000000000000003 18.350000000000005 17.150000000000002 17.150000000000002 12.15 -3.3499999999999992 11.750000000000002 14.550000000000002 56.500000000000007 -0.9159756150367534 5.0500000000000007 5.6500000000000012 11.250000000000002 12.441666666666668 11.927083333333334 16.550000000000004 22.500000000000004 7.3500000000000005 1.8500000000000003 174.50000000000003 -0.37940952255126065 22.550000000000004 7.4500000000000011 2.9500000000000006 61.500000000000007 3.5500000000000003 3.1500000000000008 -0.22252093395631442 280.50000000000006
decision_type=2 2 2 2 2 2 2 2 2 2 2 2 2 2 2 2 2 2 2 2 2 2 2 2 2 2 2 2 2 2
left_child=1 -1 5 4 -4 6 -3 9 -9 20 11 17 -13 15 29 16 25 -11 19 -19 -8 23 -23 24 -7 26 27 -12 -29 -15
right_child=-2 2 3 -5 -6 21 7 8 -10 10 13 12 -14 14 -16 -17 -18 18 -20 -21 -22 22 -24 -25 -26 -27 -28 28 -30 -31
leaf_value=-0.00078307597244914719 0.15574438065992824 0.0018887537226919171 -0.0029964933719123783 0.0068501001786078729 -0.042124606491244332 -0.01498973739744826 2.0296464244253344e-05 -0.024229111307806365 0.0002678661182387987 0.0017374724450927692 9.3859726142661446e-05 0.0040887700513840518 -0.0011095093169206365 1.4963269098439699e-05 -0.023703781340182976 0.006999958353420494 -0.0039724721607795757 -0.0047690667039258314 -0.0068251239382219921 0.00019324947105721661 0.0046148413816264021 0.051567182637467734 -0.0049096475528008022 0.019741043639824759 0.0014896640781589382 0.00035543599773895767 0.00053535867104030491 -0.001128431174615685 -0.010509515866688914 -0.001868348362175258
leaf_weight=29 281 355 34 36 44 29 357 45 81 51 37 88 27 346 26 186 27 44 50 79 590 465 26 59 84 2816 251 39 43 94
leaf_count=29 281 355 34 36 44 29 357 45 81 51 37 88 27 346 26 186 27 44 50 79 590 465 26 59 84 2816 251 39 43 94
internal_value=0.000648214 0.000514366 0.000548518 -0.0029913 -0.00567089 0.000613088 0.000448784 0.000338765 -0.00264567 0.000412267 0.000194055 -0.00177647 0.000862069 0.000367305 -0.0010621 0.00056353 0.000414437 -0.00312889 -0.00429885 -0.00248387 0.00137975 0.00200602 0.00269106 4.62429e-05 -0.00164912 0.000471917 -0.00097035 -0.00403333 -0.00616867 -0.00063492
internal_weight=6719 6438 6409 114 78 6295 5632 5277 126 5151 4204 339 115 3865 466 3399 3213 224 173 123 947 663 491 172 113 3186 370 119 82 440
internal_count=6719 6438 6409 114 78 6295 5632 5277 126 5151 4204 339 115 3865 466 3399 3213 224 173 123 947 663 491 172 113 3186 370 119 82 440
is_linear=0
shrinkage=0.04


Tree=149
num_leaves=31
num_cat=0
split_feature=0 13 7 18 0 9 8 1 14 11 10 20 15 11 5 0 3 13 14 18 13 1 9 5 4 7 1 0 1 17
split_gain=1.63444 0.88725 0.994702 0.66834 0.745695 0.870292 0.767505 0.706906 1.0094 0.80262 1.2078 0.802061 0.746246 0.670531 0.820019 0.678042 1.09756 0.664773 0.643759 0.730015 0.684454 0.628908 0.627331 0.593806 1.56633 0.587094 1.46559 0.582312 0.912749 1.29904
threshold=20.050000000000004 11.250000000000002 12.531250000000002 1.0000000180025095e-35 5.0500000000000007 91.500000000000014 6.8500000000000005 18.350000000000005 193.50000000000003 3.9500000000000006 8.7500000000000018 -0.22252093395631442 0.8500000000000002 -6.8499999999999988 11.350000000000003 8.9500000000000011 8.0500000000000025 8.2500000000000018 206.50000000000003 -0.70710678118654757 1.6500000000000001 5.3500000000000005 43.500000000000007 12.65 5.9500000000000011 3.4729166666666669 5.8500000000000005 3.7500000000000004 3.3500000000000001 0.37940952255126054
decision_type=2 2 2 2 2 2 2 2 2 2 2 2 2 2 2 2 2 2 2 2 2 2 2 2 2 2 2 2 2 2
left_child=1 3 -3 7 6 25 21 9 -9 11 12 13 17 -1 15 -15 -17 23 -12 20 -20 27 -13 -11 -25 26 -6 28 -5 -30
right_child=-2 2 -4 4 5 -7 -8 8 -10 10 18 22 -14 14 -16 16 -18 -19 19 -21 -22 -23 -24 24 -26 -27 -28 -29 29 -31
leaf_value=0.014341526737743223 0.1763909298384192 -0.00018918148302544922 -0.026437887143593321 0.00023124223030959496 0.014541019489135984 0.00026221820753247584 -0.0049981523540958226 0.0022652933430111423 -0.039773623020340147 0.0001851564813501701 0.010768843701822982 -0.027342898117959664 -0.011291101620122613 -0.0001107271222899126 -0.0038852623015937504 -0.039106227533308842 -0.0019344402097307618 0.0022085803136423906 0.0075602216283352187 0.0020565212000578539 -0.038123909758418548 -0.0024637223509309256 0.00038029541033076091 -0.013334093822357623 0.00064879231206750978 0.012849690250956397 -0.0099082444399343807 0.0044241026826429873 -0.00030509248576553383 -0.0044922597834448942
leaf_weight=46 266 541 34 815 49 361 33 34 25 687 498 30 26 404 47 25 57 121 36 81 31 44 786 48 108 1000 43 300 116 27
leaf_count=46 266 541 34 815 49 361 33 34 25 687 498 30 26 404 47 25 57 121 36 81 31 44 786 48 108 1000 43 300 116 27
internal_value=0.000618453 0.000491478 -0.00100694 0.000638204 0.00108713 0.00171389 0.000404192 0.000232934 -0.00406667 0.000317942 0.000918754 -0.000386819 4.03634e-05 -0.00152414 -0.00192509 -0.00142916 -0.00472289 0.000223834 0.00226275 -5.36911e-05 -0.00311765 0.000558711 0.000421053 -0.000175355 -0.0023949 0.0022763 -0.000774193 0.000724385 0.000241919 -0.00269444
internal_weight=6719 6453 575 5878 2788 1453 1335 3090 59 3031 1636 1395 990 579 533 486 82 964 646 148 67 1302 816 843 156 1092 92 1258 958 143
internal_count=6719 6453 575 5878 2788 1453 1335 3090 59 3031 1636 1395 990 579 533 486 82 964 646 148 67 1302 816 843 156 1092 92 1258 958 143
is_linear=0
shrinkage=0.04


Tree=150
num_leaves=31
num_cat=0
split_feature=0 0 2 5 0 18 18 1 3 10 7 11 9 4 7 6 18 18 10 5 13 13 18 11 12 7 13 13 0 12
split_gain=1.54543 0.860755 1.02117 0.979185 0.816757 0.685752 0.9046 0.671273 0.852283 0.75377 0.749728 0.586267 1.04238 1.24552 0.680054 1.04608 0.721806 0.751501 0.76588 1.106 0.782085 1.34079 0.666567 1.1189 0.830231 0.545754 0.673389 0.678169 0.874731 0.62434
threshold=5.7500000000000009 19.750000000000004 18.350000000000005 17.150000000000002 0.35000000000000003 -0.3794095225512602 -0.78656609248549325 5.8500000000000005 7.4500000000000011 11.950000000000001 5.4854166666666675 22.250000000000004 98.500000000000014 10.250000000000002 3.4729166666666669 5.4833333333333298 0.25881904510252057 -0.98296291314453399 6.3500000000000005 8.4500000000000011 4.6500000000000012 3.4500000000000006 -0.70710678118654757 14.550000000000002 72.500000000000014 2.4354166666666672 3.1500000000000008 2.7500000000000004 1.4500000000000002 84.500000000000014
decision_type=2 2 2 2 2 2 2 2 2 2 2 2 2 2 2 2 2 2 2 2 2 2 2 2 2 2 2 2 2 2
left_child=4 2 11 5 -1 6 -4 9 10 25 -9 12 14 -14 15 -2 17 -16 19 20 21 -19 24 -24 -21 26 27 28 -6 -30
right_child=1 -3 3 -5 7 -7 -8 8 -10 -11 -12 -13 13 -15 16 -17 -18 18 -20 22 -22 -23 23 -25 -26 -27 -28 -29 29 -31
leaf_value=-0.00045391570470678435 0.00093021177167126792 0.15326694065776256 -0.011310253510179443 0.0074727306130029404 -0.0021840305383279946 -0.005004114600285681 -0.038715826021926143 -0.0031509631914084981 0.00039129699348819922 0.0058661979440996319 -0.024033540573096521 0.0086823216487040607 0.0010723500303843792 -0.015042343368658442 0.024615392390182664 -0.038383339158739038 0.011309389927511329 0.0045871000456014655 0.0019759518656413243 -0.01991612056247245 0.0062385805922972716 -0.037350940275744579 -0.030524866005484153 0.00060357660665520869 -0.00021468184611481662 0.00013713250820613108 2.4429716346758146e-05 -0.0060247143701611296 0.00048393684757728025 -0.0014824906579293854
leaf_weight=30 63 269 25 37 35 35 25 45 94 184 30 576 44 27 131 33 580 64 1197 38 91 27 26 57 29 2495 279 36 60 41
leaf_count=30 63 269 25 37 35 35 25 45 94 184 30 576 44 27 131 33 580 64 1197 38 91 27 26 57 29 2495 279 36 60 41
internal_value=0.000622315 0.00122548 0.0010367 -0.00253659 1.0811e-05 -0.00488372 -0.00784314 7.15153e-05 -0.00237647 0.000204408 -0.00552632 0.00118365 0.000908638 -0.00383333 0.00105434 -0.0022268 0.00119589 0.00077062 0.000520262 -0.00117718 0.000918033 -0.00169565 -0.00370861 -0.00128571 -0.00664706 4.88634e-05 -0.00123009 -0.00319075 -0.00186861 3.92158e-05
internal_weight=6703 3374 3105 122 3329 85 50 3299 169 3130 75 2983 2407 71 2336 96 2240 1660 1529 332 182 91 150 83 67 2946 451 172 136 101
internal_count=6703 3374 3105 122 3329 85 50 3299 169 3130 75 2983 2407 71 2336 96 2240 1660 1529 332 182 91 150 83 67 2946 451 172 136 101
is_linear=0
shrinkage=0.04


Tree=151
num_leaves=31
num_cat=0
split_feature=8 8 16 6 5 4 14 0 1 17 10 17 3 17 11 8 0 8 1 17 5 0 8 12 17 20 17 18 5 14
split_gain=1.3914 1.19526 0.78449 0.639791 0.947742 0.665493 0.597404 0.596255 1.94274 1.14902 1.18514 1.01747 0.947134 0.914471 0.76425 0.655948 0.822946 2.72386 0.843609 1.36898 0.715064 0.686561 0.943777 0.649049 0.973541 0.609272 0.5899 0.859711 1.23013 0.82524
threshold=2.0500000000000003 21.150000000000002 1647.5000000000002 18.008333333333333 17.150000000000002 15.050000000000002 190.50000000000003 9.6500000000000004 9.4500000000000011 0.25881904510252091 9.8500000000000032 0.37940952255126054 11.15 0.25881904510252091 5.6500000000000012 12.050000000000002 6.1500000000000012 8.1500000000000004 6.0500000000000007 0.12940952255126045 5.8500000000000005 5.0500000000000007 6.6500000000000012 70.500000000000014 -0.25881904510252113 -0.22252093395631442 -0.25881904510252113 -0.3794095225512602 17.250000000000004 200.50000000000003
decision_type=2 2 2 2 2 2 2 2 2 2 2 2 2 2 2 2 2 2 2 2 2 2 2 2 2 2 2 2 2 2
left_child=2 3 -1 7 5 -5 -4 8 15 12 -11 13 -10 26 -15 16 17 18 21 23 -17 22 -2 -20 -25 -21 27 28 29 -9
right_child=1 -3 6 4 -6 -7 -8 11 9 10 -12 -13 -14 14 -16 20 -18 -19 19 25 -22 -23 -24 24 -26 -27 -28 -29 -30 -31
leaf_value=-0.00011584869119832401 0.00023449654954557693 0.10897195301044871 -0.00064742479082399403 -0.044139382697507855 0.0056813373600130791 -0.0010509188655167851 -0.00030604493742510851 0.0045348553871353585 -0.012735108856114575 -0.028307281496098513 -0.0078077638507875833 0.015797428623503564 0.00072805473256757345 -0.025505574828587729 -0.0039279067675033925 0.0025947101212095555 0.0044143809235039659 -0.0065784981041331295 0.0018495779775379799 -0.00021547770956030282 -0.0052184859862686441 0.0061805288558106075 -0.0018598854652427145 -0.015360350877784179 0.010908075278793132 -0.023780335189865918 0.028044387246557709 0.0031601205459336986 -0.026365300674619702 -0.014066827474923063
leaf_weight=592 2170 293 25 32 33 25 39 101 54 25 25 610 76 27 44 26 1268 35 92 26 25 421 48 29 26 36 209 203 25 63
leaf_count=592 2170 293 25 32 33 25 39 101 54 25 25 610 76 27 44 26 1268 35 92 26 25 421 48 29 26 36 209 203 25 63
internal_value=0.000628282 0.000818122 -0.00112024 0.000690878 -0.00263736 -0.00572414 -0.00529231 0.000744219 0.000522017 -0.00353591 -0.00862745 0.00150273 -0.00152672 0.000427935 -0.00383333 0.000696645 0.000752409 0.000378641 0.000516673 -0.00192381 -0.00376923 0.000710606 0.000429022 0.000189189 -0.00321429 -0.00685714 0.000936877 2.03564e-05 -0.00191579 -0.000630303
internal_weight=6703 6047 656 5754 90 57 64 5664 4382 180 50 1282 130 672 71 4202 4151 2883 2848 209 51 2639 2218 147 55 62 601 392 189 164
internal_count=6703 6047 656 5754 90 57 64 5664 4382 180 50 1282 130 672 71 4202 4151 2883 2848 209 51 2639 2218 147 55 62 601 392 189 164
is_linear=0
shrinkage=0.04


Tree=152
num_leaves=31
num_cat=0
split_feature=8 8 2 20 0 1 2 0 17 7 10 8 1 7 0 8 1 17 7 16 2 16 9 4 11 10 0 8 4 14
split_gain=1.37178 1.04301 0.876754 1.01435 0.645749 0.900312 0.880493 0.805057 0.694035 0.898708 0.640064 0.63717 1.34615 0.762687 0.72297 2.75373 0.715351 1.52333 0.685943 0.60983 0.746125 0.716367 0.674218 0.662707 0.60934 0.650681 0.587432 0.702757 0.84816 0.583519
threshold=21.150000000000002 2.0500000000000003 18.350000000000005 -0.22252093395631442 9.9500000000000011 9.4500000000000011 13.450000000000001 9.3500000000000032 0.37940952255126054 4.7479166666666677 5.4500000000000011 11.350000000000003 8.4500000000000011 8.2708333333333357 6.5500000000000007 8.1500000000000004 6.7500000000000009 0.12940952255126045 3.4729166666666669 1647.5000000000002 1.2500000000000002 62.500000000000007 85.500000000000014 8.1500000000000004 18.450000000000003 9.8500000000000032 5.7500000000000009 6.8500000000000005 4.7500000000000009 158.50000000000003
decision_type=2 2 2 2 2 2 2 2 2 2 2 2 2 2 2 2 2 2 2 2 2 2 2 2 2 2 2 2 2 2
left_child=1 19 4 -4 5 11 7 10 -6 -10 -7 14 13 -13 15 16 26 -18 -16 20 21 -1 -21 -22 25 -9 27 29 -29 -3
right_child=-2 2 3 -5 8 6 -8 24 9 -11 -12 12 -14 -15 18 -17 17 -19 -20 22 23 -23 -24 -25 -26 -27 -28 28 -30 -31
leaf_value=-0.00051435726466719919 0.10461307489003079 0.0013558311046624706 -0.03330801107847986 -0.00038594791312890461 0.0010582111141029724 -0.033288426050221871 0.0033092595062338072 -0.0053201689460771221 -0.029813575292482918 0.02120093097466574 -0.0014780228598155294 -0.0013809441296101371 0.0058435807506051511 -0.0046459907603394902 -0.0038773823187895507 -0.004291481911585189 0.0003428719250653813 -0.026117867447579771 0.0073364083426679548 -2.8286476585079367e-05 -0.00049748579975405572 0.00087009135892939318 -0.00096128659186321447 0.00037732834842441358 0.011945361170896117 0.001312951474212503 0.004485893722308623 0.00016148752297690663 -0.0051407660342454153 0.00013914667759750871
leaf_weight=50 293 876 40 79 598 50 47 34 29 524 51 27 30 25 44 54 103 31 1025 29 366 120 35 56 34 32 301 47 38 1635
leaf_count=50 293 876 40 79 598 50 47 34 29 524 51 27 30 25 44 54 103 31 1025 29 366 120 35 56 34 32 301 47 38 1635
internal_value=0.000634248 0.000511621 0.000683927 -0.0027 0.000755855 0.000538685 -0.0017992 -0.00295049 0.00160069 0.00262094 -0.00545098 0.00067595 -0.00279518 -0.00664151 0.000745126 0.000434219 0.000594987 -0.00225185 0.00164112 -0.000998478 -0.000593592 0.00163743 -0.00467692 -0.00149409 -0.000396039 -0.00262687 0.000727398 0.000532923 -0.00302326 0.000654459
internal_weight=6703 6410 5754 119 5635 4484 248 201 1151 553 101 4236 82 52 4154 3085 3031 134 1069 656 592 170 64 422 100 66 2897 2596 85 2511
internal_count=6703 6410 5754 119 5635 4484 248 201 1151 553 101 4236 82 52 4154 3085 3031 134 1069 656 592 170 64 422 100 66 2897 2596 85 2511
is_linear=0
shrinkage=0.04


Tree=153
num_leaves=31
num_cat=0
split_feature=8 8 2 5 20 11 5 16 15 5 6 5 9 11 5 12 11 14 17 14 13 20 4 13 13 5 12 14 17 20
split_gain=1.24144 1.04301 0.876754 1.10318 0.985964 0.637706 1.06794 0.928538 0.897377 0.722179 1.80025 0.687482 1.54447 0.94941 0.937992 0.668444 0.76057 0.643259 1.22369 1.18117 0.759416 0.716099 0.662383 1.1984 1.7007 0.933258 0.765506 0.93137 0.772112 0.861718
threshold=21.150000000000002 2.0500000000000003 18.350000000000005 17.150000000000002 -0.22252093395631442 22.250000000000004 5.3500000000000005 127.50000000000001 1.2500000000000002 2.8500000000000001 3.2999999999999967 7.6500000000000012 86.500000000000014 7.2500000000000009 9.1500000000000004 26.500000000000004 31.150000000000002 157.50000000000003 -0.70710678118654735 181.50000000000003 0.75000000000000011 -0.56174490092936669 1.9500000000000002 3.1500000000000008 2.1500000000000008 4.2500000000000009 89.500000000000014 231.50000000000003 0.25881904510252091 -0.22252093395631442
decision_type=2 2 2 2 2 2 2 2 2 2 2 2 2 2 2 2 2 2 2 2 2 2 2 2 2 2 2 2 2 2
left_child=1 -1 5 4 -4 7 9 8 17 -7 -11 -9 -13 -14 -15 16 -12 -3 19 -19 -20 -21 23 24 -22 -26 27 -24 -28 -30
right_child=-2 2 3 -5 -6 6 -8 11 -10 10 15 12 13 14 -16 -17 -18 18 20 21 22 -23 26 -25 25 -27 28 -29 29 -31
leaf_value=-0.00019713123528747548 0.10042855189442954 0.0027902227596101172 -0.035730762901893906 0.0077301915031037288 -0.015198141601157766 0.0019026544026956782 0.0046491116720307384 0.00014461541506685061 -0.003690355729722749 -0.0019352324534562715 -0.0095353257470422361 -0.00059199680354763285 -6.3475291414757164e-05 -0.037684218095764499 -0.0037751445461317533 0.0050560346428206579 0.0060004667909674767 -0.0091794063063548176 0.0094196122103374167 -0.002123814710765397 0.00069384205928808287 0.0015269104761543193 0.0041389283548108015 0.00267785466038861 -0.0016788808559622581 -0.032077940927692838 0.0074840726974151782 -0.0018479340633188901 -0.020035358224158736 -0.00027340072919440893
leaf_weight=656 293 853 32 38 49 152 613 1226 27 29 25 387 27 27 25 88 35 46 302 41 65 75 1053 151 34 39 49 169 38 59
leaf_count=656 293 853 32 38 49 152 613 1226 27 29 25 387 27 27 25 88 35 46 302 41 65 75 1053 151 34 39 49 169 38 59
internal_value=0.000628282 0.000511621 0.000683927 -0.0027 -0.00531707 0.000755855 0.0017052 0.000564977 0.000987342 -0.000133333 -0.00186517 -0.000184288 -0.00149036 -0.00655 -0.00966038 -5.36911e-05 -0.00327869 0.00105412 0.00068049 -0.00265031 0.000957143 -0.000478632 0.000620024 -0.00111724 -0.00379856 -0.00794595 0.000987582 0.0013148 -0.0017415 -0.00379592
internal_weight=6703 6410 5754 119 81 5635 942 4693 3001 329 177 1692 466 79 52 148 60 2974 2121 162 1959 116 1657 289 138 73 1368 1222 146 97
internal_count=6703 6410 5754 119 81 5635 942 4693 3001 329 177 1692 466 79 52 148 60 2974 2121 162 1959 116 1657 289 138 73 1368 1222 146 97
is_linear=0
shrinkage=0.04


Tree=154
num_leaves=31
num_cat=0
split_feature=0 8 11 13 8 17 17 12 16 13 16 12 7 6 3 11 5 7 5 17 19 6 7 20 3 13 14 17 17 5
split_gain=1.22117 1.32504 0.973856 1.14792 0.909804 0.719926 1.11222 0.695159 0.661765 0.628064 0.69207 0.794541 0.735514 1.28097 1.05334 0.625493 0.608622 1.13208 0.70148 0.608559 0.58826 0.636889 0.581315 0.575566 0.861097 1.36225 0.571827 0.616314 0.571331 0.939423
threshold=4.1500000000000012 5.7500000000000009 22.250000000000004 11.050000000000002 9.0500000000000025 -0.25881904510252113 -0.37940952255126065 37.500000000000007 742.50000000000011 8.4500000000000011 127.50000000000001 53.500000000000007 3.7562500000000005 5.6166666666666663 3.7500000000000004 28.250000000000004 6.8500000000000005 4.7895833333333346 8.4500000000000011 -1.0000000180025095e-35 -0.8783796973249266 8.1250000000000018 2.4354166666666672 -0.22252093395631442 12.450000000000001 3.8500000000000001 124.50000000000001 -0.25881904510252113 0.37940952255126054 5.7500000000000009
decision_type=2 2 2 2 2 2 2 2 2 2 2 2 2 2 2 2 2 2 2 2 2 2 2 2 2 2 2 2 2 2
left_child=1 22 3 7 19 6 -4 -2 -6 10 11 -9 13 14 -13 -8 -14 18 -18 -5 21 -12 -1 24 26 -26 -19 -28 29 -22
right_child=2 -3 5 4 8 -7 15 9 -10 -11 20 12 16 -15 -16 -17 17 23 -20 -21 28 -23 -24 -25 25 -27 27 -29 -30 -31
leaf_value=-0.00042776553630989535 -0.0024271715922586411 -0.011559697332887279 0.0038841623711229345 0.0065161162068839498 -0.017820158907411496 0.010541181563570551 0.030812773726166611 0.0083767423607272115 -0.040392193160124774 0.0069174528323129314 -0.0079466443651486345 0.0081535183794043016 0.0079411504941895653 -0.017729444957773739 -0.0042353080557012094 -0.034411267764511637 -0.029060016505525036 -0.0013522636592501911 -0.0026915167446984484 -0.0045831294295708312 0.0030874734503467506 -0.001642436507290802 9.6875025704261267e-05 0.0079447818217453347 0.0096684790836919082 -0.019752533185703618 -0.0059082902635380716 0.005295610456491605 0.0031990177900058114 -0.0056466750886620901
leaf_weight=441 145 28 393 33 25 406 26 230 25 160 45 142 825 36 36 35 31 34 42 51 198 50 1929 591 47 34 37 259 136 233
leaf_count=441 145 28 393 33 25 406 26 230 25 160 45 142 825 36 36 35 31 34 42 51 198 50 1929 591 47 34 37 259 136 233
internal_value=0.000670048 -5.33554e-05 0.00107292 0.00077191 -0.00284444 0.00227642 0.00117802 0.000919082 -0.00705882 0.00104326 0.000912538 0.00123497 0.000991017 -0.00122791 0.000178771 -0.00380645 0.00124145 0.000613383 -0.00416216 -0.000282353 -0.000229261 -0.003125 5.06117e-05 0.000965105 -0.000184466 -0.00385366 0.000725076 0.00129293 0.000260564 -0.000453704
internal_weight=6703 2398 4305 3445 134 860 454 3311 50 3166 3006 2344 2114 214 178 61 1900 1075 73 84 662 95 2370 1002 411 81 330 296 567 431
internal_count=6703 2398 4305 3445 134 860 454 3311 50 3166 3006 2344 2114 214 178 61 1900 1075 73 84 662 95 2370 1002 411 81 330 296 567 431
is_linear=0
shrinkage=0.04


Tree=155
num_leaves=31
num_cat=0
split_feature=0 5 3 5 10 0 2 5 16 11 10 4 8 20 10 10 0 9 14 7 14 2 4 10 13 4 13 10 8 16
split_gain=1.19772 0.801233 0.683354 0.900386 0.978649 0.750081 0.738496 0.771609 0.789571 0.900917 0.681542 1.70487 0.700618 0.652769 2.06539 0.839444 0.617036 0.630075 0.585502 0.597358 0.566836 0.556452 0.554143 0.673821 0.732906 1.04458 0.549251 0.885282 1.43222 1.36778
threshold=4.1500000000000012 20.650000000000002 12.65 3.5500000000000003 13.350000000000003 21.600000000000005 20.150000000000002 3.5500000000000003 32.500000000000007 19.850000000000005 6.2500000000000009 10.050000000000002 5.7500000000000009 1.0000000180025095e-35 5.5500000000000007 6.2500000000000009 10.750000000000002 101.50000000000001 214.50000000000003 1.8437500000000002 93.500000000000014 0.95000000000000007 3.1500000000000008 5.4500000000000011 1.9500000000000002 5.4500000000000011 2.6500000000000008 6.9500000000000011 7.4500000000000011 47.500000000000007
decision_type=2 2 2 2 2 2 2 2 2 2 2 2 2 2 2 2 2 2 2 2 2 2 2 2 2 2 2 2 2 2
left_child=10 2 3 4 26 6 7 -4 -9 13 12 20 18 14 -10 -15 17 -5 19 21 -12 -1 -21 -24 -25 -26 -2 -28 29 -29
right_child=1 -3 5 16 -6 -7 -8 8 9 -11 11 -13 -14 15 -16 -17 -18 -19 -20 22 -22 -23 23 24 25 -27 27 28 -30 -31
leaf_value=-0.0025339992520657883 0.0054500061947072645 0.031166158439818466 0.0042682496780103744 0.0021158479308299913 -0.01078587406165747 0.10871722607441284 -0.055456096906306901 0.01899554983171493 0.0011590074359094633 0.0011704657134734254 -0.00039619884297437347 -0.0053327194405870656 -0.0089363945103429123 -0.020392927111112215 -0.028050962596623173 0.0076309817575756335 0.025452792128864202 -0.00090006585779422088 0.00021017019511971222 0.00025716638040395294 0.0013937536403677423 -0.0016388347966862272 -0.00017562850372587698 -0.0059575598038127484 -0.001997326611856743 0.00037801566497146894 0.0015892086028530044 -0.0027513664538662535 0.0022021699926245545 -0.012414375536809914
leaf_weight=28 183 227 79 1896 51 113 52 77 53 181 57 34 25 39 53 99 560 134 535 345 619 56 597 29 25 48 296 32 87 25
leaf_count=28 183 227 79 1896 51 113 52 77 53 181 57 34 25 39 53 99 560 134 535 345 619 56 597 29 25 48 296 32 87 25
internal_value=0.000744424 0.00114866 0.0010172 0.00126677 -3.55554e-05 -7.49664e-05 -0.000611987 -0.000199313 -0.000779324 -0.0014554 3.00127e-05 0.00106892 -0.000407341 -0.00303673 -0.00538318 -0.00120863 0.00160556 0.00128016 -0.000305288 -0.000821966 0.00151256 -0.00404706 -0.000558852 -0.00120571 -0.00419417 -0.002 0.000403846 -0.000362812 -0.00292414 -0.0077931
internal_weight=6635 4237 4010 3264 674 746 633 581 502 425 2398 710 1688 244 106 138 2590 2030 1663 1128 676 84 1044 699 102 73 623 440 144 57
internal_count=6635 4237 4010 3264 674 746 633 581 502 425 2398 710 1688 244 106 138 2590 2030 1663 1128 676 84 1044 699 102 73 623 440 144 57
is_linear=0
shrinkage=0.04


Tree=156
num_leaves=31
num_cat=0
split_feature=0 10 18 9 11 16 12 17 10 14 4 9 20 9 18 12 4 8 0 13 10 3 8 5 5 0 0 8 12 14
split_gain=1.00844 0.883095 0.758715 0.815217 0.759069 1.09714 0.780315 0.914316 1.29135 1.75018 1.07539 2.4805 1.23086 0.75258 1.31137 1.16785 1.31954 1.96159 0.799666 0.9205 0.741233 0.685731 1.17235 1.88049 1.03291 0.666181 0.631775 0.757623 0.705374 0.677168
threshold=4.1500000000000012 25.050000000000004 1.0000000180025095e-35 102.50000000000001 2.7500000000000004 42.500000000000007 67.500000000000014 0.25881904510252091 17.250000000000004 147.50000000000003 2.0500000000000003 58.500000000000007 1.0000000180025095e-35 64.500000000000014 -0.60355339059327384 54.500000000000007 12.950000000000001 12.250000000000002 9.7500000000000018 4.3500000000000005 8.2500000000000018 11.550000000000002 15.750000000000002 10.950000000000001 15.950000000000001 9.0500000000000025 11.750000000000002 6.9500000000000011 19.500000000000004 86.500000000000014
decision_type=2 2 2 2 2 2 2 2 2 2 2 2 2 2 2 2 2 2 2 2 2 2 2 2 2 2 2 2 2 2
left_child=-1 2 4 -4 6 -6 -2 -8 9 -9 12 -12 -11 21 18 -16 17 -17 -15 -20 -13 -7 23 -23 -25 -22 27 -5 -29 -30
right_child=1 -3 3 26 5 13 7 8 -10 10 11 20 -14 14 15 16 -18 -19 19 -21 25 22 -24 24 -26 -27 -28 28 29 -31
leaf_value=5.7140381865712874e-06 0.0023995516410488331 -0.0040961020067671198 0.0058528128908539295 0.003576045330378203 0.0090474393247544048 0.0057742105771686186 0.0020199922812902732 0.0051420106555491009 0.0069025348893887737 0.0040560418332052546 -0.057787022501100176 0.0049459950770918797 -0.023950879947715834 -0.028069164206057613 0.0041356347658997551 -0.0024554143102430352 0.019660947366308933 -0.033014207289819825 -0.011771068397928682 0.0097170786584033914 -0.026096321622198534 0.0067964589701264523 0.052377465891341388 -0.018179464520870381 -0.0042923808509320255 -0.002482164832015776 0.022554458146143291 0.0016284546359397007 -0.0061468518706853104 -0.0021139601867863501
leaf_weight=2398 97 34 1646 47 517 410 257 59 49 37 25 25 25 57 230 59 33 25 30 37 34 45 124 25 27 25 89 48 46 75
leaf_count=2398 97 34 1646 47 517 410 257 59 49 37 25 25 25 57 230 59 33 25 30 37 34 45 124 25 27 25 89 48 46 75
internal_value=0.00070223 0.00107315 0.00112559 0.00170287 0.000624945 0.00108395 -0.000548896 -0.00114711 -0.00272857 -0.00398268 -0.00602326 -0.0084 -0.00177778 0.0003699 -0.000838983 0.000425287 -0.00281356 -0.00545882 -0.004352 -0.00135294 -0.00498824 0.00127215 -0.000522522 -0.00379592 -0.00890566 -0.0074 -0.000196078 -0.00136406 -0.00261176 -0.00422951
internal_weight=6635 4237 4203 1951 2252 1619 633 536 279 230 171 109 62 1102 471 347 117 84 124 67 84 631 221 97 52 59 305 216 169 121
internal_count=6635 4237 4203 1951 2252 1619 633 536 279 230 171 109 62 1102 471 347 117 84 124 67 84 631 221 97 52 59 305 216 169 121
is_linear=0
shrinkage=0.04


Tree=157
num_leaves=31
num_cat=0
split_feature=0 17 8 7 11 9 10 10 7 16 11 13 18 12 14 16 12 9 16 12 19 0 14 6 12 10 12 7 10 12
split_gain=1.03712 1.08168 0.848439 1.29062 0.729898 1.00951 0.70388 0.876529 0.65035 0.91412 0.627096 0.584209 0.662602 0.645424 0.646936 0.782684 0.79839 0.780056 0.603586 0.950032 1.37579 1.13013 0.738096 0.585788 1.18693 0.63079 0.652264 0.629669 0.580537 0.547818
threshold=11.850000000000003 -0.25881904510252113 23.350000000000005 12.327083333333333 1.5500000000000003 55.500000000000007 22.550000000000004 16.450000000000003 16.275000000000002 317.50000000000006 -5.8499999999999988 10.050000000000002 -0.12940952255126037 28.500000000000004 176.50000000000003 627.50000000000011 57.500000000000007 56.500000000000007 87.500000000000014 78.500000000000014 -1.0000000180025095e-35 2.4500000000000006 126.50000000000001 10.341666666666667 84.500000000000014 4.8500000000000005 71.500000000000014 2.9354166666666672 13.350000000000003 91.500000000000014
decision_type=2 2 2 2 2 2 2 2 2 2 2 2 2 2 2 2 2 2 2 2 2 2 2 2 2 2 2 2 2 2
left_child=6 2 3 -2 5 -3 7 10 9 -5 -1 12 13 -12 15 16 -15 -16 29 -20 21 -21 -23 25 -25 26 -18 -27 -19 -14
right_child=1 4 -4 8 -6 -7 -8 -9 -10 -11 11 -13 18 14 17 -17 23 28 19 20 -22 22 -24 24 -26 27 -28 -29 -30 -31
leaf_value=0.0032321415197320165 0.0036225784962089168 -0.055229285402769057 0.12461982532288236 0.0051675652160198884 0.048565153241158933 0.050268947118281143 -0.0005436963959142946 0.012657458232804581 -0.00041111790930959595 -0.02472200127959287 -0.0014033999582047612 -0.00010079451911839425 0.0020484173084794328 0.0021681682762874498 0.003963450442248437 -0.025090763306819388 -0.013993208254628216 8.8995437879830063e-05 0.00023672664385057958 -0.0023434793101037958 0.00065986806151652146 0.0050111174089913233 -0.0042202755950120751 -0.013043235453710032 0.0030020713029936625 -0.00057081000279027392 -0.00050202584537750608 0.00047584689354028542 -0.013446529103054699 -0.0055732717074706622
leaf_weight=166 141 44 82 26 625 52 28 170 51 45 33 731 886 116 402 28 29 583 1302 33 72 28 35 35 30 82 142 543 54 41
leaf_count=166 141 44 82 26 625 52 28 170 51 45 33 731 886 116 402 28 29 583 1302 33 72 28 35 35 30 82 142 543 54 41
internal_value=0.000641953 0.00178444 -5.78033e-05 -0.00116667 0.00266482 -0.000577319 0.00042298 0.000455431 -0.0041626 -0.00661111 0.0003656 0.000288129 0.000459441 -6.35225e-05 2.7384e-05 -0.000695825 -0.000503067 0.000726923 0.000912427 0.000407886 -0.0024142 -0.00552577 -0.0023125 -0.000923434 -0.00454545 -0.000622334 -0.00276744 -3.19487e-05 -0.0001442 0.00171121
internal_weight=6635 1066 345 263 721 96 5569 5541 122 71 5371 5205 4474 2077 2044 1005 977 1039 2397 1470 168 96 63 861 65 796 171 625 637 927
internal_count=6635 1066 345 263 721 96 5569 5541 122 71 5371 5205 4474 2077 2044 1005 977 1039 2397 1470 168 96 63 861 65 796 171 625 637 927
is_linear=0
shrinkage=0.04


Tree=158
num_leaves=31
num_cat=0
split_feature=10 11 12 6 2 15 5 16 11 17 1 17 1 14 10 11 3 2 13 18 7 10 7 2 1 3 9 10 16 7
split_gain=0.853926 1.0747 1.11813 0.850602 0.706712 0.65966 0.957424 1.43445 0.611075 0.570406 1.51461 0.778878 0.849992 1.17997 0.733839 0.654363 0.649998 0.619302 0.840838 0.793804 0.924233 0.869097 0.756728 1.10393 0.725036 1.04376 0.674534 0.734356 0.995292 1.05179
threshold=10.450000000000001 3.1500000000000008 91.500000000000014 14.149999999999997 0.35000000000000003 0.8500000000000002 5.1500000000000012 182.50000000000003 -0.14999999999999999 -0.25881904510252113 7.5500000000000007 -0.37940952255126065 8.5500000000000025 323.50000000000006 9.7500000000000018 0.25000000000000006 1.8500000000000003 1.7500000000000002 10.050000000000002 0.78656609248549303 10.497916666666669 2.1500000000000008 4.8770833333333341 4.0500000000000007 2.1500000000000008 4.5500000000000007 59.500000000000007 7.6500000000000012 127.50000000000001 5.1354166666666679
decision_type=2 2 2 2 2 2 2 2 2 2 2 2 2 2 2 2 2 2 2 2 2 2 2 2 2 2 2 2 2 2
left_child=4 2 3 -2 -1 9 -7 -8 -4 11 17 14 13 -13 15 -6 -12 -11 19 20 24 22 -21 -24 25 -19 -26 -28 29 -29
right_child=1 -3 8 -5 5 6 7 -9 -10 10 16 12 -14 -15 -16 -17 -18 18 -20 21 -22 -23 23 -25 26 -27 27 28 -30 -31
leaf_value=-0.00095319539105318777 0.0027296744629518792 0.0089175863679804863 5.5630138881039699e-05 -0.059514123939881598 0.0019605794786291199 0.0007543221086421429 -0.014417413906000313 2.775310459126288e-05 -0.017138988798025685 0.00087602952197159839 -0.003758843620338639 0.00014007690996357185 -0.096868400504372842 -0.021214122160619277 -0.0043330459656531206 7.8192889579678203e-05 0.0092470954918949608 -0.002273998221736693 -0.0015550790688878247 0.0020038758595505046 -0.0028011599214359004 0.010391805415762987 -0.0014481989198523843 0.00029354518178156515 0.0034430223517280334 0.00070543855264702012 0.00025662574403189416 0.00081890560127126312 -0.0017488402943450347 -0.0032221701501704779
leaf_weight=28 579 822 25 34 234 39 25 29 26 254 25 199 38 33 46 1978 774 50 206 31 33 222 25 37 226 28 394 104 26 65
leaf_count=28 579 822 25 34 234 39 25 29 26 254 25 199 38 33 46 1978 774 50 206 31 33 222 25 37 226 28 394 104 26 65
internal_value=0.000678119 0.00152253 0.000324812 0.000801303 0.000434175 0.000469348 -0.00285106 -0.00625455 -0.00530769 0.000531318 0.000959616 0.000107553 -0.00191882 -0.000995708 0.000350598 0.00045549 0.002395 0.000284371 -3.59115e-05 0.000357488 -0.00023301 0.00208861 -0.00114894 -0.00368254 1.3423e-05 -0.00364557 0.000367647 -0.000345763 -0.00234694 -0.0012
internal_weight=6635 1486 664 613 5149 5121 93 54 51 5028 2500 2528 270 232 2258 2212 799 1701 1447 1241 926 315 93 62 893 78 815 589 195 169
internal_count=6635 1486 664 613 5149 5121 93 54 51 5028 2500 2528 270 232 2258 2212 799 1701 1447 1241 926 315 93 62 893 78 815 589 195 169
is_linear=0
shrinkage=0.04


Tree=159
num_leaves=31
num_cat=0
split_feature=0 17 8 3 20 11 11 9 2 13 19 0 17 13 19 7 6 5 11 11 14 9 14 14 2 5 7 13 8 7
split_gain=1.16863 0.945987 0.741144 0.986666 0.680092 0.582668 0.576715 1.02946 0.573851 1.09097 1.5652 0.940012 0.929427 0.984764 0.945985 0.625411 1.01545 0.818483 1.25945 0.989943 0.622032 0.612218 0.668574 0.696597 0.607183 0.91054 1.17618 1.71355 1.25571 0.731594
threshold=11.850000000000003 -0.25881904510252113 23.350000000000005 12.850000000000003 -0.22252093395631442 -6.8499999999999988 1.5500000000000003 54.500000000000007 9.9500000000000011 4.1500000000000012 -0.8783796973249266 4.1500000000000012 -0.9159756150367534 6.3500000000000005 0.6078576107927941 4.0645833333333341 4.2916666666666652 4.7500000000000009 0.45000000000000007 3.9500000000000006 228.50000000000003 101.50000000000001 315.50000000000006 82.500000000000014 3.6500000000000008 7.3500000000000005 9.9312500000000021 6.7500000000000009 3.0500000000000003 2.777083333333334
decision_type=2 2 2 2 2 2 2 2 2 2 2 2 2 2 2 2 2 2 2 2 2 2 2 2 2 2 2 2 2 2
left_child=5 2 3 -2 -5 -1 7 -3 11 -10 -11 24 -12 -14 -15 16 -13 18 -18 -19 -20 -17 23 -23 -7 29 27 28 -27 -26
right_child=1 6 -4 4 -6 8 -8 -9 9 10 12 15 13 14 -16 21 17 19 20 -21 -22 22 -24 -25 25 26 -28 -29 -30 -31
leaf_value=0.0035946047796031623 0.015919526404809873 -0.055921175620528216 0.12312218324789387 -0.015743003374732559 -0.0075045779571181305 7.696877024263901e-05 0.046252663291836776 0.046984479784890509 0.0012681669674763441 -0.018433421171044719 0.0077324606516322239 0.0026710046337094983 -0.0058398595322230601 0.0059661699138299001 -0.0078894376954886745 0.0030620376470042259 -0.0086609473614145081 -0.0012582506355933937 0.0039888291460082274 -0.041622606991001052 -0.0025390976016352435 -0.0016955123803217705 -0.0072671390504289923 0.0025761741603653261 -0.00051493977108988352 -0.0039401762687305015 0.00039779897412996353 -0.0020849300578472782 0.0021979373792392403 8.4342168725466514e-05
leaf_weight=132 97 39 82 48 118 1686 625 57 266 44 44 177 93 62 36 1973 35 34 111 36 30 63 25 70 43 28 41 41 44 455
leaf_count=132 97 39 82 48 118 1686 625 57 266 44 44 177 93 62 36 1973 35 34 111 36 30 63 25 70 43 28 41 41 44 455
internal_value=0.000684147 0.00189691 0.000173411 -0.000863636 -0.00273054 0.000451706 0.00272022 -0.000164948 0.000387643 -0.000842491 -0.00258571 0.000524832 -0.00127119 -0.00247917 0.000323232 0.00105519 -0.000349056 -0.0020081 -0.000542373 -0.0056338 0.00115493 0.00133396 -0.0010566 8.95524e-05 -5.47241e-05 -0.00109035 -0.00376774 -0.00585965 -0.00208219 -0.000256513
internal_weight=6635 1066 345 263 166 5569 721 96 5437 545 279 4892 235 191 98 2554 423 246 176 70 141 2131 158 133 2338 652 154 113 72 498
internal_count=6635 1066 345 263 166 5569 721 96 5437 545 279 4892 235 191 98 2554 423 246 176 70 141 2131 158 133 2338 652 154 113 72 498
is_linear=0
shrinkage=0.04


Tree=160
num_leaves=31
num_cat=0
split_feature=8 1 7 16 5 17 4 7 1 7 5 8 1 2 0 1 6 10 6 5 11 7 2 8 10 8 11 4 2 13
split_gain=1.13954 1.1864 0.908741 0.776933 1.26775 0.7606 0.71814 1.03404 1.04339 0.859656 0.731814 0.641743 1.28201 0.813067 0.563451 1.14633 1.37853 0.536794 0.690888 0.718569 0.596272 1.23952 1.01072 1.72282 0.578693 1.10865 0.606012 0.474575 1.09184 0.440475
threshold=13.750000000000002 12.550000000000002 2.4354166666666672 497.50000000000006 7.8500000000000005 -0.25881904510252113 1.3500000000000003 1.8437500000000002 3.3500000000000001 1.6270833333333334 3.5500000000000003 23.550000000000004 17.550000000000004 19.650000000000002 11.050000000000002 10.850000000000003 11.324999999999999 8.7500000000000018 10.558333333333332 3.5500000000000003 0.45000000000000007 3.3062500000000008 5.6500000000000012 8.0500000000000025 8.2500000000000018 9.1500000000000004 -0.74999999999999989 6.6500000000000012 18.250000000000004 5.1500000000000012
decision_type=2 2 2 2 2 2 2 2 2 2 2 2 2 2 2 2 2 2 2 2 2 2 2 2 2 2 2 2 2 2
left_child=1 2 6 4 -3 11 29 9 10 -8 -9 12 -2 -14 15 17 -17 24 19 20 21 -19 -22 -24 26 -26 -4 28 -7 -1
right_child=5 3 14 -5 -6 27 7 8 -10 -11 -12 -13 13 -15 -16 16 -18 18 -20 -21 22 -23 23 -25 25 -27 -28 -29 -30 -31
leaf_value=-0.00012254372423404814 0.0019185182460397649 0.00088549577804631577 0.0021318811483807642 0.0071647258638383076 -0.026094527726134676 0.022106320323109566 -0.0013703517890996987 0.00015999866276814563 -0.0024112762703998145 -0.0012646852999750717 -0.00084907618060223427 0.14967441850637239 -0.0023146130322969304 -0.093889899326012979 0.019285736440504877 -0.030081498582000057 0.0018832521653986481 -0.0095680996540929587 -0.0019041006735664484 0.0047665459302707438 0.0030275687592773953 0.00087653766774312266 -0.0099082504834170099 0.0059654046869232402 -6.6977192659284894e-05 -0.0053433846299402558 0.00011096574706815165 0.037626698874964795 -0.07731789270325648 0.0025564000662373584
leaf_weight=81 192 36 231 32 40 205 32 198 39 30 27 76 35 26 193 47 51 38 33 1086 106 61 32 59 101 26 3013 489 26 70
leaf_count=81 192 36 231 32 40 205 32 198 39 30 27 76 35 26 193 47 51 38 33 1086 106 61 32 59 101 26 3013 489 26 70
internal_value=0.000614422 0.000389899 0.000470927 -0.00374312 -0.00592208 0.00182476 -0.00119665 -0.00225076 -0.00114717 -0.00685714 -8.84954e-05 0.000230303 -0.000740157 -0.00574194 0.000627806 0.000543705 -0.00371717 0.000631711 0.00128531 0.00142299 -0.000323232 -0.00284 0.000949495 -0.00213043 0.000357058 -0.00228125 0.000461017 0.00255201 0.00105172 0.00107895
internal_weight=6711 5662 5554 108 76 1049 477 326 264 62 225 329 253 61 5077 4884 98 4786 1415 1382 296 99 197 91 3371 127 3244 720 231 151
internal_count=6711 5662 5554 108 76 1049 477 326 264 62 225 329 253 61 5077 4884 98 4786 1415 1382 296 99 197 91 3371 127 3244 720 231 151
is_linear=0
shrinkage=0.04


Tree=161
num_leaves=31
num_cat=0
split_feature=8 1 7 17 16 9 4 8 1 11 17 18 14 9 13 1 11 13 4 11 16 9 18 1 13 9 1 11 2 13
split_gain=1.21241 1.18235 0.812374 0.797397 0.776933 0.654081 0.649586 0.628268 1.11885 0.618092 0.606887 0.571758 0.74661 0.821921 0.740515 0.730182 1.37522 0.56066 0.540043 0.627905 0.845253 0.750795 0.953002 1.44278 0.707145 0.948032 1.00886 0.74373 0.660671 0.91771
threshold=13.750000000000002 12.550000000000002 2.4354166666666672 -0.25881904510252113 497.50000000000006 67.500000000000014 1.0500000000000003 27.500000000000004 20.450000000000003 -3.3499999999999992 0.91597561503675362 -0.12940952255126037 179.50000000000003 58.500000000000007 11.250000000000002 4.6500000000000012 20.550000000000004 16.750000000000004 0.8500000000000002 3.9500000000000006 87.500000000000014 53.500000000000007 -0.60355339059327384 6.4500000000000011 5.6500000000000012 60.500000000000007 5.8500000000000005 13.65 1.4500000000000002 5.3500000000000005
decision_type=2 2 2 2 2 2 2 2 2 2 2 2 2 2 2 2 2 2 2 2 2 2 2 2 2 2 2 2 2 2
left_child=1 2 6 7 5 -3 -1 8 -2 -4 17 12 18 -14 -13 -16 -17 -8 -11 21 -21 22 23 -20 25 26 -22 -27 -23 -30
right_child=3 4 9 -5 -6 -7 10 -9 -10 11 -12 14 13 -15 15 16 -18 -19 19 20 24 28 -24 -25 -26 27 -28 -29 29 -31
leaf_value=0.0017485841046859664 0.00086712292313008746 -0.0081679441392941803 0.0028393930299761387 0.024886564825934203 0.0068781368292847927 -0.023239368767574646 -9.4635056683780544e-05 0.30339482407668233 -0.043859723007383396 -0.0020690713943860885 -0.0046129343287986289 0.0011545393345343507 0.0032205513799418222 -0.00013160775179998528 0.00012267656280306845 -0.0083050689467454725 0.00032599397471215366 -0.0012262087415123666 -0.020086801503387042 0.0062106753345630818 0.0013519248401852328 -0.0017079399183553149 0.00010629688058655287 -0.0097397344849380427 0.000744961722375892 -0.0071540881580951753 -0.011532214042258128 0.002586295409173071 0.00088401468175276483 -0.0016818116211925185
leaf_weight=94 240 50 313 720 32 26 316 59 30 32 42 2328 487 568 251 52 75 25 31 234 26 25 36 39 134 36 37 56 283 34
leaf_count=94 240 50 313 720 32 26 316 59 30 32 42 2328 487 568 251 52 75 25 31 234 26 25 36 39 134 36 37 56 283 34
internal_value=0.000614422 0.000382836 0.000463727 0.00186286 -0.00374312 -0.00592208 -0.00111297 0.000230303 -0.000590406 0.000612052 -0.00184375 0.000498636 -3.88523e-06 0.000738636 0.00088068 -0.000759894 -0.00321875 -0.00127485 -0.00078486 -0.000613169 0.000328244 -0.00171047 -0.00463551 -0.00732394 -0.00111724 -0.00294872 -0.0066875 -0.000344086 -0.000793003 -0.000289308
internal_weight=6711 5662 5554 1049 108 76 477 329 270 5077 383 4764 2058 1055 2706 378 127 341 1003 971 523 448 106 70 289 155 63 92 342 317
internal_count=6711 5662 5554 1049 108 76 477 329 270 5077 383 4764 2058 1055 2706 378 127 341 1003 971 523 448 106 70 289 155 63 92 342 317
is_linear=0
shrinkage=0.04


Tree=162
num_leaves=31
num_cat=0
split_feature=10 11 6 8 1 0 11 0 8 10 7 6 11 0 6 14 10 9 16 13 7 11 5 5 16 11 11 9 19 7
split_gain=1.16848 0.785244 0.795348 0.703182 1.17031 0.648495 0.725961 0.803934 0.709997 0.610906 0.516596 1.65775 0.476398 0.506329 0.651795 0.621652 0.527089 0.475219 0.557524 0.530494 0.951705 1.14084 0.704168 0.446028 0.853931 0.933856 1.18841 1.09883 0.915228 0.625415
threshold=10.450000000000001 3.1500000000000008 14.149999999999997 27.500000000000004 22.450000000000003 0.35000000000000003 24.150000000000002 2.6500000000000008 2.6500000000000008 0.35000000000000003 4.7895833333333346 5.6583333333333306 -3.7499999999999996 15.050000000000002 16.400000000000002 300.50000000000006 10.350000000000003 68.500000000000014 22.500000000000004 3.3500000000000001 3.2625000000000006 0.55000000000000016 6.4500000000000011 10.950000000000001 1277.5000000000002 12.450000000000001 7.4500000000000011 70.500000000000014 -1.0000000180025095e-35 12.68125
decision_type=2 2 2 2 2 2 2 2 2 2 2 2 2 2 2 2 2 2 2 2 2 2 2 2 2 2 2 2 2 2
left_child=3 2 17 4 5 -1 12 8 -8 -9 11 -3 -7 14 16 -15 23 18 -2 20 -20 -22 -23 29 25 26 27 28 -25 -14
right_child=1 10 -4 -5 -6 6 7 9 -10 -11 -12 -13 13 15 -16 -17 -18 -19 19 -21 21 22 -24 24 -26 -27 -28 -29 -30 -31
leaf_value=-0.00027902282792322377 0.0033859388172820418 0.0016434348827032502 -0.046629632183623121 0.23263994728046175 -0.01767926786110326 0.0015371877990910622 5.1925012900350955e-05 -0.014260691415754281 -0.0023282280224210103 0.0042268412215708071 0.015531955358681992 -0.0031279360090849849 0.00011227535640430518 0.048228629469923442 -0.010086368575786686 -0.020164052226338703 -0.0064877931707690772 0.0077944020184974394 -0.011192517526204154 0.0039972903480442381 0.0013670147112102838 -0.00093163575467561366 -0.027214007363690996 -0.0026206675417165741 -0.0060353844680550474 0.001839494075037021 -0.012596011275558861 0.0011752221614258109 -4.2508444702798606e-05 -0.0062218200574849294
leaf_weight=35 186 112 34 85 26 220 96 33 29 628 676 42 3272 164 33 26 30 149 28 92 118 38 29 37 31 245 45 78 46 48
leaf_count=35 186 112 34 85 26 220 96 33 29 628 676 42 3272 164 33 26 30 149 28 92 118 38 29 37 31 245 45 78 46 48
internal_value=0.000650179 0.00163189 0.000616296 0.00036636 0.000306071 0.00035001 0.000387989 0.00150445 -0.00142857 0.00206042 0.00245487 0.00036129 0.000182414 8.38266e-05 -1.55198e-05 0.00209424 3.33944e-05 0.000936038 0.000333333 -0.000718954 -0.00181308 -0.000752688 -0.00488235 7.57298e-05 -0.00106004 -0.000610619 -0.00258937 -0.000962963 -0.00414286 0.000240891
internal_weight=6711 1504 674 5207 5122 5096 5061 786 125 661 830 154 4275 4055 3865 190 3832 640 491 305 213 185 67 3802 482 451 206 161 83 3320
internal_count=6711 1504 674 5207 5122 5096 5061 786 125 661 830 154 4275 4055 3865 190 3832 640 491 305 213 185 67 3802 482 451 206 161 83 3320
is_linear=0
shrinkage=0.04


Tree=163
num_leaves=31
num_cat=0
split_feature=8 17 11 18 10 10 8 5 11 11 0 8 0 8 5 12 9 5 11 2 10 5 14 13 11 11 5 12 13 12
split_gain=1.11043 0.682955 0.673223 0.616265 0.833683 0.667876 0.681128 1.59572 2.35492 0.642043 0.630315 1.4712 0.614895 1.67627 1.49942 0.612228 1.20523 0.633948 0.817964 0.700888 0.708116 0.600272 0.597757 0.783498 0.695238 1.28416 0.633832 0.588521 0.661436 0.521754
threshold=13.750000000000002 -0.25881904510252113 -3.3499999999999992 0.1294095225512602 9.1500000000000004 1.1500000000000001 11.950000000000001 8.1500000000000004 13.850000000000003 5.8500000000000005 5.2500000000000009 6.7500000000000009 8.3500000000000032 8.9500000000000011 6.6500000000000012 29.500000000000004 71.500000000000014 4.0500000000000007 16.150000000000002 5.7500000000000009 3.3500000000000001 19.650000000000002 181.50000000000003 2.9500000000000006 2.5500000000000003 1.3500000000000003 7.3500000000000005 86.500000000000014 2.2500000000000004 87.500000000000014
decision_type=2 2 2 2 2 2 2 2 2 2 2 2 2 2 2 2 2 2 2 2 2 2 2 2 2 2 2 2 2 2
left_child=2 21 -1 5 10 -4 12 9 -9 -8 11 -5 13 15 -15 16 -7 18 19 20 -17 -2 23 24 25 26 -19 28 -26 -6
right_child=1 -3 3 4 29 6 7 8 -10 -11 -12 -13 -14 14 -16 17 -18 22 -20 -21 -22 -23 -24 -25 27 -27 -28 -29 -30 -31
leaf_value=0.0013824753530792444 -0.001187431916660626 0.02387351670509244 0.0055264792565247814 4.5043049703477271e-05 0.0068651694307894709 -0.0018136779731823837 -0.0028014567907486292 -0.033975929251349124 -0.0024859211618915543 0.010109157560919332 0.0030961638857331993 -0.0042716899614629218 0.0015074053779422945 0.00098990301040229652 -0.0030359786756765719 0.0018823765044112923 0.00024589681680336047 0.0018768284633570843 -0.0073978401359823392 0.0026300016201599276 -0.001081842945317433 0.038274543043727606 0.00098829819660640854 0.00036486524170206101 0.00096140306441533927 -0.024684119598143733 -0.017055183950598487 0.0058283503747281352 -0.018884259673276615 -0.00054042766014748096
leaf_weight=376 269 720 81 1361 308 28 51 30 46 71 793 47 448 28 46 52 31 44 48 151 469 60 522 375 66 27 26 39 29 69
leaf_count=376 269 720 81 1361 308 28 51 30 46 71 793 47 448 28 46 52 31 44 48 151 469 60 522 375 66 27 26 39 29 69
internal_value=0.000668057 0.00186286 0.000446407 0.000329866 0.000772393 -9.15465e-05 -0.000202435 -0.00245226 -0.00696104 0.000390244 0.000474115 -3.40666e-05 -1.81068e-05 -0.000320888 -0.00618667 -9.01466e-05 -0.00406667 3.89401e-05 -0.000887656 -0.000523031 -0.00121839 0.000351515 0.000630647 -0.000224053 -0.00205172 -0.00461224 -0.00169014 -0.000177778 -0.001875 0.00250794
internal_weight=6711 1049 5662 5286 2578 2708 2627 198 76 122 2201 1408 2429 1981 74 1907 59 1848 720 672 521 329 1128 606 231 97 70 134 95 377
internal_count=6711 1049 5662 5286 2578 2708 2627 198 76 122 2201 1408 2429 1981 74 1907 59 1848 720 672 521 329 1128 606 231 97 70 134 95 377
is_linear=0
shrinkage=0.04


Tree=164
num_leaves=31
num_cat=0
split_feature=10 8 3 4 2 0 1 15 10 11 0 1 13 7 4 13 5 2 13 11 18 11 7 2 6 4 4 14 3 20
split_gain=1.20363 0.700171 0.683511 0.573644 0.698402 0.562181 1.23459 0.70696 1.07169 1.2615 0.736595 0.707083 0.624131 0.493633 0.613595 0.886788 0.729071 0.682575 0.534591 0.476354 0.432571 0.493238 0.495704 1.48764 0.42831 0.369069 0.802447 0.846728 0.509172 0.637868
threshold=10.450000000000001 27.500000000000004 26.650000000000002 11.850000000000003 18.350000000000005 15.050000000000002 15.15 0.8500000000000002 4.1500000000000012 4.0500000000000007 12.850000000000003 13.050000000000002 1.3500000000000003 2.4354166666666672 1.3500000000000003 9.6500000000000004 2.6500000000000008 2.3500000000000001 3.8500000000000001 -0.94999999999999984 0.37940952255126048 10.550000000000002 4.8229166666666679 4.6500000000000012 1.6416666666666633 3.3500000000000001 2.6500000000000008 286.50000000000006 11.15 1.0000000180025095e-35
decision_type=2 2 2 2 2 2 2 2 2 2 2 2 2 2 2 2 2 2 2 2 2 2 2 2 2 2 2 2 2 2
left_child=1 2 5 4 20 6 7 10 -9 -10 11 13 -7 14 19 16 18 -18 -16 -1 21 -2 23 -23 -17 26 27 -15 -27 -30
right_child=3 -3 -4 -5 -6 12 -8 8 9 -11 -12 -13 -14 25 15 24 17 -19 -20 -21 -22 22 -24 -25 -26 28 -28 -29 29 -31
leaf_value=-0.0017447040290098606 0.00036677056286477545 0.2224347594644383 -0.029610174797028255 0.02206730563252186 -0.027930032111902973 -0.0097121954708010751 -0.0083594193296801841 0.0024907611333802289 0.00015241669976653684 -0.012687295443384587 0.020618553876967188 -0.02164085114345269 0.040111185126707846 0.00036041987511169834 -4.1932388065456632e-05 -0.00036295511247723964 -0.00014050141425905023 -0.0034236770639204167 0.0013822019072124317 0.0010869692457358511 0.014299954070208721 0.0019676288640357261 0.013325913181378619 -0.007049812584049916 -0.0029538776759715675 1.6354402392353951e-05 0.0016936377881914294 -0.0016187956329467151 0.0054277565112526831 -2.608911407271508e-05
leaf_weight=35 638 85 34 182 41 26 41 30 26 25 164 46 221 539 115 43 47 27 54 110 228 53 337 25 25 2692 327 44 249 202
leaf_count=35 638 85 34 182 41 26 41 30 26 25 164 46 221 539 115 43 47 27 54 110 228 53 337 25 25 2692 327 44 249 202
internal_value=0.000662098 0.00037404 0.000313879 0.00165847 0.00136659 0.000352132 0.000256919 0.000316601 -0.00336585 -0.00684615 0.000380509 0.000285338 0.00220968 0.000336142 -0.000910284 -0.00191026 -0.000770492 -0.00405333 0.000682353 0.00123288 0.00153198 0.00118786 0.00225962 -0.000607595 -0.00591304 0.000476566 0.00118551 0.000294521 0.000270993 0.00151327
internal_weight=6711 5207 5122 1504 1322 5088 4841 4800 81 51 4719 4555 247 4509 456 311 243 74 169 145 1281 1053 415 78 68 4053 910 583 3143 451
internal_count=6711 5207 5122 1504 1322 5088 4841 4800 81 51 4719 4555 247 4509 456 311 243 74 169 145 1281 1053 415 78 68 4053 910 583 3143 451
is_linear=0
shrinkage=0.04


Tree=165
num_leaves=31
num_cat=0
split_feature=0 0 18 18 2 9 7 10 17 9 7 17 3 17 5 3 20 14 5 7 12 16 13 2 13 5 13 20 11 13
split_gain=1.01556 0.762208 1.13982 0.90259 0.642939 1.10722 0.807832 0.608178 0.592014 0.947303 0.87707 0.840815 0.872807 0.714112 0.703326 0.693595 0.669498 0.63989 0.587995 1.23751 1.11579 1.38712 1.1141 1.08609 0.784696 0.744616 0.580784 0.673918 1.05129 0.776703
threshold=23.000000000000004 3.8500000000000001 1.0000000180025095e-35 -0.98296291314453399 18.350000000000005 67.500000000000014 14.456250000000002 22.550000000000004 0.37940952255126054 78.500000000000014 4.7895833333333346 0.25881904510252091 9.6500000000000004 -0.25881904510252113 8.8500000000000032 3.6500000000000008 -0.22252093395631442 189.50000000000003 8.0500000000000025 7.9437500000000005 55.500000000000007 157.50000000000003 4.4500000000000011 12.65 0.55000000000000016 9.5500000000000025 4.0500000000000007 1.0000000180025095e-35 20.250000000000004 11.15
decision_type=2 2 2 2 2 2 2 2 2 2 2 2 2 2 2 2 2 2 2 2 2 2 2 2 2 2 2 2 2 2
left_child=1 -1 3 -3 8 6 -6 26 11 10 -10 13 16 15 -14 -5 -13 -18 24 22 -21 -22 25 -23 -17 -20 -4 -28 29 -29
right_child=-2 2 7 4 5 -7 -8 -9 9 -11 -12 12 14 -15 -16 18 17 -19 19 20 21 23 -24 -25 -26 -27 27 28 -30 -31
leaf_value=-7.9148776616221088e-06 0.2105024856466714 0.012034864776314816 0.0080597692846876307 -0.0068245050945943599 -0.025025602393701277 -0.014464556019238245 0.064794754337078278 -0.011270334068936846 -0.00059991314927799642 -0.00073410560747027859 0.0038695094634265156 0.016810326892138551 -0.051985919076540779 0.0077995759539011954 -0.014578613982142443 -0.00308160537918092 -0.00087880450275601256 -0.03493100488381104 0.0059369488352238788 0.013787865531166562 0.0021340863814416837 -0.022356160340678746 -0.0092984762455446106 -0.018467380352614585 0.0011979222889882558 -0.0096579984758927168 0.004230739067948657 -0.0015249495971034091 0.0025861758311669938 -0.033507943095824728
leaf_weight=2253 183 184 853 42 32 38 38 29 183 69 566 53 28 159 35 29 44 25 28 90 82 25 30 28 406 30 670 225 237 25
leaf_count=2253 183 184 853 42 32 38 38 29 183 69 566 53 28 159 35 29 44 25 28 90 82 25 30 28 406 30 670 225 237 25
internal_value=0.0006125 0.000529907 0.000843137 0.000220936 -1.94079e-05 -0.00300917 1.46913e-10 0.00152745 0.000147466 0.000967033 0.00138133 -0.000444053 -0.00290323 3.78949e-05 -0.0066875 -0.00045512 -0.000910569 -0.00348571 -0.000170894 -0.00149045 8.84957e-05 -0.00220588 -0.00548315 -0.00718518 0.000779817 -0.00216949 0.00161114 0.00102591 -0.000106557 -0.00191235
internal_weight=6719 6536 4283 2244 2060 108 70 2039 1952 818 749 1134 185 949 63 790 122 69 748 313 225 135 88 53 435 58 2010 1157 487 250
internal_count=6719 6536 4283 2244 2060 108 70 2039 1952 818 749 1134 185 949 63 790 122 69 748 313 225 135 88 53 435 58 2010 1157 487 250
is_linear=0
shrinkage=0.04


Tree=166
num_leaves=31
num_cat=0
split_feature=8 8 1 18 18 1 10 11 9 7 12 7 9 10 12 18 10 1 2 8 9 17 11 11 19 3 7 10 11 11
split_gain=1.07325 0.802479 0.855849 0.731754 0.70299 0.661882 0.639598 0.620359 1.12409 0.701091 1.5284 0.655866 0.633936 1.19556 1.11658 1.01541 0.59808 0.566194 1.14459 0.964609 0.894992 1.55848 0.853711 0.978166 0.631568 0.534576 0.578829 0.529287 0.518352 0.516825
threshold=4.1500000000000012 27.150000000000002 23.450000000000003 1.0000000180025095e-35 -0.98296291314453399 1.8500000000000003 17.950000000000003 3.9500000000000006 44.500000000000007 5.8375000000000004 90.500000000000014 6.1479166666666671 73.500000000000014 3.1500000000000008 35.500000000000007 -0.60355339059327384 22.550000000000004 3.0500000000000003 2.2500000000000004 2.8500000000000001 67.500000000000014 0.60355339059327384 2.4500000000000006 4.6500000000000012 0.87837969732492682 6.9500000000000011 5.4229166666666675 12.950000000000001 -0.84999999999999998 -1.6499999999999997
decision_type=2 2 2 2 2 2 2 2 2 2 2 2 2 2 2 2 2 2 2 2 2 2 2 2 2 2 2 2 2 2
left_child=17 2 3 4 -2 -5 7 8 -6 -10 11 -11 14 -14 -9 -15 28 19 -19 -1 25 22 -22 -24 -25 26 -20 29 -7 -13
right_child=1 -3 -4 5 6 16 -8 12 9 10 -12 27 13 15 -16 -17 -18 18 20 -21 21 -23 23 24 -26 -27 -28 -29 -30 -31
leaf_value=-2.4056988672427267e-05 0.012635614064992954 0.28315522788882952 -0.014228034900152156 -0.0058748175591490856 -0.046319344564313907 0.012096265602158903 0.010616314935483307 -0.004640472215353764 0.00099119186428091419 -0.021164013446682756 -0.004681159676517244 0.017031486213251231 0.0034176347999917873 -0.024641748723148105 0.0024865687590324669 -0.00467336947331387 -0.010819520706179345 -0.0043440465678021541 0.00011975098065710914 0.0014515423144372875 0.002472419111918053 -0.0024517622741001667 -0.0041349716885829852 9.0888986637055545e-05 -0.0036176108014178317 0.0024887838441503625 -0.0039540912213726779 -0.017289910399344376 0.0030376008428750242 -0.00051476446369169595
leaf_weight=1187 188 158 27 27 37 162 136 36 327 30 34 53 134 35 945 118 29 31 162 390 61 32 25 93 25 64 36 43 1938 156
leaf_count=1187 188 158 27 27 37 162 136 36 327 30 34 53 134 35 945 118 29 31 162 390 61 32 25 93 25 64 36 43 1938 156
internal_value=0.000588691 0.000930213 0.000830341 0.000874238 0.000373075 0.00140195 0.000161151 -2.46279e-05 -0.000998531 -0.000602484 -0.00194322 -0.000961131 0.00049803 -0.00115278 0.00098167 -0.00355844 0.00148169 -0.000159468 -0.00129057 0.000220532 -0.000817635 -0.00259916 -0.0012878 -0.00297222 -0.00141176 0.000790875 -0.000241206 -0.000284585 0.00156116 0.000552381
internal_weight=6719 4613 4455 4428 2272 2156 2084 1948 680 643 316 282 1268 287 981 153 2129 2106 529 1577 498 236 204 143 118 262 198 252 2100 209
internal_count=6719 4613 4455 4428 2272 2156 2084 1948 680 643 316 282 1268 287 981 153 2129 2106 529 1577 498 236 204 143 118 262 198 252 2100 209
is_linear=0
shrinkage=0.04


Tree=167
num_leaves=31
num_cat=0
split_feature=0 8 5 10 17 3 11 9 13 8 19 9 9 16 16 16 13 19 8 10 10 14 3 14 8 17 8 6 18 17
split_gain=1.2151 2.73368 3.08098 0.68343 0.719723 0.775858 0.654411 1.11558 0.616499 0.83163 1.26456 0.712161 0.714123 1.36141 0.775547 0.931231 1.04317 0.693266 0.58869 0.557379 0.902291 0.785989 0.545939 0.730631 0.530647 0.651096 0.526084 0.799019 0.524661 0.713994
threshold=7.3500000000000005 9.0500000000000025 5.9500000000000011 24.550000000000004 -0.25881904510252113 1.7500000000000002 22.850000000000005 90.500000000000014 5.3500000000000005 1.4500000000000002 -0.8783796973249266 78.500000000000014 72.500000000000014 1257.5000000000002 437.50000000000006 297.50000000000006 8.1500000000000004 -0.8783796973249266 6.9500000000000011 4.6500000000000012 5.2500000000000009 190.50000000000003 3.1500000000000008 164.50000000000003 23.350000000000005 -0.37940952255126065 1.1500000000000001 1.7333333333333301 1.0000000180025095e-35 0.25881904510252091
decision_type=2 2 2 2 2 2 2 2 2 2 2 2 2 2 2 2 2 2 2 2 2 2 2 2 2 2 2 2 2 2
left_child=1 8 -3 4 24 -6 7 28 9 10 -1 12 14 17 15 18 -17 -14 19 -10 -21 -22 23 -19 25 -2 -12 -28 29 -7
right_child=3 2 -4 -5 5 6 -8 -9 11 -11 26 -13 13 -15 -16 16 -18 22 -20 20 21 -23 -24 -25 -26 -27 27 -29 -30 -31
leaf_value=-0.0021341206836589821 0.00037115473757532184 0.000994830490109554 -0.0050114119165066686 -0.0042562553074579059 -0.0059908065907276634 0.020677679182846315 0.020003388315325249 -0.00087041785680756648 0.0010544927207858698 0.00056037142218971867 0.00076128148747654572 0.00032769390610282222 0.0014074181851071932 -0.0056541592076776725 0.0010784372531088108 -0.0025528833993481133 -0.0029584623718100639 -0.0012644776994434693 -0.0054285725145534402 -0.012276157625390503 0.002378197702551202 -0.00066210340036966335 3.3904612308746999e-05 -0.012254319284738665 0.12897792451863521 -0.071462839961760491 -0.0006617583595588583 0.00088204401667807506 0.01434616235880096 0.001148935317970969
leaf_weight=38 725 26 26 40 42 252 245 47 73 2319 68 848 27 28 213 27 36 43 27 26 103 28 72 39 79 40 26 31 467 658
leaf_count=38 725 26 26 40 42 252 245 47 73 2319 68 848 27 28 213 27 36 43 27 26 103 28 72 39 79 40 26 31 467 658
internal_value=0.000547024 0.000120243 -0.00890566 0.00122496 0.00130673 0.00177804 0.00191377 0.00158316 0.000237663 0.000631494 -0.00212195 -0.000377121 -0.00128129 -0.00325714 -0.000501872 -0.00174455 -0.0060625 -0.00195604 -0.000666667 1.48367e-10 -0.00134177 3.03032e-05 -0.00299355 -0.00520482 0.000350296 2.61098e-05 -0.00015873 -0.00296552 0.001791 0.00122942
internal_weight=6719 4124 52 2595 2555 1711 1669 1424 4072 2482 163 1590 742 209 533 320 63 181 257 230 157 131 154 82 844 765 125 57 1377 910
internal_count=6719 4124 52 2595 2555 1711 1669 1424 4072 2482 163 1590 742 209 533 320 63 181 257 230 157 131 154 82 844 765 125 57 1377 910
is_linear=0
shrinkage=0.04


Tree=168
num_leaves=31
num_cat=0
split_feature=8 1 1 10 18 12 4 8 1 1 19 9 11 12 17 13 8 13 2 13 8 14 11 16 13 4 4 10 12 20
split_gain=1.01518 0.845938 0.735341 0.677495 0.599856 1.01921 0.762593 0.722735 0.883635 0.666901 1.11096 0.516423 0.661896 0.747283 0.732406 0.640015 0.617349 0.596107 0.847491 0.503605 0.609274 0.747289 0.596992 0.670349 0.798441 0.474282 0.472819 0.470803 0.463212 0.638334
threshold=27.150000000000002 22.450000000000003 0.35000000000000003 10.450000000000001 -0.3794095225512602 47.500000000000007 3.6500000000000008 12.450000000000001 8.4500000000000011 9.9500000000000011 -0.60785761079279388 65.500000000000014 6.4500000000000011 61.500000000000007 0.25881904510252091 4.6500000000000012 11.750000000000002 5.3500000000000005 6.5500000000000007 5.3500000000000005 1.4500000000000002 206.50000000000003 30.150000000000002 2422.5000000000005 11.15 10.65 8.7500000000000018 4.9500000000000011 88.500000000000014 1.0000000180025095e-35
decision_type=2 2 2 2 2 2 2 2 2 2 2 2 2 2 2 2 2 2 2 2 2 2 2 2 2 2 2 2 2 2
left_child=1 2 -1 4 5 6 -4 9 -9 19 -11 15 13 -13 16 -7 -15 26 -19 20 21 -6 23 -21 -25 27 -14 -8 -5 -30
right_child=-2 -3 3 28 7 11 25 8 -10 10 -12 12 17 14 -16 -17 -18 18 -20 22 -22 -23 -24 24 -26 -27 -28 -29 29 -31
leaf_value=-0.00046827996679188694 0.2679695037230943 -0.005074173795104461 -0.0056235699681724304 0.003414340145985842 -0.00061397081160870963 -5.802802024133974e-05 -0.008299760972081089 -0.0029768663377030382 0.015703784232048729 -0.017616789525375695 -0.00015102185526913136 0.0021339619619597334 -0.021799330628304241 0.00083801645060292945 -0.00081388590791091169 0.0023566561724790566 -0.0033056556908622687 -0.0036671271921414729 0.0072498351975729906 -2.4374666907646465e-05 0.00096079811147450054 8.0948766712294278e-05 0.0045711389026458042 -0.0048998600053676246 0.00083057955472332805 -0.0094358236453781358 -0.0092545280022038028 0.003625276883403175 -0.0029717233471452205 0.010229685883811497
leaf_weight=34 158 44 38 1213 52 568 27 44 407 35 105 63 41 273 164 261 25 46 45 1214 1365 31 122 26 30 28 33 30 121 76
leaf_count=34 158 44 38 1213 52 568 27 44 407 35 105 63 41 273 164 261 25 46 45 1214 1365 31 122 26 30 28 33 30 121 76
internal_value=0.000564881 0.000488266 0.000525928 0.000557064 0.000341348 -0.000287279 -0.00377419 0.000642191 0.00213274 0.000415968 -0.0022695 -2.63143e-06 -0.00081042 -0.000114068 -0.000673866 0.00066988 0.000508361 -0.00301205 -0.000826087 0.000549103 0.00107108 -0.0022381 5.74315e-06 -0.00025177 -0.00449123 -0.00162791 -0.00565333 0.000482759 0.00133239 -0.000464646
internal_weight=6719 6561 6517 6483 5073 1642 123 3431 451 2980 140 1519 690 525 462 829 298 165 91 2840 1448 83 1392 1270 56 85 74 57 1410 197
internal_count=6719 6561 6517 6483 5073 1642 123 3431 451 2980 140 1519 690 525 462 829 298 165 91 2840 1448 83 1392 1270 56 85 74 57 1410 197
is_linear=0
shrinkage=0.04


Tree=169
num_leaves=31
num_cat=0
split_feature=0 8 18 15 13 10 10 18 9 13 11 18 17 17 4 3 11 10 13 11 10 17 13 0 2 0 10 18 18 8
split_gain=1.08213 1.93511 1.28647 0.901339 0.827984 1.24414 0.718446 0.641612 0.752279 1.04197 0.567815 0.543912 0.647036 1.48277 0.680987 1.44054 0.570899 0.52031 0.970273 1.11715 0.489191 0.442491 0.547469 0.433725 0.426923 1.01157 0.797991 0.938522 1.38947 1.42043
threshold=7.3500000000000005 9.0500000000000025 0.60355339059327384 1.0000000180025095e-35 4.5500000000000007 6.7500000000000009 26.300000000000001 -0.12940952255126037 74.500000000000014 1.3500000000000003 -6.8499999999999988 -0.98296291314453399 0.37940952255126054 0.25881904510252091 7.4500000000000011 10.350000000000003 21.550000000000004 3.1500000000000008 3.8500000000000001 3.7500000000000004 15.350000000000003 0.12940952255126045 12.15 0.35000000000000003 4.9500000000000011 3.5500000000000003 6.7500000000000009 0.1294095225512602 0.60355339059327384 6.6500000000000012
decision_type=2 2 2 2 2 2 2 2 2 2 2 2 2 2 2 2 2 2 2 2 2 2 2 2 2 2 2 2 2 2
left_child=1 10 -3 6 5 -5 7 8 11 -10 -1 -2 13 16 15 -15 -13 -11 -19 -20 23 22 -9 -12 25 -25 -26 -28 29 -29
right_child=3 2 -4 4 -6 -7 -8 21 9 17 20 12 -14 14 -16 -17 -18 18 19 -21 -22 -23 -24 24 26 -27 27 28 -30 -31
leaf_value=0.0027117191278715693 0.028152293373308913 -0.0041201653110799433 0.00018957103351584893 -0.027505700500393467 0.0010999200360994729 -0.00020595027479699282 -0.0066799588717464777 0.0032337832296364423 -0.005586029368506289 0.028404974404594246 -0.00025048002903101585 0.0076161589957880705 0.0062327588973065109 -0.0051952476440261276 0.031551612384428149 -0.052602070039552105 -0.0013958745935948324 0.0019815867184062915 0.0046272229612719963 -0.031492654868138743 0.0048459597851700847 0.014496809607076593 -0.012333428856065762 -1.0389001462218986e-05 5.2549166793802085e-05 0.0026240689532395162 -0.00054963783184872452 -0.0083494395557880026 0.0013781268855831029 -0.0015013929599663109
leaf_weight=104 114 27 25 43 86 74 26 393 34 41 33 384 456 40 35 34 29 83 26 30 108 637 30 1757 759 852 376 25 30 28
leaf_count=104 114 27 25 43 86 74 26 393 34 41 33 384 456 40 35 34 29 83 26 30 108 637 30 1757 759 852 376 25 30 28
internal_value=0.000600595 0.000197818 -0.00739623 0.00124037 -0.00131373 -0.00349153 0.00145758 0.00153105 0.000936496 -0.00122791 0.000296587 0.00136139 0.00105414 9.17783e-05 -0.00403636 -0.00618667 0.00118841 1.48188e-10 -0.00117143 -0.00519298 0.000219703 0.00226202 0.00125472 0.00014504 0.000184953 0.000473563 -0.000433142 -0.00174783 -0.00557143 -0.00940741
internal_weight=6719 4124 52 2595 203 117 2392 2366 1306 214 4072 1092 978 522 109 74 413 180 139 56 3968 1060 423 3860 3827 2609 1218 459 83 53
internal_count=6719 4124 52 2595 203 117 2392 2366 1306 214 4072 1092 978 522 109 74 413 180 139 56 3968 1060 423 3860 3827 2609 1218 459 83 53
is_linear=0
shrinkage=0.04


Tree=170
num_leaves=31
num_cat=0
split_feature=0 17 8 0 0 8 3 14 9 1 2 12 0 0 1 10 10 16 14 9 0 2 1 14 7 9 1 1 14 18
split_gain=1.4311 1.34138 1.15067 0.827639 0.759989 2.40789 1.77807 1.44807 1.89667 1.33233 1.05304 0.820405 0.926144 0.717524 1.24861 0.612077 0.584307 1.0181 0.573148 0.900915 0.550448 0.849256 0.84656 1.99077 0.688734 0.883079 0.788669 0.707885 1.24377 0.557765
threshold=10.450000000000001 -0.25881904510252113 12.15 8.7500000000000018 6.2500000000000009 6.9500000000000011 3.6500000000000008 164.50000000000003 85.500000000000014 8.7500000000000018 7.4500000000000011 90.500000000000014 9.3500000000000032 23.000000000000004 18.750000000000004 24.550000000000004 1.3500000000000003 552.50000000000011 158.50000000000003 67.500000000000014 4.1500000000000012 4.4500000000000011 4.2500000000000009 101.50000000000001 3.6562500000000004 63.500000000000007 4.3500000000000005 6.3500000000000005 162.50000000000003 -0.12940952255126037
decision_type=2 2 2 2 2 2 2 2 2 2 2 2 2 2 2 2 2 2 2 2 2 2 2 2 2 2 2 2 2 2
left_child=2 13 4 -4 5 20 -7 -8 -9 -6 -11 12 16 14 -2 -3 -12 18 19 -18 22 -22 -1 -24 25 -23 -26 -28 -29 -30
right_child=1 15 3 -5 9 6 7 8 -10 10 11 -13 -14 -15 -16 -17 17 -19 -20 -21 21 24 23 -25 26 -27 27 28 29 -31
leaf_value=2.27681356156999e-05 6.1925192498945331e-06 0.0220477722774685 -0.0055590699049884807 -0.0010068446772149445 0.0043515873104736673 0.0003891726487810756 -0.0027942000678531707 -0.0065733497141186375 -0.0036575163427622261 -0.013919814529917638 0.010005923029978514 -0.0015719552165504394 0.0061537807368678803 0.14518835390395013 -0.037171741144271339 -0.010585433994186162 -0.01785140333250736 -0.0058812876695908123 0.001150981790294275 0.0070203941743854567 0.0095315733849210219 -0.0050988351825852476 -0.0077032003217467849 -0.00019271514981832109 -0.016820959079128596 0.0021718352226362588 0.0033887842650918406 0.0025135469047003335 -0.0089039193857082827 -0.0044782585809272539
leaf_weight=2258 337 921 29 78 1078 72 59 29 32 46 51 25 212 76 37 27 36 30 84 30 370 37 29 135 28 31 435 53 27 28
leaf_count=2258 337 921 29 78 1078 72 59 29 32 46 51 25 212 76 37 27 36 30 84 30 370 37 29 135 28 31 435 53 27 28
internal_value=0.000571344 0.00170979 0.000272027 -0.00381481 0.000356595 3.6424e-05 -0.00431088 -0.00727273 -0.0115484 0.00108475 -0.000590291 -1.70574e-05 0.000387388 -8.86916e-05 -0.000810666 0.0025627 -0.00136207 -0.00243094 -0.0010596 -0.0038209 0.000280886 0.00106535 -4.62235e-05 -0.00281212 0.00018125 -0.0035942 0.000636364 0.000977941 -0.00190826 -0.00607143
internal_weight=6720 1398 5322 107 5215 3623 192 120 61 1592 514 468 443 450 374 948 231 180 150 66 3431 1009 2422 164 639 68 571 543 108 55
internal_count=6720 1398 5322 107 5215 3623 192 120 61 1592 514 468 443 450 374 948 231 180 150 66 3431 1009 2422 164 639 68 571 543 108 55
is_linear=0
shrinkage=0.04


Tree=171
num_leaves=31
num_cat=0
split_feature=0 8 11 16 17 8 17 5 14 11 15 17 17 0 8 14 0 8 6 10 11 9 14 5 13 2 4 5 9 11
split_gain=1.22884 1.87848 0.847642 1.14132 0.978205 0.747164 0.728872 1.20122 1.43472 1.16372 0.760908 0.767073 1.16506 0.700938 0.670374 1.03356 0.699954 0.780549 0.772279 0.586044 1.46476 1.28276 0.549339 0.599194 1.06994 0.544713 0.509214 0.515854 0.887915 0.498427
threshold=6.2500000000000009 8.1500000000000004 22.250000000000004 702.50000000000011 -0.5 15.15 -0.60355339059327362 9.5500000000000025 200.50000000000003 10.750000000000002 0.35000000000000003 0.25881904510252091 0.37940952255126054 11.350000000000003 6.9500000000000011 242.50000000000003 4.1500000000000012 5.5500000000000007 4.5333333333333314 8.7500000000000018 3.4500000000000006 76.500000000000014 80.500000000000014 2.6500000000000008 4.4500000000000011 5.5500000000000007 3.0500000000000003 6.5500000000000007 60.500000000000007 -0.24999999999999997
decision_type=2 2 2 2 2 2 2 2 2 2 2 2 2 2 2 2 2 2 2 2 2 2 2 2 2 2 2 2 2 2
left_child=1 14 3 6 5 -5 7 -2 -9 10 11 -8 13 -13 16 25 17 -1 -18 20 -14 -22 -20 24 -24 -16 27 29 -29 -21
right_child=2 -3 -4 4 -6 -7 9 8 -10 -11 -12 12 19 -15 15 -17 18 -19 22 26 21 -23 23 -25 -26 -27 -28 28 -30 -31
leaf_value=9.3411969567871943e-06 0.001015132238643921 -0.0031502192836478631 0.0090199198234345943 0.0028161565399034854 -0.031182395118043358 -0.029245936034777743 0.012800785799530253 -0.0032454126559298851 -0.031990602882749186 0.011154347670106453 -0.010183410331356769 -0.0062342139082380236 0.0034111244530878877 -0.050007849584694945 0.001410829042594836 -0.0083123254296302226 0.008571081467897269 -0.0048162134652565206 0.0044925249465985456 -0.0024650437882656386 -0.0014596406377468346 -0.0057869664786099626 -0.0080117953828432106 0.00022531633728734918 0.00089583350136659165 -0.0041045657784593076 0.0084470877821883981 -0.013695064811455391 0.0034846903467478287 0.013748471245020471
leaf_weight=2397 283 42 677 79 40 27 291 82 27 805 34 48 81 25 71 40 367 25 97 29 39 29 25 477 43 39 342 39 51 69
leaf_count=2397 283 42 677 79 40 27 291 82 27 805 34 48 81 25 71 40 367 25 97 29 39 29 25 477 43 39 342 39 51 69
internal_value=0.000624907 0.000124724 0.00120981 0.000859149 -0.00255782 -0.000523364 0.00107956 -0.000488549 -0.00403636 0.00140627 0.000545455 0.000739464 6.37452e-05 -0.0047027 0.000224456 -0.00238411 0.000339161 -2.97151e-05 0.00122376 0.000582353 -0.00162667 -0.00591304 0.000385692 -0.00010989 -0.0035942 -0.00036036 0.00120527 -0.000465608 -0.00263736 0.00153535
internal_weight=6720 3623 3097 2420 146 106 2274 392 109 1882 1077 1043 752 73 3581 150 3431 2422 1009 679 149 68 642 545 68 110 530 188 90 98
internal_count=6720 3623 3097 2420 146 106 2274 392 109 1882 1077 1043 752 73 3581 150 3431 2422 1009 679 149 68 642 545 68 110 530 188 90 98
is_linear=0
shrinkage=0.04


Tree=172
num_leaves=31
num_cat=0
split_feature=8 1 17 8 1 18 10 6 8 3 8 2 7 6 12 16 14 5 3 7 5 12 12 8 17 10 14 8 9 3
split_gain=1.16109 1.50349 0.814435 1.01689 0.677656 0.536115 0.879088 0.745651 0.695881 2.23807 0.898992 0.707816 0.546527 0.92685 0.543248 0.937343 0.819393 0.632145 1.21225 0.758468 0.630508 0.520941 1.2915 0.502979 0.749814 1.151 0.668193 0.679689 0.491664 0.469857
threshold=27.150000000000002 23.250000000000004 -0.25881904510252113 13.950000000000001 8.8500000000000032 0.25881904510252057 2.4500000000000006 4.7249999999999988 12.15 6.5500000000000007 12.450000000000001 12.15 3.2625000000000006 4.8749999999999991 66.500000000000014 57.500000000000007 119.50000000000001 5.5500000000000007 5.1500000000000012 6.1479166666666671 3.1500000000000008 41.500000000000007 28.500000000000004 14.450000000000001 -0.70710678118654735 8.9500000000000011 39.500000000000007 15.250000000000002 106.50000000000001 6.1500000000000012
decision_type=2 2 2 2 2 2 2 2 2 2 2 2 2 2 2 2 2 2 2 2 2 2 2 2 2 2 2 2 2 2
left_child=1 2 23 5 -5 8 7 21 12 -10 -11 -12 13 -4 -8 -16 -17 20 19 -19 -18 22 28 29 26 -26 -25 -28 -7 -1
right_child=-2 -3 3 4 -6 6 14 -9 9 10 11 -13 -14 -15 15 16 17 18 -20 -21 -22 -23 -24 24 25 -27 27 -29 -30 -31
leaf_value=-9.2923727226097231e-05 0.28955035755950775 -0.011154473566410699 -5.3401898654255732e-05 -0.0027259144985597389 0.025271270102014045 0.00033491915237202991 0.0055581711297780223 0.0021093726017936162 -0.0079077850812437258 -0.0042781230812049906 0.013324374054164081 -0.02071100861133043 0.00039038720733755659 -0.0065061000807403579 0.0054346026947055736 0.0032739511944322726 -0.00271141378027866 -0.0043009172147274082 0.0099277739042277924 -0.0059578463809277339 0.00072792618725489914 0.00039497467393521035 -0.0029072831997272067 -0.0017400148604398351 -0.064151859832811103 0.025994223124485804 -0.0044281077376748627 0.016204846782927673 -0.001716635395268925 0.00038099058425850805
leaf_weight=1306 160 28 330 25 559 58 435 137 25 26 66 25 1289 36 413 81 42 35 26 25 48 62 41 25 61 33 26 68 25 1204
leaf_count=1306 160 28 330 25 559 58 435 137 25 26 66 25 1289 36 413 81 42 35 26 25 48 62 41 25 61 33 26 68 25 1204
internal_value=0.000618956 0.000536504 0.000576764 0.000954331 0.00248889 0.00067576 0.00125402 -0.000580247 0.000215795 -0.00246154 -0.000101695 0.00178261 0.00044686 -0.000915531 0.00179024 0.00107303 -0.000821705 -0.00235028 -0.00478161 -0.00786885 1.47374e-10 -0.0022246 -0.003712 4.84583e-05 -0.00181308 -0.00446316 0.0003 0.00185263 -0.000809524 0.000207089
internal_weight=6720 6560 6532 3809 584 3225 1428 323 1797 142 117 91 1655 366 1105 670 257 176 86 60 90 186 124 2723 213 94 119 94 83 2510
internal_count=6720 6560 6532 3809 584 3225 1428 323 1797 142 117 91 1655 366 1105 670 257 176 86 60 90 186 124 2723 213 94 119 94 83 2510
is_linear=0
shrinkage=0.04


Tree=173
num_leaves=31
num_cat=0
split_feature=0 15 0 1 7 4 0 1 6 10 12 9 17 4 4 2 14 14 0 6 0 10 12 16 3 5 14 20 1 0
split_gain=1.26052 1.1986 0.73243 0.684708 0.950681 1.09628 0.880347 0.71708 1.52999 0.688921 1.84685 0.761689 0.66872 0.707931 0.643907 0.671928 0.674281 1.21239 0.57343 1.14076 1.22448 0.627649 0.563644 0.724905 0.713931 0.723266 0.59213 0.519265 0.46417 0.48263
threshold=6.3500000000000005 1.0000000180025095e-35 0.35000000000000003 5.5500000000000007 3.2625000000000006 13.550000000000002 4.1500000000000012 3.8500000000000001 3.2999999999999967 3.9500000000000006 67.500000000000014 71.500000000000014 -0.25881904510252113 3.0500000000000003 8.8500000000000032 4.9500000000000011 283.50000000000006 216.50000000000003 10.450000000000001 10.341666666666667 8.7500000000000018 24.550000000000004 91.500000000000014 702.50000000000011 10.65 6.1500000000000012 173.50000000000003 1.0000000180025095e-35 7.4500000000000011 27.350000000000005
decision_type=2 2 2 2 2 2 2 2 2 2 2 2 2 2 2 2 2 2 2 2 2 2 2 2 2 2 2 2 2 2
left_child=2 12 -1 6 -5 14 7 -4 -9 -10 -11 -12 13 -2 15 -6 17 -17 19 27 -21 -20 23 24 25 -3 -27 -14 -15 -30
right_child=1 22 3 4 5 -7 -8 8 9 10 11 -13 18 28 -16 16 -18 -19 21 20 -22 -23 -24 -25 -26 26 -28 -29 29 -31
leaf_value=-0.00032476569995951925 -0.024595763201832446 0.0013845159109012756 3.4604498182674742e-05 -0.005360251064295502 0.0013459087021926845 -0.0096993369632412813 0.0027631582740381831 -0.004486822128417077 0.00012935094883500983 -0.0088919549537390761 0.00062168524453532479 -0.0010532265616319415 0.0059103710376190279 0.015926000882170631 0.0059837094322061713 -0.00050866371008728706 0.0036766518908553552 -0.0069248107942015569 0.021728721738193315 0.0037399926596716803 -0.01395279216799092 -0.0096833760620781036 -0.0047416699498094884 -0.024546255202238867 0.014274320057111704 -0.0068645399689528696 -0.00014089853082553617 0.00061890547922774299 0.00011267394496399365 0.32572631618506426
leaf_weight=32 29 71 2090 29 38 39 795 26 101 35 87 28 543 108 95 205 30 45 851 28 38 27 35 25 56 27 26 370 753 58
leaf_count=32 29 71 2090 29 38 39 795 26 101 35 87 28 543 108 95 205 30 45 851 28 38 27 35 25 56 27 26 370 753 58
internal_value=0.000613004 0.00121471 0.000114255 0.000167947 -0.00123651 -0.000777042 0.000381916 -5.06742e-06 -0.00191367 -0.000936508 -0.00264901 -0.000172414 0.0014469 0.000581665 -0.000164251 -0.00102821 -0.00170818 -0.00239044 0.00188805 0.00122041 -0.0038209 0.00263026 -0.00149378 -0.000679611 0.000220995 -0.001472 -0.00496296 0.00158862 0.000778261 0.000448276
internal_weight=6720 3045 3675 3643 481 452 3162 2367 277 251 150 115 2805 948 413 318 280 250 1857 979 66 878 240 205 180 124 53 913 919 811
internal_count=6720 3045 3675 3643 481 452 3162 2367 277 251 150 115 2805 948 413 318 280 250 1857 979 66 878 240 205 180 124 53 913 919 811
is_linear=0
shrinkage=0.04


Tree=174
num_leaves=31
num_cat=0
split_feature=8 1 0 8 13 11 16 1 12 4 3 9 6 13 3 17 12 11 18 16 20 5 11 11 17 9 13 3 11 0
split_gain=1.15285 1.50752 1.00617 1.18953 1.49894 0.682934 0.559182 0.68202 0.539289 0.543468 1.34624 0.528152 0.755556 0.594907 0.748113 0.662718 1.00605 0.894695 0.699008 0.652699 0.620641 0.601118 0.549034 0.626358 0.62709 0.570772 0.557048 0.530268 0.514112 0.477079
threshold=27.150000000000002 23.250000000000004 5.2500000000000009 6.7500000000000009 3.7500000000000004 22.250000000000004 27.500000000000004 5.4500000000000011 86.500000000000014 4.7500000000000009 7.7500000000000009 95.500000000000014 9.0083333333333329 7.8500000000000005 2.3500000000000001 -0.25881904510252113 38.500000000000007 8.9500000000000011 0.25881904510252057 67.500000000000014 -0.22252093395631442 2.1500000000000008 1.4500000000000002 3.1500000000000008 -0.70710678118654735 47.500000000000007 2.8500000000000001 8.1500000000000004 4.1500000000000012 0.35000000000000003
decision_type=2 2 2 2 2 2 2 2 2 2 2 2 2 2 2 2 2 2 2 2 2 2 2 2 2 2 2 2 2 2
left_child=1 2 3 29 -5 6 8 -8 -4 -10 -11 13 27 14 19 16 -16 18 21 20 -9 -17 -18 -24 -25 -26 -27 -13 -20 -1
right_child=-2 -3 5 4 -6 -7 7 11 9 10 -12 12 -14 -15 15 17 22 -19 28 -21 -22 -23 23 24 25 26 -28 -29 -30 -31
leaf_value=-0.00031177507196113825 0.2660384560108352 -0.010416894471470687 0.010687645382412103 0.00078515052069616509 -0.0098828825437258377 0.005475391629902392 0.0087403255529131547 0.010790661990562157 0.011267807590812449 -0.03155178447783448 0.0068163516321507736 -0.0014316866475153295 -0.018835101267943605 0.0028714936506989727 -0.0091233731397338605 -0.0060214093770648838 0.010876343196932578 0.0072459253886881557 0.017453006258604103 -0.0088018290982657954 -0.0080589429283559107 -0.00055124960544739086 -0.020188322687968333 0.0012356901535137191 0.011220428211892029 -0.030213340442477015 -0.0056196488600720107 0.0076473486760829249 -0.0016169375586187311 4.7316081797748309e-05
leaf_weight=32 160 28 399 25 39 685 178 28 75 36 46 28 25 222 25 25 84 558 92 44 28 388 41 203 31 38 104 36 46 2971
leaf_count=32 160 28 399 25 39 685 178 28 75 36 46 28 25 222 25 25 84 558 92 44 28 388 41 203 31 38 104 36 46 2971
internal_value=0.000630859 0.000548697 0.00058901 6.12779e-05 -0.00529231 0.00105597 0.000776699 0.000492584 0.00191023 -7.59492e-05 -0.00231325 0.000285296 -0.00271111 0.000422881 0.000172811 0.000378973 -0.000789374 0.000933333 -0.000210145 -0.00316832 -0.000280702 -0.00103382 -0.000390438 -0.000985646 -0.000466843 -0.00222988 -0.0033007 -0.000369231 0.0022446 0.000177097
internal_weight=6720 6560 6532 3067 64 3465 2780 2224 556 157 82 2046 89 1957 1735 1635 526 1109 551 100 56 413 501 417 376 173 142 64 138 3003
internal_count=6720 6560 6532 3067 64 3465 2780 2224 556 157 82 2046 89 1957 1735 1635 526 1109 551 100 56 413 501 417 376 173 142 64 138 3003
is_linear=0
shrinkage=0.04


Tree=175
num_leaves=31
num_cat=0
split_feature=0 1 1 0 0 1 4 2 17 1 12 4 0 8 4 12 1 1 0 17 16 0 12 20 17 7 7 0 1 0
split_gain=1.03897 0.757209 0.71067 1.05701 0.807927 0.626048 1.00434 1.4593 0.541297 0.682017 0.592431 0.85636 0.516318 2.55727 2.4552 0.607894 0.853441 0.504272 0.767586 0.489992 1.41973 0.564269 0.470234 0.43731 0.55798 0.52035 0.855865 0.436533 0.884171 0.840402
threshold=27.850000000000005 0.35000000000000003 22.450000000000003 23.750000000000004 12.050000000000002 11.850000000000003 8.4500000000000011 13.750000000000002 -0.25881904510252113 15.15 82.500000000000014 6.7500000000000009 7.5500000000000007 9.0500000000000025 8.8500000000000032 76.500000000000014 8.0500000000000025 11.050000000000002 9.9500000000000011 -0.78656609248549292 317.50000000000006 15.450000000000001 80.500000000000014 -0.22252093395631442 1.0000000180025095e-35 7.4520833333333343 6.5437500000000011 10.65 9.6500000000000004 9.4500000000000011
decision_type=2 2 2 2 2 2 2 2 2 2 2 2 2 2 2 2 2 2 2 2 2 2 2 2 2 2 2 2 2 2
left_child=1 -1 4 -4 5 12 -7 -8 9 -6 -10 -12 13 -3 -15 27 -17 18 23 21 -21 -11 -20 25 -25 26 -18 28 -14 -30
right_child=-2 2 3 -5 8 6 7 -9 10 19 11 -13 15 14 -16 16 17 -19 22 20 -22 -23 -24 24 -26 -27 -28 -29 29 -31
leaf_value=-0.00045706249108920218 0.44423494717146478 9.2113606473719461e-05 -0.0072176968215721471 0.1131055199599422 0.0085627027023426252 0.0020396535689815223 -0.01936963412085203 -0.00017866661814974869 0.038426537033526095 -0.0047605847317398822 -0.04261165510979819 0.036223275762908354 0.0052053867910103278 -0.0031568269698790778 0.00026789341712429317 0.013003759426873379 -0.012053382002728201 -0.0030055918281375344 -0.011626222027331042 0.007255104666070814 -0.068995843581565866 0.037909617000258619 0.014173071953594112 0.015275667783869289 -0.002369782740830515 -0.00010234657592508292 -0.01236982345937186 0.011116649866599231 -0.010526415389215138 0.0012729670041027787
leaf_weight=33 134 4076 30 31 116 44 25 46 467 25 65 75 493 36 39 114 39 38 25 38 29 35 75 37 72 46 25 146 64 139
leaf_count=33 134 4076 30 31 116 44 25 46 467 25 65 75 493 36 39 114 39 38 25 38 29 35 75 37 72 46 25 146 64 139
internal_value=0.000496846 0.000424893 0.000456016 -0.00380645 0.000497045 0.000321864 -0.00258621 -0.0055 0.00164512 4.91805e-05 0.00228289 1.47955e-10 0.000383532 0.00016474 -0.00710526 0.00107458 -7.6271e-05 -0.00103911 -0.0005125 -0.00196875 -0.00429412 0.000655738 0.00237624 -0.00183636 -3.63635e-05 -0.0036036 -0.00590769 0.00171768 0.00129699 -0.000921568
internal_weight=6657 6523 6490 61 6429 5579 115 71 850 243 607 140 5464 4151 75 1313 471 357 319 127 67 60 100 219 109 110 64 842 696 203
internal_count=6657 6523 6490 61 6429 5579 115 71 850 243 607 140 5464 4151 75 1313 471 357 319 127 67 60 100 219 109 110 64 842 696 203
is_linear=0
shrinkage=0.04


Tree=176
num_leaves=31
num_cat=0
split_feature=0 10 4 1 1 0 0 8 4 18 5 5 16 4 11 13 15 13 3 12 5 10 1 12 0 2 0 11 1 10
split_gain=1.02463 0.773531 0.763128 0.734214 0.743882 0.987478 0.739146 2.16005 2.1 0.987006 0.786253 0.718762 0.782875 0.861696 0.878146 0.724642 0.709408 0.804997 0.665595 0.597341 0.572802 1.11367 0.595612 0.559008 0.467195 0.430111 0.82759 0.984774 0.884856 0.57276
threshold=27.850000000000005 15.350000000000003 1.9500000000000002 0.35000000000000003 22.450000000000003 23.750000000000004 7.5500000000000007 9.0500000000000025 8.8500000000000032 1.0000000180025095e-35 17.150000000000002 8.4500000000000011 37.500000000000007 4.7500000000000009 15.15 1.7500000000000002 1.0000000180025095e-35 4.3500000000000005 22.250000000000004 89.500000000000014 16.550000000000004 11.65 17.950000000000003 86.500000000000014 2.5500000000000003 3.2500000000000004 2.5500000000000003 19.350000000000005 1.9500000000000002 3.8500000000000001
decision_type=2 2 2 2 2 2 2 2 2 2 2 2 2 2 2 2 2 2 2 2 2 2 2 2 2 2 2 2 2 2
left_child=1 3 -3 -1 6 -6 7 10 -9 11 25 15 19 14 -14 -8 18 -18 -11 -13 21 22 -15 -4 -12 26 27 -5 -29 -27
right_child=-2 2 23 4 5 -7 9 8 -10 16 24 12 13 20 -16 -17 17 -19 -20 -21 -22 -23 -24 -25 -26 29 -28 28 -30 -31
leaf_value=-0.00043877999144563396 0.42646554928460612 -0.018862347132405973 0.011330430260643216 0.00014497439500581647 -0.0069289889487092107 0.091979806246156676 -0.0010516039481899488 -0.0030305538910839198 0.00025717768043932124 0.010137274933709466 0.00073112619983454325 0.0084314898683558251 -0.00092529863038787262 -9.1704442967849062e-05 -0.018639797021984501 0.0051737081477415308 -0.012090901928039063 0.0045759092397307157 -0.10447610549817853 -0.0091320583693551647 0.0081348044513622989 -0.020077565994476028 -0.020664954644043023 -9.6617806279879938e-05 -0.0024195320840897333 0.00021378969920911913 0.0020659583514656831 -0.00012603313422584241 -0.0020764762269293558 -0.00020887320854286396
leaf_weight=33 134 38 299 824 30 29 108 36 39 732 25 134 32 218 33 408 36 44 25 25 105 26 26 100 25 768 726 75 29 1495
leaf_count=33 134 38 299 824 30 29 108 36 39 732 25 134 32 218 33 408 36 44 25 25 105 26 26 100 25 768 726 75 29 1495
internal_value=0.000520877 0.000449418 0.00207306 0.000332512 0.000365378 -0.00406667 0.000409675 0.000100915 -0.00657895 0.00104864 0.000228831 0.000268817 -0.000673333 -0.00154195 -0.00575758 0.0013617 0.00208592 -0.00148148 0.00246438 0.001725 -0.000797872 -0.00177122 -0.000914286 0.00259 -0.00470588 0.000293007 0.000783082 -8.61126e-06 -0.00365714 -6.53709e-05
internal_weight=6657 6523 437 6086 6053 59 5994 4042 75 1952 3967 1115 599 440 65 516 837 80 757 159 375 270 244 399 50 3917 1654 928 104 2263
internal_count=6657 6523 437 6086 6053 59 5994 4042 75 1952 3967 1115 599 440 65 516 837 80 757 159 375 270 244 399 50 3917 1654 928 104 2263
is_linear=0
shrinkage=0.04


Tree=177
num_leaves=31
num_cat=0
split_feature=0 8 20 3 1 0 1 0 3 12 3 16 19 16 5 7 0 8 5 1 18 12 12 7 9 8 13 4 5 2
split_gain=1.18382 1.34197 1.07377 0.816035 0.719464 0.580629 1.02313 1.05701 0.513964 0.578703 0.919364 0.723641 1.35228 0.513568 0.483715 0.898925 0.485936 1.75875 0.987352 0.585521 0.75511 1.00462 0.577387 0.553275 0.611954 0.577824 0.481025 0.640713 0.462047 0.451811
threshold=10.15 12.15 1.0000000180025095e-35 10.050000000000002 0.35000000000000003 27.850000000000005 22.450000000000003 23.750000000000004 10.550000000000002 52.500000000000007 11.15 42.500000000000007 -0.8783796973249266 347.50000000000006 17.150000000000002 10.650000000000002 6.3500000000000005 8.1500000000000004 5.4500000000000011 10.15 -0.70710678118654757 55.500000000000007 76.500000000000014 3.3979166666666676 103.50000000000001 9.1500000000000004 3.9500000000000006 10.950000000000001 7.6500000000000012 3.2500000000000004
decision_type=2 2 2 2 2 2 2 2 2 2 2 2 2 2 2 2 2 2 2 2 2 2 2 2 2 2 2 2 2 2
left_child=1 4 3 -3 -1 6 8 -8 -2 -10 -11 -12 -13 26 16 -16 17 29 -19 22 -21 -22 23 -18 28 -26 27 -14 -25 -6
right_child=5 2 -4 -5 14 -7 7 -9 9 10 11 12 13 -15 15 -17 19 18 -20 20 21 -23 -24 24 25 -27 -28 -29 -30 -31
leaf_value=-0.0004212287917878086 0.012997677888232291 0.0043078552243253007 -0.001598475566045804 -0.024138433903491407 0.00032103510180495661 0.40940692731322181 -0.0066518293907608808 0.10490210691169823 0.0095137123992094803 -0.011900603681501101 0.034326784511698911 -0.03201952817615937 -0.012830480821223081 -0.017147582381583808 -0.0023227507803109575 0.0080744169634460045 -0.0049679607848462917 -0.00097882621896645534 -0.0024730485453317852 0.0076649918725418733 0.00061432585342640451 -0.0090552088801477658 0.00042068116527385109 0.0078896687587234511 -0.0073880430252045593 0.0085382115101784017 0.012706197925801983 0.010398201581457696 0.0016223664679857991 -5.26664399318465e-05
leaf_weight=33 595 34 33 26 1653 134 30 31 250 34 145 36 36 49 45 46 25 28 26 26 42 33 501 366 35 40 83 47 318 1877
leaf_count=33 595 34 33 26 1653 134 30 31 250 34 145 36 36 49 45 46 25 28 26 26 42 33 501 366 35 40 83 47 318 1877
internal_value=0.000466807 0.00018273 -0.00455319 -0.00131148 0.000270069 0.00146839 0.00121466 -0.00380645 0.00145768 0.000704846 -0.000185615 0.000362721 -0.000936508 0.000277778 0.000308969 -0.00256522 0.0003621 0.000116039 -0.00698182 0.000997837 -0.00192157 -0.00394737 0.00122862 0.00190573 0.0021 -0.00131579 0.00134132 -0.000809524 0.00247591 0.000226565
internal_weight=6657 5187 93 60 5094 1470 1336 61 1275 680 430 396 251 215 5061 91 4970 3584 54 1386 101 75 1285 784 759 75 166 83 684 3530
internal_count=6657 5187 93 60 5094 1470 1336 61 1275 680 430 396 251 215 5061 91 4970 3584 54 1386 101 75 1285 784 759 75 166 83 684 3530
is_linear=0
shrinkage=0.04


Tree=178
num_leaves=31
num_cat=0
split_feature=0 8 20 10 1 14 17 17 4 6 12 17 8 1 3 0 14 4 9 20 6 6 13 2 4 12 12 4 8 20
split_gain=1.26361 1.33325 1.07377 0.731973 0.715579 0.579588 0.574726 1.32322 1.13368 0.87385 0.693586 0.578345 0.498361 1.39493 1.10502 0.45114 1.1881 1.77037 0.605079 0.476293 1.07936 1.01473 0.738738 0.466846 0.587954 0.862655 0.887368 0.519674 0.698687 0.83865
threshold=10.15 12.15 1.0000000180025095e-35 25.050000000000004 0.35000000000000003 157.50000000000003 0.37940952255126054 0.25881904510252091 7.5500000000000007 13.316666666666668 81.500000000000014 -0.25881904510252113 27.500000000000004 17.950000000000003 20.250000000000004 2.2500000000000004 35.500000000000007 4.7500000000000009 58.500000000000007 -0.56174490092936669 1.6416666666666633 1.8666666666666634 3.7500000000000004 2.6500000000000008 5.9500000000000011 78.500000000000014 36.500000000000007 1.6500000000000001 3.3500000000000001 1.0000000180025095e-35
decision_type=2 2 2 2 2 2 2 2 2 2 2 2 2 2 2 2 2 2 2 2 2 2 2 2 2 2 2 2 2 2
left_child=1 4 5 6 -1 -3 7 11 9 -9 -8 12 13 -2 -15 16 17 -6 -18 20 -20 -22 -23 24 -17 26 -26 28 -25 -30
right_child=3 2 -4 -5 15 -7 10 8 -10 -11 -12 -13 -14 14 -16 23 18 -19 19 -21 21 22 -24 27 25 -27 -28 -29 29 -31
leaf_value=-0.00040437964011629614 0.00076152997799642207 0.0069160465485306067 -0.0015345365434039783 -0.0046186151571094873 9.4584092975359482e-05 -0.019361395250984761 0.019484977014538923 -0.0010774439646352668 0.026513315123859824 -0.059522143006517432 0.0024801064639919951 0.024487463618585316 0.19153587661334279 -0.002432049360340595 -0.095423170189175247 0.002389429413790254 -0.0011133317460316704 -0.0054645109728987864 0.0010693287062545282 0.0002190956979569016 -0.0052223607262903886 0.00046993706897556226 -0.00097532728437551999 0.00042171342508114302 -0.0015459111589490575 -0.0022272643458155278 0.010956934478662639 0.00025133451022172747 -0.00026632737318317399 -0.0021061252829692421
leaf_weight=33 341 30 33 26 39 30 486 26 28 26 158 246 62 46 25 425 88 27 81 606 28 48 86 47 44 42 72 3190 159 79
leaf_count=33 341 30 33 26 39 30 486 26 28 26 158 246 62 46 25 425 88 27 81 606 28 48 86 47 44 42 72 3190 159 79
internal_value=0.000460799 0.000167309 -0.00455319 0.00149558 0.000254367 -0.00131148 0.00161661 0.000898877 -0.00395062 -0.00739623 0.00250543 0.00144244 0.000623158 0.000116223 -0.00494444 0.000293165 -0.000466135 -0.00561194 -9.80809e-05 0.000230588 -0.00126229 -0.0031411 -0.00165926 0.000480907 0.0015274 -0.000553459 0.00123077 0.000304948 -0.00132867 -0.0022092
internal_weight=6657 5187 93 1470 5094 60 1444 800 80 52 644 720 474 412 71 5061 1003 66 937 849 243 162 134 4058 583 158 116 3475 285 238
internal_count=6657 5187 93 1470 5094 60 1444 800 80 52 644 720 474 412 71 5061 1003 66 937 849 243 162 134 4058 583 158 116 3475 285 238
is_linear=0
shrinkage=0.04


Tree=179
num_leaves=31
num_cat=0
split_feature=0 8 13 12 1 12 14 16 12 4 17 17 17 9 11 6 15 3 4 8 10 10 8 14 6 0 8 4 8 6
split_gain=1.13903 0.925302 0.803273 1.12897 0.741386 0.588282 0.625377 0.825756 0.682757 0.829104 0.792133 0.644095 0.600822 0.566904 0.682881 0.464234 0.423297 0.8517 0.418469 0.636157 0.355011 0.399646 1.3798 0.529975 0.448422 0.380144 1.33228 0.685398 0.416513 0.915641
threshold=10.350000000000003 11.450000000000001 3.5500000000000003 55.500000000000007 0.35000000000000003 53.500000000000007 209.50000000000003 407.50000000000006 76.500000000000014 7.2500000000000009 0.25881904510252091 0.60355339059327384 -0.25881904510252113 55.500000000000007 2.6500000000000008 9.4083333333333332 0.8500000000000002 3.4500000000000006 10.850000000000003 15.250000000000002 17.050000000000004 14.450000000000001 9.7500000000000018 184.50000000000003 5.0666666666666638 6.2500000000000009 8.1500000000000004 18.650000000000002 6.8500000000000005 4.8749999999999991
decision_type=2 2 2 2 2 2 2 2 2 2 2 2 2 2 2 2 2 2 2 2 2 2 2 2 2 2 2 2 2 2
left_child=1 4 15 -4 -1 -2 7 8 -7 10 -10 -12 -8 14 -13 -3 20 -18 19 -14 21 25 23 24 -23 26 28 -27 -6 -30
right_child=5 2 3 -5 16 6 12 -9 9 -11 11 13 18 -15 -16 -17 17 -19 -20 -21 -22 22 -24 -25 -26 27 -28 -29 29 -31
leaf_value=-0.00038820445451164453 0.01447483728340627 -0.00033646771485573685 -0.00015352464699823902 -0.0077064986530050736 0.00011241927038646198 0.017754632564126464 -0.011696788508144628 -0.015214506348799645 0.03092110205783995 0.011664062430022847 -0.055708402732027561 -0.077186840547996668 0.0057318528894574677 0.014776794328830009 0.047560013913007147 0.0046793601848032877 0.0013122043946983057 -0.0065965816437106766 0.04593881350575775 -0.020190117424698721 0.0093844767716103426 0.0068076748599972042 -0.012282850177924558 0.0032113040301113781 -0.021668592783720922 0.0019714883555624779 -0.0024462684488861476 -0.00099779946999636491 0.00064575956149861278 -0.0033651378928849836
leaf_weight=33 555 44 44 47 3196 290 42 31 37 185 45 25 51 57 25 33 40 48 33 39 133 29 25 74 38 1211 45 39 79 84
leaf_count=33 555 44 44 47 3196 290 42 31 37 185 45 25 51 57 25 33 40 48 33 39 133 29 25 74 38 1211 45 39 79 84
internal_value=0.000532893 0.000260919 -0.00265089 -0.00517391 0.000357833 0.00153955 0.000882695 0.00140805 0.00170827 0.000576 -0.00128421 -0.00256209 -0.0013253 -0.000851852 -0.00392157 0.000358974 0.000397461 -0.00233708 9.67743e-05 -0.00131868 0.000446508 0.000389961 -0.00153293 2.81692e-05 -0.00252941 0.000458862 0.000239648 0.00105516 0.000332143 -0.00163415
internal_weight=6657 5242 168 91 5074 1415 860 695 664 374 189 152 165 107 50 77 5041 88 123 90 4953 4820 166 141 67 4654 3404 1250 3359 163
internal_count=6657 5242 168 91 5074 1415 860 695 664 374 189 152 165 107 50 77 5041 88 123 90 4953 4820 166 141 67 4654 3404 1250 3359 163
is_linear=0
shrinkage=0.04


Tree=180
num_leaves=31
num_cat=0
split_feature=0 0 1 17 11 10 9 11 7 2 11 10 1 9 11 9 17 14 4 11 8 20 0 12 9 4 17 8 0 6
split_gain=1.16746 0.975776 0.770771 0.674124 1.25317 1.13511 0.726866 1.14177 0.725362 0.793918 0.66821 1.10505 0.70566 0.694737 0.632425 0.665606 0.637004 0.631992 1.32793 1.42504 0.611624 0.918145 0.62578 0.610575 0.583372 0.7465 0.688866 0.572163 1.07493 0.561197
threshold=2.8500000000000001 23.750000000000004 22.450000000000003 -0.25881904510252113 12.450000000000001 0.65000000000000002 44.500000000000007 1.6500000000000001 2.3145833333333337 2.6500000000000008 0.95000000000000007 2.6500000000000008 3.3500000000000001 43.500000000000007 10.750000000000002 87.500000000000014 -0.98296291314453399 124.50000000000001 7.4500000000000011 3.9500000000000006 7.7500000000000009 -0.22252093395631442 12.350000000000003 47.500000000000007 73.500000000000014 7.1500000000000012 -0.5 14.550000000000002 15.350000000000003 5.2666666666666648
decision_type=2 2 2 2 2 2 2 2 2 2 2 2 2 2 2 2 2 2 2 2 2 2 2 2 2 2 2 2 2 2
left_child=14 2 3 10 6 -6 7 -5 9 -8 -2 27 -13 -14 15 23 -16 24 -19 -20 -21 -22 -23 -1 26 -26 -15 -12 -29 -10
right_child=1 -3 -4 4 5 -7 8 -9 29 -11 11 12 13 17 16 -17 -18 18 19 20 21 22 -24 -25 25 -27 -28 28 -30 -31
leaf_value=-0.0056148453684841402 0.0057621334614145351 0.23309481016067285 -0.0029148728151564746 -0.037558730861683765 -0.004179890126598567 0.0048612411372911651 0.00084642247929806532 0.0044867544766071764 0.001715634306665855 -0.0014030911991043987 0.0013800359608896673 0.0031423712206311472 0.0034694801663768394 0.0030478054855887899 0.00052380466150456467 0.00096555938103652455 -0.00049629939499116116 -0.00075432830378328809 -0.011244693770038687 0.00038282372931985344 -0.020640939612919545 -0.020351277792383913 0.0092077164105295144 -5.0121795407172524e-05 -0.0035024968705044757 -0.00031729542138551393 -0.021425168617584159 -0.0029870922575779653 0.022860898708183468 0.0002517606609156768
leaf_weight=27 257 169 34 44 35 1254 39 85 633 39 589 90 48 168 29 113 414 215 43 46 40 29 47 907 39 103 26 29 39 1046
leaf_count=27 257 169 34 44 35 1254 39 85 633 39 589 90 48 168 29 113 414 215 43 46 40 29 47 907 39 103 26 29 39 1046
internal_value=0.000476861 0.000760363 0.000659227 0.000700642 0.00105164 0.0020124 0.000394277 -0.00249231 0.000607509 -0.00313924 8.40245e-05 -0.000229381 -0.00114413 -0.0015205 -0.000509725 2.67177e-05 -0.00177477 -0.0018177 -0.00285036 -0.00514563 -0.0033865 -0.00492308 -0.00228571 -0.000325134 -0.000522255 -0.00246154 0.000902564 0.0010152 -0.00243478 0.000783333
internal_weight=6676 5186 5017 4983 3175 1289 1886 129 1757 78 1808 1551 894 804 1490 1047 443 756 420 205 162 116 76 934 336 142 194 657 68 1679
internal_count=6676 5186 5017 4983 3175 1289 1886 129 1757 78 1808 1551 894 804 1490 1047 443 756 420 205 162 116 76 934 336 142 194 657 68 1679
is_linear=0
shrinkage=0.04


Tree=181
num_leaves=31
num_cat=0
split_feature=7 8 12 18 8 16 18 19 18 18 11 10 3 9 17 16 17 11 7 14 8 3 14 11 9 5 9 6 13 14
split_gain=1.12902 0.810378 0.734504 0.747976 0.776721 0.582894 0.541146 0.495684 0.485109 0.595673 0.559084 0.508411 0.496269 0.478802 0.478098 0.770051 0.767731 0.915585 1.16361 0.910694 0.700765 1.30058 0.859272 0.640524 0.845542 0.737626 0.623926 0.854215 1.27764 0.926957
threshold=18.614583333333339 2.8500000000000001 47.500000000000007 -0.12940952255126037 0.65000000000000002 1952.5000000000002 0.78656609248549303 0.6078576107927941 -0.98296291314453399 0.25881904510252057 2.5500000000000003 0.65000000000000002 0.75000000000000011 70.500000000000014 0.37940952255126054 17.500000000000004 0.25881904510252091 14.550000000000002 7.5020833333333341 176.50000000000003 14.950000000000001 12.450000000000001 107.50000000000001 11.65 75.500000000000014 5.9500000000000011 68.500000000000014 10.65 2.3500000000000001 186.50000000000003
decision_type=2 2 2 2 2 2 2 2 2 2 2 2 2 2 2 2 2 2 2 2 2 2 2 2 2 2 2 2 2 2
left_child=1 2 3 -1 -5 6 -6 -7 13 11 -11 -10 -12 -3 15 -13 -17 18 19 -18 21 22 -16 25 -25 -24 27 28 29 -27
right_child=-2 8 -4 4 5 7 -8 -9 9 10 12 14 -14 -15 20 16 17 -19 -20 -21 -22 -23 23 24 -26 26 -28 -29 -30 -31
leaf_value=-0.0038895215126156352 0.034824226589936051 0.010836393322174578 7.3791804449695167e-06 -0.0013180276920848144 0.00088280146677729618 -0.00090219124693976876 -0.00039248311353118765 0.00062521466860437404 0.0042543079726221076 0.0059906284917130214 -0.00015884267766929792 0.0079152247644016793 0.00075873228836894236 -0.00061853508323257147 -0.011169518793825646 -0.00014022166931675951 -0.0095093579946560654 0.0075836071525344504 -0.03658907322940063 0.0016242683724576807 0.021297397125721814 -0.017229923769097561 0.00071681051979353581 0.0031757132275529532 -0.0020499445668802903 -0.0087665607351270908 0.00051829933411876288 0.0026674366296543812 -0.00057879329182466727 -0.031074514048800659
leaf_weight=33 261 178 951 31 90 36 65 30 55 431 42 122 1623 34 26 1283 41 65 41 48 204 35 295 289 37 31 111 28 134 26
leaf_count=33 261 178 951 31 90 36 65 30 55 431 42 122 1623 34 26 1283 41 65 41 48 204 35 295 289 37 31 111 28 134 26
internal_value=0.000494833 0.000389651 -0.000530315 -0.00230769 -0.00154941 -0.000702703 0.000641026 -0.0038209 0.000609267 0.000528986 0.00104149 0.000154596 0.000708283 0.00247887 7.95174e-05 -0.000374766 -0.000627451 -0.00295918 -0.0048855 -0.00226667 0.000677075 0.000244818 0.000519428 0.000718488 0.00215291 -3.19487e-05 -0.0013293 -0.00256364 -0.00352083 -0.00848276
internal_weight=6676 6415 1236 285 252 221 155 66 5179 4967 2096 2871 1665 212 2816 1600 1478 195 130 89 1216 1012 977 951 326 625 330 219 191 57
internal_count=6676 6415 1236 285 252 221 155 66 5179 4967 2096 2871 1665 212 2816 1600 1478 195 130 89 1216 1012 977 951 326 625 330 219 191 57
is_linear=0
shrinkage=0.04


Tree=182
num_leaves=31
num_cat=0
split_feature=0 1 0 7 6 6 17 11 10 6 11 9 14 14 7 5 17 11 9 11 10 12 17 10 14 0 16 18 1 8
split_gain=1.14042 1.04998 1.00692 0.680015 0.88032 0.879972 0.652931 0.634717 0.790618 0.62175 0.590212 0.719617 0.661608 0.729715 0.887045 0.605408 0.580055 0.528203 0.518816 0.943298 0.602469 0.512585 0.470731 0.94711 0.846082 0.634962 0.491076 0.582682 0.459828 1.4378
threshold=23.750000000000004 23.000000000000004 2.8500000000000001 2.3145833333333337 2.4999999999999996 3.1999999999999971 -0.25881904510252113 12.450000000000001 0.65000000000000002 3.0749999999999971 11.050000000000002 87.500000000000014 181.50000000000003 296.50000000000006 3.6854166666666672 3.2500000000000004 -0.37940952255126065 -3.0499999999999994 44.500000000000007 1.5500000000000003 15.950000000000001 47.500000000000007 -0.37940952255126065 0.55000000000000016 321.50000000000006 8.0500000000000025 2212.5000000000005 0.37940952255126048 3.0500000000000003 2.6500000000000008
decision_type=2 2 2 2 2 2 2 2 2 2 2 2 2 2 2 2 2 2 2 2 2 2 2 2 2 2 2 2 2 2
left_child=1 2 10 4 -4 -6 17 9 -9 -8 11 21 -12 14 -14 -15 -16 -5 19 -11 -20 -1 23 -19 25 -24 27 -25 -23 -30
right_child=-2 -3 3 6 5 -7 7 8 -10 18 12 -13 13 15 16 -17 -18 22 20 -21 -22 28 24 26 -26 -27 -28 -29 29 -31
leaf_value=-0.0038440796837216035 0.22346898576321078 -0.0109473393661701 0.0015225146681141629 0.011394653596562306 -0.0013804727886615809 0.00025663536409600358 0.0049572265928880315 -0.0044201825834676257 0.0046091646434720116 -0.035446361549937605 8.4686524544113967e-06 0.00086090492120786835 -0.0038010311500301132 0.0016346724337993038 -0.00068320715263894382 -0.0011472867433832354 0.00051354441545802118 0.0096087189290523841 0.00022903599232020514 0.0029268208338192958 0.0084432771396443056 2.0963845345196999e-05 0.0010127473769456045 -0.00015228493873730838 -0.022273883691442578 -0.1013415846849013 -0.0020048925274816966 0.0012627249472606178 0.00069928842655148766 -0.002798867740879596
leaf_weight=29 169 28 40 109 30 27 146 34 1254 39 206 119 47 43 44 41 46 119 1330 87 208 836 93 1051 29 28 50 315 36 43
leaf_count=29 169 28 40 109 30 27 146 34 1254 39 206 119 47 43 44 41 46 119 1330 87 208 836 93 1051 29 28 50 315 36 43
internal_value=0.000506815 0.00042225 0.000456173 0.000728657 -0.00257143 -0.00572414 0.000794605 0.00114618 0.00182467 0.000662617 -0.00045607 4.88723e-05 -0.00171028 -0.00322523 -0.00501449 -0.000282353 -0.00263736 0.000187187 0.000442042 -0.00201575 0.000644575 -0.000321693 1.18625e-05 0.000221354 -0.00211921 -0.000622951 -6.77486e-05 7.60792e-05 -0.000152838 -0.00305
internal_weight=6676 6507 6479 4989 97 57 4892 3098 1288 1810 1490 1063 427 221 137 84 90 1794 1664 126 1538 944 1685 1535 150 121 1416 1366 915 79
internal_count=6676 6507 6479 4989 97 57 4892 3098 1288 1810 1490 1063 427 221 137 84 90 1794 1664 126 1538 944 1685 1535 150 121 1416 1366 915 79
is_linear=0
shrinkage=0.04


Tree=183
num_leaves=31
num_cat=0
split_feature=0 16 12 7 6 7 11 4 16 3 11 4 6 14 11 11 5 0 8 0 1 16 3 3 5 5 0 2 14 9
split_gain=1.12357 0.789729 0.789955 0.599793 1.10002 0.879426 0.762676 0.679544 0.812028 1.07604 0.622252 0.65679 1.16242 1.72643 0.725992 1.15333 1.1521 0.993114 1.14475 0.91652 0.907194 1.23251 1.21102 0.838736 0.775489 0.663571 0.634417 0.621869 0.9273 0.617196
threshold=23.750000000000004 27.500000000000004 76.500000000000014 3.589583333333334 5.2666666666666648 3.510416666666667 0.8500000000000002 3.1500000000000008 32.500000000000007 5.8500000000000005 1.0500000000000003 4.0500000000000007 4.6333333333333302 221.50000000000003 15.550000000000002 15.15 5.9500000000000011 10.750000000000002 12.250000000000002 4.1500000000000012 1.5500000000000003 72.500000000000014 2.5500000000000003 14.65 4.4500000000000011 4.0500000000000007 2.7500000000000004 5.8500000000000005 112.50000000000001 59.500000000000007
decision_type=2 2 2 2 2 2 2 2 2 2 2 2 2 2 2 2 2 2 2 2 2 2 2 2 2 2 2 2 2 2
left_child=1 2 -1 4 5 6 -3 8 9 -5 29 12 -12 -14 15 16 25 18 20 -16 -18 -22 -23 24 -21 26 -13 -24 -29 -9
right_child=-2 3 -4 7 -6 -7 -8 10 -10 -11 11 14 13 -15 19 -17 17 -19 -20 23 21 22 27 -25 -26 -27 -28 28 -30 -31
leaf_value=0.005082357197355932 0.21453022633268229 -0.00062882388210770527 0.00078925968397764476 0.008591295470325791 -0.020846381864554488 -0.0043167166424065411 7.6351417233451037e-05 -0.0064164186612404471 0.0014119298525192654 -0.016645773231906694 0.001013336682682703 0.00053299261066425282 -0.00035143457284790466 -0.0046173261926389366 -0.0003362254895640243 -0.0070138382573837667 0.00075625362170585262 0.0053336525666254362 -0.0033305631338420871 -0.0009525764269509903 0.00012100367270295704 -0.0023869704896794784 -0.00045670218385539799 -0.00024812458151212568 0.0075530739166970234 0.003311303962719172 -0.0005827169843835116 -0.00016601703909813548 -0.012995908758730551 0.0040994625737401907
leaf_weight=321 169 245 654 42 50 39 877 59 447 30 79 130 114 35 321 39 55 148 41 183 206 34 103 305 901 224 330 50 66 379
leaf_count=321 169 245 654 42 50 39 877 59 447 30 79 130 114 35 321 39 55 148 41 183 206 34 103 305 901 224 330 50 66 379
internal_value=0.000530777 0.000446835 0.0014959 0.000261703 -0.000524752 -0.000271945 -6.41138e-05 0.000482184 0.00183846 -0.00208219 0.000296608 0.000111739 -0.00195633 -0.00402667 0.000262671 -0.000403644 -0.000210374 -0.00134659 -0.0021223 0.000818235 -0.0016 -0.00218261 -0.00404724 0.00126331 0.00178433 0.000957664 8.6768e-05 -0.00292727 -0.00492308 0.00171298
internal_weight=6676 6507 975 5532 1211 1161 1122 4321 519 72 3802 3364 228 149 3136 1426 1387 703 555 1710 514 459 253 1389 1084 684 460 219 116 438
internal_count=6676 6507 975 5532 1211 1161 1122 4321 519 72 3802 3364 228 149 3136 1426 1387 703 555 1710 514 459 253 1389 1084 684 460 219 116 438
is_linear=0
shrinkage=0.04


Tree=184
num_leaves=31
num_cat=0
split_feature=0 0 1 17 11 11 16 10 11 18 14 9 15 5 4 0 0 14 11 20 9 16 11 19 18 11 3 16 17 10
split_gain=1.18309 0.830448 0.775196 0.720981 0.757557 0.571571 0.557467 1.47245 0.756237 0.735668 0.723948 1.43428 1.18104 0.630598 0.78462 0.622065 0.738465 0.824402 0.749718 1.25925 0.684045 0.497227 0.791865 0.88417 0.599317 0.780588 0.700881 0.538168 0.514234 0.811947
threshold=23.750000000000004 3.6500000000000008 22.450000000000003 -0.25881904510252113 12.450000000000001 0.25000000000000006 57.500000000000007 12.450000000000001 3.1500000000000008 0.37940952255126048 126.50000000000001 58.500000000000007 1.0000000180025095e-35 3.3500000000000001 6.4500000000000011 6.3500000000000005 4.1500000000000012 168.50000000000003 -1.3499999999999999 -0.22252093395631442 61.500000000000007 372.50000000000006 11.050000000000002 0.87837969732492682 -0.78656609248549325 18.450000000000003 6.5500000000000007 552.50000000000011 -0.5 0.55000000000000016
decision_type=2 2 2 2 2 2 2 2 2 2 2 2 2 2 2 2 2 2 2 2 2 2 2 2 2 2 2 2 2 2
left_child=1 -1 3 5 6 -3 9 8 -8 15 -10 -12 13 -13 -15 16 -5 20 -19 -20 -18 22 -7 24 -24 26 -26 -23 29 -29
right_child=-2 2 -4 4 -6 21 7 -9 10 -11 11 12 -14 14 -16 -17 17 18 19 -21 -22 27 23 -25 25 -27 -28 28 -30 -31
leaf_value=-2.3634724417302902e-05 0.20594901727937495 0.012275921591042096 -0.0037434284082404441 0.0038009054954721241 0.0047235720516865263 -0.00010779845631828309 0.0027562879178527656 -0.0074425814926665961 0.0045326557859693261 0.011587191859087988 0.009225104904523905 -0.014326530490703546 -0.0050894004760795039 0.00064334863230719908 -0.014445726242158086 0.0014132261316791694 -0.0043517961314080275 0.001836261938652601 -0.0013820543532242512 -0.015898243626657534 0.0079193046693118146 0.0086210501025068137 -0.0017517698663817767 0.0036544734794471917 -0.038212736144332529 -0.0081330800009368123 -0.016728469373070501 0.010161556163068013 -0.034901647277631939 -7.3223134413621713e-05
leaf_weight=2106 169 175 34 37 1212 412 176 45 100 308 50 26 30 55 26 572 39 36 56 34 49 131 61 42 25 45 35 102 79 409
leaf_count=2106 169 175 34 37 1212 412 176 45 100 308 50 26 30 55 26 572 39 36 56 34 49 131 61 42 25 45 35 102 79 409
internal_value=0.000446907 0.000360787 0.00067333 0.000720696 0.00109537 1.58208e-05 0.000534146 -0.000565815 0.000112069 0.00102827 -0.00115278 -0.00261702 -0.00472464 -0.0027037 -0.000926829 0.000402913 -0.00125397 -0.00215814 -0.00422047 -0.00615385 0.000808989 -0.000265276 -0.00109501 -0.00310048 -0.00440719 -0.00622641 -0.00918033 0.000448754 -6.76817e-05 0.000398438
internal_weight=6676 6507 4401 4367 2851 1516 1639 508 463 1131 287 187 137 107 81 823 251 214 126 90 88 1341 620 208 166 105 60 721 590 511
internal_count=6676 6507 4401 4367 2851 1516 1639 508 463 1131 287 187 137 107 81 823 251 214 126 90 88 1341 620 208 166 105 60 721 590 511
is_linear=0
shrinkage=0.04


Tree=185
num_leaves=31
num_cat=0
split_feature=0 10 0 3 16 4 5 3 12 5 5 4 3 7 8 18 11 8 7 0 9 13 10 11 8 3 13 8 10 2
split_gain=0.993829 0.668714 0.52062 0.993919 0.794251 0.691311 0.685139 0.85264 0.469519 0.463355 0.483461 0.559739 0.612049 0.390451 0.3851 0.656555 0.739735 0.736423 0.644151 0.595996 0.981204 0.702129 0.633337 0.623081 0.572838 0.84788 0.727807 0.567917 0.556396 1.14359
threshold=11.750000000000002 17.050000000000004 30.850000000000005 12.850000000000003 52.500000000000007 6.7500000000000009 4.5500000000000007 13.65 89.500000000000014 17.150000000000002 14.350000000000003 11.350000000000003 16.850000000000005 5.793750000000002 4.1500000000000012 1.0000000180025095e-35 4.1500000000000012 13.750000000000002 3.4729166666666669 3.5500000000000003 64.500000000000014 2.8500000000000001 9.8500000000000032 5.6500000000000012 11.950000000000001 7.4500000000000011 4.4500000000000011 12.450000000000001 7.6500000000000012 1.8500000000000003
decision_type=2 2 2 2 2 2 2 2 2 2 2 2 2 2 2 2 2 2 2 2 2 2 2 2 2 2 2 2 2 2
left_child=1 14 3 8 5 -5 -6 -8 13 10 11 -9 -13 -2 19 24 18 -18 -17 22 23 -22 28 -21 -16 -26 27 -27 -1 -30
right_child=2 -3 -4 4 6 -7 7 9 -10 -11 -12 12 -14 -15 15 16 17 -19 -20 20 21 -23 -24 -25 25 26 -28 -29 29 -31
leaf_value=-3.5156304198250459e-06 -0.021294482711919808 0.0055107700793763769 0.42480451541447567 -0.060777614776123319 0.021285547960735514 0.042740117997653419 -0.026102957945209178 0.014439281233270481 -0.006024091519433835 0.012986516423200383 -0.039051038020704539 -0.013010685373558409 -0.0052889751888639085 0.029274575393700278 9.6310169614921793e-06 -0.00095039558677365162 0.00042676947487155312 -0.0022038741729560108 0.0090875654824563497 0.0021052417836514227 0.00032202701949838398 -0.0070095016484033037 0.0022802908023872009 -0.00078682933072958246 -0.007870629230413477 -0.00072861239801609091 -0.028526885837277971 0.004345866024916426 0.002981524961535348 -0.0006422989647235734
leaf_weight=1608 38 173 118 34 34 131 28 37 31 75 38 26 66 464 1454 81 1214 40 365 57 25 45 120 27 32 25 37 58 54 133
leaf_count=1608 38 173 118 34 34 131 28 37 31 75 38 26 66 464 1454 81 1214 40 365 57 25 45 120 27 32 25 37 58 54 133
internal_value=0.000376668 0.000157146 0.00146298 0.00116451 -0.000178723 0.00204819 -0.00139016 -0.00206642 0.00234457 -0.00128395 -0.00245238 -0.00126154 -0.00292473 0.00264016 7.81251e-05 0.000345933 0.000893592 0.000395219 0.00229083 -0.000349758 -0.00273548 -0.00619718 -0.000156576 0.000188235 -0.000233976 -0.00256209 -0.000991735 0.00109524 -0.000345211 -0.00240426
internal_weight=6668 5548 1120 1002 469 165 304 270 533 242 167 129 92 502 5375 3306 1700 1254 446 2069 154 70 1915 84 1606 152 120 83 1795 187
internal_count=6668 5548 1120 1002 469 165 304 270 533 242 167 129 92 502 5375 3306 1700 1254 446 2069 154 70 1915 84 1606 152 120 83 1795 187
is_linear=0
shrinkage=0.04


Tree=186
num_leaves=31
num_cat=0
split_feature=0 15 8 0 1 17 17 5 17 0 8 1 2 3 9 2 8 17 1 8 4 6 1 7 5 6 4 14 2 11
split_gain=1.03111 0.765319 0.728375 1.32054 1.41652 0.620945 1.1995 0.967517 0.743686 0.70846 0.612633 1.1195 2.48542 0.657648 0.962383 0.671851 0.611283 0.698776 0.575223 0.786762 0.570736 0.548296 1.01382 0.628106 0.727364 1.14838 0.544792 0.527393 0.49511 0.445098
threshold=11.050000000000002 0.65000000000000002 12.050000000000002 8.7500000000000018 11.15 0.37940952255126054 0.25881904510252091 3.3500000000000001 -0.25881904510252113 15.450000000000001 4.1500000000000012 3.3500000000000001 2.7500000000000004 3.4500000000000006 71.500000000000014 3.5500000000000003 3.4500000000000006 -0.60355339059327362 12.550000000000002 31.250000000000004 8.2500000000000018 3.6166666666666636 3.5500000000000003 3.3687500000000008 2.2500000000000004 5.0666666666666638 3.6500000000000008 129.50000000000003 4.0500000000000007 25.450000000000003
decision_type=2 2 2 2 2 2 2 2 2 2 2 2 2 2 2 2 2 2 2 2 2 2 2 2 2 2 2 2 2 2
left_child=2 5 10 -4 26 6 8 -7 18 -8 11 -1 -13 15 -15 -14 -16 -18 -2 20 -20 -12 -23 24 -24 27 -5 -26 -29 -22
right_child=1 -3 3 4 -6 7 9 -9 -10 -11 21 12 13 14 16 -17 17 -19 19 -21 29 22 23 -25 25 -27 -28 28 -30 -31
leaf_value=1.4430507912307963e-05 0.017125710348376778 -0.010383603775493659 -0.0060230493819430509 -0.0030928952467625453 -0.0045650659899260154 -0.036830299372890674 -0.0062911314319724389 0.023531230414666281 0.034840315074182671 -0.039887505823430612 0.0020486870437879403 -0.0047825061189216396 -0.00037391213391654252 0.00064091528117157803 0.00028605969292440418 -0.004922787689183623 -0.00032323875509448574 -0.011462901226778391 0.012483947595529815 0.34650105744665644 -0.0019779674786930476 -0.0019919221764845489 0.0040197770895620414 0.0006856095925564322 0.012536916503119703 -0.020925854858777723 0.0055831458023064421 -0.012227059796261566 0.00023855406335655569 -0.020191137999634009
leaf_weight=1699 76 25 36 25 28 27 36 527 211 31 382 33 43 158 37 44 34 27 53 55 183 40 49 2540 25 35 94 35 35 45
leaf_count=1699 76 25 36 25 28 27 36 527 211 31 382 33 43 158 37 44 34 27 53 55 183 40 49 2540 25 35 94 35 35 45
internal_value=0.000388664 0.00141417 0.000147408 -0.00232609 -0.000621621 0.00155502 0.000752533 0.00255135 0.00130128 -0.00429412 0.000234618 -0.000298651 -0.00227056 -0.00124419 -0.000217899 -0.00422727 -0.00331313 -0.00574194 0.000309928 -0.000403561 -0.00126241 0.000586887 0.000389855 0.000483824 -0.0018 -0.00335878 0.0013 -0.00104167 -0.0028169 -0.002131
internal_weight=6668 1269 5399 183 147 1244 690 554 623 67 5216 2075 376 343 256 87 98 61 412 336 281 3141 2759 2719 179 130 119 95 70 228
internal_count=6668 1269 5399 183 147 1244 690 554 623 67 5216 2075 376 343 256 87 98 61 412 336 281 3141 2759 2719 179 130 119 95 70 228
is_linear=0
shrinkage=0.04


Tree=187
num_leaves=31
num_cat=0
split_feature=0 1 12 4 15 8 17 13 11 7 0 1 0 8 4 14 17 5 7 2 4 2 3 17 2 1 0 8 0 16
split_gain=1.08223 1.19924 0.803478 0.772903 0.783104 0.746587 0.655198 0.636483 0.628832 0.600491 0.491435 1.00198 0.457717 0.416268 0.575507 0.584382 0.493159 0.680114 0.611099 0.604039 0.411338 1.12899 1.60399 0.676627 0.602538 0.731934 0.757393 0.745479 1.05466 0.60639
threshold=11.65 11.750000000000002 82.500000000000014 6.7500000000000009 0.15000000000000005 11.750000000000002 0.37940952255126054 4.4500000000000011 1.6500000000000001 13.293750000000001 26.100000000000005 17.950000000000003 21.600000000000005 1.4500000000000002 1.8500000000000003 197.50000000000003 0.25881904510252091 2.4500000000000006 3.2270833333333337 2.9500000000000006 12.65 9.5500000000000025 15.350000000000003 -0.78656609248549292 11.850000000000003 11.15 10.450000000000001 11.450000000000001 8.7500000000000018 52.500000000000007
decision_type=2 2 2 2 2 2 2 2 2 2 2 2 2 2 2 2 2 2 2 2 2 2 2 2 2 2 2 2 2 2
left_child=1 9 6 8 -5 -3 10 -7 -4 13 11 -2 -13 14 15 -1 17 -16 -19 -20 24 23 -23 -22 25 26 27 -15 -29 -30
right_child=2 5 3 4 -6 7 -8 -9 -10 -11 -12 12 -14 20 16 -17 -18 18 19 -21 21 22 -24 -25 -26 -27 -28 28 29 -31
leaf_value=-0.0010303570835516148 0.0055849687858628861 -0.00014649411972561367 -0.085398840464352352 0.031050058378557135 -0.0045768992840377262 -0.0006201626411721829 0.032990856179927579 -0.023922814674456984 0.014634502324500228 0.010482620665500063 0.23308057981267902 -0.014847520924991064 0.002836085993052222 0.00013954801375375191 0.00028813816076095675 0.00010882804570094842 0.00087788844550980923 -0.0020924369293776825 0.0001512265947835624 -0.00059504634736592867 0.004053597643371115 -0.010672967852173648 0.0064071025110964928 -0.0010085900418730824 0.0031070806012313641 -0.0033638136440807898 0.011099224999195386 -0.0044789725701488928 0.006547602570326494 -0.0016316753640423678
leaf_weight=47 350 40 38 104 27 29 394 28 45 140 82 68 29 4217 89 31 38 35 74 27 74 40 37 189 94 33 130 44 55 40
leaf_count=47 350 40 38 104 27 29 394 28 45 140 82 68 29 4217 89 31 38 35 74 27 74 40 37 189 94 33 130 44 55 40
internal_value=0.000412656 0.00018149 0.00153603 -0.000669767 0.00124242 -0.00420408 0.00204762 -0.00710345 -0.00366667 0.000260534 0.00112453 0.000598214 -0.00297959 0.000191879 -0.00115789 -0.0041519 -0.000257576 -0.000973451 -0.00274453 -0.00113725 0.000285022 -0.00105572 -0.00528205 0.00019697 0.000384049 0.000317699 0.000361935 0.000271747 -0.0026 -0.000208333
internal_weight=6668 5531 1137 214 131 97 923 57 83 5434 529 447 97 5294 341 78 263 225 136 101 4953 340 77 263 4613 4519 4486 4356 139 95
internal_count=6668 5531 1137 214 131 97 923 57 83 5434 529 447 97 5294 341 78 263 225 136 101 4953 340 77 263 4613 4519 4486 4356 139 95
is_linear=0
shrinkage=0.04


Tree=188
num_leaves=31
num_cat=0
split_feature=8 17 0 3 17 1 20 3 18 0 18 8 6 12 12 3 3 4 3 10 0 0 8 1 11 0 1 3 8 14
split_gain=1.07925 1.06733 0.741657 1.51955 1.14085 0.627641 0.870349 0.739223 1.01744 0.621042 0.577558 0.586288 1.07465 0.859554 0.574218 1.6079 0.649848 0.841939 1.5051 0.826322 0.50479 0.498572 1.13446 0.587538 0.95228 0.772154 0.636387 0.72747 1.01985 0.951926
threshold=15.550000000000002 0.37940952255126054 30.850000000000005 24.250000000000004 0.25881904510252091 13.65 -0.56174490092936669 10.750000000000002 -0.70710678118654757 11.950000000000001 -0.12940952255126037 11.950000000000001 9.1916666666666682 77.500000000000014 35.500000000000007 5.5500000000000007 12.15 10.550000000000002 15.15 10.850000000000003 13.550000000000002 5.2500000000000009 6.7500000000000009 5.1500000000000012 19.850000000000005 4.1500000000000012 3.3500000000000001 6.9500000000000011 4.4500000000000011 279.50000000000006
decision_type=2 2 2 2 2 2 2 2 2 2 2 2 2 2 2 2 2 2 2 2 2 2 2 2 2 2 2 2 2 2
left_child=5 2 3 4 20 9 -7 -8 -9 10 11 14 -13 -14 15 -1 19 -18 -19 -16 -2 22 23 25 -25 26 -12 28 29 -28
right_child=1 -3 -4 -5 -6 6 7 8 -10 -11 21 12 13 -15 16 -17 17 18 -20 -21 -22 -23 -24 24 -26 -27 27 -29 -30 -31
leaf_value=0.00012486816510736681 -0.016633626143178752 0.043133134387347505 0.34616947855504504 -0.10242067211846964 -0.033019936727633696 0.0018676394400288857 0.011866592072311118 -0.0035295153100672163 -0.02988784245509378 0.020429659950250301 7.3459199385031586e-05 -0.0096357904170445968 0.0032466341473117218 -0.0038250658404918396 -5.049051365835113e-05 -0.0055954367897653491 0.0044945970827312311 -0.013109604172064946 0.00012985372638832059 0.0021621868205308516 0.015673502040712897 0.0023855580435534272 -0.0043903303287220717 1.7896606284609565e-07 -0.0045374268719665786 0.0055480922793429213 -0.0037339454024939056 0.00054024503022916039 0.0019490317211554484 0.00048683544387010703
leaf_weight=59 32 353 77 26 34 35 27 26 40 235 1126 29 79 41 1584 43 52 28 36 465 246 1293 48 70 32 247 129 76 66 34
leaf_count=59 32 353 77 26 34 35 27 26 40 235 1126 29 79 41 1584 43 52 28 36 465 246 1293 48 70 32 247 129 76 66 34
internal_value=0.00040066 0.00181014 0.000432692 -0.000377581 0.000408946 0.000216913 -0.00254264 -0.00455319 -0.00680597 0.000278538 0.00019285 -0.000271411 -0.00269333 -0.000991735 -0.000111111 -0.00302913 2.7701e-05 -0.00287179 -0.00590769 0.000193171 0.00126165 0.00055221 0.000126845 0.000291971 -0.00264078 0.000471709 0.000114525 -0.00150327 -0.00262609 -0.00431707
internal_weight=6668 768 415 338 312 5900 128 93 66 5772 5537 2416 149 120 2267 102 2165 116 64 2049 278 3121 1828 1780 102 1678 1431 305 229 163
internal_count=6668 768 415 338 312 5900 128 93 66 5772 5537 2416 149 120 2267 102 2165 116 64 2049 278 3121 1828 1780 102 1678 1431 305 229 163
is_linear=0
shrinkage=0.04


Tree=189
num_leaves=31
num_cat=0
split_feature=0 17 4 3 18 12 8 3 1 10 18 8 1 16 4 5 9 8 8 13 16 12 0 1 9 3 16 5 11 12
split_gain=1.1188 0.661043 0.93198 0.964785 1.06908 0.624497 0.580294 0.731453 0.519304 0.986106 0.488161 0.499742 1.06892 1.24696 0.942225 0.615922 0.560886 1.10979 0.542968 0.492531 0.700999 0.491748 0.515869 0.900356 0.449971 0.647622 0.796965 0.72209 0.589186 0.615949
threshold=12.350000000000003 -0.25881904510252113 6.7500000000000009 11.65 -0.9159756150367534 86.500000000000014 31.250000000000004 24.250000000000004 12.65 5.4500000000000011 -0.12940952255126037 4.1500000000000012 2.8500000000000001 47.500000000000007 4.3500000000000005 10.65 86.500000000000014 13.750000000000002 3.0500000000000003 12.250000000000002 1192.5000000000002 72.500000000000014 9.4500000000000011 9.7500000000000018 63.500000000000007 10.850000000000003 42.500000000000007 10.950000000000001 23.650000000000002 34.500000000000007
decision_type=2 2 2 2 2 2 2 2 2 2 2 2 2 2 2 2 2 2 2 2 2 2 2 2 2 2 2 2 2 2
left_child=8 6 3 5 -5 -3 7 -2 10 -10 24 12 18 14 -14 -15 19 21 -12 -13 -21 22 23 -18 25 -1 -27 -28 29 -26
right_child=1 2 -4 4 -6 -7 -8 -9 9 -11 11 16 13 15 -16 -17 17 -19 -20 20 -22 -23 -24 -25 28 26 27 -29 -30 -31
leaf_value=0.00058013571429955404 0.00018859496789875145 0.035359123007707043 0.038463714921087411 -0.050455770520811669 0.012663955928008026 -0.016784213761966583 0.31475894950206174 -0.098916577431326647 0.0019180210179130699 -0.013647008111254123 3.435575532183642e-05 0.0028877517780880363 -9.4612402307614991e-05 -1.3592437444180164e-05 -0.012839991626494641 -0.0026229249116654684 0.00038122009234951257 -0.0062441303784043145 0.0030404190474808551 0.00058535219297446369 -0.0054979033881927646 -0.00066752373408127195 0.0085776585401637438 -0.0083932393127588763 -0.0028071647757598366 0.0058730381667076153 -0.0010590362025447216 -0.013452660382192148 0.0056463070982553168 -0.00023041777975014264
leaf_weight=1144 248 107 469 25 50 28 55 25 46 27 731 1138 32 259 29 26 545 32 150 45 25 41 71 25 41 40 42 28 42 1102
leaf_count=1144 248 107 469 25 50 28 55 25 46 27 731 1138 32 259 29 26 545 32 150 45 25 41 71 25 41 40 42 28 42 1102
internal_value=0.000466637 0.00169444 0.00240588 0.000189574 -0.00342105 0.00220588 0.000218845 -0.000540146 0.000247969 -0.00308108 0.000292002 0.000620953 -9.77184e-06 -0.00189049 -0.00703226 -0.000769231 0.0010234 0.000134266 0.000730159 0.00154839 -0.00169014 0.000480234 0.000753894 0.000350263 -0.000132787 0.000395219 -0.00252252 -0.00507042 -0.000691399 -0.000863636
internal_weight=6668 1007 679 210 75 135 328 273 5661 73 5588 3149 1227 346 61 285 1922 714 881 1208 70 682 641 570 2439 1254 110 70 1185 1143
internal_count=6668 1007 679 210 75 135 328 273 5661 73 5588 3149 1227 346 61 285 1922 714 881 1208 70 682 641 570 2439 1254 110 70 1185 1143
is_linear=0
shrinkage=0.04


Tree=190
num_leaves=31
num_cat=0
split_feature=0 11 17 0 1 19 15 14 17 8 4 5 11 0 14 18 9 8 1 7 3 13 11 11 13 8 3 7 14 1
split_gain=1.17648 0.703246 0.701109 0.719437 0.858455 1.37629 0.522084 0.676162 1.10011 0.934107 0.765639 0.6574 0.809521 1.08535 0.634825 0.47746 0.90426 0.867809 1.66367 1.02847 1.29875 0.705992 0.676943 0.629897 0.627585 0.790903 1.05563 1.30758 0.841728 0.685407
threshold=14.550000000000002 1.0000000180025095e-35 0.37940952255126054 26.100000000000005 18.750000000000004 -1.0000000180025095e-35 1.0000000180025095e-35 292.50000000000006 0.37940952255126054 2.0500000000000003 5.9500000000000011 2.6500000000000008 5.0500000000000007 6.2500000000000009 325.50000000000006 1.0000000180025095e-35 93.500000000000014 4.3500000000000005 3.5500000000000003 4.8479166666666682 6.9500000000000011 10.450000000000001 -1.8499999999999999 32.850000000000001 3.0500000000000003 7.8500000000000005 9.3500000000000032 8.2708333333333357 280.50000000000006 1.9500000000000002
decision_type=2 2 2 2 2 2 2 2 2 2 2 2 2 2 2 2 2 2 2 2 2 2 2 2 2 2 2 2 2 2
left_child=6 -2 3 4 -3 -6 15 8 9 -8 14 -10 -13 -14 -9 -1 17 18 22 -20 -21 -19 -17 24 -18 29 27 -27 -28 -26
right_child=1 2 -4 -5 5 -7 7 10 11 -11 -12 12 13 -15 -16 16 23 21 19 20 -22 -23 -24 -25 25 26 28 -29 -30 -31
leaf_value=5.081804371179178e-06 -0.031639861722806431 0.012190458993588914 0.063095107659727936 0.20857516841187074 -0.059704550906559385 0.0027039711535305089 -0.0054081406546475164 -0.0043408209309167703 -0.0048512859108799109 0.0020870979183616281 0.0005241043490119533 0.00014843663687031029 -0.00052888191277565587 -0.013099467857456986 -0.00076101664565636994 -0.0023472312900829906 0.0040885960907604832 0.0058190492073386694 0.0001308616179635402 -0.0047034573854049765 0.00011860459336186598 -0.00063132990012211966 0.00027694744452877364 0.0026622852551719629 -0.00098483153466439309 -0.00096328705980691415 0.00012375504170900051 -0.037839536970453287 -0.017115496495369066 0.00022759451061062986
leaf_weight=2614 30 156 299 97 31 57 50 25 25 309 42 121 51 25 29 38 85 1088 37 39 26 153 732 87 53 44 106 25 27 214
leaf_count=2614 30 156 299 97 31 57 50 25 25 309 42 121 51 25 29 38 85 1088 37 39 26 153 732 87 53 44 106 25 27 214
internal_value=0.000437761 0.00202683 0.00230889 0.00106433 -9.7959e-05 -0.00323595 0.00026133 -0.000784661 -0.000268041 0.0011 -0.00387629 -0.00247534 -0.00167677 -0.00488312 -0.00698182 0.000393369 0.000760799 0.00115989 0.00019244 -0.00458252 -0.00757576 0.00183897 0.000830091 -0.000554517 -0.00105225 -0.00162553 -0.00350739 -0.00748571 -0.00140298 -0.00019403
internal_weight=6715 670 640 341 244 88 6045 677 581 359 96 222 197 76 54 5368 2754 2113 872 102 65 1241 770 641 554 469 202 69 133 267
internal_count=6715 670 640 341 244 88 6045 677 581 359 96 222 197 76 54 5368 2754 2113 872 102 65 1241 770 641 554 469 202 69 133 267
is_linear=0
shrinkage=0.04


Tree=191
num_leaves=31
num_cat=0
split_feature=0 11 17 11 9 10 4 17 0 7 17 12 13 6 2 1 19 1 17 0 2 10 0 0 10 12 8 1 1 6
split_gain=1.16767 0.703246 0.701109 0.685769 1.10819 0.505667 0.386654 0.453762 0.544942 0.39387 0.792101 0.56845 0.670526 0.481548 0.448898 0.415722 0.375086 0.369434 1.74837 0.562876 0.417678 1.11253 1.04605 0.877247 1.21159 1.5306 0.912844 0.823236 0.756336 0.850463
threshold=14.550000000000002 1.0000000180025095e-35 0.37940952255126054 19.850000000000005 67.500000000000014 16.450000000000003 0.95000000000000007 1.0000000180025095e-35 2.1500000000000008 2.3145833333333337 0.91597561503675362 83.500000000000014 9.6500000000000004 2.2166666666666655 1.0500000000000003 1.5500000000000003 -0.8783796973249266 13.750000000000002 0.12940952255126045 12.450000000000001 5.8500000000000005 13.350000000000003 3.7500000000000004 6.4500000000000011 9.0500000000000025 80.500000000000014 7.8500000000000005 7.3500000000000005 3.4500000000000006 3.2333333333333303
decision_type=2 2 2 2 2 2 2 2 2 2 2 2 2 2 2 2 2 2 2 2 2 2 2 2 2 2 2 2 2 2
left_child=5 -2 3 4 -3 6 7 8 -1 10 11 12 16 -13 -11 -14 -8 19 -19 20 22 23 28 24 26 -26 -22 -23 -16 -30
right_child=1 2 -4 -5 -6 -7 9 -9 -10 14 -12 13 15 -15 17 -17 -18 18 -20 -21 21 27 -24 -25 25 -27 -28 -29 29 -31
leaf_value=0.0018687392461646682 -0.030374267253894149 0.019784210157939297 0.060571303353338782 0.025105961317879386 -0.014343865912481851 0.003962834273096013 -0.0011871813529383166 0.0014346608241752351 -0.0064235580043916123 0.0010866281392880343 -0.00032062149943712273 -0.0024309434031133345 -7.7312183725922047e-06 -0.0001222438543434667 6.3220638596697035e-06 -0.0012223812203175323 0.00082755663921861458 0.00088642347731581763 -0.027798680179544226 0.019971504332933574 -7.5259561143669175e-05 0.0016219344167070597 0.0018903427964084307 0.00054493655858188646 -0.0059047047610927559 -0.00050152241907454125 -0.0070331121080923599 -0.013228045528613284 -0.0064172706169001456 -0.00088067461230505184
leaf_weight=29 30 151 299 159 31 246 32 141 25 149 37 26 51 27 1274 25 141 87 40 163 492 35 1214 1379 34 58 27 111 27 175
leaf_count=29 30 151 299 159 31 246 32 141 25 149 37 26 51 27 1274 25 141 87 40 163 492 35 1214 1379 34 58 27 111 27 175
internal_value=0.000443717 0.00202683 0.00230889 0.00106433 -0.000612022 0.000267946 0.000192414 0.00193878 -0.00116364 0.000131311 -0.00118824 -0.00050165 0.000304 -0.00422222 0.000216483 -0.00280519 0.00167816 0.000153215 -0.00196875 0.000207615 0.000129273 -0.000288254 0.000460795 -4.01807e-05 -0.00130065 -0.00550538 -0.000546154 -0.00364626 -0.00025457 -0.00252217
internal_weight=6715 670 640 341 182 6045 5799 195 54 5604 339 302 249 53 5265 76 173 5116 127 4989 4826 2136 2690 1990 611 92 519 146 1476 202
internal_count=6715 670 640 341 182 6045 5799 195 54 5604 339 302 249 53 5265 76 173 5116 127 4989 4826 2136 2690 1990 611 92 519 146 1476 202
is_linear=0
shrinkage=0.04


Tree=192
num_leaves=31
num_cat=0
split_feature=0 17 11 9 17 16 1 17 0 17 12 0 2 7 9 0 1 5 16 11 11 5 5 19 5 17 11 4 0 3
split_gain=1.10142 0.731788 0.894436 1.53511 0.771941 0.645977 0.801203 1.15661 0.700906 0.872277 0.500195 0.461124 0.433924 1.20455 1.51661 0.568707 0.607956 0.566736 0.593605 0.737339 0.759168 0.660092 0.526856 0.52258 0.431702 0.310205 0.308152 0.302684 0.34212 0.598971
threshold=14.850000000000003 0.37940952255126054 19.850000000000005 67.500000000000014 0.25881904510252091 27.500000000000004 13.750000000000002 0.12940952255126045 6.1500000000000012 -0.9159756150367534 46.500000000000007 12.450000000000001 9.9500000000000011 6.5437500000000011 60.500000000000007 10.65 10.15 6.0500000000000007 2382.5000000000005 18.950000000000003 15.750000000000002 10.450000000000001 15.15 -0.60785761079279388 8.6500000000000004 -0.37940952255126065 1.3500000000000003 7.4500000000000011 1.5500000000000003 3.7500000000000004
decision_type=2 2 2 2 2 2 2 2 2 2 2 2 2 2 2 2 2 2 2 2 2 2 2 2 2 2 2 2 2 2
left_child=5 2 3 4 -2 8 11 10 9 -1 -8 12 15 14 -14 16 -7 23 19 20 21 24 -21 -15 -19 -13 -3 28 29 -11
right_child=1 26 -4 -5 -6 6 7 -9 -10 27 -12 25 13 17 -16 -17 -18 18 -20 22 -22 -23 -24 -25 -26 -27 -28 -29 -30 -31
leaf_value=-0.0084097976427005474 0.052842381401038079 -0.017585886357321369 0.027319037852627404 -0.019628784938826926 -0.026871709451946609 8.4481300597780682e-05 -0.0026970633738900842 -0.01425851768190238 0.0066396623410659508 -0.0013492487769571262 0.0036458247685948759 -6.4915847149268091e-05 0.0054337240158223556 -0.0011569084870306672 -0.0066149233661391875 0.012141009173753077 -0.01003640058367657 6.5476788341958304e-05 -0.0063238190026905575 0.0072714243066852157 -0.013281397063678342 0.0038572899763891812 -0.016185814686666043 0.0064505303516355231 -0.003612412304862703 0.02769479296308849 0.066450545267458236 -0.0033175262137786266 0.0011823861733720688 0.0015861819018843878
leaf_weight=25 117 25 154 29 30 4170 28 51 432 27 60 43 25 39 49 102 35 35 25 127 43 53 25 110 28 120 275 34 374 25
leaf_count=25 117 25 154 29 30 4170 28 51 432 27 60 43 25 39 49 102 35 35 25 127 43 53 25 110 28 120 275 34 374 25
internal_value=0.000437761 0.00202853 0.000725076 -0.00122034 0.00045946 0.000272757 9.90522e-05 -0.00288571 0.00125054 0.000205761 -8.98875e-05 0.000182108 0.000111773 -0.000935714 -0.00565333 0.000247911 0.000175939 -0.000205761 -0.00111573 -0.000628205 -0.002525 -0.000820513 0.00135948 0.00184 -0.0035625 0.00226829 0.00345515 0.000607375 0.000899298 -0.00211321
internal_weight=6715 630 330 176 147 6085 5168 139 917 485 88 5029 4866 559 74 4307 4205 485 336 311 159 116 152 149 63 163 300 460 426 52
internal_count=6715 630 330 176 147 6085 5168 139 917 485 88 5029 4866 559 74 4307 4205 485 336 311 159 116 152 149 63 163 300 460 426 52
is_linear=0
shrinkage=0.04


Tree=193
num_leaves=31
num_cat=0
split_feature=0 17 11 16 4 10 3 7 7 0 1 12 3 5 10 5 4 4 3 4 4 11 3 12 11 4 10 16 8 3
split_gain=1.01538 0.798396 0.994335 0.942269 0.810882 0.72074 0.862319 0.919384 0.837571 0.647724 0.620167 0.536795 0.717371 0.61769 0.467062 0.448872 0.527948 1.28322 0.41917 0.378045 1.10326 1.04312 1.18961 1.06441 1.43893 1.17275 1.04334 0.763873 0.768341 0.68367
threshold=14.850000000000003 0.37940952255126054 19.850000000000005 322.50000000000006 9.2500000000000018 10.550000000000002 11.65 9.2979166666666675 12.531250000000002 14.050000000000002 14.350000000000003 89.500000000000014 6.9500000000000011 5.9500000000000011 10.250000000000002 2.8500000000000001 2.0500000000000003 3.4500000000000006 4.6500000000000012 3.3500000000000001 6.9500000000000011 5.8500000000000005 9.6500000000000004 64.500000000000014 6.6500000000000012 4.0500000000000007 3.0500000000000003 387.50000000000006 7.9500000000000011 6.0500000000000007
decision_type=2 2 2 2 2 2 2 2 2 2 2 2 2 2 2 2 2 2 2 2 2 2 2 2 2 2 2 2 2 2
left_child=5 2 3 4 -2 9 11 -8 -9 14 -11 15 13 -13 19 16 -7 -18 -16 -1 21 22 -21 26 -25 -26 27 -23 -29 -27
right_child=1 -3 -4 -5 -6 6 7 8 -10 10 -12 12 -14 -15 18 -17 17 -19 -20 20 -22 23 -24 24 25 29 -28 28 -30 -31
leaf_value=0.0001510829209926615 -0.026039590939067676 0.057574936326897301 0.026226276338522283 -0.021557036640247565 0.035530202665311379 0.0036418578333789211 0.0074450222609245198 -0.012650708307806426 0.00030061287536003393 0.010174376010900502 -0.017756737264753127 0.00037557223800744385 0.0027084687411927637 -0.019492164521891155 -0.0066134988642862977 0.0027901490145061363 -0.0081173730865543876 0.0064412296846399295 -0.00016217053296563772 0.00044052914352117454 0.00029735639732762455 -0.0045447788509443048 -0.0073666372834103799 -0.0018012298144638053 -0.0068778265576538199 0.0004453340490108592 0.0012607344620084678 -0.00012633064923013788 -0.0056503037385381497 -0.0045485875853178391
leaf_weight=1380 49 300 154 35 92 30 40 26 25 30 29 40 43 35 35 875 37 46 46 644 1874 33 43 47 41 105 202 277 46 56
leaf_count=1380 49 300 154 35 92 30 40 26 25 30 29 40 43 35 35 875 37 46 46 644 1874 33 43 47 41 105 202 277 46 56
internal_value=0.000437761 0.00196513 0.00060423 -0.00144633 2.81692e-05 0.00027933 0.0011586 -0.00256522 -0.00607692 6.38169e-05 -0.00406667 0.00146703 -0.00107563 -0.00342105 0.000115114 0.00177149 -0.000596491 -0.0022381 -0.00287805 0.000166772 -6.17392e-05 -0.000872241 0.000273256 -0.00184653 -0.004016 -0.00252217 -0.000872987 -0.00217367 -0.0015679 -0.000962963
internal_weight=6715 630 330 176 141 6085 1197 91 51 4888 59 1106 118 75 4829 988 113 83 81 4748 3368 1494 687 807 249 202 558 356 323 161
internal_count=6715 630 330 176 141 6085 1197 91 51 4888 59 1106 118 75 4829 988 113 83 81 4748 3368 1494 687 807 249 202 558 356 323 161
is_linear=0
shrinkage=0.04


Tree=194
num_leaves=31
num_cat=0
split_feature=0 18 18 10 8 6 16 8 7 7 16 14 17 14 15 3 3 5 3 6 7 9 16 11 8 10 20 18 14 5
split_gain=1.00169 0.679472 0.812479 0.940566 0.796913 0.873072 1.85726 0.74075 0.714742 1.62915 0.810601 1.20431 1.01382 0.769577 0.672789 0.892044 0.596945 0.579497 0.682881 0.566052 0.896399 1.19891 0.580765 0.838003 1.40513 0.549786 0.674707 0.531455 0.823611 0.755761
threshold=30.850000000000005 -0.98296291314453399 1.0000000180025095e-35 2.3500000000000001 4.3500000000000005 2.9333333333333296 47.500000000000007 23.550000000000004 6.4937500000000012 6.1479166666666671 1722.5000000000002 166.50000000000003 0.12940952255126045 195.50000000000003 1.0000000180025095e-35 1.9500000000000002 0.8500000000000002 6.8500000000000005 5.1500000000000012 4.2916666666666652 4.7062500000000007 61.500000000000007 497.50000000000006 20.550000000000004 8.5500000000000025 1.3500000000000003 -0.22252093395631442 0.91597561503675351 320.50000000000006 6.7500000000000009
decision_type=2 2 2 2 2 2 2 2 2 2 2 2 2 2 2 2 2 2 2 2 2 2 2 2 2 2 2 2 2 2
left_child=1 -1 7 8 5 14 -7 -3 9 10 11 -4 13 -13 16 -16 -5 -8 -19 -6 21 -21 -22 24 -24 26 -15 -10 -29 -30
right_child=-2 2 3 4 19 6 17 -9 27 -11 -12 12 -14 25 15 -17 -18 18 -20 20 22 -23 23 -25 -26 -27 -28 28 29 -31
leaf_value=0.0027652221846115551 0.35240410965107549 -3.3317092597658165e-05 0.0013716306548603174 -0.00020365749833166534 0.0073875040693243636 -0.0044020180345511715 0.00046639370465840748 -0.012536481752860153 0.00075095769137335376 -0.0016657594136721794 0.0005405705665462345 -0.0048024499715661551 -0.0027214223191924531 -0.0021059818694058063 -0.0042537218361344909 0.00043659502804696429 0.0013239357708391673 -0.0021364541647263973 0.0014410941975352165 -0.01071796527510338 0.0073209082363320027 0.0012300263437252956 0.001221366740189078 0.015517281376233615 -0.025597889513496185 0.00046131770812297566 0.002120305168289773 0.00019259843441738031 -0.02519909547931324 -0.001176118769176995
leaf_weight=283 126 2935 131 50 325 41 159 48 393 35 179 39 42 43 31 27 371 25 25 49 779 136 42 37 27 42 49 194 25 27
leaf_count=283 126 2935 131 50 325 41 159 48 393 35 179 39 42 43 31 27 371 25 25 49 779 136 42 37 27 42 49 194 25 27
internal_value=0.000449673 0.000381791 0.000295545 0.000725632 0.00123106 0.000158904 -0.00175299 -0.000183646 -0.00017 -0.00121212 -0.000646388 -0.00177522 -0.00361111 -0.00222988 0.00115833 -0.00284746 0.00171564 -0.000209524 -0.00392157 0.00179083 0.00134454 -0.0011828 0.00187359 -0.000897196 -0.00348571 -0.00077037 -0.00249462 0.00074375 -0.00071255 -0.00513208
internal_weight=6715 6589 6306 3323 2124 729 250 2983 1199 560 525 346 215 173 479 58 421 209 50 1395 1070 185 885 106 69 134 92 639 246 52
internal_count=6715 6589 6306 3323 2124 729 250 2983 1199 560 525 346 215 173 479 58 421 209 50 1395 1070 185 885 106 69 134 92 639 246 52
is_linear=0
shrinkage=0.04


Tree=195
num_leaves=31
num_cat=0
split_feature=8 17 0 20 1 12 17 1 14 14 5 0 8 4 17 1 4 7 8 9 14 0 11 6 0 16 13 5 13 5
split_gain=1.00484 1.23874 0.787377 0.996252 1.09937 0.666678 0.501021 0.470255 0.656256 1.10454 0.676951 0.484813 0.796154 0.927358 0.677333 1.82441 0.925104 0.978313 1.23841 1.25998 0.851183 0.824928 1.10466 1.13084 0.889565 0.760099 0.693297 0.816488 0.674846 0.800156
threshold=15.950000000000001 0.37940952255126054 30.850000000000005 -0.22252093395631442 19.050000000000004 19.500000000000004 -0.25881904510252113 13.65 131.50000000000003 173.50000000000003 9.0500000000000025 2.8500000000000001 0.95000000000000007 0.95000000000000007 0.25881904510252091 1.7500000000000002 4.6500000000000012 3.1020833333333337 2.7500000000000004 65.500000000000014 170.50000000000003 1.7500000000000002 2.8500000000000001 2.1499999999999972 1.5500000000000003 1952.5000000000002 5.4500000000000011 1.1500000000000001 6.3500000000000005 2.8500000000000001
decision_type=2 2 2 2 2 2 2 2 2 2 2 2 2 2 2 2 2 2 2 2 2 2 2 2 2 2 2 2 2 2
left_child=5 2 3 4 6 -1 -2 11 -9 -10 -11 12 -7 -14 21 -16 17 18 19 -17 -19 22 23 24 -15 -24 27 -23 -28 -30
right_child=1 -3 -4 -5 -6 7 -8 8 9 10 -12 -13 13 14 15 16 -18 20 -20 -21 -22 26 25 -25 -26 -27 28 -29 29 -31
leaf_value=0.0012306343909633032 -0.0028225575060280379 0.041089225071341627 0.29692430237942286 0.0054812749872185304 -0.047881186401415345 0.00022324322759523094 0.029252631077881258 0.0065342843175098669 -0.023529970397503378 0.021258168245483305 -0.010988344369859206 0.00032934982831133033 0.0026435219478437911 -0.0042421528441445797 0.0013900508752182101 -0.0010707983752646581 -0.0057350044482170895 -0.0015789600537053894 0.000464384930516291 -0.0048614632718904831 0.0010500664662089138 -0.0030083073140543056 3.9533621146187209e-05 0.00064202494749489097 -0.00021981806503067324 -0.001175307343266798 -0.0017396628116241851 0.00079139303832531378 0.0018549462176517815 -0.0012496215655820198
leaf_weight=213 34 338 75 202 35 150 33 44 31 28 51 4182 80 42 71 27 43 28 26 28 58 33 223 28 25 30 34 328 73 103
leaf_count=213 34 338 75 202 35 150 33 44 31 28 51 4182 80 42 71 27 43 28 26 28 58 33 223 28 25 30 34 328 73 103
internal_value=0.000463491 0.00187744 0.000305263 -0.000603279 -0.00380583 0.000293646 -0.000764706 0.000212242 -0.00196129 -0.0036036 -0.00105 0.000272225 -0.000363382 -0.000686963 -0.000965862 -0.00268085 -0.00454976 -0.00316667 -0.00629268 -0.00964286 -0.000183908 -0.00043913 -0.00197135 -0.005625 -0.00841176 -0.000582677 0.000496504 0.00155801 -0.00132701 -0.000316384
internal_weight=6696 717 379 304 102 5979 67 5766 154 110 79 5612 1430 1280 1200 281 210 167 81 55 86 919 348 95 67 253 571 361 210 176
internal_count=6696 717 379 304 102 5979 67 5766 154 110 79 5612 1430 1280 1200 281 210 167 81 55 86 919 348 95 67 253 571 361 210 176
is_linear=0
shrinkage=0.04


Tree=196
num_leaves=31
num_cat=0
split_feature=0 10 12 0 8 0 11 8 12 2 10 8 6 11 11 7 16 2 16 14 20 2 11 8 10 0 0 18 18 11
split_gain=0.870864 0.609815 0.587336 0.629295 0.507151 0.474178 0.684039 0.432074 0.423151 0.381602 0.401891 0.43082 0.771584 1.35818 1.01242 0.538655 0.602996 0.739124 1.23027 0.598393 0.508051 0.503836 0.470472 0.467763 0.322756 0.322232 0.758237 0.658578 0.528492 0.922569
threshold=23.250000000000004 10.450000000000001 19.500000000000004 1.6500000000000001 0.95000000000000007 1.1500000000000001 4.5500000000000007 1.2500000000000002 20.500000000000004 18.350000000000005 25.250000000000004 13.950000000000001 8.0583333333333353 18.150000000000002 2.7500000000000004 4.8229166666666679 17.500000000000004 3.9500000000000006 47.500000000000007 195.50000000000003 -0.56174490092936669 9.9500000000000011 -0.44999999999999996 12.050000000000002 13.350000000000003 14.850000000000003 14.15 0.91597561503675351 -0.70710678118654757 16.750000000000004
decision_type=2 2 2 2 2 2 2 2 2 2 2 2 2 2 2 2 2 2 2 2 2 2 2 2 2 2 2 2 2 2
left_child=1 2 3 -1 -4 6 -6 -8 -7 10 11 12 15 14 20 16 -3 22 19 -19 21 -14 -18 -22 -11 26 -10 28 29 -27
right_child=-2 9 4 -5 5 8 7 -9 25 24 -12 -13 13 -15 -16 -17 17 18 -20 -21 23 -23 -24 -25 -26 27 -28 -29 -30 -31
leaf_value=-0.00088433439592149586 0.12464341491488619 0.011340381490014942 0.00021431349849142177 0.0028180504262156729 -0.0027173852414778704 -0.0013380820321412152 0.00074635515909975429 -0.00055604594040363519 4.8584389565397689e-05 0.01323399864302119 -0.0072443601408382135 0.019667843453236307 -0.0046491633071724017 -0.0085375354704240007 0.0086492842482862355 0.0069517050108237654 -0.0074668479914622903 0.00099103822351766365 -0.0079824853417404147 -0.0018639241372147559 0.0024987369845121542 -0.00016055161453807799 0.0019361553635666008 -0.00525439357612333 -0.037773922872496549 0.034551169411294679 -0.0071809110366724913 -0.090914794777369384 0.033420845829708667 -0.029442399669585381
leaf_weight=26 171 67 150 197 41 33 46 30 4293 26 34 250 28 42 125 404 33 86 34 38 60 25 91 29 25 47 43 29 160 33
leaf_count=26 171 67 150 197 41 33 46 30 4293 26 34 250 28 42 125 404 33 86 34 38 60 25 91 29 25 47 43 29 160 33
internal_value=0.000469464 0.000395342 0.00019341 0.00219643 0.000101916 2.94366e-05 -0.00247458 -0.000207792 9.31237e-05 0.00113591 0.00126503 0.001377 0.00102352 -0.000658064 0.000402985 0.00171353 0.00056 -0.000254417 -0.00206289 -0.000192 -0.0019021 -0.00496296 0.002048 -4.44443e-05 -0.00223077 0.000125923 4.24258e-05 0.00146667 0.00215768 -0.000493827
internal_weight=6696 6525 5128 223 4905 4755 117 76 4638 1397 1346 1312 1062 309 267 753 349 282 158 124 142 53 124 89 51 4605 4336 269 240 80
internal_count=6696 6525 5128 223 4905 4755 117 76 4638 1397 1346 1312 1062 309 267 753 349 282 158 124 142 53 124 89 51 4605 4336 269 240 80
is_linear=0
shrinkage=0.04


Tree=197
num_leaves=31
num_cat=0
split_feature=0 10 11 3 0 1 2 1 19 3 13 20 7 16 2 16 11 13 4 1 1 10 4 9 9 12 18 18 4 19
split_gain=0.872379 0.609813 0.562791 0.500175 0.637961 0.722134 0.487663 0.975067 1.28006 1.47414 0.867983 1.11796 0.509731 0.488775 0.581751 0.692335 0.547505 0.483656 0.477222 0.456894 0.479859 0.412721 0.437157 0.59303 0.637101 1.01767 2.00797 0.82142 1.24028 0.91998
threshold=31.850000000000005 10.450000000000001 33.550000000000004 31.850000000000005 14.850000000000003 14.850000000000003 7.8500000000000005 9.4500000000000011 1.0000000180025095e-35 7.8500000000000005 4.1500000000000012 1.0000000180025095e-35 4.4895833333333348 17.500000000000004 3.9500000000000006 47.500000000000007 -0.44999999999999996 0.55000000000000016 0.95000000000000007 6.0500000000000007 5.1500000000000012 0.25000000000000006 6.6500000000000012 110.50000000000001 85.500000000000014 45.500000000000007 -0.60355339059327384 0.60355339059327384 4.2500000000000009 0.6078576107927941
decision_type=2 2 2 2 2 2 2 2 2 2 2 2 2 2 2 2 2 2 2 2 2 2 2 2 2 2 2 2 2 2
left_child=1 2 3 4 5 18 12 8 9 -8 -9 -12 13 -3 16 19 -15 -14 -1 20 -16 -20 23 24 25 26 -23 29 -29 -28
right_child=-2 6 -4 -5 -6 -7 7 10 -10 -11 11 -13 17 14 15 -17 -18 -19 21 -21 -22 22 -24 -25 -26 -27 27 28 -30 -31
leaf_value=0.0011632939667654723 0.34029539481854892 0.010693925433010105 0.0036683466687546314 -0.061835089658871543 0.023239083966019529 -0.0081075346686624271 -0.017648083712609654 0.007630045127694462 0.0024915432278482396 -0.0005410755156380762 -0.014444642619869033 0.0096903206366815309 -0.00086929044980632413 -0.0098552943593599902 0.0018452972452511168 -0.0089108469825524925 0.001241464917722095 0.0067935159804712684 -0.0083370595309472176 0.00067665237911929989 -0.00092597878268439379 -0.006332029929697303 0.0002585723291291483 -0.0022660565405435307 0.0008592978133504835 -4.4470437215806622e-05 0.0031432452830078496 0.0008530693873203465 -0.011117472217308766 -0.00093167642363699678
leaf_weight=161 111 55 82 25 297 44 26 432 68 36 49 45 46 29 29 32 85 409 33 40 32 35 1924 39 375 1970 74 41 33 39
leaf_count=161 111 55 82 25 297 44 26 432 68 36 49 45 46 29 29 32 85 409 33 40 32 35 1924 39 375 1970 74 41 33 39
internal_value=0.000463491 0.000403887 0.000202591 0.000149283 0.000177655 6.54227e-05 0.00114003 0.000340944 -0.00274809 -0.00685714 0.00110816 -0.00235789 0.00183113 0.000554456 -0.000209677 -0.002 0.00187826 0.00267544 0.000113439 -0.000352941 -0.00251613 3.76864e-05 7.06247e-05 -0.000266973 -0.000191589 -0.000452348 -0.00301345 -0.00134043 -0.00458667 0.000807018
internal_weight=6696 6585 5172 5090 5065 4768 1413 656 130 62 526 94 757 302 247 133 114 455 4724 101 61 4563 4530 2606 2567 2192 222 187 74 113
internal_count=6696 6585 5172 5090 5065 4768 1413 656 130 62 526 94 757 302 247 133 114 455 4724 101 61 4563 4530 2606 2567 2192 222 187 74 113
is_linear=0
shrinkage=0.04


Tree=198
num_leaves=31
num_cat=0
split_feature=0 17 0 4 18 3 17 20 12 4 1 7 8 7 7 11 4 12 11 17 16 5 5 19 18 17 5 2 1 0
split_gain=0.881342 0.67885 0.877593 0.83283 0.98125 1.61441 0.772794 0.850739 0.725987 0.721189 0.790835 1.38992 0.698316 0.68137 1.13183 1.12645 0.774906 0.849989 0.838575 0.646005 1.13988 0.607455 0.923389 0.904057 0.66026 0.986842 1.6213 0.56782 0.613278 0.555082
threshold=31.850000000000005 -0.25881904510252113 11.950000000000001 7.4500000000000011 -0.9159756150367534 11.65 -0.37940952255126065 0.81174490092936691 82.500000000000014 18.450000000000003 10.850000000000003 6.6312500000000005 12.250000000000002 3.1020833333333337 3.0520833333333344 -0.24999999999999997 2.0500000000000003 80.500000000000014 -1.4499999999999997 0.91597561503675362 127.50000000000001 8.9500000000000011 11.950000000000001 -0.8783796973249266 -0.3794095225512602 -0.5 16.450000000000003 10.15 9.6500000000000004 9.3500000000000032
decision_type=2 2 2 2 2 2 2 2 2 2 2 2 2 2 2 2 2 2 2 2 2 2 2 2 2 2 2 2 2 2
left_child=1 6 9 4 5 -4 21 -8 -6 10 13 -12 -13 14 15 16 17 -3 -19 -17 -21 -1 23 -23 25 26 -24 -15 -29 -25
right_child=-2 2 3 -5 8 -7 7 -9 -10 -11 11 12 -14 27 -16 19 -18 18 -20 20 -22 22 24 29 -26 -27 -28 28 -30 -31
leaf_value=0.00014324572960208474 0.32668357902580686 0.0015863950708521293 0.036425444654228444 0.030567077635200345 0.026299835002607252 -0.050111284440002644 -0.0099480787031000582 -0.017436841563719357 -0.016673547404504364 -0.0031053897853480371 -0.0092603259785034291 0.0025904083384117906 -0.0015719773849993985 0.00066823849969597875 -0.0050070531119166374 0.0013874528613775892 -0.0028860493277957917 0.00011214048328569268 -0.0019988458758194885 0.0002998623996642517 -0.00061530566600427226 0.010775687437458723 0.00039432337815171721 -0.0008727335274501054 0.0018127463174814134 0.0052589460355141242 -0.016391078798315296 0.0038271633112805319 -0.0019109998741079146 -0.0049353669316203304
leaf_weight=1924 111 36 28 419 140 29 241 42 58 47 27 57 44 2295 29 313 50 47 27 57 28 28 55 143 136 60 35 62 47 81
leaf_count=1924 111 36 28 419 140 29 241 42 58 47 27 57 44 2295 29 313 50 47 27 57 28 28 55 143 136 60 35 62 47 81
internal_value=0.000445573 0.000385667 0.000728977 0.00203852 0.000234375 -0.00434483 -9.4683e-05 -0.00207042 0.00156784 0.000449637 0.000524359 -0.00254264 -0.000352941 0.000656417 -0.000564626 -0.000157424 -0.00298137 -0.00108108 -0.00352 0.000982456 -0.00209302 0.000133171 -0.0010538 -0.00281423 0.000501742 -0.0013245 -0.00395604 0.000954678 -0.00185455 -0.00366222
internal_weight=6696 6585 3840 674 255 57 2745 283 198 3166 3119 128 101 2991 587 558 160 110 74 398 85 2462 538 252 286 150 90 2404 109 224
internal_count=6696 6585 3840 674 255 57 2745 283 198 3166 3119 128 101 2991 587 558 160 110 74 398 85 2462 538 252 286 150 90 2404 109 224
is_linear=0
shrinkage=0.04


Tree=199
num_leaves=31
num_cat=0
split_feature=0 17 17 14 18 5 7 10 0 20 12 7 12 0 16 14 0 16 8 7 3 6 8 19 17 3 3 16 18 12
split_gain=0.987804 0.817419 1.16558 0.571499 0.711 0.505533 0.56357 0.433188 0.501992 0.485203 0.516614 0.417095 0.389828 0.930752 0.515712 1.05807 0.611613 1.11708 0.411785 0.370356 0.658626 0.58855 0.563826 0.787393 0.545115 0.524223 0.911906 1.41948 0.586181 0.574644
threshold=14.65 0.37940952255126054 0.25881904510252091 268.50000000000006 -0.12940952255126037 7.4500000000000011 10.185416666666669 16.450000000000003 14.15 -0.22252093395631442 87.500000000000014 18.614583333333339 19.500000000000004 1.6500000000000001 1927.5000000000002 150.50000000000003 2.1500000000000008 2192.5000000000005 0.95000000000000007 3.2625000000000006 1.1500000000000001 5.0666666666666638 1.4500000000000002 -1.0000000180025095e-35 0.98296291314453421 3.4500000000000006 3.7500000000000004 497.50000000000006 0.78656609248549303 72.500000000000014
decision_type=2 2 2 2 2 2 2 2 2 2 2 2 2 2 2 2 2 2 2 2 2 2 2 2 2 2 2 2 2 2
left_child=7 2 3 5 -5 6 -2 8 11 10 -9 12 13 -1 18 -16 17 -17 -14 20 -20 22 23 -22 -24 28 27 29 -21 -27
right_child=1 -3 -4 4 -6 -7 -8 9 -10 -11 -12 -13 14 -15 15 16 -18 -19 19 25 21 -23 24 -25 -26 26 -28 -29 -30 -31
leaf_value=-0.00088962228093469821 0.036313851492719866 0.047773965008364609 -0.023817889411521489 -0.0188659647664585 0.015007860359653718 0.027099404734697723 -0.029080763939991316 0.00361628278137895 -0.0040300129305539494 0.0084633731786641058 -0.0068104794958983982 0.023166461506787771 0.00017393102646602821 0.0020519592610569056 -0.0019983994613084351 -0.0012003241519200818 0.00065237456164587862 0.00072670445094213227 0.00038151713612678535 0.00021081894464488574 -0.0043562704108189975 -0.013496199020129156 -2.0529204448483784e-05 2.6799889555840368e-05 -0.00033907234732206694 0.0062559366678047188 0.00016987564755679876 -0.0050706446137874306 0.0033026158491267174 -0.00090434685766826019
leaf_weight=26 33 305 41 38 43 177 26 73 45 146 34 49 147 187 47 25 157 30 155 627 26 36 733 36 34 46 3065 25 234 50
leaf_count=26 33 305 41 38 43 177 26 73 45 146 34 49 147 187 47 25 157 30 155 627 26 36 733 36 34 46 3065 25 234 50
internal_value=0.00048141 0.00194578 0.00064624 0.0014717 -0.00141463 0.00246414 -0.000733333 0.000320186 0.000249092 0.00193701 -0.000111111 0.000282427 0.000250396 0.00192523 0.000184874 -0.00155385 -0.000338028 -0.00392857 0.000271525 0.000210734 -0.000470127 -0.000900693 -0.000679518 -0.00431746 -0.000380208 0.000382411 0.000145592 -0.0032459 0.00125754 -0.000989691
internal_weight=6696 663 358 317 81 236 59 6033 5780 253 107 5735 5686 213 5473 259 212 55 5214 5067 1020 865 829 62 767 4047 3186 121 861 96
internal_count=6696 663 358 317 81 236 59 6033 5780 253 107 5735 5686 213 5473 259 212 55 5214 5067 1020 865 829 62 767 4047 3186 121 861 96
is_linear=0
shrinkage=0.04


end of trees

feature_importances:
pm2_5=744
pm2_5_lag1=525
hour_sin=508
temp_c=407
pm10=397
wind_kmh=303
no2=295
hour_cos=286
pm2_5_lag24=275
rh_pct=268
wind_dir=264
pm2_5_mean24=244
pm2_5_lag12=239
pm2_5_lag3=226
boundary_layer_m=222
pm2_5_lag6=208
o3=200
pm2_5_mean6=173
dow_cos=90
precip_mm=63
dow_sin=63

parameters:
[boosting: gbdt]
[objective: quantile]
[metric: quantile]
[tree_learner: serial]
[device_type: cpu]
[data_sample_strategy: bagging]
[data: ]
[valid: ]
[num_iterations: 200]
[learning_rate: 0.04]
[num_leaves: 31]
[num_threads: 0]
[seed: 7]
[deterministic: 0]
[force_col_wise: 0]
[force_row_wise: 0]
[histogram_pool_size: -1]
[max_depth: -1]
[min_data_in_leaf: 25]
[min_sum_hessian_in_leaf: 0.001]
[bagging_fraction: 0.85]
[pos_bagging_fraction: 1]
[neg_bagging_fraction: 1]
[bagging_freq: 5]
[bagging_seed: 17422]
[bagging_by_query: 0]
[feature_fraction: 0.85]
[feature_fraction_bynode: 1]
[feature_fraction_seed: 7040]
[extra_trees: 0]
[extra_seed: 6516]
[early_stopping_round: 0]
[early_stopping_min_delta: 0]
[first_metric_only: 0]
[max_delta_step: 0]
[lambda_l1: 0]
[lambda_l2: 1]
[linear_lambda: 0]
[min_gain_to_split: 0]
[drop_rate: 0.1]
[max_drop: 50]
[skip_drop: 0.5]
[xgboost_dart_mode: 0]
[uniform_drop: 0]
[drop_seed: 15215]
[top_rate: 0.2]
[other_rate: 0.1]
[min_data_per_group: 100]
[max_cat_threshold: 32]
[cat_l2: 10]
[cat_smooth: 10]
[max_cat_to_onehot: 4]
[top_k: 20]
[monotone_constraints: ]
[monotone_constraints_method: basic]
[monotone_penalty: 0]
[feature_contri: ]
[forcedsplits_filename: ]
[refit_decay_rate: 0.9]
[cegb_tradeoff: 1]
[cegb_penalty_split: 0]
[cegb_penalty_feature_lazy: ]
[cegb_penalty_feature_coupled: ]
[path_smooth: 0]
[interaction_constraints: ]
[verbosity: -1]
[saved_feature_importance_type: 0]
[use_quantized_grad: 0]
[num_grad_quant_bins: 4]
[quant_train_renew_leaf: 0]
[stochastic_rounding: 1]
[linear_tree: 0]
[max_bin: 255]
[max_bin_by_feature: ]
[min_data_in_bin: 3]
[bin_construct_sample_cnt: 200000]
[data_random_seed: 61]
[is_enable_sparse: 1]
[enable_bundle: 1]
[use_missing: 1]
[zero_as_missing: 0]
[feature_pre_filter: 1]
[pre_partition: 0]
[two_round: 0]
[header: 0]
[label_column: ]
[weight_column: ]
[group_column: ]
[ignore_column: ]
[categorical_feature: ]
[forcedbins_filename: ]
[precise_float_parser: 0]
[parser_config_file: ]
[objective_seed: 15521]
[num_class: 1]
[is_unbalance: 0]
[scale_pos_weight: 1]
[sigmoid: 1]
[boost_from_average: 1]
[reg_sqrt: 0]
[alpha: 0.1]
[fair_c: 1]
[poisson_max_delta_step: 0.7]
[tweedie_variance_power: 1.5]
[lambdarank_truncation_level: 30]
[lambdarank_norm: 1]
[label_gain: ]
[lambdarank_position_bias_regularization: 0]
[eval_at: ]
[multi_error_top_k: 1]
[auc_mu_weights: ]
[num_machines: 1]
[local_listen_port: 12400]
[time_out: 120]
[machine_list_filename: ]
[machines: ]
[gpu_platform_id: -1]
[gpu_device_id: -1]
[gpu_use_dp: 0]
[num_gpu: 1]

end of parameters

pandas_categorical:[]
