{
  "h1": {
    "n_train": 1234,
    "n_test": 309,
    "q10_pinball": 0.15486268879061793,
    "q50_pinball": 0.33635622512352203,
    "q50_mae": 0.6727124502470441,
    "q90_pinball": 0.29217916080860173,
    "baseline_persistence_mae": 0.6566343042071198
  },
  "h3": {
    "n_train": 1232,
    "n_test": 309,
    "q10_pinball": 0.35873867673506293,
    "q50_pinball": 0.8155070558821632,
    "q50_mae": 1.6310141117643264,
    "q90_pinball": 0.5412282568251511,
    "baseline_persistence_mae": 1.7025889967637537
  },
  "h6": {
    "n_train": 1230,
    "n_test": 308,
    "q10_pinball": 0.5341589138895615,
    "q50_pinball": 1.1325632237473942,
    "q50_mae": 2.2651264474947883,
    "q90_pinball": 0.8003333412649535,
    "baseline_persistence_mae": 2.8483766233766232
  },
  "h12": {
    "n_train": 1225,
    "n_test": 307,
    "q10_pinball": 0.7258552670366087,
    "q50_pinball": 1.5980891235627863,
    "q50_mae": 3.1961782471255726,
    "q90_pinball": 1.0616570027499836,
    "baseline_persistence_mae": 4.057654723127035
  },
  "h24": {
    "n_train": 1216,
    "n_test": 304,
    "q10_pinball": 0.7932044766807174,
    "q50_pinball": 1.9097893100746803,
    "q50_mae": 3.8195786201493607,
    "q90_pinball": 1.4239714802340537,
    "baseline_persistence_mae": 3.633223684210526
  },
  "h36": {
    "n_train": 1206,
    "n_test": 302,
    "q10_pinball": 0.7670004954851837,
    "q50_pinball": 1.950532108780108,
    "q50_mae": 3.901064217560216,
    "q90_pinball": 1.2056407970572764,
    "baseline_persistence_mae": 4.18543046357616
  },
  "h48": {
    "n_train": 1196,
    "n_test": 300,
    "q10_pinball": 0.5525939299563305,
    "q50_pinball": 1.6600483497455507,
    "q50_mae": 3.3200966994911014,
    "q90_pinball": 1.5214746055793678,
    "baseline_persistence_mae": 3.920666666666667
  }
}